owner,method,signature,demangled,raw,source,line,kind,confidence
BattleBoy,BattleBoy,(),BattleBoy::BattleBoy(),,cw_symbols.demangled,1,constructor,high
BattleRecord,ReadFrom,(TStream*),BattleRecord::ReadFrom(TStream*),,cw_symbols.demangled,2,method,high
BestFitBlock,BestFitBlock,"(int, int, long)","BestFitBlock::BestFitBlock(int, int, long)",,cw_symbols.demangled,3,constructor,high
BestFitHeap,RemoveFromFreeBlocks,(BestFitBlock*),BestFitHeap::RemoveFromFreeBlocks(BestFitBlock*),,cw_symbols.demangled,4,method,high
BestFitHeap,AddToFreeBlocks,(BestFitBlock*),BestFitHeap::AddToFreeBlocks(BestFitBlock*),,cw_symbols.demangled,5,method,high
BestFitHeap,BestFitHeap,"(unsigned long, unsigned long)","BestFitHeap::BestFitHeap(unsigned long, unsigned long)",,cw_symbols.demangled,6,constructor,high
BestFitHeap,BytesFree,() const,BestFitHeap::BytesFree() const,,cw_symbols.demangled,7,method,high
BestFitHeap,Check,() const,BestFitHeap::Check() const,,cw_symbols.demangled,8,method,high
BestFitHeap,Coalesce,(BestFitBlock*),BestFitHeap::Coalesce(BestFitBlock*),,cw_symbols.demangled,9,method,high
BestFitHeap,CompilerCheck,(),BestFitHeap::CompilerCheck(),,cw_symbols.demangled,10,method,high
BestFitHeap,CreateNewSegment,(unsigned long),BestFitHeap::CreateNewSegment(unsigned long),,cw_symbols.demangled,11,method,high
BestFitHeap,DeleteSegments,(),BestFitHeap::DeleteSegments(),,cw_symbols.demangled,12,method,high
BestFitHeap,DoAllocate,"(unsigned long, unsigned long&)","BestFitHeap::DoAllocate(unsigned long, unsigned long&)",,cw_symbols.demangled,13,method,high
BestFitHeap,DoBlockSize,(const void*) const,BestFitHeap::DoBlockSize(const void*) const,,cw_symbols.demangled,14,method,high
BestFitHeap,DoFree,(void*),BestFitHeap::DoFree(void*),,cw_symbols.demangled,15,method,high
BestFitHeap,DoReset,(),BestFitHeap::DoReset(),,cw_symbols.demangled,16,method,high
BestFitHeap,ExpandHeap,"(unsigned long, unsigned long)","BestFitHeap::ExpandHeap(unsigned long, unsigned long)",,cw_symbols.demangled,17,method,high
BestFitHeap,GrowHeap,(unsigned long),BestFitHeap::GrowHeap(unsigned long),,cw_symbols.demangled,18,method,high
BestFitHeap,HeapSize,() const,BestFitHeap::HeapSize() const,,cw_symbols.demangled,19,method,high
BestFitHeap,IBestFitHeap,"(void, 8)","BestFitHeap::IBestFitHeap(void, 8)",,cw_symbols.demangled,20,constructor,high
BestFitHeap,IsMyBlock,(void*) const,BestFitHeap::IsMyBlock(void*) const,,cw_symbols.demangled,21,method,high
BestFitHeap,Print,(char*) const,BestFitHeap::Print(char*) const,,cw_symbols.demangled,22,method,high
BestFitHeap,SearchFreeBlocks,(unsigned long),BestFitHeap::SearchFreeBlocks(unsigned long),,cw_symbols.demangled,23,method,high
CAdornerIterator,~CAdornerIterator,(),CAdornerIterator::~CAdornerIterator(),,cw_symbols.demangled,24,destructor,high
CAdornerIterator,FirstAdorner,(),CAdornerIterator::FirstAdorner(),,cw_symbols.demangled,25,method,high
CArrayIterator,AppendToList,(CArrayIterator*),CArrayIterator::AppendToList(CArrayIterator*),,cw_symbols.demangled,26,method,high
CArrayIterator,Advance,(),CArrayIterator::Advance(),,cw_symbols.demangled,27,method,high
CArrayIterator,CallCleanup,(void*),CArrayIterator::CallCleanup(void*),,cw_symbols.demangled,28,method,high
CArrayIterator,~CArrayIterator,(),CArrayIterator::~CArrayIterator(),,cw_symbols.demangled,29,destructor,high
CArrayIterator,Cleanup,(),CArrayIterator::Cleanup(),,cw_symbols.demangled,30,method,high
CArrayIterator,DeleteElementAt,"(long, long)","CArrayIterator::DeleteElementAt(long, long)",,cw_symbols.demangled,31,method,high
CArrayIterator,InsertElementBefore,"(long, long)","CArrayIterator::InsertElementBefore(long, long)",,cw_symbols.demangled,32,method,high
CArrayIterator,More,(),CArrayIterator::More(),,cw_symbols.demangled,33,method,high
CArrayIterator,RemoveFromList,(),CArrayIterator::RemoveFromList(),,cw_symbols.demangled,34,method,high
CBaseClassIterator,GetNextBaseClass,"(const ClassDesc*, unsigned char)","CBaseClassIterator::GetNextBaseClass(const ClassDesc*, unsigned char)",,cw_symbols.demangled,35,method,high
CBaseClassIterator,Advance,(),CBaseClassIterator::Advance(),,cw_symbols.demangled,36,method,high
CBaseClassIterator,~CBaseClassIterator,(),CBaseClassIterator::~CBaseClassIterator(),,cw_symbols.demangled,37,destructor,high
CBehaviorIterator,Advance,(),CBehaviorIterator::Advance(),,cw_symbols.demangled,38,method,high
CBehaviorIterator,More,(),CBehaviorIterator::More(),,cw_symbols.demangled,39,method,high
CBehaviorIterator,Reset,(),CBehaviorIterator::Reset(),,cw_symbols.demangled,40,method,high
CCellIterator,Advance,(),CCellIterator::Advance(),,cw_symbols.demangled,41,method,high
CCellIterator,FirstCell,(),CCellIterator::FirstCell(),,cw_symbols.demangled,42,method,high
CCellIterator,More,(),CCellIterator::More(),,cw_symbols.demangled,43,method,high
CCellIterator,NextCell,(),CCellIterator::NextCell(),,cw_symbols.demangled,44,method,high
CCellIterator,Reset,(),CCellIterator::Reset(),,cw_symbols.demangled,45,method,high
CClassIterator,Advance,(),CClassIterator::Advance(),,cw_symbols.demangled,46,method,high
CClassIterator,~CClassIterator,(),CClassIterator::~CClassIterator(),,cw_symbols.demangled,47,destructor,high
CClassIterator,CurrentClassDesc,(),CClassIterator::CurrentClassDesc(),,cw_symbols.demangled,48,method,high
CClassIterator,FirstClassDesc,(),CClassIterator::FirstClassDesc(),,cw_symbols.demangled,49,method,high
CClassIterator,More,(),CClassIterator::More(),,cw_symbols.demangled,50,method,high
CClassListIterator,Advance,(),CClassListIterator::Advance(),,cw_symbols.demangled,51,method,high
CClassListIterator,~CClassListIterator,(),CClassListIterator::~CClassListIterator(),,cw_symbols.demangled,52,destructor,high
CColumnIterator,IColumnIterator,"(TGridView*, short, short, unsigned char)","CColumnIterator::IColumnIterator(TGridView*, short, short, unsigned char)",,cw_symbols.demangled,53,method,high
CColumnIterator,Advance,(),CColumnIterator::Advance(),,cw_symbols.demangled,54,method,high
CColumnIterator,FirstColumn,(),CColumnIterator::FirstColumn(),,cw_symbols.demangled,55,method,high
CColumnIterator,NextColumn,(),CColumnIterator::NextColumn(),,cw_symbols.demangled,56,method,high
CColumnIterator,Reset,(),CColumnIterator::Reset(),,cw_symbols.demangled,57,method,high
CDependencyIterator,FirstObject,(),CDependencyIterator::FirstObject(),,cw_symbols.demangled,58,method,high
CDependencyIterator,Reset,(),CDependencyIterator::Reset(),,cw_symbols.demangled,59,method,high
CDependentIterator,~CDependentIterator,(),CDependentIterator::~CDependentIterator(),,cw_symbols.demangled,60,destructor,high
CDependentIterator,FirstDependent,(),CDependentIterator::FirstDependent(),,cw_symbols.demangled,61,method,high
CDocumentIterator,~CDocumentIterator,(),CDocumentIterator::~CDocumentIterator(),,cw_symbols.demangled,62,destructor,high
CDocumentIterator,FirstDocument,(),CDocumentIterator::FirstDocument(),,cw_symbols.demangled,63,method,high
CEventListIterator,Advance,(),CEventListIterator::Advance(),,cw_symbols.demangled,64,method,high
CEventListIterator,More,(),CEventListIterator::More(),,cw_symbols.demangled,65,method,high
CHandleIterator,~CHandleIterator,(),CHandleIterator::~CHandleIterator(),,cw_symbols.demangled,66,destructor,high
CHandleIterator,CurrentHandle,(),CHandleIterator::CurrentHandle(),,cw_symbols.demangled,67,method,high
CHandleIterator,FirstHandle,(),CHandleIterator::FirstHandle(),,cw_symbols.demangled,68,method,high
CHandleIterator,NextHandle,(),CHandleIterator::NextHandle(),,cw_symbols.demangled,69,method,high
CHandlerIterator,Advance,(),CHandlerIterator::Advance(),,cw_symbols.demangled,70,method,high
CHandlerIterator,More,(),CHandlerIterator::More(),,cw_symbols.demangled,71,method,high
CHandlerIterator,Reset,(),CHandlerIterator::Reset(),,cw_symbols.demangled,72,method,high
Chunk,Chunk,"(short, unsigned int, unsigned long)","Chunk::Chunk(short, unsigned int, unsigned long)",,cw_symbols.demangled,73,constructor,high
ChunkyBlock,ChunkyBlock,(),ChunkyBlock::ChunkyBlock(),,cw_symbols.demangled,74,constructor,high
ChunkyBlock,ChunkyBlock,"(unsigned int, unsigned int)","ChunkyBlock::ChunkyBlock(unsigned int, unsigned int)",,cw_symbols.demangled,75,constructor,high
ChunkyBlock,GetChunk,(unsigned long),ChunkyBlock::GetChunk(unsigned long),,cw_symbols.demangled,76,method,high
ChunkyBlock,SetBusy,"(unsigned long, unsigned char)","ChunkyBlock::SetBusy(unsigned long, unsigned char)",,cw_symbols.demangled,77,method,high
ChunkyBlockStack,~ChunkyBlockStack,(),ChunkyBlockStack::~ChunkyBlockStack(),,cw_symbols.demangled,78,destructor,high
ChunkyBlockStack,ChunkyBlockStack,(),ChunkyBlockStack::ChunkyBlockStack(),,cw_symbols.demangled,79,constructor,high
ChunkyBlockStack,Push,(ChunkyBlock*),ChunkyBlockStack::Push(ChunkyBlock*),,cw_symbols.demangled,80,method,high
ChunkyBlockStack,RemoveRange,"(void*, void*)","ChunkyBlockStack::RemoveRange(void*, void*)",,cw_symbols.demangled,81,method,high
ChunkyBlockStack,Top,(),ChunkyBlockStack::Top(),,cw_symbols.demangled,82,method,high
CIterator,More,(),CIterator::More(),,cw_symbols.demangled,83,method,high
CIterator,Reset,(),CIterator::Reset(),,cw_symbols.demangled,84,method,high
ClassDesc,GetClassDescFromClassName,(const CStr255&),ClassDesc::GetClassDescFromClassName(const CStr255&),,cw_symbols.demangled,85,method,high
ClassDesc,AddSubClass,(const ClassDesc*) const,ClassDesc::AddSubClass(const ClassDesc*) const,,cw_symbols.demangled,86,method,high
ClassDesc,AssignNewClassID,(),ClassDesc::AssignNewClassID(),,cw_symbols.demangled,87,method,high
ClassDesc,Call_DefaultConstructor,() const,ClassDesc::Call_DefaultConstructor() const,,cw_symbols.demangled,88,method,high
ClassDesc,ClassDesc,"(const char*, unsigned long, void* (*)(void))","ClassDesc::ClassDesc(const char*, unsigned long, void* (*)(void))",,cw_symbols.demangled,89,constructor,high
ClassDesc,DescendsFrom,"(const ClassDesc*, unsigned char) const","ClassDesc::DescendsFrom(const ClassDesc*, unsigned char) const",,cw_symbols.demangled,90,method,high
ClassDesc,GetBaseClass,(long) const,ClassDesc::GetBaseClass(long) const,,cw_symbols.demangled,91,method,high
ClassDesc,GetClassID,() const,ClassDesc::GetClassID() const,,cw_symbols.demangled,92,method,high
ClassDesc,GetClassName,() const,ClassDesc::GetClassName() const,,cw_symbols.demangled,93,method,high
ClassDesc,GetClassSize,() const,ClassDesc::GetClassSize() const,,cw_symbols.demangled,94,method,high
ClassDesc,GetNextClassDesc,() const,ClassDesc::GetNextClassDesc() const,,cw_symbols.demangled,95,method,high
ClassDesc,InitUClassDesc,(),ClassDesc::InitUClassDesc(),,cw_symbols.demangled,96,method,high
ClassDesc,IsValidClassID,(short),ClassDesc::IsValidClassID(short),,cw_symbols.demangled,97,method,high
ClassDescList,At,(long) const,ClassDescList::At(long) const,,cw_symbols.demangled,98,method,high
ClassDescList,~ClassDescList,(),ClassDescList::~ClassDescList(),,cw_symbols.demangled,99,destructor,high
ClassDescList,ClassDescList,(long),ClassDescList::ClassDescList(long),,cw_symbols.demangled,100,constructor,high
ClassDescList,GetSize,(),ClassDescList::GetSize(),,cw_symbols.demangled,101,method,high
ClassDescList,Insert,(const ClassDesc*),ClassDescList::Insert(const ClassDesc*),,cw_symbols.demangled,102,method,high
ClassDescList,Pop,(),ClassDescList::Pop(),,cw_symbols.demangled,103,method,high
ClassDescList,Push,(const ClassDesc*),ClassDescList::Push(const ClassDesc*),,cw_symbols.demangled,104,method,high
ClassDesc,NewByClassID,(short),ClassDesc::NewByClassID(short),,cw_symbols.demangled,105,method,high
ClassDesc,SetClassID,(short),ClassDesc::SetClassID(short),,cw_symbols.demangled,106,method,high
CLongintIterator,~CLongintIterator,(),CLongintIterator::~CLongintIterator(),,cw_symbols.demangled,107,destructor,high
CLongintIterator,FirstLong,(),CLongintIterator::FirstLong(),,cw_symbols.demangled,108,method,high
CLongintIterator,NextLong,(),CLongintIterator::NextLong(),,cw_symbols.demangled,109,method,high
CMenuIterator,Advance,(),CMenuIterator::Advance(),,cw_symbols.demangled,110,method,high
CMenuIterator,~CMenuIterator,(),CMenuIterator::~CMenuIterator(),,cw_symbols.demangled,111,destructor,high
CMenuIterator,CMenuIterator,(),CMenuIterator::CMenuIterator(),,cw_symbols.demangled,112,constructor,high
CMenuIterator,CurrentMenu,(),CMenuIterator::CurrentMenu(),,cw_symbols.demangled,113,method,high
CMenuIterator,FirstMenu,(),CMenuIterator::FirstMenu(),,cw_symbols.demangled,114,method,high
CMenuIterator,NextMenu,(),CMenuIterator::NextMenu(),,cw_symbols.demangled,115,method,high
CNotifierIterator,~CNotifierIterator,(),CNotifierIterator::~CNotifierIterator(),,cw_symbols.demangled,116,destructor,high
CNotifierIterator,FirstNotifier,(),CNotifierIterator::FirstNotifier(),,cw_symbols.demangled,117,method,high
CObjectIterator,FirstObject,(),CObjectIterator::FirstObject(),,cw_symbols.demangled,118,method,high
CObjectIterator,NextObject,(),CObjectIterator::NextObject(),,cw_symbols.demangled,119,method,high
CompiledBitmap,Blit,(unsigned char*),CompiledBitmap::Blit(unsigned char*),,cw_symbols.demangled,120,method,high
CompiledBitmap,~CompiledBitmap,(),CompiledBitmap::~CompiledBitmap(),,cw_symbols.demangled,121,destructor,high
CompiledBitmap,CompiledBitmap,(),CompiledBitmap::CompiledBitmap(),,cw_symbols.demangled,122,constructor,high
CompiledBitmap,Compile,"(short, short, short, int, unsigned char)","CompiledBitmap::Compile(short, short, short, int, unsigned char)",,cw_symbols.demangled,123,method,high
CPoint,CPoint,(),CPoint::CPoint(),,cw_symbols.demangled,124,constructor,high
CPoint,operator char*,() const,CPoint::operator char*() const,,cw_symbols.demangled,125,method,high
CPoint,operator-=,(const CPoint&),CPoint::operator-=(const CPoint&),,cw_symbols.demangled,126,method,high
CPoint,operator!=,(const CPoint&) const,CPoint::operator!=(const CPoint&) const,,cw_symbols.demangled,127,method,high
CPoint,operator+,(const CPoint&) const,CPoint::operator+(const CPoint&) const,,cw_symbols.demangled,128,method,high
CPoint,operator-,(const CPoint&) const,CPoint::operator-(const CPoint&) const,,cw_symbols.demangled,129,method,high
CPoint,operator Point*,(),CPoint::operator Point*(),,cw_symbols.demangled,130,method,high
CPoint,operator Point,() const,CPoint::operator Point() const,,cw_symbols.demangled,131,method,high
CPoint,operator[],(signed char),CPoint::operator[](signed char),,cw_symbols.demangled,132,method,high
CPtrIterator,~CPtrIterator,(),CPtrIterator::~CPtrIterator(),,cw_symbols.demangled,133,destructor,high
CPtrIterator,FirstPtr,(),CPtrIterator::FirstPtr(),,cw_symbols.demangled,134,method,high
CPtrIterator,NextPtr,(),CPtrIterator::NextPtr(),,cw_symbols.demangled,135,method,high
CRect,Contains,(const CPoint&) const,CRect::Contains(const CPoint&) const,,cw_symbols.demangled,136,method,high
CRect,CRect,(),CRect::CRect(),,cw_symbols.demangled,137,constructor,high
CRect,Empty,() const,CRect::Empty() const,,cw_symbols.demangled,138,method,high
CRect,GetSize,() const,CRect::GetSize() const,,cw_symbols.demangled,139,method,high
CRect,Inset,(const CPoint&),CRect::Inset(const CPoint&),,cw_symbols.demangled,140,method,high
CRect,operator+=,(const CPoint&),CRect::operator+=(const CPoint&),,cw_symbols.demangled,141,method,high
CRect,operator-=,(const CPoint&),CRect::operator-=(const CPoint&),,cw_symbols.demangled,142,method,high
CRect,operator+,(const CPoint&) const,CRect::operator+(const CPoint&) const,,cw_symbols.demangled,143,method,high
CRect,operator==,(const CRect&) const,CRect::operator==(const CRect&) const,,cw_symbols.demangled,144,method,high
CRect,operator const Rect*,() const,CRect::operator const Rect*() const,,cw_symbols.demangled,145,method,high
CRect,operator[],(PointSelector),CRect::operator[](PointSelector),,cw_symbols.demangled,146,method,high
CRect,operator Rect*,(),CRect::operator Rect*(),,cw_symbols.demangled,147,method,high
CRGBColor,operator!=,(const CRGBColor&) const,CRGBColor::operator!=(const CRGBColor&) const,,cw_symbols.demangled,148,method,high
CRGBColor,operator==,(const CRGBColor&) const,CRGBColor::operator==(const CRGBColor&) const,,cw_symbols.demangled,149,method,high
CRGBColor,operator const RGBColor*,() const,CRGBColor::operator const RGBColor*() const,,cw_symbols.demangled,150,method,high
CRGBColor,operator RGBColor,(),CRGBColor::operator RGBColor(),,cw_symbols.demangled,151,method,high
CRGBColor,operator RGBColor*,(),CRGBColor::operator RGBColor*(),,cw_symbols.demangled,152,method,high
CRowIterator,FirstRow,(),CRowIterator::FirstRow(),,cw_symbols.demangled,153,method,high
CRowIterator,More,(),CRowIterator::More(),,cw_symbols.demangled,154,method,high
CRowIterator,Reset,(),CRowIterator::Reset(),,cw_symbols.demangled,155,method,high
CSetupMenus,CSetupMenus,(),CSetupMenus::CSetupMenus(),,cw_symbols.demangled,156,constructor,high
CSetupMenus,EndMenuSetup,(),CSetupMenus::EndMenuSetup(),,cw_symbols.demangled,157,method,high
CStr255,CStr255,(),CStr255::CStr255(),,cw_symbols.demangled,158,constructor,high
CStr255,CStr255,(const char*),CStr255::CStr255(const char*),,cw_symbols.demangled,159,constructor,high
CStr255,CStr255,(long),CStr255::CStr255(long),,cw_symbols.demangled,160,constructor,high
CStr255,operator+=,"(char, 8)","CStr255::operator+=(char, 8)",,cw_symbols.demangled,161,method,high
CStr255,operator+=,(const char*),CStr255::operator+=(const char*),,cw_symbols.demangled,162,method,high
CStr255,operator=,(const char*),CStr255::operator=(const char*),,cw_symbols.demangled,163,method,high
CStr255,operator+=,(const CString&),CStr255::operator+=(const CString&),,cw_symbols.demangled,164,method,high
CStr31,operator+=,(char),CStr31::operator+=(char),,cw_symbols.demangled,165,method,high
CStr32,CStr32,(),CStr32::CStr32(),,cw_symbols.demangled,166,constructor,high
CStr32,CStr32,(const char*),CStr32::CStr32(const char*),,cw_symbols.demangled,167,constructor,high
CStr32,operator+=,(char),CStr32::operator+=(char),,cw_symbols.demangled,168,method,high
CStr32,operator+=,(const char*),CStr32::operator+=(const char*),,cw_symbols.demangled,169,method,high
CStr63,CStr63,(),CStr63::CStr63(),,cw_symbols.demangled,170,constructor,high
CStr63,CStr63,(const char*),CStr63::CStr63(const char*),,cw_symbols.demangled,171,constructor,high
CStr63,operator+=,(const char*),CStr63::operator+=(const char*),,cw_symbols.demangled,172,method,high
CString,Delete,"(short, short)","CString::Delete(short, short)",,cw_symbols.demangled,173,method,high
CString,InsertHelper,"(const char*, short, short)","CString::InsertHelper(const char*, short, short)",,cw_symbols.demangled,174,method,high
CString,operator char*,() const,CString::operator char*() const,,cw_symbols.demangled,175,method,high
CString,Pos,"(const char*, unsigned char)","CString::Pos(const char*, unsigned char)",,cw_symbols.demangled,176,method,high
CString,Pos,"(const CString&, unsigned char)","CString::Pos(const CString&, unsigned char)",,cw_symbols.demangled,177,method,high
CSubViewIterator,~CSubViewIterator,(),CSubViewIterator::~CSubViewIterator(),,cw_symbols.demangled,178,destructor,high
CSubViewIterator,FirstSubView,(),CSubViewIterator::FirstSubView(),,cw_symbols.demangled,179,method,high
CTemporaryRegion,CallCleanup,(void*),CTemporaryRegion::CallCleanup(void*),,cw_symbols.demangled,180,method,high
CTemporaryRegion,~CTemporaryRegion,(),CTemporaryRegion::~CTemporaryRegion(),,cw_symbols.demangled,181,destructor,high
CTemporaryRegion,CTemporaryRegion,(),CTemporaryRegion::CTemporaryRegion(),,cw_symbols.demangled,182,constructor,high
CTemporaryRegion,operator delete,(void*),CTemporaryRegion::operator delete(void*),,cw_symbols.demangled,183,method,high
CWhileFocused,Focus,(),CWhileFocused::Focus(),,cw_symbols.demangled,184,method,high
CWhileFocused,Restore,(),CWhileFocused::Restore(),,cw_symbols.demangled,185,method,high
CWindowIterator,FirstWindow,(),CWindowIterator::FirstWindow(),,cw_symbols.demangled,186,method,high
CWindowIterator,NextWindow,(),CWindowIterator::NextWindow(),,cw_symbols.demangled,187,method,high
CWMgrIterator,Advance,(),CWMgrIterator::Advance(),,cw_symbols.demangled,188,method,high
CWMgrIterator,CWMgrIterator,(),CWMgrIterator::CWMgrIterator(),,cw_symbols.demangled,189,constructor,high
CWMgrIterator,CWMgrIterator,(unsigned char),CWMgrIterator::CWMgrIterator(unsigned char),,cw_symbols.demangled,190,constructor,high
CWMgrIterator,FirstWindow,(),CWMgrIterator::FirstWindow(),,cw_symbols.demangled,191,method,high
CWMgrIterator,More,(),CWMgrIterator::More(),,cw_symbols.demangled,192,method,high
CWMgrIterator,NextWindow,(GrafPort*),CWMgrIterator::NextWindow(GrafPort*),,cw_symbols.demangled,193,method,high
CWMgrIterator,PreviousWindow,(GrafPort*),CWMgrIterator::PreviousWindow(GrafPort*),,cw_symbols.demangled,194,method,high
CWMgrIterator,Reset,(),CWMgrIterator::Reset(),,cw_symbols.demangled,195,method,high
DataHunkMessage,ReadData,(void*) const,DataHunkMessage::ReadData(void*) const,,cw_symbols.demangled,196,method,high
DataHunkMessage,Release,(),DataHunkMessage::Release(),,cw_symbols.demangled,197,method,high
DynamicCode,align,(),DynamicCode::align(),,cw_symbols.demangled,198,method,high
DynamicCode,assem,(unsigned char),DynamicCode::assem(unsigned char),,cw_symbols.demangled,199,method,high
FreeBlockTree,GetSuccessorBlk,(BestFitBlock*),FreeBlockTree::GetSuccessorBlk(BestFitBlock*),,cw_symbols.demangled,200,method,high
FreeBlockTree,PrintTreeHelper,"(BestFitBlock*, int) const","FreeBlockTree::PrintTreeHelper(BestFitBlock*, int) const",,cw_symbols.demangled,201,method,high
FreeBlockTree,SearchForBlock,"(unsigned long, void*, BestFitBlock**)","FreeBlockTree::SearchForBlock(unsigned long, void*, BestFitBlock**)",,cw_symbols.demangled,202,method,high
FreeBlockTree,TreeInfoHelper,"(BestFitBlock*, unsigned long&, unsigned long&) const","FreeBlockTree::TreeInfoHelper(BestFitBlock*, unsigned long&, unsigned long&) const",,cw_symbols.demangled,203,method,high
FreeBlockTree,CheckTree,() const,FreeBlockTree::CheckTree() const,,cw_symbols.demangled,204,method,high
FreeBlockTree,FreeBlockTree,(),FreeBlockTree::FreeBlockTree(),,cw_symbols.demangled,205,constructor,high
FreeBlockTree,TreeInfo,"(unsigned long&, unsigned long&) const","FreeBlockTree::TreeInfo(unsigned long&, unsigned long&) const",,cw_symbols.demangled,206,method,high
MemoryHeap,AllocateRawMemory,(unsigned long),MemoryHeap::AllocateRawMemory(unsigned long),,cw_symbols.demangled,207,method,high
MemoryHeap,BytesAllocated,() const,MemoryHeap::BytesAllocated() const,,cw_symbols.demangled,208,method,high
MemoryHeap,CallDidAllocateHooks,"(void*, unsigned long)","MemoryHeap::CallDidAllocateHooks(void*, unsigned long)",,cw_symbols.demangled,209,method,high
MemoryHeap,DoReallocate,"(void*, unsigned long, unsigned long&)","MemoryHeap::DoReallocate(void*, unsigned long, unsigned long&)",,cw_symbols.demangled,210,method,high
MemoryHeap,FreeRawMemory,(void*),MemoryHeap::FreeRawMemory(void*),,cw_symbols.demangled,211,method,high
MemoryHeap,Free,(void*),MemoryHeap::Free(void*),,cw_symbols.demangled,212,method,high
MemoryHeap,GetAutoValidation,() const,MemoryHeap::GetAutoValidation() const,,cw_symbols.demangled,213,method,high
MemoryHeap,GetDescription,() const,MemoryHeap::GetDescription() const,,cw_symbols.demangled,214,method,high
MemoryHeap,GetNextHeap,() const,MemoryHeap::GetNextHeap() const,,cw_symbols.demangled,215,method,high
MemoryHeap,InstallHook,(MemoryHook*),MemoryHeap::InstallHook(MemoryHook*),,cw_symbols.demangled,216,method,high
MemoryHeap,IsValidBlock,(void*) const,MemoryHeap::IsValidBlock(void*) const,,cw_symbols.demangled,217,method,high
MemoryHeap,~MemoryHeap,(),MemoryHeap::~MemoryHeap(),,cw_symbols.demangled,218,destructor,high
MemoryHeap,NumberAllocatedBlocks,() const,MemoryHeap::NumberAllocatedBlocks() const,,cw_symbols.demangled,219,method,high
MemoryHeap,operator new,(unsigned long),MemoryHeap::operator new(unsigned long),,cw_symbols.demangled,220,method,high
MemoryHeap,RemoveHook,(MemoryHook*),MemoryHeap::RemoveHook(MemoryHook*),,cw_symbols.demangled,221,method,high
MemoryHeap,SetAutoValidation,(unsigned char),MemoryHeap::SetAutoValidation(unsigned char),,cw_symbols.demangled,222,method,high
MemoryHeap,SetDescription,(const char*),MemoryHeap::SetDescription(const char*),,cw_symbols.demangled,223,method,high
MemoryHeap,SetZapOnAllocate,(unsigned char),MemoryHeap::SetZapOnAllocate(unsigned char),,cw_symbols.demangled,224,method,high
MemoryHook,AboutToAllocate,(unsigned long),MemoryHook::AboutToAllocate(unsigned long),,cw_symbols.demangled,225,method,high
MemoryHook,AboutToFree,(void*),MemoryHook::AboutToFree(void*),,cw_symbols.demangled,226,method,high
MemoryHook,AboutToReset,(),MemoryHook::AboutToReset(),,cw_symbols.demangled,227,method,high
MemoryHook,DidAllocate,"(void*, unsigned long)","MemoryHook::DidAllocate(void*, unsigned long)",,cw_symbols.demangled,228,method,high
MemoryHookList,First,(),MemoryHookList::First(),,cw_symbols.demangled,229,method,high
MemoryHookList,Last,(),MemoryHookList::Last(),,cw_symbols.demangled,230,method,high
MemoryHookList,~MemoryHookList,(),MemoryHookList::~MemoryHookList(),,cw_symbols.demangled,231,destructor,high
MemoryHookList,MemoryHookList,(),MemoryHookList::MemoryHookList(),,cw_symbols.demangled,232,constructor,high
MemoryHookList,Next,(),MemoryHookList::Next(),,cw_symbols.demangled,233,method,high
MemoryHookList,Previous,(),MemoryHookList::Previous(),,cw_symbols.demangled,234,method,high
MemoryHookList,Remove,(MemoryHook*),MemoryHookList::Remove(MemoryHook*),,cw_symbols.demangled,235,method,high
MemoryHook,~MemoryHook,(),MemoryHook::~MemoryHook(),,cw_symbols.demangled,236,destructor,high
MemoryHook,MemoryHook,(),MemoryHook::MemoryHook(),,cw_symbols.demangled,237,constructor,high
NetMessage,DestinateToGP,(int),NetMessage::DestinateToGP(int),,cw_symbols.demangled,238,method,high
NetMessage,DestinateTo,(int),NetMessage::DestinateTo(int),,cw_symbols.demangled,239,method,high
ObjectHeap,AllocateBlock,(unsigned int),ObjectHeap::AllocateBlock(unsigned int),,cw_symbols.demangled,240,method,high
ObjectHeap,CompilerCheck,(),ObjectHeap::CompilerCheck(),,cw_symbols.demangled,241,method,high
ObjectHeap,CreateNewChunk,(unsigned int),ObjectHeap::CreateNewChunk(unsigned int),,cw_symbols.demangled,242,method,high
ObjectHeap,DoAllocate,"(unsigned long, unsigned long&)","ObjectHeap::DoAllocate(unsigned long, unsigned long&)",,cw_symbols.demangled,243,method,high
ObjectHeap,DoBlockSize,(const void*) const,ObjectHeap::DoBlockSize(const void*) const,,cw_symbols.demangled,244,method,high
ObjectHeap,DoFree,(void*),ObjectHeap::DoFree(void*),,cw_symbols.demangled,245,method,high
ObjectHeap,DoIsValidBlock,(void*) const,ObjectHeap::DoIsValidBlock(void*) const,,cw_symbols.demangled,246,method,high
ObjectHeap,DoReset,(),ObjectHeap::DoReset(),,cw_symbols.demangled,247,method,high
ObjectHeap,FreeBlock,(ChunkyBlock*),ObjectHeap::FreeBlock(ChunkyBlock*),,cw_symbols.demangled,248,method,high
ObjectHeap,IObjectHeap,(),ObjectHeap::IObjectHeap(),,cw_symbols.demangled,249,constructor,high
ObjectHeap,~ObjectHeap,(),ObjectHeap::~ObjectHeap(),,cw_symbols.demangled,250,destructor,high
ObjectHeap,ObjectHeap,"(const unsigned long*, unsigned long, unsigned long, short)","ObjectHeap::ObjectHeap(const unsigned long*, unsigned long, unsigned long, short)",,cw_symbols.demangled,251,constructor,high
ObjectHeap,ObjectHeap,"(unsigned long, unsigned long, short)","ObjectHeap::ObjectHeap(unsigned long, unsigned long, short)",,cw_symbols.demangled,252,constructor,high
ObjectHeap,SizeIndex,(unsigned long),ObjectHeap::SizeIndex(unsigned long),,cw_symbols.demangled,253,method,high
PatchGetNextEvent,Install,"(unsigned char (*)(short, EventRecord*))","PatchGetNextEvent::Install(unsigned char (*)(short, EventRecord*))",,cw_symbols.demangled,254,method,high
PatchGetNextEvent,CallInherited,"(short, EventRecord*)","PatchGetNextEvent::CallInherited(short, EventRecord*)",,cw_symbols.demangled,255,method,high
PatchInitCursor,CallInherited,(),PatchInitCursor::CallInherited(),,cw_symbols.demangled,256,method,high
PatchInitCursor,Install,(void (*)(void)),PatchInitCursor::Install(void (*)(void)),,cw_symbols.demangled,257,method,high
PatchSetCCursor,Install,(void (*)(CCrsr**)),PatchSetCCursor::Install(void (*)(CCrsr**)),,cw_symbols.demangled,258,method,high
PatchSetCursor,CallInherited,(const Cursor*),PatchSetCursor::CallInherited(const Cursor*),,cw_symbols.demangled,259,method,high
PatchSetCursor,Install,(void (*)(const Cursor*)),PatchSetCursor::Install(void (*)(const Cursor*)),,cw_symbols.demangled,260,method,high
PatchStillDown,Install,(unsigned char (*)(void)),PatchStillDown::Install(unsigned char (*)(void)),,cw_symbols.demangled,261,method,high
PatchWaitMouseUp,Install,(unsigned char (*)(void)),PatchWaitMouseUp::Install(unsigned char (*)(void)),,cw_symbols.demangled,262,method,high
PhaseDataMessage,CheckSync,(),PhaseDataMessage::CheckSync(),,cw_symbols.demangled,263,method,high
Province,GetIndex,() const,Province::GetIndex() const,,cw_symbols.demangled,264,method,high
stretch<char>,Add,(char),stretch<char>::Add(char),,cw_symbols.demangled,266,method,high
stretch<Seapoint>,operator[],(unsigned int),stretch<Seapoint>::operator[](unsigned int),,cw_symbols.demangled,268,method,high
stretch<Seapoint>,OverStretch,(unsigned int),stretch<Seapoint>::OverStretch(unsigned int),,cw_symbols.demangled,269,method,high
stretch<Seapoint>,~stretch,(),stretch<Seapoint>::~stretch(),,cw_symbols.demangled,270,destructor,high
stretch<SeaSegment>,OverStretch,(unsigned int),stretch<SeaSegment>::OverStretch(unsigned int),,cw_symbols.demangled,271,method,high
stretch<short>,Add,(short),stretch<short>::Add(short),,cw_symbols.demangled,272,method,high
stretch<short>,stretch,(int),stretch<short>::stretch(int),,cw_symbols.demangled,273,method,high
T2PictToggleButton,_DefaultConstructor,(),T2PictToggleButton::_DefaultConstructor(),,cw_symbols.demangled,279,constructor,high
T2PictToggleButton,GetClassDescStatic,(),T2PictToggleButton::GetClassDescStatic(),,cw_symbols.demangled,280,classdesc,high
T2PictToggleButton,IsSelected,(),T2PictToggleButton::IsSelected(),,cw_symbols.demangled,281,method,high
T2PictToggleButton,T2PictToggleButton,(),T2PictToggleButton::T2PictToggleButton(),,cw_symbols.demangled,282,constructor,high
T2PictureButton,_DefaultConstructor,(),T2PictureButton::_DefaultConstructor(),,cw_symbols.demangled,283,constructor,high
T2PictureButton,GetClassDescStatic,(),T2PictureButton::GetClassDescStatic(),,cw_symbols.demangled,284,classdesc,high
T2PictureButton,SetAvailability,"(unsigned char, unsigned char)","T2PictureButton::SetAvailability(unsigned char, unsigned char)",,cw_symbols.demangled,285,method,high
TAboutBoxCommand,DoIt,(),TAboutBoxCommand::DoIt(),,cw_symbols.demangled,286,method,high
TAboutBoxCommand,GetClassDescDynamic,() const,TAboutBoxCommand::GetClassDescDynamic() const,,cw_symbols.demangled,287,classdesc,high
TAboutBoxCommand,IAboutBoxCommand,(long),TAboutBoxCommand::IAboutBoxCommand(long),,cw_symbols.demangled,288,method,high
TAboutBoxCommand,TAboutBoxCommand,(),TAboutBoxCommand::TAboutBoxCommand(),,cw_symbols.demangled,289,constructor,high
TAdmiral,EstimateStrengthRating,"(const TTaskForce*, short) const","TAdmiral::EstimateStrengthRating(const TTaskForce*, short) const",,cw_symbols.demangled,290,method,high
TAdmiral,AssignToShip,(TShip*),TAdmiral::AssignToShip(TShip*),,cw_symbols.demangled,291,method,high
TAdmiral,_DefaultConstructor,(),TAdmiral::_DefaultConstructor(),,cw_symbols.demangled,292,constructor,high
TAdmiral,EstimateEnemyForces,"(short*, const TZone*, short) const","TAdmiral::EstimateEnemyForces(short*, const TZone*, short) const",,cw_symbols.demangled,293,method,high
TAdmiral,FreeAll,(),TAdmiral::FreeAll(),,cw_symbols.demangled,294,method,high
TAdmiral,IsSeniorTo,(const TAdmiral*) const,TAdmiral::IsSeniorTo(const TAdmiral*) const,,cw_symbols.demangled,295,method,high
TAdmiral,NameThyself,(),TAdmiral::NameThyself(),,cw_symbols.demangled,296,method,high
TAdmiral,ReadFrom,(TStream*),TAdmiral::ReadFrom(TStream*),,cw_symbols.demangled,297,method,high
TAdmiral,ReassignThyself,(),TAdmiral::ReassignThyself(),,cw_symbols.demangled,298,method,high
TAdmiral,Victory,(int),TAdmiral::Victory(int),,cw_symbols.demangled,299,method,high
TAdmiral,WriteTo,(TStream*),TAdmiral::WriteTo(TStream*),,cw_symbols.demangled,300,method,high
TAdorner,AddedToView,(TView*),TAdorner::AddedToView(TView*),,cw_symbols.demangled,301,method,high
TAdorner,_DefaultConstructor,(),TAdorner::_DefaultConstructor(),,cw_symbols.demangled,302,constructor,high
TAdorner,DoesAdorn,(TView*),TAdorner::DoesAdorn(TView*),,cw_symbols.demangled,303,method,high
TAdorner,Draw,"(TView*, const VRect&)","TAdorner::Draw(TView*, const VRect&)",,cw_symbols.demangled,304,method,high
TAdorner,GetClassDescDynamic,() const,TAdorner::GetClassDescDynamic() const,,cw_symbols.demangled,305,classdesc,high
TAdorner,IAdorner,"(unsigned long, unsigned char)","TAdorner::IAdorner(unsigned long, unsigned char)",,cw_symbols.demangled,306,method,high
TAdorner,InvalidateAdorner,(TView*),TAdorner::InvalidateAdorner(TView*),,cw_symbols.demangled,307,method,high
TAdornerList,AddAdorner,"(TAdorner*, char)","TAdornerList::AddAdorner(TAdorner*, char)",,cw_symbols.demangled,308,method,high
TAdornerList,AdornerAt,(long),TAdornerList::AdornerAt(long),,cw_symbols.demangled,309,method,high
TAdornerList,CompareElements,"(void*, void*)","TAdornerList::CompareElements(void*, void*)",,cw_symbols.demangled,310,method,high
TAdornerList,GetClassDescDynamic,() const,TAdornerList::GetClassDescDynamic() const,,cw_symbols.demangled,311,classdesc,high
TAdornerList,GetClassDescStatic,(),TAdornerList::GetClassDescStatic(),,cw_symbols.demangled,312,classdesc,high
TAdornerList,IAdornerList,(),TAdornerList::IAdornerList(),,cw_symbols.demangled,313,method,high
TAdornerList,PriorityAt,(long),TAdornerList::PriorityAt(long),,cw_symbols.demangled,314,method,high
TAdornerList,ReadFrom,(TStream*),TAdornerList::ReadFrom(TStream*),,cw_symbols.demangled,315,method,high
TAdornerList,TAdornerList,(),TAdornerList::TAdornerList(),,cw_symbols.demangled,316,constructor,high
TAdorner,RemovedFromView,(TView*),TAdorner::RemovedFromView(TView*),,cw_symbols.demangled,317,method,high
TAdorner,WriteTo,(TStream*),TAdorner::WriteTo(TStream*),,cw_symbols.demangled,318,method,high
TAlwaysPictureButton,GetClassDescDynamic,() const,TAlwaysPictureButton::GetClassDescDynamic() const,,cw_symbols.demangled,319,classdesc,high
TAlwaysPictureButton,HiliteState,"(unsigned char, unsigned char)","TAlwaysPictureButton::HiliteState(unsigned char, unsigned char)",,cw_symbols.demangled,320,method,high
TAlwaysPictureButton,TAlwaysPictureButton,(),TAlwaysPictureButton::TAlwaysPictureButton(),,cw_symbols.demangled,321,constructor,high
TAmbitApplication,DoKeyEvent,(TToolboxEvent*),TAmbitApplication::DoKeyEvent(TToolboxEvent*),,cw_symbols.demangled,322,method,high
TAmbitApplication,HandleCursor,"(CPoint, Region**)","TAmbitApplication::HandleCursor(CPoint, Region**)",,cw_symbols.demangled,323,method,high
TAmbitApplication,AboutToLoseControl,(unsigned char),TAmbitApplication::AboutToLoseControl(unsigned char),,cw_symbols.demangled,324,method,high
TAmbitApplication,_DefaultConstructor,(),TAmbitApplication::_DefaultConstructor(),,cw_symbols.demangled,325,constructor,high
TAmbitApplication,DoMenuCommand,(long),TAmbitApplication::DoMenuCommand(long),,cw_symbols.demangled,326,method,high
TAmbitApplication,Free,(),TAmbitApplication::Free(),,cw_symbols.demangled,327,method,high
TAmbitApplication,GetClassDescDynamic,() const,TAmbitApplication::GetClassDescDynamic() const,,cw_symbols.demangled,328,classdesc,high
TAmbitApplication,IAmbitApplication,(),TAmbitApplication::IAmbitApplication(),,cw_symbols.demangled,329,method,high
TAmbitApplication,PostQuitCommand,(),TAmbitApplication::PostQuitCommand(),,cw_symbols.demangled,330,method,high
TAmbitApplication,ReadFrom,(TStream*),TAmbitApplication::ReadFrom(TStream*),,cw_symbols.demangled,331,method,high
TAmbitApplication,WriteTo,(TStream*),TAmbitApplication::WriteTo(TStream*),,cw_symbols.demangled,332,method,high
TAmbitFileBasedDocument,_DefaultConstructor,(),TAmbitFileBasedDocument::_DefaultConstructor(),,cw_symbols.demangled,333,constructor,high
TAmbitFileBasedDocument,IAmbitDocument,"(TFile*, unsigned long)","TAmbitFileBasedDocument::IAmbitDocument(TFile*, unsigned long)",,cw_symbols.demangled,334,method,high
TAmbitFileBasedDocument,DoRead,"(TFile*, unsigned char)","TAmbitFileBasedDocument::DoRead(TFile*, unsigned char)",,cw_symbols.demangled,335,method,high
TAmtBar,DoMouseCommand,"(VPoint&, TToolboxEvent*, CPoint)","TAmtBar::DoMouseCommand(VPoint&, TToolboxEvent*, CPoint)",,cw_symbols.demangled,336,method,high
TAmtBar,AdjustForZero,"(short, short)","TAmtBar::AdjustForZero(short, short)",,cw_symbols.demangled,337,method,high
TAmtBarCluster,DoEvent,"(long, TEventHandler*, TEvent*)","TAmtBarCluster::DoEvent(long, TEventHandler*, TEvent*)",,cw_symbols.demangled,338,method,high
TAmtBarCluster,_DefaultConstructor,(),TAmtBarCluster::_DefaultConstructor(),,cw_symbols.demangled,339,constructor,high
TAmtBarCluster,DoPostCreate,(TDocument*),TAmtBarCluster::DoPostCreate(TDocument*),,cw_symbols.demangled,340,method,high
TAmtBarCluster,GetClassDescDynamic,() const,TAmtBarCluster::GetClassDescDynamic() const,,cw_symbols.demangled,341,classdesc,high
TAmtBarCluster,GetClassDescStatic,(),TAmtBarCluster::GetClassDescStatic(),,cw_symbols.demangled,342,classdesc,high
TAmtBarCluster,SetMoveAmount,(short),TAmtBarCluster::SetMoveAmount(short),,cw_symbols.demangled,343,method,high
TAmtBarCluster,TAmtBarCluster,(),TAmtBarCluster::TAmtBarCluster(),,cw_symbols.demangled,344,constructor,high
TAmtBar,_DefaultConstructor,(),TAmtBar::_DefaultConstructor(),,cw_symbols.demangled,345,constructor,high
TAmtBar,DoPostCreate,(TDocument*),TAmtBar::DoPostCreate(TDocument*),,cw_symbols.demangled,346,method,high
TAmtBar,DrawAmt,(),TAmtBar::DrawAmt(),,cw_symbols.demangled,347,method,high
TAmtBar,Draw,(const VRect&),TAmtBar::Draw(const VRect&),,cw_symbols.demangled,348,method,high
TAmtBar,GetClassDescDynamic,() const,TAmtBar::GetClassDescDynamic() const,,cw_symbols.demangled,349,classdesc,high
TAmtBar,GetClassDescStatic,(),TAmtBar::GetClassDescStatic(),,cw_symbols.demangled,350,classdesc,high
TAmtBar,SetAmt,"(short, short)","TAmtBar::SetAmt(short, short)",,cw_symbols.demangled,351,method,high
TAmtBar,TAmtBar,(),TAmtBar::TAmtBar(),,cw_symbols.demangled,352,constructor,high
TAnimation,DrawNextFrame,(VPoint&),TAnimation::DrawNextFrame(VPoint&),,cw_symbols.demangled,353,method,high
TAnimation,GetClassDescDynamic,() const,TAnimation::GetClassDescDynamic() const,,cw_symbols.demangled,354,classdesc,high
TAnimation,IAnimation,"(TView*, CRect&, short, short, long, long)","TAnimation::IAnimation(TView*, CRect&, short, short, long, long)",,cw_symbols.demangled,355,method,high
TAnimation,Tick,(),TAnimation::Tick(),,cw_symbols.demangled,356,method,high
TAnimator,AddAnimation,(TAnimation*),TAnimator::AddAnimation(TAnimation*),,cw_symbols.demangled,357,method,high
TAnimator,Free,(),TAnimator::Free(),,cw_symbols.demangled,358,method,high
TAnimator,GetClassDescDynamic,() const,TAnimator::GetClassDescDynamic() const,,cw_symbols.demangled,359,classdesc,high
TAnimator,IAnimator,(long),TAnimator::IAnimator(long),,cw_symbols.demangled,360,method,high
TAnimator,ReadFrom,(TStream*),TAnimator::ReadFrom(TStream*),,cw_symbols.demangled,361,method,high
TAnimator,TAnimator,(),TAnimator::TAnimator(),,cw_symbols.demangled,362,constructor,high
TAnimator,UpdateAniLocs,"(VPoint, CRect)","TAnimator::UpdateAniLocs(VPoint, CRect)",,cw_symbols.demangled,363,method,high
TAnimator,WriteTo,"(TStream*, 8)","TAnimator::WriteTo(TStream*, 8)",,cw_symbols.demangled,364,method,high
TAppleCommand,_DefaultConstructor,(),TAppleCommand::_DefaultConstructor(),,cw_symbols.demangled,365,constructor,high
TAppleCommand,Free,(),TAppleCommand::Free(),,cw_symbols.demangled,366,method,high
TAppleCommand,GetClassDescDynamic,() const,TAppleCommand::GetClassDescDynamic() const,,cw_symbols.demangled,367,classdesc,high
TAppleCommand,@.IAppleCommand,"(long, TCommandHandler*, unsigned char, unsigned char, TObject*)","TAppleCommand::@.IAppleCommand(long, TCommandHandler*, unsigned char, unsigned char, TObject*)",,cw_symbols.demangled,368,method,high
TAppleCommand,TAppleCommand,(),TAppleCommand::TAppleCommand(),,cw_symbols.demangled,369,constructor,high
TAppleEvent,ReadPtrList,"(unsigned long, unsigned long, TDynamicArray*)","TAppleEvent::ReadPtrList(unsigned long, unsigned long, TDynamicArray*)",,cw_symbols.demangled,370,method,high
TAppleEvent,InitializeFromMessage,"(const AEDesc&, unsigned char)","TAppleEvent::InitializeFromMessage(const AEDesc&, unsigned char)",,cw_symbols.demangled,371,method,high
TAppleEvent,WritePtrList,"(unsigned long, unsigned long, TDynamicArray*)","TAppleEvent::WritePtrList(unsigned long, unsigned long, TDynamicArray*)",,cw_symbols.demangled,372,method,high
TAppleEvent,ReadHandleList,"(unsigned long, unsigned long, TDynamicArray*)","TAppleEvent::ReadHandleList(unsigned long, unsigned long, TDynamicArray*)",,cw_symbols.demangled,373,method,high
TAppleEvent,WriteHandleList,"(unsigned long, unsigned long, TDynamicArray*)","TAppleEvent::WriteHandleList(unsigned long, unsigned long, TDynamicArray*)",,cw_symbols.demangled,374,method,high
TAppleEvent,_DefaultConstructor,(),TAppleEvent::_DefaultConstructor(),,cw_symbols.demangled,375,constructor,high
TAppleEvent,Free,(),TAppleEvent::Free(),,cw_symbols.demangled,376,method,high
TAppleEvent,GetAddress,(AEDesc&),TAppleEvent::GetAddress(AEDesc&),,cw_symbols.demangled,377,method,high
TAppleEvent,GetPriority,(),TAppleEvent::GetPriority(),,cw_symbols.demangled,378,method,high
TAppleEvent,GetReturnID,(),TAppleEvent::GetReturnID(),,cw_symbols.demangled,379,method,high
TAppleEvent,GetSendingMode,(),TAppleEvent::GetSendingMode(),,cw_symbols.demangled,380,method,high
TAppleEvent,GetTimeoutVal,(),TAppleEvent::GetTimeoutVal(),,cw_symbols.demangled,381,method,high
TAppleEvent,GetTransactionID,(),TAppleEvent::GetTransactionID(),,cw_symbols.demangled,382,method,high
TAppleEvent,ReadLong,(unsigned long),TAppleEvent::ReadLong(unsigned long),,cw_symbols.demangled,383,method,high
TAppleEvent,ReadShort,(unsigned long),TAppleEvent::ReadShort(unsigned long),,cw_symbols.demangled,384,method,high
TAppleEvent,SetPriority,(short),TAppleEvent::SetPriority(short),,cw_symbols.demangled,385,method,high
TAppleEvent,SetReturnID,(long),TAppleEvent::SetReturnID(long),,cw_symbols.demangled,386,method,high
TAppleEvent,SetSendingMode,(long),TAppleEvent::SetSendingMode(long),,cw_symbols.demangled,387,method,high
TAppleEvent,SetTimeoutVal,(long),TAppleEvent::SetTimeoutVal(long),,cw_symbols.demangled,388,method,high
TAppleEvent,SetTransactionID,(long),TAppleEvent::SetTransactionID(long),,cw_symbols.demangled,389,method,high
TAppleEvent,WriteLong,"(unsigned long, long)","TAppleEvent::WriteLong(unsigned long, long)",,cw_symbols.demangled,390,method,high
TAppleEvent,WriteParameterPtr,"(unsigned long, unsigned long, char*, long)","TAppleEvent::WriteParameterPtr(unsigned long, unsigned long, char*, long)",,cw_symbols.demangled,391,method,high
TAppleEvent,WriteString,"(unsigned long, const CStr255&)","TAppleEvent::WriteString(unsigned long, const CStr255&)",,cw_symbols.demangled,392,method,high
TApplication,DoToolboxEvent,(TToolboxEvent*),TApplication::DoToolboxEvent(TToolboxEvent*),,cw_symbols.demangled,393,method,high
TApplication,HandleDiskEvent,(TToolboxEvent*),TApplication::HandleDiskEvent(TToolboxEvent*),,cw_symbols.demangled,394,method,high
TApplication,HandleMouseDown,(TToolboxEvent*),TApplication::HandleMouseDown(TToolboxEvent*),,cw_symbols.demangled,395,method,high
TApplication,DoAppleCommand,"(long, const AEDesc&, const AEDesc&)","TApplication::DoAppleCommand(long, const AEDesc&, const AEDesc&)",,cw_symbols.demangled,396,method,high
TApplication,DoCommandKeyEvent,(TToolboxEvent*),TApplication::DoCommandKeyEvent(TToolboxEvent*),,cw_symbols.demangled,397,method,high
TApplication,HandleSystemEvent,(TToolboxEvent*),TApplication::HandleSystemEvent(TToolboxEvent*),,cw_symbols.demangled,398,method,high
TApplication,HandleUpdateEvent,(TToolboxEvent*),TApplication::HandleUpdateEvent(TToolboxEvent*),,cw_symbols.demangled,399,method,high
TApplication,PostPendingReplyCommand,(TCommand*),TApplication::PostPendingReplyCommand(TCommand*),,cw_symbols.demangled,400,method,high
TApplication,HandleKeyDownEvent,(TToolboxEvent*),TApplication::HandleKeyDownEvent(TToolboxEvent*),,cw_symbols.demangled,401,method,high
TApplication,HandleToolboxEvent,(TToolboxEvent*),TApplication::HandleToolboxEvent(TToolboxEvent*),,cw_symbols.demangled,402,method,high
TApplication,InstallCohandler,"(TEventHandler*, unsigned char)","TApplication::InstallCohandler(TEventHandler*, unsigned char)",,cw_symbols.demangled,403,method,high
TApplication,HandleActivateEvent,(TToolboxEvent*),TApplication::HandleActivateEvent(TToolboxEvent*),,cw_symbols.demangled,404,method,high
TApplication,AlertFilter,"(GrafPort*, EventRecord&, short&)","TApplication::AlertFilter(GrafPort*, EventRecord&, short&)",,cw_symbols.demangled,405,method,high
TApplication,DispatchAppleEvent,"(const AEDesc&, const AEDesc&, long)","TApplication::DispatchAppleEvent(const AEDesc&, const AEDesc&, long)",,cw_symbols.demangled,406,method,high
TApplication,GetDefaultCursorRegion,"(CPoint, Region**)","TApplication::GetDefaultCursorRegion(CPoint, Region**)",,cw_symbols.demangled,407,method,high
TApplication,AddDocument,(TDocument*),TApplication::AddDocument(TDocument*),,cw_symbols.demangled,408,method,high
TApplication,Beep,(short),TApplication::Beep(short),,cw_symbols.demangled,409,method,high
TApplication,CanOpenDocument,"(long, TFile*)","TApplication::CanOpenDocument(long, TFile*)",,cw_symbols.demangled,410,method,high
TApplication,ChooseApplication,(AEDesc&),TApplication::ChooseApplication(AEDesc&),,cw_symbols.demangled,411,method,high
TApplication,ChooseDocument,"(long, TList**)","TApplication::ChooseDocument(long, TList**)",,cw_symbols.demangled,412,method,high
TApplication,Close,(),TApplication::Close(),,cw_symbols.demangled,413,method,high
TApplication,_DefaultConstructor,(),TApplication::_DefaultConstructor(),,cw_symbols.demangled,414,constructor,high
TApplication,DeleteDocument,(TDocument*),TApplication::DeleteDocument(TDocument*),,cw_symbols.demangled,415,method,high
TApplication,DeleteWindow,(TWindow*),TApplication::DeleteWindow(TWindow*),,cw_symbols.demangled,416,method,high
TApplication,DispatchEvent,(TToolboxEvent*),TApplication::DispatchEvent(TToolboxEvent*),,cw_symbols.demangled,417,method,high
TApplication,DoAboutBox,(),TApplication::DoAboutBox(),,cw_symbols.demangled,418,method,high
TApplication,DoKeyEvent,(TToolboxEvent*),TApplication::DoKeyEvent(TToolboxEvent*),,cw_symbols.demangled,419,method,high
TApplication,DoMakeDependencySpace,(),TApplication::DoMakeDependencySpace(),,cw_symbols.demangled,420,method,high
TApplication,DoMakeDocument,"(long, TFile*)","TApplication::DoMakeDocument(long, TFile*)",,cw_symbols.demangled,421,method,high
TApplication,DoMakeFile,(long),TApplication::DoMakeFile(long),,cw_symbols.demangled,422,method,high
TApplication,DoMakeViewServer,(),TApplication::DoMakeViewServer(),,cw_symbols.demangled,423,method,high
TApplication,DoMenuCommand,(long),TApplication::DoMenuCommand(long),,cw_symbols.demangled,424,method,high
TApplication,DoSetupMenus,(),TApplication::DoSetupMenus(),,cw_symbols.demangled,425,method,high
TApplication,DoShowHelp,"(CPoint, Region**)","TApplication::DoShowHelp(CPoint, Region**)",,cw_symbols.demangled,426,method,high
TApplication,FindDocument,(TFile*),TApplication::FindDocument(TFile*),,cw_symbols.demangled,427,method,high
TApplication,GetActiveWindow,(unsigned char),TApplication::GetActiveWindow(unsigned char),,cw_symbols.demangled,428,method,high
TApplication,GetClassDescDynamic,() const,TApplication::GetClassDescDynamic() const,,cw_symbols.demangled,429,classdesc,high
TApplication,GetEvent,"(short, long, Region**)","TApplication::GetEvent(short, long, Region**)",,cw_symbols.demangled,430,method,high
TApplication,GetFileTypeList,"(long, unsigned long**&)","TApplication::GetFileTypeList(long, unsigned long**&)",,cw_symbols.demangled,431,method,high
TApplication,GetFrontWindow,(),TApplication::GetFrontWindow(),,cw_symbols.demangled,432,method,high
TApplication,GetSleepRegion,(),TApplication::GetSleepRegion(),,cw_symbols.demangled,433,method,high
TApplication,GetTarget,(),TApplication::GetTarget(),,cw_symbols.demangled,434,method,high
TApplication,GetWaitTicks,(unsigned char),TApplication::GetWaitTicks(unsigned char),,cw_symbols.demangled,435,method,high
TApplication,HandleCursor,"(CPoint, Region**)","TApplication::HandleCursor(CPoint, Region**)",,cw_symbols.demangled,436,method,high
TApplication,HandleHelp,"(CPoint, Region**)","TApplication::HandleHelp(CPoint, Region**)",,cw_symbols.demangled,437,method,high
TApplication,HandleMouseUp,(TToolboxEvent*),TApplication::HandleMouseUp(TToolboxEvent*),,cw_symbols.demangled,438,method,high
TApplication,Idle,(IdlePhase),TApplication::Idle(IdlePhase),,cw_symbols.demangled,439,method,high
TApplication,GetHelpParameters,"(short, short, short, HMMessageRecord&, CPoint&, CRect&, short&)","TApplication::GetHelpParameters(short, short, short, HMMessageRecord&, CPoint&, CRect&, short&)",,cw_symbols.demangled,440,method,high
TApplication,InModalState,(),TApplication::InModalState(),,cw_symbols.demangled,441,method,high
TApplication,InstallHelpMenuItems,(),TApplication::InstallHelpMenuItems(),,cw_symbols.demangled,442,method,high
TApplication,InvalidateMouseRegions,(),TApplication::InvalidateMouseRegions(),,cw_symbols.demangled,443,method,high
TApplication,IsCursorRgnInvalid,(),TApplication::IsCursorRgnInvalid(),,cw_symbols.demangled,444,method,high
TApplication,IsDeskAccessory,(GrafPort*),TApplication::IsDeskAccessory(GrafPort*),,cw_symbols.demangled,445,method,high
TApplication,IsFrontProcess,(),TApplication::IsFrontProcess(),,cw_symbols.demangled,446,method,high
TApplication,IsHelpEnabled,(),TApplication::IsHelpEnabled(),,cw_symbols.demangled,447,method,high
TApplication,IsHelpRgnInvalid,(),TApplication::IsHelpRgnInvalid(),,cw_symbols.demangled,448,method,high
TApplication,KindOfDocument,"(long, TFile*)","TApplication::KindOfDocument(long, TFile*)",,cw_symbols.demangled,449,method,high
TApplication,MainEventLoop,(),TApplication::MainEventLoop(),,cw_symbols.demangled,450,method,high
TApplication,MakeFrontProcess,(),TApplication::MakeFrontProcess(),,cw_symbols.demangled,451,method,high
TApplication,MakeMenuBarManager,(),TApplication::MakeMenuBarManager(),,cw_symbols.demangled,452,method,high
TApplication,MakeViewForAlienClipboard,(),TApplication::MakeViewForAlienClipboard(),,cw_symbols.demangled,453,method,high
TApplication,MenuEvent,(long),TApplication::MenuEvent(long),,cw_symbols.demangled,454,method,high
TApplication,NewToolboxWindow,"(char*, short, unsigned char&, unsigned char&)","TApplication::NewToolboxWindow(char*, short, unsigned char&, unsigned char&)",,cw_symbols.demangled,455,method,high
TApplication,OpenOld,"(long, TList*)","TApplication::OpenOld(long, TList*)",,cw_symbols.demangled,456,method,high
TApplication,PollEvent,(unsigned char),TApplication::PollEvent(unsigned char),,cw_symbols.demangled,457,method,high
TApplication,PostAnEvent,(TEvent*),TApplication::PostAnEvent(TEvent*),,cw_symbols.demangled,458,method,high
TApplication,PostCommand,(TCommand*),TApplication::PostCommand(TCommand*),,cw_symbols.demangled,459,method,high
TApplication,PrintDocuments,(TList*),TApplication::PrintDocuments(TList*),,cw_symbols.demangled,460,method,high
TApplication,ProcessEvent,(TEvent*),TApplication::ProcessEvent(TEvent*),,cw_symbols.demangled,461,method,high
TApplication,RegainControl,(unsigned char),TApplication::RegainControl(unsigned char),,cw_symbols.demangled,462,method,high
TApplication,SelectToolboxWindow,(GrafPort*),TApplication::SelectToolboxWindow(GrafPort*),,cw_symbols.demangled,463,method,high
TApplication,SetTarget,(TEventHandler*),TApplication::SetTarget(TEventHandler*),,cw_symbols.demangled,464,method,high
TApplication,SetUndoText,"(unsigned char, long)","TApplication::SetUndoText(unsigned char, long)",,cw_symbols.demangled,465,method,high
TApplication,SetupTheMenus,(),TApplication::SetupTheMenus(),,cw_symbols.demangled,466,method,high
TApplication,ShowError,"(short, long)","TApplication::ShowError(short, long)",,cw_symbols.demangled,467,method,high
TApplication,@.StandardFileFilter,"(GrafPort*, EventRecord&, short&, void*)","TApplication::@.StandardFileFilter(GrafPort*, EventRecord&, short&, void*)",,cw_symbols.demangled,468,method,high
TApplication,TApplication,(),TApplication::TApplication(),,cw_symbols.demangled,469,constructor,high
TApplication,UpdateAllWindows,(),TApplication::UpdateAllWindows(),,cw_symbols.demangled,470,method,high
TApplication,WMgrToWindow,(GrafPort*),TApplication::WMgrToWindow(GrafPort*),,cw_symbols.demangled,471,method,high
TApplication,GetStandardFileParameters,"(long, long (*&)(void), unsigned long**&, short&, CPoint&, long (*&)(void), long (*&)(void), char*&, long (*&)(void), void*&)","TApplication::GetStandardFileParameters(long, long (*&)(void), unsigned long**&, short&, CPoint&, long (*&)(void), long (*&)(void), char*&, long (*&)(void), void*&)",,cw_symbols.demangled,472,method,high
TArmoryView,DoEvent,"(long, TEventHandler*, TEvent*)","TArmoryView::DoEvent(long, TEventHandler*, TEvent*)",,cw_symbols.demangled,473,method,high
TArmoryView,_DefaultConstructor,(),TArmoryView::_DefaultConstructor(),,cw_symbols.demangled,474,constructor,high
TArmoryView,DoStartup,(),TArmoryView::DoStartup(),,cw_symbols.demangled,475,method,high
TArmoryView,SetUnit,(short),TArmoryView::SetUnit(short),,cw_symbols.demangled,476,method,high
TArmoryView,UpdateFields,(),TArmoryView::UpdateFields(),,cw_symbols.demangled,477,method,high
TArmsForeignMinister,GetClassDescDynamic,() const,TArmsForeignMinister::GetClassDescDynamic() const,,cw_symbols.demangled,478,classdesc,high
TArmsForeignMinister,MakeNewCity,(TCity*),TArmsForeignMinister::MakeNewCity(TCity*),,cw_symbols.demangled,479,method,high
TArmsForeignMinister,ReplyToTradeOffer,"(short, short, short, short)","TArmsForeignMinister::ReplyToTradeOffer(short, short, short, short)",,cw_symbols.demangled,480,method,high
TArmsForeignMinister,SetBuyPriorities,(),TArmsForeignMinister::SetBuyPriorities(),,cw_symbols.demangled,481,method,high
TArmsForeignMinister,SetTradeBids,(),TArmsForeignMinister::SetTradeBids(),,cw_symbols.demangled,482,method,high
TArmsForeignMinister,TArmsForeignMinister,(),TArmsForeignMinister::TArmsForeignMinister(),,cw_symbols.demangled,483,constructor,high
TArmyBattle,_DefaultConstructor,(),TArmyBattle::_DefaultConstructor(),,cw_symbols.demangled,484,constructor,high
TArmyBattle,DeployUnit,"(TTacticalUnit*, long)","TArmyBattle::DeployUnit(TTacticalUnit*, long)",,cw_symbols.demangled,485,method,high
TArmyBattle,EndBattle,(unsigned char),TArmyBattle::EndBattle(unsigned char),,cw_symbols.demangled,486,method,high
TArmyBattle,FindUnitByUID,(int) const,TArmyBattle::FindUnitByUID(int) const,,cw_symbols.demangled,487,method,high
TArmyBattle,ReadFrom,(TStream*),TArmyBattle::ReadFrom(TStream*),,cw_symbols.demangled,488,method,high
TArmyBattle,WriteTo,(TStream*),TArmyBattle::WriteTo(TStream*),,cw_symbols.demangled,489,method,high
TArmyBoyView,GetClassDescDynamic,() const,TArmyBoyView::GetClassDescDynamic() const,,cw_symbols.demangled,490,classdesc,high
TArmyCheckBox,DoEvent,"(long, TEventHandler*, TEvent*)","TArmyCheckBox::DoEvent(long, TEventHandler*, TEvent*)",,cw_symbols.demangled,491,method,high
TArmyCheckBox,CheckTheLook,(unsigned char),TArmyCheckBox::CheckTheLook(unsigned char),,cw_symbols.demangled,492,method,high
TArmyCheckBox,_DefaultConstructor,(),TArmyCheckBox::_DefaultConstructor(),,cw_symbols.demangled,493,constructor,high
TArmyCheckBox,Draw,(const VRect&),TArmyCheckBox::Draw(const VRect&),,cw_symbols.demangled,494,method,high
TArmyCheckBox,DrawImmediate,(),TArmyCheckBox::DrawImmediate(),,cw_symbols.demangled,495,method,high
TArmyCheckBox,IArmyCheckBox,"(TView*, const VPoint&, const VPoint&, SizeDeterminer, SizeDeterminer, CGrafPort*, long)","TArmyCheckBox::IArmyCheckBox(TView*, const VPoint&, const VPoint&, SizeDeterminer, SizeDeterminer, CGrafPort*, long)",,cw_symbols.demangled,496,method,high
TArmyCheckBox,GetClassDescDynamic,() const,TArmyCheckBox::GetClassDescDynamic() const,,cw_symbols.demangled,497,classdesc,high
TArmyCheckBox,IsOn,(),TArmyCheckBox::IsOn(),,cw_symbols.demangled,498,method,high
TArmyCheckBox,SetState,"(unsigned char, unsigned char)","TArmyCheckBox::SetState(unsigned char, unsigned char)",,cw_symbols.demangled,499,method,high
TArmyCheckBox,ToggleIf,"(unsigned char, unsigned char)","TArmyCheckBox::ToggleIf(unsigned char, unsigned char)",,cw_symbols.demangled,500,method,high
TArmyCheckBox,Toggle,(unsigned char),TArmyCheckBox::Toggle(unsigned char),,cw_symbols.demangled,501,method,high
TArmyInfoView,_DefaultConstructor,(),TArmyInfoView::_DefaultConstructor(),,cw_symbols.demangled,502,constructor,high
TArmyInfoView,GetClassDescDynamic,() const,TArmyInfoView::GetClassDescDynamic() const,,cw_symbols.demangled,503,classdesc,high
TArmyInfoView,StuffValues,"(short, long*)","TArmyInfoView::StuffValues(short, long*)",,cw_symbols.demangled,504,method,high
TArmyInfoView,TArmyInfoView,(),TArmyInfoView::TArmyInfoView(),,cw_symbols.demangled,505,constructor,high
TArmyMgr,GenerateSpyReport,"(long, CStr255&, CStr255&)","TArmyMgr::GenerateSpyReport(long, CStr255&, CStr255&)",,cw_symbols.demangled,506,method,high
TArmyMgr,DoTacticalCombat,"(TArmyStack*, TArmyStack*, long)","TArmyMgr::DoTacticalCombat(TArmyStack*, TArmyStack*, long)",,cw_symbols.demangled,507,method,high
TArmyMgr,ActionCursor,"(short, short)","TArmyMgr::ActionCursor(short, short)",,cw_symbols.demangled,508,method,high
TArmyMgr,AnySelectableUnits,(short),TArmyMgr::AnySelectableUnits(short),,cw_symbols.demangled,509,method,high
TArmyMgr,AttackOrder,(short),TArmyMgr::AttackOrder(short),,cw_symbols.demangled,510,method,high
TArmyMgr,CleanUpStacks,(),TArmyMgr::CleanUpStacks(),,cw_symbols.demangled,511,method,high
TArmyMgr,Cycle,(short),TArmyMgr::Cycle(short),,cw_symbols.demangled,512,method,high
TArmyMgr,_DefaultConstructor,(),TArmyMgr::_DefaultConstructor(),,cw_symbols.demangled,513,constructor,high
TArmyMgr,DeSelectUnitType,"(short, short)","TArmyMgr::DeSelectUnitType(short, short)",,cw_symbols.demangled,514,method,high
TArmyMgr,DoCombatMoves,(),TArmyMgr::DoCombatMoves(),,cw_symbols.demangled,515,method,high
TArmyMgr,DoOwnershipChanges,(),TArmyMgr::DoOwnershipChanges(),,cw_symbols.demangled,516,method,high
TArmyMgr,DoTileClick,"(short, short)","TArmyMgr::DoTileClick(short, short)",,cw_symbols.demangled,517,method,high
TArmyMgr,EndBattlePhase,(),TArmyMgr::EndBattlePhase(),,cw_symbols.demangled,518,method,high
TArmyMgr,;.EndTacticalBattle,"(TArmyStack*, TArmyStack*, unsigned char, long)","TArmyMgr::;.EndTacticalBattle(TArmyStack*, TArmyStack*, unsigned char, long)",,cw_symbols.demangled,519,method,high
TArmyMgr,FormStacks,(),TArmyMgr::FormStacks(),,cw_symbols.demangled,520,method,high
TArmyMgr,GetLandForceIn,(long),TArmyMgr::GetLandForceIn(long),,cw_symbols.demangled,521,method,high
TArmyMgr,GetTileAction,"(short, short)","TArmyMgr::GetTileAction(short, short)",,cw_symbols.demangled,522,method,high
TArmyMgr,GetTileSelection,"(short, short)","TArmyMgr::GetTileSelection(short, short)",,cw_symbols.demangled,523,method,high
TArmyMgr,HasBattlesToReport,() const,TArmyMgr::HasBattlesToReport() const,,cw_symbols.demangled,524,method,high
TArmyMgr,MarchSelectedArmies,(short),TArmyMgr::MarchSelectedArmies(short),,cw_symbols.demangled,525,method,high
TArmyMgr,MoveArmies,(short),TArmyMgr::MoveArmies(short),,cw_symbols.demangled,526,method,high
TArmyMgr,OrderArmies,"(short, short)","TArmyMgr::OrderArmies(short, short)",,cw_symbols.demangled,527,method,high
TArmyMgr,ResetCycle,(short),TArmyMgr::ResetCycle(short),,cw_symbols.demangled,528,method,high
TArmyMgr,ResolveNextMove,(),TArmyMgr::ResolveNextMove(),,cw_symbols.demangled,529,method,high
TArmyMgr,RetreatAttacker,(TArmyStack*),TArmyMgr::RetreatAttacker(TArmyStack*),,cw_symbols.demangled,530,method,high
TArmyMgr,SelectionClick,"(short, short)","TArmyMgr::SelectionClick(short, short)",,cw_symbols.demangled,531,method,high
TArmyMgr,SelectUnitType,"(short, short)","TArmyMgr::SelectUnitType(short, short)",,cw_symbols.demangled,532,method,high
TArmyMgr,SetSelectedProvince,(short),TArmyMgr::SetSelectedProvince(short),,cw_symbols.demangled,533,method,high
TArmyMgr,ShowSpyReport,(long),TArmyMgr::ShowSpyReport(long),,cw_symbols.demangled,534,method,high
TArmyMgr,WakeAll,(int),TArmyMgr::WakeAll(int),,cw_symbols.demangled,535,method,high
TArmyMgr,WriteTo,(TStream*),TArmyMgr::WriteTo(TStream*),,cw_symbols.demangled,536,method,high
TArmyMission,RejectConstituent,"(TMilitaryUnit*, unsigned char)","TArmyMission::RejectConstituent(TMilitaryUnit*, unsigned char)",,cw_symbols.demangled,537,method,high
TArmyMission,AcceptReenforcement,"(TMilitaryUnit*, unsigned char)","TArmyMission::AcceptReenforcement(TMilitaryUnit*, unsigned char)",,cw_symbols.demangled,538,method,high
TArmyMission,AccumulateLack,"(int*, unsigned char) const","TArmyMission::AccumulateLack(int*, unsigned char) const",,cw_symbols.demangled,539,method,high
TArmyMission,=.AccumulateUnitEquipage,"(const TMilitaryUnit*, float*, float, float)","TArmyMission::=.AccumulateUnitEquipage(const TMilitaryUnit*, float*, float, float)",,cw_symbols.demangled,540,method,high
TArmyMission,AddBriefInfo,(char*),TArmyMission::AddBriefInfo(char*),,cw_symbols.demangled,541,method,high
TArmyMission,GetWeightedSatifactionWithout,(const TMilitaryUnit*) const,TArmyMission::GetWeightedSatifactionWithout(const TMilitaryUnit*) const,,cw_symbols.demangled,542,method,high
TArmyMission,ComputeProvinceImportanceTo,"(short, short)","TArmyMission::ComputeProvinceImportanceTo(short, short)",,cw_symbols.demangled,543,method,high
TArmyMission,FitnessOf,"(const TMilitaryUnit*, float*) const","TArmyMission::FitnessOf(const TMilitaryUnit*, float*) const",,cw_symbols.demangled,544,method,high
TArmyMission,Free,(),TArmyMission::Free(),,cw_symbols.demangled,545,method,high
TArmyMission,GetArmyMission,(),TArmyMission::GetArmyMission(),,cw_symbols.demangled,546,method,high
TArmyMission,GetClassDescDynamic,() const,TArmyMission::GetClassDescDynamic() const,,cw_symbols.demangled,547,classdesc,high
TArmyMission,GetInfo,(char*),TArmyMission::GetInfo(char*),,cw_symbols.demangled,548,method,high
TArmyMission,GetNavyMission,(),TArmyMission::GetNavyMission(),,cw_symbols.demangled,549,method,high
TArmyMission,GetWeightedEquipage,(float*) const,TArmyMission::GetWeightedEquipage(float*) const,,cw_symbols.demangled,550,method,high
TArmyMission,GetWeightedSatisfaction,() const,TArmyMission::GetWeightedSatisfaction() const,,cw_symbols.demangled,551,method,high
TArmyMission,IndustrialCostOfNeeds,() const,TArmyMission::IndustrialCostOfNeeds() const,,cw_symbols.demangled,552,method,high
TArmyMission,IsArmyMission,() const,TArmyMission::IsArmyMission() const,,cw_symbols.demangled,553,method,high
TArmyMission,IsHospitalMission,() const,TArmyMission::IsHospitalMission() const,,cw_symbols.demangled,554,method,high
TArmyMission,OrderUnitsToProvince,(short),TArmyMission::OrderUnitsToProvince(short),,cw_symbols.demangled,555,method,high
TArmyMission,ProjectSatisfaction,(short) const,TArmyMission::ProjectSatisfaction(short) const,,cw_symbols.demangled,556,method,high
TArmyMission,ReadFrom,(TStream*),TArmyMission::ReadFrom(TStream*),,cw_symbols.demangled,557,method,high
TArmyMission,Reassess,(),TArmyMission::Reassess(),,cw_symbols.demangled,558,method,high
TArmyMission,TArmyMission,(short),TArmyMission::TArmyMission(short),,cw_symbols.demangled,559,constructor,high
TArmyMission,ValueOf,(const TMilitaryUnit*) const,TArmyMission::ValueOf(const TMilitaryUnit*) const,,cw_symbols.demangled,560,method,high
TArmyPlacard,DoEvent,"(long, TEventHandler*, TEvent*)","TArmyPlacard::DoEvent(long, TEventHandler*, TEvent*)",,cw_symbols.demangled,561,method,high
TArmyPlacard,_DefaultConstructor,(),TArmyPlacard::_DefaultConstructor(),,cw_symbols.demangled,562,constructor,high
TArmyPlacard,GetClassDescDynamic,() const,TArmyPlacard::GetClassDescDynamic() const,,cw_symbols.demangled,563,classdesc,high
TArmyPlacard,SetValue,"(short, unsigned char)","TArmyPlacard::SetValue(short, unsigned char)",,cw_symbols.demangled,564,method,high
TArmyPlacard,TArmyPlacard,(),TArmyPlacard::TArmyPlacard(),,cw_symbols.demangled,565,constructor,high
TArmyPlayer,AddCapturedUnit,(TTacticalUnit*),TArmyPlayer::AddCapturedUnit(TTacticalUnit*),,cw_symbols.demangled,566,method,high
TArmyPlayer,FactorEnemyFire,"(TTacticalUnit*, long)","TArmyPlayer::FactorEnemyFire(TTacticalUnit*, long)",,cw_symbols.demangled,567,method,high
TArmyPlayer,FactorHitByArty,"(TTacticalUnit*, long)","TArmyPlayer::FactorHitByArty(TTacticalUnit*, long)",,cw_symbols.demangled,568,method,high
TArmyPlayer,FactorMeleeEnemy,"(TTacticalUnit*, long)","TArmyPlayer::FactorMeleeEnemy(TTacticalUnit*, long)",,cw_symbols.demangled,569,method,high
TArmyPlayer,FactorEnfiladeRow,"(TTacticalUnit*, long)","TArmyPlayer::FactorEnfiladeRow(TTacticalUnit*, long)",,cw_symbols.demangled,570,method,high
TArmyPlayer,FactorNearCowards,"(TTacticalUnit*, long)","TArmyPlayer::FactorNearCowards(TTacticalUnit*, long)",,cw_symbols.demangled,571,method,high
TArmyPlayer,FactorTargetEnemy,"(TTacticalUnit*, long)","TArmyPlayer::FactorTargetEnemy(TTacticalUnit*, long)",,cw_symbols.demangled,572,method,high
TArmyPlayer,RemoveCapturedUnit,(TTacticalUnit*),TArmyPlayer::RemoveCapturedUnit(TTacticalUnit*),,cw_symbols.demangled,573,method,high
TArmyPlayer,FactorRoughTerrain,"(TTacticalUnit*, long)","TArmyPlayer::FactorRoughTerrain(TTacticalUnit*, long)",,cw_symbols.demangled,574,method,high
TArmyPlayer,FactorCannonDefense,"(TTacticalUnit*, long)","TArmyPlayer::FactorCannonDefense(TTacticalUnit*, long)",,cw_symbols.demangled,575,method,high
TArmyPlayer,FactorHitEnemyArtillery,"(TTacticalUnit*, long)","TArmyPlayer::FactorHitEnemyArtillery(TTacticalUnit*, long)",,cw_symbols.demangled,576,method,high
TArmyPlayer,ApplyChanges,(unsigned char),TArmyPlayer::ApplyChanges(unsigned char),,cw_symbols.demangled,577,method,high
TArmyPlayer,AssignBombardJobs,(),TArmyPlayer::AssignBombardJobs(),,cw_symbols.demangled,578,method,high
TArmyPlayer,AssignCleanUpJobs,(),TArmyPlayer::AssignCleanUpJobs(),,cw_symbols.demangled,579,method,high
TArmyPlayer,AssignCounterAttackJobs,(),TArmyPlayer::AssignCounterAttackJobs(),,cw_symbols.demangled,580,method,high
TArmyPlayer,AssignJobs,(),TArmyPlayer::AssignJobs(),,cw_symbols.demangled,581,method,high
TArmyPlayer,AssignRetreatJobs,(),TArmyPlayer::AssignRetreatJobs(),,cw_symbols.demangled,582,method,high
TArmyPlayer,AutoDeploy,(),TArmyPlayer::AutoDeploy(),,cw_symbols.demangled,583,method,high
TArmyPlayer,CalculateAttributes,(),TArmyPlayer::CalculateAttributes(),,cw_symbols.demangled,584,method,high
TArmyPlayer,_DefaultConstructor,(),TArmyPlayer::_DefaultConstructor(),,cw_symbols.demangled,585,constructor,high
TArmyPlayer,DefDeployArty,(),TArmyPlayer::DefDeployArty(),,cw_symbols.demangled,586,method,high
TArmyPlayer,DefDeployInfantry,(),TArmyPlayer::DefDeployInfantry(),,cw_symbols.demangled,587,method,high
TArmyPlayer,DefDeployOthers,(),TArmyPlayer::DefDeployOthers(),,cw_symbols.demangled,588,method,high
TArmyPlayer,DeployAttacker,(),TArmyPlayer::DeployAttacker(),,cw_symbols.demangled,589,method,high
TArmyPlayer,DeployDefender,(),TArmyPlayer::DeployDefender(),,cw_symbols.demangled,590,method,high
TArmyPlayer,DeploymentClick,(long),TArmyPlayer::DeploymentClick(long),,cw_symbols.demangled,591,method,high
TArmyPlayer,EnemyArtillery,(),TArmyPlayer::EnemyArtillery(),,cw_symbols.demangled,592,method,high
TArmyPlayer,FactorRetreat,"(TTacticalUnit*, long)","TArmyPlayer::FactorRetreat(TTacticalUnit*, long)",,cw_symbols.demangled,593,method,high
TArmyPlayer,FactorSapFort,"(TTacticalUnit*, long)","TArmyPlayer::FactorSapFort(TTacticalUnit*, long)",,cw_symbols.demangled,594,method,high
TArmyPlayer,FactorStayPut,"(TTacticalUnit*, long)","TArmyPlayer::FactorStayPut(TTacticalUnit*, long)",,cw_symbols.demangled,595,method,high
TArmyPlayer,FindBestMove,"(TTacticalUnit*, long*)","TArmyPlayer::FindBestMove(TTacticalUnit*, long*)",,cw_symbols.demangled,596,method,high
TArmyPlayer,GetClassDescDynamic,() const,TArmyPlayer::GetClassDescDynamic() const,,cw_symbols.demangled,597,classdesc,high
TArmyPlayer,NextMove,(),TArmyPlayer::NextMove(),,cw_symbols.demangled,598,method,high
TArmyPlayer,RemoveReserves,(),TArmyPlayer::RemoveReserves(),,cw_symbols.demangled,599,method,high
TArmyPlayer,RetreatUnit,(),TArmyPlayer::RetreatUnit(),,cw_symbols.demangled,600,method,high
TArmyPlayer,SelectBestUnits,(int),TArmyPlayer::SelectBestUnits(int),,cw_symbols.demangled,601,method,high
TArmyPlayer,SelectStrategy,(unsigned char),TArmyPlayer::SelectStrategy(unsigned char),,cw_symbols.demangled,602,method,high
TArmyPlayer,SelectTarget,"(TTacticalUnit*, unsigned char)","TArmyPlayer::SelectTarget(TTacticalUnit*, unsigned char)",,cw_symbols.demangled,603,method,high
TArmyPlayer,StartBattle,(),TArmyPlayer::StartBattle(),,cw_symbols.demangled,604,method,high
TArmyStack,AddUnit,(short),TArmyStack::AddUnit(short),,cw_symbols.demangled,605,method,high
TArmyStack,AddUnit,(TMilitaryUnit*),TArmyStack::AddUnit(TMilitaryUnit*),,cw_symbols.demangled,606,method,high
TArmyStack,ApplyStrategicDamage,"(long, long, long)","TArmyStack::ApplyStrategicDamage(long, long, long)",,cw_symbols.demangled,607,method,high
TArmyStack,CalculateSpeed,(),TArmyStack::CalculateSpeed(),,cw_symbols.demangled,608,method,high
TArmyStack,Free,(),TArmyStack::Free(),,cw_symbols.demangled,609,method,high
TArmyStack,GetClassDescDynamic,() const,TArmyStack::GetClassDescDynamic() const,,cw_symbols.demangled,610,classdesc,high
TArmyStack,IArmyStack,"(char, short, short)","TArmyStack::IArmyStack(char, short, short)",,cw_symbols.demangled,611,method,high
TArmyStack,InitializeStrategicBattle,(unsigned char),TArmyStack::InitializeStrategicBattle(unsigned char),,cw_symbols.demangled,612,method,high
TArmyStackList,_DefaultConstructor,(),TArmyStackList::_DefaultConstructor(),,cw_symbols.demangled,613,constructor,high
TArmyStackList,GetClassDescDynamic,() const,TArmyStackList::GetClassDescDynamic() const,,cw_symbols.demangled,614,classdesc,high
TArmyStackList,TArmyStackList,(),TArmyStackList::TArmyStackList(),,cw_symbols.demangled,615,constructor,high
TArmyStack,MoveAll,(),TArmyStack::MoveAll(),,cw_symbols.demangled,616,method,high
TArmyStack,RaiseExperience,(unsigned char),TArmyStack::RaiseExperience(unsigned char),,cw_symbols.demangled,617,method,high
TArmyStack,ReadFrom,(TStream*),TArmyStack::ReadFrom(TStream*),,cw_symbols.demangled,618,method,high
TArmyStack,StrategicFirepower,"(long&, long&, long)","TArmyStack::StrategicFirepower(long&, long&, long)",,cw_symbols.demangled,619,method,high
TArmyStack,TArmyStack,(),TArmyStack::TArmyStack(),,cw_symbols.demangled,620,constructor,high
TArmyStack,WriteTo,(TStream*),TArmyStack::WriteTo(TStream*),,cw_symbols.demangled,621,method,high
TArmyTacUnit,ApplyDamage,"(long, long)","TArmyTacUnit::ApplyDamage(long, long)",,cw_symbols.demangled,622,method,high
TArmyTacUnit,CalculateAttributes,(),TArmyTacUnit::CalculateAttributes(),,cw_symbols.demangled,623,method,high
TArmyTacUnit,GetArmor,(),TArmyTacUnit::GetArmor(),,cw_symbols.demangled,624,method,high
TArmyTacUnit,GetClassDescDynamic,() const,TArmyTacUnit::GetClassDescDynamic() const,,cw_symbols.demangled,625,classdesc,high
TArmyTacUnit,GetFirepower,(),TArmyTacUnit::GetFirepower(),,cw_symbols.demangled,626,method,high
TArmyTacUnit,GetRange,(),TArmyTacUnit::GetRange(),,cw_symbols.demangled,627,method,high
TArmyTacUnit,GetSpeed,(),TArmyTacUnit::GetSpeed(),,cw_symbols.demangled,628,method,high
TArmyTacUnit,IArmyTacUnit,(TMilitaryUnit*),TArmyTacUnit::IArmyTacUnit(TMilitaryUnit*),,cw_symbols.demangled,629,method,high
TArmyToolbar,GetClassDescDynamic,() const,TArmyToolbar::GetClassDescDynamic() const,,cw_symbols.demangled,630,classdesc,high
TArmyToolbar,GetClassDescStatic,(),TArmyToolbar::GetClassDescStatic(),,cw_symbols.demangled,631,classdesc,high
TArmyToolbar,TArmyToolbar,(),TArmyToolbar::TArmyToolbar(),,cw_symbols.demangled,632,constructor,high
TArmyUnitLine,_DefaultConstructor,(),TArmyUnitLine::_DefaultConstructor(),,cw_symbols.demangled,633,constructor,high
TArmyUnitLine,GetClassDescDynamic,() const,TArmyUnitLine::GetClassDescDynamic() const,,cw_symbols.demangled,634,classdesc,high
TArmyUnitLine,TArmyUnitLine,(),TArmyUnitLine::TArmyUnitLine(),,cw_symbols.demangled,635,constructor,high
TArmyUnitView,DoEvent,"(long, TEventHandler*, TEvent*)","TArmyUnitView::DoEvent(long, TEventHandler*, TEvent*)",,cw_symbols.demangled,636,method,high
TArmyUnitView,_DefaultConstructor,(),TArmyUnitView::_DefaultConstructor(),,cw_symbols.demangled,637,constructor,high
TArmyUnitView,Draw,(const VRect&),TArmyUnitView::Draw(const VRect&),,cw_symbols.demangled,638,method,high
TArmyUnitView,GetClassDescDynamic,() const,TArmyUnitView::GetClassDescDynamic() const,,cw_symbols.demangled,639,classdesc,high
TArmyUnitView,IArmyUnitView,"(TView*, const VPoint&, const VPoint&, SizeDeterminer, SizeDeterminer, TMilitaryUnit*)","TArmyUnitView::IArmyUnitView(TView*, const VPoint&, const VPoint&, SizeDeterminer, SizeDeterminer, TMilitaryUnit*)",,cw_symbols.demangled,640,method,high
TArmyUnitView,RenameUnit,(),TArmyUnitView::RenameUnit(),,cw_symbols.demangled,641,method,high
TArmyUnitView,TArmyUnitView,(),TArmyUnitView::TArmyUnitView(),,cw_symbols.demangled,642,constructor,high
TArrowsControl,_DefaultConstructor,(),TArrowsControl::_DefaultConstructor(),,cw_symbols.demangled,643,constructor,high
TArrowsControl,TrackMouse,"(TrackPhase, VPoint&, VPoint&, VPoint&, unsigned char)","TArrowsControl::TrackMouse(TrackPhase, VPoint&, VPoint&, VPoint&, unsigned char)",,cw_symbols.demangled,644,method,high
TArrowsControl,GetClassDescDynamic,() const,TArrowsControl::GetClassDescDynamic() const,,cw_symbols.demangled,645,classdesc,high
TArrowsControl,GetClassDescStatic,(),TArrowsControl::GetClassDescStatic(),,cw_symbols.demangled,646,classdesc,high
TArrowsControl,TArrowsControl,(),TArrowsControl::TArrowsControl(),,cw_symbols.demangled,647,constructor,high
TAssetMgr,GetPreferenceString,"(CStr255&, const char*, const char*)","TAssetMgr::GetPreferenceString(CStr255&, const char*, const char*)",,cw_symbols.demangled,648,method,high
TAssetMgr,AreThereStrayClientSaves,(),TAssetMgr::AreThereStrayClientSaves(),,cw_symbols.demangled,649,method,high
TAssetMgr,CloseDataFile,(int),TAssetMgr::CloseDataFile(int),,cw_symbols.demangled,650,method,high
TAssetMgr,CloseFilesFor,(short),TAssetMgr::CloseFilesFor(short),,cw_symbols.demangled,651,method,high
TAssetMgr,DeleteStrayClientSaves,(),TAssetMgr::DeleteStrayClientSaves(),,cw_symbols.demangled,652,method,high
TAssetMgr,GetClassDescDynamic,() const,TAssetMgr::GetClassDescDynamic() const,,cw_symbols.demangled,653,classdesc,high
TAssetMgr,GetHighScoresFileName,(CStr63&),TAssetMgr::GetHighScoresFileName(CStr63&),,cw_symbols.demangled,654,method,high
TAssetMgr,GetScenarioFileName,"(int, int, CStr63&)","TAssetMgr::GetScenarioFileName(int, int, CStr63&)",,cw_symbols.demangled,655,method,high
TAssetMgr,GetSound,(short),TAssetMgr::GetSound(short),,cw_symbols.demangled,656,method,high
TAssetMgr,GetWindow,(short),TAssetMgr::GetWindow(short),,cw_symbols.demangled,657,method,high
TAssetMgr,IAssetMgr,(unsigned long),TAssetMgr::IAssetMgr(unsigned long),,cw_symbols.demangled,658,method,high
TAssetMgr,LoadTheGame,(const CStr255&),TAssetMgr::LoadTheGame(const CStr255&),,cw_symbols.demangled,659,method,high
TAssetMgr,OpenDataFile,(CStr63),TAssetMgr::OpenDataFile(CStr63),,cw_symbols.demangled,660,method,high
TAssetMgr,OpenFilesFor,(short),TAssetMgr::OpenFilesFor(short),,cw_symbols.demangled,661,method,high
TAssetMgr,OpenFilesForView,(short),TAssetMgr::OpenFilesForView(short),,cw_symbols.demangled,662,method,high
TAssetMgr,OpenRsrcFile,(const char*),TAssetMgr::OpenRsrcFile(const char*),,cw_symbols.demangled,663,method,high
TAssetMgr,OpenRsrcFile,"(const char*, unsigned long)","TAssetMgr::OpenRsrcFile(const char*, unsigned long)",,cw_symbols.demangled,664,method,high
TAssetMgr,SaveTheGame,(const CStr255&),TAssetMgr::SaveTheGame(const CStr255&),,cw_symbols.demangled,665,method,high
TAssetMgr,SetPreferenceInt,"(int, const char*)","TAssetMgr::SetPreferenceInt(int, const char*)",,cw_symbols.demangled,666,method,high
TAssetMgr,ShowMeTheMoney,(),TAssetMgr::ShowMeTheMoney(),,cw_symbols.demangled,667,method,high
TAssetMgr,TAssetMgr,(),TAssetMgr::TAssetMgr(),,cw_symbols.demangled,668,constructor,high
TAssociation,InsertEntry,"(const CStr255&, const CStr255&)","TAssociation::InsertEntry(const CStr255&, const CStr255&)",,cw_symbols.demangled,669,method,high
TAssociation,_DefaultConstructor,(),TAssociation::_DefaultConstructor(),,cw_symbols.demangled,670,constructor,high
TAssociation,EntryWithKey,(const CStr255&),TAssociation::EntryWithKey(const CStr255&),,cw_symbols.demangled,671,method,high
TAssociation,Free,(),TAssociation::Free(),,cw_symbols.demangled,672,method,high
TAssociation,GetClassDescDynamic,() const,TAssociation::GetClassDescDynamic() const,,cw_symbols.demangled,673,classdesc,high
TAssociation,IAssociation,(),TAssociation::IAssociation(),,cw_symbols.demangled,674,method,high
TAssociation,RemoveKeyAt,(const CStr255&),TAssociation::RemoveKeyAt(const CStr255&),,cw_symbols.demangled,675,method,high
TAssociation,RemoveValueAt,(const CStr255&),TAssociation::RemoveValueAt(const CStr255&),,cw_symbols.demangled,676,method,high
TAssociation,TAssociation,(),TAssociation::TAssociation(),,cw_symbols.demangled,677,constructor,high
TAssociation,ValueAt,"(const CStr255&, CStr255&)","TAssociation::ValueAt(const CStr255&, CStr255&)",,cw_symbols.demangled,678,method,high
TAttackProvinceMission,CalculateImportance,(),TAttackProvinceMission::CalculateImportance(),,cw_symbols.demangled,679,method,high
TAttackProvinceMission,_DefaultConstructor,(),TAttackProvinceMission::_DefaultConstructor(),,cw_symbols.demangled,680,constructor,high
TAttackProvinceMission,GetClassDescDynamic,() const,TAttackProvinceMission::GetClassDescDynamic() const,,cw_symbols.demangled,681,classdesc,high
TAttackProvinceMission,PickAmassingProvince,(),TAttackProvinceMission::PickAmassingProvince(),,cw_symbols.demangled,682,method,high
TAttackProvinceMission,FitnessOf,"(const TMilitaryUnit*, float*) const","TAttackProvinceMission::FitnessOf(const TMilitaryUnit*, float*) const",,cw_symbols.demangled,683,method,high
TAttackProvinceMission,AddBriefInfo,(char*),TAttackProvinceMission::AddBriefInfo(char*),,cw_symbols.demangled,684,method,high
TAttackProvinceMission,CalculateNeeds,(),TAttackProvinceMission::CalculateNeeds(),,cw_symbols.demangled,685,method,high
TAttackProvinceMission,Free,(),TAttackProvinceMission::Free(),,cw_symbols.demangled,686,method,high
TAttackProvinceMission,GetInfo,(char*),TAttackProvinceMission::GetInfo(char*),,cw_symbols.demangled,687,method,high
TAttackProvinceMission,GiveOrders,(),TAttackProvinceMission::GiveOrders(),,cw_symbols.demangled,688,method,high
TAttackProvinceMission,Initialize,(),TAttackProvinceMission::Initialize(),,cw_symbols.demangled,689,method,high
TAttackProvinceMission,Reassess,(),TAttackProvinceMission::Reassess(),,cw_symbols.demangled,690,method,high
TAttackProvinceMission,WriteTo,(TStream*),TAttackProvinceMission::WriteTo(TStream*),,cw_symbols.demangled,691,method,high
TAutoGreatPower,ConsiderWarOfIntervention,"(long, long)","TAutoGreatPower::ConsiderWarOfIntervention(long, long)",,cw_symbols.demangled,692,method,high
TAutoGreatPower,GetMissionCreationRatio,"(long, long, TZone*, long)","TAutoGreatPower::GetMissionCreationRatio(long, long, TZone*, long)",,cw_symbols.demangled,693,method,high
TAutoGreatPower,GetProvinceProduct,"(long, eMissionType, long)","TAutoGreatPower::GetProvinceProduct(long, eMissionType, long)",,cw_symbols.demangled,694,method,high
TAutoGreatPower,RemoveMission,"(eMissionType, long, TZone*)","TAutoGreatPower::RemoveMission(eMissionType, long, TZone*)",,cw_symbols.demangled,695,method,high
TAutoGreatPower,CreateMission,"(eMissionType, long, TZone*, long)","TAutoGreatPower::CreateMission(eMissionType, long, TZone*, long)",,cw_symbols.demangled,696,method,high
TAutoGreatPower,AddColony,(long),TAutoGreatPower::AddColony(long),,cw_symbols.demangled,697,method,high
TAutoGreatPower,AddOfferFrom,"(short, short)","TAutoGreatPower::AddOfferFrom(short, short)",,cw_symbols.demangled,698,method,high
TAutoGreatPower,AddProvince,(long),TAutoGreatPower::AddProvince(long),,cw_symbols.demangled,699,method,high
TAutoGreatPower,AnnounceLater,"(short, short, short)","TAutoGreatPower::AnnounceLater(short, short, short)",,cw_symbols.demangled,700,method,high
TAutoGreatPower,AnnounceNewUnits,(),TAutoGreatPower::AnnounceNewUnits(),,cw_symbols.demangled,701,method,high
TAutoGreatPower,CalculatePotentials,(),TAutoGreatPower::CalculatePotentials(),,cw_symbols.demangled,702,method,high
TAutoGreatPower,CityNotice,(CStr255&),TAutoGreatPower::CityNotice(CStr255&),,cw_symbols.demangled,703,method,high
TAutoGreatPower,ConsiderAllianceOfferFrom,(long),TAutoGreatPower::ConsiderAllianceOfferFrom(long),,cw_symbols.demangled,704,method,high
TAutoGreatPower,ConsiderNewMission,(),TAutoGreatPower::ConsiderNewMission(),,cw_symbols.demangled,705,method,high
TAutoGreatPower,CreateInitialMissions,(),TAutoGreatPower::CreateInitialMissions(),,cw_symbols.demangled,706,method,high
TAutoGreatPower,_DefaultConstructor,(),TAutoGreatPower::_DefaultConstructor(),,cw_symbols.demangled,707,constructor,high
TAutoGreatPower,DefenseNotice,(CStr255&),TAutoGreatPower::DefenseNotice(CStr255&),,cw_symbols.demangled,708,method,high
TAutoGreatPower,EndTradePhase,(),TAutoGreatPower::EndTradePhase(),,cw_symbols.demangled,709,method,high
TAutoGreatPower,ForeignNotice,(CStr255&),TAutoGreatPower::ForeignNotice(CStr255&),,cw_symbols.demangled,710,method,high
TAutoGreatPower,ForgetSomeMissions,(),TAutoGreatPower::ForgetSomeMissions(),,cw_symbols.demangled,711,method,high
TAutoGreatPower,GetClassDescStatic,(),TAutoGreatPower::GetClassDescStatic(),,cw_symbols.demangled,712,classdesc,high
TAutoGreatPower,HasEnemy,(),TAutoGreatPower::HasEnemy(),,cw_symbols.demangled,713,method,high
TAutoGreatPower,IAutoGreatPower,"(short, short, short, short, short)","TAutoGreatPower::IAutoGreatPower(short, short, short, short, short)",,cw_symbols.demangled,714,method,high
TAutoGreatPower,InitializeTradeStatus,(),TAutoGreatPower::InitializeTradeStatus(),,cw_symbols.demangled,715,method,high
TAutoGreatPower,MBuild,(char*),TAutoGreatPower::MBuild(char*),,cw_symbols.demangled,716,method,high
TAutoGreatPower,MHold,(char*),TAutoGreatPower::MHold(char*),,cw_symbols.demangled,717,method,high
TAutoGreatPower,MoveCivilians,(),TAutoGreatPower::MoveCivilians(),,cw_symbols.demangled,718,method,high
TAutoGreatPower,MPlan,(),TAutoGreatPower::MPlan(),,cw_symbols.demangled,719,method,high
TAutoGreatPower,MReassess,(),TAutoGreatPower::MReassess(),,cw_symbols.demangled,720,method,high
TAutoGreatPower,MReassign,(char*),TAutoGreatPower::MReassign(char*),,cw_symbols.demangled,721,method,high
TAutoGreatPower,OfferBogusMaterial,(short),TAutoGreatPower::OfferBogusMaterial(short),,cw_symbols.demangled,722,method,high
TAutoGreatPower,PleaseSell,"(short, short)","TAutoGreatPower::PleaseSell(short, short)",,cw_symbols.demangled,723,method,high
TAutoGreatPower,RememberTradeBids,(),TAutoGreatPower::RememberTradeBids(),,cw_symbols.demangled,724,method,high
TAutoGreatPower,ReplyToDiplomacyOffers,(),TAutoGreatPower::ReplyToDiplomacyOffers(),,cw_symbols.demangled,725,method,high
TAutoGreatPower,ReplyToTradeOffer,"(short, short, short, short)","TAutoGreatPower::ReplyToTradeOffer(short, short, short, short)",,cw_symbols.demangled,726,method,high
TAutoGreatPower,SetCityPolicies,(),TAutoGreatPower::SetCityPolicies(),,cw_symbols.demangled,727,method,high
TAutoGreatPower,SetDiplomacyPolicyTo,"(short, short)","TAutoGreatPower::SetDiplomacyPolicyTo(short, short)",,cw_symbols.demangled,728,method,high
TAutoGreatPower,=.SetProvinceStatus,"(long, eMissionDesirability)","TAutoGreatPower::=.SetProvinceStatus(long, eMissionDesirability)",,cw_symbols.demangled,729,method,high
TAutoGreatPower,?.SetProvinceStatus,"(long, eMissionDesirability, unsigned char)","TAutoGreatPower::?.SetProvinceStatus(long, eMissionDesirability, unsigned char)",,cw_symbols.demangled,730,method,high
TAutoGreatPower,WriteTo,(TStream*),TAutoGreatPower::WriteTo(TStream*),,cw_symbols.demangled,731,method,high
TAutomatedPlayDialog,Close,(),TAutomatedPlayDialog::Close(),,cw_symbols.demangled,732,method,high
TAutomatedPlayDialog,GetClassDescDynamic,() const,TAutomatedPlayDialog::GetClassDescDynamic() const,,cw_symbols.demangled,733,classdesc,high
TBackgroundPicture,_DefaultConstructor,(),TBackgroundPicture::_DefaultConstructor(),,cw_symbols.demangled,734,constructor,high
TBackgroundPicture,GetClassDescStatic,(),TBackgroundPicture::GetClassDescStatic(),,cw_symbols.demangled,735,classdesc,high
TBackgroundPicture,TBackgroundPicture,(),TBackgroundPicture::TBackgroundPicture(),,cw_symbols.demangled,736,constructor,high
TBatRepDetLine,_DefaultConstructor,(),TBatRepDetLine::_DefaultConstructor(),,cw_symbols.demangled,737,constructor,high
TBatRepDetLine,GetClassDescDynamic,() const,TBatRepDetLine::GetClassDescDynamic() const,,cw_symbols.demangled,738,classdesc,high
TBatRepDetLine,InstallViews,"(TView*, VPoint&)","TBatRepDetLine::InstallViews(TView*, VPoint&)",,cw_symbols.demangled,739,method,high
TBattleDetailBook,DoEvent,"(long, TEventHandler*, TEvent*)","TBattleDetailBook::DoEvent(long, TEventHandler*, TEvent*)",,cw_symbols.demangled,740,method,high
TBattleDetailBook,_DefaultConstructor,(),TBattleDetailBook::_DefaultConstructor(),,cw_symbols.demangled,741,constructor,high
TBattleDetailBook,GetClassDescDynamic,() const,TBattleDetailBook::GetClassDescDynamic() const,,cw_symbols.demangled,742,classdesc,high
TBattleReportView,DrawBattleNuggets,(const VRect&) const,TBattleReportView::DrawBattleNuggets(const VRect&) const,,cw_symbols.demangled,743,method,high
TBattleReportView,DisplayBattle,(BattleRecord*),TBattleReportView::DisplayBattle(BattleRecord*),,cw_symbols.demangled,744,method,high
TBattleReportView,ShouldDisplay,(BattleRecord*) const,TBattleReportView::ShouldDisplay(BattleRecord*) const,,cw_symbols.demangled,745,method,high
TBattleReportView,HandleCursor,"(const VPoint&, Region**)","TBattleReportView::HandleCursor(const VPoint&, Region**)",,cw_symbols.demangled,746,method,high
TBattleReportView,DoEvent,"(long, TEventHandler*, TEvent*)","TBattleReportView::DoEvent(long, TEventHandler*, TEvent*)",,cw_symbols.demangled,747,method,high
TBattleReportView,DoMouseCommand,"(VPoint&, TToolboxEvent*, CPoint)","TBattleReportView::DoMouseCommand(VPoint&, TToolboxEvent*, CPoint)",,cw_symbols.demangled,748,method,high
TBattleReportView,_DefaultConstructor,(),TBattleReportView::_DefaultConstructor(),,cw_symbols.demangled,749,constructor,high
TBattleReportView,DoIdle,(IdlePhase),TBattleReportView::DoIdle(IdlePhase),,cw_symbols.demangled,750,method,high
TBattleReportView,Draw,(const VRect&),TBattleReportView::Draw(const VRect&),,cw_symbols.demangled,751,method,high
TBattleReportView,Free,(),TBattleReportView::Free(),,cw_symbols.demangled,752,method,high
TBattleReportView,GetBattleAt,(const VPoint&) const,TBattleReportView::GetBattleAt(const VPoint&) const,,cw_symbols.demangled,753,method,high
TBattleReportView,GetClassDescDynamic,() const,TBattleReportView::GetClassDescDynamic() const,,cw_symbols.demangled,754,classdesc,high
TBattleUnitsView,StuffValues,"(BattleRecord&, int)","TBattleUnitsView::StuffValues(BattleRecord&, int)",,cw_symbols.demangled,755,method,high
TBattleUnitsView,Close,(),TBattleUnitsView::Close(),,cw_symbols.demangled,756,method,high
TBattleUnitsView,GetClassDescDynamic,() const,TBattleUnitsView::GetClassDescDynamic() const,,cw_symbols.demangled,757,classdesc,high
TBeachheadMission,GiveActionOrders,(TTaskForce*),TBeachheadMission::GiveActionOrders(TTaskForce*),,cw_symbols.demangled,758,method,high
TBeachheadMission,Matches,"(eMissionType, long, TZone*) const","TBeachheadMission::Matches(eMissionType, long, TZone*) const",,cw_symbols.demangled,759,method,high
TBeachheadMission,CalculateNeeds,(),TBeachheadMission::CalculateNeeds(),,cw_symbols.demangled,760,method,high
TBeachheadMission,_DefaultConstructor,(),TBeachheadMission::_DefaultConstructor(),,cw_symbols.demangled,761,constructor,high
TBeachheadMission,GetClassDescDynamic,() const,TBeachheadMission::GetClassDescDynamic() const,,cw_symbols.demangled,762,classdesc,high
TBeachheadMission,IsANoBrainer,() const,TBeachheadMission::IsANoBrainer() const,,cw_symbols.demangled,763,method,high
TBeachheadMission,SmokeEmIfYouGotEm,(),TBeachheadMission::SmokeEmIfYouGotEm(),,cw_symbols.demangled,764,method,high
TBehavior,InsertBefore,"(TBehavior*, TBehavior*)","TBehavior::InsertBefore(TBehavior*, TBehavior*)",,cw_symbols.demangled,765,method,high
TBehavior,AppendBehavior,(TBehavior*),TBehavior::AppendBehavior(TBehavior*),,cw_symbols.demangled,766,method,high
TBehavior,Clone,(),TBehavior::Clone(),,cw_symbols.demangled,767,method,high
TBehavior,DoBehaviorUpdate,"(long, TObject*, TObject*, TDependencySpace*)","TBehavior::DoBehaviorUpdate(long, TObject*, TObject*, TDependencySpace*)",,cw_symbols.demangled,768,method,high
TBehavior,DoAppleCommand,"(long, const AEDesc&, const AEDesc&)","TBehavior::DoAppleCommand(long, const AEDesc&, const AEDesc&)",,cw_symbols.demangled,769,method,high
TBehavior,DoCommandKeyEvent,(TToolboxEvent*),TBehavior::DoCommandKeyEvent(TToolboxEvent*),,cw_symbols.demangled,770,method,high
TBehavior,DoEvent,"(long, TEventHandler*, TEvent*)","TBehavior::DoEvent(long, TEventHandler*, TEvent*)",,cw_symbols.demangled,771,method,high
TBehavior,DoIdle,(IdlePhase),TBehavior::DoIdle(IdlePhase),,cw_symbols.demangled,772,method,high
TBehavior,DoKeyEvent,(TToolboxEvent*),TBehavior::DoKeyEvent(TToolboxEvent*),,cw_symbols.demangled,773,method,high
TBehavior,DoKeyUp,(TToolboxEvent*),TBehavior::DoKeyUp(TToolboxEvent*),,cw_symbols.demangled,774,method,high
TBehavior,DoMenuCommand,(long),TBehavior::DoMenuCommand(long),,cw_symbols.demangled,775,method,high
TBehavior,;.DoMouseCommand,"(VPoint&, TToolboxEvent*, CPoint)","TBehavior::;.DoMouseCommand(VPoint&, TToolboxEvent*, CPoint)",,cw_symbols.demangled,776,method,high
TBehavior,DoSetCursor,"(const VPoint&, Region**)","TBehavior::DoSetCursor(const VPoint&, Region**)",,cw_symbols.demangled,777,method,high
TBehavior,DoSetupMenus,(),TBehavior::DoSetupMenus(),,cw_symbols.demangled,778,method,high
TBehavior,DoToolboxEvent,(TToolboxEvent*),TBehavior::DoToolboxEvent(TToolboxEvent*),,cw_symbols.demangled,779,method,high
TBehavior,Free,(),TBehavior::Free(),,cw_symbols.demangled,780,method,high
TBehavior,GetClassDescDynamic,() const,TBehavior::GetClassDescDynamic() const,,cw_symbols.demangled,781,classdesc,high
TBehavior,GetNextBehavior,(),TBehavior::GetNextBehavior(),,cw_symbols.demangled,782,method,high
TBehavior,GetNextEnabledBehavior,(),TBehavior::GetNextEnabledBehavior(),,cw_symbols.demangled,783,method,high
TBehavior,IBehavior,(unsigned long),TBehavior::IBehavior(unsigned long),,cw_symbols.demangled,784,method,high
TBehavior,InsertAfter,"(TBehavior*, TBehavior*)","TBehavior::InsertAfter(TBehavior*, TBehavior*)",,cw_symbols.demangled,785,method,high
TBehavior,IsEnabled,(),TBehavior::IsEnabled(),,cw_symbols.demangled,786,method,high
TBehavior,NextIdle,(),TBehavior::NextIdle(),,cw_symbols.demangled,787,method,high
TBehavior,ReadFrom,(TStream*),TBehavior::ReadFrom(TStream*),,cw_symbols.demangled,788,method,high
TBehavior,RemoveBehavior,(TBehavior*),TBehavior::RemoveBehavior(TBehavior*),,cw_symbols.demangled,789,method,high
TBehavior,SelectOwner,(unsigned char),TBehavior::SelectOwner(unsigned char),,cw_symbols.demangled,790,method,high
TBehavior,SetNextBehavior,(TBehavior*),TBehavior::SetNextBehavior(TBehavior*),,cw_symbols.demangled,791,method,high
TBehavior,SetOwner,(TEventHandler*),TBehavior::SetOwner(TEventHandler*),,cw_symbols.demangled,792,method,high
TBehavior,SetPreviousBehavior,(TBehavior*),TBehavior::SetPreviousBehavior(TBehavior*),,cw_symbols.demangled,793,method,high
TBehavior,TBehavior,(),TBehavior::TBehavior(),,cw_symbols.demangled,794,constructor,high
TBillForeignMinister,DoSecondTurnDiplomacy,(),TBillForeignMinister::DoSecondTurnDiplomacy(),,cw_symbols.demangled,795,method,high
TBillForeignMinister,DoFirstTurnDiplomacy,(),TBillForeignMinister::DoFirstTurnDiplomacy(),,cw_symbols.demangled,796,method,high
TBillForeignMinister,GetClassDescDynamic,() const,TBillForeignMinister::GetClassDescDynamic() const,,cw_symbols.demangled,797,classdesc,high
TBillForeignMinister,MakeNewCity,(TCity*),TBillForeignMinister::MakeNewCity(TCity*),,cw_symbols.demangled,798,method,high
TBillForeignMinister,ReadFrom,(TStream*),TBillForeignMinister::ReadFrom(TStream*),,cw_symbols.demangled,799,method,high
TBillForeignMinister,ReplyToTradeOffer,"(short, short, short, short)","TBillForeignMinister::ReplyToTradeOffer(short, short, short, short)",,cw_symbols.demangled,800,method,high
TBillForeignMinister,SetBuyPriorities,(),TBillForeignMinister::SetBuyPriorities(),,cw_symbols.demangled,801,method,high
TBillForeignMinister,SetTradeBids,(),TBillForeignMinister::SetTradeBids(),,cw_symbols.demangled,802,method,high
TBillForeignMinister,TBillForeignMinister,(),TBillForeignMinister::TBillForeignMinister(),,cw_symbols.demangled,803,constructor,high
TBismarckMinister,IBismarckMinister,(TGreatPower*),TBismarckMinister::IBismarckMinister(TGreatPower*),,cw_symbols.demangled,804,method,high
TBismarckMinister,GetStategicEscalationMultiplier,(unsigned char),TBismarckMinister::GetStategicEscalationMultiplier(unsigned char),,cw_symbols.demangled,805,method,high
TBismarckMinister,_DefaultConstructor,(),TBismarckMinister::_DefaultConstructor(),,cw_symbols.demangled,806,constructor,high
TBismarckMinister,GetClassDescDynamic,() const,TBismarckMinister::GetClassDescDynamic() const,,cw_symbols.demangled,807,classdesc,high
TBismarckMinister,MakeNewCity,(TCity*),TBismarckMinister::MakeNewCity(TCity*),,cw_symbols.demangled,808,method,high
TBismarckMinister,TBismarckMinister,(),TBismarckMinister::TBismarckMinister(),,cw_symbols.demangled,809,constructor,high
TBlockadePortMission,NationalEscortStrength,(short),TBlockadePortMission::NationalEscortStrength(short),,cw_symbols.demangled,810,method,high
TBlockadePortMission,IsDefensiveSeaZoneMission,() const,TBlockadePortMission::IsDefensiveSeaZoneMission() const,,cw_symbols.demangled,811,method,high
TBlockadePortMission,GiveActionOrders,(TTaskForce*),TBlockadePortMission::GiveActionOrders(TTaskForce*),,cw_symbols.demangled,812,method,high
TBlockadePortMission,Matches,"(eMissionType, long, TZone*) const","TBlockadePortMission::Matches(eMissionType, long, TZone*) const",,cw_symbols.demangled,813,method,high
TBlockadePortMission,CalculateNeeds,(),TBlockadePortMission::CalculateNeeds(),,cw_symbols.demangled,814,method,high
TBlockadePortMission,CalculatePriority,(),TBlockadePortMission::CalculatePriority(),,cw_symbols.demangled,815,method,high
TBlockadePortMission,_DefaultConstructor,(),TBlockadePortMission::_DefaultConstructor(),,cw_symbols.demangled,816,constructor,high
TBlockadePortMission,GetClassDescDynamic,() const,TBlockadePortMission::GetClassDescDynamic() const,,cw_symbols.demangled,817,classdesc,high
TBlockadePortMission,Initialize,(),TBlockadePortMission::Initialize(),,cw_symbols.demangled,818,method,high
TBlockadePortMission,IsANoBrainer,() const,TBlockadePortMission::IsANoBrainer() const,,cw_symbols.demangled,819,method,high
TBlockadePortMission,ReadFrom,(TStream*),TBlockadePortMission::ReadFrom(TStream*),,cw_symbols.demangled,820,method,high
TBlockadePortMission,Reassess,(),TBlockadePortMission::Reassess(),,cw_symbols.demangled,821,method,high
TBook,DoPostCreate,(TDocument*),TBook::DoPostCreate(TDocument*),,cw_symbols.demangled,822,method,high
TBook,GetClassDescDynamic,() const,TBook::GetClassDescDynamic() const,,cw_symbols.demangled,823,classdesc,high
TBook,ShowPage,(long),TBook::ShowPage(long),,cw_symbols.demangled,824,method,high
TBoycottButton,_DefaultConstructor,(),TBoycottButton::_DefaultConstructor(),,cw_symbols.demangled,825,constructor,high
TBoycottButton,GetClassDescDynamic,() const,TBoycottButton::GetClassDescDynamic() const,,cw_symbols.demangled,826,classdesc,high
TBoycottButton,GetClassDescStatic,(),TBoycottButton::GetClassDescStatic(),,cw_symbols.demangled,827,classdesc,high
TBoycottButton,TBoycottButton,(),TBoycottButton::TBoycottButton(),,cw_symbols.demangled,828,constructor,high
TBufferedFileStream,IBufferedFileStream,"(TFile*, long)","TBufferedFileStream::IBufferedFileStream(TFile*, long)",,cw_symbols.demangled,829,method,high
TBufferedFileStream,GetPosition,(),TBufferedFileStream::GetPosition(),,cw_symbols.demangled,830,method,high
TBufferedFileStream,SetPosition,(long),TBufferedFileStream::SetPosition(long),,cw_symbols.demangled,831,method,high
TBufferedFileStream,WriteBytes,"(const void*, long)","TBufferedFileStream::WriteBytes(const void*, long)",,cw_symbols.demangled,832,method,high
TBuildingConstructionView,DoClosingAction,(unsigned long),TBuildingConstructionView::DoClosingAction(unsigned long),,cw_symbols.demangled,833,method,high
TBuildingConstructionView,GetClassDescStatic,(),TBuildingConstructionView::GetClassDescStatic(),,cw_symbols.demangled,834,classdesc,high
TBuildingConstructionView,_DefaultConstructor,(),TBuildingConstructionView::_DefaultConstructor(),,cw_symbols.demangled,835,constructor,high
TBuildingConstructionView,GetClassDescDynamic,() const,TBuildingConstructionView::GetClassDescDynamic() const,,cw_symbols.demangled,836,classdesc,high
TBuildingConstructionView,StuffValues,"(short, TCity*, TCityProductionView*)","TBuildingConstructionView::StuffValues(short, TCity*, TCityProductionView*)",,cw_symbols.demangled,837,method,high
TBuildingExpansionView,_DefaultConstructor,(),TBuildingExpansionView::_DefaultConstructor(),,cw_symbols.demangled,838,constructor,high
TBuildingExpansionView,GetClassDescDynamic,() const,TBuildingExpansionView::GetClassDescDynamic() const,,cw_symbols.demangled,839,classdesc,high
TBuildingExpansionView,StuffValues,"(short, TCity*, TCityProductionView*)","TBuildingExpansionView::StuffValues(short, TCity*, TCityProductionView*)",,cw_symbols.demangled,840,method,high
TBuildingView,Close,(),TBuildingView::Close(),,cw_symbols.demangled,841,method,high
TBuildingView,_DefaultConstructor,(),TBuildingView::_DefaultConstructor(),,cw_symbols.demangled,842,constructor,high
TBuildingView,DoStartup,(),TBuildingView::DoStartup(),,cw_symbols.demangled,843,method,high
TBuildingView,GetClassDescDynamic,() const,TBuildingView::GetClassDescDynamic() const,,cw_symbols.demangled,844,classdesc,high
TBuildingView,GetClassDescStatic,(),TBuildingView::GetClassDescStatic(),,cw_symbols.demangled,845,classdesc,high
TBuildingView,TBuildingView,(),TBuildingView::TBuildingView(),,cw_symbols.demangled,846,constructor,high
TBuildingView,UpdateFields,(),TBuildingView::UpdateFields(),,cw_symbols.demangled,847,method,high
TBullyMinister,IBullyMinister,(TGreatPower*),TBullyMinister::IBullyMinister(TGreatPower*),,cw_symbols.demangled,848,method,high
TBullyMinister,GetStategicEscalationMultiplier,(unsigned char),TBullyMinister::GetStategicEscalationMultiplier(unsigned char),,cw_symbols.demangled,849,method,high
TBullyMinister,_DefaultConstructor,(),TBullyMinister::_DefaultConstructor(),,cw_symbols.demangled,850,constructor,high
TBullyMinister,GetClassDescDynamic,() const,TBullyMinister::GetClassDescDynamic() const,,cw_symbols.demangled,851,classdesc,high
TBullyMinister,TBullyMinister,(),TBullyMinister::TBullyMinister(),,cw_symbols.demangled,852,constructor,high
TBusyCursor,Activate,(unsigned char),TBusyCursor::Activate(unsigned char),,cw_symbols.demangled,853,method,high
TBusyCursor,Animate,(),TBusyCursor::Animate(),,cw_symbols.demangled,854,method,high
TBusyCursor,_DefaultConstructor,(),TBusyCursor::_DefaultConstructor(),,cw_symbols.demangled,855,constructor,high
TBusyCursor,ForceBusy,(),TBusyCursor::ForceBusy(),,cw_symbols.demangled,856,method,high
TBusyCursor,IBusyCursor,(),TBusyCursor::IBusyCursor(),,cw_symbols.demangled,857,method,high
TBusyCursor,InControl,"(unsigned char, unsigned char)","TBusyCursor::InControl(unsigned char, unsigned char)",,cw_symbols.demangled,858,method,high
TBusyCursor,KeepCursorBusy,(unsigned char),TBusyCursor::KeepCursorBusy(unsigned char),,cw_symbols.demangled,859,method,high
TBusyCursor,ReleaseAnimatedCursor,(),TBusyCursor::ReleaseAnimatedCursor(),,cw_symbols.demangled,860,method,high
TBusyCursor,Reset,(short),TBusyCursor::Reset(short),,cw_symbols.demangled,861,method,high
TBusyCursor,SetDelay,(short),TBusyCursor::SetDelay(short),,cw_symbols.demangled,862,method,high
TBusyCursor,SetTimeout,(long),TBusyCursor::SetTimeout(long),,cw_symbols.demangled,863,method,high
TBusyCursor,TurnOff,(),TBusyCursor::TurnOff(),,cw_symbols.demangled,864,method,high
TButton,_DefaultConstructor,(),TButton::_DefaultConstructor(),,cw_symbols.demangled,865,constructor,high
TButton,DoEvent,"(long, TEventHandler*, TEvent*)","TButton::DoEvent(long, TEventHandler*, TEvent*)",,cw_symbols.demangled,866,method,high
TButton,GetClassDescDynamic,() const,TButton::GetClassDescDynamic() const,,cw_symbols.demangled,867,classdesc,high
TButton,GetClassDescStatic,(),TButton::GetClassDescStatic(),,cw_symbols.demangled,868,classdesc,high
TButton,GetStandardSignature,(),TButton::GetStandardSignature(),,cw_symbols.demangled,869,method,high
TButton,ReadFields,(TStream*),TButton::ReadFields(TStream*),,cw_symbols.demangled,870,method,high
TButton,TButton,(),TButton::TButton(),,cw_symbols.demangled,871,constructor,high
TButton,WriteFields,(TStream*),TButton::WriteFields(TStream*),,cw_symbols.demangled,872,method,high
TCancelGameOptionsCommand,_DefaultConstructor,(),TCancelGameOptionsCommand::_DefaultConstructor(),,cw_symbols.demangled,873,constructor,high
TCancelGameOptionsCommand,GetClassDescDynamic,() const,TCancelGameOptionsCommand::GetClassDescDynamic() const,,cw_symbols.demangled,874,classdesc,high
TCapacityOrder,_DefaultConstructor,(),TCapacityOrder::_DefaultConstructor(),,cw_symbols.demangled,875,constructor,high
TCapacityOrder,GetClassDescDynamic,() const,TCapacityOrder::GetClassDescDynamic() const,,cw_symbols.demangled,876,classdesc,high
TCapacityOrder,Produce,(),TCapacityOrder::Produce(),,cw_symbols.demangled,877,method,high
TCapacityOrder,TCapacityOrder,(),TCapacityOrder::TCapacityOrder(),,cw_symbols.demangled,878,constructor,high
TCellSelectCommand,ComputeAnchorCell,(CPoint&),TCellSelectCommand::ComputeAnchorCell(CPoint&),,cw_symbols.demangled,879,method,high
TCellSelectCommand,ComputeNewSelection,(CPoint&),TCellSelectCommand::ComputeNewSelection(CPoint&),,cw_symbols.demangled,880,method,high
TCellSelectCommand,ICellSelectCommand,"(TGridView*, const VPoint&, unsigned char, unsigned char)","TCellSelectCommand::ICellSelectCommand(TGridView*, const VPoint&, unsigned char, unsigned char)",,cw_symbols.demangled,881,method,high
TCellSelectCommand,_DefaultConstructor,(),TCellSelectCommand::_DefaultConstructor(),,cw_symbols.demangled,882,constructor,high
TCellSelectCommand,DoIt,(),TCellSelectCommand::DoIt(),,cw_symbols.demangled,883,method,high
TCellSelectCommand,Free,(),TCellSelectCommand::Free(),,cw_symbols.demangled,884,method,high
TCellSelectCommand,TrackMouse,"(TrackPhase, VPoint&, VPoint&, VPoint&, unsigned char)","TCellSelectCommand::TrackMouse(TrackPhase, VPoint&, VPoint&, VPoint&, unsigned char)",,cw_symbols.demangled,885,method,high
TCellSelectCommand,TrackFeedback,"(TrackPhase, const VPoint&, const VPoint&, const VPoint&, unsigned char, unsigned char)","TCellSelectCommand::TrackFeedback(TrackPhase, const VPoint&, const VPoint&, const VPoint&, unsigned char, unsigned char)",,cw_symbols.demangled,886,method,high
TCellSelectCommand,TCellSelectCommand,(),TCellSelectCommand::TCellSelectCommand(),,cw_symbols.demangled,887,constructor,high
TCheater,ApplyCheats,(),TCheater::ApplyCheats(),,cw_symbols.demangled,888,method,high
TCheater,_DefaultConstructor,(),TCheater::_DefaultConstructor(),,cw_symbols.demangled,889,constructor,high
TCheater,ICheater,"(TView*, short)","TCheater::ICheater(TView*, short)",,cw_symbols.demangled,890,method,high
TCheater,InstallTitledNumberText,"(VPoint&, short, short, long)","TCheater::InstallTitledNumberText(VPoint&, short, short, long)",,cw_symbols.demangled,891,method,high
TCheater,ResizeWindow,(VPoint&),TCheater::ResizeWindow(VPoint&),,cw_symbols.demangled,892,method,high
TCheckBox,GetClassDescDynamic,() const,TCheckBox::GetClassDescDynamic() const,,cw_symbols.demangled,893,classdesc,high
TCheckBox,GetClassDescStatic,(),TCheckBox::GetClassDescStatic(),,cw_symbols.demangled,894,classdesc,high
TCheckBox,GetStandardSignature,(),TCheckBox::GetStandardSignature(),,cw_symbols.demangled,895,method,high
TCheckBox,\.ICheckBox,"(TView*, const VPoint&, const VPoint&, SizeDeterminer, SizeDeterminer, const CStr255&, unsigned char)","TCheckBox::\.ICheckBox(TView*, const VPoint&, const VPoint&, SizeDeterminer, SizeDeterminer, const CStr255&, unsigned char)",,cw_symbols.demangled,896,method,high
TCheckBox,IsOn,(),TCheckBox::IsOn(),,cw_symbols.demangled,897,method,high
TCheckBox,ReadFields,(TStream*),TCheckBox::ReadFields(TStream*),,cw_symbols.demangled,898,method,high
TCheckBox,SetState,"(unsigned char, unsigned char)","TCheckBox::SetState(unsigned char, unsigned char)",,cw_symbols.demangled,899,method,high
TCheckBox,TCheckBox,(),TCheckBox::TCheckBox(),,cw_symbols.demangled,900,constructor,high
TCity,AddPurchasedItems,(short*),TCity::AddPurchasedItems(short*),,cw_symbols.demangled,901,method,high
TCity,AddTransportedItems,(),TCity::AddTransportedItems(),,cw_symbols.demangled,902,method,high
TCity,AddTransportedItems,(short*),TCity::AddTransportedItems(short*),,cw_symbols.demangled,903,method,high
TCity,AddTransportRequest,"(short, short)","TCity::AddTransportRequest(short, short)",,cw_symbols.demangled,904,method,high
TCityBarCluster,_DefaultConstructor,(),TCityBarCluster::_DefaultConstructor(),,cw_symbols.demangled,905,constructor,high
TCityBarCluster,GetClassDescDynamic,() const,TCityBarCluster::GetClassDescDynamic() const,,cw_symbols.demangled,906,classdesc,high
TCityBarCluster,GetClassDescStatic,(),TCityBarCluster::GetClassDescStatic(),,cw_symbols.demangled,907,classdesc,high
TCityBarCluster,StuffValues,(TCity*),TCityBarCluster::StuffValues(TCity*),,cw_symbols.demangled,908,method,high
TCity,BuildPowerPlant,(unsigned char),TCity::BuildPowerPlant(unsigned char),,cw_symbols.demangled,909,method,high
TCity,BuildRailhead,(short),TCity::BuildRailhead(short),,cw_symbols.demangled,910,method,high
TCity,DirectTransport,"(short, short)","TCity::DirectTransport(short, short)",,cw_symbols.demangled,911,method,high
TCity,EndCityPhase,(),TCity::EndCityPhase(),,cw_symbols.demangled,912,method,high
TCity,Free,(),TCity::Free(),,cw_symbols.demangled,913,method,high
TCity,GetBuildingWindowState,"(short, short&, short&)","TCity::GetBuildingWindowState(short, short&, short&)",,cw_symbols.demangled,914,method,high
TCity,GetClassDescDynamic,() const,TCity::GetClassDescDynamic() const,,cw_symbols.demangled,915,classdesc,high
TCity,GetClassDescStatic,(),TCity::GetClassDescStatic(),,cw_symbols.demangled,916,classdesc,high
TCity,GetMaxBuildingCapacity,(short),TCity::GetMaxBuildingCapacity(short),,cw_symbols.demangled,917,method,high
TCity,GetNextBuildingLevel,(short),TCity::GetNextBuildingLevel(short),,cw_symbols.demangled,918,method,high
TCity,ICity,(TGreatPower*),TCity::ICity(TGreatPower*),,cw_symbols.demangled,919,method,high
TCityInteriorMinister,AdjustOutputControls,(),TCityInteriorMinister::AdjustOutputControls(),,cw_symbols.demangled,920,method,high
TCityInteriorMinister,GetClassDescDynamic,() const,TCityInteriorMinister::GetClassDescDynamic() const,,cw_symbols.demangled,921,classdesc,high
TCityInteriorMinister,GetHistoricalNeedFor,(long),TCityInteriorMinister::GetHistoricalNeedFor(long),,cw_symbols.demangled,922,method,high
TCityInteriorMinister,ResetHistoricalNeedFor,(long),TCityInteriorMinister::ResetHistoricalNeedFor(long),,cw_symbols.demangled,923,method,high
TCityInteriorMinister,DetermineTradeBid,(TCity*),TCityInteriorMinister::DetermineTradeBid(TCity*),,cw_symbols.demangled,924,method,high
TCityInteriorMinister,ProduceGoodsMode,"(TCity*, short)","TCityInteriorMinister::ProduceGoodsMode(TCity*, short)",,cw_symbols.demangled,925,method,high
TCityInteriorMinister,GetRankingCriterionForGP,(short),TCityInteriorMinister::GetRankingCriterionForGP(short),,cw_symbols.demangled,926,method,high
TCityInteriorMinister,DoRequiredTransport,(TCity*),TCityInteriorMinister::DoRequiredTransport(TCity*),,cw_symbols.demangled,927,method,high
TCityInteriorMinister,DoTransport,"(TCity*, TTaskList*)","TCityInteriorMinister::DoTransport(TCity*, TTaskList*)",,cw_symbols.demangled,928,method,high
TCityInteriorMinister,LandUnitMode,"(TCity*, TTaskList*)","TCityInteriorMinister::LandUnitMode(TCity*, TTaskList*)",,cw_symbols.demangled,929,method,high
TCityInteriorMinister,TrainingMode,"(TCity*, TTaskList*)","TCityInteriorMinister::TrainingMode(TCity*, TTaskList*)",,cw_symbols.demangled,930,method,high
TCityInteriorMinister,IncreaseCapacityMode,"(TCity*, TTaskList*)","TCityInteriorMinister::IncreaseCapacityMode(TCity*, TTaskList*)",,cw_symbols.demangled,931,method,high
TCityInteriorMinister,=.ContinueRailheadProject,"(TUnit*, char*, char*)","TCityInteriorMinister::=.ContinueRailheadProject(TUnit*, char*, char*)",,cw_symbols.demangled,932,method,high
TCityInteriorMinister,?.CreateSeaDistanceMap,(TShortintList*),TCityInteriorMinister::?.CreateSeaDistanceMap(TShortintList*),,cw_symbols.demangled,933,method,high
TCityInteriorMinister,_DefaultConstructor,(),TCityInteriorMinister::_DefaultConstructor(),,cw_symbols.demangled,934,constructor,high
TCityInteriorMinister,DefaultPolicy,(TCity*),TCityInteriorMinister::DefaultPolicy(TCity*),,cw_symbols.demangled,935,method,high
TCityInteriorMinister,DispatchBuilders,(),TCityInteriorMinister::DispatchBuilders(),,cw_symbols.demangled,936,method,high
TCityInteriorMinister,DoCapacityIncreases,(),TCityInteriorMinister::DoCapacityIncreases(),,cw_symbols.demangled,937,method,high
TCityInteriorMinister,StartRailheadProject,"(short, TShortintList*, char*, char*)","TCityInteriorMinister::StartRailheadProject(short, TShortintList*, char*, char*)",,cw_symbols.demangled,938,method,high
TCityInteriorMinister,IncreaseRailCapacityMode,"(TCity*, TTaskList*)","TCityInteriorMinister::IncreaseRailCapacityMode(TCity*, TTaskList*)",,cw_symbols.demangled,939,method,high
TCityInteriorMinister,FillLists,(),TCityInteriorMinister::FillLists(),,cw_symbols.demangled,940,method,high
TCityInteriorMinister,FillOrders,(),TCityInteriorMinister::FillOrders(),,cw_symbols.demangled,941,method,high
TCityInteriorMinister,Free,(),TCityInteriorMinister::Free(),,cw_symbols.demangled,942,method,high
TCityInteriorMinister,GetIndustrialPower,(),TCityInteriorMinister::GetIndustrialPower(),,cw_symbols.demangled,943,method,high
TCityInteriorMinister,IndustryOrder,(short),TCityInteriorMinister::IndustryOrder(short),,cw_symbols.demangled,944,method,high
TCityInteriorMinister,=.IssueBasicOrders,"(TCity*, TTaskList*)","TCityInteriorMinister::=.IssueBasicOrders(TCity*, TTaskList*)",,cw_symbols.demangled,945,method,high
TCityInteriorMinister,MoveCivilians,(),TCityInteriorMinister::MoveCivilians(),,cw_symbols.demangled,946,method,high
TCityInteriorMinister,;.OverstockCheck,"(TCity*, TTaskList*)","TCityInteriorMinister::;.OverstockCheck(TCity*, TTaskList*)",,cw_symbols.demangled,947,method,high
TCityInteriorMinister,PleaseBuildCivilian,(short),TCityInteriorMinister::PleaseBuildCivilian(short),,cw_symbols.demangled,948,method,high
TCityInteriorMinister,PleaseBuildLandUnit,(short),TCityInteriorMinister::PleaseBuildLandUnit(short),,cw_symbols.demangled,949,method,high
TCityInteriorMinister,PleaseBuildShip,(short),TCityInteriorMinister::PleaseBuildShip(short),,cw_symbols.demangled,950,method,high
TCityInteriorMinister,PleaseBuildWarShip,(short),TCityInteriorMinister::PleaseBuildWarShip(short),,cw_symbols.demangled,951,method,high
TCityInteriorMinister,ReadFrom,(TStream*),TCityInteriorMinister::ReadFrom(TStream*),,cw_symbols.demangled,952,method,high
TCityInteriorMinister,RequestLabor,(short),TCityInteriorMinister::RequestLabor(short),,cw_symbols.demangled,953,method,high
TCityInteriorMinister,ScoreResource,"(short, short, short)","TCityInteriorMinister::ScoreResource(short, short, short)",,cw_symbols.demangled,954,method,high
TCityInteriorMinister,SeekLostTowns,"(char*, char*)","TCityInteriorMinister::SeekLostTowns(char*, char*)",,cw_symbols.demangled,955,method,high
TCityInteriorMinister,SetCityPolicies,(),TCityInteriorMinister::SetCityPolicies(),,cw_symbols.demangled,956,method,high
TCityInteriorMinister,ShopForCivilians,(),TCityInteriorMinister::ShopForCivilians(),,cw_symbols.demangled,957,method,high
TCityInteriorMinister,UseExcess,(),TCityInteriorMinister::UseExcess(),,cw_symbols.demangled,958,method,high
TCityInteriorMinister,WriteTo,(TStream*),TCityInteriorMinister::WriteTo(TStream*),,cw_symbols.demangled,959,method,high
TCity,IsCapacityCenter,(short),TCity::IsCapacityCenter(short),,cw_symbols.demangled,960,method,high
TCity,MakeTown,(TTown*),TCity::MakeTown(TTown*),,cw_symbols.demangled,961,method,high
TCity,MouseTrap,(),TCity::MouseTrap(),,cw_symbols.demangled,962,method,high
TCity,PickRandomMerchantVictims,"(short, short*)","TCity::PickRandomMerchantVictims(short, short*)",,cw_symbols.demangled,963,method,high
TCity,PredictedNeeds,(),TCity::PredictedNeeds(),,cw_symbols.demangled,964,method,high
TCity,ProduceUnits,(),TCity::ProduceUnits(),,cw_symbols.demangled,965,method,high
TCityProductionView,DoPostCreate,(TDocument*),TCityProductionView::DoPostCreate(TDocument*),,cw_symbols.demangled,966,method,high
TCityProductionView,StuffValues,"(TCity*, TWindow*)","TCityProductionView::StuffValues(TCity*, TWindow*)",,cw_symbols.demangled,967,method,high
TCityProductionView,HandleCursor,"(const VPoint&, Region**)","TCityProductionView::HandleCursor(const VPoint&, Region**)",,cw_symbols.demangled,968,method,high
TCityProductionView,DoEvent,"(long, TEventHandler*, TEvent*)","TCityProductionView::DoEvent(long, TEventHandler*, TEvent*)",,cw_symbols.demangled,969,method,high
TCityProductionView,Draw,(const VRect&),TCityProductionView::Draw(const VRect&),,cw_symbols.demangled,970,method,high
TCityProductionView,GetClassDescDynamic,() const,TCityProductionView::GetClassDescDynamic() const,,cw_symbols.demangled,971,classdesc,high
TCityProductionView,GetClassDescStatic,(),TCityProductionView::GetClassDescStatic(),,cw_symbols.demangled,972,classdesc,high
TCityProductionView,TrackMouse,"(TrackPhase, VPoint&, VPoint&, VPoint&, unsigned char)","TCityProductionView::TrackMouse(TrackPhase, VPoint&, VPoint&, VPoint&, unsigned char)",,cw_symbols.demangled,973,method,high
TCityProductionView,DrawToGWorld,"(const CRect&, CGrafPort*, short, short, short, CGrafPort*, GDevice**)","TCityProductionView::DrawToGWorld(const CRect&, CGrafPort*, short, short, short, CGrafPort*, GDevice**)",,cw_symbols.demangled,974,method,high
TCityProductionView,UpdateToolbar,(),TCityProductionView::UpdateToolbar(),,cw_symbols.demangled,975,method,high
TCityProductionView,UpdateUnits,(),TCityProductionView::UpdateUnits(),,cw_symbols.demangled,976,method,high
TCity,ReadFrom,(TStream*),TCity::ReadFrom(TStream*),,cw_symbols.demangled,977,method,high
TCity,SetBuildingWindowState,"(short, unsigned char, short, short)","TCity::SetBuildingWindowState(short, unsigned char, short, short)",,cw_symbols.demangled,978,method,high
TCitySiteView,_DefaultConstructor,(),TCitySiteView::_DefaultConstructor(),,cw_symbols.demangled,979,constructor,high
TCitySiteView,FrameCursorArea,(),TCitySiteView::FrameCursorArea(),,cw_symbols.demangled,980,method,high
TCitySiteView,GetClassDescDynamic,() const,TCitySiteView::GetClassDescDynamic() const,,cw_symbols.demangled,981,classdesc,high
TCitySiteView,NormalClick,"(short, short)","TCitySiteView::NormalClick(short, short)",,cw_symbols.demangled,982,method,high
TCitySiteView,SetUpperLeft,(short),TCitySiteView::SetUpperLeft(short),,cw_symbols.demangled,983,method,high
TCitySiteView,SetUpperLeft,"(short, short)","TCitySiteView::SetUpperLeft(short, short)",,cw_symbols.demangled,984,method,high
TCitySiteView,SetUpperLeft,"(short, short, unsigned char)","TCitySiteView::SetUpperLeft(short, short, unsigned char)",,cw_symbols.demangled,985,method,high
TCitySiteView,TCitySiteView,(),TCitySiteView::TCitySiteView(),,cw_symbols.demangled,986,constructor,high
TCity,StartCityPhase,(),TCity::StartCityPhase(),,cw_symbols.demangled,987,method,high
TCityTask,Execute,(TTaskList*),TCityTask::Execute(TTaskList*),,cw_symbols.demangled,988,method,high
TCityTask,GetClassDescDynamic,() const,TCityTask::GetClassDescDynamic() const,,cw_symbols.demangled,989,classdesc,high
TCityTask,ICityTask,"(short, TCity*, short)","TCityTask::ICityTask(short, TCity*, short)",,cw_symbols.demangled,990,method,high
TCityTask,IncompleteCapacity,(TTaskList*),TCityTask::IncompleteCapacity(TTaskList*),,cw_symbols.demangled,991,method,high
TCityTask,IncompleteGoods,(TTaskList*),TCityTask::IncompleteGoods(TTaskList*),,cw_symbols.demangled,992,method,high
TCityTask,IncompleteLandUnit,(TTaskList*),TCityTask::IncompleteLandUnit(TTaskList*),,cw_symbols.demangled,993,method,high
TCityTask,IncompleteTraining,(TTaskList*),TCityTask::IncompleteTraining(TTaskList*),,cw_symbols.demangled,994,method,high
TCityTask,ReadFrom,(TStream*),TCityTask::ReadFrom(TStream*),,cw_symbols.demangled,995,method,high
TCityTask,TCityTask,(),TCityTask::TCityTask(),,cw_symbols.demangled,996,constructor,high
TCity,TCity,(),TCity::TCity(),,cw_symbols.demangled,997,constructor,high
TCity,VerifyStocks,(),TCity::VerifyStocks(),,cw_symbols.demangled,998,method,high
TCivAnimation2,_DefaultConstructor,(),TCivAnimation2::_DefaultConstructor(),,cw_symbols.demangled,999,constructor,high
TCivAnimation2,DrawNextFrame,(VPoint&),TCivAnimation2::DrawNextFrame(VPoint&),,cw_symbols.demangled,1000,method,high
TCivAnimation2,GetClassDescDynamic,() const,TCivAnimation2::GetClassDescDynamic() const,,cw_symbols.demangled,1001,classdesc,high
TCivAnimation2,Tick,(),TCivAnimation2::Tick(),,cw_symbols.demangled,1002,method,high
TCivAnimation,_DefaultConstructor,(),TCivAnimation::_DefaultConstructor(),,cw_symbols.demangled,1003,constructor,high
TCivAnimation,GetClassDescDynamic,() const,TCivAnimation::GetClassDescDynamic() const,,cw_symbols.demangled,1004,classdesc,high
TCivAnimation,Tick,(),TCivAnimation::Tick(),,cw_symbols.demangled,1005,method,high
TCivDescription,_DefaultConstructor,(),TCivDescription::_DefaultConstructor(),,cw_symbols.demangled,1006,constructor,high
TCivDescription,Draw,(const VRect&),TCivDescription::Draw(const VRect&),,cw_symbols.demangled,1007,method,high
TCivDescription,DrawEngineer,(const VRect&),TCivDescription::DrawEngineer(const VRect&),,cw_symbols.demangled,1008,method,high
TCivDescription,DrawProspector,(const VRect&),TCivDescription::DrawProspector(const VRect&),,cw_symbols.demangled,1009,method,high
TCivilianButton,_DefaultConstructor,(),TCivilianButton::_DefaultConstructor(),,cw_symbols.demangled,1010,constructor,high
TCivilianButton,Draw,(const VRect&),TCivilianButton::Draw(const VRect&),,cw_symbols.demangled,1011,method,high
TCivilianButton,GetClassDescDynamic,() const,TCivilianButton::GetClassDescDynamic() const,,cw_symbols.demangled,1012,classdesc,high
TCivilianButton,SetButton,(TCivUnit*),TCivilianButton::SetButton(TCivUnit*),,cw_symbols.demangled,1013,method,high
TCivMgr,CompletedOrders,(TCivUnit*),TCivMgr::CompletedOrders(TCivUnit*),,cw_symbols.demangled,1014,method,high
TCivMgr,_DefaultConstructor,(),TCivMgr::_DefaultConstructor(),,cw_symbols.demangled,1015,constructor,high
TCivMgr,DeployUnit,(short),TCivMgr::DeployUnit(short),,cw_symbols.demangled,1016,method,high
TCivMgr,DisbandSelected,(),TCivMgr::DisbandSelected(),,cw_symbols.demangled,1017,method,high
TCivMgr,DoTileClick,"(short, short)","TCivMgr::DoTileClick(short, short)",,cw_symbols.demangled,1018,method,high
TCivMgr,GetClassDescDynamic,() const,TCivMgr::GetClassDescDynamic() const,,cw_symbols.demangled,1019,classdesc,high
TCivMgr,GetTileAction,"(short, short)","TCivMgr::GetTileAction(short, short)",,cw_symbols.demangled,1020,method,high
TCivMgr,ICivMgr,(),TCivMgr::ICivMgr(),,cw_symbols.demangled,1021,method,high
TCivMgr,ImprovementClick,(short),TCivMgr::ImprovementClick(short),,cw_symbols.demangled,1022,method,high
TCivMgr,InfoBox,(TCivUnit*),TCivMgr::InfoBox(TCivUnit*),,cw_symbols.demangled,1023,method,high
TCivMgr,MoveAndRedrawUnit,"(short, TUnit*)","TCivMgr::MoveAndRedrawUnit(short, TUnit*)",,cw_symbols.demangled,1024,method,high
TCivMgr,OrderAndCycle,(UnitOrder),TCivMgr::OrderAndCycle(UnitOrder),,cw_symbols.demangled,1025,method,high
TCivMgr,ProspectorClick,(short),TCivMgr::ProspectorClick(short),,cw_symbols.demangled,1026,method,high
TCivMgr,ResetCycle,(short),TCivMgr::ResetCycle(short),,cw_symbols.demangled,1027,method,high
TCivMgr,SelectionClick,"(short, short)","TCivMgr::SelectionClick(short, short)",,cw_symbols.demangled,1028,method,high
TCivMgr,SelectionCursor,"(short, short)","TCivMgr::SelectionCursor(short, short)",,cw_symbols.demangled,1029,method,high
TCivMgr,SetDimming,(TUnit*),TCivMgr::SetDimming(TUnit*),,cw_symbols.demangled,1030,method,high
TCivMgr,TCivMgr,(),TCivMgr::TCivMgr(),,cw_symbols.demangled,1031,constructor,high
TCivMgr,WakeAll,(int),TCivMgr::WakeAll(int),,cw_symbols.demangled,1032,method,high
TCivReport,GetClassDescDynamic,() const,TCivReport::GetClassDescDynamic() const,,cw_symbols.demangled,1033,classdesc,high
TCivReport,StuffValues,(TCivUnit*),TCivReport::StuffValues(TCivUnit*),,cw_symbols.demangled,1034,method,high
TCivReport,TCivReport,(),TCivReport::TCivReport(),,cw_symbols.demangled,1035,constructor,high
TCivToolbar,DoEvent,"(long, TEventHandler*, TEvent*)","TCivToolbar::DoEvent(long, TEventHandler*, TEvent*)",,cw_symbols.demangled,1036,method,high
TCivToolbar,_DefaultConstructor,(),TCivToolbar::_DefaultConstructor(),,cw_symbols.demangled,1037,constructor,high
TCivUnit,ClearOrders,(),TCivUnit::ClearOrders(),,cw_symbols.demangled,1038,method,high
TCivUnit,ContinueOrders,(),TCivUnit::ContinueOrders(),,cw_symbols.demangled,1039,method,high
TCivUnit,_DefaultConstructor,(),TCivUnit::_DefaultConstructor(),,cw_symbols.demangled,1040,constructor,high
TCivUnit,Disband,(),TCivUnit::Disband(),,cw_symbols.demangled,1041,method,high
TCivUnit,ICivUnit,"(short, short, short)","TCivUnit::ICivUnit(short, short, short)",,cw_symbols.demangled,1042,method,high
TCivUnit,MoveTo,(short),TCivUnit::MoveTo(short),,cw_symbols.demangled,1043,method,high
TCivUnit,SetOrders,"(UnitOrder, short)","TCivUnit::SetOrders(UnitOrder, short)",,cw_symbols.demangled,1044,method,high
TCivUnit,WriteTo,(TStream*),TCivUnit::WriteTo(TStream*),,cw_symbols.demangled,1045,method,high
TClassDescListByID,CompareElements,"(void*, void*)","TClassDescListByID::CompareElements(void*, void*)",,cw_symbols.demangled,1046,method,high
TClassDescListByID,_DefaultConstructor,(),TClassDescListByID::_DefaultConstructor(),,cw_symbols.demangled,1047,constructor,high
TClassDescListByID,IClassDescListByID,(long),TClassDescListByID::IClassDescListByID(long),,cw_symbols.demangled,1048,method,high
TClassDescListByName,GetClassDescDynamic,() const,TClassDescListByName::GetClassDescDynamic() const,,cw_symbols.demangled,1049,classdesc,high
TClassDescListByName,IClassDescListByName,(long),TClassDescListByName::IClassDescListByName(long),,cw_symbols.demangled,1050,method,high
TClickZone,=.DoMouseCommand,"(VPoint&, TToolboxEvent*, CPoint)","TClickZone::=.DoMouseCommand(VPoint&, TToolboxEvent*, CPoint)",,cw_symbols.demangled,1051,method,high
TClickZone,GetClassDescDynamic,() const,TClickZone::GetClassDescDynamic() const,,cw_symbols.demangled,1052,classdesc,high
TClickZone,Hilite,(),TClickZone::Hilite(),,cw_symbols.demangled,1053,method,high
TClickZone,TClickZone,(),TClickZone::TClickZone(),,cw_symbols.demangled,1054,constructor,high
TClientCommand,_DefaultConstructor,(),TClientCommand::_DefaultConstructor(),,cw_symbols.demangled,1055,constructor,high
TClientCommand,DoIt,(),TClientCommand::DoIt(),,cw_symbols.demangled,1056,method,high
TClientCommand,GetClassDescDynamic,() const,TClientCommand::GetClassDescDynamic() const,,cw_symbols.demangled,1057,classdesc,high
TClientCommand,GetClassDescStatic,(),TClientCommand::GetClassDescStatic(),,cw_symbols.demangled,1058,classdesc,high
TClientCommand,GetReturnID,(),TClientCommand::GetReturnID(),,cw_symbols.demangled,1059,method,high
TClientCommand,IsReadyToPost,(),TClientCommand::IsReadyToPost(),,cw_symbols.demangled,1060,method,high
TClientCommand,SendMessage,(),TClientCommand::SendMessage(),,cw_symbols.demangled,1061,method,high
TClientCommand,TClientCommand,(),TClientCommand::TClientCommand(),,cw_symbols.demangled,1062,constructor,high
TClientGreatPower,ConsiderWarOfAlliance,"(long, long, unsigned char)","TClientGreatPower::ConsiderWarOfAlliance(long, long, unsigned char)",,cw_symbols.demangled,1063,method,high
TClientGreatPower,AcceptOffer,(short),TClientGreatPower::AcceptOffer(short),,cw_symbols.demangled,1064,method,high
TClientGreatPower,_DefaultConstructor,(),TClientGreatPower::_DefaultConstructor(),,cw_symbols.demangled,1065,constructor,high
TClientGreatPower,GetClassDescDynamic,() const,TClientGreatPower::GetClassDescDynamic() const,,cw_symbols.demangled,1066,classdesc,high
TClientGreatPower,IsClient,() const,TClientGreatPower::IsClient() const,,cw_symbols.demangled,1067,method,high
TClientGreatPower,IsRemote,() const,TClientGreatPower::IsRemote() const,,cw_symbols.demangled,1068,method,high
TClientGreatPower,RejectOffer,(short),TClientGreatPower::RejectOffer(short),,cw_symbols.demangled,1069,method,high
TClipboardMgr,SetClipView,"(TView*, TCommandHandler*)","TClipboardMgr::SetClipView(TView*, TCommandHandler*)",,cw_symbols.demangled,1070,method,high
TClipboardMgr,AboutToLoseControl,(unsigned char),TClipboardMgr::AboutToLoseControl(unsigned char),,cw_symbols.demangled,1071,method,high
TClipboardMgr,CanPaste,(unsigned long),TClipboardMgr::CanPaste(unsigned long),,cw_symbols.demangled,1072,method,high
TClipboardMgr,Close,(),TClipboardMgr::Close(),,cw_symbols.demangled,1073,method,high
TClipboardMgr,_DefaultConstructor,(),TClipboardMgr::_DefaultConstructor(),,cw_symbols.demangled,1074,constructor,high
TClipboardMgr,DoMenuCommand,(long),TClipboardMgr::DoMenuCommand(long),,cw_symbols.demangled,1075,method,high
TClipboardMgr,DoSetupMenus,(),TClipboardMgr::DoSetupMenus(),,cw_symbols.demangled,1076,method,high
TClipboardMgr,GetClassDescDynamic,() const,TClipboardMgr::GetClassDescDynamic() const,,cw_symbols.demangled,1077,classdesc,high
TClipboardMgr,GetDataToPaste,"(char**, unsigned long&)","TClipboardMgr::GetDataToPaste(char**, unsigned long&)",,cw_symbols.demangled,1078,method,high
TClipboardMgr,IClipboardMgr,(),TClipboardMgr::IClipboardMgr(),,cw_symbols.demangled,1079,method,high
TClipboardMgr,MakeClipboardWindow,(),TClipboardMgr::MakeClipboardWindow(),,cw_symbols.demangled,1080,method,high
TClipboardMgr,PutDeskScrapData,"(unsigned long, char**)","TClipboardMgr::PutDeskScrapData(unsigned long, char**)",,cw_symbols.demangled,1081,method,high
TClipboardMgr,ReadFromDeskScrap,(),TClipboardMgr::ReadFromDeskScrap(),,cw_symbols.demangled,1082,method,high
TClipboardMgr,TClipboardMgr,(),TClipboardMgr::TClipboardMgr(),,cw_symbols.demangled,1083,constructor,high
TCloseButton,HandleMouseDown,"(const VPoint&, TToolboxEvent*, CPoint)","TCloseButton::HandleMouseDown(const VPoint&, TToolboxEvent*, CPoint)",,cw_symbols.demangled,1084,method,high
TCloseButton,_DefaultConstructor,(),TCloseButton::_DefaultConstructor(),,cw_symbols.demangled,1085,constructor,high
TCloseButton,GetClassDescDynamic,() const,TCloseButton::GetClassDescDynamic() const,,cw_symbols.demangled,1086,classdesc,high
TCloseButton,GetClassDescStatic,(),TCloseButton::GetClassDescStatic(),,cw_symbols.demangled,1087,classdesc,high
TCloseButton,TCloseButton,(),TCloseButton::TCloseButton(),,cw_symbols.demangled,1088,constructor,high
TCloseParentButton,DoEvent,"(long, TEventHandler*, TEvent*)","TCloseParentButton::DoEvent(long, TEventHandler*, TEvent*)",,cw_symbols.demangled,1089,method,high
TCloseParentButton,_DefaultConstructor,(),TCloseParentButton::_DefaultConstructor(),,cw_symbols.demangled,1090,constructor,high
TCloseParentButton,TCloseParentButton,(),TCloseParentButton::TCloseParentButton(),,cw_symbols.demangled,1091,constructor,high
TClosePicture,_DefaultConstructor,(),TClosePicture::_DefaultConstructor(),,cw_symbols.demangled,1092,constructor,high
TClosePicture,GetClassDescDynamic,() const,TClosePicture::GetClassDescDynamic() const,,cw_symbols.demangled,1093,classdesc,high
TClosePicture,@.HandleMouseUp,"(const VPoint&, TToolboxEvent*, CPoint)","TClosePicture::@.HandleMouseUp(const VPoint&, TToolboxEvent*, CPoint)",,cw_symbols.demangled,1094,method,high
TClosePicture,TClosePicture,(),TClosePicture::TClosePicture(),,cw_symbols.demangled,1095,constructor,high
TCluster,Clone,(),TCluster::Clone(),,cw_symbols.demangled,1096,method,high
TCluster,_DefaultConstructor,(),TCluster::_DefaultConstructor(),,cw_symbols.demangled,1097,constructor,high
TCluster,Draw,(const VRect&),TCluster::Draw(const VRect&),,cw_symbols.demangled,1098,method,high
TCluster,GetClassDescStatic,(),TCluster::GetClassDescStatic(),,cw_symbols.demangled,1099,classdesc,high
TCluster,ReadFields,(TStream*),TCluster::ReadFields(TStream*),,cw_symbols.demangled,1100,method,high
TCluster,SetCurrentChoice,(unsigned long),TCluster::SetCurrentChoice(unsigned long),,cw_symbols.demangled,1101,method,high
TCluster,SetLabel,"(const CStr255&, unsigned char)","TCluster::SetLabel(const CStr255&, unsigned char)",,cw_symbols.demangled,1102,method,high
TCluster,WriteFields,(TStream*),TCluster::WriteFields(TStream*),,cw_symbols.demangled,1103,method,high
TCmdTable,AddNewCmdToTableAndUpdateTable,"(long, short, short)","TCmdTable::AddNewCmdToTableAndUpdateTable(long, short, short)",,cw_symbols.demangled,1104,method,high
TCmdTable,AddToTable,"(long, short, short)","TCmdTable::AddToTable(long, short, short)",,cw_symbols.demangled,1105,method,high
TCmdTable,CommandFromMenuItem,"(short, short)","TCmdTable::CommandFromMenuItem(short, short)",,cw_symbols.demangled,1106,method,high
TCmdTable,CompareElements,"(void*, void*)","TCmdTable::CompareElements(void*, void*)",,cw_symbols.demangled,1107,method,high
TCmdTable,GetClassDescDynamic,() const,TCmdTable::GetClassDescDynamic() const,,cw_symbols.demangled,1108,classdesc,high
TCmdTable,ICmdTable,(),TCmdTable::ICmdTable(),,cw_symbols.demangled,1109,method,high
TColorFill,Draw,"(TView*, const VRect&)","TColorFill::Draw(TView*, const VRect&)",,cw_symbols.demangled,1110,method,high
TColorFill,GetClassDescDynamic,() const,TColorFill::GetClassDescDynamic() const,,cw_symbols.demangled,1111,classdesc,high
TColorFill,GetClassDescStatic,(),TColorFill::GetClassDescStatic(),,cw_symbols.demangled,1112,classdesc,high
TColorKeyButton,_DefaultConstructor,(),TColorKeyButton::_DefaultConstructor(),,cw_symbols.demangled,1113,constructor,high
TColorKeyButton,DrawImmediate,(),TColorKeyButton::DrawImmediate(),,cw_symbols.demangled,1114,method,high
TColorKeyButton,GetClassDescDynamic,() const,TColorKeyButton::GetClassDescDynamic() const,,cw_symbols.demangled,1115,classdesc,high
TColorKeyPicture,Free,(),TColorKeyPicture::Free(),,cw_symbols.demangled,1116,method,high
TColorKeyPicture,GetClassDescDynamic,() const,TColorKeyPicture::GetClassDescDynamic() const,,cw_symbols.demangled,1117,classdesc,high
TColorKeyPicture,GetClassDescStatic,(),TColorKeyPicture::GetClassDescStatic(),,cw_symbols.demangled,1118,classdesc,high
TColorKeyPicture,SetPictureRsrcID,"(short, unsigned char)","TColorKeyPicture::SetPictureRsrcID(short, unsigned char)",,cw_symbols.demangled,1119,method,high
TColorKeyPicture,TColorKeyPicture,(),TColorKeyPicture::TColorKeyPicture(),,cw_symbols.demangled,1120,constructor,high
TColumnSelectCommand,ComputeAnchorCell,(CPoint&),TColumnSelectCommand::ComputeAnchorCell(CPoint&),,cw_symbols.demangled,1121,method,high
TColumnSelectCommand,ComputeNewSelection,(CPoint&),TColumnSelectCommand::ComputeNewSelection(CPoint&),,cw_symbols.demangled,1122,method,high
TColumnSelectCommand,_DefaultConstructor,(),TColumnSelectCommand::_DefaultConstructor(),,cw_symbols.demangled,1123,constructor,high
TColumnSelectCommand,GetClassDescDynamic,() const,TColumnSelectCommand::GetClassDescDynamic() const,,cw_symbols.demangled,1124,classdesc,high
TColumnSelectCommand,TColumnSelectCommand,(),TColumnSelectCommand::TColumnSelectCommand(),,cw_symbols.demangled,1125,constructor,high
TCombatReportView,StuffValues,(CombatReport*),TCombatReportView::StuffValues(CombatReport*),,cw_symbols.demangled,1126,method,high
TCombatReportView,DoEvent,"(long, TEventHandler*, TEvent*)","TCombatReportView::DoEvent(long, TEventHandler*, TEvent*)",,cw_symbols.demangled,1127,method,high
TCombatReportView,_DefaultConstructor,(),TCombatReportView::_DefaultConstructor(),,cw_symbols.demangled,1128,constructor,high
TCombatReportView,Draw,(const VRect&),TCombatReportView::Draw(const VRect&),,cw_symbols.demangled,1129,method,high
TCombatReportView,GetClassDescDynamic,() const,TCombatReportView::GetClassDescDynamic() const,,cw_symbols.demangled,1130,classdesc,high
TCombatReportView,TCombatReportView,(),TCombatReportView::TCombatReportView(),,cw_symbols.demangled,1131,constructor,high
TCommand,ICommand,"(long, TCommandHandler*, unsigned char, unsigned char, TObject*)","TCommand::ICommand(long, TCommandHandler*, unsigned char, unsigned char, TObject*)",,cw_symbols.demangled,1132,method,high
TCommand,CanBeUndone,(),TCommand::CanBeUndone(),,cw_symbols.demangled,1133,method,high
TCommand,Commit,(),TCommand::Commit(),,cw_symbols.demangled,1134,method,high
TCommand,Completed,(),TCommand::Completed(),,cw_symbols.demangled,1135,method,high
TCommand,_DefaultConstructor,(),TCommand::_DefaultConstructor(),,cw_symbols.demangled,1136,constructor,high
TCommand,DoNotification,(),TCommand::DoNotification(),,cw_symbols.demangled,1137,method,high
TCommand,;.DoUpdate,"(long, TObject*, TObject*, TDependencySpace*)","TCommand::;.DoUpdate(long, TObject*, TObject*, TDependencySpace*)",,cw_symbols.demangled,1138,method,high
TCommand,GetChangeID,(),TCommand::GetChangeID(),,cw_symbols.demangled,1139,method,high
TCommand,GetClassDescDynamic,() const,TCommand::GetClassDescDynamic() const,,cw_symbols.demangled,1140,classdesc,high
TCommandHandler,ICommandHandler,(TEventHandler*),TCommandHandler::ICommandHandler(TEventHandler*),,cw_symbols.demangled,1141,method,high
TCommandHandler,Clone,(),TCommandHandler::Clone(),,cw_symbols.demangled,1142,method,high
TCommandHandler,CommitLastCommand,(),TCommandHandler::CommitLastCommand(),,cw_symbols.demangled,1143,method,high
TCommandHandler,_DefaultConstructor,(),TCommandHandler::_DefaultConstructor(),,cw_symbols.demangled,1144,constructor,high
TCommandHandler,DoMenuCommand,(long),TCommandHandler::DoMenuCommand(long),,cw_symbols.demangled,1145,method,high
TCommandHandler,GetClassDescDynamic,() const,TCommandHandler::GetClassDescDynamic() const,,cw_symbols.demangled,1146,classdesc,high
TCommandHandler,GetContext,(long),TCommandHandler::GetContext(long),,cw_symbols.demangled,1147,method,high
TCommandHandler,SetupUndoMenu,(),TCommandHandler::SetupUndoMenu(),,cw_symbols.demangled,1148,method,high
TCommand,IsRecurring,(),TCommand::IsRecurring(),,cw_symbols.demangled,1149,method,high
TCommand,Process,(),TCommand::Process(),,cw_symbols.demangled,1150,method,high
TCommand,RedoIt,(),TCommand::RedoIt(),,cw_symbols.demangled,1151,method,high
TCommand,SetupDependencies,(),TCommand::SetupDependencies(),,cw_symbols.demangled,1152,method,high
TCommand,UndoIt,(),TCommand::UndoIt(),,cw_symbols.demangled,1153,method,high
TCommand,UndoRedoClipboard,(),TCommand::UndoRedoClipboard(),,cw_symbols.demangled,1154,method,high
TCommand,WillCauseChange,(),TCommand::WillCauseChange(),,cw_symbols.demangled,1155,method,high
TCommodityLine,_DefaultConstructor,(),TCommodityLine::_DefaultConstructor(),,cw_symbols.demangled,1156,constructor,high
TCommodityLine,GetClassDescDynamic,() const,TCommodityLine::GetClassDescDynamic() const,,cw_symbols.demangled,1157,classdesc,high
TCommodityLine,InstallViews,"(TView*, VPoint&)","TCommodityLine::InstallViews(TView*, VPoint&)",,cw_symbols.demangled,1158,method,high
TCommodityLine,TCommodityLine,(),TCommodityLine::TCommodityLine(),,cw_symbols.demangled,1159,constructor,high
TCompatibilityAdorner,GetClassDescDynamic,() const,TCompatibilityAdorner::GetClassDescDynamic() const,,cw_symbols.demangled,1160,classdesc,high
TCompatibilityAdorner,GetStandardSignature,(),TCompatibilityAdorner::GetStandardSignature(),,cw_symbols.demangled,1161,method,high
TCompatibilityAdorner,ICompatibilityAdorner,(char),TCompatibilityAdorner::ICompatibilityAdorner(char),,cw_symbols.demangled,1162,method,high
TCompatibilityAdorner,_DefaultConstructor,(),TCompatibilityAdorner::_DefaultConstructor(),,cw_symbols.demangled,1163,constructor,high
TCompatibilityAdorner,ReadFrom,(TStream*),TCompatibilityAdorner::ReadFrom(TStream*),,cw_symbols.demangled,1164,method,high
TCompatibilityAdorner,WriteTo,(TStream*),TCompatibilityAdorner::WriteTo(TStream*),,cw_symbols.demangled,1165,method,high
TContext,Clone,(),TContext::Clone(),,cw_symbols.demangled,1166,method,high
TContext,_DefaultConstructor,(),TContext::_DefaultConstructor(),,cw_symbols.demangled,1167,constructor,high
TControl,ComputeFrame,(VRect&),TControl::ComputeFrame(VRect&),,cw_symbols.demangled,1168,method,high
TControl,ContainsMouse,(const VPoint&),TControl::ContainsMouse(const VPoint&),,cw_symbols.demangled,1169,method,high
TControl,ControlArea,(VRect&),TControl::ControlArea(VRect&),,cw_symbols.demangled,1170,method,high
TControl,_DefaultConstructor,(),TControl::_DefaultConstructor(),,cw_symbols.demangled,1171,constructor,high
TControl,Dim,(),TControl::Dim(),,cw_symbols.demangled,1172,method,high
TControl,DimState,"(unsigned char, unsigned char)","TControl::DimState(unsigned char, unsigned char)",,cw_symbols.demangled,1173,method,high
TControl,TrackFeedback,"(TrackPhase, const VPoint&, const VPoint&, const VPoint&, unsigned char, unsigned char)","TControl::TrackFeedback(TrackPhase, const VPoint&, const VPoint&, const VPoint&, unsigned char, unsigned char)",,cw_symbols.demangled,1174,method,high
TControl,Flash,(),TControl::Flash(),,cw_symbols.demangled,1175,method,high
TControl,Focus,(),TControl::Focus(),,cw_symbols.demangled,1176,method,high
TControl,GetAdornment,(char&),TControl::GetAdornment(char&),,cw_symbols.demangled,1177,method,high
TControl,GetClassDescStatic,(),TControl::GetClassDescStatic(),,cw_symbols.demangled,1178,classdesc,high
TControl,GetEventNumber,(),TControl::GetEventNumber(),,cw_symbols.demangled,1179,method,high
TControl,GetPenSize,(CPoint&),TControl::GetPenSize(CPoint&),,cw_symbols.demangled,1180,method,high
TControl,Hilite,(),TControl::Hilite(),,cw_symbols.demangled,1181,method,high
TControl,HiliteState,"(unsigned char, unsigned char)","TControl::HiliteState(unsigned char, unsigned char)",,cw_symbols.demangled,1182,method,high
TControl,Inset,"(const VPoint&, unsigned char)","TControl::Inset(const VPoint&, unsigned char)",,cw_symbols.demangled,1183,method,high
TControl,InstallColor,"(const CRGBColor&, unsigned char)","TControl::InstallColor(const CRGBColor&, unsigned char)",,cw_symbols.demangled,1184,method,high
TControl,InstallTextStyle,"(const TextStyle&, unsigned char)","TControl::InstallTextStyle(const TextStyle&, unsigned char)",,cw_symbols.demangled,1185,method,high
TControl,ReadFields,(TStream*),TControl::ReadFields(TStream*),,cw_symbols.demangled,1186,method,high
TControlSeaZoneMission,CalculateImportance,(),TControlSeaZoneMission::CalculateImportance(),,cw_symbols.demangled,1187,method,high
TControlSeaZoneMission,_DefaultConstructor,(),TControlSeaZoneMission::_DefaultConstructor(),,cw_symbols.demangled,1188,constructor,high
TControlSeaZoneMission,GetClassDescDynamic,() const,TControlSeaZoneMission::GetClassDescDynamic() const,,cw_symbols.demangled,1189,classdesc,high
TControlSeaZoneMission,IsDefensiveSeaZoneMission,() const,TControlSeaZoneMission::IsDefensiveSeaZoneMission() const,,cw_symbols.demangled,1190,method,high
TControlSeaZoneMission,EnemyEquipmentInZone,(const TZone*) const,TControlSeaZoneMission::EnemyEquipmentInZone(const TZone*) const,,cw_symbols.demangled,1191,method,high
TControlSeaZoneMission,GiveActionOrders,(TTaskForce*),TControlSeaZoneMission::GiveActionOrders(TTaskForce*),,cw_symbols.demangled,1192,method,high
TControlSeaZoneMission,CalculateNeeds,(),TControlSeaZoneMission::CalculateNeeds(),,cw_symbols.demangled,1193,method,high
TControlSeaZoneMission,Initialize,(),TControlSeaZoneMission::Initialize(),,cw_symbols.demangled,1194,method,high
TControlSeaZoneMission,Reassess,(),TControlSeaZoneMission::Reassess(),,cw_symbols.demangled,1195,method,high
TControl,SetAdornment,"(short, unsigned char)","TControl::SetAdornment(short, unsigned char)",,cw_symbols.demangled,1196,method,high
TControl,SetFrame,"(const VRect&, unsigned char)","TControl::SetFrame(const VRect&, unsigned char)",,cw_symbols.demangled,1197,method,high
TControl,SetInset,"(const VRect&, unsigned char)","TControl::SetInset(const VRect&, unsigned char)",,cw_symbols.demangled,1198,method,high
TControlTracker,IControlTracker,"(TControl*, const VPoint&)","TControlTracker::IControlTracker(TControl*, const VPoint&)",,cw_symbols.demangled,1199,method,high
TControlTracker,_DefaultConstructor,(),TControlTracker::_DefaultConstructor(),,cw_symbols.demangled,1200,constructor,high
TControl,=.TrackMouse,"(TrackPhase, VPoint&, VPoint&, VPoint&, unsigned char)","TControl::=.TrackMouse(TrackPhase, VPoint&, VPoint&, VPoint&, unsigned char)",,cw_symbols.demangled,1201,method,high
TControl,WriteFields,(TStream*),TControl::WriteFields(TStream*),,cw_symbols.demangled,1202,method,high
TCouncilPanelView,_DefaultConstructor,(),TCouncilPanelView::_DefaultConstructor(),,cw_symbols.demangled,1203,constructor,high
TCouncilPanelView,Draw,(const VRect&),TCouncilPanelView::Draw(const VRect&),,cw_symbols.demangled,1204,method,high
TCouncilPanelView,GetClassDescDynamic,() const,TCouncilPanelView::GetClassDescDynamic() const,,cw_symbols.demangled,1205,classdesc,high
TCouncilTickerAnimation,_DefaultConstructor,(),TCouncilTickerAnimation::_DefaultConstructor(),,cw_symbols.demangled,1206,constructor,high
TCouncilTickerAnimation,GetClassDescDynamic,() const,TCouncilTickerAnimation::GetClassDescDynamic() const,,cw_symbols.demangled,1207,classdesc,high
TCouncilView,HandleCursor,"(const VPoint&, Region**)","TCouncilView::HandleCursor(const VPoint&, Region**)",,cw_symbols.demangled,1208,method,high
TCouncilView,DisplayStats,(),TCouncilView::DisplayStats(),,cw_symbols.demangled,1209,method,high
TCouncilView,DoPostCreate,(TDocument*),TCouncilView::DoPostCreate(TDocument*),,cw_symbols.demangled,1210,method,high
TCouncilView,GetClassDescDynamic,() const,TCouncilView::GetClassDescDynamic() const,,cw_symbols.demangled,1211,classdesc,high
TCouncilView,NextTick,(),TCouncilView::NextTick(),,cw_symbols.demangled,1212,method,high
TCountingStream,_DefaultConstructor,(),TCountingStream::_DefaultConstructor(),,cw_symbols.demangled,1213,constructor,high
TCountingStream,GetPosition,(),TCountingStream::GetPosition(),,cw_symbols.demangled,1214,method,high
TCountingStream,GetSize,(),TCountingStream::GetSize(),,cw_symbols.demangled,1215,method,high
TCountingStream,ICountingStream,(),TCountingStream::ICountingStream(),,cw_symbols.demangled,1216,method,high
TCountingStream,SetPosition,(long),TCountingStream::SetPosition(long),,cw_symbols.demangled,1217,method,high
TCountingStream,SetSize,(long),TCountingStream::SetSize(long),,cw_symbols.demangled,1218,method,high
TCountingStream,TCountingStream,(),TCountingStream::TCountingStream(),,cw_symbols.demangled,1219,constructor,high
TCountingStream,WriteBytes,"(const void*, long)","TCountingStream::WriteBytes(const void*, long)",,cw_symbols.demangled,1220,method,high
TCountry,AddMilitia,(long),TCountry::AddMilitia(long),,cw_symbols.demangled,1221,method,high
TCountry,AddNoticeFrom,"(short, short)","TCountry::AddNoticeFrom(short, short)",,cw_symbols.demangled,1222,method,high
TCountry,AddOfferFrom,"(short, short)","TCountry::AddOfferFrom(short, short)",,cw_symbols.demangled,1223,method,high
TCountry,AddProvince,(long),TCountry::AddProvince(long),,cw_symbols.demangled,1224,method,high
TCountry,AddToTreasury,(long),TCountry::AddToTreasury(long),,cw_symbols.demangled,1225,method,high
TCountry,BecomeColonyOf,(long),TCountry::BecomeColonyOf(long),,cw_symbols.demangled,1226,method,high
TCountry,BecomeProtectorateOf,(long),TCountry::BecomeProtectorateOf(long),,cw_symbols.demangled,1227,method,high
TCountry,ChangeMaster,"(long, long)","TCountry::ChangeMaster(long, long)",,cw_symbols.demangled,1228,method,high
TCountry,_DefaultConstructor,(),TCountry::_DefaultConstructor(),,cw_symbols.demangled,1229,constructor,high
TCountry,DeliverItem,(short),TCountry::DeliverItem(short),,cw_symbols.demangled,1230,method,high
TCountry,GenerateEthnicName,(CStr32&) const,TCountry::GenerateEthnicName(CStr32&) const,,cw_symbols.demangled,1231,method,high
TCountry,GeopoliticalCenter,(),TCountry::GeopoliticalCenter(),,cw_symbols.demangled,1232,method,high
TCountry,GetArmsInArmy,(),TCountry::GetArmsInArmy(),,cw_symbols.demangled,1233,method,high
TCountry,GetArmyRating,(),TCountry::GetArmyRating(),,cw_symbols.demangled,1234,method,high
TCountry,GetCapitolProvince,(),TCountry::GetCapitolProvince(),,cw_symbols.demangled,1235,method,high
TCountry,GetLandForceIn,(long),TCountry::GetLandForceIn(long),,cw_symbols.demangled,1236,method,high
TCountry,GetMerchantCapacity,(),TCountry::GetMerchantCapacity(),,cw_symbols.demangled,1237,method,high
TCountry,GetName,(CStr255&),TCountry::GetName(CStr255&),,cw_symbols.demangled,1238,method,high
TCountry,GetNameWithCode,(CStr255&),TCountry::GetNameWithCode(CStr255&),,cw_symbols.demangled,1239,method,high
TCountry,GetOriginalName,(CStr255&),TCountry::GetOriginalName(CStr255&),,cw_symbols.demangled,1240,method,high
TCountry,GetTotalLandForce,(),TCountry::GetTotalLandForce(),,cw_symbols.demangled,1241,method,high
TCountry,GetTradeOffersFor,(short),TCountry::GetTradeOffersFor(short),,cw_symbols.demangled,1242,method,high
TCountry,GrowMilitia,(),TCountry::GrowMilitia(),,cw_symbols.demangled,1243,method,high
TCountry,InitialMilitia,(),TCountry::InitialMilitia(),,cw_symbols.demangled,1244,method,high
TCountry,IsClient,() const,TCountry::IsClient() const,,cw_symbols.demangled,1245,method,high
TCountry,IsColonyOf,(long),TCountry::IsColonyOf(long),,cw_symbols.demangled,1246,method,high
TCountry,IsHost,() const,TCountry::IsHost() const,,cw_symbols.demangled,1247,method,high
TCountry,IsInConsortiumWith,(short),TCountry::IsInConsortiumWith(short),,cw_symbols.demangled,1248,method,high
TCountry,IsRemote,() const,TCountry::IsRemote() const,,cw_symbols.demangled,1249,method,high
TCountry,MultiReadFrom,"(TStream*, unsigned char)","TCountry::MultiReadFrom(TStream*, unsigned char)",,cw_symbols.demangled,1250,method,high
TCountry,NameUnits,(),TCountry::NameUnits(),,cw_symbols.demangled,1251,method,high
TCountry,NewStatusFor,"(long, eSlaveStatus)","TCountry::NewStatusFor(long, eSlaveStatus)",,cw_symbols.demangled,1252,method,high
TCountry,PlopDownCity,"(short, const char*)","TCountry::PlopDownCity(short, const char*)",,cw_symbols.demangled,1253,method,high
TCountry,PurchaseItem,"(short, short, short)","TCountry::PurchaseItem(short, short, short)",,cw_symbols.demangled,1254,method,high
TCountry,RegainIndependence,(),TCountry::RegainIndependence(),,cw_symbols.demangled,1255,method,high
TCountry,SetCenterTile,(short),TCountry::SetCenterTile(short),,cw_symbols.demangled,1256,method,high
TCountry,SetName,(CStr255&),TCountry::SetName(CStr255&),,cw_symbols.demangled,1257,method,high
TCountry,SetTradePolicyTo,"(short, short)","TCountry::SetTradePolicyTo(short, short)",,cw_symbols.demangled,1258,method,high
TCountry,StillBuyingItem,(short),TCountry::StillBuyingItem(short),,cw_symbols.demangled,1259,method,high
TCountry,WriteTo,(TStream*),TCountry::WriteTo(TStream*),,cw_symbols.demangled,1260,method,high
TCreditsPicture,DoEvent,"(long, TEventHandler*, TEvent*)","TCreditsPicture::DoEvent(long, TEventHandler*, TEvent*)",,cw_symbols.demangled,1261,method,high
TCreditsPicture,_DefaultConstructor,(),TCreditsPicture::_DefaultConstructor(),,cw_symbols.demangled,1262,constructor,high
TCreditsPicture,DoPostCreate,(TDocument*),TCreditsPicture::DoPostCreate(TDocument*),,cw_symbols.demangled,1263,method,high
TCreditsPicture,Draw,(const VRect&),TCreditsPicture::Draw(const VRect&),,cw_symbols.demangled,1264,method,high
TCreditsPicture,GetClassDescDynamic,() const,TCreditsPicture::GetClassDescDynamic() const,,cw_symbols.demangled,1265,classdesc,high
TCreditsPicture,Hilite,(),TCreditsPicture::Hilite(),,cw_symbols.demangled,1266,method,high
TCtlMgr,DoMouseCommand,"(VPoint&, TToolboxEvent*, CPoint)","TCtlMgr::DoMouseCommand(VPoint&, TToolboxEvent*, CPoint)",,cw_symbols.demangled,1267,method,high
TCtlMgr,AdjustCtlMgrControl,(unsigned char),TCtlMgr::AdjustCtlMgrControl(unsigned char),,cw_symbols.demangled,1268,method,high
TCtlMgr,CreateCMgrControl,"(const CStr255&, long, long, long, short)","TCtlMgr::CreateCMgrControl(const CStr255&, long, long, long, short)",,cw_symbols.demangled,1269,method,high
TCtlMgr,_DefaultConstructor,(),TCtlMgr::_DefaultConstructor(),,cw_symbols.demangled,1270,constructor,high
TCtlMgr,DimState,"(unsigned char, unsigned char)","TCtlMgr::DimState(unsigned char, unsigned char)",,cw_symbols.demangled,1271,method,high
TCtlMgr,Draw,(const VRect&),TCtlMgr::Draw(const VRect&),,cw_symbols.demangled,1272,method,high
TCtlMgr,Free,(),TCtlMgr::Free(),,cw_symbols.demangled,1273,method,high
TCtlMgr,GetClassDescDynamic,() const,TCtlMgr::GetClassDescDynamic() const,,cw_symbols.demangled,1274,classdesc,high
TCtlMgr,GetHelpState,(),TCtlMgr::GetHelpState(),,cw_symbols.demangled,1275,method,high
TCtlMgr,GetLongMax,(),TCtlMgr::GetLongMax(),,cw_symbols.demangled,1276,method,high
TCtlMgr,GetLongMin,(),TCtlMgr::GetLongMin(),,cw_symbols.demangled,1277,method,high
TCtlMgr,GetLongVal,(),TCtlMgr::GetLongVal(),,cw_symbols.demangled,1278,method,high
TCtlMgr,GetMax,(),TCtlMgr::GetMax(),,cw_symbols.demangled,1279,method,high
TCtlMgr,GetMin,(),TCtlMgr::GetMin(),,cw_symbols.demangled,1280,method,high
TCtlMgr,GetText,(CStr255&),TCtlMgr::GetText(CStr255&),,cw_symbols.demangled,1281,method,high
TCtlMgr,GetVal,(),TCtlMgr::GetVal(),,cw_symbols.demangled,1282,method,high
TCtlMgr,GetVariant,(),TCtlMgr::GetVariant(),,cw_symbols.demangled,1283,method,high
TCtlMgr,HiliteState,"(unsigned char, unsigned char)","TCtlMgr::HiliteState(unsigned char, unsigned char)",,cw_symbols.demangled,1284,method,high
TCtlMgr,Inset,"(const VPoint&, unsigned char)","TCtlMgr::Inset(const VPoint&, unsigned char)",,cw_symbols.demangled,1285,method,high
TCtlMgr,SetCMgrVisibility,(unsigned char),TCtlMgr::SetCMgrVisibility(unsigned char),,cw_symbols.demangled,1286,method,high
TCtlMgr,SetLongMax,"(long, unsigned char)","TCtlMgr::SetLongMax(long, unsigned char)",,cw_symbols.demangled,1287,method,high
TCtlMgr,SetLongMin,"(long, unsigned char)","TCtlMgr::SetLongMin(long, unsigned char)",,cw_symbols.demangled,1288,method,high
TCtlMgr,SetLongVal,"(long, unsigned char)","TCtlMgr::SetLongVal(long, unsigned char)",,cw_symbols.demangled,1289,method,high
TCtlMgr,SetLongValues,"(long, long, long, unsigned char)","TCtlMgr::SetLongValues(long, long, long, unsigned char)",,cw_symbols.demangled,1290,method,high
TCtlMgr,SetMax,"(short, unsigned char)","TCtlMgr::SetMax(short, unsigned char)",,cw_symbols.demangled,1291,method,high
TCtlMgr,SetMin,"(short, unsigned char)","TCtlMgr::SetMin(short, unsigned char)",,cw_symbols.demangled,1292,method,high
TCtlMgr,SetText,"(const CStr255&, unsigned char)","TCtlMgr::SetText(const CStr255&, unsigned char)",,cw_symbols.demangled,1293,method,high
TCtlMgr,SetVal,"(short, unsigned char)","TCtlMgr::SetVal(short, unsigned char)",,cw_symbols.demangled,1294,method,high
TCtlMgr,Show,"(unsigned char, unsigned char)","TCtlMgr::Show(unsigned char, unsigned char)",,cw_symbols.demangled,1295,method,high
TCtlMgr,TCtlMgr,(),TCtlMgr::TCtlMgr(),,cw_symbols.demangled,1296,constructor,high
TCzechBox,CheckTheLook,(unsigned char),TCzechBox::CheckTheLook(unsigned char),,cw_symbols.demangled,1297,method,high
TCzechBox,_DefaultConstructor,(),TCzechBox::_DefaultConstructor(),,cw_symbols.demangled,1298,constructor,high
TCzechBox,DoPostCreate,(TDocument*),TCzechBox::DoPostCreate(TDocument*),,cw_symbols.demangled,1299,method,high
TCzechBox,GetClassDescDynamic,() const,TCzechBox::GetClassDescDynamic() const,,cw_symbols.demangled,1300,classdesc,high
TCzechBox,GetClassDescStatic,(),TCzechBox::GetClassDescStatic(),,cw_symbols.demangled,1301,classdesc,high
TCzechBox,HiliteState,"(unsigned char, unsigned char)","TCzechBox::HiliteState(unsigned char, unsigned char)",,cw_symbols.demangled,1302,method,high
TCzechBox,IsOn,(),TCzechBox::IsOn(),,cw_symbols.demangled,1303,method,high
TCzechBox,TCzechBox,(),TCzechBox::TCzechBox(),,cw_symbols.demangled,1304,constructor,high
TDealBookPicture,CalculatePages,(),TDealBookPicture::CalculatePages(),,cw_symbols.demangled,1305,method,high
TDealBookPicture,GetClassDescDynamic,() const,TDealBookPicture::GetClassDescDynamic() const,,cw_symbols.demangled,1306,classdesc,high
TDealBookPicture,GetClassDescStatic,(),TDealBookPicture::GetClassDescStatic(),,cw_symbols.demangled,1307,classdesc,high
TDealBookPicture,ShowPage,"(short, short)","TDealBookPicture::ShowPage(short, short)",,cw_symbols.demangled,1308,method,high
TDealBookPicture,Startup,(short),TDealBookPicture::Startup(short),,cw_symbols.demangled,1309,method,high
TDealBookPicture,TDealBookPicture,(),TDealBookPicture::TDealBookPicture(),,cw_symbols.demangled,1310,constructor,high
TDealLine,_DefaultConstructor,(),TDealLine::_DefaultConstructor(),,cw_symbols.demangled,1311,constructor,high
TDealLine,GetClassDescDynamic,() const,TDealLine::GetClassDescDynamic() const,,cw_symbols.demangled,1312,classdesc,high
TDealLine,InstallViews,"(TView*, VPoint&)","TDealLine::InstallViews(TView*, VPoint&)",,cw_symbols.demangled,1313,method,high
TDealLine,TDealLine,(),TDealLine::TDealLine(),,cw_symbols.demangled,1314,constructor,high
TDealList,Compare,"(char*, char*)","TDealList::Compare(char*, char*)",,cw_symbols.demangled,1315,method,high
TDealList,GetClassDescDynamic,() const,TDealList::GetClassDescDynamic() const,,cw_symbols.demangled,1316,classdesc,high
TDealList,IDealList,(),TDealList::IDealList(),,cw_symbols.demangled,1317,method,high
TDealList,TDealList,(),TDealList::TDealList(),,cw_symbols.demangled,1318,constructor,high
TDealTabControl,_DefaultConstructor,(),TDealTabControl::_DefaultConstructor(),,cw_symbols.demangled,1319,constructor,high
TDealTabControl,Draw,(const VRect&),TDealTabControl::Draw(const VRect&),,cw_symbols.demangled,1320,method,high
TDealTabControl,TrackMouse,"(TrackPhase, VPoint&, VPoint&, VPoint&, unsigned char)","TDealTabControl::TrackMouse(TrackPhase, VPoint&, VPoint&, VPoint&, unsigned char)",,cw_symbols.demangled,1321,method,high
TDealTabControl,Setup,"(short, unsigned char)","TDealTabControl::Setup(short, unsigned char)",,cw_symbols.demangled,1322,method,high
TDebugFlagsView,DoEvent,"(long, TEventHandler*, TEvent*)","TDebugFlagsView::DoEvent(long, TEventHandler*, TEvent*)",,cw_symbols.demangled,1323,method,high
TDebugFlagsView,_DefaultConstructor,(),TDebugFlagsView::_DefaultConstructor(),,cw_symbols.demangled,1324,constructor,high
TDebugFlagsView,DoPostCreate,(TDocument*),TDebugFlagsView::DoPostCreate(TDocument*),,cw_symbols.demangled,1325,method,high
TDebugFlagsView,GetClassDescStatic,(),TDebugFlagsView::GetClassDescStatic(),,cw_symbols.demangled,1326,classdesc,high
TDefenderMinister,GetStategicEscalationMultiplier,(unsigned char),TDefenderMinister::GetStategicEscalationMultiplier(unsigned char),,cw_symbols.demangled,1327,method,high
TDefenderMinister,_DefaultConstructor,(),TDefenderMinister::_DefaultConstructor(),,cw_symbols.demangled,1328,constructor,high
TDefenderMinister,GetClassDescDynamic,() const,TDefenderMinister::GetClassDescDynamic() const,,cw_symbols.demangled,1329,classdesc,high
TDefenderMinister,MakeNewCity,(TCity*),TDefenderMinister::MakeNewCity(TCity*),,cw_symbols.demangled,1330,method,high
TDefenderMinister,TDefenderMinister,(),TDefenderMinister::TDefenderMinister(),,cw_symbols.demangled,1331,constructor,high
TDefendProvinceMission,CalculateImportance,(),TDefendProvinceMission::CalculateImportance(),,cw_symbols.demangled,1332,method,high
TDefendProvinceMission,_DefaultConstructor,(),TDefendProvinceMission::_DefaultConstructor(),,cw_symbols.demangled,1333,constructor,high
TDefendProvinceMission,GetClassDescDynamic,() const,TDefendProvinceMission::GetClassDescDynamic() const,,cw_symbols.demangled,1334,classdesc,high
TDefendProvinceMission,AssessImmediateThreat,() const,TDefendProvinceMission::AssessImmediateThreat() const,,cw_symbols.demangled,1335,method,high
TDefendProvinceMission,CalculateNeeds,(),TDefendProvinceMission::CalculateNeeds(),,cw_symbols.demangled,1336,method,high
TDefendProvinceMission,Free,(),TDefendProvinceMission::Free(),,cw_symbols.demangled,1337,method,high
TDefendProvinceMission,GiveOrders,(),TDefendProvinceMission::GiveOrders(),,cw_symbols.demangled,1338,method,high
TDefendProvinceMission,Initialize,(),TDefendProvinceMission::Initialize(),,cw_symbols.demangled,1339,method,high
TDefendProvinceMission,IsHospitalMission,() const,TDefendProvinceMission::IsHospitalMission() const,,cw_symbols.demangled,1340,method,high
TDefendProvinceMission:,Matches,"(eMissionType, long, TZone*) const","TDefendProvinceMission:::Matches(eMissionType, long, TZone*) const",,cw_symbols.demangled,1341,method,high
TDefendProvinceMission,Reassess,(),TDefendProvinceMission::Reassess(),,cw_symbols.demangled,1342,method,high
TDefenseMinister,IDefenseMinister,(TGreatPower*),TDefenseMinister::IDefenseMinister(TGreatPower*),,cw_symbols.demangled,1343,method,high
TDefenseMinister,GetStategicEscalationMultiplier,(unsigned char),TDefenseMinister::GetStategicEscalationMultiplier(unsigned char),,cw_symbols.demangled,1344,method,high
TDefenseMinister,CreateEnemyPowerMap,(unsigned char),TDefenseMinister::CreateEnemyPowerMap(unsigned char),,cw_symbols.demangled,1345,method,high
TDefenseMinister,CreateHomeValueMap,(),TDefenseMinister::CreateHomeValueMap(),,cw_symbols.demangled,1346,method,high
TDefenseMinister,DoArmyMovement,(),TDefenseMinister::DoArmyMovement(),,cw_symbols.demangled,1347,method,high
TDefenseMinister,DoPeacetimeDeployment,(),TDefenseMinister::DoPeacetimeDeployment(),,cw_symbols.demangled,1348,method,high
TDefenseMinister,GetClassDescDynamic,() const,TDefenseMinister::GetClassDescDynamic() const,,cw_symbols.demangled,1349,classdesc,high
TDefenseMinister,GetRankingCriterionForGP,(short),TDefenseMinister::GetRankingCriterionForGP(short),,cw_symbols.demangled,1350,method,high
TDefenseMinister,GoShopping,(),TDefenseMinister::GoShopping(),,cw_symbols.demangled,1351,method,high
TDefenseMinister,ReadFrom,(TStream*),TDefenseMinister::ReadFrom(TStream*),,cw_symbols.demangled,1352,method,high
TDefenseMinister,TDefenseMinister,(),TDefenseMinister::TDefenseMinister(),,cw_symbols.demangled,1353,constructor,high
TDefenseMinisterView:,DoEvent,"(long, TEventHandler*, TEvent*)","TDefenseMinisterView:::DoEvent(long, TEventHandler*, TEvent*)",,cw_symbols.demangled,1354,method,high
TDefenseMinisterView,GetClassDescDynamic,() const,TDefenseMinisterView::GetClassDescDynamic() const,,cw_symbols.demangled,1355,classdesc,high
TDefenseMinisterView,TDefenseMinisterView,(),TDefenseMinisterView::TDefenseMinisterView(),,cw_symbols.demangled,1356,constructor,high
TDeluxeText,CenterVertically,(unsigned char),TDeluxeText::CenterVertically(unsigned char),,cw_symbols.demangled,1357,method,high
TDeluxeText,_DefaultConstructor,(),TDeluxeText::_DefaultConstructor(),,cw_symbols.demangled,1358,constructor,high
TDeluxeText,DoPostCreate,(TDocument*),TDeluxeText::DoPostCreate(TDocument*),,cw_symbols.demangled,1359,method,high
TDeluxeText,Draw,(const VRect&),TDeluxeText::Draw(const VRect&),,cw_symbols.demangled,1360,method,high
TDeluxeText,EnableEditing,(unsigned char),TDeluxeText::EnableEditing(unsigned char),,cw_symbols.demangled,1361,method,high
TDeluxeText,GetClassDescDynamic,() const,TDeluxeText::GetClassDescDynamic() const,,cw_symbols.demangled,1362,classdesc,high
TDeluxeText,SetText,(CStr255&),TDeluxeText::SetText(CStr255&),,cw_symbols.demangled,1363,method,high
TDeluxeText,SetText,"(CStr255&, unsigned char)","TDeluxeText::SetText(CStr255&, unsigned char)",,cw_symbols.demangled,1364,method,high
TDeluxeText,SetTextStyle,"(const TextStyle&, unsigned char)","TDeluxeText::SetTextStyle(const TextStyle&, unsigned char)",,cw_symbols.demangled,1365,method,high
TDeluxeText,SetTextStyle,"(short, short, short)","TDeluxeText::SetTextStyle(short, short, short)",,cw_symbols.demangled,1366,method,high
TDeluxeText,StuffBuffer,"(const char*, short)","TDeluxeText::StuffBuffer(const char*, short)",,cw_symbols.demangled,1367,method,high
TDependencies,AddDependency,"(TObject*, TObject*, long)","TDependencies::AddDependency(TObject*, TObject*, long)",,cw_symbols.demangled,1368,method,high
TDependencies,_DefaultConstructor,(),TDependencies::_DefaultConstructor(),,cw_symbols.demangled,1369,constructor,high
TDependencies,FindPrimaryObject,"(TObject*, long&)","TDependencies::FindPrimaryObject(TObject*, long&)",,cw_symbols.demangled,1370,method,high
TDependencies,GetClassDescDynamic,() const,TDependencies::GetClassDescDynamic() const,,cw_symbols.demangled,1371,classdesc,high
TDependencies,IDependencies,(),TDependencies::IDependencies(),,cw_symbols.demangled,1372,method,high
TDependencies,=.InsertDependencyBefore,"(long, TObject*, TObject*, long)","TDependencies::=.InsertDependencyBefore(long, TObject*, TObject*, long)",,cw_symbols.demangled,1373,method,high
TDependencies,PrimaryObjectAt,(long),TDependencies::PrimaryObjectAt(long),,cw_symbols.demangled,1374,method,high
TDependencies,SecondaryObjectAt,(long),TDependencies::SecondaryObjectAt(long),,cw_symbols.demangled,1375,method,high
TDependencies,TDependencies,(),TDependencies::TDependencies(),,cw_symbols.demangled,1376,constructor,high
TDependencySpace,RemoveDependencies,(TObject*),TDependencySpace::RemoveDependencies(TObject*),,cw_symbols.demangled,1377,method,high
TDependencySpace,NotifierChanged,"(TObject*, long, TObject*)","TDependencySpace::NotifierChanged(TObject*, long, TObject*)",,cw_symbols.demangled,1378,method,high
TDependencySpace,RemoveDependency,"(TObject*, TObject*, long)","TDependencySpace::RemoveDependency(TObject*, TObject*, long)",,cw_symbols.demangled,1379,method,high
TDependencySpace,GetClassDescDynamic,() const,TDependencySpace::GetClassDescDynamic() const,,cw_symbols.demangled,1380,classdesc,high
TDependencySpace,IDependencySpace,(),TDependencySpace::IDependencySpace(),,cw_symbols.demangled,1381,method,high
TDependencySpace,TDependencySpace,(),TDependencySpace::TDependencySpace(),,cw_symbols.demangled,1382,constructor,high
TDeskScrapView,CalcMinFrame,(VRect&),TDeskScrapView::CalcMinFrame(VRect&),,cw_symbols.demangled,1383,method,high
TDeskScrapView,CheckScrapContents,(),TDeskScrapView::CheckScrapContents(),,cw_symbols.demangled,1384,method,high
TDeskScrapView,_DefaultConstructor,(),TDeskScrapView::_DefaultConstructor(),,cw_symbols.demangled,1385,constructor,high
TDeskScrapView,Draw,(const VRect&),TDeskScrapView::Draw(const VRect&),,cw_symbols.demangled,1386,method,high
TDeskScrapView,Free,(),TDeskScrapView::Free(),,cw_symbols.demangled,1387,method,high
TDeskScrapView,GetClassDescDynamic,() const,TDeskScrapView::GetClassDescDynamic() const,,cw_symbols.demangled,1388,classdesc,high
TDeskScrapView,GetClassDescStatic,(),TDeskScrapView::GetClassDescStatic(),,cw_symbols.demangled,1389,classdesc,high
TDeskScrapView,ReadFields,(TStream*),TDeskScrapView::ReadFields(TStream*),,cw_symbols.demangled,1390,method,high
TDeskScrapView,;.SuperViewChangedFrame,"(const VRect&, const VRect&, unsigned char)","TDeskScrapView::;.SuperViewChangedFrame(const VRect&, const VRect&, unsigned char)",,cw_symbols.demangled,1391,method,high
TDeskScrapView,TDeskScrapView,(),TDeskScrapView::TDeskScrapView(),,cw_symbols.demangled,1392,constructor,high
TDeskScrapView,WriteToDeskScrap,(),TDeskScrapView::WriteToDeskScrap(),,cw_symbols.demangled,1393,method,high
TDialogBehavior,DoEvent,"(long, TEventHandler*, TEvent*)","TDialogBehavior::DoEvent(long, TEventHandler*, TEvent*)",,cw_symbols.demangled,1394,method,high
TDialogBehavior,_DefaultConstructor,(),TDialogBehavior::_DefaultConstructor(),,cw_symbols.demangled,1395,constructor,high
TDialogBehavior,Dismiss,"(unsigned long, unsigned char)","TDialogBehavior::Dismiss(unsigned long, unsigned char)",,cw_symbols.demangled,1396,method,high
TDialogBehavior,DoKeyEvent,(TToolboxEvent*),TDialogBehavior::DoKeyEvent(TToolboxEvent*),,cw_symbols.demangled,1397,method,high
TDialogBehavior,PoseModally,(),TDialogBehavior::PoseModally(),,cw_symbols.demangled,1398,method,high
TDialogBehavior,WriteTo,(TStream*),TDialogBehavior::WriteTo(TStream*),,cw_symbols.demangled,1399,method,high
TDialogTEView,Clone,(),TDialogTEView::Clone(),,cw_symbols.demangled,1400,method,high
TDialogTEView,_DefaultConstructor,(),TDialogTEView::_DefaultConstructor(),,cw_symbols.demangled,1401,constructor,high
TDialogTEView,Free,(),TDialogTEView::Free(),,cw_symbols.demangled,1402,method,high
TDialogTEView,GetClassDescDynamic,() const,TDialogTEView::GetClassDescDynamic() const,,cw_symbols.demangled,1403,classdesc,high
TDialogTEView,}.IDialogTEView,"(TDocument*, TView*, const VPoint&, const VPoint&, SizeDeterminer, SizeDeterminer, const VRect&, const TextStyle&, short, unsigned char, unsigned char)","TDialogTEView::}.IDialogTEView(TDocument*, TView*, const VPoint&, const VPoint&, SizeDeterminer, SizeDeterminer, const VRect&, const TextStyle&, short, unsigned char, unsigned char)",,cw_symbols.demangled,1404,method,high
TDialogTEView,InstallEditText,"(TEditText*, unsigned char)","TDialogTEView::InstallEditText(TEditText*, unsigned char)",,cw_symbols.demangled,1405,method,high
TDialogTEView,ResignedTarget,(),TDialogTEView::ResignedTarget(),,cw_symbols.demangled,1406,method,high
TDialogTEView,TDialogTEView,(),TDialogTEView::TDialogTEView(),,cw_symbols.demangled,1407,constructor,high
TDialogTEView,WillingToResignTarget,(),TDialogTEView::WillingToResignTarget(),,cw_symbols.demangled,1408,method,high
TDialogTEView,WriteFields,(TStream*),TDialogTEView::WriteFields(TStream*),,cw_symbols.demangled,1409,method,high
TDialogView,_DefaultConstructor,(),TDialogView::_DefaultConstructor(),,cw_symbols.demangled,1410,constructor,high
TDialogView,DoPostCreate,(TDocument*),TDialogView::DoPostCreate(TDocument*),,cw_symbols.demangled,1411,method,high
TDialogView,WriteFields,(TStream*),TDialogView::WriteFields(TStream*),,cw_symbols.demangled,1412,method,high
TDimAdorner,_DefaultConstructor,(),TDimAdorner::_DefaultConstructor(),,cw_symbols.demangled,1413,constructor,high
TDimAdorner,IDimAdorner,(),TDimAdorner::IDimAdorner(),,cw_symbols.demangled,1414,method,high
TDimAdorner,TDimAdorner,(),TDimAdorner::TDimAdorner(),,cw_symbols.demangled,1415,constructor,high
TDipDlgCluster,_DefaultConstructor,(),TDipDlgCluster::_DefaultConstructor(),,cw_symbols.demangled,1416,constructor,high
TDipDlgCluster,GetClassDescDynamic,() const,TDipDlgCluster::GetClassDescDynamic() const,,cw_symbols.demangled,1417,classdesc,high
TDipDlgCluster,GetClassDescStatic,(),TDipDlgCluster::GetClassDescStatic(),,cw_symbols.demangled,1418,classdesc,high
TDipDlgCluster,IsSelectionAllowed,(),TDipDlgCluster::IsSelectionAllowed(),,cw_symbols.demangled,1419,method,high
TDipDlgCluster,TDipDlgCluster,(),TDipDlgCluster::TDipDlgCluster(),,cw_symbols.demangled,1420,constructor,high
TDiplomacyMapView,DoKeyEvent,(TToolboxEvent*),TDiplomacyMapView::DoKeyEvent(TToolboxEvent*),,cw_symbols.demangled,1421,method,high
TDiplomacyMapView,SetOverlay,(eDipDrawStatus),TDiplomacyMapView::SetOverlay(eDipDrawStatus),,cw_symbols.demangled,1422,method,high
TDiplomacyMapView,DoSetCursor,"(const VPoint&, Region**)","TDiplomacyMapView::DoSetCursor(const VPoint&, Region**)",,cw_symbols.demangled,1423,method,high
TDiplomacyMapView,HandleCursor,"(const VPoint&, Region**)","TDiplomacyMapView::HandleCursor(const VPoint&, Region**)",,cw_symbols.demangled,1424,method,high
TDiplomacyMapView,DoEvent,"(long, TEventHandler*, TEvent*)","TDiplomacyMapView::DoEvent(long, TEventHandler*, TEvent*)",,cw_symbols.demangled,1425,method,high
TDiplomacyMapView,Close,(),TDiplomacyMapView::Close(),,cw_symbols.demangled,1426,method,high
TDiplomacyMapView,CreateDrawGeometries,(),TDiplomacyMapView::CreateDrawGeometries(),,cw_symbols.demangled,1427,method,high
TDiplomacyMapView,DoMouseCommand,"(VPoint&, TToolboxEvent*, CPoint)","TDiplomacyMapView::DoMouseCommand(VPoint&, TToolboxEvent*, CPoint)",,cw_symbols.demangled,1428,method,high
TDiplomacyMapView,_DefaultConstructor,(),TDiplomacyMapView::_DefaultConstructor(),,cw_symbols.demangled,1429,constructor,high
TDiplomacyMapView,Draw,(const VRect&),TDiplomacyMapView::Draw(const VRect&),,cw_symbols.demangled,1430,method,high
TDiplomacyMapView,DrawCountries,(const VRect&),TDiplomacyMapView::DrawCountries(const VRect&),,cw_symbols.demangled,1431,method,high
TDiplomacyMapView,DrawIcons,(const VRect&),TDiplomacyMapView::DrawIcons(const VRect&),,cw_symbols.demangled,1432,method,high
TDiplomacyMapView,DrawNames,(const VRect&),TDiplomacyMapView::DrawNames(const VRect&),,cw_symbols.demangled,1433,method,high
TDiplomacyMapView,DrawVoteNuggets,(),TDiplomacyMapView::DrawVoteNuggets(),,cw_symbols.demangled,1434,method,high
TDiplomacyMapView,FillRegionWithPict,"(short, short)","TDiplomacyMapView::FillRegionWithPict(short, short)",,cw_symbols.demangled,1435,method,high
TDiplomacyMapView,Free,(),TDiplomacyMapView::Free(),,cw_symbols.demangled,1436,method,high
TDiplomacyMapView,GetAction,(const VPoint&),TDiplomacyMapView::GetAction(const VPoint&),,cw_symbols.demangled,1437,method,high
TDiplomacyMapView,GetClassDescDynamic,() const,TDiplomacyMapView::GetClassDescDynamic() const,,cw_symbols.demangled,1438,classdesc,high
TDiplomacyMapView,GetClassDescStatic,(),TDiplomacyMapView::GetClassDescStatic(),,cw_symbols.demangled,1439,classdesc,high
TDiplomacyMapView,InvalidateCountries,(),TDiplomacyMapView::InvalidateCountries(),,cw_symbols.demangled,1440,method,high
TDiplomacyMapView,PoseOffer,"(short, short, short)","TDiplomacyMapView::PoseOffer(short, short, short)",,cw_symbols.demangled,1441,method,high
TDiplomacyMapView,PoseWarOffer,"(short, long, long, long)","TDiplomacyMapView::PoseWarOffer(short, long, long, long)",,cw_symbols.demangled,1442,method,high
TDiplomacyMapView,PrepVariousSubviews,(),TDiplomacyMapView::PrepVariousSubviews(),,cw_symbols.demangled,1443,method,high
TDiplomacyMapView,ShowActionError,(),TDiplomacyMapView::ShowActionError(),,cw_symbols.demangled,1444,method,high
TDiplomacyMapView,ShowTradePolicies,(short),TDiplomacyMapView::ShowTradePolicies(short),,cw_symbols.demangled,1445,method,high
TDiplomacyMapView,ShowTreaties,"(short, const VRect&)","TDiplomacyMapView::ShowTreaties(short, const VRect&)",,cw_symbols.demangled,1446,method,high
TDiplomacyMapView,SwitchToPanel,(long),TDiplomacyMapView::SwitchToPanel(long),,cw_symbols.demangled,1447,method,high
TDiplomacyMapView,TDiplomacyMapView,(),TDiplomacyMapView::TDiplomacyMapView(),,cw_symbols.demangled,1448,constructor,high
TDiplomacyMgr,IsActionAllowed,"(short, short, eDipAction)","TDiplomacyMgr::IsActionAllowed(short, short, eDipAction)",,cw_symbols.demangled,1449,method,high
TDiplomacyMgr,GetTreatyStatusText,"(short, short, CStr255&)","TDiplomacyMgr::GetTreatyStatusText(short, short, CStr255&)",,cw_symbols.demangled,1450,method,high
TDiplomacyMgr,IsInEstablishedWarWithAnybody,(short),TDiplomacyMgr::IsInEstablishedWarWithAnybody(short),,cw_symbols.demangled,1451,method,high
TDiplomacyMgr,CreateDiplomaticStandingsMessage,(),TDiplomacyMgr::CreateDiplomaticStandingsMessage(),,cw_symbols.demangled,1452,method,high
TDiplomacyMgr,AddDeclarationOfWar,"(short, short)","TDiplomacyMgr::AddDeclarationOfWar(short, short)",,cw_symbols.demangled,1453,method,high
TDiplomacyMgr,AddsEntanglements,"(short, short)","TDiplomacyMgr::AddsEntanglements(short, short)",,cw_symbols.demangled,1454,method,high
TDiplomacyMgr,HandleDiplomaticStandingsMsg,(DataHunkMessage*),TDiplomacyMgr::HandleDiplomaticStandingsMsg(DataHunkMessage*),,cw_symbols.demangled,1455,method,high
TDiplomacyMgr,AreAtWar,"(short, short)","TDiplomacyMgr::AreAtWar(short, short)",,cw_symbols.demangled,1456,method,high
TDiplomacyMgr,AreInEstablishedWar,"(short, short)","TDiplomacyMgr::AreInEstablishedWar(short, short)",,cw_symbols.demangled,1457,method,high
TDiplomacyMgr,ChooseCandidates,"(long&, long&)","TDiplomacyMgr::ChooseCandidates(long&, long&)",,cw_symbols.demangled,1458,method,high
TDiplomacyMgr,_DefaultConstructor,(),TDiplomacyMgr::_DefaultConstructor(),,cw_symbols.demangled,1459,constructor,high
TDiplomacyMgr,FinishDiplomacyPhase,(),TDiplomacyMgr::FinishDiplomacyPhase(),,cw_symbols.demangled,1460,method,high
TDiplomacyMgr,Free,(),TDiplomacyMgr::Free(),,cw_symbols.demangled,1461,method,high
TDiplomacyMgr,GetClassDescDynamic,() const,TDiplomacyMgr::GetClassDescDynamic() const,,cw_symbols.demangled,1462,classdesc,high
TDiplomacyMgr,GetEmbassyStatus,"(int, int)","TDiplomacyMgr::GetEmbassyStatus(int, int)",,cw_symbols.demangled,1463,method,high
TDiplomacyMgr,GetFavorite,"(long, unsigned char)","TDiplomacyMgr::GetFavorite(long, unsigned char)",,cw_symbols.demangled,1464,method,high
TDiplomacyMgr,GetFavoriteTradePartner,(long),TDiplomacyMgr::GetFavoriteTradePartner(long),,cw_symbols.demangled,1465,method,high
TDiplomacyMgr,GetNumAllies,(long),TDiplomacyMgr::GetNumAllies(long),,cw_symbols.demangled,1466,method,high
TDiplomacyMgr,GetRelationshipNotch,"(short, short)","TDiplomacyMgr::GetRelationshipNotch(short, short)",,cw_symbols.demangled,1467,method,high
TDiplomacyMgr,IDiplomacyMgr,(),TDiplomacyMgr::IDiplomacyMgr(),,cw_symbols.demangled,1468,method,high
TDiplomacyMgr,InflictWarPenalty,"(short, short, unsigned char)","TDiplomacyMgr::InflictWarPenalty(short, short, unsigned char)",,cw_symbols.demangled,1469,method,high
TDiplomacyMgr,InitializeGoverners,(),TDiplomacyMgr::InitializeGoverners(),,cw_symbols.demangled,1470,method,high
TDiplomacyMgr,IsAtWarWithAnybody,(short),TDiplomacyMgr::IsAtWarWithAnybody(short),,cw_symbols.demangled,1471,method,high
TDiplomacyMgr,IsGreatPower,(short),TDiplomacyMgr::IsGreatPower(short),,cw_symbols.demangled,1472,method,high
TDiplomacyMgr,RemoveEmbassiesOf,(short),TDiplomacyMgr::RemoveEmbassiesOf(short),,cw_symbols.demangled,1473,method,high
TDiplomacyMgr,SetRelationship,"(short, short, short)","TDiplomacyMgr::SetRelationship(short, short, short)",,cw_symbols.demangled,1474,method,high
TDiplomacyMgr,SetRelationshipsToMatch,"(short, short)","TDiplomacyMgr::SetRelationshipsToMatch(short, short)",,cw_symbols.demangled,1475,method,high
TDiplomacyMgr,SetTreatyStatus,"(short, short, short)","TDiplomacyMgr::SetTreatyStatus(short, short, short)",,cw_symbols.demangled,1476,method,high
TDiplomacyMgr,SetTreatyStatus,"(short, short, short, unsigned char)","TDiplomacyMgr::SetTreatyStatus(short, short, short, unsigned char)",,cw_symbols.demangled,1477,method,high
TDiplomacyMgr,StartDiplomacyPhase,(),TDiplomacyMgr::StartDiplomacyPhase(),,cw_symbols.demangled,1478,method,high
TDiplomacyMgr,TDiplomacyMgr,(),TDiplomacyMgr::TDiplomacyMgr(),,cw_symbols.demangled,1479,constructor,high
TDiplomacyMgr,TerminateAlliance,"(short, short, unsigned char)","TDiplomacyMgr::TerminateAlliance(short, short, unsigned char)",,cw_symbols.demangled,1480,method,high
TDiplomacyMgr,UpdateTables,(short),TDiplomacyMgr::UpdateTables(short),,cw_symbols.demangled,1481,method,high
TDiplomacyMgr,WriteTo,(TStream*),TDiplomacyMgr::WriteTo(TStream*),,cw_symbols.demangled,1482,method,high
TDiplomatForeignMinister,MakeNewCity,(TCity*),TDiplomatForeignMinister::MakeNewCity(TCity*),,cw_symbols.demangled,1483,method,high
TDiplomatForeignMinister,DoFirstTurnDiplomacy,(),TDiplomatForeignMinister::DoFirstTurnDiplomacy(),,cw_symbols.demangled,1484,method,high
TDiplomatForeignMinister,GetClassDescDynamic,() const,TDiplomatForeignMinister::GetClassDescDynamic() const,,cw_symbols.demangled,1485,classdesc,high
TDiplomatForeignMinister,ReplyToTradeOffer,"(short, short, short, short)","TDiplomatForeignMinister::ReplyToTradeOffer(short, short, short, short)",,cw_symbols.demangled,1486,method,high
TDiplomatForeignMinister,DoSecondTurnDiplomacy,(),TDiplomatForeignMinister::DoSecondTurnDiplomacy(),,cw_symbols.demangled,1487,method,high
TDiplomatForeignMinister,SetBuyPriorities,(),TDiplomatForeignMinister::SetBuyPriorities(),,cw_symbols.demangled,1488,method,high
TDiplomatForeignMinister,SetTradeBids,(),TDiplomatForeignMinister::SetTradeBids(),,cw_symbols.demangled,1489,method,high
TDisappearingButton,DrawImmediate,(),TDisappearingButton::DrawImmediate(),,cw_symbols.demangled,1490,method,high
TDisappearingButton,GetClassDescStatic,(),TDisappearingButton::GetClassDescStatic(),,cw_symbols.demangled,1491,classdesc,high
TDisappearingButton,HiliteState,"(unsigned char, unsigned char)","TDisappearingButton::HiliteState(unsigned char, unsigned char)",,cw_symbols.demangled,1492,method,high
TDisplayMgr,MakeNewGWorld,"(CGrafPort*&, short, const CRect&)","TDisplayMgr::MakeNewGWorld(CGrafPort*&, short, const CRect&)",,cw_symbols.demangled,1493,method,high
TDisplayMgr,AboutToLoseControl,(unsigned char),TDisplayMgr::AboutToLoseControl(unsigned char),,cw_symbols.demangled,1494,method,high
TDisplayMgr,CloseBooks,(),TDisplayMgr::CloseBooks(),,cw_symbols.demangled,1495,method,high
TDisplayMgr,CloseFloaters,(),TDisplayMgr::CloseFloaters(),,cw_symbols.demangled,1496,method,high
TDisplayMgr,_DefaultConstructor,(),TDisplayMgr::_DefaultConstructor(),,cw_symbols.demangled,1497,constructor,high
TDisplayMgr,ExamineGWorld,(),TDisplayMgr::ExamineGWorld(),,cw_symbols.demangled,1498,method,high
TDisplayMgr,IDisplayMgr,(),TDisplayMgr::IDisplayMgr(),,cw_symbols.demangled,1499,method,high
TDisplayMgr,RegainControl,(unsigned char),TDisplayMgr::RegainControl(unsigned char),,cw_symbols.demangled,1500,method,high
TDisplayMgr,RemoveGWorld,(CGrafPort*&),TDisplayMgr::RemoveGWorld(CGrafPort*&),,cw_symbols.demangled,1501,method,high
TDisplayMgr,SetHiliteColor,(RGBColor*),TDisplayMgr::SetHiliteColor(RGBColor*),,cw_symbols.demangled,1502,method,high
TDisplayMgr,SetMenuHeight,(unsigned char),TDisplayMgr::SetMenuHeight(unsigned char),,cw_symbols.demangled,1503,method,high
TDisplayMgr,UpdateTheGWorld,(short),TDisplayMgr::UpdateTheGWorld(short),,cw_symbols.demangled,1504,method,high
TDlgWindow,GetClassDescDynamic,() const,TDlgWindow::GetClassDescDynamic() const,,cw_symbols.demangled,1505,classdesc,high
TDlgWindow,GetClassDescStatic,(),TDlgWindow::GetClassDescStatic(),,cw_symbols.demangled,1506,classdesc,high
TDlgWindow,TDlgWindow,(),TDlgWindow::TDlgWindow(),,cw_symbols.demangled,1507,constructor,high
TDocument,AttachPrintHandler,(TPrintHandler*),TDocument::AttachPrintHandler(TPrintHandler*),,cw_symbols.demangled,1508,method,high
TDocument,DetachPrintHandler,(TPrintHandler*),TDocument::DetachPrintHandler(TPrintHandler*),,cw_symbols.demangled,1509,method,high
TDocument,AddView,(TView*),TDocument::AddView(TView*),,cw_symbols.demangled,1510,method,high
TDocument,AddWindow,(TWindow*),TDocument::AddWindow(TWindow*),,cw_symbols.demangled,1511,method,high
TDocument,Changed,"(long, TObject*)","TDocument::Changed(long, TObject*)",,cw_symbols.demangled,1512,method,high
TDocument,Close,(),TDocument::Close(),,cw_symbols.demangled,1513,method,high
TDocument,CloseAndFree,(),TDocument::CloseAndFree(),,cw_symbols.demangled,1514,method,high
TDocument,DeleteView,(TView*),TDocument::DeleteView(TView*),,cw_symbols.demangled,1515,method,high
TDocument,DeleteWindow,(TWindow*),TDocument::DeleteWindow(TWindow*),,cw_symbols.demangled,1516,method,high
TDocument,DoInitialState,(),TDocument::DoInitialState(),,cw_symbols.demangled,1517,method,high
TDocument,DoMakeViews,(unsigned char),TDocument::DoMakeViews(unsigned char),,cw_symbols.demangled,1518,method,high
TDocument,DoMenuCommand,(long),TDocument::DoMenuCommand(long),,cw_symbols.demangled,1519,method,high
TDocument,DoPostMakeViews,(unsigned char),TDocument::DoPostMakeViews(unsigned char),,cw_symbols.demangled,1520,method,high
TDocument,DoSetupMenus,(),TDocument::DoSetupMenus(),,cw_symbols.demangled,1521,method,high
TDocument,FindDocument,(TFile*),TDocument::FindDocument(TFile*),,cw_symbols.demangled,1522,method,high
TDocument,Free,(),TDocument::Free(),,cw_symbols.demangled,1523,method,high
TDocument,FreeData,(),TDocument::FreeData(),,cw_symbols.demangled,1524,method,high
TDocument,FreeFromClipboard,(),TDocument::FreeFromClipboard(),,cw_symbols.demangled,1525,method,high
TDocument,GetChangeCount,(),TDocument::GetChangeCount(),,cw_symbols.demangled,1526,method,high
TDocument,GetClassDescDynamic,() const,TDocument::GetClassDescDynamic() const,,cw_symbols.demangled,1527,classdesc,high
TDocument,GetClassDescStatic,(),TDocument::GetClassDescStatic(),,cw_symbols.demangled,1528,classdesc,high
TDocument,GetTitle,(CStr255&),TDocument::GetTitle(CStr255&),,cw_symbols.demangled,1529,method,high
TDocument,GetUserSelection,(),TDocument::GetUserSelection(),,cw_symbols.demangled,1530,method,high
TDocument,IDocument,(),TDocument::IDocument(),,cw_symbols.demangled,1531,method,high
TDocument,OpenAgain,"(long, TDocument*)","TDocument::OpenAgain(long, TDocument*)",,cw_symbols.demangled,1532,method,high
TDocument,PoseSaveDialog,(),TDocument::PoseSaveDialog(),,cw_symbols.demangled,1533,method,high
TDocument,ReadDocument,(unsigned char),TDocument::ReadDocument(unsigned char),,cw_symbols.demangled,1534,method,high
TDocument,ReadStationery,(TFile*),TDocument::ReadStationery(TFile*),,cw_symbols.demangled,1535,method,high
TDocument,RevealSelection,(TDesignator*),TDocument::RevealSelection(TDesignator*),,cw_symbols.demangled,1536,method,high
TDocument,RevertDocument,(),TDocument::RevertDocument(),,cw_symbols.demangled,1537,method,high
TDocument,SaveAgain,"(long, TDocument*)","TDocument::SaveAgain(long, TDocument*)",,cw_symbols.demangled,1538,method,high
TDocument,SaveDocument,(long),TDocument::SaveDocument(long),,cw_symbols.demangled,1539,method,high
TDocument,SetChangeCount,(long),TDocument::SetChangeCount(long),,cw_symbols.demangled,1540,method,high
TDocument,SetTitle,(const CStr255&),TDocument::SetTitle(const CStr255&),,cw_symbols.demangled,1541,method,high
TDocument,SetUserSelection,(TDesignator*),TDocument::SetUserSelection(TDesignator*),,cw_symbols.demangled,1542,method,high
TDocument,ShowReverted,(),TDocument::ShowReverted(),,cw_symbols.demangled,1543,method,high
TDocument,TDocument,(),TDocument::TDocument(),,cw_symbols.demangled,1544,constructor,high
TDocument,UntitledName,(CStr255&),TDocument::UntitledName(CStr255&),,cw_symbols.demangled,1545,method,high
TDocument,UserSelectionChanged,(TView*),TDocument::UserSelectionChanged(TView*),,cw_symbols.demangled,1546,method,high
TDrawAdorner,_DefaultConstructor,(),TDrawAdorner::_DefaultConstructor(),,cw_symbols.demangled,1547,constructor,high
TDrawAdorner,Draw,"(TView*, const VRect&)","TDrawAdorner::Draw(TView*, const VRect&)",,cw_symbols.demangled,1548,method,high
TDrawAdorner,GetClassDescDynamic,() const,TDrawAdorner::GetClassDescDynamic() const,,cw_symbols.demangled,1549,classdesc,high
TDrawAdorner,GetClassDescStatic,(),TDrawAdorner::GetClassDescStatic(),,cw_symbols.demangled,1550,classdesc,high
TDrawAdorner,GetStandardSignature,(),TDrawAdorner::GetStandardSignature(),,cw_symbols.demangled,1551,method,high
TDrawAdorner,IDrawAdorner,(),TDrawAdorner::IDrawAdorner(),,cw_symbols.demangled,1552,method,high
TDrawAdorner,TDrawAdorner,(),TDrawAdorner::TDrawAdorner(),,cw_symbols.demangled,1553,constructor,high
TDrawingEnvironment,GetGrafPort,(),TDrawingEnvironment::GetGrafPort(),,cw_symbols.demangled,1554,method,high
TDrawingEnvironment,Prepare,(),TDrawingEnvironment::Prepare(),,cw_symbols.demangled,1555,method,high
TDrawingEnvironment,Setup,(),TDrawingEnvironment::Setup(),,cw_symbols.demangled,1556,method,high
TDrawingEnvironment,TDrawingEnvironment,(),TDrawingEnvironment::TDrawingEnvironment(),,cw_symbols.demangled,1557,constructor,high
TDrawingEnvironment,WriteTo,(TStream*),TDrawingEnvironment::WriteTo(TStream*),,cw_symbols.demangled,1558,method,high
TDropShadowNumberText,GetClassDescDynamic,() const,TDropShadowNumberText::GetClassDescDynamic() const,,cw_symbols.demangled,1559,classdesc,high
TDropShadowNumberText,_DefaultConstructor,(),TDropShadowNumberText::_DefaultConstructor(),,cw_symbols.demangled,1560,constructor,high
TDropShadowNumberText,Draw,(const VRect&),TDropShadowNumberText::Draw(const VRect&),,cw_symbols.demangled,1561,method,high
TDropShadowTextBehavior,_DefaultConstructor,(),TDropShadowTextBehavior::_DefaultConstructor(),,cw_symbols.demangled,1562,constructor,high
TDropShadowTextBehavior,GetClassDescDynamic,() const,TDropShadowTextBehavior::GetClassDescDynamic() const,,cw_symbols.demangled,1563,classdesc,high
TDropShadowTextBehavior,Draw,(const VRect&),TDropShadowTextBehavior::Draw(const VRect&),,cw_symbols.demangled,1564,method,high
TDropShadowText,_DefaultConstructor,(),TDropShadowText::_DefaultConstructor(),,cw_symbols.demangled,1565,constructor,high
TDropShadowText,Draw,(const VRect&),TDropShadowText::Draw(const VRect&),,cw_symbols.demangled,1566,method,high
TDropShadowText,GetClassDescDynamic,() const,TDropShadowText::GetClassDescDynamic() const,,cw_symbols.demangled,1567,classdesc,high
TDropShadowText,GetClassDescStatic,(),TDropShadowText::GetClassDescStatic(),,cw_symbols.demangled,1568,classdesc,high
TDropShadowText,Hilite,(),TDropShadowText::Hilite(),,cw_symbols.demangled,1569,method,high
TDropShadowText,TDropShadowText,(),TDropShadowText::TDropShadowText(),,cw_symbols.demangled,1570,constructor,high
TDynamicArray,Clone,(),TDynamicArray::Clone(),,cw_symbols.demangled,1571,method,high
TDynamicArray,_DefaultConstructor,(),TDynamicArray::_DefaultConstructor(),,cw_symbols.demangled,1572,constructor,high
TDynamicArray,DeleteAll,(),TDynamicArray::DeleteAll(),,cw_symbols.demangled,1573,method,high
TDynamicArray,DeleteElementsAt,"(long, long)","TDynamicArray::DeleteElementsAt(long, long)",,cw_symbols.demangled,1574,method,high
TDynamicArray,Free,(),TDynamicArray::Free(),,cw_symbols.demangled,1575,method,high
TDynamicArray,GetClassDescDynamic,() const,TDynamicArray::GetClassDescDynamic() const,,cw_symbols.demangled,1576,classdesc,high
TDynamicArray,GetSize,(),TDynamicArray::GetSize(),,cw_symbols.demangled,1577,method,high
TDynamicArray,InsertElementsBefore,"(long, void*, long)","TDynamicArray::InsertElementsBefore(long, void*, long)",,cw_symbols.demangled,1578,method,high
TDynamicArray,IsEmpty,(),TDynamicArray::IsEmpty(),,cw_symbols.demangled,1579,method,high
TDynamicArray,Lock,(unsigned char),TDynamicArray::Lock(unsigned char),,cw_symbols.demangled,1580,method,high
TDynamicArray,Merge,(TDynamicArray*),TDynamicArray::Merge(TDynamicArray*),,cw_symbols.demangled,1581,method,high
TDynamicArray,ReplaceElementsAt,"(long, void*, long)","TDynamicArray::ReplaceElementsAt(long, void*, long)",,cw_symbols.demangled,1582,method,high
TDynamicArray,SetArraySize,(long),TDynamicArray::SetArraySize(long),,cw_symbols.demangled,1583,method,high
TDynamicArray,TDynamicArray,(),TDynamicArray::TDynamicArray(),,cw_symbols.demangled,1584,constructor,high
TDynamicArray,WriteTo,(TStream*),TDynamicArray::WriteTo(TStream*),,cw_symbols.demangled,1585,method,high
TEditText,IEditText,"(TView*, const VPoint&, const VPoint&, short)","TEditText::IEditText(TView*, const VPoint&, const VPoint&, short)",,cw_symbols.demangled,1586,method,high
TEditText,BecameTarget,(),TEditText::BecameTarget(),,cw_symbols.demangled,1587,method,high
TEditText,BecameWindowTarget,(),TEditText::BecameWindowTarget(),,cw_symbols.demangled,1588,method,high
TEditText,ChangeWrap,"(unsigned char, unsigned char)","TEditText::ChangeWrap(unsigned char, unsigned char)",,cw_symbols.demangled,1589,method,high
TEditText,Deselect,(),TEditText::Deselect(),,cw_symbols.demangled,1590,method,high
TEditText,DoSubstitution,(CStr255&),TEditText::DoSubstitution(CStr255&),,cw_symbols.demangled,1591,method,high
TEditText,Free,(),TEditText::Free(),,cw_symbols.demangled,1592,method,high
TEditText,GetClassDescDynamic,() const,TEditText::GetClassDescDynamic() const,,cw_symbols.demangled,1593,classdesc,high
TEditText,GetClassDescStatic,(),TEditText::GetClassDescStatic(),,cw_symbols.demangled,1594,classdesc,high
TEditText,GetStandardSignature,(),TEditText::GetStandardSignature(),,cw_symbols.demangled,1595,method,high
TEditText,GetTEView,(),TEditText::GetTEView(),,cw_symbols.demangled,1596,method,high
TEditText,GetValidationError,(),TEditText::GetValidationError(),,cw_symbols.demangled,1597,method,high
TEditText,=.HandleMouseDown,"(const VPoint&, TToolboxEvent*, CPoint)","TEditText::=.HandleMouseDown(const VPoint&, TToolboxEvent*, CPoint)",,cw_symbols.demangled,1598,method,high
TEditText,ImageText,"(char*, long, const VRect&, short)","TEditText::ImageText(char*, long, const VRect&, short)",,cw_symbols.demangled,1599,method,high
TEditText,InstallFloatingTEView,(unsigned char),TEditText::InstallFloatingTEView(unsigned char),,cw_symbols.demangled,1600,method,high
TEditText,IsTarget,(),TEditText::IsTarget(),,cw_symbols.demangled,1601,method,high
TEditText,ReadFields,(TStream*),TEditText::ReadFields(TStream*),,cw_symbols.demangled,1602,method,high
TEditText,ReleaseTEView,(),TEditText::ReleaseTEView(),,cw_symbols.demangled,1603,method,high
TEditText,RemoveFloatingTEView,(),TEditText::RemoveFloatingTEView(),,cw_symbols.demangled,1604,method,high
TEditText,RestartEdit,(const CStr255&),TEditText::RestartEdit(const CStr255&),,cw_symbols.demangled,1605,method,high
TEditText,SetJustification,"(short, unsigned char)","TEditText::SetJustification(short, unsigned char)",,cw_symbols.demangled,1606,method,high
TEditText,SetText,"(const CStr255&, unsigned char)","TEditText::SetText(const CStr255&, unsigned char)",,cw_symbols.demangled,1607,method,high
TEditText,StartEdit,(unsigned char),TEditText::StartEdit(unsigned char),,cw_symbols.demangled,1608,method,high
TEditText,StopEdit,(),TEditText::StopEdit(),,cw_symbols.demangled,1609,method,high
TEditText,TEditText,(),TEditText::TEditText(),,cw_symbols.demangled,1610,constructor,high
TEditText,ValidationFailed,(long),TEditText::ValidationFailed(long),,cw_symbols.demangled,1611,method,high
TEditText,WantsToBeTarget,"(void, 8)","TEditText::WantsToBeTarget(void, 8)",,cw_symbols.demangled,1612,method,high
TEngineerDialog,_DefaultConstructor,(),TEngineerDialog::_DefaultConstructor(),,cw_symbols.demangled,1613,constructor,high
TEngineerDialog,Draw,(const VRect&),TEngineerDialog::Draw(const VRect&),,cw_symbols.demangled,1614,method,high
TEngineerDialog,Free,(),TEngineerDialog::Free(),,cw_symbols.demangled,1615,method,high
TEngineerDialog,StuffValues,(short),TEngineerDialog::StuffValues(short),,cw_symbols.demangled,1616,method,high
TEngineerDialog,TEngineerDialog,(),TEngineerDialog::TEngineerDialog(),,cw_symbols.demangled,1617,constructor,high
TEntriesList,Compare,"(TObject*, TObject*)","TEntriesList::Compare(TObject*, TObject*)",,cw_symbols.demangled,1618,method,high
TEntriesList,GetClassDescDynamic,() const,TEntriesList::GetClassDescDynamic() const,,cw_symbols.demangled,1619,classdesc,high
TEntriesList,IEntriesList,(),TEntriesList::IEntriesList(),,cw_symbols.demangled,1620,method,high
TEntriesList,TEntriesList,(),TEntriesList::TEntriesList(),,cw_symbols.demangled,1621,constructor,high
TEntry,_DefaultConstructor,(),TEntry::_DefaultConstructor(),,cw_symbols.demangled,1622,constructor,high
TEntry,Free,(),TEntry::Free(),,cw_symbols.demangled,1623,method,high
TEntry,GetClassDescDynamic,() const,TEntry::GetClassDescDynamic() const,,cw_symbols.demangled,1624,classdesc,high
TEntry,IEntry,"(const CStr255&, const CStr255&)","TEntry::IEntry(const CStr255&, const CStr255&)",,cw_symbols.demangled,1625,method,high
TEntry,SetValue,(const CStr255&),TEntry::SetValue(const CStr255&),,cw_symbols.demangled,1626,method,high
TEntry,TEntry,(),TEntry::TEntry(),,cw_symbols.demangled,1627,constructor,high
TEraseAdorner,_DefaultConstructor,(),TEraseAdorner::_DefaultConstructor(),,cw_symbols.demangled,1628,constructor,high
TEraseAdorner,GetClassDescDynamic,() const,TEraseAdorner::GetClassDescDynamic() const,,cw_symbols.demangled,1629,classdesc,high
TEraseAdorner,GetClassDescStatic,(),TEraseAdorner::GetClassDescStatic(),,cw_symbols.demangled,1630,classdesc,high
TEraseAdorner,GetStandardSignature,(),TEraseAdorner::GetStandardSignature(),,cw_symbols.demangled,1631,method,high
TEraseAdorner,IEraseAdorner,(),TEraseAdorner::IEraseAdorner(),,cw_symbols.demangled,1632,method,high
TEraseAdorner,TEraseAdorner,(),TEraseAdorner::TEraseAdorner(),,cw_symbols.demangled,1633,constructor,high
TEscortMission,EnemyEquipmentInZone,(const TZone*) const,TEscortMission::EnemyEquipmentInZone(const TZone*) const,,cw_symbols.demangled,1634,method,high
TEscortMission,CalculateImportance,(),TEscortMission::CalculateImportance(),,cw_symbols.demangled,1635,method,high
TEscortMission,CalculateNeeds,(),TEscortMission::CalculateNeeds(),,cw_symbols.demangled,1636,method,high
TEscortMission,_DefaultConstructor,(),TEscortMission::_DefaultConstructor(),,cw_symbols.demangled,1637,constructor,high
TEscortMission,GetClassDescDynamic,() const,TEscortMission::GetClassDescDynamic() const,,cw_symbols.demangled,1638,classdesc,high
TEscortMission,GiveOrders,(),TEscortMission::GiveOrders(),,cw_symbols.demangled,1639,method,high
TEscortMission,Initialize,(),TEscortMission::Initialize(),,cw_symbols.demangled,1640,method,high
TEscortMission,IsDefensiveSeaZoneMission,() const,TEscortMission::IsDefensiveSeaZoneMission() const,,cw_symbols.demangled,1641,method,high
TEscortMission,Reassess,(),TEscortMission::Reassess(),,cw_symbols.demangled,1642,method,high
TEscortMission,TEscortMission,(TZone*),TEscortMission::TEscortMission(TZone*),,cw_symbols.demangled,1643,constructor,high
TEvenCityMinister,_DefaultConstructor,(),TEvenCityMinister::_DefaultConstructor(),,cw_symbols.demangled,1644,constructor,high
TEvenCityMinister,FillLists,(),TEvenCityMinister::FillLists(),,cw_symbols.demangled,1645,method,high
TEvenCityMinister,GetClassDescDynamic,() const,TEvenCityMinister::GetClassDescDynamic() const,,cw_symbols.demangled,1646,classdesc,high
TEvenCityMinister,TEvenCityMinister,(),TEvenCityMinister::TEvenCityMinister(),,cw_symbols.demangled,1647,constructor,high
TEvent,_DefaultConstructor,(),TEvent::_DefaultConstructor(),,cw_symbols.demangled,1648,constructor,high
TEvent,Free,(),TEvent::Free(),,cw_symbols.demangled,1649,method,high
TEvent,GetClassDescDynamic,() const,TEvent::GetClassDescDynamic() const,,cw_symbols.demangled,1650,classdesc,high
TEventHandler,IEventHandler,(TEventHandler*),TEventHandler::IEventHandler(TEventHandler*),,cw_symbols.demangled,1651,method,high
TEventHandler,RemoveHandler,(TEventHandler*),TEventHandler::RemoveHandler(TEventHandler*),,cw_symbols.demangled,1652,method,high
TEventHandler,DoEvent,"(long, TEventHandler*, TEvent*)","TEventHandler::DoEvent(long, TEventHandler*, TEvent*)",,cw_symbols.demangled,1653,method,high
TEventHandler,HandleCommandKey,(TToolboxEvent*),TEventHandler::HandleCommandKey(TToolboxEvent*),,cw_symbols.demangled,1654,method,high
TEventHandler,HandleKeyCommand,(TToolboxEvent*),TEventHandler::HandleKeyCommand(TToolboxEvent*),,cw_symbols.demangled,1655,method,high
TEventHandler,DoAppleCommand,"(long, const AEDesc&, const AEDesc&)","TEventHandler::DoAppleCommand(long, const AEDesc&, const AEDesc&)",,cw_symbols.demangled,1656,method,high
TEventHandler,DoCommandKeyEvent,(TToolboxEvent*),TEventHandler::DoCommandKeyEvent(TToolboxEvent*),,cw_symbols.demangled,1657,method,high
TEventHandler,HandleEvent,"(long, TEventHandler*, TEvent*)","TEventHandler::HandleEvent(long, TEventHandler*, TEvent*)",,cw_symbols.demangled,1658,method,high
TEventHandler,KeyEventToComponents,(TToolboxEvent*),TEventHandler::KeyEventToComponents(TToolboxEvent*),,cw_symbols.demangled,1659,method,high
TEventHandler,HandleAppleCommand,"(long, const AEDesc&, const AEDesc&)","TEventHandler::HandleAppleCommand(long, const AEDesc&, const AEDesc&)",,cw_symbols.demangled,1660,method,high
TEventHandler,AddBehavior,(TBehavior*),TEventHandler::AddBehavior(TBehavior*),,cw_symbols.demangled,1661,method,high
TEventHandler,DoUpdate,"(long, TObject*, TObject*, TDependencySpace*)","TEventHandler::DoUpdate(long, TObject*, TObject*, TDependencySpace*)",,cw_symbols.demangled,1662,method,high
TEventHandler,BecameTarget,(),TEventHandler::BecameTarget(),,cw_symbols.demangled,1663,method,high
TEventHandler,BecameWindowTarget,(),TEventHandler::BecameWindowTarget(),,cw_symbols.demangled,1664,method,high
TEventHandler,BecomeTarget,(),TEventHandler::BecomeTarget(),,cw_symbols.demangled,1665,method,high
TEventHandler,Clone,(),TEventHandler::Clone(),,cw_symbols.demangled,1666,method,high
TEventHandler,_DefaultConstructor,(),TEventHandler::_DefaultConstructor(),,cw_symbols.demangled,1667,constructor,high
TEventHandler,DoCoHandlerEvent,(TEvent*),TEventHandler::DoCoHandlerEvent(TEvent*),,cw_symbols.demangled,1668,method,high
TEventHandler,DoHelp,"(TToolboxEvent*, long&)","TEventHandler::DoHelp(TToolboxEvent*, long&)",,cw_symbols.demangled,1669,method,high
TEventHandler,DoIdle,(IdlePhase),TEventHandler::DoIdle(IdlePhase),,cw_symbols.demangled,1670,method,high
TEventHandler,DoKeySelection,(const CStr255&),TEventHandler::DoKeySelection(const CStr255&),,cw_symbols.demangled,1671,method,high
TEventHandler,DoMenuCommand,(long),TEventHandler::DoMenuCommand(long),,cw_symbols.demangled,1672,method,high
TEventHandler,DoSetupMenus,(),TEventHandler::DoSetupMenus(),,cw_symbols.demangled,1673,method,high
TEventHandler,Free,(),TEventHandler::Free(),,cw_symbols.demangled,1674,method,high
TEventHandler,GetClassDescDynamic,() const,TEventHandler::GetClassDescDynamic() const,,cw_symbols.demangled,1675,classdesc,high
TEventHandler,GetFirstEnabledBehavior,(),TEventHandler::GetFirstEnabledBehavior(),,cw_symbols.demangled,1676,method,high
TEventHandler,GetIdentifier,(),TEventHandler::GetIdentifier(),,cw_symbols.demangled,1677,method,high
TEventHandler,GetIdleFreq,(),TEventHandler::GetIdleFreq(),,cw_symbols.demangled,1678,method,high
TEventHandler,GetWindow,(),TEventHandler::GetWindow(),,cw_symbols.demangled,1679,method,high
TEventHandler,HandleIdle,(IdlePhase),TEventHandler::HandleIdle(IdlePhase),,cw_symbols.demangled,1680,method,high
TEventHandler,HandleMenuCommand,(long),TEventHandler::HandleMenuCommand(long),,cw_symbols.demangled,1681,method,high
TEventHandler,IsEnabled,(),TEventHandler::IsEnabled(),,cw_symbols.demangled,1682,method,high
TEventHandler,IsTarget,(),TEventHandler::IsTarget(),,cw_symbols.demangled,1683,method,high
TEventHandler,NextIdle,(),TEventHandler::NextIdle(),,cw_symbols.demangled,1684,method,high
TEventHandler,PostCommand,(TCommand*),TEventHandler::PostCommand(TCommand*),,cw_symbols.demangled,1685,method,high
TEventHandler,RemoveBehavior,(TBehavior*),TEventHandler::RemoveBehavior(TBehavior*),,cw_symbols.demangled,1686,method,high
TEventHandler,ResignedWindowTarget,(),TEventHandler::ResignedWindowTarget(),,cw_symbols.demangled,1687,method,high
TEventHandler,ResignTarget,(),TEventHandler::ResignTarget(),,cw_symbols.demangled,1688,method,high
TEventHandler,RetrieveAnEvent,(),TEventHandler::RetrieveAnEvent(),,cw_symbols.demangled,1689,method,high
TEventHandler,SelectOwner,(unsigned char),TEventHandler::SelectOwner(unsigned char),,cw_symbols.demangled,1690,method,high
TEventHandler,SetIdleFreq,(long),TEventHandler::SetIdleFreq(long),,cw_symbols.demangled,1691,method,high
TEventHandler,SetTargetSelection,(unsigned char),TEventHandler::SetTargetSelection(unsigned char),,cw_symbols.demangled,1692,method,high
TEventHandler,Terminate,(),TEventHandler::Terminate(),,cw_symbols.demangled,1693,method,high
TEventHandler,TEventHandler,(),TEventHandler::TEventHandler(),,cw_symbols.demangled,1694,constructor,high
TEventHandler,WantsToBeTarget,(),TEventHandler::WantsToBeTarget(),,cw_symbols.demangled,1695,method,high
TEventHandler,WillingToResignTarget,(),TEventHandler::WillingToResignTarget(),,cw_symbols.demangled,1696,method,high
TEventHandler,WriteTo,(TStream*),TEventHandler::WriteTo(TStream*),,cw_symbols.demangled,1697,method,high
TEvent,IsReadyToExecute,(),TEvent::IsReadyToExecute(),,cw_symbols.demangled,1698,method,high
TEvent,IsReadyToPost,(),TEvent::IsReadyToPost(),,cw_symbols.demangled,1699,method,high
TEvent,IsRecurring,(),TEvent::IsRecurring(),,cw_symbols.demangled,1700,method,high
TEventList,Compare,"(TObject*, TObject*)","TEventList::Compare(TObject*, TObject*)",,cw_symbols.demangled,1701,method,high
TEventList,GetClassDescDynamic,() const,TEventList::GetClassDescDynamic() const,,cw_symbols.demangled,1702,classdesc,high
TEventList,IEventList,(),TEventList::IEventList(),,cw_symbols.demangled,1703,method,high
TEventList,Insert,(TObject*),TEventList::Insert(TObject*),,cw_symbols.demangled,1704,method,high
TEventList,TEventList,(),TEventList::TEventList(),,cw_symbols.demangled,1705,constructor,high
TEvent,Process,(),TEvent::Process(),,cw_symbols.demangled,1706,method,high
TEvent,ReportEvent,(),TEvent::ReportEvent(),,cw_symbols.demangled,1707,method,high
TEventRetrieverCommand,_DefaultConstructor,(),TEventRetrieverCommand::_DefaultConstructor(),,cw_symbols.demangled,1708,constructor,high
TEventRetrieverCommand,GetClassDescDynamic,() const,TEventRetrieverCommand::GetClassDescDynamic() const,,cw_symbols.demangled,1709,classdesc,high
TEventRetrieverCommand,IEventRetrieverCommand,(long),TEventRetrieverCommand::IEventRetrieverCommand(long),,cw_symbols.demangled,1710,method,high
TEventRetrieverCommand,NeedsToUnloadAllSegments,(),TEventRetrieverCommand::NeedsToUnloadAllSegments(),,cw_symbols.demangled,1711,method,high
TEventRetrieverCommand,DoIt,(),TEventRetrieverCommand::DoIt(),,cw_symbols.demangled,1712,method,high
TEvent,TEvent,(),TEvent::TEvent(),,cw_symbols.demangled,1713,constructor,high
TExpansionOrder,FillOrderSheet,"(OrderSheet*, short)","TExpansionOrder::FillOrderSheet(OrderSheet*, short)",,cw_symbols.demangled,1714,method,high
TExpansionOrder,_DefaultConstructor,(),TExpansionOrder::_DefaultConstructor(),,cw_symbols.demangled,1715,constructor,high
TExpansionOrder,GetClassDescDynamic,() const,TExpansionOrder::GetClassDescDynamic() const,,cw_symbols.demangled,1716,classdesc,high
TExpansionOrder,IExpansionOrder,"(TCity*, short, short, short, short)","TExpansionOrder::IExpansionOrder(TCity*, short, short, short, short)",,cw_symbols.demangled,1717,method,high
TExpansionOrder,Produce,(),TExpansionOrder::Produce(),,cw_symbols.demangled,1718,method,high
TExpansionOrder,SetQuantity,(short),TExpansionOrder::SetQuantity(short),,cw_symbols.demangled,1719,method,high
TFileBasedDocument,DoMakeFileHandler,(TFile*),TFileBasedDocument::DoMakeFileHandler(TFile*),,cw_symbols.demangled,1720,method,high
TFileBasedDocument,DoReadPrintInfo,"(TFile*, unsigned char)","TFileBasedDocument::DoReadPrintInfo(TFile*, unsigned char)",,cw_symbols.demangled,1721,method,high
TFileBasedDocument,DoReadSelection,"(TFile*, unsigned char)","TFileBasedDocument::DoReadSelection(TFile*, unsigned char)",,cw_symbols.demangled,1722,method,high
TFileBasedDocument,DoWritePrintInfo,"(TFile*, unsigned char)","TFileBasedDocument::DoWritePrintInfo(TFile*, unsigned char)",,cw_symbols.demangled,1723,method,high
TFileBasedDocument,DoWriteSelection,"(TFile*, unsigned char)","TFileBasedDocument::DoWriteSelection(TFile*, unsigned char)",,cw_symbols.demangled,1724,method,high
TFileBasedDocument,GetFinderMessage,(CStr255&),TFileBasedDocument::GetFinderMessage(CStr255&),,cw_symbols.demangled,1725,method,high
TFileBasedDocument,IFileBasedDocument,"(TFile*, unsigned long)","TFileBasedDocument::IFileBasedDocument(TFile*, unsigned long)",,cw_symbols.demangled,1726,method,high
TFileBasedDocument,DoWriteFinderString,"(TFile*, unsigned char)","TFileBasedDocument::DoWriteFinderString(TFile*, unsigned char)",,cw_symbols.demangled,1727,method,high
TFileBasedDocument,CheckFile,"(short, short, unsigned char)","TFileBasedDocument::CheckFile(short, short, unsigned char)",,cw_symbols.demangled,1728,method,high
TFileBasedDocument,_DefaultConstructor,(),TFileBasedDocument::_DefaultConstructor(),,cw_symbols.demangled,1729,constructor,high
TFileBasedDocument,DoMakeFile,(long),TFileBasedDocument::DoMakeFile(long),,cw_symbols.demangled,1730,method,high
TFileBasedDocument,DoRead,"(TFile*, unsigned char)","TFileBasedDocument::DoRead(TFile*, unsigned char)",,cw_symbols.demangled,1731,method,high
TFileBasedDocument,DoWrite,"(TFile*, unsigned char)","TFileBasedDocument::DoWrite(TFile*, unsigned char)",,cw_symbols.demangled,1732,method,high
TFileBasedDocument,FindDocument,(TFile*),TFileBasedDocument::FindDocument(TFile*),,cw_symbols.demangled,1733,method,high
TFileBasedDocument,Free,(),TFileBasedDocument::Free(),,cw_symbols.demangled,1734,method,high
TFileBasedDocument,GetFileHandler,(),TFileBasedDocument::GetFileHandler(),,cw_symbols.demangled,1735,method,high
TFileBasedDocument,RevertDocument,(),TFileBasedDocument::RevertDocument(),,cw_symbols.demangled,1736,method,high
TFileBasedDocument,SaveDocument,(long),TFileBasedDocument::SaveDocument(long),,cw_symbols.demangled,1737,method,high
TFileBasedDocument,TFileBasedDocument,(),TFileBasedDocument::TFileBasedDocument(),,cw_symbols.demangled,1738,constructor,high
TFileBasedDocument,SFPutParms,"(long, CStr255&, CStr255&, short&, CPoint&, long (*&)(void), long (*&)(void), char*&, long (*&)(void), void*&)","TFileBasedDocument::SFPutParms(long, CStr255&, CStr255&, short&, CPoint&, long (*&)(void), long (*&)(void), char*&, long (*&)(void), void*&)",,cw_symbols.demangled,1739,method,high
TFile,CloseDataFork,(),TFile::CloseDataFork(),,cw_symbols.demangled,1740,method,high
TFile,CloseFile,(),TFile::CloseFile(),,cw_symbols.demangled,1741,method,high
TFile,CloseFileIfNotKeptOpen,(),TFile::CloseFileIfNotKeptOpen(),,cw_symbols.demangled,1742,method,high
TFile,CloseRsrcFork,(),TFile::CloseRsrcFork(),,cw_symbols.demangled,1743,method,high
TFile,CreateDataFork,(),TFile::CreateDataFork(),,cw_symbols.demangled,1744,method,high
TFile,CreateFile,(),TFile::CreateFile(),,cw_symbols.demangled,1745,method,high
TFile,CreateRsrcFork,(),TFile::CreateRsrcFork(),,cw_symbols.demangled,1746,method,high
TFile,_DefaultConstructor,(),TFile::_DefaultConstructor(),,cw_symbols.demangled,1747,constructor,high
TFile,DeleteFile,(),TFile::DeleteFile(),,cw_symbols.demangled,1748,method,high
TFile,Free,(),TFile::Free(),,cw_symbols.demangled,1749,method,high
TFile,GetBlockSize,(long&),TFile::GetBlockSize(long&),,cw_symbols.demangled,1750,method,high
TFile,GetCatInfo,(CInfoPBRec&),TFile::GetCatInfo(CInfoPBRec&),,cw_symbols.demangled,1751,method,high
TFile,GetClassDescDynamic,() const,TFile::GetClassDescDynamic() const,,cw_symbols.demangled,1752,classdesc,high
TFile,GetDataLength,(long&),TFile::GetDataLength(long&),,cw_symbols.demangled,1753,method,high
TFile,GetDataMark,(long&),TFile::GetDataMark(long&),,cw_symbols.demangled,1754,method,high
TFile,GetDirID,(),TFile::GetDirID(),,cw_symbols.demangled,1755,method,high
TFile,GetFileCreator,(unsigned long&),TFile::GetFileCreator(unsigned long&),,cw_symbols.demangled,1756,method,high
TFile,GetFileSpec,(FSSpec&),TFile::GetFileSpec(FSSpec&),,cw_symbols.demangled,1757,method,high
TFile,GetFileType,(unsigned long&),TFile::GetFileType(unsigned long&),,cw_symbols.demangled,1758,method,high
TFile,GetFreeBlocks,(long&),TFile::GetFreeBlocks(long&),,cw_symbols.demangled,1759,method,high
TFile,GetName,(CStr63&),TFile::GetName(CStr63&),,cw_symbols.demangled,1760,method,high
TFile,GetPhysicalSize,"(long&, long&)","TFile::GetPhysicalSize(long&, long&)",,cw_symbols.demangled,1761,method,high
TFile,GetScript,(short&),TFile::GetScript(short&),,cw_symbols.demangled,1762,method,high
TFile,GetVolRefNum,(),TFile::GetVolRefNum(),,cw_symbols.demangled,1763,method,high
TFile,GetVolumeInfo,(HParamBlockRec&),TFile::GetVolumeInfo(HParamBlockRec&),,cw_symbols.demangled,1764,method,high
TFile,GetVolumeName,(CStr63&),TFile::GetVolumeName(CStr63&),,cw_symbols.demangled,1765,method,high
TFileHandler,AboutToSaveFile,"(TFile*, long, unsigned char&)","TFileHandler::AboutToSaveFile(TFile*, long, unsigned char&)",,cw_symbols.demangled,1766,method,high
TFileHandler,CloseFile,(),TFileHandler::CloseFile(),,cw_symbols.demangled,1767,method,high
TFileHandler,DoNeedDiskSpace,"(long&, long&)","TFileHandler::DoNeedDiskSpace(long&, long&)",,cw_symbols.demangled,1768,method,high
TFileHandler,FileAlreadyOpen,(TFile*),TFileHandler::FileAlreadyOpen(TFile*),,cw_symbols.demangled,1769,method,high
TFileHandler,FileChanged,(unsigned char),TFileHandler::FileChanged(unsigned char),,cw_symbols.demangled,1770,method,high
TFileHandler,FileExists,(),TFileHandler::FileExists(),,cw_symbols.demangled,1771,method,high
TFileHandler,Free,(),TFileHandler::Free(),,cw_symbols.demangled,1772,method,high
TFileHandler,GetClassDescDynamic,() const,TFileHandler::GetClassDescDynamic() const,,cw_symbols.demangled,1773,classdesc,high
TFileHandler,GetFileName,(CStr63&),TFileHandler::GetFileName(CStr63&),,cw_symbols.demangled,1774,method,high
TFileHandler,GetTempName,(CStr63&),TFileHandler::GetTempName(CStr63&),,cw_symbols.demangled,1775,method,high
TFileHandler,ReadFile,(unsigned char),TFileHandler::ReadFile(unsigned char),,cw_symbols.demangled,1776,method,high
TFileHandler,RequestFileName,"(long, unsigned char, TFile*)","TFileHandler::RequestFileName(long, unsigned char, TFile*)",,cw_symbols.demangled,1777,method,high
TFileHandler,SaveFile,"(long, unsigned char, unsigned char, unsigned char)","TFileHandler::SaveFile(long, unsigned char, unsigned char, unsigned char)",,cw_symbols.demangled,1778,method,high
TFileHandler,SaveInPlace,"(long, unsigned char, unsigned char, TFile*)","TFileHandler::SaveInPlace(long, unsigned char, unsigned char, TFile*)",,cw_symbols.demangled,1779,method,high
TFileHandler,SaveViaTemp,"(long, unsigned char, unsigned char, TFile*)","TFileHandler::SaveViaTemp(long, unsigned char, unsigned char, TFile*)",,cw_symbols.demangled,1780,method,high
TFileHandler,SetFile,(TFile*),TFileHandler::SetFile(TFile*),,cw_symbols.demangled,1781,method,high
TFileHandler,TFileHandler,(),TFileHandler::TFileHandler(),,cw_symbols.demangled,1782,constructor,high
TFile,HasRsrcFork,"(void, 8)","TFile::HasRsrcFork(void, 8)",,cw_symbols.demangled,1783,method,high
TFile,HasValidFileSpec,(),TFile::HasValidFileSpec(),,cw_symbols.demangled,1784,method,high
TFile,IFile,"(unsigned long, unsigned long, unsigned char, ResourceUsage, unsigned char, unsigned char)","TFile::IFile(unsigned long, unsigned long, unsigned char, ResourceUsage, unsigned char, unsigned char)",,cw_symbols.demangled,1785,method,high
TFile,IsDataForkOpen,(),TFile::IsDataForkOpen(),,cw_symbols.demangled,1786,method,high
TFile,IsModified,(),TFile::IsModified(),,cw_symbols.demangled,1787,method,high
TFile,IsRsrcForkOpen,(),TFile::IsRsrcForkOpen(),,cw_symbols.demangled,1788,method,high
TFile,IsSameFile,(TFile*),TFile::IsSameFile(TFile*),,cw_symbols.demangled,1789,method,high
TFile,IsStationery,(),TFile::IsStationery(),,cw_symbols.demangled,1790,method,high
TFile,IsVolumeLocked,(unsigned char&),TFile::IsVolumeLocked(unsigned char&),,cw_symbols.demangled,1791,method,high
TFile,Modified,(),TFile::Modified(),,cw_symbols.demangled,1792,method,high
TFile,MoveAndRename,(const FSSpec&),TFile::MoveAndRename(const FSSpec&),,cw_symbols.demangled,1793,method,high
TFile,OpenDataFork,(signed char),TFile::OpenDataFork(signed char),,cw_symbols.demangled,1794,method,high
TFile,OpenFile,(),TFile::OpenFile(),,cw_symbols.demangled,1795,method,high
TFile,OpenFileIfKeptOpen,(),TFile::OpenFileIfKeptOpen(),,cw_symbols.demangled,1796,method,high
TFile,OpenRsrcFork,(signed char),TFile::OpenRsrcFork(signed char),,cw_symbols.demangled,1797,method,high
TFile,ReadUntil,"(void*, long&, char)","TFile::ReadUntil(void*, long&, char)",,cw_symbols.demangled,1798,method,high
TFile,RenameFile,(const CStr63&),TFile::RenameFile(const CStr63&),,cw_symbols.demangled,1799,method,high
TFilesCommand,_DefaultConstructor,(),TFilesCommand::_DefaultConstructor(),,cw_symbols.demangled,1800,constructor,high
TFilesCommand,Free,(),TFilesCommand::Free(),,cw_symbols.demangled,1801,method,high
TFilesCommand,GetClassDescDynamic,() const,TFilesCommand::GetClassDescDynamic() const,,cw_symbols.demangled,1802,classdesc,high
TFilesCommand,IFilesCommand,"(long, TList*)","TFilesCommand::IFilesCommand(long, TList*)",,cw_symbols.demangled,1803,method,high
TFilesCommand,].InitializeFromAppleEvent,"(long, TCommandHandler*, unsigned char, unsigned char, TObject*, const AEDesc&, const AEDesc&)","TFilesCommand::].InitializeFromAppleEvent(long, TCommandHandler*, unsigned char, unsigned char, TObject*, const AEDesc&, const AEDesc&)",,cw_symbols.demangled,1804,method,high
TFilesCommand,TFilesCommand,(),TFilesCommand::TFilesCommand(),,cw_symbols.demangled,1805,constructor,high
TFile,SetCatInfo,(CInfoPBRec&),TFile::SetCatInfo(CInfoPBRec&),,cw_symbols.demangled,1806,method,high
TFile,SetDataLength,(long),TFile::SetDataLength(long),,cw_symbols.demangled,1807,method,high
TFile,SetDataMark,"(long, short)","TFile::SetDataMark(long, short)",,cw_symbols.demangled,1808,method,high
TFile,SetFinderInfo,(const FInfo&),TFile::SetFinderInfo(const FInfo&),,cw_symbols.demangled,1809,method,high
TFile,SetPermissions,"(signed char, signed char)","TFile::SetPermissions(signed char, signed char)",,cw_symbols.demangled,1810,method,high
TFile,SetScript,(short),TFile::SetScript(short),,cw_symbols.demangled,1811,method,high
TFile,SpecifyWithAlias,(AliasRecord**),TFile::SpecifyWithAlias(AliasRecord**),,cw_symbols.demangled,1812,method,high
TFile,SpecifyWithFile,(TFile*),TFile::SpecifyWithFile(TFile*),,cw_symbols.demangled,1813,method,high
TFile,;.SpecifyWithStandardFileReply,(const StandardFileReply&),TFile::;.SpecifyWithStandardFileReply(const StandardFileReply&),,cw_symbols.demangled,1814,method,high
TFileStream,_DefaultConstructor,(),TFileStream::_DefaultConstructor(),,cw_symbols.demangled,1815,constructor,high
TFileStream,GetPosition,(),TFileStream::GetPosition(),,cw_symbols.demangled,1816,method,high
TFileStream,GetSize,(),TFileStream::GetSize(),,cw_symbols.demangled,1817,method,high
TFileStream,IFileStream,(TFile*),TFileStream::IFileStream(TFile*),,cw_symbols.demangled,1818,method,high
TFileStream,ReadBytes,"(void*, long)","TFileStream::ReadBytes(void*, long)",,cw_symbols.demangled,1819,method,high
TFileStream,SetPosition,(long),TFileStream::SetPosition(long),,cw_symbols.demangled,1820,method,high
TFileStream,SetSize,(long),TFileStream::SetSize(long),,cw_symbols.demangled,1821,method,high
TFileStream,TFileStream,(),TFileStream::TFileStream(),,cw_symbols.demangled,1822,constructor,high
TFileStream,WriteBytes,"(const void*, long)","TFileStream::WriteBytes(const void*, long)",,cw_symbols.demangled,1823,method,high
TFile,TFile,(),TFile::TFile(),,cw_symbols.demangled,1824,constructor,high
TFile,UpdateResource,(),TFile::UpdateResource(),,cw_symbols.demangled,1825,method,high
TFile,WriteData,"(const void*, long&)","TFile::WriteData(const void*, long&)",,cw_symbols.demangled,1826,method,high
TFlagOptionsPicture,DoPostCreate,(TDocument*),TFlagOptionsPicture::DoPostCreate(TDocument*),,cw_symbols.demangled,1827,method,high
TFlagOptionsPicture,DoEvent,"(long, TEventHandler*, TEvent*)","TFlagOptionsPicture::DoEvent(long, TEventHandler*, TEvent*)",,cw_symbols.demangled,1828,method,high
TFlagOptionsPicture,GetClassDescStatic,(),TFlagOptionsPicture::GetClassDescStatic(),,cw_symbols.demangled,1829,classdesc,high
TFloatingTEManager,ReleaseFloatingTE,(TDialogTEView*),TFloatingTEManager::ReleaseFloatingTE(TDialogTEView*),,cw_symbols.demangled,1830,method,high
TFloatingTEManager,_DefaultConstructor,(),TFloatingTEManager::_DefaultConstructor(),,cw_symbols.demangled,1831,constructor,high
TFloatingTEManager,Free,(),TFloatingTEManager::Free(),,cw_symbols.demangled,1832,method,high
TFloatingTEManager,IFloatingTEManager,(),TFloatingTEManager::IFloatingTEManager(),,cw_symbols.demangled,1833,method,high
TFloatingTEManager,MakeDialogTEView,(),TFloatingTEManager::MakeDialogTEView(),,cw_symbols.demangled,1834,method,high
TFloatingTEManager,TFloatingTEManager,(),TFloatingTEManager::TFloatingTEManager(),,cw_symbols.demangled,1835,constructor,high
TFloatWindow,Close,(),TFloatWindow::Close(),,cw_symbols.demangled,1836,method,high
TFloatWindow,GetBehindWindowPtr,(),TFloatWindow::GetBehindWindowPtr(),,cw_symbols.demangled,1837,method,high
TFloatWindow,GetClassDescDynamic,() const,TFloatWindow::GetClassDescDynamic() const,,cw_symbols.demangled,1838,classdesc,high
TFloatWindow,GetClassDescStatic,(),TFloatWindow::GetClassDescStatic(),,cw_symbols.demangled,1839,classdesc,high
TFloatWindow,GetStandardSignature,(),TFloatWindow::GetStandardSignature(),,cw_symbols.demangled,1840,method,high
TFloatWindow,ReadFields,(TStream*),TFloatWindow::ReadFields(TStream*),,cw_symbols.demangled,1841,method,high
TFloatWindow,TFloatWindow,(),TFloatWindow::TFloatWindow(),,cw_symbols.demangled,1842,constructor,high
TFocusAnimation,_DefaultConstructor,(),TFocusAnimation::_DefaultConstructor(),,cw_symbols.demangled,1843,constructor,high
TFoodProcessingOrder,IFoodProcessingOrder,(TCity*),TFoodProcessingOrder::IFoodProcessingOrder(TCity*),,cw_symbols.demangled,1844,method,high
TFoodProcessingOrder,GetClassDescDynamic,() const,TFoodProcessingOrder::GetClassDescDynamic() const,,cw_symbols.demangled,1845,classdesc,high
TFoodProcessingOrder,MaxOrder,(),TFoodProcessingOrder::MaxOrder(),,cw_symbols.demangled,1846,method,high
TFoodProcessingOrder,Restock,(),TFoodProcessingOrder::Restock(),,cw_symbols.demangled,1847,method,high
TFoodProcessingOrder,TFoodProcessingOrder,(),TFoodProcessingOrder::TFoodProcessingOrder(),,cw_symbols.demangled,1848,constructor,high
TForeignMinister,IForeignMinister,(TGreatPower*),TForeignMinister::IForeignMinister(TGreatPower*),,cw_symbols.demangled,1849,method,high
TForeignMinister,DeservesToBeEnemy,(long),TForeignMinister::DeservesToBeEnemy(long),,cw_symbols.demangled,1850,method,high
TForeignMinister,DoFirstTurnDiplomacy,(),TForeignMinister::DoFirstTurnDiplomacy(),,cw_symbols.demangled,1851,method,high
TForeignMinister,DoProposeTreaties,(),TForeignMinister::DoProposeTreaties(),,cw_symbols.demangled,1852,method,high
TForeignMinister,DoSecondTurnDiplomacy,(),TForeignMinister::DoSecondTurnDiplomacy(),,cw_symbols.demangled,1853,method,high
TForeignMinister,DoUsualSubsidyRule,(),TForeignMinister::DoUsualSubsidyRule(),,cw_symbols.demangled,1854,method,high
TForeignMinister,FinishDiplomacyPhase,(),TForeignMinister::FinishDiplomacyPhase(),,cw_symbols.demangled,1855,method,high
TForeignMinister,GetClassDescDynamic,() const,TForeignMinister::GetClassDescDynamic() const,,cw_symbols.demangled,1856,classdesc,high
TForeignMinister,GetRankingCriterionForGP,(short),TForeignMinister::GetRankingCriterionForGP(short),,cw_symbols.demangled,1857,method,high
TForeignMinister,GoodsMatchShipping,(),TForeignMinister::GoodsMatchShipping(),,cw_symbols.demangled,1858,method,high
TForeignMinister,InitializeTradeStatus,(),TForeignMinister::InitializeTradeStatus(),,cw_symbols.demangled,1859,method,high
TForeignMinister,PleaseBuy,"(short, short)","TForeignMinister::PleaseBuy(short, short)",,cw_symbols.demangled,1860,method,high
TForeignMinister,PriceCheck,(),TForeignMinister::PriceCheck(),,cw_symbols.demangled,1861,method,high
TForeignMinister,ReadFrom,(TStream*),TForeignMinister::ReadFrom(TStream*),,cw_symbols.demangled,1862,method,high
TForeignMinister,ReplyToTradeOffer,"(short, short, short, short)","TForeignMinister::ReplyToTradeOffer(short, short, short, short)",,cw_symbols.demangled,1863,method,high
TForeignMinister,SetBuyPriorities,(),TForeignMinister::SetBuyPriorities(),,cw_symbols.demangled,1864,method,high
TForeignMinister,SetDiplomacyPolicies,(),TForeignMinister::SetDiplomacyPolicies(),,cw_symbols.demangled,1865,method,high
TForeignMinister,SetEmpirePolicies,(),TForeignMinister::SetEmpirePolicies(),,cw_symbols.demangled,1866,method,high
TForeignMinister,SetTradeBids,(),TForeignMinister::SetTradeBids(),,cw_symbols.demangled,1867,method,high
TForeignMinister,TForeignMinister,(),TForeignMinister::TForeignMinister(),,cw_symbols.demangled,1868,constructor,high
TForeignMinisterView,GetClassDescDynamic,() const,TForeignMinisterView::GetClassDescDynamic() const,,cw_symbols.demangled,1869,classdesc,high
TForeignMinisterView,ShowWorldExports,(),TForeignMinisterView::ShowWorldExports(),,cw_symbols.demangled,1870,method,high
TForeignMinisterView,ShowWorldMap,(),TForeignMinisterView::ShowWorldMap(),,cw_symbols.demangled,1871,method,high
TForeignMinisterView,TForeignMinisterView,(),TForeignMinisterView::TForeignMinisterView(),,cw_symbols.demangled,1872,constructor,high
TFrameAdorner,_DefaultConstructor,(),TFrameAdorner::_DefaultConstructor(),,cw_symbols.demangled,1873,constructor,high
TFrameAdorner,GetClassDescDynamic,() const,TFrameAdorner::GetClassDescDynamic() const,,cw_symbols.demangled,1874,classdesc,high
TFrameAdorner,GetStandardSignature,(),TFrameAdorner::GetStandardSignature(),,cw_symbols.demangled,1875,method,high
TFrameAdorner,TFrameAdorner,(),TFrameAdorner::TFrameAdorner(),,cw_symbols.demangled,1876,constructor,high
TFrameRadioView,DoEvent,"(long, TEventHandler*, TEvent*)","TFrameRadioView::DoEvent(long, TEventHandler*, TEvent*)",,cw_symbols.demangled,1877,method,high
TFrameRadioView,_DefaultConstructor,(),TFrameRadioView::_DefaultConstructor(),,cw_symbols.demangled,1878,constructor,high
TFrameRadioView,Draw,(const VRect&),TFrameRadioView::Draw(const VRect&),,cw_symbols.demangled,1879,method,high
TFuzzySet,AddFuzzyVar,"(float, float, float, float)","TFuzzySet::AddFuzzyVar(float, float, float, float)",,cw_symbols.demangled,1880,method,high
TFuzzySet,Free,(),TFuzzySet::Free(),,cw_symbols.demangled,1881,method,high
TFuzzySet,GetClassDescDynamic,() const,TFuzzySet::GetClassDescDynamic() const,,cw_symbols.demangled,1882,classdesc,high
TFuzzySet,GetCrispOutput,(float),TFuzzySet::GetCrispOutput(float),,cw_symbols.demangled,1883,method,high
TFuzzySet,IFuzzySet,(),TFuzzySet::IFuzzySet(),,cw_symbols.demangled,1884,method,high
TFuzzySet,TFuzzySet,(),TFuzzySet::TFuzzySet(),,cw_symbols.demangled,1885,constructor,high
TFuzzyVar,GetClassDescDynamic,() const,TFuzzyVar::GetClassDescDynamic() const,,cw_symbols.demangled,1886,classdesc,high
TFuzzyVar,IFuzzyVar,"(float, float, float, float)","TFuzzyVar::IFuzzyVar(float, float, float, float)",,cw_symbols.demangled,1887,method,high
TFuzzyVar,Membership,(float),TFuzzyVar::Membership(float),,cw_symbols.demangled,1888,method,high
TFuzzyVar,TFuzzyVar,(),TFuzzyVar::TFuzzyVar(),,cw_symbols.demangled,1889,constructor,high
TGameInfoPicture,GetClassDescDynamic,() const,TGameInfoPicture::GetClassDescDynamic() const,,cw_symbols.demangled,1890,classdesc,high
TGamePreferencesPicture,GetClassDescStatic,(),TGamePreferencesPicture::GetClassDescStatic(),,cw_symbols.demangled,1891,classdesc,high
TGamePreferencesPicture,_DefaultConstructor,(),TGamePreferencesPicture::_DefaultConstructor(),,cw_symbols.demangled,1892,constructor,high
TGamePreferencesPicture,DoPostCreate,(TDocument*),TGamePreferencesPicture::DoPostCreate(TDocument*),,cw_symbols.demangled,1893,method,high
TGamePreferencesPicture,=.DoEvent,"(long, TEventHandler*, TEvent*)","TGamePreferencesPicture::=.DoEvent(long, TEventHandler*, TEvent*)",,cw_symbols.demangled,1894,method,high
TGameScorePicture,DoEvent,"(long, TEventHandler*, TEvent*)","TGameScorePicture::DoEvent(long, TEventHandler*, TEvent*)",,cw_symbols.demangled,1895,method,high
TGameScorePicture,_DefaultConstructor,(),TGameScorePicture::_DefaultConstructor(),,cw_symbols.demangled,1896,constructor,high
TGameScorePicture,DoPostCreate,(TDocument*),TGameScorePicture::DoPostCreate(TDocument*),,cw_symbols.demangled,1897,method,high
TGameScorePicture,GetClassDescDynamic,() const,TGameScorePicture::GetClassDescDynamic() const,,cw_symbols.demangled,1898,classdesc,high
TGameSetupDialog,Close,(),TGameSetupDialog::Close(),,cw_symbols.demangled,1899,method,high
TGameSetupDialog,GetClassDescDynamic,() const,TGameSetupDialog::GetClassDescDynamic() const,,cw_symbols.demangled,1900,classdesc,high
TGameSetupDialog,StuffValues,(),TGameSetupDialog::StuffValues(),,cw_symbols.demangled,1901,method,high
TGameSetupMultiplayerPicture,_DefaultConstructor,(),TGameSetupMultiplayerPicture::_DefaultConstructor(),,cw_symbols.demangled,1902,constructor,high
TGameSetupMultiplayerPicture,GetClassDescDynamic,() const,TGameSetupMultiplayerPicture::GetClassDescDynamic() const,,cw_symbols.demangled,1903,classdesc,high
TGameSetupMultiplayerPicture,DoPostCreate,(TDocument*),TGameSetupMultiplayerPicture::DoPostCreate(TDocument*),,cw_symbols.demangled,1904,method,high
TGameSetupPicture,DoEvent,"(long, TEventHandler*, TEvent*)","TGameSetupPicture::DoEvent(long, TEventHandler*, TEvent*)",,cw_symbols.demangled,1905,method,high
TGameSetupPicture,_DefaultConstructor,(),TGameSetupPicture::_DefaultConstructor(),,cw_symbols.demangled,1906,constructor,high
TGameSetupPicture,GetClassDescDynamic,() const,TGameSetupPicture::GetClassDescDynamic() const,,cw_symbols.demangled,1907,classdesc,high
TGameSetupPicture,TGameSetupPicture,(),TGameSetupPicture::TGameSetupPicture(),,cw_symbols.demangled,1908,constructor,high
TGameWindow,_DefaultConstructor,(),TGameWindow::_DefaultConstructor(),,cw_symbols.demangled,1909,constructor,high
TGameWindow,DoKeyEvent,(TToolboxEvent*),TGameWindow::DoKeyEvent(TToolboxEvent*),,cw_symbols.demangled,1910,method,high
TGameWindow,Free,(),TGameWindow::Free(),,cw_symbols.demangled,1911,method,high
TGameWindow,@.HandleMouseDown,"(const VPoint&, TToolboxEvent*, CPoint)","TGameWindow::@.HandleMouseDown(const VPoint&, TToolboxEvent*, CPoint)",,cw_symbols.demangled,1912,method,high
TGameWindow,HideMenuBar,(),TGameWindow::HideMenuBar(),,cw_symbols.demangled,1913,method,high
TGameWindow,Open,(),TGameWindow::Open(),,cw_symbols.demangled,1914,method,high
TGameWindow,SetFullSize,(),TGameWindow::SetFullSize(),,cw_symbols.demangled,1915,method,high
TGameWindow,ShowMenuBar,(),TGameWindow::ShowMenuBar(),,cw_symbols.demangled,1916,method,high
TGameWindow,Update,(),TGameWindow::Update(),,cw_symbols.demangled,1917,method,high
TGarrisonView,Close,(),TGarrisonView::Close(),,cw_symbols.demangled,1918,method,high
TGarrisonView,_DefaultConstructor,(),TGarrisonView::_DefaultConstructor(),,cw_symbols.demangled,1919,constructor,high
TGarrisonView,GetClassDescDynamic,() const,TGarrisonView::GetClassDescDynamic() const,,cw_symbols.demangled,1920,classdesc,high
TGarrisonView,StuffValues,(short),TGarrisonView::StuffValues(short),,cw_symbols.demangled,1921,method,high
TGarrisonView,TGarrisonView,(),TGarrisonView::TGarrisonView(),,cw_symbols.demangled,1922,constructor,high
TGPCheater,GetClassDescDynamic,() const,TGPCheater::GetClassDescDynamic() const,,cw_symbols.demangled,1923,classdesc,high
TGPCheater,IGPCheater,(TView*),TGPCheater::IGPCheater(TView*),,cw_symbols.demangled,1924,method,high
TGPTreatyDialog,_DefaultConstructor,(),TGPTreatyDialog::_DefaultConstructor(),,cw_symbols.demangled,1925,constructor,high
TGPTreatyDialog,GetClassDescDynamic,() const,TGPTreatyDialog::GetClassDescDynamic() const,,cw_symbols.demangled,1926,classdesc,high
TGPTreatyDialog,GetClassDescStatic,(),TGPTreatyDialog::GetClassDescStatic(),,cw_symbols.demangled,1927,classdesc,high
TGPTreatyDialog,StuffValues,(),TGPTreatyDialog::StuffValues(),,cw_symbols.demangled,1928,method,high
TGrantsView,DoEvent,"(long, TEventHandler*, TEvent*)","TGrantsView::DoEvent(long, TEventHandler*, TEvent*)",,cw_symbols.demangled,1929,method,high
TGrantsView,_DefaultConstructor,(),TGrantsView::_DefaultConstructor(),,cw_symbols.demangled,1930,constructor,high
TGrantsView,DoPostCreate,(TDocument*),TGrantsView::DoPostCreate(TDocument*),,cw_symbols.demangled,1931,method,high
TGrantsView,Draw,(const VRect&),TGrantsView::Draw(const VRect&),,cw_symbols.demangled,1932,method,high
TGrantsView,Setup,(),TGrantsView::Setup(),,cw_symbols.demangled,1933,method,high
TGreatPower,HasProximateEnemyNavies,(CStr255&),TGreatPower::HasProximateEnemyNavies(CStr255&),,cw_symbols.demangled,1934,method,high
TGreatPower,AddTurnStartEvent,(TTurnStartEvent*),TGreatPower::AddTurnStartEvent(TTurnStartEvent*),,cw_symbols.demangled,1935,method,high
TGreatPower,DefenseMinisterBorderAttackAnalysis,(long),TGreatPower::DefenseMinisterBorderAttackAnalysis(long),,cw_symbols.demangled,1936,method,high
TGreatPower,ForeignMinisterBorderAttackAnalysis,(long),TGreatPower::ForeignMinisterBorderAttackAnalysis(long),,cw_symbols.demangled,1937,method,high
TGreatPower,DefenseMinisterBorderHonorAlliance,"(long, long, unsigned char)","TGreatPower::DefenseMinisterBorderHonorAlliance(long, long, unsigned char)",,cw_symbols.demangled,1938,method,high
TGreatPower,ForeignMinisterBorderHonorAlliance,"(long, long, unsigned char)","TGreatPower::ForeignMinisterBorderHonorAlliance(long, long, unsigned char)",,cw_symbols.demangled,1939,method,high
TGreatPower,DefenseMinisterNonBorderAttackAnalysis,(long),TGreatPower::DefenseMinisterNonBorderAttackAnalysis(long),,cw_symbols.demangled,1940,method,high
TGreatPower,ForeignMinisterNonBorderAttackAnalysis,(long),TGreatPower::ForeignMinisterNonBorderAttackAnalysis(long),,cw_symbols.demangled,1941,method,high
TGreatPower,AcceptOffer,(short),TGreatPower::AcceptOffer(short),,cw_symbols.demangled,1942,method,high
TGreatPower,AccrueInterest,(),TGreatPower::AccrueInterest(),,cw_symbols.demangled,1943,method,high
TGreatPower,AddColony,(long),TGreatPower::AddColony(long),,cw_symbols.demangled,1944,method,high
TGreatPower,AddCreatedItems,(),TGreatPower::AddCreatedItems(),,cw_symbols.demangled,1945,method,high
TGreatPower,AddNoticeFrom,"(short, short)","TGreatPower::AddNoticeFrom(short, short)",,cw_symbols.demangled,1946,method,high
TGreatPower,AddOfferFrom,"(short, short)","TGreatPower::AddOfferFrom(short, short)",,cw_symbols.demangled,1947,method,high
TGreatPower,AddOverseasProfitFrom,"(long, short, short)","TGreatPower::AddOverseasProfitFrom(long, short, short)",,cw_symbols.demangled,1948,method,high
TGreatPower,AddProvince,(long),TGreatPower::AddProvince(long),,cw_symbols.demangled,1949,method,high
TGreatPower,AddPurchasedItems,(),TGreatPower::AddPurchasedItems(),,cw_symbols.demangled,1950,method,high
TGreatPower,AddReward,"(long, long)","TGreatPower::AddReward(long, long)",,cw_symbols.demangled,1951,method,high
TGreatPower,AddToDealBook,"(short, short, short, short, long)","TGreatPower::AddToDealBook(short, short, short, short, long)",,cw_symbols.demangled,1952,method,high
TGreatPower,AddToStockpile,"(short, short)","TGreatPower::AddToStockpile(short, short)",,cw_symbols.demangled,1953,method,high
TGreatPower,AddTransportedItems,(),TGreatPower::AddTransportedItems(),,cw_symbols.demangled,1954,method,high
TGreatPower,AnnounceLater,"(short, short, short)","TGreatPower::AnnounceLater(short, short, short)",,cw_symbols.demangled,1955,method,high
TGreatPower,AnnounceRewards,(),TGreatPower::AnnounceRewards(),,cw_symbols.demangled,1956,method,high
TGreatPower,ArrangeMaterialsOffers,(),TGreatPower::ArrangeMaterialsOffers(),,cw_symbols.demangled,1957,method,high
TGreatPower,AutoSelection,(TCity*),TGreatPower::AutoSelection(TCity*),,cw_symbols.demangled,1958,method,high
TGreatPower,CalculateDefensiveNeeds,(),TGreatPower::CalculateDefensiveNeeds(),,cw_symbols.demangled,1959,method,high
TGreatPower,CalculatePotentials,(),TGreatPower::CalculatePotentials(),,cw_symbols.demangled,1960,method,high
TGreatPower,CanAffordGrantTo,"(short, short)","TGreatPower::CanAffordGrantTo(short, short)",,cw_symbols.demangled,1961,method,high
TGreatPower,CanAfford,(short),TGreatPower::CanAfford(short),,cw_symbols.demangled,1962,method,high
TGreatPower,CanOffer,"(short, short)","TGreatPower::CanOffer(short, short)",,cw_symbols.demangled,1963,method,high
TGreatPower,ChangeMaster,"(long, long)","TGreatPower::ChangeMaster(long, long)",,cw_symbols.demangled,1964,method,high
TGreatPower,ClearCivilianOrders,(),TGreatPower::ClearCivilianOrders(),,cw_symbols.demangled,1965,method,high
TGreatPower,ConsiderAllianceOfferFrom,(long),TGreatPower::ConsiderAllianceOfferFrom(long),,cw_symbols.demangled,1966,method,high
TGreatPower,ConsiderPeaceOfferFrom,(long),TGreatPower::ConsiderPeaceOfferFrom(long),,cw_symbols.demangled,1967,method,high
TGreatPower,ConsiderWarOfIntervention,"(long, long)","TGreatPower::ConsiderWarOfIntervention(long, long)",,cw_symbols.demangled,1968,method,high
TGreatPower,DeclareWarOn,"(long, short, long)","TGreatPower::DeclareWarOn(long, short, long)",,cw_symbols.demangled,1969,method,high
TGreatPower,_DefaultConstructor,(),TGreatPower::_DefaultConstructor(),,cw_symbols.demangled,1970,constructor,high
TGreatPower,?.DefenseMinisterNonBorderInterventionAnalysis,"(long, long)","TGreatPower::?.DefenseMinisterNonBorderInterventionAnalysis(long, long)",,cw_symbols.demangled,1971,method,high
TGreatPower,DefenseNotice,(CStr255&),TGreatPower::DefenseNotice(CStr255&),,cw_symbols.demangled,1972,method,high
TGreatPower,DeliverItem,(short),TGreatPower::DeliverItem(short),,cw_symbols.demangled,1973,method,high
TGreatPower,DisplayTurnStartEvents,(),TGreatPower::DisplayTurnStartEvents(),,cw_symbols.demangled,1974,method,high
TGreatPower,EndTradePhase,(),TGreatPower::EndTradePhase(),,cw_symbols.demangled,1975,method,high
TGreatPower,FinishCityPhase,(),TGreatPower::FinishCityPhase(),,cw_symbols.demangled,1976,method,high
TGreatPower,?.ForeignMinisterNonBorderInterventionAnalysis,"(long, long)","TGreatPower::?.ForeignMinisterNonBorderInterventionAnalysis(long, long)",,cw_symbols.demangled,1977,method,high
TGreatPower,ForeignNotice,(CStr255&),TGreatPower::ForeignNotice(CStr255&),,cw_symbols.demangled,1978,method,high
TGreatPower,GenerateGameScore,(),TGreatPower::GenerateGameScore(),,cw_symbols.demangled,1979,method,high
TGreatPower,GetAcceptAllianceNumber,(),TGreatPower::GetAcceptAllianceNumber(),,cw_symbols.demangled,1980,method,high
TGreatPower,GetArmsInNavy,(),TGreatPower::GetArmsInNavy(),,cw_symbols.demangled,1981,method,high
TGreatPower,GetBorderStrengthAnalysis,(),TGreatPower::GetBorderStrengthAnalysis(),,cw_symbols.demangled,1982,method,high
TGreatPower,GetBottomLine,(),TGreatPower::GetBottomLine(),,cw_symbols.demangled,1983,method,high
TGreatPower,GetBuildingCapacity,(short),TGreatPower::GetBuildingCapacity(short),,cw_symbols.demangled,1984,method,high
TGreatPower,GetDiplomacyScore,(),TGreatPower::GetDiplomacyScore(),,cw_symbols.demangled,1985,method,high
TGreatPower,GetIndustrialNeed,(short),TGreatPower::GetIndustrialNeed(short),,cw_symbols.demangled,1986,method,high
TGreatPower,GetIndustrialRating,(),TGreatPower::GetIndustrialRating(),,cw_symbols.demangled,1987,method,high
TGreatPower,GetMaxLabor,(),TGreatPower::GetMaxLabor(),,cw_symbols.demangled,1988,method,high
TGreatPower,GetMerchantCapacity,(),TGreatPower::GetMerchantCapacity(),,cw_symbols.demangled,1989,method,high
TGreatPower,GetMilitaryPower,(),TGreatPower::GetMilitaryPower(),,cw_symbols.demangled,1990,method,high
TGreatPower,GetNavalForceIn,(TZone*),TGreatPower::GetNavalForceIn(TZone*),,cw_symbols.demangled,1991,method,high
TGreatPower,GetNumDealsIn,(short),TGreatPower::GetNumDealsIn(short),,cw_symbols.demangled,1992,method,high
TGreatPower,GetNumFleets,(),TGreatPower::GetNumFleets(),,cw_symbols.demangled,1993,method,high
TGreatPower,GetOverseasProfitFrom,(short),TGreatPower::GetOverseasProfitFrom(short),,cw_symbols.demangled,1994,method,high
TGreatPower,GetPeaceThreat,(long),TGreatPower::GetPeaceThreat(long),,cw_symbols.demangled,1995,method,high
TGreatPower,GetReinforcementPotential,(),TGreatPower::GetReinforcementPotential(),,cw_symbols.demangled,1996,method,high
TGreatPower,GetRetroactiveRewards,(),TGreatPower::GetRetroactiveRewards(),,cw_symbols.demangled,1997,method,high
TGreatPower,GetSeekAllianceNumber,(),TGreatPower::GetSeekAllianceNumber(),,cw_symbols.demangled,1998,method,high
TGreatPower,GetStockpile,(short),TGreatPower::GetStockpile(short),,cw_symbols.demangled,1999,method,high
TGreatPower,GetTotalOverseasProfits,(),TGreatPower::GetTotalOverseasProfits(),,cw_symbols.demangled,2000,method,high
TGreatPower,GetTradeOffersFor,(short),TGreatPower::GetTradeOffersFor(short),,cw_symbols.demangled,2001,method,high
TGreatPower,GetTransportLevelOf,(short),TGreatPower::GetTransportLevelOf(short),,cw_symbols.demangled,2002,method,high
TGreatPower,GetUnreservedMerchantCapacity,(short),TGreatPower::GetUnreservedMerchantCapacity(short),,cw_symbols.demangled,2003,method,high
TGreatPower,GiveGrantTo,(short),TGreatPower::GiveGrantTo(short),,cw_symbols.demangled,2004,method,high
TGreatPower,GrowTowns,(),TGreatPower::GrowTowns(),,cw_symbols.demangled,2005,method,high
TGreatPower,HasBlockadedTransport,(CStr255&),TGreatPower::HasBlockadedTransport(CStr255&),,cw_symbols.demangled,2006,method,high
TGreatPower,IncreaseMerchantMarine,(),TGreatPower::IncreaseMerchantMarine(),,cw_symbols.demangled,2007,method,high
TGreatPower,IncreaseRollingStock,(),TGreatPower::IncreaseRollingStock(),,cw_symbols.demangled,2008,method,high
TGreatPower,IncreaseTransportOf,(short),TGreatPower::IncreaseTransportOf(short),,cw_symbols.demangled,2009,method,high
TGreatPower,IndustrialCostToBuildShip,(short) const,TGreatPower::IndustrialCostToBuildShip(short) const,,cw_symbols.demangled,2010,method,high
TGreatPower,InitializeDiplomacyNotices,(),TGreatPower::InitializeDiplomacyNotices(),,cw_symbols.demangled,2011,method,high
TGreatPower,InitializeDiplomacyOffers,(),TGreatPower::InitializeDiplomacyOffers(),,cw_symbols.demangled,2012,method,high
TGreatPower,InitializeTradeStatus,(),TGreatPower::InitializeTradeStatus(),,cw_symbols.demangled,2013,method,high
TGreatPower,IsCapitolThreatened,(long),TGreatPower::IsCapitolThreatened(long),,cw_symbols.demangled,2014,method,high
TGreatPower,IsMaxTransport,(short),TGreatPower::IsMaxTransport(short),,cw_symbols.demangled,2015,method,high
TGreatPower,KillUnitsIn,(long),TGreatPower::KillUnitsIn(long),,cw_symbols.demangled,2016,method,high
TGreatPower,MakeConnectionMap,(),TGreatPower::MakeConnectionMap(),,cw_symbols.demangled,2017,method,high
TGreatPower,MakeMinistersReassess,(),TGreatPower::MakeMinistersReassess(),,cw_symbols.demangled,2018,method,high
TGreatPower,MakeNewCity,(TCity*),TGreatPower::MakeNewCity(TCity*),,cw_symbols.demangled,2019,method,high
TGreatPower,ManualSelection,(TCity*),TGreatPower::ManualSelection(TCity*),,cw_symbols.demangled,2020,method,high
TGreatPower,MoveCivilians,(),TGreatPower::MoveCivilians(),,cw_symbols.demangled,2021,method,high
TGreatPower,MultiReadFrom,"(TStream*, unsigned char)","TGreatPower::MultiReadFrom(TStream*, unsigned char)",,cw_symbols.demangled,2022,method,high
TGreatPower,NewStatusFor,"(long, eSlaveStatus)","TGreatPower::NewStatusFor(long, eSlaveStatus)",,cw_symbols.demangled,2023,method,high
TGreatPower,PayForMilitary,(),TGreatPower::PayForMilitary(),,cw_symbols.demangled,2024,method,high
TGreatPower,PickUpItem,(short),TGreatPower::PickUpItem(short),,cw_symbols.demangled,2025,method,high
TGreatPower,PleaseSell,"(short, short)","TGreatPower::PleaseSell(short, short)",,cw_symbols.demangled,2026,method,high
TGreatPower,PreflightIndustry,(),TGreatPower::PreflightIndustry(),,cw_symbols.demangled,2027,method,high
TGreatPower,ProduceUnits,(),TGreatPower::ProduceUnits(),,cw_symbols.demangled,2028,method,high
TGreatPower,PurchaseItem,"(short, short, short)","TGreatPower::PurchaseItem(short, short, short)",,cw_symbols.demangled,2029,method,high
TGreatPower,RecalcMerchantCapacity,(),TGreatPower::RecalcMerchantCapacity(),,cw_symbols.demangled,2030,method,high
TGreatPower,RecallTradeBids,(),TGreatPower::RecallTradeBids(),,cw_symbols.demangled,2031,method,high
TGreatPower,RejectOffer,(short),TGreatPower::RejectOffer(short),,cw_symbols.demangled,2032,method,high
TGreatPower,RememberTradeBids,(),TGreatPower::RememberTradeBids(),,cw_symbols.demangled,2033,method,high
TGreatPower,ReplyToDiplomacyOffers,(),TGreatPower::ReplyToDiplomacyOffers(),,cw_symbols.demangled,2034,method,high
TGreatPower,ResetPolicies,(),TGreatPower::ResetPolicies(),,cw_symbols.demangled,2035,method,high
TGreatPower,SatisfyLefty,(),TGreatPower::SatisfyLefty(),,cw_symbols.demangled,2036,method,high
TGreatPower,SetCityPolicies,(),TGreatPower::SetCityPolicies(),,cw_symbols.demangled,2037,method,high
TGreatPower,SetDiplomacyPolicyTo,"(short, short)","TGreatPower::SetDiplomacyPolicyTo(short, short)",,cw_symbols.demangled,2038,method,high
TGreatPower,SetGrantPolicyTo,"(short, short)","TGreatPower::SetGrantPolicyTo(short, short)",,cw_symbols.demangled,2039,method,high
TGreatPower,SetStockpile,"(short, short)","TGreatPower::SetStockpile(short, short)",,cw_symbols.demangled,2040,method,high
TGreatPower,SetTradePolicyTo,"(short, short)","TGreatPower::SetTradePolicyTo(short, short)",,cw_symbols.demangled,2041,method,high
TGreatPower,StartCityPhase,(),TGreatPower::StartCityPhase(),,cw_symbols.demangled,2042,method,high
TGreatPower,StillBuyingItem,(short),TGreatPower::StillBuyingItem(short),,cw_symbols.demangled,2043,method,high
TGreatPower,TellColoniesAboutNewEnemy,(long),TGreatPower::TellColoniesAboutNewEnemy(long),,cw_symbols.demangled,2044,method,high
TGreatPower,TellColoniesAboutNewPeace,(long),TGreatPower::TellColoniesAboutNewPeace(long),,cw_symbols.demangled,2045,method,high
TGreatPower,TellColoniesToBoycott,"(long, unsigned char)","TGreatPower::TellColoniesToBoycott(long, unsigned char)",,cw_symbols.demangled,2046,method,high
TGreatPower,TraceRail,"(char*, short)","TGreatPower::TraceRail(char*, short)",,cw_symbols.demangled,2047,method,high
TGreatPower,TraceSupplyRoutes,(char**),TGreatPower::TraceSupplyRoutes(char**),,cw_symbols.demangled,2048,method,high
TGreatPower,UpdateCountryStockpile,(short*),TGreatPower::UpdateCountryStockpile(short*),,cw_symbols.demangled,2049,method,high
TGreatPower,WasItemDeclined,(short),TGreatPower::WasItemDeclined(short),,cw_symbols.demangled,2050,method,high
TGreatPower,WereAllOfferedGoodsSold,(),TGreatPower::WereAllOfferedGoodsSold(),,cw_symbols.demangled,2051,method,high
TGreatPower,WriteTo,(TStream*),TGreatPower::WriteTo(TStream*),,cw_symbols.demangled,2052,method,high
TGridView,DrawRangeOfCells,"(CPoint, CPoint, const VRect&)","TGridView::DrawRangeOfCells(CPoint, CPoint, const VRect&)",,cw_symbols.demangled,2053,method,high
TGridView,AdornCol,"(short, const VRect&)","TGridView::AdornCol(short, const VRect&)",,cw_symbols.demangled,2054,method,high
TGridView,AdornRow,"(short, const VRect&)","TGridView::AdornRow(short, const VRect&)",,cw_symbols.demangled,2055,method,high
TGridView,CalcMinFrame,(VRect&),TGridView::CalcMinFrame(VRect&),,cw_symbols.demangled,2056,method,high
TGridView,CellToVRect,"(CPoint, VRect&)","TGridView::CellToVRect(CPoint, VRect&)",,cw_symbols.demangled,2057,method,high
TGridView,Clone,(),TGridView::Clone(),,cw_symbols.demangled,2058,method,high
TGridView,ColToVRect,"(short, short, VRect&)","TGridView::ColToVRect(short, short, VRect&)",,cw_symbols.demangled,2059,method,high
TGridView,_DefaultConstructor,(),TGridView::_DefaultConstructor(),,cw_symbols.demangled,2060,constructor,high
TGridView,DelColAt,"(short, short)","TGridView::DelColAt(short, short)",,cw_symbols.demangled,2061,method,high
TGridView,DelColLast,(short),TGridView::DelColLast(short),,cw_symbols.demangled,2062,method,high
TGridView,DelRowAt,"(short, short)","TGridView::DelRowAt(short, short)",,cw_symbols.demangled,2063,method,high
TGridView,DelRowLast,(short),TGridView::DelRowLast(short),,cw_symbols.demangled,2064,method,high
TGridView,DoMenuCommand,(long),TGridView::DoMenuCommand(long),,cw_symbols.demangled,2065,method,high
TGridView,;.DoMouseCommand,"(VPoint&, TToolboxEvent*, CPoint)","TGridView::;.DoMouseCommand(VPoint&, TToolboxEvent*, CPoint)",,cw_symbols.demangled,2066,method,high
TGridView,DrawCell,"(CPoint, const VRect&)","TGridView::DrawCell(CPoint, const VRect&)",,cw_symbols.demangled,2067,method,high
TGridView,FirstSelectedCell,(),TGridView::FirstSelectedCell(),,cw_symbols.demangled,2068,method,high
TGridView,Free,(),TGridView::Free(),,cw_symbols.demangled,2069,method,high
TGridView,GetClassDescDynamic,() const,TGridView::GetClassDescDynamic() const,,cw_symbols.demangled,2070,classdesc,high
TGridView,GetClassDescStatic,(),TGridView::GetClassDescStatic(),,cw_symbols.demangled,2071,classdesc,high
TGridView,GetRowHeight,(short),TGridView::GetRowHeight(short),,cw_symbols.demangled,2072,method,high
TGridView,GetStandardSignature,(),TGridView::GetStandardSignature(),,cw_symbols.demangled,2073,method,high
TGridView,HighlightCells,"(Region**, char, char)","TGridView::HighlightCells(Region**, char, char)",,cw_symbols.demangled,2074,method,high
TGridView,IdentifyPoint,"(const VPoint&, CPoint&)","TGridView::IdentifyPoint(const VPoint&, CPoint&)",,cw_symbols.demangled,2075,method,high
TGridView,InsColBefore,"(short, short, short)","TGridView::InsColBefore(short, short, short)",,cw_symbols.demangled,2076,method,high
TGridView,InsColFirst,"(short, short)","TGridView::InsColFirst(short, short)",,cw_symbols.demangled,2077,method,high
TGridView,InsRowBefore,"(short, short, short)","TGridView::InsRowBefore(short, short, short)",,cw_symbols.demangled,2078,method,high
TGridView,InsRowFirst,"(short, short)","TGridView::InsRowFirst(short, short)",,cw_symbols.demangled,2079,method,high
TGridView,InvalidateCell,(CPoint),TGridView::InvalidateCell(CPoint),,cw_symbols.demangled,2080,method,high
TGridView,InvalidateSelection,"(void, 8)","TGridView::InvalidateSelection(void, 8)",,cw_symbols.demangled,2081,method,high
TGridView,IsAnyCellSelected,(),TGridView::IsAnyCellSelected(),,cw_symbols.demangled,2082,method,high
TGridView,IsCellSelected,(CPoint),TGridView::IsCellSelected(CPoint),,cw_symbols.demangled,2083,method,high
TGridView,LastSelectedCell,(),TGridView::LastSelectedCell(),,cw_symbols.demangled,2084,method,high
TGridView,ReadFields,(TStream*),TGridView::ReadFields(TStream*),,cw_symbols.demangled,2085,method,high
TGridView,RowToVRect,"(short, short, VRect&)","TGridView::RowToVRect(short, short, VRect&)",,cw_symbols.demangled,2086,method,high
TGridView,ScrollSelectionIntoView,(unsigned char),TGridView::ScrollSelectionIntoView(unsigned char),,cw_symbols.demangled,2087,method,high
TGridView,SelectCell,"(CPoint, unsigned char, unsigned char, unsigned char)","TGridView::SelectCell(CPoint, unsigned char, unsigned char, unsigned char)",,cw_symbols.demangled,2088,method,high
TGridView,SetColWidth,"(short, short, short)","TGridView::SetColWidth(short, short, short)",,cw_symbols.demangled,2089,method,high
TGridView,SetEmptySelection,(unsigned char),TGridView::SetEmptySelection(unsigned char),,cw_symbols.demangled,2090,method,high
TGridView,SetRowHeight,"(short, short, short)","TGridView::SetRowHeight(short, short, short)",,cw_symbols.demangled,2091,method,high
TGridView,SetSelectionRect,"(const CRect&, unsigned char, unsigned char, unsigned char)","TGridView::SetSelectionRect(const CRect&, unsigned char, unsigned char, unsigned char)",,cw_symbols.demangled,2092,method,high
TGridView,SetSelection,"(Region**, unsigned char, unsigned char, unsigned char)","TGridView::SetSelection(Region**, unsigned char, unsigned char, unsigned char)",,cw_symbols.demangled,2093,method,high
TGridView,TGridView,(),TGridView::TGridView(),,cw_symbols.demangled,2094,constructor,high
TGridView,VPointToCell,(const VPoint&),TGridView::VPointToCell(const VPoint&),,cw_symbols.demangled,2095,method,high
TGridView,VPointToLastCell,(const VPoint&),TGridView::VPointToLastCell(const VPoint&),,cw_symbols.demangled,2096,method,high
TGWorldButton,IGWorldButton,"(TView*, VPoint&, VPoint&, short)","TGWorldButton::IGWorldButton(TView*, VPoint&, VPoint&, short)",,cw_symbols.demangled,2097,method,high
TGWorldButton,_DefaultConstructor,(),TGWorldButton::_DefaultConstructor(),,cw_symbols.demangled,2098,constructor,high
TGWorldButton,Draw,(const VRect&),TGWorldButton::Draw(const VRect&),,cw_symbols.demangled,2099,method,high
TGWorldButton,GetClassDescDynamic,() const,TGWorldButton::GetClassDescDynamic() const,,cw_symbols.demangled,2100,classdesc,high
TGWorldButton,TGWorldButton,(),TGWorldButton::TGWorldButton(),,cw_symbols.demangled,2101,constructor,high
TGWorldPartView,_DefaultConstructor,(),TGWorldPartView::_DefaultConstructor(),,cw_symbols.demangled,2102,constructor,high
TGWorldPartView,Draw,(const VRect&),TGWorldPartView::Draw(const VRect&),,cw_symbols.demangled,2103,method,high
TGWorldPartView,GetClassDescStatic,(),TGWorldPartView::GetClassDescStatic(),,cw_symbols.demangled,2104,classdesc,high
TGWorldPeeker,_DefaultConstructor,(),TGWorldPeeker::_DefaultConstructor(),,cw_symbols.demangled,2105,constructor,high
TGWorldPeeker,Draw,(const VRect&),TGWorldPeeker::Draw(const VRect&),,cw_symbols.demangled,2106,method,high
TGWorldPeeker,GetClassDescDynamic,() const,TGWorldPeeker::GetClassDescDynamic() const,,cw_symbols.demangled,2107,classdesc,high
THandleList,_DefaultConstructor,(),THandleList::_DefaultConstructor(),,cw_symbols.demangled,2108,constructor,high
THandleList,IHandleList,(),THandleList::IHandleList(),,cw_symbols.demangled,2109,method,high
THandleList,InsertElementInOrder,(void*),THandleList::InsertElementInOrder(void*),,cw_symbols.demangled,2110,method,high
THandleStream,_DefaultConstructor,(),THandleStream::_DefaultConstructor(),,cw_symbols.demangled,2111,constructor,high
THandleStream,Free,(),THandleStream::Free(),,cw_symbols.demangled,2112,method,high
THandleStream,GetClassDescDynamic,() const,THandleStream::GetClassDescDynamic() const,,cw_symbols.demangled,2113,classdesc,high
THandleStream,GetPosition,(),THandleStream::GetPosition(),,cw_symbols.demangled,2114,method,high
THandleStream,GetSize,(),THandleStream::GetSize(),,cw_symbols.demangled,2115,method,high
THandleStream,ReadBytes,"(void*, long)","THandleStream::ReadBytes(void*, long)",,cw_symbols.demangled,2116,method,high
THandleStream,SetPosition,(long),THandleStream::SetPosition(long),,cw_symbols.demangled,2117,method,high
THandleStream,SetSize,(long),THandleStream::SetSize(long),,cw_symbols.demangled,2118,method,high
THandleStream,THandleStream,(),THandleStream::THandleStream(),,cw_symbols.demangled,2119,constructor,high
THandleStream,WriteBytes,"(const void*, long)","THandleStream::WriteBytes(const void*, long)",,cw_symbols.demangled,2120,method,high
THelpMgr,CheckAdvice,(short),THelpMgr::CheckAdvice(short),,cw_symbols.demangled,2121,method,high
THelpMgr,CheckCityEntryWarning,(),THelpMgr::CheckCityEntryWarning(),,cw_symbols.demangled,2122,method,high
THelpMgr,CheckDireTurnStartWarnings,(),THelpMgr::CheckDireTurnStartWarnings(),,cw_symbols.demangled,2123,method,high
THelpMgr,CheckEntryWarning,(),THelpMgr::CheckEntryWarning(),,cw_symbols.demangled,2124,method,high
THelpMgr,CheckHelp,(short),THelpMgr::CheckHelp(short),,cw_symbols.demangled,2125,method,high
THelpMgr,CheckOtherTurnStartWarnings,(),THelpMgr::CheckOtherTurnStartWarnings(),,cw_symbols.demangled,2126,method,high
THelpMgr,_DefaultConstructor,(),THelpMgr::_DefaultConstructor(),,cw_symbols.demangled,2127,constructor,high
THelpMgr,DiplomacyMsg,"(short, short, unsigned char)","THelpMgr::DiplomacyMsg(short, short, unsigned char)",,cw_symbols.demangled,2128,method,high
THelpMgr,GetHelpSetPtr,(short),THelpMgr::GetHelpSetPtr(short),,cw_symbols.demangled,2129,method,high
THelpMgr,Initialize,(),THelpMgr::Initialize(),,cw_symbols.demangled,2130,method,high
THelpMgr,NeedAdvice,(eAdvice),THelpMgr::NeedAdvice(eAdvice),,cw_symbols.demangled,2131,method,high
THelpMgr,OpenTerrainHelpWindow,(short),THelpMgr::OpenTerrainHelpWindow(short),,cw_symbols.demangled,2132,method,high
THelpMgr,ShowHelpSet,(HelpSetRecord*),THelpMgr::ShowHelpSet(HelpSetRecord*),,cw_symbols.demangled,2133,method,high
THelpMgr,ShowIntroHelp,(),THelpMgr::ShowIntroHelp(),,cw_symbols.demangled,2134,method,high
THelpMgr,ShowLatestHelp,(),THelpMgr::ShowLatestHelp(),,cw_symbols.demangled,2135,method,high
THelpMgr,ShowMinisterBio,(short),THelpMgr::ShowMinisterBio(short),,cw_symbols.demangled,2136,method,high
THelpMgr,ToggleTradeAdvice,(),THelpMgr::ToggleTradeAdvice(),,cw_symbols.demangled,2137,method,high
THelpMgr,WriteTo,(TStream*),THelpMgr::WriteTo(TStream*),,cw_symbols.demangled,2138,method,high
THelpPicture,_DefaultConstructor,(),THelpPicture::_DefaultConstructor(),,cw_symbols.demangled,2139,constructor,high
THelpPicture,DoPostCreate,(TDocument*),THelpPicture::DoPostCreate(TDocument*),,cw_symbols.demangled,2140,method,high
THelpPicture,GetClassDescDynamic,() const,THelpPicture::GetClassDescDynamic() const,,cw_symbols.demangled,2141,classdesc,high
THelpPicture,ShowNextHelpSet,(),THelpPicture::ShowNextHelpSet(),,cw_symbols.demangled,2142,method,high
THelpPicture,ShowPreviousHelpSet,(),THelpPicture::ShowPreviousHelpSet(),,cw_symbols.demangled,2143,method,high
THelpPicture,ShowTopicList,(),THelpPicture::ShowTopicList(),,cw_symbols.demangled,2144,method,high
THelpPicture,ShowTopic,(short),THelpPicture::ShowTopic(short),,cw_symbols.demangled,2145,method,high
THelpPicture,THelpPicture,(),THelpPicture::THelpPicture(),,cw_symbols.demangled,2146,constructor,high
THelpWindow,Close,(),THelpWindow::Close(),,cw_symbols.demangled,2147,method,high
THelpWindow,_DefaultConstructor,(),THelpWindow::_DefaultConstructor(),,cw_symbols.demangled,2148,constructor,high
THighScoresPicture,DoEvent,"(long, TEventHandler*, TEvent*)","THighScoresPicture::DoEvent(long, TEventHandler*, TEvent*)",,cw_symbols.demangled,2149,method,high
THighScoresPicture,_DefaultConstructor,(),THighScoresPicture::_DefaultConstructor(),,cw_symbols.demangled,2150,constructor,high
THighScoresPicture,DoPostCreate,(TDocument*),THighScoresPicture::DoPostCreate(TDocument*),,cw_symbols.demangled,2151,method,high
THighScoresPicture,Hilite,(),THighScoresPicture::Hilite(),,cw_symbols.demangled,2152,method,high
THiliteAdorner,_DefaultConstructor,(),THiliteAdorner::_DefaultConstructor(),,cw_symbols.demangled,2153,constructor,high
THiliteAdorner,Draw,"(TView*, const VRect&)","THiliteAdorner::Draw(TView*, const VRect&)",,cw_symbols.demangled,2154,method,high
THiliteAdorner,GetClassDescDynamic,() const,THiliteAdorner::GetClassDescDynamic() const,,cw_symbols.demangled,2155,classdesc,high
THiliteAdorner,GetClassDescStatic,(),THiliteAdorner::GetClassDescStatic(),,cw_symbols.demangled,2156,classdesc,high
THiliteAdorner,GetStandardSignature,(),THiliteAdorner::GetStandardSignature(),,cw_symbols.demangled,2157,method,high
THiliteAdorner,IHiliteAdorner,(),THiliteAdorner::IHiliteAdorner(),,cw_symbols.demangled,2158,method,high
THiliteAdorner,THiliteAdorner,(),THiliteAdorner::THiliteAdorner(),,cw_symbols.demangled,2159,constructor,high
THostGreatPower,_DefaultConstructor,(),THostGreatPower::_DefaultConstructor(),,cw_symbols.demangled,2160,constructor,high
THostGreatPower,IsHost,() const,THostGreatPower::IsHost() const,,cw_symbols.demangled,2161,method,high
THostGreatPower,ReplyToDiplomacyOffers,(),THostGreatPower::ReplyToDiplomacyOffers(),,cw_symbols.demangled,2162,method,high
THostGreatPower,ReplyToTradeOffer,"(short, short, short, short)","THostGreatPower::ReplyToTradeOffer(short, short, short, short)",,cw_symbols.demangled,2163,method,high
THostGreatPower,WriteTo,(TStream*),THostGreatPower::WriteTo(TStream*),,cw_symbols.demangled,2164,method,high
THotspotBehavior,DoSetCursor,"(const VPoint&, Region**)","THotspotBehavior::DoSetCursor(const VPoint&, Region**)",,cw_symbols.demangled,2165,method,high
THotspotBehavior,GetClassDescDynamic,() const,THotspotBehavior::GetClassDescDynamic() const,,cw_symbols.demangled,2166,classdesc,high
THotspotBehavior,GetClassDescStatic,(),THotspotBehavior::GetClassDescStatic(),,cw_symbols.demangled,2167,classdesc,high
THotspotBehavior,THotspotBehavior,(),THotspotBehavior::THotspotBehavior(),,cw_symbols.demangled,2168,constructor,high
THQButton,DoPostCreate,(TDocument*),THQButton::DoPostCreate(TDocument*),,cw_symbols.demangled,2169,method,high
THQButton,GetClassDescDynamic,() const,THQButton::GetClassDescDynamic() const,,cw_symbols.demangled,2170,classdesc,high
THQButton,HiliteState,"(unsigned char, unsigned char)","THQButton::HiliteState(unsigned char, unsigned char)",,cw_symbols.demangled,2171,method,high
THQButton,THQButton,(),THQButton::THQButton(),,cw_symbols.demangled,2172,constructor,high
TIconBar,_DefaultConstructor,(),TIconBar::_DefaultConstructor(),,cw_symbols.demangled,2173,constructor,high
TIconBar,Draw,(const VRect&),TIconBar::Draw(const VRect&),,cw_symbols.demangled,2174,method,high
TIconBar,GetClassDescStatic,(),TIconBar::GetClassDescStatic(),,cw_symbols.demangled,2175,classdesc,high
TIconBar,IIconBar,"(TView*, const VPoint&, const VPoint&, SizeDeterminer, SizeDeterminer, short, long)","TIconBar::IIconBar(TView*, const VPoint&, const VPoint&, SizeDeterminer, SizeDeterminer, short, long)",,cw_symbols.demangled,2176,method,high
TIconBar,SetNumIcons,(short),TIconBar::SetNumIcons(short),,cw_symbols.demangled,2177,method,high
TIconBar,SetNumIcons,"(short, unsigned char)","TIconBar::SetNumIcons(short, unsigned char)",,cw_symbols.demangled,2178,method,high
TIconBar,SetPictureRsrcID,"(short, unsigned char)","TIconBar::SetPictureRsrcID(short, unsigned char)",,cw_symbols.demangled,2179,method,high
TIcon,Clone,(),TIcon::Clone(),,cw_symbols.demangled,2180,method,high
TIcon,_DefaultConstructor,(),TIcon::_DefaultConstructor(),,cw_symbols.demangled,2181,constructor,high
TIcon,Free,(),TIcon::Free(),,cw_symbols.demangled,2182,method,high
TIcon,GetClassDescDynamic,() const,TIcon::GetClassDescDynamic() const,,cw_symbols.demangled,2183,classdesc,high
TIcon,GetClassDescStatic,(),TIcon::GetClassDescStatic(),,cw_symbols.demangled,2184,classdesc,high
TIcon,GetStandardSignature,(),TIcon::GetStandardSignature(),,cw_symbols.demangled,2185,method,high
TIcon,ReadFields,(TStream*),TIcon::ReadFields(TStream*),,cw_symbols.demangled,2186,method,high
TIconSlider,TrackMouse,"(TrackPhase, VPoint&, VPoint&, VPoint&, unsigned char)","TIconSlider::TrackMouse(TrackPhase, VPoint&, VPoint&, VPoint&, unsigned char)",,cw_symbols.demangled,2187,method,high
TIconSlider,_DefaultConstructor,(),TIconSlider::_DefaultConstructor(),,cw_symbols.demangled,2188,constructor,high
TIconSlider,DoPostCreate,(TDocument*),TIconSlider::DoPostCreate(TDocument*),,cw_symbols.demangled,2189,method,high
TIconSlider,Draw,(const VRect&),TIconSlider::Draw(const VRect&),,cw_symbols.demangled,2190,method,high
TIconSlider,GetKnobRect,(CRect&),TIconSlider::GetKnobRect(CRect&),,cw_symbols.demangled,2191,method,high
TIconSlider,@.HandleMouseDown,"(const VPoint&, TToolboxEvent*, CPoint)","TIconSlider::@.HandleMouseDown(const VPoint&, TToolboxEvent*, CPoint)",,cw_symbols.demangled,2192,method,high
TIconSlider,KnobContainsMouse,(const VPoint&),TIconSlider::KnobContainsMouse(const VPoint&),,cw_symbols.demangled,2193,method,high
TIconSlider,SetMax,(short),TIconSlider::SetMax(short),,cw_symbols.demangled,2194,method,high
TIconSlider,SetNumIcons,(short),TIconSlider::SetNumIcons(short),,cw_symbols.demangled,2195,method,high
TIcon,TIcon,(),TIcon::TIcon(),,cw_symbols.demangled,2196,constructor,high
TIdleMeAnimation,GetClassDescDynamic,() const,TIdleMeAnimation::GetClassDescDynamic() const,,cw_symbols.demangled,2197,classdesc,high
TIdleMeAnimation,Tick,(),TIdleMeAnimation::Tick(),,cw_symbols.demangled,2198,method,high
TIncludeView,DoPostCreate,(TDocument*),TIncludeView::DoPostCreate(TDocument*),,cw_symbols.demangled,2199,method,high
TIncludeView,IIncludeView,"(TDocument*, TView*, short, const VPoint&, const CStr255&, short)","TIncludeView::IIncludeView(TDocument*, TView*, short, const VPoint&, const CStr255&, short)",,cw_symbols.demangled,2200,method,high
TIncludeView,GetClassDescDynamic,() const,TIncludeView::GetClassDescDynamic() const,,cw_symbols.demangled,2201,classdesc,high
TIncludeView,GetClassDescStatic,(),TIncludeView::GetClassDescStatic(),,cw_symbols.demangled,2202,classdesc,high
TIncludeView,GetStandardSignature,(),TIncludeView::GetStandardSignature(),,cw_symbols.demangled,2203,method,high
TIncludeView,ReadFields,(TStream*),TIncludeView::ReadFields(TStream*),,cw_symbols.demangled,2204,method,high
TIncludeView,TIncludeView,(),TIncludeView::TIncludeView(),,cw_symbols.demangled,2205,constructor,high
TIncludeView,WriteSubViews,(TStream*),TIncludeView::WriteSubViews(TStream*),,cw_symbols.demangled,2206,method,high
TIndexAndRankList,_DefaultConstructor,(),TIndexAndRankList::_DefaultConstructor(),,cw_symbols.demangled,2207,constructor,high
TIndexAndRankList,GetClassDescDynamic,() const,TIndexAndRankList::GetClassDescDynamic() const,,cw_symbols.demangled,2208,classdesc,high
TIndexAndRankList,IIndexAndRankList,(),TIndexAndRankList::IIndexAndRankList(),,cw_symbols.demangled,2209,method,high
TIndexAndRankList,TIndexAndRankList,(),TIndexAndRankList::TIndexAndRankList(),,cw_symbols.demangled,2210,constructor,high
TIndustryAmtBar,_DefaultConstructor,(),TIndustryAmtBar::_DefaultConstructor(),,cw_symbols.demangled,2211,constructor,high
TIndustryAmtBar,DoPostCreate,(TDocument*),TIndustryAmtBar::DoPostCreate(TDocument*),,cw_symbols.demangled,2212,method,high
TIndustryAmtBar,DrawAmt,(),TIndustryAmtBar::DrawAmt(),,cw_symbols.demangled,2213,method,high
TIndustryAmtBar,DrawMax,(short),TIndustryAmtBar::DrawMax(short),,cw_symbols.demangled,2214,method,high
TIndustryAmtBar,GetClassDescStatic,(),TIndustryAmtBar::GetClassDescStatic(),,cw_symbols.demangled,2215,classdesc,high
TIndustryCluster,DoEvent,"(long, TEventHandler*, TEvent*)","TIndustryCluster::DoEvent(long, TEventHandler*, TEvent*)",,cw_symbols.demangled,2216,method,high
TIndustryCluster,GetClassDescDynamic,() const,TIndustryCluster::GetClassDescDynamic() const,,cw_symbols.demangled,2217,classdesc,high
TIndustryCluster,GetClassDescStatic,(),TIndustryCluster::GetClassDescStatic(),,cw_symbols.demangled,2218,classdesc,high
TIndustryCluster,TIndustryCluster,(),TIndustryCluster::TIndustryCluster(),,cw_symbols.demangled,2219,constructor,high
TIndustryCluster,UpdateMax,(),TIndustryCluster::UpdateMax(),,cw_symbols.demangled,2220,method,high
TIndustryView,DoEvent,"(long, TEventHandler*, TEvent*)","TIndustryView::DoEvent(long, TEventHandler*, TEvent*)",,cw_symbols.demangled,2221,method,high
TIndustryView,_DefaultConstructor,(),TIndustryView::_DefaultConstructor(),,cw_symbols.demangled,2222,constructor,high
TIndustryView,DoStartup,(),TIndustryView::DoStartup(),,cw_symbols.demangled,2223,method,high
TIndustryView,GetClassDescDynamic,() const,TIndustryView::GetClassDescDynamic() const,,cw_symbols.demangled,2224,classdesc,high
TIndustryView,TIndustryView,(),TIndustryView::TIndustryView(),,cw_symbols.demangled,2225,constructor,high
TIndustryView,UpdateFields,(),TIndustryView::UpdateFields(),,cw_symbols.demangled,2226,method,high
TInfoBarBehavior,DoSetCursor,"(const VPoint&, Region**)","TInfoBarBehavior::DoSetCursor(const VPoint&, Region**)",,cw_symbols.demangled,2227,method,high
TInfoBarBehavior,IInfoBarBehavior,"(CStr255, TView*)","TInfoBarBehavior::IInfoBarBehavior(CStr255, TView*)",,cw_symbols.demangled,2228,method,high
TInfoBarBehavior,GetClassDescDynamic,() const,TInfoBarBehavior::GetClassDescDynamic() const,,cw_symbols.demangled,2229,classdesc,high
TInfoBarBehavior,GetClassDescStatic,(),TInfoBarBehavior::GetClassDescStatic(),,cw_symbols.demangled,2230,classdesc,high
TInfoBarBehavior,TInfoBarBehavior,(),TInfoBarBehavior::TInfoBarBehavior(),,cw_symbols.demangled,2231,constructor,high
TInfoBarPictureText,HotText,"(CStr255, const VRect&)","TInfoBarPictureText::HotText(CStr255, const VRect&)",,cw_symbols.demangled,2232,method,high
TInfoBarPictureText,GetClassDescDynamic,() const,TInfoBarPictureText::GetClassDescDynamic() const,,cw_symbols.demangled,2233,classdesc,high
TInfoBarPictureText,GetClassDescStatic,(),TInfoBarPictureText::GetClassDescStatic(),,cw_symbols.demangled,2234,classdesc,high
TInfoBarPictureText,HotText,(CStr255),TInfoBarPictureText::HotText(CStr255),,cw_symbols.demangled,2235,method,high
TInfoBarPictureText,TInfoBarPictureText,(),TInfoBarPictureText::TInfoBarPictureText(),,cw_symbols.demangled,2236,constructor,high
TInfoBarText,Free,(),TInfoBarText::Free(),,cw_symbols.demangled,2237,method,high
TInfoBarText,GetClassDescDynamic,() const,TInfoBarText::GetClassDescDynamic() const,,cw_symbols.demangled,2238,classdesc,high
TInfoBarText,GetClassDescStatic,(),TInfoBarText::GetClassDescStatic(),,cw_symbols.demangled,2239,classdesc,high
TInfoBarText,HotText,(CStr255),TInfoBarText::HotText(CStr255),,cw_symbols.demangled,2240,method,high
TInfoBarText,HotText,"(CStr255, const VRect&)","TInfoBarText::HotText(CStr255, const VRect&)",,cw_symbols.demangled,2241,method,high
TInfoBarText,Reset,(),TInfoBarText::Reset(),,cw_symbols.demangled,2242,method,high
TInfoBarText,Reset,"(short, short)","TInfoBarText::Reset(short, short)",,cw_symbols.demangled,2243,method,high
TInfoPanelView,DoEvent,"(long, TEventHandler*, TEvent*)","TInfoPanelView::DoEvent(long, TEventHandler*, TEvent*)",,cw_symbols.demangled,2244,method,high
TInfoPanelView,_DefaultConstructor,(),TInfoPanelView::_DefaultConstructor(),,cw_symbols.demangled,2245,constructor,high
TInfoPanelView,DoPostCreate,(TDocument*),TInfoPanelView::DoPostCreate(TDocument*),,cw_symbols.demangled,2246,method,high
TInfoPanelView,Draw,(const VRect&),TInfoPanelView::Draw(const VRect&),,cw_symbols.demangled,2247,method,high
TInfoPanelView,GetClassDescDynamic,() const,TInfoPanelView::GetClassDescDynamic() const,,cw_symbols.demangled,2248,classdesc,high
TInfoPanelView,SetInfoCountry,(short),TInfoPanelView::SetInfoCountry(short),,cw_symbols.demangled,2249,method,high
TInteriorMinister,GetRankingCriterionForGP,(short),TInteriorMinister::GetRankingCriterionForGP(short),,cw_symbols.demangled,2250,method,high
TInteriorMinister,GetMissionBuildingAllowance,(int*) const,TInteriorMinister::GetMissionBuildingAllowance(int*) const,,cw_symbols.demangled,2251,method,high
TInteriorMinister,_DefaultConstructor,(),TInteriorMinister::_DefaultConstructor(),,cw_symbols.demangled,2252,constructor,high
TInteriorMinister,DoBuildMerchantShip,(),TInteriorMinister::DoBuildMerchantShip(),,cw_symbols.demangled,2253,method,high
TInteriorMinister,DoIncreasedTransport,(),TInteriorMinister::DoIncreasedTransport(),,cw_symbols.demangled,2254,method,high
TInteriorMinister,GetClassDescDynamic,() const,TInteriorMinister::GetClassDescDynamic() const,,cw_symbols.demangled,2255,classdesc,high
TInteriorMinister,GetHistoricalNeedFor,(long),TInteriorMinister::GetHistoricalNeedFor(long),,cw_symbols.demangled,2256,method,high
TInteriorMinister,GetNumCarsToBuild,(),TInteriorMinister::GetNumCarsToBuild(),,cw_symbols.demangled,2257,method,high
TInteriorMinister,InitialTransport,(),TInteriorMinister::InitialTransport(),,cw_symbols.demangled,2258,method,high
TInteriorMinister,MakeNewCity,(TCity*),TInteriorMinister::MakeNewCity(TCity*),,cw_symbols.demangled,2259,method,high
TInteriorMinister,PleaseBuildLandUnit,(short),TInteriorMinister::PleaseBuildLandUnit(short),,cw_symbols.demangled,2260,method,high
TInteriorMinister,PleaseBuildShip,(short),TInteriorMinister::PleaseBuildShip(short),,cw_symbols.demangled,2261,method,high
TInteriorMinister,ReadFrom,(TStream*),TInteriorMinister::ReadFrom(TStream*),,cw_symbols.demangled,2262,method,high
TInteriorMinister,SetCityPolicies,(),TInteriorMinister::SetCityPolicies(),,cw_symbols.demangled,2263,method,high
TInteriorMinister,TInteriorMinister,(),TInteriorMinister::TInteriorMinister(),,cw_symbols.demangled,2264,constructor,high
TInteriorMinisterView,GetClassDescDynamic,() const,TInteriorMinisterView::GetClassDescDynamic() const,,cw_symbols.demangled,2265,classdesc,high
TInteriorMinisterView,_DefaultConstructor,(),TInteriorMinisterView::_DefaultConstructor(),,cw_symbols.demangled,2266,constructor,high
TInteriorMinisterView,;.DoEvent,"(long, TEventHandler*, TEvent*)","TInteriorMinisterView::;.DoEvent(long, TEventHandler*, TEvent*)",,cw_symbols.demangled,2267,method,high
TInteriorMinister,WriteTo,(TStream*),TInteriorMinister::WriteTo(TStream*),,cw_symbols.demangled,2268,method,high
TInterruptusView,_DefaultConstructor,(),TInterruptusView::_DefaultConstructor(),,cw_symbols.demangled,2269,constructor,high
TInterruptusView,GetClassDescDynamic,() const,TInterruptusView::GetClassDescDynamic() const,,cw_symbols.demangled,2270,classdesc,high
TInvadeMission,AcceptReenforcement,"(TShip*, unsigned char)","TInvadeMission::AcceptReenforcement(TShip*, unsigned char)",,cw_symbols.demangled,2271,method,high
TInvadeMission,ForgetTaskForce,(TTaskForce*),TInvadeMission::ForgetTaskForce(TTaskForce*),,cw_symbols.demangled,2272,method,high
TInvadeMission,AccumulateLack,"(int*, unsigned char) const","TInvadeMission::AccumulateLack(int*, unsigned char) const",,cw_symbols.demangled,2273,method,high
TInvadeMission,CalculateNeeds,(),TInvadeMission::CalculateNeeds(),,cw_symbols.demangled,2274,method,high
TInvadeMission,_DefaultConstructor,(),TInvadeMission::_DefaultConstructor(),,cw_symbols.demangled,2275,constructor,high
TInvadeMission,Free,(),TInvadeMission::Free(),,cw_symbols.demangled,2276,method,high
TInvadeMission,GetClassDescDynamic,() const,TInvadeMission::GetClassDescDynamic() const,,cw_symbols.demangled,2277,classdesc,high
TInvadeMission,GetInfo,(char*),TInvadeMission::GetInfo(char*),,cw_symbols.demangled,2278,method,high
TInvadeMission,GetNavyMission,(),TInvadeMission::GetNavyMission(),,cw_symbols.demangled,2279,method,high
TInvadeMission,GiveOrders,(),TInvadeMission::GiveOrders(),,cw_symbols.demangled,2280,method,high
TInvadeMission,IndustrialCostOfNeeds,() const,TInvadeMission::IndustrialCostOfNeeds() const,,cw_symbols.demangled,2281,method,high
TInvadeMission,Initialize,(),TInvadeMission::Initialize(),,cw_symbols.demangled,2282,method,high
TInvadeMission,IsArmyMission,() const,TInvadeMission::IsArmyMission() const,,cw_symbols.demangled,2283,method,high
TInvadeMission,IsNavyMission,() const,TInvadeMission::IsNavyMission() const,,cw_symbols.demangled,2284,method,high
TInvadeMission,PickAmassingProvince,(),TInvadeMission::PickAmassingProvince(),,cw_symbols.demangled,2285,method,high
TInvadeMission,Plan,(),TInvadeMission::Plan(),,cw_symbols.demangled,2286,method,high
TInvadeMission,ReadFrom,(TStream*),TInvadeMission::ReadFrom(TStream*),,cw_symbols.demangled,2287,method,high
TInvadeMission,Reassess,(),TInvadeMission::Reassess(),,cw_symbols.demangled,2288,method,high
TItemBoyView,ActuallyDraw,(const CStr255&),TItemBoyView::ActuallyDraw(const CStr255&),,cw_symbols.demangled,2289,method,high
TItemBoyView,GetClassDescDynamic,() const,TItemBoyView::GetClassDescDynamic() const,,cw_symbols.demangled,2290,classdesc,high
TItemOrder,FillOrderSheet,"(OrderSheet*, short)","TItemOrder::FillOrderSheet(OrderSheet*, short)",,cw_symbols.demangled,2291,method,high
TItemOrder,GetClassDescDynamic,() const,TItemOrder::GetClassDescDynamic() const,,cw_symbols.demangled,2292,classdesc,high
TItemOrder,IItemOrder,"(TCity*, short, short, short, short)","TItemOrder::IItemOrder(TCity*, short, short, short, short)",,cw_symbols.demangled,2293,method,high
TItemOrder,MaxOrder,(),TItemOrder::MaxOrder(),,cw_symbols.demangled,2294,method,high
TItemOrder,Produce,(),TItemOrder::Produce(),,cw_symbols.demangled,2295,method,high
TItemOrder,ReadFrom,(TStream*),TItemOrder::ReadFrom(TStream*),,cw_symbols.demangled,2296,method,high
TItemOrder,Restock,(),TItemOrder::Restock(),,cw_symbols.demangled,2297,method,high
TItemOrder,SetQuantity,(short),TItemOrder::SetQuantity(short),,cw_symbols.demangled,2298,method,high
TItemOrder,TItemOrder,(),TItemOrder::TItemOrder(),,cw_symbols.demangled,2299,constructor,high
TItemOrder,WriteTo,(TStream*),TItemOrder::WriteTo(TStream*),,cw_symbols.demangled,2300,method,high
TJoinSelectorDialog,DoPostCreate,(TDocument*),TJoinSelectorDialog::DoPostCreate(TDocument*),,cw_symbols.demangled,2301,method,high
TJoinSelectorDialog,DoEvent,"(long, TEventHandler*, TEvent*)","TJoinSelectorDialog::DoEvent(long, TEventHandler*, TEvent*)",,cw_symbols.demangled,2302,method,high
TLaborPool,GetClassDescDynamic,() const,TLaborPool::GetClassDescDynamic() const,,cw_symbols.demangled,2303,classdesc,high
TLaborPool,ILaborPool,(),TLaborPool::ILaborPool(),,cw_symbols.demangled,2304,method,high
TLaborPool,ReadFrom,(TStream*),TLaborPool::ReadFrom(TStream*),,cw_symbols.demangled,2305,method,high
TLaborPool,TLaborPool,(),TLaborPool::TLaborPool(),,cw_symbols.demangled,2306,constructor,high
TLaborPool,TransferWorst,"(TLaborPool*, short)","TLaborPool::TransferWorst(TLaborPool*, short)",,cw_symbols.demangled,2307,method,high
TLaborPool,WriteTo,(TStream*),TLaborPool::WriteTo(TStream*),,cw_symbols.demangled,2308,method,high
TLandSaleEvent,_DefaultConstructor,(),TLandSaleEvent::_DefaultConstructor(),,cw_symbols.demangled,2309,constructor,high
TLandSaleEvent,Execute,(),TLandSaleEvent::Execute(),,cw_symbols.demangled,2310,method,high
TLandSaleEvent,GetClassDescDynamic,() const,TLandSaleEvent::GetClassDescDynamic() const,,cw_symbols.demangled,2311,classdesc,high
TLanguageMgr,Free,(),TLanguageMgr::Free(),,cw_symbols.demangled,2312,method,high
TLanguageMgr,GetClassDescDynamic,() const,TLanguageMgr::GetClassDescDynamic() const,,cw_symbols.demangled,2313,classdesc,high
TLanguageMgr,Localize,"(const char*, unsigned char) const","TLanguageMgr::Localize(const char*, unsigned char) const",,cw_symbols.demangled,2314,method,high
TLanguageMgr,ParseRow,(const char*),TLanguageMgr::ParseRow(const char*),,cw_symbols.demangled,2315,method,high
TLanguageMgr,PickGender,(const char*) const,TLanguageMgr::PickGender(const char*) const,,cw_symbols.demangled,2316,method,high
TLanguageMgr,ReadPrepLUT,"(const char*, unsigned long, 8)","TLanguageMgr::ReadPrepLUT(const char*, unsigned long, 8)",,cw_symbols.demangled,2317,method,high
TLanguageMgr,SetLanguage,(unsigned long),TLanguageMgr::SetLanguage(unsigned long),,cw_symbols.demangled,2318,method,high
TLanguageMgr,StripCodeStr,(const CString&) const,TLanguageMgr::StripCodeStr(const CString&) const,,cw_symbols.demangled,2319,method,high
TLanguageMgr,TLanguageMgr,(),TLanguageMgr::TLanguageMgr(),,cw_symbols.demangled,2320,constructor,high
TLineBottomAdorner,_DefaultConstructor,(),TLineBottomAdorner::_DefaultConstructor(),,cw_symbols.demangled,2321,constructor,high
TLineBottomAdorner,Draw,"(TView*, const VRect&)","TLineBottomAdorner::Draw(TView*, const VRect&)",,cw_symbols.demangled,2322,method,high
TLineBottomAdorner,GetClassDescStatic,(),TLineBottomAdorner::GetClassDescStatic(),,cw_symbols.demangled,2323,classdesc,high
TLineBottomAdorner,TLineBottomAdorner,(),TLineBottomAdorner::TLineBottomAdorner(),,cw_symbols.demangled,2324,constructor,high
TLineData,GetClassDescDynamic,() const,TLineData::GetClassDescDynamic() const,,cw_symbols.demangled,2325,classdesc,high
TLineData,ILineData,"(short, short, VPoint&)","TLineData::ILineData(short, short, VPoint&)",,cw_symbols.demangled,2326,method,high
TLineData,InstallViews,"(TView*, VPoint&)","TLineData::InstallViews(TView*, VPoint&)",,cw_symbols.demangled,2327,method,high
TLineData,TLineData,(),TLineData::TLineData(),,cw_symbols.demangled,2328,constructor,high
TLineLeftAdorner,_DefaultConstructor,(),TLineLeftAdorner::_DefaultConstructor(),,cw_symbols.demangled,2329,constructor,high
TLineLeftAdorner,Draw,"(TView*, const VRect&)","TLineLeftAdorner::Draw(TView*, const VRect&)",,cw_symbols.demangled,2330,method,high
TLineLeftAdorner,GetClassDescDynamic,() const,TLineLeftAdorner::GetClassDescDynamic() const,,cw_symbols.demangled,2331,classdesc,high
TLineLeftAdorner,GetClassDescStatic,(),TLineLeftAdorner::GetClassDescStatic(),,cw_symbols.demangled,2332,classdesc,high
TLineLeftAdorner,GetStandardSignature,(),TLineLeftAdorner::GetStandardSignature(),,cw_symbols.demangled,2333,method,high
TLineLeftAdorner,TLineLeftAdorner,(),TLineLeftAdorner::TLineLeftAdorner(),,cw_symbols.demangled,2334,constructor,high
TLineRightAdorner,_DefaultConstructor,(),TLineRightAdorner::_DefaultConstructor(),,cw_symbols.demangled,2335,constructor,high
TLineRightAdorner,GetClassDescDynamic,() const,TLineRightAdorner::GetClassDescDynamic() const,,cw_symbols.demangled,2336,classdesc,high
TLineRightAdorner,GetClassDescStatic,(),TLineRightAdorner::GetClassDescStatic(),,cw_symbols.demangled,2337,classdesc,high
TLineRightAdorner,GetStandardSignature,(),TLineRightAdorner::GetStandardSignature(),,cw_symbols.demangled,2338,method,high
TLineRightAdorner,TLineRightAdorner,(),TLineRightAdorner::TLineRightAdorner(),,cw_symbols.demangled,2339,constructor,high
TLineTopAdorner,_DefaultConstructor,(),TLineTopAdorner::_DefaultConstructor(),,cw_symbols.demangled,2340,constructor,high
TLineTopAdorner,Draw,"(TView*, const VRect&)","TLineTopAdorner::Draw(TView*, const VRect&)",,cw_symbols.demangled,2341,method,high
TLineTopAdorner,GetClassDescDynamic,() const,TLineTopAdorner::GetClassDescDynamic() const,,cw_symbols.demangled,2342,classdesc,high
TLineTopAdorner,GetClassDescStatic,(),TLineTopAdorner::GetClassDescStatic(),,cw_symbols.demangled,2343,classdesc,high
TList,AtPut,"(long, TObject*)","TList::AtPut(long, TObject*)",,cw_symbols.demangled,2344,method,high
TList,_DefaultConstructor,(),TList::_DefaultConstructor(),,cw_symbols.demangled,2345,constructor,high
TList,GetClassDescDynamic,() const,TList::GetClassDescDynamic() const,,cw_symbols.demangled,2346,classdesc,high
TList,GetClassDescStatic,(),TList::GetClassDescStatic(),,cw_symbols.demangled,2347,classdesc,high
TList,IList,(),TList::IList(),,cw_symbols.demangled,2348,method,high
TList,InsertBefore,"(long, TObject*)","TList::InsertBefore(long, TObject*)",,cw_symbols.demangled,2349,method,high
TList,InsertElementInOrder,(void*),TList::InsertElementInOrder(void*),,cw_symbols.demangled,2350,method,high
TList,InsertLast,(TObject*),TList::InsertLast(TObject*),,cw_symbols.demangled,2351,method,high
TList,Push,(TObject*),TList::Push(TObject*),,cw_symbols.demangled,2352,method,high
TList,Queue,(TObject*),TList::Queue(TObject*),,cw_symbols.demangled,2353,method,high
TList,TList,(),TList::TList(),,cw_symbols.demangled,2354,constructor,high
TLoadSavePicture,DoKeyEvent,(TToolboxEvent*),TLoadSavePicture::DoKeyEvent(TToolboxEvent*),,cw_symbols.demangled,2355,method,high
TLoadSavePicture,ExitScreen,(),TLoadSavePicture::ExitScreen(),,cw_symbols.demangled,2356,method,high
TLoadSavePicture,FindSlotWithSeed,"(int&, int)","TLoadSavePicture::FindSlotWithSeed(int&, int)",,cw_symbols.demangled,2357,method,high
TLoadSavePicture,GetClassDescDynamic,() const,TLoadSavePicture::GetClassDescDynamic() const,,cw_symbols.demangled,2358,classdesc,high
TLoadSavePicture,LoadHeader,(int),TLoadSavePicture::LoadHeader(int),,cw_symbols.demangled,2359,method,high
TLoadSavePicture,StartGame,(),TLoadSavePicture::StartGame(),,cw_symbols.demangled,2360,method,high
TLonelyTileView,_DefaultConstructor,(),TLonelyTileView::_DefaultConstructor(),,cw_symbols.demangled,2361,constructor,high
TLonelyTileView,Draw,(const VRect&),TLonelyTileView::Draw(const VRect&),,cw_symbols.demangled,2362,method,high
TLonelyTileView,GetClassDescStatic,(),TLonelyTileView::GetClassDescStatic(),,cw_symbols.demangled,2363,classdesc,high
TLonelyTileView,SetTile,(short),TLonelyTileView::SetTile(short),,cw_symbols.demangled,2364,method,high
TLongintList,AtPut,"(long, long)","TLongintList::AtPut(long, long)",,cw_symbols.demangled,2365,method,high
TLongintList,_DefaultConstructor,(),TLongintList::_DefaultConstructor(),,cw_symbols.demangled,2366,constructor,high
TLongintList,DoSearchElement,"(short (*)(long, void*), void*, long&)","TLongintList::DoSearchElement(short (*)(long, void*), void*, long&)",,cw_symbols.demangled,2367,method,high
TLongintList,GetClassDescDynamic,() const,TLongintList::GetClassDescDynamic() const,,cw_symbols.demangled,2368,classdesc,high
TLongintList,ILongintList,(),TLongintList::ILongintList(),,cw_symbols.demangled,2369,method,high
TLongintList,InsertBefore,"(long, long)","TLongintList::InsertBefore(long, long)",,cw_symbols.demangled,2370,method,high
TLongintList,InsertElementInOrder,(void*),TLongintList::InsertElementInOrder(void*),,cw_symbols.demangled,2371,method,high
TLongintList,InsertLast,(long),TLongintList::InsertLast(long),,cw_symbols.demangled,2372,method,high
TLongintList,Push,(long),TLongintList::Push(long),,cw_symbols.demangled,2373,method,high
TLongintList,TLongintList,(),TLongintList::TLongintList(),,cw_symbols.demangled,2374,constructor,high
TLoungeDialog,DoEvent,"(long, TEventHandler*, TEvent*)","TLoungeDialog::DoEvent(long, TEventHandler*, TEvent*)",,cw_symbols.demangled,2375,method,high
TLoungeDialog,_DefaultConstructor,(),TLoungeDialog::_DefaultConstructor(),,cw_symbols.demangled,2376,constructor,high
TLoungeDialog,DoIdle,(IdlePhase),TLoungeDialog::DoIdle(IdlePhase),,cw_symbols.demangled,2377,method,high
TLoungeDialog,DoPostCreate,(TDocument*),TLoungeDialog::DoPostCreate(TDocument*),,cw_symbols.demangled,2378,method,high
TLoungeDialog,Free,(),TLoungeDialog::Free(),,cw_symbols.demangled,2379,method,high
TLoungeDialog,GetClassDescDynamic,() const,TLoungeDialog::GetClassDescDynamic() const,,cw_symbols.demangled,2380,classdesc,high
TLoungeDialog,GetClassDescStatic,(),TLoungeDialog::GetClassDescStatic(),,cw_symbols.demangled,2381,classdesc,high
TLoungeDialog,NationalClick,(int),TLoungeDialog::NationalClick(int),,cw_symbols.demangled,2382,method,high
TLoungeDialog,YouHaveNewGameData,(),TLoungeDialog::YouHaveNewGameData(),,cw_symbols.demangled,2383,method,high
TMacViewMgr,CopyDevelopmentIcon,"(PixMap**, short, short, short, short)","TMacViewMgr::CopyDevelopmentIcon(PixMap**, short, short, short, short)",,cw_symbols.demangled,2384,method,high
TMacViewMgr,CopyEntrepreneurIcon,"(PixMap**, short, short, short)","TMacViewMgr::CopyEntrepreneurIcon(PixMap**, short, short, short)",,cw_symbols.demangled,2385,method,high
TMacViewMgr,GetTradeCluster,"(TTradeCluster*, short, short)","TMacViewMgr::GetTradeCluster(TTradeCluster*, short, short)",,cw_symbols.demangled,2386,method,high
TMacViewMgr,ShowTradeCluster,"(TTradeCluster*, short, short)","TMacViewMgr::ShowTradeCluster(TTradeCluster*, short, short)",,cw_symbols.demangled,2387,method,high
TMacViewMgr,CloseAndSaveWindows,(),TMacViewMgr::CloseAndSaveWindows(),,cw_symbols.demangled,2388,method,high
TMacViewMgr,CloseBuilding,(short),TMacViewMgr::CloseBuilding(short),,cw_symbols.demangled,2389,method,high
TMacViewMgr,CopyCommodityIcon,"(PixMap**, short, short, short)","TMacViewMgr::CopyCommodityIcon(PixMap**, short, short, short)",,cw_symbols.demangled,2390,method,high
TMacViewMgr,CopyMapIcon,"(PixMap**, short, short, short)","TMacViewMgr::CopyMapIcon(PixMap**, short, short, short)",,cw_symbols.demangled,2391,method,high
TMacViewMgr,CreateCommodityIconsGWorld,(),TMacViewMgr::CreateCommodityIconsGWorld(),,cw_symbols.demangled,2392,method,high
TMacViewMgr,CreateIngotsGWorlds,(),TMacViewMgr::CreateIngotsGWorlds(),,cw_symbols.demangled,2393,method,high
TMacViewMgr,CreateMapArtStorage,(),TMacViewMgr::CreateMapArtStorage(),,cw_symbols.demangled,2394,method,high
TMacViewMgr,CreateMiniFlagsGWorld,(),TMacViewMgr::CreateMiniFlagsGWorld(),,cw_symbols.demangled,2395,method,high
TMacViewMgr,CreateNavyNuggetsGWorld,(),TMacViewMgr::CreateNavyNuggetsGWorld(),,cw_symbols.demangled,2396,method,high
TMacViewMgr,_DefaultConstructor,(),TMacViewMgr::_DefaultConstructor(),,cw_symbols.demangled,2397,constructor,high
TMacViewMgr,OpenBuildingWindow,"(short, TCity*, unsigned char, unsigned char, TCityProductionView*)","TMacViewMgr::OpenBuildingWindow(short, TCity*, unsigned char, unsigned char, TCityProductionView*)",,cw_symbols.demangled,2398,method,high
TMacViewMgr,OpenConstructionWindow,"(short, TCity*, TCityProductionView*)","TMacViewMgr::OpenConstructionWindow(short, TCity*, TCityProductionView*)",,cw_symbols.demangled,2399,method,high
TMacViewMgr,GenerateMiniMap,(),TMacViewMgr::GenerateMiniMap(),,cw_symbols.demangled,2400,method,high
TMacViewMgr,GenerateRegions,(),TMacViewMgr::GenerateRegions(),,cw_symbols.demangled,2401,method,high
TMacViewMgr,OpenBuildingWindow,"(short, TCity*, unsigned char, unsigned char, TCityProductionView*, short, short)","TMacViewMgr::OpenBuildingWindow(short, TCity*, unsigned char, unsigned char, TCityProductionView*, short, short)",,cw_symbols.demangled,2402,method,high
TMacViewMgr,IMacViewMgr,(),TMacViewMgr::IMacViewMgr(),,cw_symbols.demangled,2403,method,high
TMacViewMgr,MakeBookDialog,(short),TMacViewMgr::MakeBookDialog(short),,cw_symbols.demangled,2404,method,high
TMacViewMgr,MakeCountryRegion,(short),TMacViewMgr::MakeCountryRegion(short),,cw_symbols.demangled,2405,method,high
TMacViewMgr,ResetFlags,(),TMacViewMgr::ResetFlags(),,cw_symbols.demangled,2406,method,high
TMacViewMgr,SelectCitySite,"(short, TTown*)","TMacViewMgr::SelectCitySite(short, TTown*)",,cw_symbols.demangled,2407,method,high
TMacViewMgr,SetCountryRgn,"(Region**, short)","TMacViewMgr::SetCountryRgn(Region**, short)",,cw_symbols.demangled,2408,method,high
TMacViewMgr,ShowTransportEntry,"(short, short, TView*)","TMacViewMgr::ShowTransportEntry(short, short, TView*)",,cw_symbols.demangled,2409,method,high
TMacViewMgr,WriteTo,(TStream*),TMacViewMgr::WriteTo(TStream*),,cw_symbols.demangled,2410,method,high
TMadnessButton,_DefaultConstructor,(),TMadnessButton::_DefaultConstructor(),,cw_symbols.demangled,2411,constructor,high
TMadnessButton,DoPostCreate,(TDocument*),TMadnessButton::DoPostCreate(TDocument*),,cw_symbols.demangled,2412,method,high
TMadnessButton,GetClassDescDynamic,() const,TMadnessButton::GetClassDescDynamic() const,,cw_symbols.demangled,2413,classdesc,high
TMapDialog,TileID2TileTopLeft,"(short, const VPoint&, short&, short&, short)","TMapDialog::TileID2TileTopLeft(short, const VPoint&, short&, short&, short)",,cw_symbols.demangled,2414,method,high
TMapDialog,CenterOn,(short),TMapDialog::CenterOn(short),,cw_symbols.demangled,2415,method,high
TMapDialog,CoastWedgeN,"(unsigned char*, unsigned char*, short, short)","TMapDialog::CoastWedgeN(unsigned char*, unsigned char*, short, short)",,cw_symbols.demangled,2416,method,high
TMapDialog,CoastWedgeS,"(unsigned char*, unsigned char*, short, short)","TMapDialog::CoastWedgeS(unsigned char*, unsigned char*, short, short)",,cw_symbols.demangled,2417,method,high
TMapDialog,ConvertPoint,"(const VPoint&, short&, short&, short&)","TMapDialog::ConvertPoint(const VPoint&, short&, short&, short&)",,cw_symbols.demangled,2418,method,high
TMapDialog,DeCache,(short),TMapDialog::DeCache(short),,cw_symbols.demangled,2419,method,high
TMapDialog,DoPostCreate,(TDocument*),TMapDialog::DoPostCreate(TDocument*),,cw_symbols.demangled,2420,method,high
TMapDialog,DrawBorder,"(short, short, short, short, short)","TMapDialog::DrawBorder(short, short, short, short, short)",,cw_symbols.demangled,2421,method,high
TMapDialog,DrawCoastalBorders,"(short, short, short)","TMapDialog::DrawCoastalBorders(short, short, short)",,cw_symbols.demangled,2422,method,high
TMapDialog,Draw,(const VRect&),TMapDialog::Draw(const VRect&),,cw_symbols.demangled,2423,method,high
TMapDialog,DrawGarrison,"(short, const CRect&, unsigned char)","TMapDialog::DrawGarrison(short, const CRect&, unsigned char)",,cw_symbols.demangled,2424,method,high
TMapDialog,DrawLandBorderPenants,"(char, short, short, short)","TMapDialog::DrawLandBorderPenants(char, short, short, short)",,cw_symbols.demangled,2425,method,high
TMapDialog,DrawLandBorders,"(char, short, short, short)","TMapDialog::DrawLandBorders(char, short, short, short)",,cw_symbols.demangled,2426,method,high
TMapDialog,DrawProvinceBorders,"(char, short, short, short)","TMapDialog::DrawProvinceBorders(char, short, short, short)",,cw_symbols.demangled,2427,method,high
TMapDialog,DrawRatLine,"(short, short, short, short)","TMapDialog::DrawRatLine(short, short, short, short)",,cw_symbols.demangled,2428,method,high
TMapDialog,DrawSeaZoneBorders,(),TMapDialog::DrawSeaZoneBorders(),,cw_symbols.demangled,2429,method,high
TMapDialog,DrawTile,"(short, short, short)","TMapDialog::DrawTile(short, short, short)",,cw_symbols.demangled,2430,method,high
TMapDialog,FlushCache,(),TMapDialog::FlushCache(),,cw_symbols.demangled,2431,method,high
TMapDialog,FrameCursorArea,(),TMapDialog::FrameCursorArea(),,cw_symbols.demangled,2432,method,high
TMapDialog,FrameNeighbors,(short*),TMapDialog::FrameNeighbors(short*),,cw_symbols.demangled,2433,method,high
TMapDialog,Free,(),TMapDialog::Free(),,cw_symbols.demangled,2434,method,high
TMapDialog,GetCenterTile,() const,TMapDialog::GetCenterTile() const,,cw_symbols.demangled,2435,method,high
TMapDialog,GetClassDescDynamic,() const,TMapDialog::GetClassDescDynamic() const,,cw_symbols.demangled,2436,classdesc,high
TMapDialog,GetClassDescStatic,(),TMapDialog::GetClassDescStatic(),,cw_symbols.demangled,2437,classdesc,high
TMapDialog,ImmediateDrawTile,(short),TMapDialog::ImmediateDrawTile(short),,cw_symbols.demangled,2438,method,high
TMapDialog,InvalidateTile,(short),TMapDialog::InvalidateTile(short),,cw_symbols.demangled,2439,method,high
TMapDialog,NewCopy64,"(unsigned char*, unsigned char*, short, short)","TMapDialog::NewCopy64(unsigned char*, unsigned char*, short, short)",,cw_symbols.demangled,2440,method,high
TMapDialog,QuickWedgeE,"(unsigned char*, unsigned char*, short, short)","TMapDialog::QuickWedgeE(unsigned char*, unsigned char*, short, short)",,cw_symbols.demangled,2441,method,high
TMapDialog,QuickWedgeW,"(unsigned char*, unsigned char*, short, short)","TMapDialog::QuickWedgeW(unsigned char*, unsigned char*, short, short)",,cw_symbols.demangled,2442,method,high
TMapDialog,Scroll,(short),TMapDialog::Scroll(short),,cw_symbols.demangled,2443,method,high
TMapDialog,SetUpperLeft,(short),TMapDialog::SetUpperLeft(short),,cw_symbols.demangled,2444,method,high
TMapDialog,SetUpperLeft,"(short, short, unsigned char)","TMapDialog::SetUpperLeft(short, short, unsigned char)",,cw_symbols.demangled,2445,method,high
TMapDialog,TMapDialog,(),TMapDialog::TMapDialog(),,cw_symbols.demangled,2446,constructor,high
TMapEditCluster,DoEvent,"(long, TEventHandler*, TEvent*)","TMapEditCluster::DoEvent(long, TEventHandler*, TEvent*)",,cw_symbols.demangled,2447,method,high
TMapEditCluster,_DefaultConstructor,(),TMapEditCluster::_DefaultConstructor(),,cw_symbols.demangled,2448,constructor,high
TMapEditView,DefaultResources,(short),TMapEditView::DefaultResources(short),,cw_symbols.demangled,2449,method,high
TMapEditView,DoPostCreate,(TDocument*),TMapEditView::DoPostCreate(TDocument*),,cw_symbols.demangled,2450,method,high
TMapEditView,GetClassDescDynamic,() const,TMapEditView::GetClassDescDynamic() const,,cw_symbols.demangled,2451,classdesc,high
TMapEditView,NormalClick,"(short, short)","TMapEditView::NormalClick(short, short)",,cw_symbols.demangled,2452,method,high
TMapEditView,PlaceProvince,(short),TMapEditView::PlaceProvince(short),,cw_symbols.demangled,2453,method,high
TMapEditView,PlaceRail,(short),TMapEditView::PlaceRail(short),,cw_symbols.demangled,2454,method,high
TMapEditView,PlaceResource,(short),TMapEditView::PlaceResource(short),,cw_symbols.demangled,2455,method,high
TMapEditView,PlaceRiver,(short),TMapEditView::PlaceRiver(short),,cw_symbols.demangled,2456,method,high
TMapEditView,PlaceTerrain,(short),TMapEditView::PlaceTerrain(short),,cw_symbols.demangled,2457,method,high
TMapKey,_DefaultConstructor,(),TMapKey::_DefaultConstructor(),,cw_symbols.demangled,2458,constructor,high
TMapKey,DoPostCreate,(TDocument*),TMapKey::DoPostCreate(TDocument*),,cw_symbols.demangled,2459,method,high
TMapKey,Draw,(const VRect&),TMapKey::Draw(const VRect&),,cw_symbols.demangled,2460,method,high
TMapKey,DrawGrantsPanel,(),TMapKey::DrawGrantsPanel(),,cw_symbols.demangled,2461,method,high
TMapKey,DrawTradePanel,(),TMapKey::DrawTradePanel(),,cw_symbols.demangled,2462,method,high
TMapKey,DrawTreatyPanel,(),TMapKey::DrawTreatyPanel(),,cw_symbols.demangled,2463,method,high
TMapKey,GetClassDescDynamic,() const,TMapKey::GetClassDescDynamic() const,,cw_symbols.demangled,2464,classdesc,high
TMapKey,SetKey,(short),TMapKey::SetKey(short),,cw_symbols.demangled,2465,method,high
TMapMaker,AdjacencyTest,"(long, long)","TMapMaker::AdjacencyTest(long, long)",,cw_symbols.demangled,2466,method,high
TMapMaker,AdjacentTile,"(long, long)","TMapMaker::AdjacentTile(long, long)",,cw_symbols.demangled,2467,method,high
TMapMaker,AdjacentZone,"(long, long)","TMapMaker::AdjacentZone(long, long)",,cw_symbols.demangled,2468,method,high
TMapMaker,AssignTerrain,(),TMapMaker::AssignTerrain(),,cw_symbols.demangled,2469,method,high
TMapMaker,CheckProvs,(),TMapMaker::CheckProvs(),,cw_symbols.demangled,2470,method,high
TMapMaker,ConglomerateSeaZones,(),TMapMaker::ConglomerateSeaZones(),,cw_symbols.demangled,2471,method,high
TMapMaker,CreateDeserts,(),TMapMaker::CreateDeserts(),,cw_symbols.demangled,2472,method,high
TMapMaker,CreateRivers,(),TMapMaker::CreateRivers(),,cw_symbols.demangled,2473,method,high
TMapMaker,EnsureCapitols,(),TMapMaker::EnsureCapitols(),,cw_symbols.demangled,2474,method,high
TMapMaker,EnsureCoasts,(),TMapMaker::EnsureCoasts(),,cw_symbols.demangled,2475,method,high
TMapMaker,EraseZones,(long),TMapMaker::EraseZones(long),,cw_symbols.demangled,2476,method,high
TMapMaker,ErrorCheck,(),TMapMaker::ErrorCheck(),,cw_symbols.demangled,2477,method,high
TMapMaker,FillOutContinents,(),TMapMaker::FillOutContinents(),,cw_symbols.demangled,2478,method,high
TMapMaker,FindDateLine,(),TMapMaker::FindDateLine(),,cw_symbols.demangled,2479,method,high
TMapMaker,=.GenerateNewMap,"(TileStruct*, Province*, const CString&)","TMapMaker::=.GenerateNewMap(TileStruct*, Province*, const CString&)",,cw_symbols.demangled,2480,method,high
TMapMaker,GetClassDescDynamic,() const,TMapMaker::GetClassDescDynamic() const,,cw_symbols.demangled,2481,classdesc,high
TMapMaker,GrowRiver,"(long, long, long, long, unsigned char)","TMapMaker::GrowRiver(long, long, long, long, unsigned char)",,cw_symbols.demangled,2482,method,high
TMapMaker,GrowSeaSet,(),TMapMaker::GrowSeaSet(),,cw_symbols.demangled,2483,method,high
TMapMaker,IsSeaTile,(int),TMapMaker::IsSeaTile(int),,cw_symbols.demangled,2484,method,high
TMapMaker,MarkInlandSeas,(),TMapMaker::MarkInlandSeas(),,cw_symbols.demangled,2485,method,high
TMapMaker,MatchSeapoints,(),TMapMaker::MatchSeapoints(),,cw_symbols.demangled,2486,method,high
TMapMaker,MNAdjacencyTest,"(long, long)","TMapMaker::MNAdjacencyTest(long, long)",,cw_symbols.demangled,2487,method,high
TMapMaker,PublishOceanData,(),TMapMaker::PublishOceanData(),,cw_symbols.demangled,2488,method,high
TMapMaker,RandomZone,"(long&, long&)","TMapMaker::RandomZone(long&, long&)",,cw_symbols.demangled,2489,method,high
TMapMaker,RenumberSeaZones,(),TMapMaker::RenumberSeaZones(),,cw_symbols.demangled,2490,method,high
TMapMaker,RepositionDateline,(),TMapMaker::RepositionDateline(),,cw_symbols.demangled,2491,method,high
TMapMaker,SetSeaZoneIndex,"(int, int)","TMapMaker::SetSeaZoneIndex(int, int)",,cw_symbols.demangled,2492,method,high
TMapMaker,SmoothCorners,(),TMapMaker::SmoothCorners(),,cw_symbols.demangled,2493,method,high
TMapMaker,Smooth,"(long, short, short, short, short)","TMapMaker::Smooth(long, short, short, short, short)",,cw_symbols.demangled,2494,method,high
TMapMaker,SmoothNE,"(long, short, short, short, short)","TMapMaker::SmoothNE(long, short, short, short, short)",,cw_symbols.demangled,2495,method,high
TMapMaker,SmoothSE,"(long, short, short, short, short)","TMapMaker::SmoothSE(long, short, short, short, short)",,cw_symbols.demangled,2496,method,high
TMapMaker,TMapMaker,(),TMapMaker::TMapMaker(),,cw_symbols.demangled,2497,constructor,high
TMapMaker,TranslateZones,(),TMapMaker::TranslateZones(),,cw_symbols.demangled,2498,method,high
TMapMaker,ZoneCorner,(long),TMapMaker::ZoneCorner(long),,cw_symbols.demangled,2499,method,high
TMapMgr,ActivateMarchingArrow,"(int, int, unsigned char)","TMapMgr::ActivateMarchingArrow(int, int, unsigned char)",,cw_symbols.demangled,2500,method,high
TMapMgr,AddBorderInfo,"(short, short)","TMapMgr::AddBorderInfo(short, short)",,cw_symbols.demangled,2501,method,high
TMapMgr,AddGhostRail,"(short, short, short)","TMapMgr::AddGhostRail(short, short, short)",,cw_symbols.demangled,2502,method,high
TMapMgr,AddRailSegment,"(short, short, short)","TMapMgr::AddRailSegment(short, short, short)",,cw_symbols.demangled,2503,method,high
TMapMgr,AllocateMapResourcesTo,(short),TMapMgr::AllocateMapResourcesTo(short),,cw_symbols.demangled,2504,method,high
TMapMgr,AreMineralsPresent,(short),TMapMgr::AreMineralsPresent(short),,cw_symbols.demangled,2505,method,high
TMapMgr,AreProvinceNeighbors,"(long, long)","TMapMgr::AreProvinceNeighbors(long, long)",,cw_symbols.demangled,2506,method,high
TMapMgr,AssignContinents,(),TMapMgr::AssignContinents(),,cw_symbols.demangled,2507,method,high
TMapMgr,AssignPictToTile,(short),TMapMgr::AssignPictToTile(short),,cw_symbols.demangled,2508,method,high
TMapMgr,BoundColRow,"(short&, short&)","TMapMgr::BoundColRow(short&, short&)",,cw_symbols.demangled,2509,method,high
TMapMgr,BoundRationalColRow,"(short&, short&)","TMapMgr::BoundRationalColRow(short&, short&)",,cw_symbols.demangled,2510,method,high
TMapMgr,BuildPort,"(short, short)","TMapMgr::BuildPort(short, short)",,cw_symbols.demangled,2511,method,high
TMapMgr,BuildRailhead,"(short, short)","TMapMgr::BuildRailhead(short, short)",,cw_symbols.demangled,2512,method,high
TMapMgr,CalculateNougats,(long),TMapMgr::CalculateNougats(long),,cw_symbols.demangled,2513,method,high
TMapMgr,ChangeProvinceOwner,"(short, short)","TMapMgr::ChangeProvinceOwner(short, short)",,cw_symbols.demangled,2514,method,high
TMapMgr,ConvertCapitolToTown,"(long, long)","TMapMgr::ConvertCapitolToTown(long, long)",,cw_symbols.demangled,2515,method,high
TMapMgr,_DefaultConstructor,(),TMapMgr::_DefaultConstructor(),,cw_symbols.demangled,2516,constructor,high
TMapMgr,DimByCompany,(TUnit*),TMapMgr::DimByCompany(TUnit*),,cw_symbols.demangled,2517,method,high
TMapMgr,DimByDevelopment,(TUnit*),TMapMgr::DimByDevelopment(TUnit*),,cw_symbols.demangled,2518,method,high
TMapMgr,DimByEngineering,(TUnit*),TMapMgr::DimByEngineering(TUnit*),,cw_symbols.demangled,2519,method,high
TMapMgr,DimByFishing,(TUnit*),TMapMgr::DimByFishing(TUnit*),,cw_symbols.demangled,2520,method,high
TMapMgr,DimByMarching,"(TMilitaryUnit**, short)","TMapMgr::DimByMarching(TMilitaryUnit**, short)",,cw_symbols.demangled,2521,method,high
TMapMgr,DimByOwner,(short),TMapMgr::DimByOwner(short),,cw_symbols.demangled,2522,method,high
TMapMgr,DimByProspecting,(TUnit*),TMapMgr::DimByProspecting(TUnit*),,cw_symbols.demangled,2523,method,high
TMapMgr,DimByTrackLaying,(TUnit*),TMapMgr::DimByTrackLaying(TUnit*),,cw_symbols.demangled,2524,method,high
TMapMgr,DimByUnitMove,(TUnit*),TMapMgr::DimByUnitMove(TUnit*),,cw_symbols.demangled,2525,method,high
TMapMgr,DimByValidCitySite,(short),TMapMgr::DimByValidCitySite(short),,cw_symbols.demangled,2526,method,high
TMapMgr,DimmingOff,(),TMapMgr::DimmingOff(),,cw_symbols.demangled,2527,method,high
TMapMgr,FindCountry,(short),TMapMgr::FindCountry(short),,cw_symbols.demangled,2528,method,high
TMapMgr,FindNougatTiles,(long),TMapMgr::FindNougatTiles(long),,cw_symbols.demangled,2529,method,high
TMapMgr,FloodContinent,"(int, int)","TMapMgr::FloodContinent(int, int)",,cw_symbols.demangled,2530,method,high
TMapMgr,FlushCache,(),TMapMgr::FlushCache(),,cw_symbols.demangled,2531,method,high
TMapMgr,Free,(),TMapMgr::Free(),,cw_symbols.demangled,2532,method,high
TMapMgr,GameToScenario,(),TMapMgr::GameToScenario(),,cw_symbols.demangled,2533,method,high
TMapMgr,GenerateMap,"(const char*, const char*)","TMapMgr::GenerateMap(const char*, const char*)",,cw_symbols.demangled,2534,method,high
TMapMgr,GeopoliticalCenter,"(short, unsigned char)","TMapMgr::GeopoliticalCenter(short, unsigned char)",,cw_symbols.demangled,2535,method,high
TMapMgr,GetAltPictOffset,(short),TMapMgr::GetAltPictOffset(short),,cw_symbols.demangled,2536,method,high
TMapMgr,GetAmountOf,"(short, char)","TMapMgr::GetAmountOf(short, char)",,cw_symbols.demangled,2537,method,high
TMapMgr,GetClassDescDynamic,() const,TMapMgr::GetClassDescDynamic() const,,cw_symbols.demangled,2538,classdesc,high
TMapMgr,GetCoastTileNumber,"(char, char)","TMapMgr::GetCoastTileNumber(char, char)",,cw_symbols.demangled,2539,method,high
TMapMgr,GetCoastTileOffset,"(char, char, char)","TMapMgr::GetCoastTileOffset(char, char, char)",,cw_symbols.demangled,2540,method,high
TMapMgr,GetColumnIncrement,(short),TMapMgr::GetColumnIncrement(short),,cw_symbols.demangled,2541,method,high
TMapMgr,GetDeltaTileOffset,"(char, char, short)","TMapMgr::GetDeltaTileOffset(char, char, short)",,cw_symbols.demangled,2542,method,high
TMapMgr,GetDirectionFrom,"(short, short)","TMapMgr::GetDirectionFrom(short, short)",,cw_symbols.demangled,2543,method,high
TMapMgr,GetFortOffset,(short),TMapMgr::GetFortOffset(short),,cw_symbols.demangled,2544,method,high
TMapMgr,GetMaxDevelopmentLevel,"(short, unsigned char, int)","TMapMgr::GetMaxDevelopmentLevel(short, unsigned char, int)",,cw_symbols.demangled,2545,method,high
TMapMgr,GetMyFirstUnit,"(short, short)","TMapMgr::GetMyFirstUnit(short, short)",,cw_symbols.demangled,2546,method,high
TMapMgr,GetNeighborTileIDArray,"(short, short*, unsigned char)","TMapMgr::GetNeighborTileIDArray(short, short*, unsigned char)",,cw_symbols.demangled,2547,method,high
TMapMgr,GetNeighborTileID,"(short, short)","TMapMgr::GetNeighborTileID(short, short)",,cw_symbols.demangled,2548,method,high
TMapMgr,GetProvinceNeighborTile,"(long, long)","TMapMgr::GetProvinceNeighborTile(long, long)",,cw_symbols.demangled,2549,method,high
TMapMgr,GetRailheadOffset,"(short, short)","TMapMgr::GetRailheadOffset(short, short)",,cw_symbols.demangled,2550,method,high
TMapMgr,GetRingList,"(short, short)","TMapMgr::GetRingList(short, short)",,cw_symbols.demangled,2551,method,high
TMapMgr,GetRowIncrement,(short),TMapMgr::GetRowIncrement(short),,cw_symbols.demangled,2552,method,high
TMapMgr,GetSameTerrainPictOffset,(short),TMapMgr::GetSameTerrainPictOffset(short),,cw_symbols.demangled,2553,method,high
TMapMgr,GetSmallTownNuggetOffset,(short),TMapMgr::GetSmallTownNuggetOffset(short),,cw_symbols.demangled,2554,method,high
TMapMgr,GetTinyIngotOffset,"(char, short)","TMapMgr::GetTinyIngotOffset(char, short)",,cw_symbols.demangled,2555,method,high
TMapMgr,GetTownOffset,"(short, short)","TMapMgr::GetTownOffset(short, short)",,cw_symbols.demangled,2556,method,high
TMapMgr,GetTown,(short),TMapMgr::GetTown(short),,cw_symbols.demangled,2557,method,high
TMapMgr,GetTransitProvinces,"(long, long, long*)","TMapMgr::GetTransitProvinces(long, long, long*)",,cw_symbols.demangled,2558,method,high
TMapMgr,GetTransitProvinces,"(long, long, long*, unsigned char)","TMapMgr::GetTransitProvinces(long, long, long*, unsigned char)",,cw_symbols.demangled,2559,method,high
TMapMgr,GetUnitOffset,"(short, unsigned char, unsigned char)","TMapMgr::GetUnitOffset(short, unsigned char, unsigned char)",,cw_symbols.demangled,2560,method,high
TMapMgr,GetUnitOffset,(TCivUnit*),TMapMgr::GetUnitOffset(TCivUnit*),,cw_symbols.demangled,2561,method,high
TMapMgr,GetWaterPictOffset,(short),TMapMgr::GetWaterPictOffset(short),,cw_symbols.demangled,2562,method,high
TMapMgr,GuaranteeResources,(),TMapMgr::GuaranteeResources(),,cw_symbols.demangled,2563,method,high
TMapMgr,HasPortInProvince,(int),TMapMgr::HasPortInProvince(int),,cw_symbols.demangled,2564,method,high
TMapMgr,HasUnblockedPortInProvince,(int),TMapMgr::HasUnblockedPortInProvince(int),,cw_symbols.demangled,2565,method,high
TMapMgr,HasWaterAccess,(short),TMapMgr::HasWaterAccess(short),,cw_symbols.demangled,2566,method,high
TMapMgr,IMapMgr,(),TMapMgr::IMapMgr(),,cw_symbols.demangled,2567,method,high
TMapMgr,InBuildRailheadMode,(),TMapMgr::InBuildRailheadMode(),,cw_symbols.demangled,2568,method,high
TMapMgr,InitializeMap,(),TMapMgr::InitializeMap(),,cw_symbols.demangled,2569,method,high
TMapMgr,IsRemoteLandlocked,"(long, short)","TMapMgr::IsRemoteLandlocked(long, short)",,cw_symbols.demangled,2570,method,high
TMapMgr,IsSameContinent,"(short, short)","TMapMgr::IsSameContinent(short, short)",,cw_symbols.demangled,2571,method,high
TMapMgr,IsUnitPresent,"(short, short)","TMapMgr::IsUnitPresent(short, short)",,cw_symbols.demangled,2572,method,high
TMapMgr,IsUnitPresentWithOrders,"(short, short, short)","TMapMgr::IsUnitPresentWithOrders(short, short, short)",,cw_symbols.demangled,2573,method,high
TMapMgr,KillCompaniesOf,(long),TMapMgr::KillCompaniesOf(long),,cw_symbols.demangled,2574,method,high
TMapMgr,LoadScenario,(int),TMapMgr::LoadScenario(int),,cw_symbols.demangled,2575,method,high
TMapMgr,LoadScenarioMap,(),TMapMgr::LoadScenarioMap(),,cw_symbols.demangled,2576,method,high
TMapMgr,MapRiverToPict,(short),TMapMgr::MapRiverToPict(short),,cw_symbols.demangled,2577,method,high
TMapMgr,PlaceCity,"(short, short)","TMapMgr::PlaceCity(short, short)",,cw_symbols.demangled,2578,method,high
TMapMgr,PlaceMNCapitol,(short),TMapMgr::PlaceMNCapitol(short),,cw_symbols.demangled,2579,method,high
TMapMgr,PrepareMap,(),TMapMgr::PrepareMap(),,cw_symbols.demangled,2580,method,high
TMapMgr,Rational2ColRow,"(short, short, short&, short&)","TMapMgr::Rational2ColRow(short, short, short&, short&)",,cw_symbols.demangled,2581,method,high
TMapMgr,Rational2TileID,"(short, short)","TMapMgr::Rational2TileID(short, short)",,cw_symbols.demangled,2582,method,high
TMapMgr,ReadFrom,(TStream*),TMapMgr::ReadFrom(TStream*),,cw_symbols.demangled,2583,method,high
TMapMgr,ReadInRGBMap,(),TMapMgr::ReadInRGBMap(),,cw_symbols.demangled,2584,method,high
TMapMgr,SaveScenarioMap,(),TMapMgr::SaveScenarioMap(),,cw_symbols.demangled,2585,method,high
TMapMgr,SeekOpenTile,"(short, unsigned char)","TMapMgr::SeekOpenTile(short, unsigned char)",,cw_symbols.demangled,2586,method,high
TMapMgr,SelectProvinceMap,(long) const,TMapMgr::SelectProvinceMap(long) const,,cw_symbols.demangled,2587,method,high
TMapMgr,SetCountySeat,"(long, long)","TMapMgr::SetCountySeat(long, long)",,cw_symbols.demangled,2588,method,high
TMapMgr,SetDevelopmentLevel,"(short, unsigned char, char, unsigned char)","TMapMgr::SetDevelopmentLevel(short, unsigned char, char, unsigned char)",,cw_symbols.demangled,2589,method,high
TMapMgr,SetEntryNougat,"(short, char, char)","TMapMgr::SetEntryNougat(short, char, char)",,cw_symbols.demangled,2590,method,high
TMapMgr,SetTileIngot,"(short, short)","TMapMgr::SetTileIngot(short, short)",,cw_symbols.demangled,2591,method,high
TMapMgr,SetTownInfo,"(short, short)","TMapMgr::SetTownInfo(short, short)",,cw_symbols.demangled,2592,method,high
TMapMgr,SetTownSize,"(short, char)","TMapMgr::SetTownSize(short, char)",,cw_symbols.demangled,2593,method,high
TMapMgr,ShowMap,(),TMapMgr::ShowMap(),,cw_symbols.demangled,2594,method,high
TMapMgr,TileID2Rational,"(short, short&, short&)","TMapMgr::TileID2Rational(short, short&, short&)",,cw_symbols.demangled,2595,method,high
TMapMgr,TMapMgr,(),TMapMgr::TMapMgr(),,cw_symbols.demangled,2596,constructor,high
TMapMgr,WriteTo,(TStream*),TMapMgr::WriteTo(TStream*),,cw_symbols.demangled,2597,method,high
TMapPreviewView,_DefaultConstructor,(),TMapPreviewView::_DefaultConstructor(),,cw_symbols.demangled,2598,constructor,high
TMapPreviewView,DoPostCreate,(TDocument*),TMapPreviewView::DoPostCreate(TDocument*),,cw_symbols.demangled,2599,method,high
TMapPreviewView,Draw,(const VRect&),TMapPreviewView::Draw(const VRect&),,cw_symbols.demangled,2600,method,high
TMapPreviewView,Free,(),TMapPreviewView::Free(),,cw_symbols.demangled,2601,method,high
TMapPreviewView,GetClassDescDynamic,() const,TMapPreviewView::GetClassDescDynamic() const,,cw_symbols.demangled,2602,classdesc,high
TMapPreviewView,TakeSatellitePhoto,(char*),TMapPreviewView::TakeSatellitePhoto(char*),,cw_symbols.demangled,2603,method,high
TMapUberPicture,DoEvent,"(long, TEventHandler*, TEvent*)","TMapUberPicture::DoEvent(long, TEventHandler*, TEvent*)",,cw_symbols.demangled,2604,method,high
TMapUberPicture,InspectTaskForceDialog,(TTaskForce*),TMapUberPicture::InspectTaskForceDialog(TTaskForce*),,cw_symbols.demangled,2605,method,high
TMapUberPicture,NavalIntelligenceDialog,"(TZone*, short, TTaskForce*)","TMapUberPicture::NavalIntelligenceDialog(TZone*, short, TTaskForce*)",,cw_symbols.demangled,2606,method,high
TMapUberPicture,ChooseToolbar,(short),TMapUberPicture::ChooseToolbar(short),,cw_symbols.demangled,2607,method,high
TMapUberPicture,CivilianCheatClick,(short),TMapUberPicture::CivilianCheatClick(short),,cw_symbols.demangled,2608,method,high
TMapUberPicture,_DefaultConstructor,(),TMapUberPicture::_DefaultConstructor(),,cw_symbols.demangled,2609,constructor,high
TMapUberPicture,DoKeyEvent,(TToolboxEvent*),TMapUberPicture::DoKeyEvent(TToolboxEvent*),,cw_symbols.demangled,2610,method,high
TMapUberPicture,DoMenuCommand,(long),TMapUberPicture::DoMenuCommand(long),,cw_symbols.demangled,2611,method,high
TMapUberPicture,DoPostCreate,(TDocument*),TMapUberPicture::DoPostCreate(TDocument*),,cw_symbols.demangled,2612,method,high
TMapUberPicture,FlashSelectedUnit,(unsigned char),TMapUberPicture::FlashSelectedUnit(unsigned char),,cw_symbols.demangled,2613,method,high
TMapUberPicture,FocusOnForce,(TTaskForce*),TMapUberPicture::FocusOnForce(TTaskForce*),,cw_symbols.demangled,2614,method,high
TMapUberPicture,FocusOnZone,(TZone*),TMapUberPicture::FocusOnZone(TZone*),,cw_symbols.demangled,2615,method,high
TMapUberPicture,Free,(),TMapUberPicture::Free(),,cw_symbols.demangled,2616,method,high
TMapUberPicture,GetClassDescStatic,(),TMapUberPicture::GetClassDescStatic(),,cw_symbols.demangled,2617,classdesc,high
TMapUberPicture,GetFocusTaskForce,() const,TMapUberPicture::GetFocusTaskForce() const,,cw_symbols.demangled,2618,method,high
TMapUberPicture,GrandCycle,(),TMapUberPicture::GrandCycle(),,cw_symbols.demangled,2619,method,high
TMapUberPicture,InvalidateMap,(),TMapUberPicture::InvalidateMap(),,cw_symbols.demangled,2620,method,high
TMapUberPicture,InvalidateMiniMap,() const,TMapUberPicture::InvalidateMiniMap() const,,cw_symbols.demangled,2621,method,high
TMapUberPicture,IsAUnitSelected,(),TMapUberPicture::IsAUnitSelected(),,cw_symbols.demangled,2622,method,high
TMapUberPicture,NextSeaZonePlease,(unsigned char),TMapUberPicture::NextSeaZonePlease(unsigned char),,cw_symbols.demangled,2623,method,high
TMapUberPicture,NoticeTile,(short),TMapUberPicture::NoticeTile(short),,cw_symbols.demangled,2624,method,high
TMapUberPicture,RedrawTile,(short),TMapUberPicture::RedrawTile(short),,cw_symbols.demangled,2625,method,high
TMapUberPicture,RemoveMiniMap,(),TMapUberPicture::RemoveMiniMap(),,cw_symbols.demangled,2626,method,high
TMapUberPicture,Scroll,(short),TMapUberPicture::Scroll(short),,cw_symbols.demangled,2627,method,high
TMapUberPicture,SetUpperLeft,"(short, short)","TMapUberPicture::SetUpperLeft(short, short)",,cw_symbols.demangled,2628,method,high
TMapUberPicture,TMapUberPicture,(),TMapUberPicture::TMapUberPicture(),,cw_symbols.demangled,2629,constructor,high
TMapUberPicture,UpdateRoster,(),TMapUberPicture::UpdateRoster(),,cw_symbols.demangled,2630,method,high
TMapUberPicture,ZoomIn,(TPicture*),TMapUberPicture::ZoomIn(TPicture*),,cw_symbols.demangled,2631,method,high
TMapUberUberPicture,DoPostCreate,(TDocument*),TMapUberUberPicture::DoPostCreate(TDocument*),,cw_symbols.demangled,2632,method,high
TMapUberUberPicture,Scroll,(short),TMapUberUberPicture::Scroll(short),,cw_symbols.demangled,2633,method,high
TMegaPicture,Free,(),TMegaPicture::Free(),,cw_symbols.demangled,2634,method,high
TMegaPicture,GetClassDescDynamic,() const,TMegaPicture::GetClassDescDynamic() const,,cw_symbols.demangled,2635,classdesc,high
TMegaPicture,GetClassDescStatic,(),TMegaPicture::GetClassDescStatic(),,cw_symbols.demangled,2636,classdesc,high
TMegaPicture,SetMode,"(unsigned short, unsigned char)","TMegaPicture::SetMode(unsigned short, unsigned char)",,cw_symbols.demangled,2637,method,high
TMegaPicture,SetMode,"(unsigned short, unsigned char, unsigned char)","TMegaPicture::SetMode(unsigned short, unsigned char, unsigned char)",,cw_symbols.demangled,2638,method,high
TMegaPicture,SetPictureRsrcID,"(short, unsigned char)","TMegaPicture::SetPictureRsrcID(short, unsigned char)",,cw_symbols.demangled,2639,method,high
TMegaPicture,TMegaPicture,(),TMegaPicture::TMegaPicture(),,cw_symbols.demangled,2640,constructor,high
TMegaPicture,IMegaPicture,"(TView*, const VPoint&, const VPoint&, SizeDeterminer, SizeDeterminer, short, long)","TMegaPicture::IMegaPicture(TView*, const VPoint&, const VPoint&, SizeDeterminer, SizeDeterminer, short, long)",,cw_symbols.demangled,2641,method,high
TMenuBarManager,_DefaultConstructor,(),TMenuBarManager::_DefaultConstructor(),,cw_symbols.demangled,2642,constructor,high
TMenuBarManager,GetClassDescDynamic,() const,TMenuBarManager::GetClassDescDynamic() const,,cw_symbols.demangled,2643,classdesc,high
TMenuBarManager,GetPreferredHierMenuBarID,(),TMenuBarManager::GetPreferredHierMenuBarID(),,cw_symbols.demangled,2644,method,high
TMenuBarManager,GetPreferredMenuBarID,(),TMenuBarManager::GetPreferredMenuBarID(),,cw_symbols.demangled,2645,method,high
TMenuBarManager,IMenuBarManager,(short),TMenuBarManager::IMenuBarManager(short),,cw_symbols.demangled,2646,method,high
TMenuBarManager,InstallPreferredMenus,(),TMenuBarManager::InstallPreferredMenus(),,cw_symbols.demangled,2647,method,high
TMenuBarManager,Reset,(),TMenuBarManager::Reset(),,cw_symbols.demangled,2648,method,high
TMenuBarManager,SetPreferredHierMenuBarID,(short),TMenuBarManager::SetPreferredHierMenuBarID(short),,cw_symbols.demangled,2649,method,high
TMenuBarManager,SetPreferredMenuBarID,(short),TMenuBarManager::SetPreferredMenuBarID(short),,cw_symbols.demangled,2650,method,high
TMenuIDList,AddToTable,"(short, short)","TMenuIDList::AddToTable(short, short)",,cw_symbols.demangled,2651,method,high
TMenuIDList,_DefaultConstructor,(),TMenuIDList::_DefaultConstructor(),,cw_symbols.demangled,2652,constructor,high
TMenuIDList,IMenuIDList,(),TMenuIDList::IMenuIDList(),,cw_symbols.demangled,2653,method,high
TMenuIDList,MenuIDFromResID,(short),TMenuIDList::MenuIDFromResID(short),,cw_symbols.demangled,2654,method,high
TMenuTable,Compare,"(char**, char**)","TMenuTable::Compare(char**, char**)",,cw_symbols.demangled,2655,method,high
TMenuTable,GetClassDescDynamic,() const,TMenuTable::GetClassDescDynamic() const,,cw_symbols.demangled,2656,classdesc,high
TMenuTable,GetMenu,(short),TMenuTable::GetMenu(short),,cw_symbols.demangled,2657,method,high
TMenuTable,IMenuTable,(),TMenuTable::IMenuTable(),,cw_symbols.demangled,2658,method,high
TMerchantBoyView,GetClassDescDynamic,() const,TMerchantBoyView::GetClassDescDynamic() const,,cw_symbols.demangled,2659,classdesc,high
TMilitaryPageView,AfterStuffValues,(),TMilitaryPageView::AfterStuffValues(),,cw_symbols.demangled,2660,method,high
TMilitaryPageView,Close,(),TMilitaryPageView::Close(),,cw_symbols.demangled,2661,method,high
TMilitaryPageView,_DefaultConstructor,(),TMilitaryPageView::_DefaultConstructor(),,cw_symbols.demangled,2662,constructor,high
TMilitaryPageView,GetClassDescDynamic,() const,TMilitaryPageView::GetClassDescDynamic() const,,cw_symbols.demangled,2663,classdesc,high
TMilitaryPageView,TMilitaryPageView,(),TMilitaryPageView::TMilitaryPageView(),,cw_symbols.demangled,2664,constructor,high
TMilitaryUnit,CanUpgrade,(),TMilitaryUnit::CanUpgrade(),,cw_symbols.demangled,2665,method,high
TMilitaryUnit,ClearPath,(),TMilitaryUnit::ClearPath(),,cw_symbols.demangled,2666,method,high
TMilitaryUnit,_DefaultConstructor,(),TMilitaryUnit::_DefaultConstructor(),,cw_symbols.demangled,2667,constructor,high
TMilitaryUnit,FindUnitByUID,(int),TMilitaryUnit::FindUnitByUID(int),,cw_symbols.demangled,2668,method,high
TMilitaryUnit,GetArmsCarried,() const,TMilitaryUnit::GetArmsCarried() const,,cw_symbols.demangled,2669,method,high
TMilitaryUnit,GetAttribute,(short) const,TMilitaryUnit::GetAttribute(short) const,,cw_symbols.demangled,2670,method,high
TMilitaryUnit,GetCategory,() const,TMilitaryUnit::GetCategory() const,,cw_symbols.demangled,2671,method,high
TMilitaryUnit,GetClassDescDynamic,() const,TMilitaryUnit::GetClassDescDynamic() const,,cw_symbols.demangled,2672,classdesc,high
TMilitaryUnit,GetTurnDistanceTo,(short) const,TMilitaryUnit::GetTurnDistanceTo(short) const,,cw_symbols.demangled,2673,method,high
TMilitaryUnit,GetTypeAttribute,"(short, short)","TMilitaryUnit::GetTypeAttribute(short, short)",,cw_symbols.demangled,2674,method,high
TMilitaryUnit,GetTypeCategory,(short),TMilitaryUnit::GetTypeCategory(short),,cw_symbols.demangled,2675,method,high
TMilitaryUnit,TMilitaryUnit,(),TMilitaryUnit::TMilitaryUnit(),,cw_symbols.demangled,2676,constructor,high
TMilitaryUnit,Upgrade,(),TMilitaryUnit::Upgrade(),,cw_symbols.demangled,2677,method,high
TMilitaryUnit,UpgradeRequirements,"(short&, short&, short&, short&)","TMilitaryUnit::UpgradeRequirements(short&, short&, short&, short&)",,cw_symbols.demangled,2678,method,high
TMilitaryUnit,UpgradeType,(),TMilitaryUnit::UpgradeType(),,cw_symbols.demangled,2679,method,high
TMilitaryUnit,Vaporize,(),TMilitaryUnit::Vaporize(),,cw_symbols.demangled,2680,method,high
TMilitaryUnit,WriteTo,(TStream*),TMilitaryUnit::WriteTo(TStream*),,cw_symbols.demangled,2681,method,high
TMiniMapView,TrackMouse,"(TrackPhase, VPoint&, VPoint&, VPoint&, unsigned char)","TMiniMapView::TrackMouse(TrackPhase, VPoint&, VPoint&, VPoint&, unsigned char)",,cw_symbols.demangled,2682,method,high
TMiniMapView,GetClassDescDynamic,() const,TMiniMapView::GetClassDescDynamic() const,,cw_symbols.demangled,2683,classdesc,high
TMiniMapView,SetScreenSize,(VPoint&),TMiniMapView::SetScreenSize(VPoint&),,cw_symbols.demangled,2684,method,high
TMiniMapView,TMiniMapView,(),TMiniMapView::TMiniMapView(),,cw_symbols.demangled,2685,constructor,high
TMiniMapView,IMiniMapView,"(TView*, const VPoint&, const VPoint&, SizeDeterminer, SizeDeterminer)","TMiniMapView::IMiniMapView(TView*, const VPoint&, const VPoint&, SizeDeterminer, SizeDeterminer)",,cw_symbols.demangled,2686,method,high
TMinister,FigureOutRanking,(),TMinister::FigureOutRanking(),,cw_symbols.demangled,2687,method,high
TMinister,Free,(),TMinister::Free(),,cw_symbols.demangled,2688,method,high
TMinister,GetClassDescDynamic,() const,TMinister::GetClassDescDynamic() const,,cw_symbols.demangled,2689,classdesc,high
TMinister,GetCountryAt,(short),TMinister::GetCountryAt(short),,cw_symbols.demangled,2690,method,high
TMinister,GetCountryInRank,(short),TMinister::GetCountryInRank(short),,cw_symbols.demangled,2691,method,high
TMinister,GetInfoOfCountryAt,(short),TMinister::GetInfoOfCountryAt(short),,cw_symbols.demangled,2692,method,high
TMinister,GetRankingCriterionForGP,(short),TMinister::GetRankingCriterionForGP(short),,cw_symbols.demangled,2693,method,high
TMinister,GetRankOfCountryAt,(short),TMinister::GetRankOfCountryAt(short),,cw_symbols.demangled,2694,method,high
TMinister,GetRankOf,(short),TMinister::GetRankOf(short),,cw_symbols.demangled,2695,method,high
TMinister,IMinister,(TGreatPower*),TMinister::IMinister(TGreatPower*),,cw_symbols.demangled,2696,method,high
TMinister,MakeNewCity,(TCity*),TMinister::MakeNewCity(TCity*),,cw_symbols.demangled,2697,method,high
TMinister,ReadFrom,(TStream*),TMinister::ReadFrom(TStream*),,cw_symbols.demangled,2698,method,high
TMinister,TMinister,(),TMinister::TMinister(),,cw_symbols.demangled,2699,constructor,high
TMinisterView,DoEvent,"(long, TEventHandler*, TEvent*)","TMinisterView::DoEvent(long, TEventHandler*, TEvent*)",,cw_symbols.demangled,2700,method,high
TMinisterView,_DefaultConstructor,(),TMinisterView::_DefaultConstructor(),,cw_symbols.demangled,2701,constructor,high
TMinisterView,FreeDisplayArea,(),TMinisterView::FreeDisplayArea(),,cw_symbols.demangled,2702,method,high
TMinisterView,GetClassDescDynamic,() const,TMinisterView::GetClassDescDynamic() const,,cw_symbols.demangled,2703,classdesc,high
TMinisterView,@.HandleMouseUp,"(const VPoint&, TToolboxEvent*, CPoint)","TMinisterView::@.HandleMouseUp(const VPoint&, TToolboxEvent*, CPoint)",,cw_symbols.demangled,2704,method,high
TMinisterView,OpenBook,(short),TMinisterView::OpenBook(short),,cw_symbols.demangled,2705,method,high
TMinisterView,StuffValues,(short),TMinisterView::StuffValues(short),,cw_symbols.demangled,2706,method,high
TMinisterView,TMinisterView,(),TMinisterView::TMinisterView(),,cw_symbols.demangled,2707,constructor,high
TMinor,AddNoticeFrom,"(short, short)","TMinor::AddNoticeFrom(short, short)",,cw_symbols.demangled,2708,method,high
TMinor,AddOfferFrom,"(short, short)","TMinor::AddOfferFrom(short, short)",,cw_symbols.demangled,2709,method,high
TMinor,AddProvince,(long),TMinor::AddProvince(long),,cw_symbols.demangled,2710,method,high
TMinor,BecomeProtectorateOf,(long),TMinor::BecomeProtectorateOf(long),,cw_symbols.demangled,2711,method,high
TMinor,ChangeArmyOwnership,(long),TMinor::ChangeArmyOwnership(long),,cw_symbols.demangled,2712,method,high
TMinor,ConvertCapitolToTown,(long),TMinor::ConvertCapitolToTown(long),,cw_symbols.demangled,2713,method,high
TMinor,_DefaultConstructor,(),TMinor::_DefaultConstructor(),,cw_symbols.demangled,2714,constructor,high
TMinor,DeportCiviliansIn,"(long, unsigned char)","TMinor::DeportCiviliansIn(long, unsigned char)",,cw_symbols.demangled,2715,method,high
TMinor,GetAmtUnsold,(short),TMinor::GetAmtUnsold(short),,cw_symbols.demangled,2716,method,high
TMinor,GetClassDescDynamic,() const,TMinor::GetClassDescDynamic() const,,cw_symbols.demangled,2717,classdesc,high
TMinor,GetStockpile,(short),TMinor::GetStockpile(short),,cw_symbols.demangled,2718,method,high
TMinor,GetTradeOffersFor,(short),TMinor::GetTradeOffersFor(short),,cw_symbols.demangled,2719,method,high
TMinor,InitializeTradeStatus,(),TMinor::InitializeTradeStatus(),,cw_symbols.demangled,2720,method,high
TMinor,KillBoycottedForeignCompanies,(),TMinor::KillBoycottedForeignCompanies(),,cw_symbols.demangled,2721,method,high
TMinor,KillEnemyCiviliansIn,(long),TMinor::KillEnemyCiviliansIn(long),,cw_symbols.demangled,2722,method,high
TMinor,LoseProvince,(long),TMinor::LoseProvince(long),,cw_symbols.demangled,2723,method,high
TMinor,ReadFrom,(TStream*),TMinor::ReadFrom(TStream*),,cw_symbols.demangled,2724,method,high
TMinorRelationshipDialog,GetClassDescStatic,(),TMinorRelationshipDialog::GetClassDescStatic(),,cw_symbols.demangled,2725,classdesc,high
TMinorRelationshipDialog,_DefaultConstructor,(),TMinorRelationshipDialog::_DefaultConstructor(),,cw_symbols.demangled,2726,constructor,high
TMinorRelationshipDialog,GetClassDescDynamic,() const,TMinorRelationshipDialog::GetClassDescDynamic() const,,cw_symbols.demangled,2727,classdesc,high
TMinor,ReplyToTradeOffer,"(short, short, short, short)","TMinor::ReplyToTradeOffer(short, short, short, short)",,cw_symbols.demangled,2728,method,high
TMinor,SetBoycottPoliciesToMatch,(long),TMinor::SetBoycottPoliciesToMatch(long),,cw_symbols.demangled,2729,method,high
TMinor,SetTradeBids,(),TMinor::SetTradeBids(),,cw_symbols.demangled,2730,method,high
TMinor,SetTradePolicyTo,"(short, short)","TMinor::SetTradePolicyTo(short, short)",,cw_symbols.demangled,2731,method,high
TMinor,StillBuyingItem,(short),TMinor::StillBuyingItem(short),,cw_symbols.demangled,2732,method,high
TMinor,TMinor,(),TMinor::TMinor(),,cw_symbols.demangled,2733,constructor,high
TMinorTradeBidsDialog,GetClassDescDynamic,() const,TMinorTradeBidsDialog::GetClassDescDynamic() const,,cw_symbols.demangled,2734,classdesc,high
TMinorTradeBidsDialog,_DefaultConstructor,(),TMinorTradeBidsDialog::_DefaultConstructor(),,cw_symbols.demangled,2735,constructor,high
TMinorTradeBidsDialog,StuffValues,(),TMinorTradeBidsDialog::StuffValues(),,cw_symbols.demangled,2736,method,high
TMinorTreatyDialog,_DefaultConstructor,(),TMinorTreatyDialog::_DefaultConstructor(),,cw_symbols.demangled,2737,constructor,high
TMinorTreatyDialog,GetClassDescStatic,(),TMinorTreatyDialog::GetClassDescStatic(),,cw_symbols.demangled,2738,classdesc,high
TMinor,WouldAcceptOffer,"(short, short)","TMinor::WouldAcceptOffer(short, short)",,cw_symbols.demangled,2739,method,high
TMinor,WriteTo,(TStream*),TMinor::WriteTo(TStream*),,cw_symbols.demangled,2740,method,high
TMission,RejectConstituent,"(TMilitaryUnit*, unsigned char)","TMission::RejectConstituent(TMilitaryUnit*, unsigned char)",,cw_symbols.demangled,2741,method,high
TMission,AcceptReenforcement,"(TShip*, unsigned char)","TMission::AcceptReenforcement(TShip*, unsigned char)",,cw_symbols.demangled,2742,method,high
TMission,AccumulateLack,"(int*, unsigned char) const","TMission::AccumulateLack(int*, unsigned char) const",,cw_symbols.demangled,2743,method,high
TMission,AddBriefInfo,(char*),TMission::AddBriefInfo(char*),,cw_symbols.demangled,2744,method,high
TMission,CalculateImportance,(),TMission::CalculateImportance(),,cw_symbols.demangled,2745,method,high
TMission,CalculateNeeds,(),TMission::CalculateNeeds(),,cw_symbols.demangled,2746,method,high
TMission,CalculatePriority,(),TMission::CalculatePriority(),,cw_symbols.demangled,2747,method,high
TMission,_DefaultConstructor,(),TMission::_DefaultConstructor(),,cw_symbols.demangled,2748,constructor,high
TMission,FitnessOf,"(const TShip*, float*) const","TMission::FitnessOf(const TShip*, float*) const",,cw_symbols.demangled,2749,method,high
TMission,ForgetTaskForce,(TTaskForce*),TMission::ForgetTaskForce(TTaskForce*),,cw_symbols.demangled,2750,method,high
TMission,GetArmyMission,(),TMission::GetArmyMission(),,cw_symbols.demangled,2751,method,high
TMission,GetNavyMission,(),TMission::GetNavyMission(),,cw_symbols.demangled,2752,method,high
TMission,GiveOrders,(),TMission::GiveOrders(),,cw_symbols.demangled,2753,method,high
TMission,Hold,(unsigned char),TMission::Hold(unsigned char),,cw_symbols.demangled,2754,method,high
TMission,Initialize,(),TMission::Initialize(),,cw_symbols.demangled,2755,method,high
TMission,IsANoBrainer,() const,TMission::IsANoBrainer() const,,cw_symbols.demangled,2756,method,high
TMission,IsArmyMission,() const,TMission::IsArmyMission() const,,cw_symbols.demangled,2757,method,high
TMission,IsDefensiveSeaZoneMission,() const,TMission::IsDefensiveSeaZoneMission() const,,cw_symbols.demangled,2758,method,high
TMission,IsHospitalMission,() const,TMission::IsHospitalMission() const,,cw_symbols.demangled,2759,method,high
TMission,IsNavyMission,() const,TMission::IsNavyMission() const,,cw_symbols.demangled,2760,method,high
TMission,Matches,"(eMissionType, long, TZone*) const","TMission::Matches(eMissionType, long, TZone*) const",,cw_symbols.demangled,2761,method,high
TMission,RejectConstituent,"(TShip*, unsigned char)","TMission::RejectConstituent(TShip*, unsigned char)",,cw_symbols.demangled,2762,method,high
TMission,SmokeEmIfYouGotEm,(),TMission::SmokeEmIfYouGotEm(),,cw_symbols.demangled,2763,method,high
TMissionSnooperView,DoPostCreate,(TDocument*),TMissionSnooperView::DoPostCreate(TDocument*),,cw_symbols.demangled,2764,method,high
TMissionSnooperView,DoEvent,"(long, TEventHandler*, TEvent*)","TMissionSnooperView::DoEvent(long, TEventHandler*, TEvent*)",,cw_symbols.demangled,2765,method,high
TMissionSnooperView,Army,(unsigned char),TMissionSnooperView::Army(unsigned char),,cw_symbols.demangled,2766,method,high
TMissionSnooperView,Build,(),TMissionSnooperView::Build(),,cw_symbols.demangled,2767,method,high
TMissionSnooperView,Draw,(const VRect&),TMissionSnooperView::Draw(const VRect&),,cw_symbols.demangled,2768,method,high
TMissionSnooperView,GetClassDescDynamic,() const,TMissionSnooperView::GetClassDescDynamic() const,,cw_symbols.demangled,2769,classdesc,high
TMissionSnooperView,NewGP,(),TMissionSnooperView::NewGP(),,cw_symbols.demangled,2770,method,high
TMissionSnooperView,NewMI,(),TMissionSnooperView::NewMI(),,cw_symbols.demangled,2771,method,high
TMission,ValueOf,(const TShip*) const,TMission::ValueOf(const TShip*) const,,cw_symbols.demangled,2772,method,high
TMission,;.WhatIfBestUnit,"(int, int*, TMilitaryUnit**, unsigned char&, unsigned char&, int&, char*, float*)","TMission::;.WhatIfBestUnit(int, int*, TMilitaryUnit**, unsigned char&, unsigned char&, int&, char*, float*)",,cw_symbols.demangled,2773,method,high
TMission,WhereBestToForify,(int),TMission::WhereBestToForify(int),,cw_symbols.demangled,2774,method,high
TMission,WriteTo,(TStream*),TMission::WriteTo(TStream*),,cw_symbols.demangled,2775,method,high
TModalMessageCommand,DoIt,(),TModalMessageCommand::DoIt(),,cw_symbols.demangled,2776,method,high
TModalMessageCommand,GetClassDescDynamic,() const,TModalMessageCommand::GetClassDescDynamic() const,,cw_symbols.demangled,2777,classdesc,high
TMovieObject,Activate,(),TMovieObject::Activate(),,cw_symbols.demangled,2778,method,high
TMovieObject,Deactivate,(),TMovieObject::Deactivate(),,cw_symbols.demangled,2779,method,high
TMovieObject,Free,(),TMovieObject::Free(),,cw_symbols.demangled,2780,method,high
TMovieObject,GetClassDescDynamic,() const,TMovieObject::GetClassDescDynamic() const,,cw_symbols.demangled,2781,classdesc,high
TMovieObject,IsPlaying,(),TMovieObject::IsPlaying(),,cw_symbols.demangled,2782,method,high
TMovieObject,SetVolume,(short),TMovieObject::SetVolume(short),,cw_symbols.demangled,2783,method,high
TMovieObject,TMovieObject,(),TMovieObject::TMovieObject(),,cw_symbols.demangled,2784,constructor,high
TMovieViewBehavior,DoEvent,"(long, TEventHandler*, TEvent*)","TMovieViewBehavior::DoEvent(long, TEventHandler*, TEvent*)",,cw_symbols.demangled,2785,method,high
TMovieViewBehavior,IMovieViewBehavior,"(FSSpec, CPoint&)","TMovieViewBehavior::IMovieViewBehavior(FSSpec, CPoint&)",,cw_symbols.demangled,2786,method,high
TMovieViewBehavior,MakeNewMovieObject,"(FSSpec, CPoint&)","TMovieViewBehavior::MakeNewMovieObject(FSSpec, CPoint&)",,cw_symbols.demangled,2787,method,high
TMovieViewBehavior,_DefaultConstructor,(),TMovieViewBehavior::_DefaultConstructor(),,cw_symbols.demangled,2788,constructor,high
TMovieViewBehavior,DoIdle,(IdlePhase),TMovieViewBehavior::DoIdle(IdlePhase),,cw_symbols.demangled,2789,method,high
TMovieViewBehavior,TMovieViewBehavior,(),TMovieViewBehavior::TMovieViewBehavior(),,cw_symbols.demangled,2790,constructor,high
TMovieView,GetClassDescDynamic,() const,TMovieView::GetClassDescDynamic() const,,cw_symbols.demangled,2791,classdesc,high
TMovieView,GetMovieBackgroundID,(),TMovieView::GetMovieBackgroundID(),,cw_symbols.demangled,2792,method,high
TMovieView,?.HandleMouseDown,"(const VPoint&, TToolboxEvent*, CPoint)","TMovieView::?.HandleMouseDown(const VPoint&, TToolboxEvent*, CPoint)",,cw_symbols.demangled,2793,method,high
TMovieView,IsMovieOver,(),TMovieView::IsMovieOver(),,cw_symbols.demangled,2794,method,high
TMovieView,PlayTheMovie,(),TMovieView::PlayTheMovie(),,cw_symbols.demangled,2795,method,high
TMovieView,SetMovieBackgroundID,(short),TMovieView::SetMovieBackgroundID(short),,cw_symbols.demangled,2796,method,high
TMovieView,TMovieView,(),TMovieView::TMovieView(),,cw_symbols.demangled,2797,constructor,high
TMultiplayerMgr,ReadArmyUnitsFrom,"(TStream*, int)","TMultiplayerMgr::ReadArmyUnitsFrom(TStream*, int)",,cw_symbols.demangled,2798,method,high
TMultiplayerMgr,ReadCiviliansFrom,"(TStream*, int)","TMultiplayerMgr::ReadCiviliansFrom(TStream*, int)",,cw_symbols.demangled,2799,method,high
TMultiplayerMgr,SendStreamObject,"(unsigned long, TObject*, int)","TMultiplayerMgr::SendStreamObject(unsigned long, TObject*, int)",,cw_symbols.demangled,2800,method,high
TMultiplayerMgr,SendTacLa,"(unsigned long, TArmyTacUnit*, int, int)","TMultiplayerMgr::SendTacLa(unsigned long, TArmyTacUnit*, int, int)",,cw_symbols.demangled,2801,method,high
TMultiplayerMgr,QueueTimelyMessage,(NetMessage*),TMultiplayerMgr::QueueTimelyMessage(NetMessage*),,cw_symbols.demangled,2802,method,high
TMultiplayerMgr,QueueVerbalMessage,(NetMessage*),TMultiplayerMgr::QueueVerbalMessage(NetMessage*),,cw_symbols.demangled,2803,method,high
TMultiplayerMgr,DoGameDataHunk,(DataHunkMessage*),TMultiplayerMgr::DoGameDataHunk(DataHunkMessage*),,cw_symbols.demangled,2804,method,high
TMultiplayerMgr,HandleMessage,(NSpMessageHeader*),TMultiplayerMgr::HandleMessage(NSpMessageHeader*),,cw_symbols.demangled,2805,method,high
TMultiplayerMgr,InstallCohandler,"(TEventHandler*, unsigned char)","TMultiplayerMgr::InstallCohandler(TEventHandler*, unsigned char)",,cw_symbols.demangled,2806,method,high
TMultiplayerMgr,IsTimelyMessage,(NSpMessageHeader*),TMultiplayerMgr::IsTimelyMessage(NSpMessageHeader*),,cw_symbols.demangled,2807,method,high
TMultiplayerMgr,RequestGameOptions,(TLoungeDialog*),TMultiplayerMgr::RequestGameOptions(TLoungeDialog*),,cw_symbols.demangled,2808,method,high
TMultiplayerMgr,SendTacticalBattle,(TTacticalBattle*),TMultiplayerMgr::SendTacticalBattle(TTacticalBattle*),,cw_symbols.demangled,2809,method,high
TMultiplayerMgr,AttemptSave,"(int, const char*, unsigned char)","TMultiplayerMgr::AttemptSave(int, const char*, unsigned char)",,cw_symbols.demangled,2810,method,high
TMultiplayerMgr,CancelGameOptions,(),TMultiplayerMgr::CancelGameOptions(),,cw_symbols.demangled,2811,method,high
TMultiplayerMgr,CheckInPlayer,(int),TMultiplayerMgr::CheckInPlayer(int),,cw_symbols.demangled,2812,method,high
TMultiplayerMgr,CreateGame,(),TMultiplayerMgr::CreateGame(),,cw_symbols.demangled,2813,method,high
TMultiplayerMgr,SendTacLaEx,"(unsigned long, TArmyTacUnit*, TArmyTacUnit*, int, int, int)","TMultiplayerMgr::SendTacLaEx(unsigned long, TArmyTacUnit*, TArmyTacUnit*, int, int, int)",,cw_symbols.demangled,2814,method,high
TMultiplayerMgr,_DefaultConstructor,(),TMultiplayerMgr::_DefaultConstructor(),,cw_symbols.demangled,2815,constructor,high
TMultiplayerMgr,DiscardPlayer,(int),TMultiplayerMgr::DiscardPlayer(int),,cw_symbols.demangled,2816,method,high
TMultiplayerMgr,Disconnect,(),TMultiplayerMgr::Disconnect(),,cw_symbols.demangled,2817,method,high
TMultiplayerMgr,DoArmyBattle,(TArmyBattle*),TMultiplayerMgr::DoArmyBattle(TArmyBattle*),,cw_symbols.demangled,2818,method,high
TMultiplayerMgr,DoIdle,(IdlePhase),TMultiplayerMgr::DoIdle(IdlePhase),,cw_symbols.demangled,2819,method,high
TMultiplayerMgr,EndMultiplayerSupport,(),TMultiplayerMgr::EndMultiplayerSupport(),,cw_symbols.demangled,2820,method,high
TMultiplayerMgr,;.EnumerateGames,(TNetGameSelectPicture*),TMultiplayerMgr::;.EnumerateGames(TNetGameSelectPicture*),,cw_symbols.demangled,2821,method,high
TMultiplayerMgr,GetPlayerID,(),TMultiplayerMgr::GetPlayerID(),,cw_symbols.demangled,2822,method,high
TMultiplayerMgr,IMultiplayerMgr,(long),TMultiplayerMgr::IMultiplayerMgr(long),,cw_symbols.demangled,2823,method,high
TMultiplayerMgr,IsEverybodyConnected,() const,TMultiplayerMgr::IsEverybodyConnected() const,,cw_symbols.demangled,2824,method,high
TMultiplayerMgr,IsGameInProgress,() const,TMultiplayerMgr::IsGameInProgress() const,,cw_symbols.demangled,2825,method,high
TMultiplayerMgr,PlayJediMindTrick,(),TMultiplayerMgr::PlayJediMindTrick(),,cw_symbols.demangled,2826,method,high
TMultiplayerMgr,PopVerbalMessage,(),TMultiplayerMgr::PopVerbalMessage(),,cw_symbols.demangled,2827,method,high
TMultiplayerMgr,PoseMessageDialog,(int),TMultiplayerMgr::PoseMessageDialog(int),,cw_symbols.demangled,2828,method,high
TMultiplayerMgr,PostCancelGameOptions,(),TMultiplayerMgr::PostCancelGameOptions(),,cw_symbols.demangled,2829,method,high
TMultiplayerMgr,ReadFrom,(TStream*),TMultiplayerMgr::ReadFrom(TStream*),,cw_symbols.demangled,2830,method,high
TMultiplayerMgr,SelectGame,(int),TMultiplayerMgr::SelectGame(int),,cw_symbols.demangled,2831,method,high
TMultiplayerMgr,SelectProtocol,"(int, unsigned char)","TMultiplayerMgr::SelectProtocol(int, unsigned char)",,cw_symbols.demangled,2832,method,high
TMultiplayerMgr,SelectSide,(int),TMultiplayerMgr::SelectSide(int),,cw_symbols.demangled,2833,method,high
TMultiplayerMgr,SendBankStatement,"(unsigned char, int)","TMultiplayerMgr::SendBankStatement(unsigned char, int)",,cw_symbols.demangled,2834,method,high
TMultiplayerMgr,SendChangeMaster,"(int, long, long)","TMultiplayerMgr::SendChangeMaster(int, long, long)",,cw_symbols.demangled,2835,method,high
TMultiplayerMgr,SendCityStateMessage,"(int, int)","TMultiplayerMgr::SendCityStateMessage(int, int)",,cw_symbols.demangled,2836,method,high
TMultiplayerMgr,SendDealResults,"(unsigned char, short, short, short, short, short, short)","TMultiplayerMgr::SendDealResults(unsigned char, short, short, short, short, short, short)",,cw_symbols.demangled,2837,method,high
TMultiplayerMgr,SendGameControl,"(unsigned long, int, int)","TMultiplayerMgr::SendGameControl(unsigned long, int, int)",,cw_symbols.demangled,2838,method,high
TMultiplayerMgr,SendGameDataToClients,(),TMultiplayerMgr::SendGameDataToClients(),,cw_symbols.demangled,2839,method,high
TMultiplayerMgr,SendGameDataToHost,(),TMultiplayerMgr::SendGameDataToHost(),,cw_symbols.demangled,2840,method,high
TMultiplayerMgr,SendGoAheadMessage,(),TMultiplayerMgr::SendGoAheadMessage(),,cw_symbols.demangled,2841,method,high
TMultiplayerMgr,SendGpSelection,"(short, int, const char*, const char*)","TMultiplayerMgr::SendGpSelection(short, int, const char*, const char*)",,cw_symbols.demangled,2842,method,high
TMultiplayerMgr,;.SendInitGameOptions,(NSpMessageHeader*),TMultiplayerMgr::;.SendInitGameOptions(NSpMessageHeader*),,cw_symbols.demangled,2843,method,high
TMultiplayerMgr,SendMinorStateMessage,"(int, int)","TMultiplayerMgr::SendMinorStateMessage(int, int)",,cw_symbols.demangled,2844,method,high
TMultiplayerMgr,SendNewsMiscEvent,"(long, long)","TMultiplayerMgr::SendNewsMiscEvent(long, long)",,cw_symbols.demangled,2845,method,high
TMultiplayerMgr,SendNewsTreatyEvent,"(long, long, long)","TMultiplayerMgr::SendNewsTreatyEvent(long, long, long)",,cw_symbols.demangled,2846,method,high
TMultiplayerMgr,SendStreamMessage,"(short, short, long)","TMultiplayerMgr::SendStreamMessage(short, short, long)",,cw_symbols.demangled,2847,method,high
TMultiplayerMgr,SendTradeBook,(),TMultiplayerMgr::SendTradeBook(),,cw_symbols.demangled,2848,method,high
TMultiplayerMgr,SendTradeOffer,"(short, short, short, short, short)","TMultiplayerMgr::SendTradeOffer(short, short, short, short, short)",,cw_symbols.demangled,2849,method,high
TMultiplayerMgr,SetPlayerStatus,"(unsigned long, int)","TMultiplayerMgr::SetPlayerStatus(unsigned long, int)",,cw_symbols.demangled,2850,method,high
TMultiplayerMgr,StartGame,(),TMultiplayerMgr::StartGame(),,cw_symbols.demangled,2851,method,high
TMultiplayerMgr,WeLostAClient,(int),TMultiplayerMgr::WeLostAClient(int),,cw_symbols.demangled,2852,method,high
TMultiplayerMgr,WriteArmyUnitsTo,"(TStream*, int)","TMultiplayerMgr::WriteArmyUnitsTo(TStream*, int)",,cw_symbols.demangled,2853,method,high
TMultiplayerMgr,WriteCiviliansTo,"(TStream*, int)","TMultiplayerMgr::WriteCiviliansTo(TStream*, int)",,cw_symbols.demangled,2854,method,high
TMultiplayerMgr,WriteMessageTo,"(TStream*, short, short, long)","TMultiplayerMgr::WriteMessageTo(TStream*, short, short, long)",,cw_symbols.demangled,2855,method,high
TMultiplayerMgr,WriteTo,(TStream*),TMultiplayerMgr::WriteTo(TStream*),,cw_symbols.demangled,2856,method,high
TMultiWindowTabber,_DefaultConstructor,(),TMultiWindowTabber::_DefaultConstructor(),,cw_symbols.demangled,2857,constructor,high
TMultiWindowTabber,FindTargets,(unsigned char),TMultiWindowTabber::FindTargets(unsigned char),,cw_symbols.demangled,2858,method,high
TMultiWindowTabber,IMultiWindowTabber,(unsigned char),TMultiWindowTabber::IMultiWindowTabber(unsigned char),,cw_symbols.demangled,2859,method,high
TMultiWindowTabber,TMultiWindowTabber,(),TMultiWindowTabber::TMultiWindowTabber(),,cw_symbols.demangled,2860,constructor,high
TMyNumberText,_DefaultConstructor,(),TMyNumberText::_DefaultConstructor(),,cw_symbols.demangled,2861,constructor,high
TMyNumberText,GetClassDescDynamic,() const,TMyNumberText::GetClassDescDynamic() const,,cw_symbols.demangled,2862,classdesc,high
TMyNumberText,GetValue,(),TMyNumberText::GetValue(),,cw_symbols.demangled,2863,method,high
TMyNumberText,TMyNumberText,(),TMyNumberText::TMyNumberText(),,cw_symbols.demangled,2864,constructor,high
TMyStaticText,_DefaultConstructor,(),TMyStaticText::_DefaultConstructor(),,cw_symbols.demangled,2865,constructor,high
TMyStaticText,GetClassDescDynamic,() const,TMyStaticText::GetClassDescDynamic() const,,cw_symbols.demangled,2866,classdesc,high
TMyStaticText,GetClassDescStatic,(),TMyStaticText::GetClassDescStatic(),,cw_symbols.demangled,2867,classdesc,high
TMyStaticText,TMyStaticText,(),TMyStaticText::TMyStaticText(),,cw_symbols.demangled,2868,constructor,high
TNapoleonMinister,GetStategicEscalationMultiplier,(unsigned char),TNapoleonMinister::GetStategicEscalationMultiplier(unsigned char),,cw_symbols.demangled,2869,method,high
TNapoleonMinister,_DefaultConstructor,(),TNapoleonMinister::_DefaultConstructor(),,cw_symbols.demangled,2870,constructor,high
TNapoleonMinister,GetClassDescDynamic,() const,TNapoleonMinister::GetClassDescDynamic() const,,cw_symbols.demangled,2871,classdesc,high
TNapoleonMinister,MakeNewCity,(TCity*),TNapoleonMinister::MakeNewCity(TCity*),,cw_symbols.demangled,2872,method,high
TNapoleonMinister,TNapoleonMinister,(),TNapoleonMinister::TNapoleonMinister(),,cw_symbols.demangled,2873,constructor,high
TNavyAutoPlayer,_DefaultConstructor,(),TNavyAutoPlayer::_DefaultConstructor(),,cw_symbols.demangled,2874,constructor,high
TNavyAutoPlayer,NextMove,(),TNavyAutoPlayer::NextMove(),,cw_symbols.demangled,2875,method,high
TNavyAutoPlayer,StartBattle,(),TNavyAutoPlayer::StartBattle(),,cw_symbols.demangled,2876,method,high
TNavyBattle,CalculateMoveMap,(TTacticalUnit*),TNavyBattle::CalculateMoveMap(TTacticalUnit*),,cw_symbols.demangled,2877,method,high
TNavyBattle,_DefaultConstructor,(),TNavyBattle::_DefaultConstructor(),,cw_symbols.demangled,2878,constructor,high
TNavyBattle,DeployUnit,"(TTacticalUnit*, long)","TNavyBattle::DeployUnit(TTacticalUnit*, long)",,cw_symbols.demangled,2879,method,high
TNavyBattle,EndBattle,(unsigned char),TNavyBattle::EndBattle(unsigned char),,cw_symbols.demangled,2880,method,high
TNavyBattle,FireOn,"(TTacticalUnit*, long)","TNavyBattle::FireOn(TTacticalUnit*, long)",,cw_symbols.demangled,2881,method,high
TNavyBattle,SetTargeting,(NavyTargeting),TNavyBattle::SetTargeting(NavyTargeting),,cw_symbols.demangled,2882,method,high
TNavyBoyView,_DefaultConstructor,(),TNavyBoyView::_DefaultConstructor(),,cw_symbols.demangled,2883,constructor,high
TNavyBoyView,GetClassDescDynamic,() const,TNavyBoyView::GetClassDescDynamic() const,,cw_symbols.demangled,2884,classdesc,high
TNavyHumanPlayer,DeploymentClick,(long),TNavyHumanPlayer::DeploymentClick(long),,cw_symbols.demangled,2885,method,high
TNavyHumanPlayer,GetClassDescDynamic,() const,TNavyHumanPlayer::GetClassDescDynamic() const,,cw_symbols.demangled,2886,classdesc,high
TNavyMgr,ActionCursor,"(short, short)","TNavyMgr::ActionCursor(short, short)",,cw_symbols.demangled,2887,method,high
TNavyMgr,AssignEscorts,"(short, short)","TNavyMgr::AssignEscorts(short, short)",,cw_symbols.demangled,2888,method,high
TNavyMgr,CarryOutOrders,(),TNavyMgr::CarryOutOrders(),,cw_symbols.demangled,2889,method,high
TNavyMgr,CheckMerchantInterceptions,(short),TNavyMgr::CheckMerchantInterceptions(short),,cw_symbols.demangled,2890,method,high
TNavyMgr,ClearAllOrders,(),TNavyMgr::ClearAllOrders(),,cw_symbols.demangled,2891,method,high
TNavyMgr,ClearAllTransientOrders,(),TNavyMgr::ClearAllTransientOrders(),,cw_symbols.demangled,2892,method,high
TNavyMgr,CommitForce,(TTaskForce*),TNavyMgr::CommitForce(TTaskForce*),,cw_symbols.demangled,2893,method,high
TNavyMgr,_DefaultConstructor,(),TNavyMgr::_DefaultConstructor(),,cw_symbols.demangled,2894,constructor,high
TNavyMgr,ForgetForce,(TTaskForce*),TNavyMgr::ForgetForce(TTaskForce*),,cw_symbols.demangled,2895,method,high
TNavyMgr,FreeShipsOf,(short),TNavyMgr::FreeShipsOf(short),,cw_symbols.demangled,2896,method,high
TNavyMgr,GetShipName,"(short, unsigned char)","TNavyMgr::GetShipName(short, unsigned char)",,cw_symbols.demangled,2897,method,high
TNavyMgr,GetTileActionCode,"(short, short)","TNavyMgr::GetTileActionCode(short, short)",,cw_symbols.demangled,2898,method,high
TNavyMgr,GetTileSelectionCode,"(short, short)","TNavyMgr::GetTileSelectionCode(short, short)",,cw_symbols.demangled,2899,method,high
TNavyMgr,GetTypeInSlot,(short),TNavyMgr::GetTypeInSlot(short),,cw_symbols.demangled,2900,method,high
TNavyMgr,MakeSureAllShipsHaveOrders,(),TNavyMgr::MakeSureAllShipsHaveOrders(),,cw_symbols.demangled,2901,method,high
TNavyMgr,PrepareToCarryOutAllOrders,(short),TNavyMgr::PrepareToCarryOutAllOrders(short),,cw_symbols.demangled,2902,method,high
TNavyMgr,=.ResolveStrategicBattle,"(TTaskForce*, TTaskForce*)","TNavyMgr::=.ResolveStrategicBattle(TTaskForce*, TTaskForce*)",,cw_symbols.demangled,2903,method,high
TNavyMgr,ScuttleEverything,(),TNavyMgr::ScuttleEverything(),,cw_symbols.demangled,2904,method,high
TNavyMgr,SelectionClick,"(short, short)","TNavyMgr::SelectionClick(short, short)",,cw_symbols.demangled,2905,method,high
TNavyMgr,WakeAll,(int),TNavyMgr::WakeAll(int),,cw_symbols.demangled,2906,method,high
TNavyMgr,WhoseIngotIsAt,(short),TNavyMgr::WhoseIngotIsAt(short),,cw_symbols.demangled,2907,method,high
TNavyMgr,WriteToFilterously,"(TStream*, short)","TNavyMgr::WriteToFilterously(TStream*, short)",,cw_symbols.demangled,2908,method,high
TNavyMgr,WriteTo,(TStream*),TNavyMgr::WriteTo(TStream*),,cw_symbols.demangled,2909,method,high
TNavyMission,GiveReconOrders,"(TZone*, TShip*&)","TNavyMission::GiveReconOrders(TZone*, TShip*&)",,cw_symbols.demangled,2910,method,high
TNavyMission,AccumulateShipEquipage,"(const TShip*, float*, float)","TNavyMission::AccumulateShipEquipage(const TShip*, float*, float)",,cw_symbols.demangled,2911,method,high
TNavyMission,CombineForce,"(TZone*, TTaskForce*&)","TNavyMission::CombineForce(TZone*, TTaskForce*&)",,cw_symbols.demangled,2912,method,high
TNavyMission,ProjectEquipage,"(float*, TZone*, short, TZone*) const","TNavyMission::ProjectEquipage(float*, TZone*, short, TZone*) const",,cw_symbols.demangled,2913,method,high
TNavyMission,GetWeightedSatifactionWith,(const TShip*) const,TNavyMission::GetWeightedSatifactionWith(const TShip*) const,,cw_symbols.demangled,2914,method,high
TNavyMission,GetWeightedSatifactionWithout,(const TShip*) const,TNavyMission::GetWeightedSatifactionWithout(const TShip*) const,,cw_symbols.demangled,2915,method,high
TNavyMission,AccumulateLack,"(int*, unsigned char) const","TNavyMission::AccumulateLack(int*, unsigned char) const",,cw_symbols.demangled,2916,method,high
TNavyMission,=.AccumulateWeightedShipEquipage,"(const TShip*, float*, unsigned char) const","TNavyMission::=.AccumulateWeightedShipEquipage(const TShip*, float*, unsigned char) const",,cw_symbols.demangled,2917,method,high
TNavyMission,AddBriefInfo,(char*),TNavyMission::AddBriefInfo(char*),,cw_symbols.demangled,2918,method,high
TNavyMission,Free,(),TNavyMission::Free(),,cw_symbols.demangled,2919,method,high
TNavyMission,GetArmyMission,(),TNavyMission::GetArmyMission(),,cw_symbols.demangled,2920,method,high
TNavyMission,GetClassDescDynamic,() const,TNavyMission::GetClassDescDynamic() const,,cw_symbols.demangled,2921,classdesc,high
TNavyMission,GetInfo,(char*),TNavyMission::GetInfo(char*),,cw_symbols.demangled,2922,method,high
TNavyMission,GetNavyMission,(),TNavyMission::GetNavyMission(),,cw_symbols.demangled,2923,method,high
TNavyMission,GetWeightedEquipage,(float*) const,TNavyMission::GetWeightedEquipage(float*) const,,cw_symbols.demangled,2924,method,high
TNavyMission,GetWeightedSatisfaction,() const,TNavyMission::GetWeightedSatisfaction() const,,cw_symbols.demangled,2925,method,high
TNavyMission,GiveActionOrders,(TTaskForce*),TNavyMission::GiveActionOrders(TTaskForce*),,cw_symbols.demangled,2926,method,high
TNavyMission,GiveOrders,(),TNavyMission::GiveOrders(),,cw_symbols.demangled,2927,method,high
TNavyMission,GiveTravelOrders,(TZone*),TNavyMission::GiveTravelOrders(TZone*),,cw_symbols.demangled,2928,method,high
TNavyMission,IndustrialCostOfNeeds,() const,TNavyMission::IndustrialCostOfNeeds() const,,cw_symbols.demangled,2929,method,high
TNavyMission,IsHospitalMission,() const,TNavyMission::IsHospitalMission() const,,cw_symbols.demangled,2930,method,high
TNavyMission,IsNavyMission,() const,TNavyMission::IsNavyMission() const,,cw_symbols.demangled,2931,method,high
TNavyMission,PickAmassingZone,(),TNavyMission::PickAmassingZone(),,cw_symbols.demangled,2932,method,high
TNavyMission,=.PickBestShipForSubMission,(eNavyMissionType),TNavyMission::=.PickBestShipForSubMission(eNavyMissionType),,cw_symbols.demangled,2933,method,high
TNavyMission,Plan,(),TNavyMission::Plan(),,cw_symbols.demangled,2934,method,high
TNavyMission,ProjectSatisfaction,(short) const,TNavyMission::ProjectSatisfaction(short) const,,cw_symbols.demangled,2935,method,high
TNavyMission,ReadFrom,(TStream*),TNavyMission::ReadFrom(TStream*),,cw_symbols.demangled,2936,method,high
TNavyMission,Reassess,(),TNavyMission::Reassess(),,cw_symbols.demangled,2937,method,high
TNavyMission,RejectConstituent,"(TShip*, unsigned char)","TNavyMission::RejectConstituent(TShip*, unsigned char)",,cw_symbols.demangled,2938,method,high
TNavyMission,TNavyMission,(TZone*),TNavyMission::TNavyMission(TZone*),,cw_symbols.demangled,2939,constructor,high
TNavyPlayer,AddCapturedUnit,(TTacticalUnit*),TNavyPlayer::AddCapturedUnit(TTacticalUnit*),,cw_symbols.demangled,2940,method,high
TNavyPlayer,RemoveCapturedUnit,(TTacticalUnit*),TNavyPlayer::RemoveCapturedUnit(TTacticalUnit*),,cw_symbols.demangled,2941,method,high
TNavyPlayer,ApplyChanges,(unsigned char),TNavyPlayer::ApplyChanges(unsigned char),,cw_symbols.demangled,2942,method,high
TNavyPlayer,_DefaultConstructor,(),TNavyPlayer::_DefaultConstructor(),,cw_symbols.demangled,2943,constructor,high
TNavyPlayer,GetClassDescDynamic,() const,TNavyPlayer::GetClassDescDynamic() const,,cw_symbols.demangled,2944,classdesc,high
TNavyRoster,Close,(),TNavyRoster::Close(),,cw_symbols.demangled,2945,method,high
TNavyRoster,_DefaultConstructor,(),TNavyRoster::_DefaultConstructor(),,cw_symbols.demangled,2946,constructor,high
TNavyRoster,StuffValues,(TTaskForce*),TNavyRoster::StuffValues(TTaskForce*),,cw_symbols.demangled,2947,method,high
TNavyTacUnit,ApplyNavalDamage,"(float, NavyTargeting)","TNavyTacUnit::ApplyNavalDamage(float, NavyTargeting)",,cw_symbols.demangled,2948,method,high
TNavyTacUnit,_DefaultConstructor,(),TNavyTacUnit::_DefaultConstructor(),,cw_symbols.demangled,2949,constructor,high
TNavyTacUnit,GetArmor,(),TNavyTacUnit::GetArmor(),,cw_symbols.demangled,2950,method,high
TNavyTacUnit,GetClassDescDynamic,() const,TNavyTacUnit::GetClassDescDynamic() const,,cw_symbols.demangled,2951,classdesc,high
TNavyTacUnit,GetFirepower,(),TNavyTacUnit::GetFirepower(),,cw_symbols.demangled,2952,method,high
TNavyTacUnit,GetRange,(),TNavyTacUnit::GetRange(),,cw_symbols.demangled,2953,method,high
TNavyTacUnit,GetSpeed,(),TNavyTacUnit::GetSpeed(),,cw_symbols.demangled,2954,method,high
TNavyToolbarCluster,DoEvent,"(long, TEventHandler*, TEvent*)","TNavyToolbarCluster::DoEvent(long, TEventHandler*, TEvent*)",,cw_symbols.demangled,2955,method,high
TNavyToolbarCluster,IsSelectionAllowed,(),TNavyToolbarCluster::IsSelectionAllowed(),,cw_symbols.demangled,2956,method,high
TNavyToolbarCluster,SetCurrentChoice,(unsigned long),TNavyToolbarCluster::SetCurrentChoice(unsigned long),,cw_symbols.demangled,2957,method,high
TNavyToolbarCluster,TNavyToolbarCluster,(),TNavyToolbarCluster::TNavyToolbarCluster(),,cw_symbols.demangled,2958,constructor,high
TNetGameSelectPicture,GetClassDescDynamic,() const,TNetGameSelectPicture::GetClassDescDynamic() const,,cw_symbols.demangled,2959,classdesc,high
TNetGameSelectPicture,_DefaultConstructor,(),TNetGameSelectPicture::_DefaultConstructor(),,cw_symbols.demangled,2960,constructor,high
TNetGameSelectPicture,;.DoEvent,"(long, TEventHandler*, TEvent*)","TNetGameSelectPicture::;.DoEvent(long, TEventHandler*, TEvent*)",,cw_symbols.demangled,2961,method,high
TNetMgr,Advertise,(unsigned char),TNetMgr::Advertise(unsigned char),,cw_symbols.demangled,2962,method,high
TNetMgr,_DefaultConstructor,(),TNetMgr::_DefaultConstructor(),,cw_symbols.demangled,2963,constructor,high
TNetMgr,Disconnect,(),TNetMgr::Disconnect(),,cw_symbols.demangled,2964,method,high
TNetMgr,EndMultiplayerSupport,(),TNetMgr::EndMultiplayerSupport(),,cw_symbols.demangled,2965,method,high
TNetMgr,EnumerateGames,(),TNetMgr::EnumerateGames(),,cw_symbols.demangled,2966,method,high
TNetMgr,=.EnumerateProtocols,(TGameSetupMultiplayerPicture*),TNetMgr::=.EnumerateProtocols(TGameSetupMultiplayerPicture*),,cw_symbols.demangled,2967,method,high
TNetMgr,Free,(),TNetMgr::Free(),,cw_symbols.demangled,2968,method,high
TNetMgr,GetClassDescDynamic,() const,TNetMgr::GetClassDescDynamic() const,,cw_symbols.demangled,2969,classdesc,high
TNetMgr,GetMessage,(),TNetMgr::GetMessage(),,cw_symbols.demangled,2970,method,high
TNetMgr,GetPlayerID,() const,TNetMgr::GetPlayerID() const,,cw_symbols.demangled,2971,method,high
TNetMgr,HandleError,(int),TNetMgr::HandleError(int),,cw_symbols.demangled,2972,method,high
TNetMgr,HandleMessage,(NSpMessageHeader*),TNetMgr::HandleMessage(NSpMessageHeader*),,cw_symbols.demangled,2973,method,high
TNetMgr,Host,"(const char*, const char*, const char*)","TNetMgr::Host(const char*, const char*, const char*)",,cw_symbols.demangled,2974,method,high
TNetMgr,INetMgr,(),TNetMgr::INetMgr(),,cw_symbols.demangled,2975,method,high
TNetMgr,Ping,(),TNetMgr::Ping(),,cw_symbols.demangled,2976,method,high
TNetMgr,SelectProtocol,"(int, unsigned char, const char*)","TNetMgr::SelectProtocol(int, unsigned char, const char*)",,cw_symbols.demangled,2977,method,high
TNetMgr,Send,"(NSpMessageHeader*, unsigned char)","TNetMgr::Send(NSpMessageHeader*, unsigned char)",,cw_symbols.demangled,2978,method,high
TNetMgr,TNetMgr,(),TNetMgr::TNetMgr(),,cw_symbols.demangled,2979,constructor,high
TNetSelectPicture,DoEvent,"(long, TEventHandler*, TEvent*)","TNetSelectPicture::DoEvent(long, TEventHandler*, TEvent*)",,cw_symbols.demangled,2980,method,high
TNetSelectPicture,_DefaultConstructor,(),TNetSelectPicture::_DefaultConstructor(),,cw_symbols.demangled,2981,constructor,high
TNetSelectPicture,DoPostCreate,(TDocument*),TNetSelectPicture::DoPostCreate(TDocument*),,cw_symbols.demangled,2982,method,high
TNetSelectPicture,GetClassDescDynamic,() const,TNetSelectPicture::GetClassDescDynamic() const,,cw_symbols.demangled,2983,classdesc,high
TNewGameCommand,_DefaultConstructor,(),TNewGameCommand::_DefaultConstructor(),,cw_symbols.demangled,2984,constructor,high
TNewsMgr,AlwaysTrueStory,"(newsEntry*, newsStory*, long)","TNewsMgr::AlwaysTrueStory(newsEntry*, newsStory*, long)",,cw_symbols.demangled,2985,method,high
TNewsMgr,EvaluateFeatureStory,"(newsEntry*, newsStory*, long)","TNewsMgr::EvaluateFeatureStory(newsEntry*, newsStory*, long)",,cw_symbols.demangled,2986,method,high
TNewsMgr,AddEvent,"(long, NewsEvent*, unsigned char)","TNewsMgr::AddEvent(long, NewsEvent*, unsigned char)",,cw_symbols.demangled,2987,method,high
TNewsMgr,AddMiscEvent,"(long, long, unsigned char)","TNewsMgr::AddMiscEvent(long, long, unsigned char)",,cw_symbols.demangled,2988,method,high
TNewsMgr,AddTreatyEvent,"(long, long, long, unsigned char)","TNewsMgr::AddTreatyEvent(long, long, long, unsigned char)",,cw_symbols.demangled,2989,method,high
TNewsMgr,ClearStoryParms,(newsStory*),TNewsMgr::ClearStoryParms(newsStory*),,cw_symbols.demangled,2990,method,high
TNewsMgr,ConcatenateTreaty,"(long, long, long)","TNewsMgr::ConcatenateTreaty(long, long, long)",,cw_symbols.demangled,2991,method,high
TNewsMgr,CreateNewspaper,(long),TNewsMgr::CreateNewspaper(long),,cw_symbols.demangled,2992,method,high
TNewsMgr,_DefaultConstructor,(),TNewsMgr::_DefaultConstructor(),,cw_symbols.demangled,2993,constructor,high
TNewsMgr,FindEntry,(long),TNewsMgr::FindEntry(long),,cw_symbols.demangled,2994,method,high
TNewsMgr,FindEventType,"(long, long, long&, unsigned char)","TNewsMgr::FindEventType(long, long, long&, unsigned char)",,cw_symbols.demangled,2995,method,high
TNewsMgr,Free,"(void, 8)","TNewsMgr::Free(void, 8)",,cw_symbols.demangled,2996,method,high
TNewsMgr,LoadNewsTable,(),TNewsMgr::LoadNewsTable(),,cw_symbols.demangled,2997,method,high
TNewsMgr,StartNewsPhase,(),TNewsMgr::StartNewsPhase(),,cw_symbols.demangled,2998,method,high
TNewsMgr,WriteTo,(TStream*),TNewsMgr::WriteTo(TStream*),,cw_symbols.demangled,2999,method,high
TNewspaperView,CreateVariables,"(newsStory*, CStr255*)","TNewspaperView::CreateVariables(newsStory*, CStr255*)",,cw_symbols.demangled,3000,method,high
TNewspaperView,AddTextView,"(long, long, long, long, TextStyle&, short, CStr255*)","TNewspaperView::AddTextView(long, long, long, long, TextStyle&, short, CStr255*)",,cw_symbols.demangled,3001,method,high
TNewspaperView,_DefaultConstructor,(),TNewspaperView::_DefaultConstructor(),,cw_symbols.demangled,3002,constructor,high
TNewspaperView,GetClassDescDynamic,() const,TNewspaperView::GetClassDescDynamic() const,,cw_symbols.demangled,3003,classdesc,high
TNewspaperView,StuffValues,(long),TNewspaperView::StuffValues(long),,cw_symbols.demangled,3004,method,high
TNewTownView,Close,(),TNewTownView::Close(),,cw_symbols.demangled,3005,method,high
TNewTownView,GetClassDescDynamic,() const,TNewTownView::GetClassDescDynamic() const,,cw_symbols.demangled,3006,classdesc,high
TNextDiplomationCommand,_DefaultConstructor,(),TNextDiplomationCommand::_DefaultConstructor(),,cw_symbols.demangled,3007,constructor,high
TNextDiplomationCommand,PostThyself,(),TNextDiplomationCommand::PostThyself(),,cw_symbols.demangled,3008,method,high
TNextMoveCommand,INextMoveCommand,(TTacticalBattle*),TNextMoveCommand::INextMoveCommand(TTacticalBattle*),,cw_symbols.demangled,3009,method,high
TNextMoveCommand,DoIt,(),TNextMoveCommand::DoIt(),,cw_symbols.demangled,3010,method,high
TNextMoveCommand,GetClassDescDynamic,() const,TNextMoveCommand::GetClassDescDynamic() const,,cw_symbols.demangled,3011,classdesc,high
TNextMoveCommand,TNextMoveCommand,(),TNextMoveCommand::TNextMoveCommand(),,cw_symbols.demangled,3012,constructor,high
TNextTradeCommand,_DefaultConstructor,(),TNextTradeCommand::_DefaultConstructor(),,cw_symbols.demangled,3013,constructor,high
TNextTradeCommand,DoIt,(),TNextTradeCommand::DoIt(),,cw_symbols.demangled,3014,method,high
TNextTradeCommand,GetClassDescDynamic,() const,TNextTradeCommand::GetClassDescDynamic() const,,cw_symbols.demangled,3015,classdesc,high
TNextTradeCommand,INextTradeCommand,(),TNextTradeCommand::INextTradeCommand(),,cw_symbols.demangled,3016,method,high
TNextTradeCommand,TNextTradeCommand,(),TNextTradeCommand::TNextTradeCommand(),,cw_symbols.demangled,3017,constructor,high
TNoHilitePicture,_DefaultConstructor,(),TNoHilitePicture::_DefaultConstructor(),,cw_symbols.demangled,3018,constructor,high
TNoHilitePicture,GetClassDescDynamic,() const,TNoHilitePicture::GetClassDescDynamic() const,,cw_symbols.demangled,3019,classdesc,high
TNoHilitePicture,GetClassDescStatic,(),TNoHilitePicture::GetClassDescStatic(),,cw_symbols.demangled,3020,classdesc,high
TNoHilitePicture,Hilite,(),TNoHilitePicture::Hilite(),,cw_symbols.demangled,3021,method,high
TNoHilitePicture,TNoHilitePicture,(),TNoHilitePicture::TNoHilitePicture(),,cw_symbols.demangled,3022,constructor,high
TNoHiliteText,_DefaultConstructor,(),TNoHiliteText::_DefaultConstructor(),,cw_symbols.demangled,3023,constructor,high
TNoHiliteText,GetClassDescDynamic,() const,TNoHiliteText::GetClassDescDynamic() const,,cw_symbols.demangled,3024,classdesc,high
TNoHiliteText,GetClassDescStatic,(),TNoHiliteText::GetClassDescStatic(),,cw_symbols.demangled,3025,classdesc,high
TNoHiliteText,TNoHiliteText,(),TNoHiliteText::TNoHiliteText(),,cw_symbols.demangled,3026,constructor,high
TNominationView,DoEvent,"(long, TEventHandler*, TEvent*)","TNominationView::DoEvent(long, TEventHandler*, TEvent*)",,cw_symbols.demangled,3027,method,high
TNominationView,_DefaultConstructor,(),TNominationView::_DefaultConstructor(),,cw_symbols.demangled,3028,constructor,high
TNominationView,DoPostCreate,(TDocument*),TNominationView::DoPostCreate(TDocument*),,cw_symbols.demangled,3029,method,high
TNominationView,GetClassDescStatic,(),TNominationView::GetClassDescStatic(),,cw_symbols.demangled,3030,classdesc,high
TNominationView,Hilite,(),TNominationView::Hilite(),,cw_symbols.demangled,3031,method,high
TNumberedArrowButton,HandleCursor,"(const VPoint&, Region**)","TNumberedArrowButton::HandleCursor(const VPoint&, Region**)",,cw_symbols.demangled,3032,method,high
TNumberedArrowButton,Draw,(const VRect&),TNumberedArrowButton::Draw(const VRect&),,cw_symbols.demangled,3033,method,high
TNumberedArrowButton,GetClassDescDynamic,() const,TNumberedArrowButton::GetClassDescDynamic() const,,cw_symbols.demangled,3034,classdesc,high
TNumberedArrowButton,SetState,"(short, unsigned char)","TNumberedArrowButton::SetState(short, unsigned char)",,cw_symbols.demangled,3035,method,high
TNumberedArrowButton,SetValue,"(short, unsigned char)","TNumberedArrowButton::SetValue(short, unsigned char)",,cw_symbols.demangled,3036,method,high
TNumberedArrowButton,TNumberedArrowButton,(),TNumberedArrowButton::TNumberedArrowButton(),,cw_symbols.demangled,3037,constructor,high
TNumberedIcon,_DefaultConstructor,(),TNumberedIcon::_DefaultConstructor(),,cw_symbols.demangled,3038,constructor,high
TNumberedIcon,GetClassDescDynamic,() const,TNumberedIcon::GetClassDescDynamic() const,,cw_symbols.demangled,3039,classdesc,high
TNumberedIcon,GetClassDescStatic,(),TNumberedIcon::GetClassDescStatic(),,cw_symbols.demangled,3040,classdesc,high
TNumberedIcon,InstallNumberText,(),TNumberedIcon::InstallNumberText(),,cw_symbols.demangled,3041,method,high
TNumberedIcon,TNumberedIcon,(),TNumberedIcon::TNumberedIcon(),,cw_symbols.demangled,3042,constructor,high
TNumberedItem,_DefaultConstructor,(),TNumberedItem::_DefaultConstructor(),,cw_symbols.demangled,3043,constructor,high
TNumberedItem,Draw,(const VRect&),TNumberedItem::Draw(const VRect&),,cw_symbols.demangled,3044,method,high
TNumberedItem,GetClassDescDynamic,() const,TNumberedItem::GetClassDescDynamic() const,,cw_symbols.demangled,3045,classdesc,high
TNumberedItem,;.INumberedItem,"(TView*, const VPoint&, const VPoint&, short, short)","TNumberedItem::;.INumberedItem(TView*, const VPoint&, const VPoint&, short, short)",,cw_symbols.demangled,3046,method,high
TNumberedItem,TNumberedItem,(),TNumberedItem::TNumberedItem(),,cw_symbols.demangled,3047,constructor,high
TNumberText,INumberText,"(TView*, const VPoint&, const VPoint&, long, long, long)","TNumberText::INumberText(TView*, const VPoint&, const VPoint&, long, long, long)",,cw_symbols.demangled,3048,method,high
TNumberText,_DefaultConstructor,(),TNumberText::_DefaultConstructor(),,cw_symbols.demangled,3049,constructor,high
TNumberText,GetClassDescDynamic,() const,TNumberText::GetClassDescDynamic() const,,cw_symbols.demangled,3050,classdesc,high
TNumberText,SetValue,"(long, unsigned char)","TNumberText::SetValue(long, unsigned char)",,cw_symbols.demangled,3051,method,high
TNumberText,WriteFields,(TStream*),TNumberText::WriteFields(TStream*),,cw_symbols.demangled,3052,method,high
TObject,AddDependent,(TObject*),TObject::AddDependent(TObject*),,cw_symbols.demangled,3053,method,high
TObject,Changed,"(long, TObject*)","TObject::Changed(long, TObject*)",,cw_symbols.demangled,3054,method,high
TObject,_DefaultConstructor,(),TObject::_DefaultConstructor(),,cw_symbols.demangled,3055,constructor,high
TObject,DescendsFrom,(const ClassDesc*) const,TObject::DescendsFrom(const ClassDesc*) const,,cw_symbols.demangled,3056,method,high
TObject,Free,(),TObject::Free(),,cw_symbols.demangled,3057,method,high
TObject,GetClassDescDynamic,() const,TObject::GetClassDescDynamic() const,,cw_symbols.demangled,3058,classdesc,high
TObject,GetClassDescStatic,(),TObject::GetClassDescStatic(),,cw_symbols.demangled,3059,classdesc,high
TObject,GetClassID,() const,TObject::GetClassID() const,,cw_symbols.demangled,3060,method,high
TObject,GetClassSize,(),TObject::GetClassSize(),,cw_symbols.demangled,3061,method,high
TObject,GetDependencySpace,(),TObject::GetDependencySpace(),,cw_symbols.demangled,3062,method,high
TObject,GetStandardSignature,(),TObject::GetStandardSignature(),,cw_symbols.demangled,3063,method,high
TObject,IObject,(),TObject::IObject(),,cw_symbols.demangled,3064,method,high
TObject,IsLessThan,(const TObject*) const,TObject::IsLessThan(const TObject*) const,,cw_symbols.demangled,3065,method,high
TObject,IsMarked,(),TObject::IsMarked(),,cw_symbols.demangled,3066,method,high
TObject,IsSame,(const TObject*) const,TObject::IsSame(const TObject*) const,,cw_symbols.demangled,3067,method,high
TObject,ReadFrom,(TStream*),TObject::ReadFrom(TStream*),,cw_symbols.demangled,3068,method,high
TObject,RemoveDependenciesOnFree,(),TObject::RemoveDependenciesOnFree(),,cw_symbols.demangled,3069,method,high
TObject,SetMark,(unsigned char),TObject::SetMark(unsigned char),,cw_symbols.demangled,3070,method,high
TObject,ShallowClone,(),TObject::ShallowClone(),,cw_symbols.demangled,3071,method,high
TObject,ShallowFree,(),TObject::ShallowFree(),,cw_symbols.demangled,3072,method,high
TObject,SubClassResponsibility,(),TObject::SubClassResponsibility(),,cw_symbols.demangled,3073,method,high
TObject,TObject,(),TObject::TObject(),,cw_symbols.demangled,3074,constructor,high
TObject,WriteTo,(TStream*),TObject::WriteTo(TStream*),,cw_symbols.demangled,3075,method,high
TOcean,AssembleUIForce,(TZone*),TOcean::AssembleUIForce(TZone*),,cw_symbols.demangled,3076,method,high
TOcean,BuildPort,(short),TOcean::BuildPort(short),,cw_symbols.demangled,3077,method,high
TOcean,CommitForce,(TTaskForce*),TOcean::CommitForce(TTaskForce*),,cw_symbols.demangled,3078,method,high
TOcean,_DefaultConstructor,(),TOcean::_DefaultConstructor(),,cw_symbols.demangled,3079,constructor,high
TOceanDialog,TileID2TileTopLeft,"(short, const VPoint&, short&, short&, short)","TOceanDialog::TileID2TileTopLeft(short, const VPoint&, short&, short&, short)",,cw_symbols.demangled,3080,method,high
TOceanDialog,BoundingRect,(TZone*),TOceanDialog::BoundingRect(TZone*),,cw_symbols.demangled,3081,method,high
TOceanDialog,CenterOn,(short),TOceanDialog::CenterOn(short),,cw_symbols.demangled,3082,method,high
TOceanDialog,DoPostCreate,(TDocument*),TOceanDialog::DoPostCreate(TDocument*),,cw_symbols.demangled,3083,method,high
TOceanDialog,DrawGarrison,"(short, const CRect&, unsigned char)","TOceanDialog::DrawGarrison(short, const CRect&, unsigned char)",,cw_symbols.demangled,3084,method,high
TOceanDialog,DrawRatLine,"(short, short, short, short)","TOceanDialog::DrawRatLine(short, short, short, short)",,cw_symbols.demangled,3085,method,high
TOceanDialog,Free,(),TOceanDialog::Free(),,cw_symbols.demangled,3086,method,high
TOceanDialog,GetCenterTile,() const,TOceanDialog::GetCenterTile() const,,cw_symbols.demangled,3087,method,high
TOceanDialog,GetClassDescDynamic,() const,TOceanDialog::GetClassDescDynamic() const,,cw_symbols.demangled,3088,classdesc,high
TOceanDialog,GetClassDescStatic,(),TOceanDialog::GetClassDescStatic(),,cw_symbols.demangled,3089,classdesc,high
TOceanDialog,InvalidateTile,(short),TOceanDialog::InvalidateTile(short),,cw_symbols.demangled,3090,method,high
TOceanDialog,InvalidateZone,(TZone*),TOceanDialog::InvalidateZone(TZone*),,cw_symbols.demangled,3091,method,high
TOceanDialog,IsTileVisible,(short),TOceanDialog::IsTileVisible(short),,cw_symbols.demangled,3092,method,high
TOceanDialog,Scroll,(short),TOceanDialog::Scroll(short),,cw_symbols.demangled,3093,method,high
TOceanDialog,SetUpperLeft,"(short, short)","TOceanDialog::SetUpperLeft(short, short)",,cw_symbols.demangled,3094,method,high
TOceanDialog,TOceanDialog,(),TOceanDialog::TOceanDialog(),,cw_symbols.demangled,3095,constructor,high
TOcean,EnumerateBeaches,(),TOcean::EnumerateBeaches(),,cw_symbols.demangled,3096,method,high
TOcean,EnumerateConnections,(),TOcean::EnumerateConnections(),,cw_symbols.demangled,3097,method,high
TOcean,ForgetForce,(TTaskForce*),TOcean::ForgetForce(TTaskForce*),,cw_symbols.demangled,3098,method,high
TOcean,Free,(),TOcean::Free(),,cw_symbols.demangled,3099,method,high
TOcean,GetClassDescDynamic,() const,TOcean::GetClassDescDynamic() const,,cw_symbols.demangled,3100,classdesc,high
TOcean,GetPortZone,(short) const,TOcean::GetPortZone(short) const,,cw_symbols.demangled,3101,method,high
TOcean,GetRiverExit,(short) const,TOcean::GetRiverExit(short) const,,cw_symbols.demangled,3102,method,high
TOcean,GetSeaZoneAdjacentTo,(long),TOcean::GetSeaZoneAdjacentTo(long),,cw_symbols.demangled,3103,method,high
TOcean,GetZoneAt,(short),TOcean::GetZoneAt(short),,cw_symbols.demangled,3104,method,high
TOcean,NameSeasAtRandom,(),TOcean::NameSeasAtRandom(),,cw_symbols.demangled,3105,method,high
TOcean,NukePort,(short),TOcean::NukePort(short),,cw_symbols.demangled,3106,method,high
TOcean,ReadFrom,(TStream*),TOcean::ReadFrom(TStream*),,cw_symbols.demangled,3107,method,high
TOcean,RiverFlowsThroughForeigner,(short) const,TOcean::RiverFlowsThroughForeigner(short) const,,cw_symbols.demangled,3108,method,high
TOcean,Sea,(short),TOcean::Sea(short),,cw_symbols.demangled,3109,method,high
TOcean,Seath,(short),TOcean::Seath(short),,cw_symbols.demangled,3110,method,high
TOcean,SetNumSeaZones,(short),TOcean::SetNumSeaZones(short),,cw_symbols.demangled,3111,method,high
TOcean,UpdateOccupants,(),TOcean::UpdateOccupants(),,cw_symbols.demangled,3112,method,high
TOcean,WriteTo,(TStream*),TOcean::WriteTo(TStream*),,cw_symbols.demangled,3113,method,high
TODocCommand,DoIt,(),TODocCommand::DoIt(),,cw_symbols.demangled,3114,method,high
TODocCommand,GetClassDescDynamic,() const,TODocCommand::GetClassDescDynamic() const,,cw_symbols.demangled,3115,classdesc,high
TODocCommand,TODocCommand,(),TODocCommand::TODocCommand(),,cw_symbols.demangled,3116,constructor,high
TOfferDeskPicture,DoKeyEvent,(TToolboxEvent*),TOfferDeskPicture::DoKeyEvent(TToolboxEvent*),,cw_symbols.demangled,3117,method,high
TOfferDeskPicture,DoEvent,"(long, TEventHandler*, TEvent*)","TOfferDeskPicture::DoEvent(long, TEventHandler*, TEvent*)",,cw_symbols.demangled,3118,method,high
TOfferDeskPicture,_DefaultConstructor,(),TOfferDeskPicture::_DefaultConstructor(),,cw_symbols.demangled,3119,constructor,high
TOfferDeskPicture,HandleMouseUp,"(const VPoint&, TToolboxEvent*, CPoint)","TOfferDeskPicture::HandleMouseUp(const VPoint&, TToolboxEvent*, CPoint)",,cw_symbols.demangled,3120,method,high
TOfferDeskPicture,GetClassDescDynamic,() const,TOfferDeskPicture::GetClassDescDynamic() const,,cw_symbols.demangled,3121,classdesc,high
TOfferDeskPicture,SaveAndDismiss,(unsigned long),TOfferDeskPicture::SaveAndDismiss(unsigned long),,cw_symbols.demangled,3122,method,high
TOfferDeskPicture,SwitchToBook,(unsigned char),TOfferDeskPicture::SwitchToBook(unsigned char),,cw_symbols.demangled,3123,method,high
TOfferDeskPicture,TOfferDeskPicture,(),TOfferDeskPicture::TOfferDeskPicture(),,cw_symbols.demangled,3124,constructor,high
TOffersPanelView,DoKeyEvent,(TToolboxEvent*),TOffersPanelView::DoKeyEvent(TToolboxEvent*),,cw_symbols.demangled,3125,method,high
TOffersPanelView,HandleMouseUp,"(const VPoint&, TToolboxEvent*, CPoint)","TOffersPanelView::HandleMouseUp(const VPoint&, TToolboxEvent*, CPoint)",,cw_symbols.demangled,3126,method,high
TOffersPanelView,GetClassDescDynamic,() const,TOffersPanelView::GetClassDescDynamic() const,,cw_symbols.demangled,3127,classdesc,high
TOffersPanelView,PoseWarOffer,"(short, long, long, long)","TOffersPanelView::PoseWarOffer(short, long, long, long)",,cw_symbols.demangled,3128,method,high
TOffersPanelView,TOffersPanelView,(),TOffersPanelView::TOffersPanelView(),,cw_symbols.demangled,3129,constructor,high
TOffLimitsPicture,_DefaultConstructor,(),TOffLimitsPicture::_DefaultConstructor(),,cw_symbols.demangled,3130,constructor,high
TOffLimitsPicture,Draw,(const VRect&),TOffLimitsPicture::Draw(const VRect&),,cw_symbols.demangled,3131,method,high
TOffLimitsPicture,Free,(),TOffLimitsPicture::Free(),,cw_symbols.demangled,3132,method,high
TOffLimitsPicture,GetClassDescDynamic,() const,TOffLimitsPicture::GetClassDescDynamic() const,,cw_symbols.demangled,3133,classdesc,high
TOffLimitsPicture,TOffLimitsPicture,(),TOffLimitsPicture::TOffLimitsPicture(),,cw_symbols.demangled,3134,constructor,high
TOneTimeAnimation,_DefaultConstructor,(),TOneTimeAnimation::_DefaultConstructor(),,cw_symbols.demangled,3135,constructor,high
TOneTimeAnimation,GetClassDescDynamic,() const,TOneTimeAnimation::GetClassDescDynamic() const,,cw_symbols.demangled,3136,classdesc,high
TOneTimeAnimation,Tick,(),TOneTimeAnimation::Tick(),,cw_symbols.demangled,3137,method,high
TOnOffRadioButton,DoEvent,"(long, TEventHandler*, TEvent*)","TOnOffRadioButton::DoEvent(long, TEventHandler*, TEvent*)",,cw_symbols.demangled,3138,method,high
TOnOffRadioButton,_DefaultConstructor,(),TOnOffRadioButton::_DefaultConstructor(),,cw_symbols.demangled,3139,constructor,high
TOnOffRadioButton,GetClassDescDynamic,() const,TOnOffRadioButton::GetClassDescDynamic() const,,cw_symbols.demangled,3140,classdesc,high
TOnOffRadioButton,SetState,"(unsigned char, unsigned char)","TOnOffRadioButton::SetState(unsigned char, unsigned char)",,cw_symbols.demangled,3141,method,high
TOnOffRadioButton,TOnOffRadioButton,(),TOnOffRadioButton::TOnOffRadioButton(),,cw_symbols.demangled,3142,constructor,high
TOrderView,DoEvent,"(long, TEventHandler*, TEvent*)","TOrderView::DoEvent(long, TEventHandler*, TEvent*)",,cw_symbols.demangled,3143,method,high
TOrderView,GetClassDescDynamic,() const,TOrderView::GetClassDescDynamic() const,,cw_symbols.demangled,3144,classdesc,high
TOrderView,GetClassDescStatic,(),TOrderView::GetClassDescStatic(),,cw_symbols.demangled,3145,classdesc,high
TOrderView,TOrderView,(),TOrderView::TOrderView(),,cw_symbols.demangled,3146,constructor,high
TOrderView,UpdateFields,(),TOrderView::UpdateFields(),,cw_symbols.demangled,3147,method,high
TOrItemOrder,GetClassDescDynamic,() const,TOrItemOrder::GetClassDescDynamic() const,,cw_symbols.demangled,3148,classdesc,high
TOrItemOrder,IOrItemOrder,"(TCity*, short, short, short, short)","TOrItemOrder::IOrItemOrder(TCity*, short, short, short, short)",,cw_symbols.demangled,3149,method,high
TOrItemOrder,MaxOrder,(),TOrItemOrder::MaxOrder(),,cw_symbols.demangled,3150,method,high
TOrItemOrder,TOrItemOrder,(),TOrItemOrder::TOrItemOrder(),,cw_symbols.demangled,3151,constructor,high
TOvalAdorner,Draw,"(TView*, const VRect&)","TOvalAdorner::Draw(TView*, const VRect&)",,cw_symbols.demangled,3152,method,high
TOvalAdorner,GetClassDescDynamic,() const,TOvalAdorner::GetClassDescDynamic() const,,cw_symbols.demangled,3153,classdesc,high
TOvalAdorner,GetClassDescStatic,(),TOvalAdorner::GetClassDescStatic(),,cw_symbols.demangled,3154,classdesc,high
TOvalAdorner,GetStandardSignature,(),TOvalAdorner::GetStandardSignature(),,cw_symbols.demangled,3155,method,high
TOvalAdorner,TOvalAdorner,(),TOvalAdorner::TOvalAdorner(),,cw_symbols.demangled,3156,constructor,high
TOverlayRadioButton,Draw,(const VRect&),TOverlayRadioButton::Draw(const VRect&),,cw_symbols.demangled,3157,method,high
TOverlayRadioButton,GetClassDescStatic,(),TOverlayRadioButton::GetClassDescStatic(),,cw_symbols.demangled,3158,classdesc,high
TPageCorner,_DefaultConstructor,(),TPageCorner::_DefaultConstructor(),,cw_symbols.demangled,3159,constructor,high
TPageCorner,@.HandleMouseDown,"(const VPoint&, TToolboxEvent*, CPoint)","TPageCorner::@.HandleMouseDown(const VPoint&, TToolboxEvent*, CPoint)",,cw_symbols.demangled,3160,method,high
TPageView,AddLine,(TLineData*),TPageView::AddLine(TLineData*),,cw_symbols.demangled,3161,method,high
TPageView,Clear,(),TPageView::Clear(),,cw_symbols.demangled,3162,method,high
TPageView,_DefaultConstructor,(),TPageView::_DefaultConstructor(),,cw_symbols.demangled,3163,constructor,high
TPageView,DoPostCreate,(TDocument*),TPageView::DoPostCreate(TDocument*),,cw_symbols.demangled,3164,method,high
TPageView,Free,(),TPageView::Free(),,cw_symbols.demangled,3165,method,high
TPageView,GetClassDescDynamic,() const,TPageView::GetClassDescDynamic() const,,cw_symbols.demangled,3166,classdesc,high
TPageView,ShowPage,(short),TPageView::ShowPage(short),,cw_symbols.demangled,3167,method,high
TPageView,TPageView,(),TPageView::TPageView(),,cw_symbols.demangled,3168,constructor,high
TPanelView,DoPostCreate,(TDocument*),TPanelView::DoPostCreate(TDocument*),,cw_symbols.demangled,3169,method,high
TPanelView,GetClassDescDynamic,() const,TPanelView::GetClassDescDynamic() const,,cw_symbols.demangled,3170,classdesc,high
TPattern,Clone,(),TPattern::Clone(),,cw_symbols.demangled,3171,method,high
TPattern,_DefaultConstructor,(),TPattern::_DefaultConstructor(),,cw_symbols.demangled,3172,constructor,high
TPattern,Draw,(const VRect&),TPattern::Draw(const VRect&),,cw_symbols.demangled,3173,method,high
TPattern,GetClassDescDynamic,() const,TPattern::GetClassDescDynamic() const,,cw_symbols.demangled,3174,classdesc,high
TPattern,GetClassDescStatic,(),TPattern::GetClassDescStatic(),,cw_symbols.demangled,3175,classdesc,high
TPattern,ReadFields,(TStream*),TPattern::ReadFields(TStream*),,cw_symbols.demangled,3176,method,high
TPattern,ReleasePattern,(),TPattern::ReleasePattern(),,cw_symbols.demangled,3177,method,high
TPattern,SetPattern,"(char**, unsigned char)","TPattern::SetPattern(char**, unsigned char)",,cw_symbols.demangled,3178,method,high
TPattern,SetPatternRsrcID,"(short, unsigned char)","TPattern::SetPatternRsrcID(short, unsigned char)",,cw_symbols.demangled,3179,method,high
TPattern,TPattern,(),TPattern::TPattern(),,cw_symbols.demangled,3180,constructor,high
TPattern,WriteFields,(TStream*),TPattern::WriteFields(TStream*),,cw_symbols.demangled,3181,method,high
TPDocCommand,DoIt,(),TPDocCommand::DoIt(),,cw_symbols.demangled,3182,method,high
TPDocCommand,GetClassDescDynamic,() const,TPDocCommand::GetClassDescDynamic() const,,cw_symbols.demangled,3183,classdesc,high
TPDocCommand,TPDocCommand,(),TPDocCommand::TPDocCommand(),,cw_symbols.demangled,3184,constructor,high
TPictureButton,DoMouseCommand,"(VPoint&, TToolboxEvent*, CPoint)","TPictureButton::DoMouseCommand(VPoint&, TToolboxEvent*, CPoint)",,cw_symbols.demangled,3185,method,high
TPictureButton,_DefaultConstructor,(),TPictureButton::_DefaultConstructor(),,cw_symbols.demangled,3186,constructor,high
TPictureButton,GetClassDescDynamic,() const,TPictureButton::GetClassDescDynamic() const,,cw_symbols.demangled,3187,classdesc,high
TPictureButton,HiliteState,"(unsigned char, unsigned char)","TPictureButton::HiliteState(unsigned char, unsigned char)",,cw_symbols.demangled,3188,method,high
TPictureButton,TPictureButton,(),TPictureButton::TPictureButton(),,cw_symbols.demangled,3189,constructor,high
TPicture,Clone,(),TPicture::Clone(),,cw_symbols.demangled,3190,method,high
TPicture,_DefaultConstructor,(),TPicture::_DefaultConstructor(),,cw_symbols.demangled,3191,constructor,high
TPicture,Draw,(const VRect&),TPicture::Draw(const VRect&),,cw_symbols.demangled,3192,method,high
TPicture,GetClassDescDynamic,() const,TPicture::GetClassDescDynamic() const,,cw_symbols.demangled,3193,classdesc,high
TPicture,GetClassDescStatic,(),TPicture::GetClassDescStatic(),,cw_symbols.demangled,3194,classdesc,high
TPictureLine,GetClassDescDynamic,() const,TPictureLine::GetClassDescDynamic() const,,cw_symbols.demangled,3195,classdesc,high
TPictureLine,TPictureLine,(),TPictureLine::TPictureLine(),,cw_symbols.demangled,3196,constructor,high
TPictureNumberText,_DefaultConstructor,(),TPictureNumberText::_DefaultConstructor(),,cw_symbols.demangled,3197,constructor,high
TPictureNumberText,GetClassDescStatic,(),TPictureNumberText::GetClassDescStatic(),,cw_symbols.demangled,3198,classdesc,high
TPictureNumberText,SetText,"(const CStr255&, unsigned char)","TPictureNumberText::SetText(const CStr255&, unsigned char)",,cw_symbols.demangled,3199,method,high
TPictureNumberText,TPictureNumberText,(),TPictureNumberText::TPictureNumberText(),,cw_symbols.demangled,3200,constructor,high
TPicture,IPicture,"(TView*, const VPoint&, const VPoint&, SizeDeterminer, SizeDeterminer, short)","TPicture::IPicture(TView*, const VPoint&, const VPoint&, SizeDeterminer, SizeDeterminer, short)",,cw_symbols.demangled,3201,method,high
TPictureRadioButton,GetClassDescStatic,(),TPictureRadioButton::GetClassDescStatic(),,cw_symbols.demangled,3202,classdesc,high
TPictureRadioButton,HandleMouseDown,"(const VPoint&, TToolboxEvent*, CPoint)","TPictureRadioButton::HandleMouseDown(const VPoint&, TToolboxEvent*, CPoint)",,cw_symbols.demangled,3203,method,high
TPictureRadioButton,Select,"(unsigned char, unsigned char)","TPictureRadioButton::Select(unsigned char, unsigned char)",,cw_symbols.demangled,3204,method,high
TPictureRadioButton,ViewEnable,"(unsigned char, unsigned char)","TPictureRadioButton::ViewEnable(unsigned char, unsigned char)",,cw_symbols.demangled,3205,method,high
TPicture,ReadFields,(TStream*),TPicture::ReadFields(TStream*),,cw_symbols.demangled,3206,method,high
TPicture,ReleasePicture,(),TPicture::ReleasePicture(),,cw_symbols.demangled,3207,method,high
TPicture,SetPicture,"(Picture**, unsigned char)","TPicture::SetPicture(Picture**, unsigned char)",,cw_symbols.demangled,3208,method,high
TPicture,SetPictureRsrcID,"(short, unsigned char)","TPicture::SetPictureRsrcID(short, unsigned char)",,cw_symbols.demangled,3209,method,high
TPictureText,GetClassDescDynamic,() const,TPictureText::GetClassDescDynamic() const,,cw_symbols.demangled,3210,classdesc,high
TPictureText,SetText,"(const CStr255&, unsigned char)","TPictureText::SetText(const CStr255&, unsigned char)",,cw_symbols.demangled,3211,method,high
TPictureText,TPictureText,(),TPictureText::TPictureText(),,cw_symbols.demangled,3212,constructor,high
TPicture,WriteFields,(TStream*),TPicture::WriteFields(TStream*),,cw_symbols.demangled,3213,method,high
TPirateMinister,_DefaultConstructor,(),TPirateMinister::_DefaultConstructor(),,cw_symbols.demangled,3214,constructor,high
TPirateMinister,MakeNewCity,(TCity*),TPirateMinister::MakeNewCity(TCity*),,cw_symbols.demangled,3215,method,high
TPlacard,_DefaultConstructor,(),TPlacard::_DefaultConstructor(),,cw_symbols.demangled,3216,constructor,high
TPlacard,Draw,(const VRect&),TPlacard::Draw(const VRect&),,cw_symbols.demangled,3217,method,high
TPlacard,SetValue,"(short, unsigned char)","TPlacard::SetValue(short, unsigned char)",,cw_symbols.demangled,3218,method,high
TPlaceCityDialog,Close,(),TPlaceCityDialog::Close(),,cw_symbols.demangled,3219,method,high
TPlaceCityDialog,GetClassDescDynamic,() const,TPlaceCityDialog::GetClassDescDynamic() const,,cw_symbols.demangled,3220,classdesc,high
TPlaceCityDialog,StuffValues,(TTown*),TPlaceCityDialog::StuffValues(TTown*),,cw_symbols.demangled,3221,method,high
TPlaceCityDialog,TPlaceCityDialog,(),TPlaceCityDialog::TPlaceCityDialog(),,cw_symbols.demangled,3222,constructor,high
TPopGrowthOrder,FillOrderSheet,"(OrderSheet*, short)","TPopGrowthOrder::FillOrderSheet(OrderSheet*, short)",,cw_symbols.demangled,3223,method,high
TPopGrowthOrder,_DefaultConstructor,(),TPopGrowthOrder::_DefaultConstructor(),,cw_symbols.demangled,3224,constructor,high
TPopGrowthOrder,IPopGrowthOrder,(TCity*),TPopGrowthOrder::IPopGrowthOrder(TCity*),,cw_symbols.demangled,3225,method,high
TPopGrowthOrder,Produce,(),TPopGrowthOrder::Produce(),,cw_symbols.demangled,3226,method,high
TPopGrowthOrder,Restock,(),TPopGrowthOrder::Restock(),,cw_symbols.demangled,3227,method,high
TPopGrowthOrder,SetQuantity,(short),TPopGrowthOrder::SetQuantity(short),,cw_symbols.demangled,3228,method,high
TPopulationMgr,AddUntrained,(short),TPopulationMgr::AddUntrained(short),,cw_symbols.demangled,3229,method,high
TPopulationMgr,_DefaultConstructor,(),TPopulationMgr::_DefaultConstructor(),,cw_symbols.demangled,3230,constructor,high
TPopulationMgr,Eat,(),TPopulationMgr::Eat(),,cw_symbols.demangled,3231,method,high
TPopulationMgr,Free,(),TPopulationMgr::Free(),,cw_symbols.demangled,3232,method,high
TPopulationMgr,GetClassDescDynamic,() const,TPopulationMgr::GetClassDescDynamic() const,,cw_symbols.demangled,3233,classdesc,high
TPopulationMgr,GrowthRate,(),TPopulationMgr::GrowthRate(),,cw_symbols.demangled,3234,method,high
TPopulationMgr,IPopulationMgr,(TCity*),TPopulationMgr::IPopulationMgr(TCity*),,cw_symbols.demangled,3235,method,high
TPopulationMgr,MakeUnavailable,"(short, short)","TPopulationMgr::MakeUnavailable(short, short)",,cw_symbols.demangled,3236,method,high
TPopulationMgr,PredictedNeeds,(),TPopulationMgr::PredictedNeeds(),,cw_symbols.demangled,3237,method,high
TPopulationMgr,ReadFrom,(TStream*),TPopulationMgr::ReadFrom(TStream*),,cw_symbols.demangled,3238,method,high
TPopulationMgr,StartProductionPhase,(),TPopulationMgr::StartProductionPhase(),,cw_symbols.demangled,3239,method,high
TPopulationMgr,Strike,(),TPopulationMgr::Strike(),,cw_symbols.demangled,3240,method,high
TPopulationMgr,TPopulationMgr,(),TPopulationMgr::TPopulationMgr(),,cw_symbols.demangled,3241,constructor,high
TPopup,DoMouseCommand,"(VPoint&, TToolboxEvent*, CPoint)","TPopup::DoMouseCommand(VPoint&, TToolboxEvent*, CPoint)",,cw_symbols.demangled,3242,method,high
TPopup,_DefaultConstructor,(),TPopup::_DefaultConstructor(),,cw_symbols.demangled,3243,constructor,high
TPopup,Draw,(const VRect&),TPopup::Draw(const VRect&),,cw_symbols.demangled,3244,method,high
TPopup,Focus,(),TPopup::Focus(),,cw_symbols.demangled,3245,method,high
TPopup,Free,(),TPopup::Free(),,cw_symbols.demangled,3246,method,high
TPopup,GetClassDescDynamic,() const,TPopup::GetClassDescDynamic() const,,cw_symbols.demangled,3247,classdesc,high
TPopup,GetClassDescStatic,(),TPopup::GetClassDescStatic(),,cw_symbols.demangled,3248,classdesc,high
TPopup,GetCurrentCommand,(),TPopup::GetCurrentCommand(),,cw_symbols.demangled,3249,method,high
TPopup,GetItemText,"(short, CStr255&)","TPopup::GetItemText(short, CStr255&)",,cw_symbols.demangled,3250,method,high
TPopup,GetLastItem,(),TPopup::GetLastItem(),,cw_symbols.demangled,3251,method,high
TPopup,GetLastMenuID,(),TPopup::GetLastMenuID(),,cw_symbols.demangled,3252,method,high
TPopup,GetMenuHandle,(),TPopup::GetMenuHandle(),,cw_symbols.demangled,3253,method,high
TPopup,GetMenuID,(),TPopup::GetMenuID(),,cw_symbols.demangled,3254,method,high
TPopup,GetMenuLabel,(CStr255&),TPopup::GetMenuLabel(CStr255&),,cw_symbols.demangled,3255,method,high
TPopup,GetNumberOfItems,(),TPopup::GetNumberOfItems(),,cw_symbols.demangled,3256,method,high
TPopup,GetProcID,(),TPopup::GetProcID(),,cw_symbols.demangled,3257,method,high
TPopup,GetStandardSignature,(),TPopup::GetStandardSignature(),,cw_symbols.demangled,3258,method,high
TPopup,GetTitle,(CStr255&),TPopup::GetTitle(CStr255&),,cw_symbols.demangled,3259,method,high
TPopup,SetCurrentItem,"(short, unsigned char)","TPopup::SetCurrentItem(short, unsigned char)",,cw_symbols.demangled,3260,method,high
TPopup,SetPopup,"(MenuInfo**, short, unsigned char)","TPopup::SetPopup(MenuInfo**, short, unsigned char)",,cw_symbols.demangled,3261,method,high
TPopup,SetTitle,(const CStr255&),TPopup::SetTitle(const CStr255&),,cw_symbols.demangled,3262,method,high
TPopup,TPopup,(),TPopup::TPopup(),,cw_symbols.demangled,3263,constructor,high
TPopup,WriteFields,(TStream*),TPopup::WriteFields(TStream*),,cw_symbols.demangled,3264,method,high
TPortZone,CanBeTargetOf,(TTaskForce*) const,TPortZone::CanBeTargetOf(TTaskForce*) const,,cw_symbols.demangled,3265,method,high
TPortZone,_DefaultConstructor,(),TPortZone::_DefaultConstructor(),,cw_symbols.demangled,3266,constructor,high
TPortZone,Free,(),TPortZone::Free(),,cw_symbols.demangled,3267,method,high
TPortZone,GetClassDescDynamic,() const,TPortZone::GetClassDescDynamic() const,,cw_symbols.demangled,3268,classdesc,high
TPortZone,GetClassDescStatic,(),TPortZone::GetClassDescStatic(),,cw_symbols.demangled,3269,classdesc,high
TPortZone,GetFirstPort,(),TPortZone::GetFirstPort(),,cw_symbols.demangled,3270,method,high
TPortZone,GetNextPort,() const,TPortZone::GetNextPort() const,,cw_symbols.demangled,3271,method,high
TPortZone,GetOriginalOwner,() const,TPortZone::GetOriginalOwner() const,,cw_symbols.demangled,3272,method,high
TPortZone,GetOwner,() const,TPortZone::GetOwner() const,,cw_symbols.demangled,3273,method,high
TPortZone,GetPortAt,(short),TPortZone::GetPortAt(short),,cw_symbols.demangled,3274,method,high
TPortZone,GetPrevPort,() const,TPortZone::GetPrevPort() const,,cw_symbols.demangled,3275,method,high
TPortZone,IsEnemyOf,(short) const,TPortZone::IsEnemyOf(short) const,,cw_symbols.demangled,3276,method,high
TPortZone,IsProvincial,() const,TPortZone::IsProvincial() const,,cw_symbols.demangled,3277,method,high
TPortZone,IsSeaZone,() const,TPortZone::IsSeaZone() const,,cw_symbols.demangled,3278,method,high
TPortZone,PickIngotTile,(),TPortZone::PickIngotTile(),,cw_symbols.demangled,3279,method,high
TPortZone,ReadFrom,(TStream*),TPortZone::ReadFrom(TStream*),,cw_symbols.demangled,3280,method,high
TPoseMessageDialog,_DefaultConstructor,(),TPoseMessageDialog::_DefaultConstructor(),,cw_symbols.demangled,3281,constructor,high
TPoseMessageDialog,DoIt,(),TPoseMessageDialog::DoIt(),,cw_symbols.demangled,3282,method,high
TPowerPlantOrder,GetClassDescDynamic,() const,TPowerPlantOrder::GetClassDescDynamic() const,,cw_symbols.demangled,3283,classdesc,high
TPowerPlantOrder,MaxOrder,(),TPowerPlantOrder::MaxOrder(),,cw_symbols.demangled,3284,method,high
TPowerPlantOrder,ReadFrom,(TStream*),TPowerPlantOrder::ReadFrom(TStream*),,cw_symbols.demangled,3285,method,high
TPowerPlantOrder,TPowerPlantOrder,(),TPowerPlantOrder::TPowerPlantOrder(),,cw_symbols.demangled,3286,constructor,high
TPrintAdorner,DoHighlightSelection,"(TView*, const VRect&, char, char)","TPrintAdorner::DoHighlightSelection(TView*, const VRect&, char, char)",,cw_symbols.demangled,3287,method,high
TPrintAdorner,_DefaultConstructor,(),TPrintAdorner::_DefaultConstructor(),,cw_symbols.demangled,3288,constructor,high
TPrintAdorner,GetClassDescDynamic,() const,TPrintAdorner::GetClassDescDynamic() const,,cw_symbols.demangled,3289,classdesc,high
TPrintAdorner,GetStandardSignature,(),TPrintAdorner::GetStandardSignature(),,cw_symbols.demangled,3290,method,high
TPrintAdorner,IPrintAdorner,(),TPrintAdorner::IPrintAdorner(),,cw_symbols.demangled,3291,method,high
TPrintAdorner,TPrintAdorner,(),TPrintAdorner::TPrintAdorner(),,cw_symbols.demangled,3292,constructor,high
TPrintCommand,IPrintCommand,"(long, TStdPrintHandler*)","TPrintCommand::IPrintCommand(long, TStdPrintHandler*)",,cw_symbols.demangled,3293,method,high
TPrintCommand,_DefaultConstructor,(),TPrintCommand::_DefaultConstructor(),,cw_symbols.demangled,3294,constructor,high
TPrintCommand,DoIt,(),TPrintCommand::DoIt(),,cw_symbols.demangled,3295,method,high
TPrintCommand,GetClassDescDynamic,() const,TPrintCommand::GetClassDescDynamic() const,,cw_symbols.demangled,3296,classdesc,high
TPrintCommand,TPrintCommand,(),TPrintCommand::TPrintCommand(),,cw_symbols.demangled,3297,constructor,high
TPrintHandler,BreakFollowing,"(signed char, long, unsigned char&)","TPrintHandler::BreakFollowing(signed char, long, unsigned char&)",,cw_symbols.demangled,3298,method,high
TPrintHandler,CalcPageStrips,(VPoint&),TPrintHandler::CalcPageStrips(VPoint&),,cw_symbols.demangled,3299,method,high
TPrintHandler,CheckPrinter,(),TPrintHandler::CheckPrinter(),,cw_symbols.demangled,3300,method,high
TPrintHandler,_DefaultConstructor,(),TPrintHandler::_DefaultConstructor(),,cw_symbols.demangled,3301,constructor,high
TPrintHandler,DoSetupPrintMenus,(),TPrintHandler::DoSetupPrintMenus(),,cw_symbols.demangled,3302,method,high
TPrintHandler,DrawPrintFeedback,(const VRect&),TPrintHandler::DrawPrintFeedback(const VRect&),,cw_symbols.demangled,3303,method,high
TPrintHandler,Focus,(),TPrintHandler::Focus(),,cw_symbols.demangled,3304,method,high
TPrintHandler,FocusOnInterior,(),TPrintHandler::FocusOnInterior(),,cw_symbols.demangled,3305,method,high
TPrintHandler,GetClassDescDynamic,() const,TPrintHandler::GetClassDescDynamic() const,,cw_symbols.demangled,3306,classdesc,high
TPrintHandler,GetManager,(),TPrintHandler::GetManager(),,cw_symbols.demangled,3307,method,high
TPrintHandler,GetPrintInfo,(),TPrintHandler::GetPrintInfo(),,cw_symbols.demangled,3308,method,high
TPrintHandler,GetQDOrigin,(),TPrintHandler::GetQDOrigin(),,cw_symbols.demangled,3309,method,high
TPrintHandler,GetViewToQDOffset,(VPoint&),TPrintHandler::GetViewToQDOffset(VPoint&),,cw_symbols.demangled,3310,method,high
TPrintHandler,IPrintHandler,(TView*),TPrintHandler::IPrintHandler(TView*),,cw_symbols.demangled,3311,method,high
TPrintHandler,MaxPageNumber,(),TPrintHandler::MaxPageNumber(),,cw_symbols.demangled,3312,method,high
TPrintHandler,Print,"(long, unsigned char&)","TPrintHandler::Print(long, unsigned char&)",,cw_symbols.demangled,3313,method,high
TPrintHandler,Reset,(),TPrintHandler::Reset(),,cw_symbols.demangled,3314,method,high
TPrintHandler,SetDefaultPrintInfo,(),TPrintHandler::SetDefaultPrintInfo(),,cw_symbols.demangled,3315,method,high
TPrintHandler,SetPageInterior,(long),TPrintHandler::SetPageInterior(long),,cw_symbols.demangled,3316,method,high
TPrintHandler,SetPageOffset,(const VPoint&),TPrintHandler::SetPageOffset(const VPoint&),,cw_symbols.demangled,3317,method,high
TPrintHandler,TPrintHandler,(),TPrintHandler::TPrintHandler(),,cw_symbols.demangled,3318,constructor,high
TPrintMenuBehavior,_DefaultConstructor,(),TPrintMenuBehavior::_DefaultConstructor(),,cw_symbols.demangled,3319,constructor,high
TPrintMenuBehavior,DoSetupMenus,(),TPrintMenuBehavior::DoSetupMenus(),,cw_symbols.demangled,3320,method,high
TPrintMenuBehavior,TPrintMenuBehavior,(),TPrintMenuBehavior::TPrintMenuBehavior(),,cw_symbols.demangled,3321,constructor,high
TPrintStyleChangeCommand,SetupDependencies,(),TPrintStyleChangeCommand::SetupDependencies(),,cw_symbols.demangled,3322,method,high
TPrintStyleChangeCommand,GetClassDescDynamic,() const,TPrintStyleChangeCommand::GetClassDescDynamic() const,,cw_symbols.demangled,3323,classdesc,high
TPrintStyleChangeCommand,DoIt,(),TPrintStyleChangeCommand::DoIt(),,cw_symbols.demangled,3324,method,high
TPrintStyleChangeCommand,Free,(),TPrintStyleChangeCommand::Free(),,cw_symbols.demangled,3325,method,high
TPrintStyleChangeCommand,IPrintStyleChangeCommand,(TStdPrintHandler*),TPrintStyleChangeCommand::IPrintStyleChangeCommand(TStdPrintHandler*),,cw_symbols.demangled,3326,method,high
TPrintStyleChangeCommand,DoUpdate,"(long, TObject*, TObject*, TDependencySpace*)","TPrintStyleChangeCommand::DoUpdate(long, TObject*, TObject*, TDependencySpace*)",,cw_symbols.demangled,3327,method,high
TPrintStyleChangeCommand,RedoIt,(),TPrintStyleChangeCommand::RedoIt(),,cw_symbols.demangled,3328,method,high
TPrintStyleChangeCommand,UndoIt,(),TPrintStyleChangeCommand::UndoIt(),,cw_symbols.demangled,3329,method,high
TProductionCluster,DoEvent,"(long, TEventHandler*, TEvent*)","TProductionCluster::DoEvent(long, TEventHandler*, TEvent*)",,cw_symbols.demangled,3330,method,high
TProductionCluster,_DefaultConstructor,(),TProductionCluster::_DefaultConstructor(),,cw_symbols.demangled,3331,constructor,high
TProductionCluster,GetClassDescStatic,(),TProductionCluster::GetClassDescStatic(),,cw_symbols.demangled,3332,classdesc,high
TProductionCluster,SetLaborRate,(short),TProductionCluster::SetLaborRate(short),,cw_symbols.demangled,3333,method,high
TProductionCluster,SetStockpileRate,(short),TProductionCluster::SetStockpileRate(short),,cw_symbols.demangled,3334,method,high
TProductionCluster,SetStockpiles,"(short*, short*)","TProductionCluster::SetStockpiles(short*, short*)",,cw_symbols.demangled,3335,method,high
TProductionCluster,TProductionCluster,(),TProductionCluster::TProductionCluster(),,cw_symbols.demangled,3336,constructor,high
TProductionOrder,FillOrderSheet,"(OrderSheet*, short)","TProductionOrder::FillOrderSheet(OrderSheet*, short)",,cw_symbols.demangled,3337,method,high
TProductionOrder,GetClassDescDynamic,() const,TProductionOrder::GetClassDescDynamic() const,,cw_symbols.demangled,3338,classdesc,high
TProductionOrder,MaxOrder,(),TProductionOrder::MaxOrder(),,cw_symbols.demangled,3339,method,high
TProductionOrder,ReadFrom,(TStream*),TProductionOrder::ReadFrom(TStream*),,cw_symbols.demangled,3340,method,high
TProductionOrder,TProductionOrder,(),TProductionOrder::TProductionOrder(),,cw_symbols.demangled,3341,constructor,high
TProvinceDesirabilityList,_DefaultConstructor,(),TProvinceDesirabilityList::_DefaultConstructor(),,cw_symbols.demangled,3342,constructor,high
TProvinceDesirabilityList,GetClassDescDynamic,() const,TProvinceDesirabilityList::GetClassDescDynamic() const,,cw_symbols.demangled,3343,classdesc,high
TProvinceDesirabilityList,IProvinceDesirabilityList,(),TProvinceDesirabilityList::IProvinceDesirabilityList(),,cw_symbols.demangled,3344,method,high
TProxyGreatPower,ConsiderWarOfIntervention,"(long, long)","TProxyGreatPower::ConsiderWarOfIntervention(long, long)",,cw_symbols.demangled,3345,method,high
TProxyGreatPower,AddTurnStartEvent,(TTurnStartEvent*),TProxyGreatPower::AddTurnStartEvent(TTurnStartEvent*),,cw_symbols.demangled,3346,method,high
TProxyGreatPower,AccrueInterest,(),TProxyGreatPower::AccrueInterest(),,cw_symbols.demangled,3347,method,high
TProxyGreatPower,ConsiderWarOfAlliance,"(long, long, unsigned char)","TProxyGreatPower::ConsiderWarOfAlliance(long, long, unsigned char)",,cw_symbols.demangled,3348,method,high
TProxyGreatPower,GetClassDescDynamic,() const,TProxyGreatPower::GetClassDescDynamic() const,,cw_symbols.demangled,3349,classdesc,high
TProxyGreatPower,IsClient,() const,TProxyGreatPower::IsClient() const,,cw_symbols.demangled,3350,method,high
TProxyGreatPower,IsRemote,() const,TProxyGreatPower::IsRemote() const,,cw_symbols.demangled,3351,method,high
TProxyGreatPower,ReplyToTradeOffer,"(short, short, short, short)","TProxyGreatPower::ReplyToTradeOffer(short, short, short, short)",,cw_symbols.demangled,3352,method,high
TProxyGreatPower,SetTradePolicyTo,"(short, short)","TProxyGreatPower::SetTradePolicyTo(short, short)",,cw_symbols.demangled,3353,method,high
TProxyGreatPower,ShowDiplomacyNotices,(),TProxyGreatPower::ShowDiplomacyNotices(),,cw_symbols.demangled,3354,method,high
TProxyGreatPower,SorryYouLose,(),TProxyGreatPower::SorryYouLose(),,cw_symbols.demangled,3355,method,high
TProxyGreatPower,StartCityPhase,(),TProxyGreatPower::StartCityPhase(),,cw_symbols.demangled,3356,method,high
TPtrList,_DefaultConstructor,(),TPtrList::_DefaultConstructor(),,cw_symbols.demangled,3357,constructor,high
TPtrList,InsertElementInOrder,(void*),TPtrList::InsertElementInOrder(void*),,cw_symbols.demangled,3358,method,high
TPurchaseCluster,StuffValues,(TProductionOrder*),TPurchaseCluster::StuffValues(TProductionOrder*),,cw_symbols.demangled,3359,method,high
TPurchaseCluster,DoMouseCommand,"(VPoint&, TToolboxEvent*, CPoint)","TPurchaseCluster::DoMouseCommand(VPoint&, TToolboxEvent*, CPoint)",,cw_symbols.demangled,3360,method,high
TPurchaseCluster,GetClassDescDynamic,() const,TPurchaseCluster::GetClassDescDynamic() const,,cw_symbols.demangled,3361,classdesc,high
TPurchaseCluster,GetClassDescStatic,(),TPurchaseCluster::GetClassDescStatic(),,cw_symbols.demangled,3362,classdesc,high
TPurchaseCluster,GetValue,(),TPurchaseCluster::GetValue(),,cw_symbols.demangled,3363,method,high
TPurchaseCluster,SetValue,"(short, unsigned char)","TPurchaseCluster::SetValue(short, unsigned char)",,cw_symbols.demangled,3364,method,high
TPurchaseCluster,TPurchaseCluster,(),TPurchaseCluster::TPurchaseCluster(),,cw_symbols.demangled,3365,constructor,high
TQueryFloater,DoEvent,"(long, TEventHandler*, TEvent*)","TQueryFloater::DoEvent(long, TEventHandler*, TEvent*)",,cw_symbols.demangled,3366,method,high
TQueryFloater,_DefaultConstructor,(),TQueryFloater::_DefaultConstructor(),,cw_symbols.demangled,3367,constructor,high
TQueryFloater,GetClassDescDynamic,() const,TQueryFloater::GetClassDescDynamic() const,,cw_symbols.demangled,3368,classdesc,high
TQuitCommand,DoIt,(),TQuitCommand::DoIt(),,cw_symbols.demangled,3369,method,high
TQuitCommand,GetClassDescDynamic,() const,TQuitCommand::GetClassDescDynamic() const,,cw_symbols.demangled,3370,classdesc,high
TQuitCommand,IQuitCommand,(long),TQuitCommand::IQuitCommand(long),,cw_symbols.demangled,3371,method,high
TQuitCommand,IsReadyToExecute,(),TQuitCommand::IsReadyToExecute(),,cw_symbols.demangled,3372,method,high
TQuitCommand,TQuitCommand,(),TQuitCommand::TQuitCommand(),,cw_symbols.demangled,3373,constructor,high
TRadio,_DefaultConstructor,(),TRadio::_DefaultConstructor(),,cw_symbols.demangled,3374,constructor,high
TRadio,DoEvent,"(long, TEventHandler*, TEvent*)","TRadio::DoEvent(long, TEventHandler*, TEvent*)",,cw_symbols.demangled,3375,method,high
TRadio,GetClassDescDynamic,() const,TRadio::GetClassDescDynamic() const,,cw_symbols.demangled,3376,classdesc,high
TRadio,GetStandardSignature,(),TRadio::GetStandardSignature(),,cw_symbols.demangled,3377,method,high
TRadio,IsOn,(),TRadio::IsOn(),,cw_symbols.demangled,3378,method,high
TRadioPictureButton,DoEvent,"(long, TEventHandler*, TEvent*)","TRadioPictureButton::DoEvent(long, TEventHandler*, TEvent*)",,cw_symbols.demangled,3379,method,high
TRadioPictureButton,SetState,"(unsigned char, unsigned char)","TRadioPictureButton::SetState(unsigned char, unsigned char)",,cw_symbols.demangled,3380,method,high
TRadio,SetState,"(unsigned char, unsigned char)","TRadio::SetState(unsigned char, unsigned char)",,cw_symbols.demangled,3381,method,high
TRadioTextCluster,DoEvent,"(long, TEventHandler*, TEvent*)","TRadioTextCluster::DoEvent(long, TEventHandler*, TEvent*)",,cw_symbols.demangled,3382,method,high
TRadioTextCluster,_DefaultConstructor,(),TRadioTextCluster::_DefaultConstructor(),,cw_symbols.demangled,3383,constructor,high
TRadioTextCluster,Draw,(const VRect&),TRadioTextCluster::Draw(const VRect&),,cw_symbols.demangled,3384,method,high
TRadioTextCluster,GetClassDescDynamic,() const,TRadioTextCluster::GetClassDescDynamic() const,,cw_symbols.demangled,3385,classdesc,high
TRadioTextCluster,Select,"(unsigned long, unsigned char)","TRadioTextCluster::Select(unsigned long, unsigned char)",,cw_symbols.demangled,3386,method,high
TRadioTextCluster,TRadioTextCluster,(),TRadioTextCluster::TRadioTextCluster(),,cw_symbols.demangled,3387,constructor,high
TRadioText,DoPostCreate,(TDocument*),TRadioText::DoPostCreate(TDocument*),,cw_symbols.demangled,3388,method,high
TRadioText,Draw,(const VRect&),TRadioText::Draw(const VRect&),,cw_symbols.demangled,3389,method,high
TRadioText,GetClassDescDynamic,() const,TRadioText::GetClassDescDynamic() const,,cw_symbols.demangled,3390,classdesc,high
TRadioText,Hilite,(),TRadioText::Hilite(),,cw_symbols.demangled,3391,method,high
TRadio,ToggleIf,"(unsigned char, unsigned char)","TRadio::ToggleIf(unsigned char, unsigned char)",,cw_symbols.demangled,3392,method,high
TRadio,Toggle,(unsigned char),TRadio::Toggle(unsigned char),,cw_symbols.demangled,3393,method,high
TRadio,TRadio,(),TRadio::TRadio(),,cw_symbols.demangled,3394,constructor,high
TRadio,WriteFields,(TStream*),TRadio::WriteFields(TStream*),,cw_symbols.demangled,3395,method,high
TRailAmtBar,_DefaultConstructor,(),TRailAmtBar::_DefaultConstructor(),,cw_symbols.demangled,3396,constructor,high
TRailAmtBar,DoPostCreate,(TDocument*),TRailAmtBar::DoPostCreate(TDocument*),,cw_symbols.demangled,3397,method,high
TRailAmtBar,DrawAmt,(),TRailAmtBar::DrawAmt(),,cw_symbols.demangled,3398,method,high
TRailAmtBar,DrawMax,(short),TRailAmtBar::DrawMax(short),,cw_symbols.demangled,3399,method,high
TRailCityMinister,IRailCityMinister,(TGreatPower*),TRailCityMinister::IRailCityMinister(TGreatPower*),,cw_symbols.demangled,3400,method,high
TRailCityMinister,_DefaultConstructor,(),TRailCityMinister::_DefaultConstructor(),,cw_symbols.demangled,3401,constructor,high
TRailCityMinister,FillLists,(),TRailCityMinister::FillLists(),,cw_symbols.demangled,3402,method,high
TRailCityMinister,GetClassDescDynamic,() const,TRailCityMinister::GetClassDescDynamic() const,,cw_symbols.demangled,3403,classdesc,high
TRailCityMinister,TRailCityMinister,(),TRailCityMinister::TRailCityMinister(),,cw_symbols.demangled,3404,constructor,high
TRailCluster,DoPostCreate,(TDocument*),TRailCluster::DoPostCreate(TDocument*),,cw_symbols.demangled,3405,method,high
TRailCluster,GetClassDescDynamic,() const,TRailCluster::GetClassDescDynamic() const,,cw_symbols.demangled,3406,classdesc,high
TRailCluster,GetClassDescStatic,(),TRailCluster::GetClassDescStatic(),,cw_symbols.demangled,3407,classdesc,high
TRailCluster,SetMoveAmount,(short),TRailCluster::SetMoveAmount(short),,cw_symbols.demangled,3408,method,high
TRailCluster,TRailCluster,(),TRailCluster::TRailCluster(),,cw_symbols.demangled,3409,constructor,high
TRailCluster,UpdateMax,(),TRailCluster::UpdateMax(),,cw_symbols.demangled,3410,method,high
TRailheadDialog,_DefaultConstructor,(),TRailheadDialog::_DefaultConstructor(),,cw_symbols.demangled,3411,constructor,high
TRailheadDialog,StuffValues,(TCity*),TRailheadDialog::StuffValues(TCity*),,cw_symbols.demangled,3412,method,high
TrapPatch,GetNewerPatchPtr,(),TrapPatch::GetNewerPatchPtr(),,cw_symbols.demangled,3413,method,high
TrapPatch,GetPreviousPatchPtr,(),TrapPatch::GetPreviousPatchPtr(),,cw_symbols.demangled,3414,method,high
TrapPatch,LookupOldTrapAddress,(short),TrapPatch::LookupOldTrapAddress(short),,cw_symbols.demangled,3415,method,high
TrapPatch,UnpatchAll,(),TrapPatch::UnpatchAll(),,cw_symbols.demangled,3416,method,high
TRCSelectCommand,ComputeNewSelection,(CPoint&),TRCSelectCommand::ComputeNewSelection(CPoint&),,cw_symbols.demangled,3417,method,high
TRCSelectCommand,_DefaultConstructor,(),TRCSelectCommand::_DefaultConstructor(),,cw_symbols.demangled,3418,constructor,high
TRCSelectCommand,GetClassDescDynamic,() const,TRCSelectCommand::GetClassDescDynamic() const,,cw_symbols.demangled,3419,classdesc,high
TRCSelectCommand,TRCSelectCommand,(),TRCSelectCommand::TRCSelectCommand(),,cw_symbols.demangled,3420,constructor,high
TRearFloatWindow,_DefaultConstructor,(),TRearFloatWindow::_DefaultConstructor(),,cw_symbols.demangled,3421,constructor,high
TRearFloatWindow,HandleMouseDown,"(const VPoint&, TToolboxEvent*, CPoint)","TRearFloatWindow::HandleMouseDown(const VPoint&, TToolboxEvent*, CPoint)",,cw_symbols.demangled,3422,method,high
TRearFloatWindow,GetClassDescDynamic,() const,TRearFloatWindow::GetClassDescDynamic() const,,cw_symbols.demangled,3423,classdesc,high
TRearFloatWindow,TRearFloatWindow,(),TRearFloatWindow::TRearFloatWindow(),,cw_symbols.demangled,3424,constructor,high
TRelationshipDialog,Close,(),TRelationshipDialog::Close(),,cw_symbols.demangled,3425,method,high
TRelationshipDialog,GetClassDescDynamic,() const,TRelationshipDialog::GetClassDescDynamic() const,,cw_symbols.demangled,3426,classdesc,high
TRelationshipDialog,GetClassDescStatic,(),TRelationshipDialog::GetClassDescStatic(),,cw_symbols.demangled,3427,classdesc,high
TRelationshipDialog,StuffValues,(),TRelationshipDialog::StuffValues(),,cw_symbols.demangled,3428,method,high
TRemoteGreatPower,InitializeDiplomacyOffers,(),TRemoteGreatPower::InitializeDiplomacyOffers(),,cw_symbols.demangled,3429,method,high
TRemoteGreatPower,TellColoniesAboutNewEnemy,(long),TRemoteGreatPower::TellColoniesAboutNewEnemy(long),,cw_symbols.demangled,3430,method,high
TRemoteGreatPower,CalculateDefensiveNeeds,(),TRemoteGreatPower::CalculateDefensiveNeeds(),,cw_symbols.demangled,3431,method,high
TRemoteGreatPower,_DefaultConstructor,(),TRemoteGreatPower::_DefaultConstructor(),,cw_symbols.demangled,3432,constructor,high
TRemoteGreatPower,DoMovePhase,(),TRemoteGreatPower::DoMovePhase(),,cw_symbols.demangled,3433,method,high
TRemoteGreatPower,EndTradePhase,(),TRemoteGreatPower::EndTradePhase(),,cw_symbols.demangled,3434,method,high
TRemoteGreatPower,FinishCityPhase,(),TRemoteGreatPower::FinishCityPhase(),,cw_symbols.demangled,3435,method,high
TRemoteGreatPower,FinishDiplomacyPhase,(),TRemoteGreatPower::FinishDiplomacyPhase(),,cw_symbols.demangled,3436,method,high
TRemoteGreatPower,GetClassDescDynamic,() const,TRemoteGreatPower::GetClassDescDynamic() const,,cw_symbols.demangled,3437,classdesc,high
TRemoteGreatPower,IsRemote,() const,TRemoteGreatPower::IsRemote() const,,cw_symbols.demangled,3438,method,high
TRemoteGreatPower,PlopDownCity,"(short, const char*)","TRemoteGreatPower::PlopDownCity(short, const char*)",,cw_symbols.demangled,3439,method,high
TRemoteGreatPower,PrepareMovePhase,(),TRemoteGreatPower::PrepareMovePhase(),,cw_symbols.demangled,3440,method,high
TRemoteGreatPower,ReassessMissions,(short),TRemoteGreatPower::ReassessMissions(short),,cw_symbols.demangled,3441,method,high
TRemoteGreatPower,SetCityPolicies,(),TRemoteGreatPower::SetCityPolicies(),,cw_symbols.demangled,3442,method,high
TRemoteGreatPower,SetDiplomacyPolicies,(),TRemoteGreatPower::SetDiplomacyPolicies(),,cw_symbols.demangled,3443,method,high
TRemoteGreatPower,SetEnemy,(long),TRemoteGreatPower::SetEnemy(long),,cw_symbols.demangled,3444,method,high
TRemoteMinor,GetClassDescDynamic,() const,TRemoteMinor::GetClassDescDynamic() const,,cw_symbols.demangled,3445,classdesc,high
TRemoteMinor,IsRemote,() const,TRemoteMinor::IsRemote() const,,cw_symbols.demangled,3446,method,high
TRemoteMinor,PurchaseItem,"(short, short, short)","TRemoteMinor::PurchaseItem(short, short, short)",,cw_symbols.demangled,3447,method,high
TResizeIconAdorner,_DefaultConstructor,(),TResizeIconAdorner::_DefaultConstructor(),,cw_symbols.demangled,3448,constructor,high
TResizeIconAdorner,=.DoHighlightSelection,"(TView*, const VRect&, char, char)","TResizeIconAdorner::=.DoHighlightSelection(TView*, const VRect&, char, char)",,cw_symbols.demangled,3449,method,high
TResizeIconAdorner,GetClassDescStatic,(),TResizeIconAdorner::GetClassDescStatic(),,cw_symbols.demangled,3450,classdesc,high
TResizeIconAdorner,IResizeIconAdorner,(),TResizeIconAdorner::IResizeIconAdorner(),,cw_symbols.demangled,3451,method,high
TResizeIconAdorner,TResizeIconAdorner,(),TResizeIconAdorner::TResizeIconAdorner(),,cw_symbols.demangled,3452,constructor,high
TResourceStream,_DefaultConstructor,(),TResourceStream::_DefaultConstructor(),,cw_symbols.demangled,3453,constructor,high
TResourceStream,GetPosition,(),TResourceStream::GetPosition(),,cw_symbols.demangled,3454,method,high
TResourceStream,GetSize,(),TResourceStream::GetSize(),,cw_symbols.demangled,3455,method,high
TResourceStream,ReadBytes,"(void*, long)","TResourceStream::ReadBytes(void*, long)",,cw_symbols.demangled,3456,method,high
TResourceStream,SetPosition,(long),TResourceStream::SetPosition(long),,cw_symbols.demangled,3457,method,high
TResourceStream,SetSize,(long),TResourceStream::SetSize(long),,cw_symbols.demangled,3458,method,high
TResourceStream,WriteBytes,"(const void*, long)","TResourceStream::WriteBytes(const void*, long)",,cw_symbols.demangled,3459,method,high
TRevertDocCommand,IRevertDocCommand,"(long, TDocument*)","TRevertDocCommand::IRevertDocCommand(long, TDocument*)",,cw_symbols.demangled,3460,method,high
TRevertDocCommand,_DefaultConstructor,(),TRevertDocCommand::_DefaultConstructor(),,cw_symbols.demangled,3461,constructor,high
TRevertDocCommand,DoIt,(),TRevertDocCommand::DoIt(),,cw_symbols.demangled,3462,method,high
TRevertDocCommand,GetClassDescDynamic,() const,TRevertDocCommand::GetClassDescDynamic() const,,cw_symbols.demangled,3463,classdesc,high
TRevertDocCommand,TRevertDocCommand,(),TRevertDocCommand::TRevertDocCommand(),,cw_symbols.demangled,3464,constructor,high
TRightLeftView,_DefaultConstructor,(),TRightLeftView::_DefaultConstructor(),,cw_symbols.demangled,3465,constructor,high
TRightLeftView,TrackMouse,"(TrackPhase, VPoint&, VPoint&, VPoint&, unsigned char)","TRightLeftView::TrackMouse(TrackPhase, VPoint&, VPoint&, VPoint&, unsigned char)",,cw_symbols.demangled,3466,method,high
TRightLeftView,GetClassDescDynamic,() const,TRightLeftView::GetClassDescDynamic() const,,cw_symbols.demangled,3467,classdesc,high
TRightLeftView,TRightLeftView,(),TRightLeftView::TRightLeftView(),,cw_symbols.demangled,3468,constructor,high
TRowSelectCommand,ComputeAnchorCell,(CPoint&),TRowSelectCommand::ComputeAnchorCell(CPoint&),,cw_symbols.demangled,3469,method,high
TRowSelectCommand,_DefaultConstructor,(),TRowSelectCommand::_DefaultConstructor(),,cw_symbols.demangled,3470,constructor,high
TRowSelectCommand,GetClassDescDynamic,() const,TRowSelectCommand::GetClassDescDynamic() const,,cw_symbols.demangled,3471,classdesc,high
TRowSelectCommand,TRowSelectCommand,(),TRowSelectCommand::TRowSelectCommand(),,cw_symbols.demangled,3472,constructor,high
TRRectAdorner,_DefaultConstructor,(),TRRectAdorner::_DefaultConstructor(),,cw_symbols.demangled,3473,constructor,high
TRRectAdorner,GetClassDescDynamic,() const,TRRectAdorner::GetClassDescDynamic() const,,cw_symbols.demangled,3474,classdesc,high
TRRectAdorner,GetStandardSignature,(),TRRectAdorner::GetStandardSignature(),,cw_symbols.demangled,3475,method,high
TRRectAdorner,TRRectAdorner,(),TRRectAdorner::TRRectAdorner(),,cw_symbols.demangled,3476,constructor,high
TRunArray,DeleteItems,"(short, short)","TRunArray::DeleteItems(short, short)",,cw_symbols.demangled,3477,method,high
TRunArray,FindItem,(long),TRunArray::FindItem(long),,cw_symbols.demangled,3478,method,high
TRunArray,Free,(),TRunArray::Free(),,cw_symbols.demangled,3479,method,high
TRunArray,GetClassDescDynamic,() const,TRunArray::GetClassDescDynamic() const,,cw_symbols.demangled,3480,classdesc,high
TRunArray,GetValue,(short),TRunArray::GetValue(short),,cw_symbols.demangled,3481,method,high
TRunArray,InsertItems,"(short, short, short)","TRunArray::InsertItems(short, short, short)",,cw_symbols.demangled,3482,method,high
TRunArray,IRunArray,(),TRunArray::IRunArray(),,cw_symbols.demangled,3483,method,high
TRunArray,SumValues,"(short, short)","TRunArray::SumValues(short, short)",,cw_symbols.demangled,3484,method,high
TRunArray,TRunArray,(),TRunArray::TRunArray(),,cw_symbols.demangled,3485,constructor,high
TSaveDocCommand,ISaveDocCommand,"(long, TDocument*)","TSaveDocCommand::ISaveDocCommand(long, TDocument*)",,cw_symbols.demangled,3486,method,high
TSaveDocCommand,_DefaultConstructor,(),TSaveDocCommand::_DefaultConstructor(),,cw_symbols.demangled,3487,constructor,high
TScatteredShipsMission,CalculateImportance,(),TScatteredShipsMission::CalculateImportance(),,cw_symbols.demangled,3488,method,high
TScatteredShipsMission,_DefaultConstructor,(),TScatteredShipsMission::_DefaultConstructor(),,cw_symbols.demangled,3489,constructor,high
TScatteredShipsMission,GetClassDescDynamic,() const,TScatteredShipsMission::GetClassDescDynamic() const,,cw_symbols.demangled,3490,classdesc,high
TScatteredShipsMission,IsDefensiveSeaZoneMission,() const,TScatteredShipsMission::IsDefensiveSeaZoneMission() const,,cw_symbols.demangled,3491,method,high
TScatteredShipsMission,CalculateNeeds,(),TScatteredShipsMission::CalculateNeeds(),,cw_symbols.demangled,3492,method,high
TScatteredShipsMission,CalculatePriority,(),TScatteredShipsMission::CalculatePriority(),,cw_symbols.demangled,3493,method,high
TScatteredShipsMission,GiveOrders,(),TScatteredShipsMission::GiveOrders(),,cw_symbols.demangled,3494,method,high
TScatteredShipsMission,Initialize,(),TScatteredShipsMission::Initialize(),,cw_symbols.demangled,3495,method,high
TScatteredShipsMission,IsHospitalMission,() const,TScatteredShipsMission::IsHospitalMission() const,,cw_symbols.demangled,3496,method,high
TScatteredShipsMission:,Matches,"(eMissionType, long, TZone*) const","TScatteredShipsMission:::Matches(eMissionType, long, TZone*) const",,cw_symbols.demangled,3497,method,high
TScatteredShipsMission,Plan,(),TScatteredShipsMission::Plan(),,cw_symbols.demangled,3498,method,high
TScatteredShipsMission,Reassess,(),TScatteredShipsMission::Reassess(),,cw_symbols.demangled,3499,method,high
TScenarioChooser,DoKeyEvent,(TToolboxEvent*),TScenarioChooser::DoKeyEvent(TToolboxEvent*),,cw_symbols.demangled,3500,method,high
TScenarioChooser,ExitScreen,(),TScenarioChooser::ExitScreen(),,cw_symbols.demangled,3501,method,high
TScenarioChooser,Free,(),TScenarioChooser::Free(),,cw_symbols.demangled,3502,method,high
TScenarioChooser,GetClassDescDynamic,() const,TScenarioChooser::GetClassDescDynamic() const,,cw_symbols.demangled,3503,classdesc,high
TScenarioChooser,ShowInfo,(int),TScenarioChooser::ShowInfo(int),,cw_symbols.demangled,3504,method,high
TScenarioChooser,StartGame,(),TScenarioChooser::StartGame(),,cw_symbols.demangled,3505,method,high
TScoreGraph,_DefaultConstructor,(),TScoreGraph::_DefaultConstructor(),,cw_symbols.demangled,3506,constructor,high
TScoreGraph,DoPostCreate,(TDocument*),TScoreGraph::DoPostCreate(TDocument*),,cw_symbols.demangled,3507,method,high
TScoreGraph,Draw,(const VRect&),TScoreGraph::Draw(const VRect&),,cw_symbols.demangled,3508,method,high
TScrollBar,ActionProc,(short),TScrollBar::ActionProc(short),,cw_symbols.demangled,3509,method,high
TScrollBar,DeltaValue,(long),TScrollBar::DeltaValue(long),,cw_symbols.demangled,3510,method,high
TScrollBar,=.DoMouseCommand,"(VPoint&, TToolboxEvent*, CPoint)","TScrollBar::=.DoMouseCommand(VPoint&, TToolboxEvent*, CPoint)",,cw_symbols.demangled,3511,method,high
TScrollBar,GetClassDescDynamic,() const,TScrollBar::GetClassDescDynamic() const,,cw_symbols.demangled,3512,classdesc,high
TScrollBar,GetClassDescStatic,(),TScrollBar::GetClassDescStatic(),,cw_symbols.demangled,3513,classdesc,high
TScrollBar,GetStandardSignature,(),TScrollBar::GetStandardSignature(),,cw_symbols.demangled,3514,method,high
TScrollBar,ReadFields,(TStream*),TScrollBar::ReadFields(TStream*),,cw_symbols.demangled,3515,method,high
TScrollBar,TrackScrollBar,(short),TScrollBar::TrackScrollBar(short),,cw_symbols.demangled,3516,method,high
TScrollBar,TScrollBar,(),TScrollBar::TScrollBar(),,cw_symbols.demangled,3517,constructor,high
TScrollBarView,DoEvent,"(long, TEventHandler*, TEvent*)","TScrollBarView::DoEvent(long, TEventHandler*, TEvent*)",,cw_symbols.demangled,3518,method,high
TScrollBarView,DoMouseCommand,"(VPoint&, TToolboxEvent*, CPoint)","TScrollBarView::DoMouseCommand(VPoint&, TToolboxEvent*, CPoint)",,cw_symbols.demangled,3519,method,high
TScrollBarView,_DefaultConstructor,(),TScrollBarView::_DefaultConstructor(),,cw_symbols.demangled,3520,constructor,high
TScrollBarView,DoPostCreate,(TDocument*),TScrollBarView::DoPostCreate(TDocument*),,cw_symbols.demangled,3521,method,high
TScrollBarView,Draw,(const VRect&),TScrollBarView::Draw(const VRect&),,cw_symbols.demangled,3522,method,high
TScrollBarView,TrackMouse,"(TrackPhase, VPoint&, VPoint&, VPoint&, unsigned char)","TScrollBarView::TrackMouse(TrackPhase, VPoint&, VPoint&, VPoint&, unsigned char)",,cw_symbols.demangled,3523,method,high
TScrollBarView,Free,(),TScrollBarView::Free(),,cw_symbols.demangled,3524,method,high
TScrollBarView,GetClassDescDynamic,() const,TScrollBarView::GetClassDescDynamic() const,,cw_symbols.demangled,3525,classdesc,high
TScrollBarView,;.IScrollBarView,"(TView*, const VPoint&, const VPoint&)","TScrollBarView::;.IScrollBarView(TView*, const VPoint&, const VPoint&)",,cw_symbols.demangled,3526,method,high
TScrollBarView,SetThumb,"(int, unsigned char)","TScrollBarView::SetThumb(int, unsigned char)",,cw_symbols.demangled,3527,method,high
TScrollBar,IScrollBar,"(TView*, const VPoint&, const VPoint&, SizeDeterminer, SizeDeterminer, signed char, long, long, long)","TScrollBar::IScrollBar(TView*, const VPoint&, const VPoint&, SizeDeterminer, SizeDeterminer, signed char, long, long, long)",,cw_symbols.demangled,3528,method,high
TScroller,AddSubView,(TView*),TScroller::AddSubView(TView*),,cw_symbols.demangled,3529,method,high
TScroller,AdjustScrollBars,(unsigned char),TScroller::AdjustScrollBars(unsigned char),,cw_symbols.demangled,3530,method,high
TScroller,AutoScroll,"(const VPoint&, VPoint&)","TScroller::AutoScroll(const VPoint&, VPoint&)",,cw_symbols.demangled,3531,method,high
TScrollerButton,_DefaultConstructor,(),TScrollerButton::_DefaultConstructor(),,cw_symbols.demangled,3532,constructor,high
TScrollerButton,TrackMouse,"(TrackPhase, VPoint&, VPoint&, VPoint&, unsigned char)","TScrollerButton::TrackMouse(TrackPhase, VPoint&, VPoint&, VPoint&, unsigned char)",,cw_symbols.demangled,3533,method,high
TScrollerButton,GetClassDescDynamic,() const,TScrollerButton::GetClassDescDynamic() const,,cw_symbols.demangled,3534,classdesc,high
TScroller,Clone,(),TScroller::Clone(),,cw_symbols.demangled,3535,method,high
TScroller,CreateScrollBar,(signed char),TScroller::CreateScrollBar(signed char),,cw_symbols.demangled,3536,method,high
TScroller,DoKeyEvent,(TToolboxEvent*),TScroller::DoKeyEvent(TToolboxEvent*),,cw_symbols.demangled,3537,method,high
TScroller,DoPostCreate,(TDocument*),TScroller::DoPostCreate(TDocument*),,cw_symbols.demangled,3538,method,high
TScroller,DoScroll,"(const VPoint&, unsigned char)","TScroller::DoScroll(const VPoint&, unsigned char)",,cw_symbols.demangled,3539,method,high
TScroller,Free,(),TScroller::Free(),,cw_symbols.demangled,3540,method,high
TScroller,GetClassDescDynamic,() const,TScroller::GetClassDescDynamic() const,,cw_symbols.demangled,3541,classdesc,high
TScroller,GetClassDescStatic,(),TScroller::GetClassDescStatic(),,cw_symbols.demangled,3542,classdesc,high
TScroller,GetScroller,(unsigned char),TScroller::GetScroller(unsigned char),,cw_symbols.demangled,3543,method,high
TScroller,GetStandardSignature,(),TScroller::GetStandardSignature(),,cw_symbols.demangled,3544,method,high
TScroller,].IScroller,"(TView*, const VPoint&, const VPoint&, SizeDeterminer, SizeDeterminer, const VPoint&, unsigned char, unsigned char)","TScroller::].IScroller(TView*, const VPoint&, const VPoint&, SizeDeterminer, SizeDeterminer, const VPoint&, unsigned char, unsigned char)",,cw_symbols.demangled,3545,method,high
TScroller,ReadFields,(TStream*),TScroller::ReadFields(TStream*),,cw_symbols.demangled,3546,method,high
TScroller,RevealRect,"(const VRect&, const VPoint&, unsigned char)","TScroller::RevealRect(const VRect&, const VPoint&, unsigned char)",,cw_symbols.demangled,3547,method,high
TScrollerScrollBar,AttachScroller,(TScroller*),TScrollerScrollBar::AttachScroller(TScroller*),,cw_symbols.demangled,3548,method,high
TScrollerScrollBar,_DefaultConstructor,(),TScrollerScrollBar::_DefaultConstructor(),,cw_symbols.demangled,3549,constructor,high
TScrollerScrollBar,DoMouseCommand,"(VPoint&, TToolboxEvent*, CPoint)","TScrollerScrollBar::DoMouseCommand(VPoint&, TToolboxEvent*, CPoint)",,cw_symbols.demangled,3550,method,high
TScrollerScrollBar,Free,(),TScrollerScrollBar::Free(),,cw_symbols.demangled,3551,method,high
TScrollerScrollBar,GetClassDescStatic,(),TScrollerScrollBar::GetClassDescStatic(),,cw_symbols.demangled,3552,classdesc,high
TScrollerScrollBar,IScrollerScrollBar,"(TView*, const VPoint&, const VPoint&, SizeDeterminer, SizeDeterminer, signed char, long, TScroller*)","TScrollerScrollBar::IScrollerScrollBar(TView*, const VPoint&, const VPoint&, SizeDeterminer, SizeDeterminer, signed char, long, TScroller*)",,cw_symbols.demangled,3553,method,high
TScrollerScrollBar,ReadFields,(TStream*),TScrollerScrollBar::ReadFields(TStream*),,cw_symbols.demangled,3554,method,high
TScrollerScrollBar,TrackScrollBar,(short),TScrollerScrollBar::TrackScrollBar(short),,cw_symbols.demangled,3555,method,high
TScrollerScrollBar,TScrollerScrollBar,(),TScrollerScrollBar::TScrollerScrollBar(),,cw_symbols.demangled,3556,constructor,high
TScrollerScrollBar,WriteFields,(TStream*),TScrollerScrollBar::WriteFields(TStream*),,cw_symbols.demangled,3557,method,high
TScroller,ScrollBy,"(const VPoint&, unsigned char)","TScroller::ScrollBy(const VPoint&, unsigned char)",,cw_symbols.demangled,3558,method,high
TScroller,ScrollDraw,"(const VPoint&, unsigned char)","TScroller::ScrollDraw(const VPoint&, unsigned char)",,cw_symbols.demangled,3559,method,high
TScroller,ScrollRelative,"(signed char, long)","TScroller::ScrollRelative(signed char, long)",,cw_symbols.demangled,3560,method,high
TScroller,ScrollStep,"(signed char, short)","TScroller::ScrollStep(signed char, short)",,cw_symbols.demangled,3561,method,high
TScroller,SetFrame,"(const VRect&, unsigned char)","TScroller::SetFrame(const VRect&, unsigned char)",,cw_symbols.demangled,3562,method,high
TScroller,SetLocalOrigin,"(const VPoint&, unsigned char)","TScroller::SetLocalOrigin(const VPoint&, unsigned char)",,cw_symbols.demangled,3563,method,high
TScroller,SetScrollLimits,"(const VPoint&, unsigned char)","TScroller::SetScrollLimits(const VPoint&, unsigned char)",,cw_symbols.demangled,3564,method,high
TScroller,TScroller,(),TScroller::TScroller(),,cw_symbols.demangled,3565,constructor,high
TScrollView,IScrollView,"(TView*, const VPoint&, const VPoint&)","TScrollView::IScrollView(TView*, const VPoint&, const VPoint&)",,cw_symbols.demangled,3566,method,high
TScrollView,_DefaultConstructor,(),TScrollView::_DefaultConstructor(),,cw_symbols.demangled,3567,constructor,high
TScrollView,DoPostCreate,(TDocument*),TScrollView::DoPostCreate(TDocument*),,cw_symbols.demangled,3568,method,high
TScrollView,GetClassDescDynamic,() const,TScrollView::GetClassDescDynamic() const,,cw_symbols.demangled,3569,classdesc,high
TScrollView,Reset,(),TScrollView::Reset(),,cw_symbols.demangled,3570,method,high
TScrollView,ScrollOnce,(int),TScrollView::ScrollOnce(int),,cw_symbols.demangled,3571,method,high
TScrollView,ScrollPage,(int),TScrollView::ScrollPage(int),,cw_symbols.demangled,3572,method,high
TScrollView,ScrollRelative,"(short, short)","TScrollView::ScrollRelative(short, short)",,cw_symbols.demangled,3573,method,high
TScrollView,ScrollToPercent,(int),TScrollView::ScrollToPercent(int),,cw_symbols.demangled,3574,method,high
TSelectionAdorner,_DefaultConstructor,(),TSelectionAdorner::_DefaultConstructor(),,cw_symbols.demangled,3575,constructor,high
TSelectionAdorner,GetClassDescDynamic,() const,TSelectionAdorner::GetClassDescDynamic() const,,cw_symbols.demangled,3576,classdesc,high
TSelectionAdorner,GetClassDescStatic,(),TSelectionAdorner::GetClassDescStatic(),,cw_symbols.demangled,3577,classdesc,high
TSelectionAdorner,GetStandardSignature,(),TSelectionAdorner::GetStandardSignature(),,cw_symbols.demangled,3578,method,high
TSelectionAdorner,ISelectionAdorner,(),TSelectionAdorner::ISelectionAdorner(),,cw_symbols.demangled,3579,method,high
TSelectionAdorner,TSelectionAdorner,(),TSelectionAdorner::TSelectionAdorner(),,cw_symbols.demangled,3580,constructor,high
TSelectoText,_DefaultConstructor,(),TSelectoText::_DefaultConstructor(),,cw_symbols.demangled,3581,constructor,high
TSelectoText,GetClassDescDynamic,() const,TSelectoText::GetClassDescDynamic() const,,cw_symbols.demangled,3582,classdesc,high
TSelectoText,Hilite,(),TSelectoText::Hilite(),,cw_symbols.demangled,3583,method,high
TServerCommand,_DefaultConstructor,(),TServerCommand::_DefaultConstructor(),,cw_symbols.demangled,3584,constructor,high
TServerCommand,GetClassDescDynamic,() const,TServerCommand::GetClassDescDynamic() const,,cw_symbols.demangled,3585,classdesc,high
TServerCommand,Process,(),TServerCommand::Process(),,cw_symbols.demangled,3586,method,high
TServerCommand,ReportError,"(short, long)","TServerCommand::ReportError(short, long)",,cw_symbols.demangled,3587,method,high
TServerCommand,TServerCommand,(),TServerCommand::TServerCommand(),,cw_symbols.demangled,3588,constructor,high
TSetupRandomMapPicture,_DefaultConstructor,(),TSetupRandomMapPicture::_DefaultConstructor(),,cw_symbols.demangled,3589,constructor,high
TSetupRandomMapPicture,GetClassDescDynamic,() const,TSetupRandomMapPicture::GetClassDescDynamic() const,,cw_symbols.demangled,3590,classdesc,high
TSetupRandomMapPicture,DoPostCreate,(TDocument*),TSetupRandomMapPicture::DoPostCreate(TDocument*),,cw_symbols.demangled,3591,method,high
TSetupRandomMapPicture,GroundControlToMajorTom,(unsigned char),TSetupRandomMapPicture::GroundControlToMajorTom(unsigned char),,cw_symbols.demangled,3592,method,high
TSetupRandomMapPicture,MajorTomToGroundControl,(unsigned char),TSetupRandomMapPicture::MajorTomToGroundControl(unsigned char),,cw_symbols.demangled,3593,method,high
TSetupRandomMapPicture,ExitScreen,(),TSetupRandomMapPicture::ExitScreen(),,cw_symbols.demangled,3594,method,high
TSetupRandomMapPicture,GetClassDescStatic,(),TSetupRandomMapPicture::GetClassDescStatic(),,cw_symbols.demangled,3595,classdesc,high
TSetupRandomMapPicture,PickCountry,(short),TSetupRandomMapPicture::PickCountry(short),,cw_symbols.demangled,3596,method,high
TSetupRandomMapPicture,RecheckCountryName,(),TSetupRandomMapPicture::RecheckCountryName(),,cw_symbols.demangled,3597,method,high
TSetupRandomMapPicture,SpinYourGlobe,(),TSetupRandomMapPicture::SpinYourGlobe(),,cw_symbols.demangled,3598,method,high
TShadowedFrameAdorner,GetClassDescDynamic,() const,TShadowedFrameAdorner::GetClassDescDynamic() const,,cw_symbols.demangled,3599,classdesc,high
TShadowedFrameAdorner,GetStandardSignature,(),TShadowedFrameAdorner::GetStandardSignature(),,cw_symbols.demangled,3600,method,high
TShadowedFrameAdorner,_DefaultConstructor,(),TShadowedFrameAdorner::_DefaultConstructor(),,cw_symbols.demangled,3601,constructor,high
TShip,ComputeValueForMission,(eNavyMissionType) const,TShip::ComputeValueForMission(eNavyMissionType) const,,cw_symbols.demangled,3602,method,high
TShipAmtBar,_DefaultConstructor,(),TShipAmtBar::_DefaultConstructor(),,cw_symbols.demangled,3603,constructor,high
TShipAmtBar,DoPostCreate,(TDocument*),TShipAmtBar::DoPostCreate(TDocument*),,cw_symbols.demangled,3604,method,high
TShipAmtBar,DrawAmt,(),TShipAmtBar::DrawAmt(),,cw_symbols.demangled,3605,method,high
TShipBuilderCityMinister,GetClassDescDynamic,() const,TShipBuilderCityMinister::GetClassDescDynamic() const,,cw_symbols.demangled,3606,classdesc,high
TShipBuilderCityMinister,IShipBuilderCityMinister,(TGreatPower*),TShipBuilderCityMinister::IShipBuilderCityMinister(TGreatPower*),,cw_symbols.demangled,3607,method,high
TShipBuilderCityMinister,FillLists,(),TShipBuilderCityMinister::FillLists(),,cw_symbols.demangled,3608,method,high
TShipBuildingTask,IShipBuildingTask,"(short, TCity*, short)","TShipBuildingTask::IShipBuildingTask(short, TCity*, short)",,cw_symbols.demangled,3609,method,high
TShipBuildingTask,_DefaultConstructor,(),TShipBuildingTask::_DefaultConstructor(),,cw_symbols.demangled,3610,constructor,high
TShipBuildingTask,Execute,(TTaskList*),TShipBuildingTask::Execute(TTaskList*),,cw_symbols.demangled,3611,method,high
TShipBuildingTask,GetClassDescDynamic,() const,TShipBuildingTask::GetClassDescDynamic() const,,cw_symbols.demangled,3612,classdesc,high
TShipBuildingTask,ReadFrom,(TStream*),TShipBuildingTask::ReadFrom(TStream*),,cw_symbols.demangled,3613,method,high
TShipBuildingTask,TShipBuildingTask,(),TShipBuildingTask::TShipBuildingTask(),,cw_symbols.demangled,3614,constructor,high
TShipBuildingTask,WriteTo,(TStream*),TShipBuildingTask::WriteTo(TStream*),,cw_symbols.demangled,3615,method,high
TShip,Capture,(short),TShip::Capture(short),,cw_symbols.demangled,3616,method,high
TShip,Damage,(short),TShip::Damage(short),,cw_symbols.demangled,3617,method,high
TShip,DemandExclusiveTaskForce,(),TShip::DemandExclusiveTaskForce(),,cw_symbols.demangled,3618,method,high
TShip,Finest,"(TShip*, unsigned char)","TShip::Finest(TShip*, unsigned char)",,cw_symbols.demangled,3619,method,high
TShipFractionCluster,DoPostCreate,(TDocument*),TShipFractionCluster::DoPostCreate(TDocument*),,cw_symbols.demangled,3620,method,high
TShipFractionCluster,GetClassDescDynamic,() const,TShipFractionCluster::GetClassDescDynamic() const,,cw_symbols.demangled,3621,classdesc,high
TShipFractionCluster,Less,(unsigned char),TShipFractionCluster::Less(unsigned char),,cw_symbols.demangled,3622,method,high
TShipFractionCluster,More,(unsigned char),TShipFractionCluster::More(unsigned char),,cw_symbols.demangled,3623,method,high
TShipFractionCluster,Set,"(int, int)","TShipFractionCluster::Set(int, int)",,cw_symbols.demangled,3624,method,high
TShip,Free,(),TShip::Free(),,cw_symbols.demangled,3625,method,high
TShip,GetArmorFactor,() const,TShip::GetArmorFactor() const,,cw_symbols.demangled,3626,method,high
TShip,GetAttribute,(eNavyAttribute) const,TShip::GetAttribute(eNavyAttribute) const,,cw_symbols.demangled,3627,method,high
TShip,GetBattleSpeed,() const,TShip::GetBattleSpeed() const,,cw_symbols.demangled,3628,method,high
TShip,GetBattleStrengthRating,() const,TShip::GetBattleStrengthRating() const,,cw_symbols.demangled,3629,method,high
TShip,GetClassDescDynamic,() const,TShip::GetClassDescDynamic() const,,cw_symbols.demangled,3630,classdesc,high
TShip,GetFirepower,() const,TShip::GetFirepower() const,,cw_symbols.demangled,3631,method,high
TShip,GetFirst,(),TShip::GetFirst(),,cw_symbols.demangled,3632,method,high
TShip,GetIndex,() const,TShip::GetIndex() const,,cw_symbols.demangled,3633,method,high
TShip,GetInvasionCapacity,() const,TShip::GetInvasionCapacity() const,,cw_symbols.demangled,3634,method,high
TShip,GetMaxStrength,() const,TShip::GetMaxStrength() const,,cw_symbols.demangled,3635,method,high
TShip,GetNth,(short),TShip::GetNth(short),,cw_symbols.demangled,3636,method,high
TShip,GetRange,() const,TShip::GetRange() const,,cw_symbols.demangled,3637,method,high
TShip,GetSpeed,() const,TShip::GetSpeed() const,,cw_symbols.demangled,3638,method,high
TShip,GetStudliness,() const,TShip::GetStudliness() const,,cw_symbols.demangled,3639,method,high
TShip,GetToolbarSlot,() const,TShip::GetToolbarSlot() const,,cw_symbols.demangled,3640,method,high
TShip,GetTurnDistanceTo,(TZone*) const,TShip::GetTurnDistanceTo(TZone*) const,,cw_symbols.demangled,3641,method,high
TShip,GetTypeArmor,(short),TShip::GetTypeArmor(short),,cw_symbols.demangled,3642,method,high
TShip,GetTypeArmsCarried,(short),TShip::GetTypeArmsCarried(short),,cw_symbols.demangled,3643,method,high
TShip,GetTypeAttribute,"(eNavyAttribute, short)","TShip::GetTypeAttribute(eNavyAttribute, short)",,cw_symbols.demangled,3644,method,high
TShip,GetTypeBattleRange,(short),TShip::GetTypeBattleRange(short),,cw_symbols.demangled,3645,method,high
TShip,GetTypeBattleSpeed,(short),TShip::GetTypeBattleSpeed(short),,cw_symbols.demangled,3646,method,high
TShip,GetTypeCargoHold,(short),TShip::GetTypeCargoHold(short),,cw_symbols.demangled,3647,method,high
TShip,GetTypeDescription,"(CStr255&, short, short)","TShip::GetTypeDescription(CStr255&, short, short)",,cw_symbols.demangled,3648,method,high
TShip,GetTypeFirepower,(short),TShip::GetTypeFirepower(short),,cw_symbols.demangled,3649,method,high
TShip,GetTypeHullPoints,(short),TShip::GetTypeHullPoints(short),,cw_symbols.demangled,3650,method,high
TShip,GetTypeSailingSpeed,(short),TShip::GetTypeSailingSpeed(short),,cw_symbols.demangled,3651,method,high
TShip,GetTypeStat,"(short, short)","TShip::GetTypeStat(short, short)",,cw_symbols.demangled,3652,method,high
TShip,GetTypeStrategicRange,(short),TShip::GetTypeStrategicRange(short),,cw_symbols.demangled,3653,method,high
TShip,IShip,"(short, TZone*, short, const char*)","TShip::IShip(short, TZone*, short, const char*)",,cw_symbols.demangled,3654,method,high
TShip,IsInHomePort,() const,TShip::IsInHomePort() const,,cw_symbols.demangled,3655,method,high
TShip,LaunchShip,"(short, TZone*, short, const char*)","TShip::LaunchShip(short, TZone*, short, const char*)",,cw_symbols.demangled,3656,method,high
TShipLine,IShipLine,"(short, short, VPoint&, TShipNode*, TTaskForce*)","TShipLine::IShipLine(short, short, VPoint&, TShipNode*, TTaskForce*)",,cw_symbols.demangled,3657,method,high
TShipLine,_DefaultConstructor,(),TShipLine::_DefaultConstructor(),,cw_symbols.demangled,3658,constructor,high
TShipLine,GetClassDescDynamic,() const,TShipLine::GetClassDescDynamic() const,,cw_symbols.demangled,3659,classdesc,high
TShipLine,InstallViews,"(TView*, VPoint&)","TShipLine::InstallViews(TView*, VPoint&)",,cw_symbols.demangled,3660,method,high
TShip,ModByExp,(int) const,TShip::ModByExp(int) const,,cw_symbols.demangled,3661,method,high
TShip,MoveTo,(TZone*),TShip::MoveTo(TZone*),,cw_symbols.demangled,3662,method,high
TShip,NameThyself,(),TShip::NameThyself(),,cw_symbols.demangled,3663,method,high
TShipNode,AddHead,(TShip*),TShipNode::AddHead(TShip*),,cw_symbols.demangled,3664,method,high
TShipNode,MarkAll,(unsigned char),TShipNode::MarkAll(unsigned char),,cw_symbols.demangled,3665,method,high
TShipNode,Remove,(),TShipNode::Remove(),,cw_symbols.demangled,3666,method,high
TShipNode,Remove,(const TShip*),TShipNode::Remove(const TShip*),,cw_symbols.demangled,3667,method,high
TShipNode,SinkOrSwim,(),TShipNode::SinkOrSwim(),,cw_symbols.demangled,3668,method,high
TShipOrder,AutoCanMakeProduct,(),TShipOrder::AutoCanMakeProduct(),,cw_symbols.demangled,3669,method,high
TShipOrder,CanMakeProduct,(),TShipOrder::CanMakeProduct(),,cw_symbols.demangled,3670,method,high
TShipOrder,FillOrderSheet,"(OrderSheet*, short)","TShipOrder::FillOrderSheet(OrderSheet*, short)",,cw_symbols.demangled,3671,method,high
TShipOrder,GetClassDescDynamic,() const,TShipOrder::GetClassDescDynamic() const,,cw_symbols.demangled,3672,classdesc,high
TShipOrder,LaunchShip,(),TShipOrder::LaunchShip(),,cw_symbols.demangled,3673,method,high
TShipOrder,MaxOrder,(),TShipOrder::MaxOrder(),,cw_symbols.demangled,3674,method,high
TShipOrder,Produce,(),TShipOrder::Produce(),,cw_symbols.demangled,3675,method,high
TShipOrder,SetQuantity,(short),TShipOrder::SetQuantity(short),,cw_symbols.demangled,3676,method,high
TShipOrder,TShipOrder,(),TShipOrder::TShipOrder(),,cw_symbols.demangled,3677,constructor,high
TShipPlacard,_DefaultConstructor,(),TShipPlacard::_DefaultConstructor(),,cw_symbols.demangled,3678,constructor,high
TShipPlacard,GetClassDescDynamic,() const,TShipPlacard::GetClassDescDynamic() const,,cw_symbols.demangled,3679,classdesc,high
TShipPlacard,GetClassDescStatic,(),TShipPlacard::GetClassDescStatic(),,cw_symbols.demangled,3680,classdesc,high
TShipPlacard,TShipPlacard,(),TShipPlacard::TShipPlacard(),,cw_symbols.demangled,3681,constructor,high
TShip,ReadFrom,(TStream*),TShip::ReadFrom(TStream*),,cw_symbols.demangled,3682,method,high
TShip,Repair,(),TShip::Repair(),,cw_symbols.demangled,3683,method,high
TShip,SetTaskForce,(TTaskForce*),TShip::SetTaskForce(TTaskForce*),,cw_symbols.demangled,3684,method,high
TShip,Sink,(),TShip::Sink(),,cw_symbols.demangled,3685,method,high
TShip,TShip,(),TShip::TShip(),,cw_symbols.demangled,3686,constructor,high
TShipView,IShipView,"(TView*, const VPoint&, const VPoint&, SizeDeterminer, SizeDeterminer, TShip*, TTaskForce*)","TShipView::IShipView(TView*, const VPoint&, const VPoint&, SizeDeterminer, SizeDeterminer, TShip*, TTaskForce*)",,cw_symbols.demangled,3687,method,high
TShipView,Draw,(const VRect&),TShipView::Draw(const VRect&),,cw_symbols.demangled,3688,method,high
TShipView,GetClassDescDynamic,() const,TShipView::GetClassDescDynamic() const,,cw_symbols.demangled,3689,classdesc,high
TShipView,RenameShip,(),TShipView::RenameShip(),,cw_symbols.demangled,3690,method,high
TShipyardCluster,GetClassDescDynamic,() const,TShipyardCluster::GetClassDescDynamic() const,,cw_symbols.demangled,3691,classdesc,high
TShipyardCluster,GetClassDescStatic,(),TShipyardCluster::GetClassDescStatic(),,cw_symbols.demangled,3692,classdesc,high
TShipyardCluster,TShipyardCluster,(),TShipyardCluster::TShipyardCluster(),,cw_symbols.demangled,3693,constructor,high
TShipyardView,DoEvent,"(long, TEventHandler*, TEvent*)","TShipyardView::DoEvent(long, TEventHandler*, TEvent*)",,cw_symbols.demangled,3694,method,high
TShipyardView,_DefaultConstructor,(),TShipyardView::_DefaultConstructor(),,cw_symbols.demangled,3695,constructor,high
TShipyardView,DoStartup,(),TShipyardView::DoStartup(),,cw_symbols.demangled,3696,method,high
TShipyardView,Draw,(const VRect&),TShipyardView::Draw(const VRect&),,cw_symbols.demangled,3697,method,high
TShipyardView,Free,(),TShipyardView::Free(),,cw_symbols.demangled,3698,method,high
TShipyardView,GetClassDescDynamic,() const,TShipyardView::GetClassDescDynamic() const,,cw_symbols.demangled,3699,classdesc,high
TShipyardView,LoadShipGWorld,(),TShipyardView::LoadShipGWorld(),,cw_symbols.demangled,3700,method,high
TShipyardView,SetShip,(short),TShipyardView::SetShip(short),,cw_symbols.demangled,3701,method,high
TShipyardView,SetStats,(short),TShipyardView::SetStats(short),,cw_symbols.demangled,3702,method,high
TShipyardView,TShipyardView,(),TShipyardView::TShipyardView(),,cw_symbols.demangled,3703,constructor,high
TShipyardView,UpdateFields,(),TShipyardView::UpdateFields(),,cw_symbols.demangled,3704,method,high
TShowScreenCommand,_DefaultConstructor,(),TShowScreenCommand::_DefaultConstructor(),,cw_symbols.demangled,3705,constructor,high
TShowScreenCommand,DoIt,(),TShowScreenCommand::DoIt(),,cw_symbols.demangled,3706,method,high
TShowScreenCommand,IShowScreenCommand,(short),TShowScreenCommand::IShowScreenCommand(short),,cw_symbols.demangled,3707,method,high
TShowScreenCommand,TShowScreenCommand,(),TShowScreenCommand::TShowScreenCommand(),,cw_symbols.demangled,3708,constructor,high
TSidewaysArrow,_DefaultConstructor,(),TSidewaysArrow::_DefaultConstructor(),,cw_symbols.demangled,3709,constructor,high
TSidewaysArrow,TrackMouse,"(TrackPhase, VPoint&, VPoint&, VPoint&, unsigned char)","TSidewaysArrow::TrackMouse(TrackPhase, VPoint&, VPoint&, VPoint&, unsigned char)",,cw_symbols.demangled,3710,method,high
TSidewaysArrow,GetClassDescDynamic,() const,TSidewaysArrow::GetClassDescDynamic() const,,cw_symbols.demangled,3711,classdesc,high
TSidewaysArrow,GetClassDescStatic,(),TSidewaysArrow::GetClassDescStatic(),,cw_symbols.demangled,3712,classdesc,high
TSidewaysArrow,TSidewaysArrow,(),TSidewaysArrow::TSidewaysArrow(),,cw_symbols.demangled,3713,constructor,high
TSimMgr,EnterOptionalPhase,(eGamePhaseNewStyle),TSimMgr::EnterOptionalPhase(eGamePhaseNewStyle),,cw_symbols.demangled,3714,method,high
TSimMgr,DiplomacyNoticeString,(const DiplomacyNotice*),TSimMgr::DiplomacyNoticeString(const DiplomacyNotice*),,cw_symbols.demangled,3715,method,high
TSimMgr,AddHighScore,(),TSimMgr::AddHighScore(),,cw_symbols.demangled,3716,method,high
TSimMgr,AllHumansFinished,(),TSimMgr::AllHumansFinished(),,cw_symbols.demangled,3717,method,high
TSimMgr,CreateCountries,(unsigned char),TSimMgr::CreateCountries(unsigned char),,cw_symbols.demangled,3718,method,high
TSimMgr,CreateGreatPower,"(short, unsigned char)","TSimMgr::CreateGreatPower(short, unsigned char)",,cw_symbols.demangled,3719,method,high
TSimMgr,CreateMinor,(short),TSimMgr::CreateMinor(short),,cw_symbols.demangled,3720,method,high
TSimMgr,CreatePlanet,"(unsigned char, const char*, unsigned char)","TSimMgr::CreatePlanet(unsigned char, const char*, unsigned char)",,cw_symbols.demangled,3721,method,high
TSimMgr,CreateUIMgrs,(),TSimMgr::CreateUIMgrs(),,cw_symbols.demangled,3722,method,high
TSimMgr,_DefaultConstructor,(),TSimMgr::_DefaultConstructor(),,cw_symbols.demangled,3723,constructor,high
TSimMgr,DoCityAndTransport,(),TSimMgr::DoCityAndTransport(),,cw_symbols.demangled,3724,method,high
TSimMgr,DoCivilians,(),TSimMgr::DoCivilians(),,cw_symbols.demangled,3725,method,high
TSimMgr,DoMilitary,(),TSimMgr::DoMilitary(),,cw_symbols.demangled,3726,method,high
TSimMgr,DoTrade,(),TSimMgr::DoTrade(),,cw_symbols.demangled,3727,method,high
TSimMgr,EliminateGP,(short),TSimMgr::EliminateGP(short),,cw_symbols.demangled,3728,method,high
TSimMgr,FormatNum,"(float, CStr255&)","TSimMgr::FormatNum(float, CStr255&)",,cw_symbols.demangled,3729,method,high
TSimMgr,FormatString,"(CStr255&, int, int, ...) const","TSimMgr::FormatString(CStr255&, int, int, ...) const",,cw_symbols.demangled,3730,method,high
TSimMgr,Free,(),TSimMgr::Free(),,cw_symbols.demangled,3731,method,high
TSimMgr,GetClassDescDynamic,() const,TSimMgr::GetClassDescDynamic() const,,cw_symbols.demangled,3732,classdesc,high
TSimMgr,GetCountryName,(short),TSimMgr::GetCountryName(short),,cw_symbols.demangled,3733,method,high
TSimMgr,GetCountryNameWithCode,(short),TSimMgr::GetCountryNameWithCode(short),,cw_symbols.demangled,3734,method,high
TSimMgr,GetEconomicTurn,(),TSimMgr::GetEconomicTurn(),,cw_symbols.demangled,3735,method,high
TSimMgr,GetNumCountries,(),TSimMgr::GetNumCountries(),,cw_symbols.demangled,3736,method,high
TSimMgr,GetNumGPs,(),TSimMgr::GetNumGPs(),,cw_symbols.demangled,3737,method,high
TSimMgr,GetPlayerCountry,(),TSimMgr::GetPlayerCountry(),,cw_symbols.demangled,3738,method,high
TSimMgr,GetString,"(short, short, CStr255&) const","TSimMgr::GetString(short, short, CStr255&) const",,cw_symbols.demangled,3739,method,high
TSimMgr,HasVisited,(long),TSimMgr::HasVisited(long),,cw_symbols.demangled,3740,method,high
TSimMgr,Initialize,(),TSimMgr::Initialize(),,cw_symbols.demangled,3741,method,high
TSimMgr,ISimMgr,(),TSimMgr::ISimMgr(),,cw_symbols.demangled,3742,method,high
TSimMgr,LoadScenario,(int),TSimMgr::LoadScenario(int),,cw_symbols.demangled,3743,method,high
TSimMgr,MultiSync,(),TSimMgr::MultiSync(),,cw_symbols.demangled,3744,method,high
TSimMgr,NameCapitals,(),TSimMgr::NameCapitals(),,cw_symbols.demangled,3745,method,high
TSimMgr,NumToCurrency,"(long, CStr255&)","TSimMgr::NumToCurrency(long, CStr255&)",,cw_symbols.demangled,3746,method,high
TSimMgr,PlayerLost,(),TSimMgr::PlayerLost(),,cw_symbols.demangled,3747,method,high
TSimMgr,PostAdvance,(),TSimMgr::PostAdvance(),,cw_symbols.demangled,3748,method,high
TSimMgr,PreflightEndTurn,(),TSimMgr::PreflightEndTurn(),,cw_symbols.demangled,3749,method,high
TSimMgr,ProcessScenarioScript,(),TSimMgr::ProcessScenarioScript(),,cw_symbols.demangled,3750,method,high
TSimMgr,QuitToStartupScreen,(int),TSimMgr::QuitToStartupScreen(int),,cw_symbols.demangled,3751,method,high
TSimMgr,ReadFrom,(TStream*),TSimMgr::ReadFrom(TStream*),,cw_symbols.demangled,3752,method,high
TSimMgr,ReallyInTheGame,(short),TSimMgr::ReallyInTheGame(short),,cw_symbols.demangled,3753,method,high
TSimMgr,ReduceNumGPs,(),TSimMgr::ReduceNumGPs(),,cw_symbols.demangled,3754,method,high
TSimMgr,ReinitializeRandomSeed,(),TSimMgr::ReinitializeRandomSeed(),,cw_symbols.demangled,3755,method,high
TSimMgr,ResetTurnFlags,(),TSimMgr::ResetTurnFlags(),,cw_symbols.demangled,3756,method,high
TSimMgr,ScAddArmy,(char*&),TSimMgr::ScAddArmy(char*&),,cw_symbols.demangled,3757,method,high
TSimMgr,ScAddCivilian,(char*&),TSimMgr::ScAddCivilian(char*&),,cw_symbols.demangled,3758,method,high
TSimMgr,ScAddPort,(char*&),TSimMgr::ScAddPort(char*&),,cw_symbols.demangled,3759,method,high
TSimMgr,ScAddRailhead,(char*&),TSimMgr::ScAddRailhead(char*&),,cw_symbols.demangled,3760,method,high
TSimMgr,ScAddShip,(char*&),TSimMgr::ScAddShip(char*&),,cw_symbols.demangled,3761,method,high
TSimMgr,ScAddTech,(char*&),TSimMgr::ScAddTech(char*&),,cw_symbols.demangled,3762,method,high
TSimMgr,ScClearTransport,(char*&),TSimMgr::ScClearTransport(char*&),,cw_symbols.demangled,3763,method,high
TSimMgr,ScSetCapacity,(char*&),TSimMgr::ScSetCapacity(char*&),,cw_symbols.demangled,3764,method,high
TSimMgr,ScSetCouncilMeeting,(char*&),TSimMgr::ScSetCouncilMeeting(char*&),,cw_symbols.demangled,3765,method,high
TSimMgr,ScSetCountryName,(char*&),TSimMgr::ScSetCountryName(char*&),,cw_symbols.demangled,3766,method,high
TSimMgr,ScSetDevLevel,(char*&),TSimMgr::ScSetDevLevel(char*&),,cw_symbols.demangled,3767,method,high
TSimMgr,ScSetEmbassy,(char*&),TSimMgr::ScSetEmbassy(char*&),,cw_symbols.demangled,3768,method,high
TSimMgr,ScSetFlags,(char*&),TSimMgr::ScSetFlags(char*&),,cw_symbols.demangled,3769,method,high
TSimMgr,ScSetLabor,(char*&),TSimMgr::ScSetLabor(char*&),,cw_symbols.demangled,3770,method,high
TSimMgr,ScSetPrice,(char*&),TSimMgr::ScSetPrice(char*&),,cw_symbols.demangled,3771,method,high
TSimMgr,ScSetProvince,(char*&),TSimMgr::ScSetProvince(char*&),,cw_symbols.demangled,3772,method,high
TSimMgr,ScSetProvinceName,(char*&),TSimMgr::ScSetProvinceName(char*&),,cw_symbols.demangled,3773,method,high
TSimMgr,ScSetRelationship,(char*&),TSimMgr::ScSetRelationship(char*&),,cw_symbols.demangled,3774,method,high
TSimMgr,ScSetSeazoneName,(char*&),TSimMgr::ScSetSeazoneName(char*&),,cw_symbols.demangled,3775,method,high
TSimMgr,ScSetSubsidy,(char*&),TSimMgr::ScSetSubsidy(char*&),,cw_symbols.demangled,3776,method,high
TSimMgr,ScSetTechDate,(char*&),TSimMgr::ScSetTechDate(char*&),,cw_symbols.demangled,3777,method,high
TSimMgr,ScSetTransportBar,(char*&),TSimMgr::ScSetTransportBar(char*&),,cw_symbols.demangled,3778,method,high
TSimMgr,ScSetTransport,(char*&),TSimMgr::ScSetTransport(char*&),,cw_symbols.demangled,3779,method,high
TSimMgr,ScSetTreasury,(char*&),TSimMgr::ScSetTreasury(char*&),,cw_symbols.demangled,3780,method,high
TSimMgr,ScSetWarehouse,(char*&),TSimMgr::ScSetWarehouse(char*&),,cw_symbols.demangled,3781,method,high
TSimMgr,ScSetYear,(char*&),TSimMgr::ScSetYear(char*&),,cw_symbols.demangled,3782,method,high
TSimMgr,SetDifficultyLevel,(eDifficulty),TSimMgr::SetDifficultyLevel(eDifficulty),,cw_symbols.demangled,3783,method,high
TSimMgr,SetFlags,(short),TSimMgr::SetFlags(short),,cw_symbols.demangled,3784,method,high
TSimMgr,SetGameSetupValues,(GameSetup*),TSimMgr::SetGameSetupValues(GameSetup*),,cw_symbols.demangled,3785,method,high
TSimMgr,SetPlayerCountry,(short),TSimMgr::SetPlayerCountry(short),,cw_symbols.demangled,3786,method,high
TSimMgr,StartNextPhase,(),TSimMgr::StartNextPhase(),,cw_symbols.demangled,3787,method,high
TSimMgr,TSimMgr,(),TSimMgr::TSimMgr(),,cw_symbols.demangled,3788,constructor,high
TSimMgr,UpdatePreferences,(unsigned char),TSimMgr::UpdatePreferences(unsigned char),,cw_symbols.demangled,3789,method,high
TSimMgr,WriteTo,(TStream*),TSimMgr::WriteTo(TStream*),,cw_symbols.demangled,3790,method,high
TSimpleDependencySpace,_DefaultConstructor,(),TSimpleDependencySpace::_DefaultConstructor(),,cw_symbols.demangled,3791,constructor,high
TSimpleDependencySpace,GetClassDescDynamic,() const,TSimpleDependencySpace::GetClassDescDynamic() const,,cw_symbols.demangled,3792,classdesc,high
TSimpleDependencySpace,ISimpleDependencySpace,(),TSimpleDependencySpace::ISimpleDependencySpace(),,cw_symbols.demangled,3793,method,high
TSimpleDependencySpace,RemoveDependencies,(TObject*),TSimpleDependencySpace::RemoveDependencies(TObject*),,cw_symbols.demangled,3794,method,high
TSimpleDependencySpace,Free,(),TSimpleDependencySpace::Free(),,cw_symbols.demangled,3795,method,high
TSimpleDependencySpace,?.RemoveDependency,"(TObject*, TObject*, long)","TSimpleDependencySpace::?.RemoveDependency(TObject*, TObject*, long)",,cw_symbols.demangled,3796,method,high
TSliderPicture,_DefaultConstructor,(),TSliderPicture::_DefaultConstructor(),,cw_symbols.demangled,3797,constructor,high
TSliderPicture,Draw,(const VRect&),TSliderPicture::Draw(const VRect&),,cw_symbols.demangled,3798,method,high
TSliderPicture,GetClassDescDynamic,() const,TSliderPicture::GetClassDescDynamic() const,,cw_symbols.demangled,3799,classdesc,high
TSliderPicture,GetClassDescStatic,(),TSliderPicture::GetClassDescStatic(),,cw_symbols.demangled,3800,classdesc,high
TSliderPicture,TSliderPicture,(),TSliderPicture::TSliderPicture(),,cw_symbols.demangled,3801,constructor,high
TSmallIcon,Draw,(const VRect&),TSmallIcon::Draw(const VRect&),,cw_symbols.demangled,3802,method,high
TSmallIcon,GetClassDescDynamic,() const,TSmallIcon::GetClassDescDynamic() const,,cw_symbols.demangled,3803,classdesc,high
TSmallIcon,GetClassDescStatic,(),TSmallIcon::GetClassDescStatic(),,cw_symbols.demangled,3804,classdesc,high
TSmallIcon,GetStandardSignature,(),TSmallIcon::GetStandardSignature(),,cw_symbols.demangled,3805,method,high
TSmallIcon,ReadFields,(TStream*),TSmallIcon::ReadFields(TStream*),,cw_symbols.demangled,3806,method,high
TSmallIcon,ReleaseSmallIcon,(),TSmallIcon::ReleaseSmallIcon(),,cw_symbols.demangled,3807,method,high
TSmallIcon,SetSmallIcon,"(short, unsigned char)","TSmallIcon::SetSmallIcon(short, unsigned char)",,cw_symbols.demangled,3808,method,high
TSmallIcon,TSmallIcon,(),TSmallIcon::TSmallIcon(),,cw_symbols.demangled,3809,constructor,high
TSortByPriceList,Compare,"(char*, char*)","TSortByPriceList::Compare(char*, char*)",,cw_symbols.demangled,3810,method,high
TSortByPriceList,_DefaultConstructor,(),TSortByPriceList::_DefaultConstructor(),,cw_symbols.demangled,3811,constructor,high
TSortByPriceList,GetClassDescDynamic,() const,TSortByPriceList::GetClassDescDynamic() const,,cw_symbols.demangled,3812,classdesc,high
TSortByPriceList,ISortByPriceList,(),TSortByPriceList::ISortByPriceList(),,cw_symbols.demangled,3813,method,high
TSortByPriceList,TSortByPriceList,(),TSortByPriceList::TSortByPriceList(),,cw_symbols.demangled,3814,constructor,high
TSortedByRelationshipList,_DefaultConstructor,(),TSortedByRelationshipList::_DefaultConstructor(),,cw_symbols.demangled,3815,constructor,high
TSortedByRelationshipList,GetClassDescDynamic,() const,TSortedByRelationshipList::GetClassDescDynamic() const,,cw_symbols.demangled,3816,classdesc,high
TSortedByRelationshipList,ISortedByRelationshipList,(),TSortedByRelationshipList::ISortedByRelationshipList(),,cw_symbols.demangled,3817,method,high
TSortedByRelationshipList,Compare,"(char*, char*)","TSortedByRelationshipList::Compare(char*, char*)",,cw_symbols.demangled,3818,method,high
TSortedDynamicArray,DoSearchElement,"(short (*)(long, void*), void*, long&)","TSortedDynamicArray::DoSearchElement(short (*)(long, void*), void*, long&)",,cw_symbols.demangled,3819,method,high
TSortedDynamicArray,CompareElements,"(void*, void*)","TSortedDynamicArray::CompareElements(void*, void*)",,cw_symbols.demangled,3820,method,high
TSortedDynamicArray,GetClassDescDynamic,() const,TSortedDynamicArray::GetClassDescDynamic() const,,cw_symbols.demangled,3821,classdesc,high
TSortedDynamicArray,InsertElementInOrder,(void*),TSortedDynamicArray::InsertElementInOrder(void*),,cw_symbols.demangled,3822,method,high
TSortedHandleList,AtDelete,(long),TSortedHandleList::AtDelete(long),,cw_symbols.demangled,3823,method,high
TSortedHandleList,_DefaultConstructor,(),TSortedHandleList::_DefaultConstructor(),,cw_symbols.demangled,3824,constructor,high
TSortedHandleList,Delete,(char**),TSortedHandleList::Delete(char**),,cw_symbols.demangled,3825,method,high
TSortedHandleList,DoSearch,"(short (*)(char**, void*), void*, long&)","TSortedHandleList::DoSearch(short (*)(char**, void*), void*, long&)",,cw_symbols.demangled,3826,method,high
TSortedHandleList,First,(),TSortedHandleList::First(),,cw_symbols.demangled,3827,method,high
TSortedHandleList,FreeAll,(),TSortedHandleList::FreeAll(),,cw_symbols.demangled,3828,method,high
TSortedHandleList,FreeList,(),TSortedHandleList::FreeList(),,cw_symbols.demangled,3829,method,high
TSortedHandleList,GetClassDescDynamic,() const,TSortedHandleList::GetClassDescDynamic() const,,cw_symbols.demangled,3830,classdesc,high
TSortedHandleList,GetEqualItemNo,(char**),TSortedHandleList::GetEqualItemNo(char**),,cw_symbols.demangled,3831,method,high
TSortedHandleList,GetIdentityItemNo,(char**),TSortedHandleList::GetIdentityItemNo(char**),,cw_symbols.demangled,3832,method,high
TSortedHandleList,Insert,(char**),TSortedHandleList::Insert(char**),,cw_symbols.demangled,3833,method,high
TSortedHandleList,ISortedHandleList,(),TSortedHandleList::ISortedHandleList(),,cw_symbols.demangled,3834,method,high
TSortedHandleList,Last,(),TSortedHandleList::Last(),,cw_symbols.demangled,3835,method,high
TSortedHandleList,TSortedHandleList,(),TSortedHandleList::TSortedHandleList(),,cw_symbols.demangled,3836,constructor,high
TSortedList,SortBy,"(short (*)(TObject*, TObject*, void*), void*)","TSortedList::SortBy(short (*)(TObject*, TObject*, void*), void*)",,cw_symbols.demangled,3837,method,high
TSortedList,QSPartition,"(long, long, short (*)(TObject*, TObject*, void*), void*)","TSortedList::QSPartition(long, long, short (*)(TObject*, TObject*, void*), void*)",,cw_symbols.demangled,3838,method,high
TSortedList,At,(long),TSortedList::At(long),,cw_symbols.demangled,3839,method,high
TSortedList,_DefaultConstructor,(),TSortedList::_DefaultConstructor(),,cw_symbols.demangled,3840,constructor,high
TSortedList,Delete,(TObject*),TSortedList::Delete(TObject*),,cw_symbols.demangled,3841,method,high
TSortedList,DoSearch,"(short (*)(TObject*, void*), void*, long&)","TSortedList::DoSearch(short (*)(TObject*, void*), void*, long&)",,cw_symbols.demangled,3842,method,high
TSortedList,First,(),TSortedList::First(),,cw_symbols.demangled,3843,method,high
TSortedList,FreeAll,(),TSortedList::FreeAll(),,cw_symbols.demangled,3844,method,high
TSortedList,GetEqualItemNo,(TObject*),TSortedList::GetEqualItemNo(TObject*),,cw_symbols.demangled,3845,method,high
TSortedList,GetIdentityItemNo,(TObject*),TSortedList::GetIdentityItemNo(TObject*),,cw_symbols.demangled,3846,method,high
TSortedList,Insert,(TObject*),TSortedList::Insert(TObject*),,cw_symbols.demangled,3847,method,high
TSortedList,ISortedList,(),TSortedList::ISortedList(),,cw_symbols.demangled,3848,method,high
TSortedList,Last,(),TSortedList::Last(),,cw_symbols.demangled,3849,method,high
TSortedList,Search,"(short (*)(TObject*, void*), void*)","TSortedList::Search(short (*)(TObject*, void*), void*)",,cw_symbols.demangled,3850,method,high
TSortedList,SetEltType,(const ClassDesc*),TSortedList::SetEltType(const ClassDesc*),,cw_symbols.demangled,3851,method,high
TSortedList,SetEltType,(const CStr255&),TSortedList::SetEltType(const CStr255&),,cw_symbols.demangled,3852,method,high
TSortedLongintList,AtDelete,(long),TSortedLongintList::AtDelete(long),,cw_symbols.demangled,3853,method,high
TSortedLongintList,At,(long),TSortedLongintList::At(long),,cw_symbols.demangled,3854,method,high
TSortedLongintList,CompareElements,"(void*, void*)","TSortedLongintList::CompareElements(void*, void*)",,cw_symbols.demangled,3855,method,high
TSortedLongintList,Compare,"(long, long)","TSortedLongintList::Compare(long, long)",,cw_symbols.demangled,3856,method,high
TSortedLongintList,_DefaultConstructor,(),TSortedLongintList::_DefaultConstructor(),,cw_symbols.demangled,3857,constructor,high
TSortedLongintList,Delete,(long),TSortedLongintList::Delete(long),,cw_symbols.demangled,3858,method,high
TSortedLongintList,DoSearch,"(short (*)(long, void*), void*, long&)","TSortedLongintList::DoSearch(short (*)(long, void*), void*, long&)",,cw_symbols.demangled,3859,method,high
TSortedLongintList,GetEqualItemNo,(long),TSortedLongintList::GetEqualItemNo(long),,cw_symbols.demangled,3860,method,high
TSortedLongintList,Insert,(long),TSortedLongintList::Insert(long),,cw_symbols.demangled,3861,method,high
TSortedLongintList,ISortedLongintList,(),TSortedLongintList::ISortedLongintList(),,cw_symbols.demangled,3862,method,high
TSortedLongintList,Last,(),TSortedLongintList::Last(),,cw_symbols.demangled,3863,method,high
TSortedLongintList,Search,"(short (*)(long, void*), void*)","TSortedLongintList::Search(short (*)(long, void*), void*)",,cw_symbols.demangled,3864,method,high
TSortedLongintList,TSortedLongintList,(),TSortedLongintList::TSortedLongintList(),,cw_symbols.demangled,3865,constructor,high
TSortedPtrList,AtDelete,(long),TSortedPtrList::AtDelete(long),,cw_symbols.demangled,3866,method,high
TSortedPtrList,At,(long),TSortedPtrList::At(long),,cw_symbols.demangled,3867,method,high
TSortedPtrList,Compare,"(char*, char*)","TSortedPtrList::Compare(char*, char*)",,cw_symbols.demangled,3868,method,high
TSortedPtrList,CompareElements,"(void*, void*)","TSortedPtrList::CompareElements(void*, void*)",,cw_symbols.demangled,3869,method,high
TSortedPtrList,_DefaultConstructor,(),TSortedPtrList::_DefaultConstructor(),,cw_symbols.demangled,3870,constructor,high
TSortedPtrList,Delete,(char*),TSortedPtrList::Delete(char*),,cw_symbols.demangled,3871,method,high
TSortedPtrList,DoSearch,"(short (*)(char*, void*), void*, long&)","TSortedPtrList::DoSearch(short (*)(char*, void*), void*, long&)",,cw_symbols.demangled,3872,method,high
TSortedPtrList,FreeAll,(),TSortedPtrList::FreeAll(),,cw_symbols.demangled,3873,method,high
TSortedPtrList,FreeList,(),TSortedPtrList::FreeList(),,cw_symbols.demangled,3874,method,high
TSortedPtrList,GetClassDescDynamic,() const,TSortedPtrList::GetClassDescDynamic() const,,cw_symbols.demangled,3875,classdesc,high
TSortedPtrList,GetIdentityItemNo,(char*),TSortedPtrList::GetIdentityItemNo(char*),,cw_symbols.demangled,3876,method,high
TSortedPtrList,Insert,(char*),TSortedPtrList::Insert(char*),,cw_symbols.demangled,3877,method,high
TSortedPtrList,InsertFirst,(char*),TSortedPtrList::InsertFirst(char*),,cw_symbols.demangled,3878,method,high
TSortedPtrList,InsertLast,(char*),TSortedPtrList::InsertLast(char*),,cw_symbols.demangled,3879,method,high
TSortedPtrList,ISortedPtrList,(short),TSortedPtrList::ISortedPtrList(short),,cw_symbols.demangled,3880,method,high
TSortedPtrList,Last,(),TSortedPtrList::Last(),,cw_symbols.demangled,3881,method,high
TSortedPtrList,ReadFrom,(TStream*),TSortedPtrList::ReadFrom(TStream*),,cw_symbols.demangled,3882,method,high
TSortedPtrList,TSortedPtrList,(),TSortedPtrList::TSortedPtrList(),,cw_symbols.demangled,3883,constructor,high
TSoundPlayer,AddToPlayList,(long),TSoundPlayer::AddToPlayList(long),,cw_symbols.demangled,3884,method,high
TSoundPlayer,CheckMusicStatus,(),TSoundPlayer::CheckMusicStatus(),,cw_symbols.demangled,3885,method,high
TSoundPlayer,DoIdle,(IdlePhase),TSoundPlayer::DoIdle(IdlePhase),,cw_symbols.demangled,3886,method,high
TSoundPlayer,FadeCD,(),TSoundPlayer::FadeCD(),,cw_symbols.demangled,3887,method,high
TSoundPlayer,Free,(),TSoundPlayer::Free(),,cw_symbols.demangled,3888,method,high
TSoundPlayer,GetClassDescDynamic,() const,TSoundPlayer::GetClassDescDynamic() const,,cw_symbols.demangled,3889,classdesc,high
TSoundPlayer,ISoundPlayer,(long),TSoundPlayer::ISoundPlayer(long),,cw_symbols.demangled,3890,method,high
TSoundPlayer,PlayAiffFile,"(CStr63, short, short)","TSoundPlayer::PlayAiffFile(CStr63, short, short)",,cw_symbols.demangled,3891,method,high
TSoundPlayer,PlayCDTrack,"(int, unsigned char)","TSoundPlayer::PlayCDTrack(int, unsigned char)",,cw_symbols.demangled,3892,method,high
TSoundPlayer,PlayOneCDTrack,"(int, unsigned char)","TSoundPlayer::PlayOneCDTrack(int, unsigned char)",,cw_symbols.demangled,3893,method,high
TSoundPlayer,PlaySndAsynchChannel,"(short, short, short)","TSoundPlayer::PlaySndAsynchChannel(short, short, short)",,cw_symbols.demangled,3894,method,high
TSoundPlayer,PlaySndSynchChannel,"(short, short, short)","TSoundPlayer::PlaySndSynchChannel(short, short, short)",,cw_symbols.demangled,3895,method,high
TSoundPlayer,PlaySound,"(short, short, short, unsigned char)","TSoundPlayer::PlaySound(short, short, short, unsigned char)",,cw_symbols.demangled,3896,method,high
TSoundPlayer,ResetPlayList,(),TSoundPlayer::ResetPlayList(),,cw_symbols.demangled,3897,method,high
TSoundPlayer,ServiceCD,(),TSoundPlayer::ServiceCD(),,cw_symbols.demangled,3898,method,high
TSoundPlayer,SetSndChanSndHand,"(short, char**)","TSoundPlayer::SetSndChanSndHand(short, char**)",,cw_symbols.demangled,3899,method,high
TSoundPlayer,SetVolume,(short),TSoundPlayer::SetVolume(short),,cw_symbols.demangled,3900,method,high
TSoundPlayer,SoundDisable,(),TSoundPlayer::SoundDisable(),,cw_symbols.demangled,3901,method,high
TSoundPlayer,StopAllSounds,(),TSoundPlayer::StopAllSounds(),,cw_symbols.demangled,3902,method,high
TSoundPlayer,StopMusic,(unsigned char),TSoundPlayer::StopMusic(unsigned char),,cw_symbols.demangled,3903,method,high
TSoundPlayer,TSoundPlayer,(),TSoundPlayer::TSoundPlayer(),,cw_symbols.demangled,3904,constructor,high
TSpaceCommand,_DefaultConstructor,(),TSpaceCommand::_DefaultConstructor(),,cw_symbols.demangled,3905,constructor,high
TSpaceCommand,DoIt,(),TSpaceCommand::DoIt(),,cw_symbols.demangled,3906,method,high
TSpaceCommand,GetClassDescDynamic,() const,TSpaceCommand::GetClassDescDynamic() const,,cw_symbols.demangled,3907,classdesc,high
TSpecialQuitPicture,DoPostCreate,(TDocument*),TSpecialQuitPicture::DoPostCreate(TDocument*),,cw_symbols.demangled,3908,method,high
TSpecialQuitPicture,DoEvent,"(long, TEventHandler*, TEvent*)","TSpecialQuitPicture::DoEvent(long, TEventHandler*, TEvent*)",,cw_symbols.demangled,3909,method,high
TSpecialQuitPicture,Hilite,(),TSpecialQuitPicture::Hilite(),,cw_symbols.demangled,3910,method,high
TStandardDependencySpace,GetClassDescDynamic,() const,TStandardDependencySpace::GetClassDescDynamic() const,,cw_symbols.demangled,3911,classdesc,high
TStandardDependencySpace,MarkObject,"(TObject*, unsigned char)","TStandardDependencySpace::MarkObject(TObject*, unsigned char)",,cw_symbols.demangled,3912,method,high
TStandardDependencySpace,IsObjectMarked,(TObject*),TStandardDependencySpace::IsObjectMarked(TObject*),,cw_symbols.demangled,3913,method,high
TStandardDependencySpace,UpdateMarkedObjects,"(long, TObject*, TObject*)","TStandardDependencySpace::UpdateMarkedObjects(long, TObject*, TObject*)",,cw_symbols.demangled,3914,method,high
TStandardDependencySpace,UpdateNotifiers,"(TObject*, long, TObject*, TObject*)","TStandardDependencySpace::UpdateNotifiers(TObject*, long, TObject*, TObject*)",,cw_symbols.demangled,3915,method,high
TStandardDependencySpace,@.NotifierChanged,"(TObject*, long, TObject*)","TStandardDependencySpace::@.NotifierChanged(TObject*, long, TObject*)",,cw_symbols.demangled,3916,method,high
TStaticText,ChangeWrap,"(unsigned char, unsigned char)","TStaticText::ChangeWrap(unsigned char, unsigned char)",,cw_symbols.demangled,3917,method,high
TStaticText,Clone,(),TStaticText::Clone(),,cw_symbols.demangled,3918,method,high
TStaticText,_DefaultConstructor,(),TStaticText::_DefaultConstructor(),,cw_symbols.demangled,3919,constructor,high
TStaticText,DoSubstitution,(CStr255&),TStaticText::DoSubstitution(CStr255&),,cw_symbols.demangled,3920,method,high
TStaticText,Draw,(const VRect&),TStaticText::Draw(const VRect&),,cw_symbols.demangled,3921,method,high
TStaticText,GetText,(CStr255&),TStaticText::GetText(CStr255&),,cw_symbols.demangled,3922,method,high
TStaticText,ReleaseText,(),TStaticText::ReleaseText(),,cw_symbols.demangled,3923,method,high
TStaticText,SetTextWithStrListID,"(short, short, unsigned char)","TStaticText::SetTextWithStrListID(short, short, unsigned char)",,cw_symbols.demangled,3924,method,high
TStaticText,TStaticText,(),TStaticText::TStaticText(),,cw_symbols.demangled,3925,constructor,high
TStaticText,IStaticText,"(TView*, const VPoint&, const VPoint&, SizeDeterminer, SizeDeterminer, short, short)","TStaticText::IStaticText(TView*, const VPoint&, const VPoint&, SizeDeterminer, SizeDeterminer, short, short)",,cw_symbols.demangled,3926,method,high
TStaticText,WriteFields,(TStream*),TStaticText::WriteFields(TStream*),,cw_symbols.demangled,3927,method,high
TStatusButton,DoEvent,"(long, TEventHandler*, TEvent*)","TStatusButton::DoEvent(long, TEventHandler*, TEvent*)",,cw_symbols.demangled,3928,method,high
TStatusButton,_DefaultConstructor,(),TStatusButton::_DefaultConstructor(),,cw_symbols.demangled,3929,constructor,high
TStatusButton,GetClassDescDynamic,() const,TStatusButton::GetClassDescDynamic() const,,cw_symbols.demangled,3930,classdesc,high
TStatusButton,TStatusButton,(),TStatusButton::TStatusButton(),,cw_symbols.demangled,3931,constructor,high
TStatusPicture,DoEvent,"(long, TEventHandler*, TEvent*)","TStatusPicture::DoEvent(long, TEventHandler*, TEvent*)",,cw_symbols.demangled,3932,method,high
TStatusPicture,CalcCouncilGraph,(),TStatusPicture::CalcCouncilGraph(),,cw_symbols.demangled,3933,method,high
TStatusPicture,_DefaultConstructor,(),TStatusPicture::_DefaultConstructor(),,cw_symbols.demangled,3934,constructor,high
TStatusPicture,DoPostCreate,(TDocument*),TStatusPicture::DoPostCreate(TDocument*),,cw_symbols.demangled,3935,method,high
TStatusPicture,Draw,(const VRect&),TStatusPicture::Draw(const VRect&),,cw_symbols.demangled,3936,method,high
TStatusPicture,GetClassDescDynamic,() const,TStatusPicture::GetClassDescDynamic() const,,cw_symbols.demangled,3937,classdesc,high
TStatusPicture,GetClassDescStatic,(),TStatusPicture::GetClassDescStatic(),,cw_symbols.demangled,3938,classdesc,high
TStatusPicture,SwitchStatusMode,(int),TStatusPicture::SwitchStatusMode(int),,cw_symbols.demangled,3939,method,high
TStdPrintHandler,LocatePageInterior,"(long, VPoint&)","TStdPrintHandler::LocatePageInterior(long, VPoint&)",,cw_symbols.demangled,3940,method,high
TStdPrintHandler,ChooseSpoolFile,"(CStr255&, short&, long&)","TStdPrintHandler::ChooseSpoolFile(CStr255&, short&, long&)",,cw_symbols.demangled,3941,method,high
TStdPrintHandler,AdornPage,(),TStdPrintHandler::AdornPage(),,cw_symbols.demangled,3942,method,high
TStdPrintHandler,BanishPrintDialog,(),TStdPrintHandler::BanishPrintDialog(),,cw_symbols.demangled,3943,method,high
TStdPrintHandler,CalcPageStrips,(VPoint&),TStdPrintHandler::CalcPageStrips(VPoint&),,cw_symbols.demangled,3944,method,high
TStdPrintHandler,CallPrintDefault,(),TStdPrintHandler::CallPrintDefault(),,cw_symbols.demangled,3945,method,high
TStdPrintHandler,CallPrValidate,(),TStdPrintHandler::CallPrValidate(),,cw_symbols.demangled,3946,method,high
TStdPrintHandler,CheckPrinter,(),TStdPrintHandler::CheckPrinter(),,cw_symbols.demangled,3947,method,high
TStdPrintHandler,ChkPrintErr,"(short&, unsigned char&, unsigned char&)","TStdPrintHandler::ChkPrintErr(short&, unsigned char&, unsigned char&)",,cw_symbols.demangled,3948,method,high
TStdPrintHandler,Clone,(),TStdPrintHandler::Clone(),,cw_symbols.demangled,3949,method,high
TStdPrintHandler,ClosePrintShop,(),TStdPrintHandler::ClosePrintShop(),,cw_symbols.demangled,3950,method,high
TStdPrintHandler,DoPrintCommand,(long),TStdPrintHandler::DoPrintCommand(long),,cw_symbols.demangled,3951,method,high
TStdPrintHandler,DoSetupMenus,(),TStdPrintHandler::DoSetupMenus(),,cw_symbols.demangled,3952,method,high
TStdPrintHandler,DoSetupPrintMenus,(),TStdPrintHandler::DoSetupPrintMenus(),,cw_symbols.demangled,3953,method,high
TStdPrintHandler,DrawPageBreak,"(signed char, long, long, unsigned char)","TStdPrintHandler::DrawPageBreak(signed char, long, long, unsigned char)",,cw_symbols.demangled,3954,method,high
TStdPrintHandler,DrawPageInterior,(),TStdPrintHandler::DrawPageInterior(),,cw_symbols.demangled,3955,method,high
TStdPrintHandler,DrawPrintFeedback,(const VRect&),TStdPrintHandler::DrawPrintFeedback(const VRect&),,cw_symbols.demangled,3956,method,high
TStdPrintHandler,Focus,(),TStdPrintHandler::Focus(),,cw_symbols.demangled,3957,method,high
TStdPrintHandler,FocusOnInterior,(),TStdPrintHandler::FocusOnInterior(),,cw_symbols.demangled,3958,method,high
TStdPrintHandler,Free,(),TStdPrintHandler::Free(),,cw_symbols.demangled,3959,method,high
TStdPrintHandler,GetBreakCoord,"(signed char, long, long&)","TStdPrintHandler::GetBreakCoord(signed char, long, long&)",,cw_symbols.demangled,3960,method,high
TStdPrintHandler,GetClassDescDynamic,() const,TStdPrintHandler::GetClassDescDynamic() const,,cw_symbols.demangled,3961,classdesc,high
TStdPrintHandler,GetDefaultSubJobSize,(),TStdPrintHandler::GetDefaultSubJobSize(),,cw_symbols.demangled,3962,method,high
TStdPrintHandler,GetDocName,(CStr255&),TStdPrintHandler::GetDocName(CStr255&),,cw_symbols.demangled,3963,method,high
TStdPrintHandler,GetDriverName,(CStr255&),TStdPrintHandler::GetDriverName(CStr255&),,cw_symbols.demangled,3964,method,high
TStdPrintHandler,GetPrintInfo,(),TStdPrintHandler::GetPrintInfo(),,cw_symbols.demangled,3965,method,high
TStdPrintHandler,GetViewToQDOffset,(VPoint&),TStdPrintHandler::GetViewToQDOffset(VPoint&),,cw_symbols.demangled,3966,method,high
TStdPrintHandler,InvalPageFeedback,(),TStdPrintHandler::InvalPageFeedback(),,cw_symbols.demangled,3967,method,high
TStdPrintHandler,PrinterChanged,(),TStdPrintHandler::PrinterChanged(),,cw_symbols.demangled,3968,method,high
TStdPrintHandler,Print,"(long, unsigned char&)","TStdPrintHandler::Print(long, unsigned char&)",,cw_symbols.demangled,3969,method,high
TStdPrintHandler,PrintPage,(long),TStdPrintHandler::PrintPage(long),,cw_symbols.demangled,3970,method,high
TStdPrintHandler,PrintSpoolFile,"(char**, short&, unsigned char&)","TStdPrintHandler::PrintSpoolFile(char**, short&, unsigned char&)",,cw_symbols.demangled,3971,method,high
TStdPrintHandler,RedoPageBreaks,(),TStdPrintHandler::RedoPageBreaks(),,cw_symbols.demangled,3972,method,high
TStdPrintHandler,Reset,(),TStdPrintHandler::Reset(),,cw_symbols.demangled,3973,method,high
TStdPrintHandler,SetDefaultPrintInfo,(),TStdPrintHandler::SetDefaultPrintInfo(),,cw_symbols.demangled,3974,method,high
TStdPrintHandler,SetMargins,(),TStdPrintHandler::SetMargins(),,cw_symbols.demangled,3975,method,high
TStdPrintHandler,SetPageOffset,(const VPoint&),TStdPrintHandler::SetPageOffset(const VPoint&),,cw_symbols.demangled,3976,method,high
TStdPrintHandler,SetPrintExtent,(),TStdPrintHandler::SetPrintExtent(),,cw_symbols.demangled,3977,method,high
TStdPrintHandler,SetupForFinder,(),TStdPrintHandler::SetupForFinder(),,cw_symbols.demangled,3978,method,high
TStdPrintHandler,ShowDocBeingPrinted,(unsigned char),TStdPrintHandler::ShowDocBeingPrinted(unsigned char),,cw_symbols.demangled,3979,method,high
TStdPrintHandler,StripToPage,"(long, long)","TStdPrintHandler::StripToPage(long, long)",,cw_symbols.demangled,3980,method,high
TStdPrintHandler,TStdPrintHandler,(),TStdPrintHandler::TStdPrintHandler(),,cw_symbols.demangled,3981,constructor,high
TStdPrintHandler,ValidatePrintRecord,(unsigned char&),TStdPrintHandler::ValidatePrintRecord(unsigned char&),,cw_symbols.demangled,3982,method,high
TSteelCityMinister,ISteelCityMinister,(TGreatPower*),TSteelCityMinister::ISteelCityMinister(TGreatPower*),,cw_symbols.demangled,3983,method,high
TSteelCityMinister,_DefaultConstructor,(),TSteelCityMinister::_DefaultConstructor(),,cw_symbols.demangled,3984,constructor,high
TSteelCityMinister,TSteelCityMinister,(),TSteelCityMinister::TSteelCityMinister(),,cw_symbols.demangled,3985,constructor,high
TStratReportView,StuffValues,(StratCombatReport*),TStratReportView::StuffValues(StratCombatReport*),,cw_symbols.demangled,3986,method,high
TStratReportView,_DefaultConstructor,(),TStratReportView::_DefaultConstructor(),,cw_symbols.demangled,3987,constructor,high
TStratReportView,Draw,(const VRect&),TStratReportView::Draw(const VRect&),,cw_symbols.demangled,3988,method,high
TStratReportView,GetClassDescDynamic,() const,TStratReportView::GetClassDescDynamic() const,,cw_symbols.demangled,3989,classdesc,high
TStratReportView,TStratReportView,(),TStratReportView::TStratReportView(),,cw_symbols.demangled,3990,constructor,high
TStream,_DefaultConstructor,(),TStream::_DefaultConstructor(),,cw_symbols.demangled,3991,constructor,high
TStream,Free,(),TStream::Free(),,cw_symbols.demangled,3992,method,high
TStream,GetClassDescDynamic,() const,TStream::GetClassDescDynamic() const,,cw_symbols.demangled,3993,classdesc,high
TStream,GetContext,(),TStream::GetContext(),,cw_symbols.demangled,3994,method,high
TStream,GetPosition,(),TStream::GetPosition(),,cw_symbols.demangled,3995,method,high
TStream,GetSize,(),TStream::GetSize(),,cw_symbols.demangled,3996,method,high
TStream,IStream,(),TStream::IStream(),,cw_symbols.demangled,3997,method,high
TStream,LookupClassID,(long),TStream::LookupClassID(long),,cw_symbols.demangled,3998,method,high
TStream,ReadBoolean,(),TStream::ReadBoolean(),,cw_symbols.demangled,3999,method,high
TStream,ReadByte,(),TStream::ReadByte(),,cw_symbols.demangled,4000,method,high
TStream,ReadBytes,"(void*, long)","TStream::ReadBytes(void*, long)",,cw_symbols.demangled,4001,method,high
TStream,ReadCharacter,(short&),TStream::ReadCharacter(short&),,cw_symbols.demangled,4002,method,high
TStream,ReadHandle,(),TStream::ReadHandle(),,cw_symbols.demangled,4003,method,high
TStream,ReadIDType,(),TStream::ReadIDType(),,cw_symbols.demangled,4004,method,high
TStream,ReadInteger,(),TStream::ReadInteger(),,cw_symbols.demangled,4005,method,high
TStream,ReadLong,(),TStream::ReadLong(),,cw_symbols.demangled,4006,method,high
TStream,ReadObject,(TObject*&),TStream::ReadObject(TObject*&),,cw_symbols.demangled,4007,method,high
TStream,ReadRect,(CRect&),TStream::ReadRect(CRect&),,cw_symbols.demangled,4008,method,high
TStream,ReadRGBColor,(CRGBColor&),TStream::ReadRGBColor(CRGBColor&),,cw_symbols.demangled,4009,method,high
TStream,ReadStdObject,(TObject*&),TStream::ReadStdObject(TObject*&),,cw_symbols.demangled,4010,method,high
TStream,ReadString,"(CString&, short)","TStream::ReadString(CString&, short)",,cw_symbols.demangled,4011,method,high
TStream,ReadVRect,(VRect&),TStream::ReadVRect(VRect&),,cw_symbols.demangled,4012,method,high
TStream,RegisterClassID,"(long, long)","TStream::RegisterClassID(long, long)",,cw_symbols.demangled,4013,method,high
TStream,SetContext,(TContext*),TStream::SetContext(TContext*),,cw_symbols.demangled,4014,method,high
TStream,SetPosition,(long),TStream::SetPosition(long),,cw_symbols.demangled,4015,method,high
TStream,SetSize,(long),TStream::SetSize(long),,cw_symbols.demangled,4016,method,high
TStream,TStream,(),TStream::TStream(),,cw_symbols.demangled,4017,constructor,high
TStream,WriteByte,(unsigned char),TStream::WriteByte(unsigned char),,cw_symbols.demangled,4018,method,high
TStream,WriteCharacter,(short),TStream::WriteCharacter(short),,cw_symbols.demangled,4019,method,high
TStream,WriteIDType,(unsigned long),TStream::WriteIDType(unsigned long),,cw_symbols.demangled,4020,method,high
TStream,WriteInteger,(short),TStream::WriteInteger(short),,cw_symbols.demangled,4021,method,high
TStream,WriteObjectSize,(long),TStream::WriteObjectSize(long),,cw_symbols.demangled,4022,method,high
TStream,WritePoint,(CPoint),TStream::WritePoint(CPoint),,cw_symbols.demangled,4023,method,high
TStream,WriteRect,(const CRect&),TStream::WriteRect(const CRect&),,cw_symbols.demangled,4024,method,high
TStream,WriteRGBColor,(const CRGBColor&),TStream::WriteRGBColor(const CRGBColor&),,cw_symbols.demangled,4025,method,high
TStream,WriteStdObject,"(TObject*, long&)","TStream::WriteStdObject(TObject*, long&)",,cw_symbols.demangled,4026,method,high
TStream,WriteStreamObject,"(TObject*, unsigned char)","TStream::WriteStreamObject(TObject*, unsigned char)",,cw_symbols.demangled,4027,method,high
TStream,WriteString,(const CString&),TStream::WriteString(const CString&),,cw_symbols.demangled,4028,method,high
TStream,WriteVPoint,(const VPoint&),TStream::WriteVPoint(const VPoint&),,cw_symbols.demangled,4029,method,high
TStream,WriteWordAlign,(),TStream::WriteWordAlign(),,cw_symbols.demangled,4030,method,high
TSwapperDaddyView,_DefaultConstructor,(),TSwapperDaddyView::_DefaultConstructor(),,cw_symbols.demangled,4031,constructor,high
TSwapperDaddyView,GetClassDescDynamic,() const,TSwapperDaddyView::GetClassDescDynamic() const,,cw_symbols.demangled,4032,classdesc,high
TTabber,_DefaultConstructor,(),TTabber::_DefaultConstructor(),,cw_symbols.demangled,4033,constructor,high
TTabber,FindSubViewTargets,"(TView*, unsigned char)","TTabber::FindSubViewTargets(TView*, unsigned char)",,cw_symbols.demangled,4034,method,high
TTabber,FindTargets,(unsigned char),TTabber::FindTargets(unsigned char),,cw_symbols.demangled,4035,method,high
TTabber,GetClassDescDynamic,() const,TTabber::GetClassDescDynamic() const,,cw_symbols.demangled,4036,classdesc,high
TTabber,ITabber,(unsigned char),TTabber::ITabber(unsigned char),,cw_symbols.demangled,4037,method,high
TTabber,ReadFrom,(TStream*),TTabber::ReadFrom(TStream*),,cw_symbols.demangled,4038,method,high
TTabber,Tab,(unsigned char),TTabber::Tab(unsigned char),,cw_symbols.demangled,4039,method,high
TTabber,TTabber,(),TTabber::TTabber(),,cw_symbols.demangled,4040,constructor,high
TTabber,WriteTo,(TStream*),TTabber::WriteTo(TStream*),,cw_symbols.demangled,4041,method,high
TTacArmyView,StuffValues,"(long, TTacticalBattle*)","TTacArmyView::StuffValues(long, TTacticalBattle*)",,cw_symbols.demangled,4042,method,high
TTacArmyView,GetUnitFrame,"(TArmyTacUnit*, CRect&)","TTacArmyView::GetUnitFrame(TArmyTacUnit*, CRect&)",,cw_symbols.demangled,4043,method,high
TTacArmyView,_DefaultConstructor,(),TTacArmyView::_DefaultConstructor(),,cw_symbols.demangled,4044,constructor,high
TTacArmyView,GetClassDescDynamic,() const,TTacArmyView::GetClassDescDynamic() const,,cw_symbols.demangled,4045,classdesc,high
TTacMapUberPicture,_DefaultConstructor,(),TTacMapUberPicture::_DefaultConstructor(),,cw_symbols.demangled,4046,constructor,high
TTacMapUberPicture,DoPostCreate,(TDocument*),TTacMapUberPicture::DoPostCreate(TDocument*),,cw_symbols.demangled,4047,method,high
TTacMapUberPicture,Scroll,(short),TTacMapUberPicture::Scroll(short),,cw_symbols.demangled,4048,method,high
TTacNavyToolbar,DoEvent,"(long, TEventHandler*, TEvent*)","TTacNavyToolbar::DoEvent(long, TEventHandler*, TEvent*)",,cw_symbols.demangled,4049,method,high
TTacNavyToolbar,_DefaultConstructor,(),TTacNavyToolbar::_DefaultConstructor(),,cw_symbols.demangled,4050,constructor,high
TTacNavyToolbar,DoPostCreate,(TDocument*),TTacNavyToolbar::DoPostCreate(TDocument*),,cw_symbols.demangled,4051,method,high
TTacNavyToolbar,GetClassDescDynamic,() const,TTacNavyToolbar::GetClassDescDynamic() const,,cw_symbols.demangled,4052,classdesc,high
TTacNavyToolbar,SetUnit,(TTacticalUnit*),TTacNavyToolbar::SetUnit(TTacticalUnit*),,cw_symbols.demangled,4053,method,high
TTacticalAdiosPicture,GetClassDescDynamic,() const,TTacticalAdiosPicture::GetClassDescDynamic() const,,cw_symbols.demangled,4054,classdesc,high
TTacticalAdiosPicture,DoPostCreate,(TDocument*),TTacticalAdiosPicture::DoPostCreate(TDocument*),,cw_symbols.demangled,4055,method,high
TTacticalAdiosPicture,_DefaultConstructor,(),TTacticalAdiosPicture::_DefaultConstructor(),,cw_symbols.demangled,4056,constructor,high
TTacticalAdiosPicture,;.DoEvent,"(long, TEventHandler*, TEvent*)","TTacticalAdiosPicture::;.DoEvent(long, TEventHandler*, TEvent*)",,cw_symbols.demangled,4057,method,high
TTacticalBattle,DeployUnit,"(TTacticalUnit*, long)","TTacticalBattle::DeployUnit(TTacticalUnit*, long)",,cw_symbols.demangled,4058,method,high
TTacticalBattle,CalculateMoveMap,(TTacticalUnit*),TTacticalBattle::CalculateMoveMap(TTacticalUnit*),,cw_symbols.demangled,4059,method,high
TTacticalBattle,CalculateDangerMap,(TTacticalUnit*),TTacticalBattle::CalculateDangerMap(TTacticalUnit*),,cw_symbols.demangled,4060,method,high
TTacticalBattle,LaRally,"(TArmyTacUnit*, int, UnitState, unsigned char)","TTacticalBattle::LaRally(TArmyTacUnit*, int, UnitState, unsigned char)",,cw_symbols.demangled,4061,method,high
TTacticalBattle,AreNeighbors,"(long, long)","TTacticalBattle::AreNeighbors(long, long)",,cw_symbols.demangled,4062,method,high
TTacticalBattle,BeginFighting,(),TTacticalBattle::BeginFighting(),,cw_symbols.demangled,4063,method,high
TTacticalBattle,CanFireOn,"(TTacticalUnit*, long)","TTacticalBattle::CanFireOn(TTacticalUnit*, long)",,cw_symbols.demangled,4064,method,high
TTacticalBattle,Capture,(TTacticalUnit*),TTacticalBattle::Capture(TTacticalUnit*),,cw_symbols.demangled,4065,method,high
TTacticalBattle,CheckForVictory,(),TTacticalBattle::CheckForVictory(),,cw_symbols.demangled,4066,method,high
TTacticalBattle,ClearTunnel,(long),TTacticalBattle::ClearTunnel(long),,cw_symbols.demangled,4067,method,high
TTacticalBattle,ContinueDig,(TArmyTacUnit*),TTacticalBattle::ContinueDig(TArmyTacUnit*),,cw_symbols.demangled,4068,method,high
TTacticalBattle,Cycle,(),TTacticalBattle::Cycle(),,cw_symbols.demangled,4069,method,high
TTacticalBattle,CycleTarget,(),TTacticalBattle::CycleTarget(),,cw_symbols.demangled,4070,method,high
TTacticalBattle,DamageFort,"(long, long)","TTacticalBattle::DamageFort(long, long)",,cw_symbols.demangled,4071,method,high
TTacticalBattle,_DefaultConstructor,(),TTacticalBattle::_DefaultConstructor(),,cw_symbols.demangled,4072,constructor,high
TTacticalBattle,DigTunnel,"(TTacticalUnit*, long)","TTacticalBattle::DigTunnel(TTacticalUnit*, long)",,cw_symbols.demangled,4073,method,high
TTacticalBattle,DoClick,(long),TTacticalBattle::DoClick(long),,cw_symbols.demangled,4074,method,high
TTacticalBattle,EndBattle,(unsigned char),TTacticalBattle::EndBattle(unsigned char),,cw_symbols.demangled,4075,method,high
TTacticalBattle,FindMapSize,(),TTacticalBattle::FindMapSize(),,cw_symbols.demangled,4076,method,high
TTacticalBattle,FinishedDeploying,(),TTacticalBattle::FinishedDeploying(),,cw_symbols.demangled,4077,method,high
TTacticalBattle,FireOn,"(TTacticalUnit*, long)","TTacticalBattle::FireOn(TTacticalUnit*, long)",,cw_symbols.demangled,4078,method,high
TTacticalBattle,FortBreached,(),TTacticalBattle::FortBreached(),,cw_symbols.demangled,4079,method,high
TTacticalBattle,FortCrossing,"(long, long)","TTacticalBattle::FortCrossing(long, long)",,cw_symbols.demangled,4080,method,high
TTacticalBattle,GetClassDescStatic,(),TTacticalBattle::GetClassDescStatic(),,cw_symbols.demangled,4081,classdesc,high
TTacticalBattle,GetNeighborList,"(long, long*)","TTacticalBattle::GetNeighborList(long, long*)",,cw_symbols.demangled,4082,method,high
TTacticalBattle,GetRange,"(long, long)","TTacticalBattle::GetRange(long, long)",,cw_symbols.demangled,4083,method,high
TTacticalBattle,GetTileAction,(long),TTacticalBattle::GetTileAction(long),,cw_symbols.demangled,4084,method,high
TTacticalBattle,GetTileCursor,(long),TTacticalBattle::GetTileCursor(long),,cw_symbols.demangled,4085,method,high
TTacticalBattle,IntactFort,(long),TTacticalBattle::IntactFort(long),,cw_symbols.demangled,4086,method,high
TTacticalBattle,InitTacticalBattle,"(TTacticalPlayer*, TTacticalPlayer*)","TTacticalBattle::InitTacticalBattle(TTacticalPlayer*, TTacticalPlayer*)",,cw_symbols.demangled,4087,method,high
TTacticalBattle,LaDeploy,"(TArmyTacUnit*, int, unsigned char)","TTacticalBattle::LaDeploy(TArmyTacUnit*, int, unsigned char)",,cw_symbols.demangled,4088,method,high
TTacticalBattle,LaDig,"(TArmyTacUnit*, int, unsigned char)","TTacticalBattle::LaDig(TArmyTacUnit*, int, unsigned char)",,cw_symbols.demangled,4089,method,high
TTacticalBattle,LaMine,"(int, long, unsigned char)","TTacticalBattle::LaMine(int, long, unsigned char)",,cw_symbols.demangled,4090,method,high
TTacticalBattle,MakeRetreatMap,(unsigned char),TTacticalBattle::MakeRetreatMap(unsigned char),,cw_symbols.demangled,4091,method,high
TTacticalBattle,=.RallyUnit,"(TTacticalUnit*, TArmyTacUnit*)","TTacticalBattle::=.RallyUnit(TTacticalUnit*, TArmyTacUnit*)",,cw_symbols.demangled,4092,method,high
TTacticalBattle,SelectUnit,(TTacticalUnit*),TTacticalBattle::SelectUnit(TTacticalUnit*),,cw_symbols.demangled,4093,method,high
TTacticalBattle,Signal,(long),TTacticalBattle::Signal(long),,cw_symbols.demangled,4094,method,high
TTacticalBattle,StartBattle,(),TTacticalBattle::StartBattle(),,cw_symbols.demangled,4095,method,high
TTacticalBattle,TraceLineOfFire,"(long, long, unsigned char, long)","TTacticalBattle::TraceLineOfFire(long, long, unsigned char, long)",,cw_symbols.demangled,4096,method,high
TTacticalBattle,ValidMove,(),TTacticalBattle::ValidMove(),,cw_symbols.demangled,4097,method,high
TTacticalBattleView,DoPostCreate,(TDocument*),TTacticalBattleView::DoPostCreate(TDocument*),,cw_symbols.demangled,4098,method,high
TTacticalBattleView,DoKeyEvent,(TToolboxEvent*),TTacticalBattleView::DoKeyEvent(TToolboxEvent*),,cw_symbols.demangled,4099,method,high
TTacticalBattleView,GlideUnit,"(TTacticalUnit*, long, long)","TTacticalBattleView::GlideUnit(TTacticalUnit*, long, long)",,cw_symbols.demangled,4100,method,high
TTacticalBattleView,HandleCursor,"(const VPoint&, Region**)","TTacticalBattleView::HandleCursor(const VPoint&, Region**)",,cw_symbols.demangled,4101,method,high
TTacticalBattleView,InvalidateUnit,(TTacticalUnit*),TTacticalBattleView::InvalidateUnit(TTacticalUnit*),,cw_symbols.demangled,4102,method,high
TTacticalBattleView,UnitRect,"(TTacticalUnit*, CRect&)","TTacticalBattleView::UnitRect(TTacticalUnit*, CRect&)",,cw_symbols.demangled,4103,method,high
TTacticalBattleView,BracketRect,(CRect&),TTacticalBattleView::BracketRect(CRect&),,cw_symbols.demangled,4104,method,high
TTacticalBattleView,DrawTile,"(long, CRect&)","TTacticalBattleView::DrawTile(long, CRect&)",,cw_symbols.demangled,4105,method,high
TTacticalBattleView,DoMouseCommand,"(VPoint&, TToolboxEvent*, CPoint)","TTacticalBattleView::DoMouseCommand(VPoint&, TToolboxEvent*, CPoint)",,cw_symbols.demangled,4106,method,high
TTacticalBattleView,ForceNoRedraw,(),TTacticalBattleView::ForceNoRedraw(),,cw_symbols.demangled,4107,method,high
TTacticalBattleView,GetClassDescDynamic,() const,TTacticalBattleView::GetClassDescDynamic() const,,cw_symbols.demangled,4108,classdesc,high
TTacticalBattleView,GetClassDescStatic,(),TTacticalBattleView::GetClassDescStatic(),,cw_symbols.demangled,4109,classdesc,high
TTacticalBattleView,InvalidateTile,(long),TTacticalBattleView::InvalidateTile(long),,cw_symbols.demangled,4110,method,high
TTacticalBattleView,KillSelectionBlink,(),TTacticalBattleView::KillSelectionBlink(),,cw_symbols.demangled,4111,method,high
TTacticalBattleView,MakeTileVisible,(long),TTacticalBattleView::MakeTileVisible(long),,cw_symbols.demangled,4112,method,high
TTacticalBattleView,PlayAni,"(CRect&, short, long, long, long)","TTacticalBattleView::PlayAni(CRect&, short, long, long, long)",,cw_symbols.demangled,4113,method,high
TTacticalBattleView,PlayAni,"(long, short, long)","TTacticalBattleView::PlayAni(long, short, long)",,cw_symbols.demangled,4114,method,high
TTacticalBattleView,Scroll,(short),TTacticalBattleView::Scroll(short),,cw_symbols.demangled,4115,method,high
TTacticalBattleView,SetCurrentPlayer,(unsigned char),TTacticalBattleView::SetCurrentPlayer(unsigned char),,cw_symbols.demangled,4116,method,high
TTacticalHolaPicture,_DefaultConstructor,(),TTacticalHolaPicture::_DefaultConstructor(),,cw_symbols.demangled,4117,constructor,high
TTacticalHolaPicture,GetClassDescDynamic,() const,TTacticalHolaPicture::GetClassDescDynamic() const,,cw_symbols.demangled,4118,classdesc,high
TTacticalHolaPicture,StuffValues,"(int, int, int, int)","TTacticalHolaPicture::StuffValues(int, int, int, int)",,cw_symbols.demangled,4119,method,high
TTacticalPlayer,RetreatUnit,(TTacticalUnit*),TTacticalPlayer::RetreatUnit(TTacticalUnit*),,cw_symbols.demangled,4120,method,high
TTacticalPlayer,AddCapturedUnit,(TTacticalUnit*),TTacticalPlayer::AddCapturedUnit(TTacticalUnit*),,cw_symbols.demangled,4121,method,high
TTacticalPlayer,RemoveCapturedUnit,(TTacticalUnit*),TTacticalPlayer::RemoveCapturedUnit(TTacticalUnit*),,cw_symbols.demangled,4122,method,high
TTacticalPlayer,ApplyChanges,(unsigned char),TTacticalPlayer::ApplyChanges(unsigned char),,cw_symbols.demangled,4123,method,high
TTacticalPlayer,_DefaultConstructor,(),TTacticalPlayer::_DefaultConstructor(),,cw_symbols.demangled,4124,constructor,high
TTacticalPlayer,DoClick,(long),TTacticalPlayer::DoClick(long),,cw_symbols.demangled,4125,method,high
TTacticalPlayer,Free,(),TTacticalPlayer::Free(),,cw_symbols.demangled,4126,method,high
TTacticalPlayer,GetClassDescStatic,(),TTacticalPlayer::GetClassDescStatic(),,cw_symbols.demangled,4127,classdesc,high
TTacticalPlayer,GetNextUnit,(),TTacticalPlayer::GetNextUnit(),,cw_symbols.demangled,4128,method,high
TTacticalPlayer,IsPlayer,() const,TTacticalPlayer::IsPlayer() const,,cw_symbols.demangled,4129,method,high
TTacticalPlayer,ITacticalPlayer,"(unsigned char, unsigned char, long)","TTacticalPlayer::ITacticalPlayer(unsigned char, unsigned char, long)",,cw_symbols.demangled,4130,method,high
TTacticalPlayer,NextMove,(),TTacticalPlayer::NextMove(),,cw_symbols.demangled,4131,method,high
TTacticalPlayer,StartBattle,(),TTacticalPlayer::StartBattle(),,cw_symbols.demangled,4132,method,high
TTacticalPlayer,SwitchToAutoPlay,(),TTacticalPlayer::SwitchToAutoPlay(),,cw_symbols.demangled,4133,method,high
TTacticalToolbar,_DefaultConstructor,(),TTacticalToolbar::_DefaultConstructor(),,cw_symbols.demangled,4134,constructor,high
TTacticalToolbar,GetClassDescDynamic,() const,TTacticalToolbar::GetClassDescDynamic() const,,cw_symbols.demangled,4135,classdesc,high
TTacticalToolbar,GetClassDescStatic,(),TTacticalToolbar::GetClassDescStatic(),,cw_symbols.demangled,4136,classdesc,high
TTacticalToolbar,SetTarget,(TTacticalUnit*),TTacticalToolbar::SetTarget(TTacticalUnit*),,cw_symbols.demangled,4137,method,high
TTacticalUnit,ApplyDamage,"(long, long)","TTacticalUnit::ApplyDamage(long, long)",,cw_symbols.demangled,4138,method,high
TTacticalUnit,Capture,(),TTacticalUnit::Capture(),,cw_symbols.demangled,4139,method,high
TTacticalUnit,_DefaultConstructor,(),TTacticalUnit::_DefaultConstructor(),,cw_symbols.demangled,4140,constructor,high
TTacticalUnit,GetArmor,(),TTacticalUnit::GetArmor(),,cw_symbols.demangled,4141,method,high
TTacticalUnit,GetClassDescDynamic,() const,TTacticalUnit::GetClassDescDynamic() const,,cw_symbols.demangled,4142,classdesc,high
TTacticalUnit,GetClassDescStatic,(),TTacticalUnit::GetClassDescStatic(),,cw_symbols.demangled,4143,classdesc,high
TTacticalUnit,GetFirepower,(),TTacticalUnit::GetFirepower(),,cw_symbols.demangled,4144,method,high
TTacticalUnit,GetRange,(),TTacticalUnit::GetRange(),,cw_symbols.demangled,4145,method,high
TTacticalUnit,GetSpeed,(),TTacticalUnit::GetSpeed(),,cw_symbols.demangled,4146,method,high
TTacticalUnit,ITacticalUnit,(),TTacticalUnit::ITacticalUnit(),,cw_symbols.demangled,4147,method,high
TTargetBorderView,ComputeBorderRegion,(Region**),TTargetBorderView::ComputeBorderRegion(Region**),,cw_symbols.demangled,4148,method,high
TTargetBorderView,DoEvent,"(long, TEventHandler*, TEvent*)","TTargetBorderView::DoEvent(long, TEventHandler*, TEvent*)",,cw_symbols.demangled,4149,method,high
TTargetBorderView,_DefaultConstructor,(),TTargetBorderView::_DefaultConstructor(),,cw_symbols.demangled,4150,constructor,high
TTargetBorderView,Draw,(const VRect&),TTargetBorderView::Draw(const VRect&),,cw_symbols.demangled,4151,method,high
TTargetBorderView,HandleMouseDown,"(const VPoint&, TToolboxEvent*, CPoint)","TTargetBorderView::HandleMouseDown(const VPoint&, TToolboxEvent*, CPoint)",,cw_symbols.demangled,4152,method,high
TTargetBorderView,GetClassDescDynamic,() const,TTargetBorderView::GetClassDescDynamic() const,,cw_symbols.demangled,4153,classdesc,high
TTargetBorderView,GetStandardSignature,(),TTargetBorderView::GetStandardSignature(),,cw_symbols.demangled,4154,method,high
TTargetBorderView,SetFrame,"(const VRect&, unsigned char)","TTargetBorderView::SetFrame(const VRect&, unsigned char)",,cw_symbols.demangled,4155,method,high
TTargetBorderView,TTargetBorderView,(),TTargetBorderView::TTargetBorderView(),,cw_symbols.demangled,4156,constructor,high
TTargetBorderView,WriteFields,(TStream*),TTargetBorderView::WriteFields(TStream*),,cw_symbols.demangled,4157,method,high
TTask,Execute,(TTaskList*),TTask::Execute(TTaskList*),,cw_symbols.demangled,4158,method,high
TTaskForce,LinkTo,"(TTaskForce*, TTaskForce*)","TTaskForce::LinkTo(TTaskForce*, TTaskForce*)",,cw_symbols.demangled,4159,method,high
TTaskForce,ResolveEncounterWith,(TTaskForce*),TTaskForce::ResolveEncounterWith(TTaskForce*),,cw_symbols.demangled,4160,method,high
TTaskForce,GetCompositionDescription,(CStr255&) const,TTaskForce::GetCompositionDescription(CStr255&) const,,cw_symbols.demangled,4161,method,high
TTaskForce,BattleWith,"(TTaskForce*, TTaskForce*&)","TTaskForce::BattleWith(TTaskForce*, TTaskForce*&)",,cw_symbols.demangled,4162,method,high
TTaskForce,DemocraticallyDetermineAggressionLevel,(),TTaskForce::DemocraticallyDetermineAggressionLevel(),,cw_symbols.demangled,4163,method,high
TTaskForce,AttemptToEvade,(const TTaskForce*),TTaskForce::AttemptToEvade(const TTaskForce*),,cw_symbols.demangled,4164,method,high
TTaskForce,CancelOrders,(unsigned char),TTaskForce::CancelOrders(unsigned char),,cw_symbols.demangled,4165,method,high
TTaskForce,CarryOutOrders,(),TTaskForce::CarryOutOrders(),,cw_symbols.demangled,4166,method,high
TTaskForce,CommitToOrders,(),TTaskForce::CommitToOrders(),,cw_symbols.demangled,4167,method,high
TTaskForce,CountShips,() const,TTaskForce::CountShips() const,,cw_symbols.demangled,4168,method,high
TTaskForce,CreateIngot,(),TTaskForce::CreateIngot(),,cw_symbols.demangled,4169,method,high
TTaskForce,DestroyIngot,(),TTaskForce::DestroyIngot(),,cw_symbols.demangled,4170,method,high
TTaskForce,DropShips,(unsigned char),TTaskForce::DropShips(unsigned char),,cw_symbols.demangled,4171,method,high
TTaskForce,Free,(),TTaskForce::Free(),,cw_symbols.demangled,4172,method,high
TTaskForce,FreeAll,(),TTaskForce::FreeAll(),,cw_symbols.demangled,4173,method,high
TTaskForce,FreeAvailables,(),TTaskForce::FreeAvailables(),,cw_symbols.demangled,4174,method,high
TTaskForce,GetBattleStrengthRating,() const,TTaskForce::GetBattleStrengthRating() const,,cw_symbols.demangled,4175,method,high
TTaskForce,GetClassDescDynamic,() const,TTaskForce::GetClassDescDynamic() const,,cw_symbols.demangled,4176,classdesc,high
TTaskForce,GetGeneralDescription,(CStr255&) const,TTaskForce::GetGeneralDescription(CStr255&) const,,cw_symbols.demangled,4177,method,high
TTaskForce,GetInvasionCapacity,() const,TTaskForce::GetInvasionCapacity() const,,cw_symbols.demangled,4178,method,high
TTaskForce,GetNationalNth,"(short, short)","TTaskForce::GetNationalNth(short, short)",,cw_symbols.demangled,4179,method,high
TTaskForce,GetSelected,(short) const,TTaskForce::GetSelected(short) const,,cw_symbols.demangled,4180,method,high
TTaskForce,GetSnooperDescription,(CStr255&) const,TTaskForce::GetSnooperDescription(CStr255&) const,,cw_symbols.demangled,4181,method,high
TTaskForce,GetWorstSpeed,() const,TTaskForce::GetWorstSpeed() const,,cw_symbols.demangled,4182,method,high
TTaskForce,IsAfraidOf,(TTaskForce*) const,TTaskForce::IsAfraidOf(TTaskForce*) const,,cw_symbols.demangled,4183,method,high
TTaskForce,IsEmpty,() const,TTaskForce::IsEmpty() const,,cw_symbols.demangled,4184,method,high
TTaskForce,IsPassingThroughPort,(TZone*) const,TTaskForce::IsPassingThroughPort(TZone*) const,,cw_symbols.demangled,4185,method,high
TTaskForce,IsValidTarget,(Province*),TTaskForce::IsValidTarget(Province*),,cw_symbols.demangled,4186,method,high
TTaskForce,ITaskForce,(),TTaskForce::ITaskForce(),,cw_symbols.demangled,4187,method,high
TTaskForce,MaxOut,(unsigned char),TTaskForce::MaxOut(unsigned char),,cw_symbols.demangled,4188,method,high
TTaskForce,NoSelection,() const,TTaskForce::NoSelection() const,,cw_symbols.demangled,4189,method,high
TTaskForce,OrderEvade,(),TTaskForce::OrderEvade(),,cw_symbols.demangled,4190,method,high
TTaskForce,OrderPatrol,(unsigned char),TTaskForce::OrderPatrol(unsigned char),,cw_symbols.demangled,4191,method,high
TTaskForce,OrderSailTowards,(TZone*),TTaskForce::OrderSailTowards(TZone*),,cw_symbols.demangled,4192,method,high
TTaskForce,OrderSail,(TZone*),TTaskForce::OrderSail(TZone*),,cw_symbols.demangled,4193,method,high
TTaskForce,OrderSendInTheMarines,(Province*),TTaskForce::OrderSendInTheMarines(Province*),,cw_symbols.demangled,4194,method,high
TTaskForce,ReadFrom,(TStream*),TTaskForce::ReadFrom(TStream*),,cw_symbols.demangled,4195,method,high
TTaskForce,RechargeAll,(),TTaskForce::RechargeAll(),,cw_symbols.demangled,4196,method,high
TTaskForce,RegainVirginity,"(int, TZone*)","TTaskForce::RegainVirginity(int, TZone*)",,cw_symbols.demangled,4197,method,high
TTaskForce,RemoveStragglers,(),TTaskForce::RemoveStragglers(),,cw_symbols.demangled,4198,method,high
TTaskForce,Remove,(TShip*),TTaskForce::Remove(TShip*),,cw_symbols.demangled,4199,method,high
TTaskForce,Scramble,(),TTaskForce::Scramble(),,cw_symbols.demangled,4200,method,high
TTaskForce,Select,"(short, unsigned char)","TTaskForce::Select(short, unsigned char)",,cw_symbols.demangled,4201,method,high
TTaskForce,Select,"(TShip*, unsigned char)","TTaskForce::Select(TShip*, unsigned char)",,cw_symbols.demangled,4202,method,high
TTaskForce,SetAggression,(eAgro),TTaskForce::SetAggression(eAgro),,cw_symbols.demangled,4203,method,high
TTaskForce,SinkOrSwimShips,(),TTaskForce::SinkOrSwimShips(),,cw_symbols.demangled,4204,method,high
TTaskForce,SubmitOrders,"(eShipOrders, void*)","TTaskForce::SubmitOrders(eShipOrders, void*)",,cw_symbols.demangled,4205,method,high
TTaskForce,TryToSpot,(const TTaskForce*) const,TTaskForce::TryToSpot(const TTaskForce*) const,,cw_symbols.demangled,4206,method,high
TTaskForce,TTaskForce,"(TZone*, short)","TTaskForce::TTaskForce(TZone*, short)",,cw_symbols.demangled,4207,constructor,high
TTaskForce,Victory,(int),TTaskForce::Victory(int),,cw_symbols.demangled,4208,method,high
TTaskForce,WriteTo,(TStream*),TTaskForce::WriteTo(TStream*),,cw_symbols.demangled,4209,method,high
TTask,GetClassDescDynamic,() const,TTask::GetClassDescDynamic() const,,cw_symbols.demangled,4210,classdesc,high
TTask,ITask,(short),TTask::ITask(short),,cw_symbols.demangled,4211,method,high
TTaskList,AddTask,(TTask*),TTaskList::AddTask(TTask*),,cw_symbols.demangled,4212,method,high
TTaskList,ContainsTask,(short),TTaskList::ContainsTask(short),,cw_symbols.demangled,4213,method,high
TTaskList,GetClassDescDynamic,() const,TTaskList::GetClassDescDynamic() const,,cw_symbols.demangled,4214,classdesc,high
TTaskList,ITaskList,(),TTaskList::ITaskList(),,cw_symbols.demangled,4215,method,high
TTaskList,TTaskList,(),TTaskList::TTaskList(),,cw_symbols.demangled,4216,constructor,high
TTask,ReadFrom,(TStream*),TTask::ReadFrom(TStream*),,cw_symbols.demangled,4217,method,high
TTask,TTask,(),TTask::TTask(),,cw_symbols.demangled,4218,constructor,high
TTechCheater,GetClassDescDynamic,() const,TTechCheater::GetClassDescDynamic() const,,cw_symbols.demangled,4219,classdesc,high
TTechCheater,ITechCheater,(TView*),TTechCheater::ITechCheater(TView*),,cw_symbols.demangled,4220,method,high
TTechHistoryView,GetClassDescDynamic,() const,TTechHistoryView::GetClassDescDynamic() const,,cw_symbols.demangled,4221,classdesc,high
TTechItemLine,_DefaultConstructor,(),TTechItemLine::_DefaultConstructor(),,cw_symbols.demangled,4222,constructor,high
TTechItemLine,GetClassDescDynamic,() const,TTechItemLine::GetClassDescDynamic() const,,cw_symbols.demangled,4223,classdesc,high
TTechItemLine,ITechItemLine,"(short, short, VPoint&, int, int)","TTechItemLine::ITechItemLine(short, short, VPoint&, int, int)",,cw_symbols.demangled,4224,method,high
TTechItemView,DoEvent,"(long, TEventHandler*, TEvent*)","TTechItemView::DoEvent(long, TEventHandler*, TEvent*)",,cw_symbols.demangled,4225,method,high
TTechItemView,ITechItemView,"(TView*, VPoint&, VPoint&, int, int)","TTechItemView::ITechItemView(TView*, VPoint&, VPoint&, int, int)",,cw_symbols.demangled,4226,method,high
TTechItemView,_DefaultConstructor,(),TTechItemView::_DefaultConstructor(),,cw_symbols.demangled,4227,constructor,high
TTechItemView,GetClassDescDynamic,() const,TTechItemView::GetClassDescDynamic() const,,cw_symbols.demangled,4228,classdesc,high
TTechMgr,ActivateLandUnit,"(long, int)","TTechMgr::ActivateLandUnit(long, int)",,cw_symbols.demangled,4229,method,high
TTechMgr,ActivateShip,"(long, int)","TTechMgr::ActivateShip(long, int)",,cw_symbols.demangled,4230,method,high
TTechMgr,CancelPurchase,"(long, int)","TTechMgr::CancelPurchase(long, int)",,cw_symbols.demangled,4231,method,high
TTechMgr,_DefaultConstructor,(),TTechMgr::_DefaultConstructor(),,cw_symbols.demangled,4232,constructor,high
TTechMgr,GeneralActivation,"(int, int)","TTechMgr::GeneralActivation(int, int)",,cw_symbols.demangled,4233,method,high
TTechMgr,GenerateTables,(),TTechMgr::GenerateTables(),,cw_symbols.demangled,4234,method,high
TTechMgr,GetBestFort,(int),TTechMgr::GetBestFort(int),,cw_symbols.demangled,4235,method,high
TTechMgr,GetClassDescDynamic,() const,TTechMgr::GetClassDescDynamic() const,,cw_symbols.demangled,4236,classdesc,high
TTechMgr,GetNextNewAdvance,(short),TTechMgr::GetNextNewAdvance(short),,cw_symbols.demangled,4237,method,high
TTechMgr,GetPreReqs,"(int, int, int&, int&)","TTechMgr::GetPreReqs(int, int, int&, int&)",,cw_symbols.demangled,4238,method,high
TTechMgr,HavePreReqs,"(int, int)","TTechMgr::HavePreReqs(int, int)",,cw_symbols.demangled,4239,method,high
TTechMgr,ITechMgr,(),TTechMgr::ITechMgr(),,cw_symbols.demangled,4240,method,high
TTechMgr,PurchaseTech,"(long, int)","TTechMgr::PurchaseTech(long, int)",,cw_symbols.demangled,4241,method,high
TTechMgr,SetAdvanceDate,"(long, long)","TTechMgr::SetAdvanceDate(long, long)",,cw_symbols.demangled,4242,method,high
TTechMgr,UniversalActivation,(int),TTechMgr::UniversalActivation(int),,cw_symbols.demangled,4243,method,high
TTechMgr,WriteTo,(TStream*),TTechMgr::WriteTo(TStream*),,cw_symbols.demangled,4244,method,high
TTechStorePage,_DefaultConstructor,(),TTechStorePage::_DefaultConstructor(),,cw_symbols.demangled,4245,constructor,high
TTechStorePage,GetClassDescDynamic,() const,TTechStorePage::GetClassDescDynamic() const,,cw_symbols.demangled,4246,classdesc,high
TTechStorePage,StuffValues,(int),TTechStorePage::StuffValues(int),,cw_symbols.demangled,4247,method,high
TTECommand,DoIt,(),TTECommand::DoIt(),,cw_symbols.demangled,4248,method,high
TTECommand,DoMainFunction,(),TTECommand::DoMainFunction(),,cw_symbols.demangled,4249,method,high
TTECommand,Free,(),TTECommand::Free(),,cw_symbols.demangled,4250,method,high
TTECommand,GetClassDescDynamic,() const,TTECommand::GetClassDescDynamic() const,,cw_symbols.demangled,4251,classdesc,high
TTECommand,InstallNewText,(),TTECommand::InstallNewText(),,cw_symbols.demangled,4252,method,high
TTECommand,RedoIt,(),TTECommand::RedoIt(),,cw_symbols.demangled,4253,method,high
TTECommand,RemoveAdditions,(),TTECommand::RemoveAdditions(),,cw_symbols.demangled,4254,method,high
TTECommand,RestoreSelection,(),TTECommand::RestoreSelection(),,cw_symbols.demangled,4255,method,high
TTECommand,ReviveDeletions,(),TTECommand::ReviveDeletions(),,cw_symbols.demangled,4256,method,high
TTECommand,TTECommand,(),TTECommand::TTECommand(),,cw_symbols.demangled,4257,constructor,high
TTECommand,UndoIt,(),TTECommand::UndoIt(),,cw_symbols.demangled,4258,method,high
TTECutCopyCommand,ITECutCopyCommand,"(TTEView*, long)","TTECutCopyCommand::ITECutCopyCommand(TTEView*, long)",,cw_symbols.demangled,4259,method,high
TTECutCopyCommand,_DefaultConstructor,(),TTECutCopyCommand::_DefaultConstructor(),,cw_symbols.demangled,4260,constructor,high
TTECutCopyCommand,DoIt,(),TTECutCopyCommand::DoIt(),,cw_symbols.demangled,4261,method,high
TTECutCopyCommand,Free,(),TTECutCopyCommand::Free(),,cw_symbols.demangled,4262,method,high
TTECutCopyCommand,GetClassDescDynamic,() const,TTECutCopyCommand::GetClassDescDynamic() const,,cw_symbols.demangled,4263,classdesc,high
TTECutCopyCommand,ReviveDeletions,(),TTECutCopyCommand::ReviveDeletions(),,cw_symbols.demangled,4264,method,high
TTECutCopyCommand,TTECutCopyCommand,(),TTECutCopyCommand::TTECutCopyCommand(),,cw_symbols.demangled,4265,constructor,high
TTedForeignMinister,DoSecondTurnDiplomacy,(),TTedForeignMinister::DoSecondTurnDiplomacy(),,cw_symbols.demangled,4266,method,high
TTedForeignMinister,MakeNewCity,(TCity*),TTedForeignMinister::MakeNewCity(TCity*),,cw_symbols.demangled,4267,method,high
TTEPasteCommand,_DefaultConstructor,(),TTEPasteCommand::_DefaultConstructor(),,cw_symbols.demangled,4268,constructor,high
TTerrainHelpPicture,DoEvent,"(long, TEventHandler*, TEvent*)","TTerrainHelpPicture::DoEvent(long, TEventHandler*, TEvent*)",,cw_symbols.demangled,4269,method,high
TTerrainHelpPicture,ShowTopic,(short),TTerrainHelpPicture::ShowTopic(short),,cw_symbols.demangled,4270,method,high
TTerrainHelpPicture,StuffValues,(short),TTerrainHelpPicture::StuffValues(short),,cw_symbols.demangled,4271,method,high
TTerrainHelpWindow,_DefaultConstructor,(),TTerrainHelpWindow::_DefaultConstructor(),,cw_symbols.demangled,4272,constructor,high
TTerrainHelpWindow,TTerrainHelpWindow,(),TTerrainHelpWindow::TTerrainHelpWindow(),,cw_symbols.demangled,4273,constructor,high
TTerrainInfoDialog,_DefaultConstructor,(),TTerrainInfoDialog::_DefaultConstructor(),,cw_symbols.demangled,4274,constructor,high
TTerrainInfoDialog,TTerrainInfoDialog,(),TTerrainInfoDialog::TTerrainInfoDialog(),,cw_symbols.demangled,4275,constructor,high
TTEStyleCommand,InstallOneStyle,(const TextStyle&),TTEStyleCommand::InstallOneStyle(const TextStyle&),,cw_symbols.demangled,4276,method,high
TTEStyleCommand,_DefaultConstructor,(),TTEStyleCommand::_DefaultConstructor(),,cw_symbols.demangled,4277,constructor,high
TTEStyleCommand,;.ITEStyleCommand,"(TTEView*, const TextStyle&, long, short)","TTEStyleCommand::;.ITEStyleCommand(TTEView*, const TextStyle&, long, short)",,cw_symbols.demangled,4278,method,high
TTEStyleCommand,RedoIt,(),TTEStyleCommand::RedoIt(),,cw_symbols.demangled,4279,method,high
TTEStyleCommand,UndoIt,(),TTEStyleCommand::UndoIt(),,cw_symbols.demangled,4280,method,high
TTETypingCommand,ITETypingCommand,"(TTEView*, short)","TTETypingCommand::ITETypingCommand(TTEView*, short)",,cw_symbols.demangled,4281,method,high
TTETypingCommand,AddCharacter,(short),TTETypingCommand::AddCharacter(short),,cw_symbols.demangled,4282,method,high
TTETypingCommand,BkSpcLeft,"(char**, short)","TTETypingCommand::BkSpcLeft(char**, short)",,cw_symbols.demangled,4283,method,high
TTETypingCommand,CompleteTyping,(),TTETypingCommand::CompleteTyping(),,cw_symbols.demangled,4284,method,high
TTETypingCommand,_DefaultConstructor,(),TTETypingCommand::_DefaultConstructor(),,cw_symbols.demangled,4285,constructor,high
TTETypingCommand,DoIt,(),TTETypingCommand::DoIt(),,cw_symbols.demangled,4286,method,high
TTETypingCommand,DoNormalChar,(short),TTETypingCommand::DoNormalChar(short),,cw_symbols.demangled,4287,method,high
TTETypingCommand,Free,(),TTETypingCommand::Free(),,cw_symbols.demangled,4288,method,high
TTETypingCommand,GetClassDescDynamic,() const,TTETypingCommand::GetClassDescDynamic() const,,cw_symbols.demangled,4289,classdesc,high
TTETypingCommand,RedoIt,(),TTETypingCommand::RedoIt(),,cw_symbols.demangled,4290,method,high
TTETypingCommand,TTETypingCommand,(),TTETypingCommand::TTETypingCommand(),,cw_symbols.demangled,4291,constructor,high
TTETypingCommand,UndoIt,(),TTETypingCommand::UndoIt(),,cw_symbols.demangled,4292,method,high
TTEView,StuffStyles,"(TEStyleRec**, STElement**)","TTEView::StuffStyles(TEStyleRec**, STElement**)",,cw_symbols.demangled,4293,method,high
TTEView,ExtractStyles,"(TEStyleRec**&, STElement**&)","TTEView::ExtractStyles(TEStyleRec**&, STElement**&)",,cw_symbols.demangled,4294,method,high
TTEView,InvalidateFrameDifference,"(const VRect&, const VRect&)","TTEView::InvalidateFrameDifference(const VRect&, const VRect&)",,cw_symbols.demangled,4295,method,high
TTEView,DoMouseCommand,"(VPoint&, TToolboxEvent*, CPoint)","TTEView::DoMouseCommand(VPoint&, TToolboxEvent*, CPoint)",,cw_symbols.demangled,4296,method,high
TTEView,AutoScrolling,(unsigned char),TTEView::AutoScrolling(unsigned char),,cw_symbols.demangled,4297,method,high
TTEView,BecameTarget,(),TTEView::BecameTarget(),,cw_symbols.demangled,4298,method,high
TTEView,BecameWindowTarget,(),TTEView::BecameWindowTarget(),,cw_symbols.demangled,4299,method,high
TTEView,BeInScroller,(TScroller*),TTEView::BeInScroller(TScroller*),,cw_symbols.demangled,4300,method,high
TTEView,CalcMinFrame,(VRect&),TTEView::CalcMinFrame(VRect&),,cw_symbols.demangled,4301,method,high
TTEView,CalcRealHeight,(),TTEView::CalcRealHeight(),,cw_symbols.demangled,4302,method,high
TTEView,CalcSelLoc,(VRect&),TTEView::CalcSelLoc(VRect&),,cw_symbols.demangled,4303,method,high
TTEView,ClickLoop,(),TTEView::ClickLoop(),,cw_symbols.demangled,4304,method,high
TTEView,ComputeFrame,(VRect&),TTEView::ComputeFrame(VRect&),,cw_symbols.demangled,4305,method,high
TTEView,_DefaultConstructor,(),TTEView::_DefaultConstructor(),,cw_symbols.demangled,4306,constructor,high
TTEView,DoCalcViewPerPage,(VPoint&),TTEView::DoCalcViewPerPage(VPoint&),,cw_symbols.demangled,4307,method,high
TTEView,DoIdle,(IdlePhase),TTEView::DoIdle(IdlePhase),,cw_symbols.demangled,4308,method,high
TTEView,DoMakeEditCommand,(long),TTEView::DoMakeEditCommand(long),,cw_symbols.demangled,4309,method,high
TTEView,DoMakeStyleCommand,"(const TextStyle&, long, short)","TTEView::DoMakeStyleCommand(const TextStyle&, long, short)",,cw_symbols.demangled,4310,method,high
TTEView,DoMakeTypingCommand,(short),TTEView::DoMakeTypingCommand(short),,cw_symbols.demangled,4311,method,high
TTEView,DoneTyping,(),TTEView::DoneTyping(),,cw_symbols.demangled,4312,method,high
TTEView,DoSetupMenus,(),TTEView::DoSetupMenus(),,cw_symbols.demangled,4313,method,high
TTEView,Draw,(const VRect&),TTEView::Draw(const VRect&),,cw_symbols.demangled,4314,method,high
TTEView,ExtractText,() const,TTEView::ExtractText() const,,cw_symbols.demangled,4315,method,high
TTEView,Free,(),TTEView::Free(),,cw_symbols.demangled,4316,method,high
TTEView,GetClassDescDynamic,() const,TTEView::GetClassDescDynamic() const,,cw_symbols.demangled,4317,classdesc,high
TTEView,GetClassDescStatic,(),TTEView::GetClassDescStatic(),,cw_symbols.demangled,4318,classdesc,high
TTEView,GetNumberOfChars,(),TTEView::GetNumberOfChars(),,cw_symbols.demangled,4319,method,high
TTEView,GetPrintExtent,(VRect&),TTEView::GetPrintExtent(VRect&),,cw_symbols.demangled,4320,method,high
TTEView,GetSelectionString,(CStr255&),TTEView::GetSelectionString(CStr255&),,cw_symbols.demangled,4321,method,high
TTEView,GetStandardSignature,(),TTEView::GetStandardSignature(),,cw_symbols.demangled,4322,method,high
TTEView,MakeTERecord,(),TTEView::MakeTERecord(),,cw_symbols.demangled,4323,method,high
TTEView,OffsetToLineEnd,(short),TTEView::OffsetToLineEnd(short),,cw_symbols.demangled,4324,method,high
TTEView,OffsetToLine,(short),TTEView::OffsetToLine(short),,cw_symbols.demangled,4325,method,high
TTEView,OffsetToPt,"(short, VPoint&)","TTEView::OffsetToPt(short, VPoint&)",,cw_symbols.demangled,4326,method,high
TTEView,ITEView,"(TDocument*, TView*, const VPoint&, const VPoint&, SizeDeterminer, SizeDeterminer, const VRect&, const TextStyle&, short, unsigned char, unsigned char)","TTEView::ITEView(TDocument*, TView*, const VPoint&, const VPoint&, SizeDeterminer, SizeDeterminer, const VRect&, const TextStyle&, short, unsigned char, unsigned char)",,cw_symbols.demangled,4327,method,high
TTEView,PtToOffset,(const VPoint&),TTEView::PtToOffset(const VPoint&),,cw_symbols.demangled,4328,method,high
TTEView,ReadFields,(TStream*),TTEView::ReadFields(TStream*),,cw_symbols.demangled,4329,method,high
TTEView,RecalcText,(),TTEView::RecalcText(),,cw_symbols.demangled,4330,method,high
TTEView,ResignedTarget,(),TTEView::ResignedTarget(),,cw_symbols.demangled,4331,method,high
TTEView,ResignedWindowTarget,(),TTEView::ResignedWindowTarget(),,cw_symbols.demangled,4332,method,high
TTEView,ScrollSelectionIntoView,(unsigned char),TTEView::ScrollSelectionIntoView(unsigned char),,cw_symbols.demangled,4333,method,high
TTEView,SetActive,(unsigned char),TTEView::SetActive(unsigned char),,cw_symbols.demangled,4334,method,high
TTEView,SetEnable,(unsigned char),TTEView::SetEnable(unsigned char),,cw_symbols.demangled,4335,method,high
TTEView,SetJustification,"(short, unsigned char)","TTEView::SetJustification(short, unsigned char)",,cw_symbols.demangled,4336,method,high
TTEView,SetOneStyle,"(short, short, short, const TextStyle&, unsigned char)","TTEView::SetOneStyle(short, short, short, const TextStyle&, unsigned char)",,cw_symbols.demangled,4337,method,high
TTEView,SetSelection,"(short, short, unsigned char)","TTEView::SetSelection(short, short, unsigned char)",,cw_symbols.demangled,4338,method,high
TTEView,SetText,(const CStr255&),TTEView::SetText(const CStr255&),,cw_symbols.demangled,4339,method,high
TTEView,ShowReverted,(),TTEView::ShowReverted(),,cw_symbols.demangled,4340,method,high
TTEView,SpaceForStyles,"(long, long)","TTEView::SpaceForStyles(long, long)",,cw_symbols.demangled,4341,method,high
TTEView,StuffTERects,(const CRect&),TTEView::StuffTERects(const CRect&),,cw_symbols.demangled,4342,method,high
TTEView,StuffText,(char**),TTEView::StuffText(char**),,cw_symbols.demangled,4343,method,high
TTEView,SynchView,(unsigned char),TTEView::SynchView(unsigned char),,cw_symbols.demangled,4344,method,high
TTEView,TTEView,(),TTEView::TTEView(),,cw_symbols.demangled,4345,constructor,high
TTEView,WordBounds,"(short, short&, short&)","TTEView::WordBounds(short, short&, short&)",,cw_symbols.demangled,4346,method,high
TTEView,WriteFields,(TStream*),TTEView::WriteFields(TStream*),,cw_symbols.demangled,4347,method,high
TTEView,WriteToDeskScrap,(),TTEView::WriteToDeskScrap(),,cw_symbols.demangled,4348,method,high
TTextGridView,_DefaultConstructor,(),TTextGridView::_DefaultConstructor(),,cw_symbols.demangled,4349,constructor,high
TTextGridView,Focus,(),TTextGridView::Focus(),,cw_symbols.demangled,4350,method,high
TTextGridView,GetClassDescDynamic,() const,TTextGridView::GetClassDescDynamic() const,,cw_symbols.demangled,4351,classdesc,high
TTextGridView,GetClassDescStatic,(),TTextGridView::GetClassDescStatic(),,cw_symbols.demangled,4352,classdesc,high
TTextGridView,GetStandardSignature,(),TTextGridView::GetStandardSignature(),,cw_symbols.demangled,4353,method,high
TTextGridView,SetUpFont,(),TTextGridView::SetUpFont(),,cw_symbols.demangled,4354,method,high
TTextGridView,TTextGridView,(),TTextGridView::TTextGridView(),,cw_symbols.demangled,4355,constructor,high
TTextGridView,WriteFields,(TStream*),TTextGridView::WriteFields(TStream*),,cw_symbols.demangled,4356,method,high
TTextileForeignMinister,_DefaultConstructor,(),TTextileForeignMinister::_DefaultConstructor(),,cw_symbols.demangled,4357,constructor,high
TTextileForeignMinister,GetClassDescDynamic,() const,TTextileForeignMinister::GetClassDescDynamic() const,,cw_symbols.demangled,4358,classdesc,high
TTextileForeignMinister,ReplyToTradeOffer,"(short, short, short, short)","TTextileForeignMinister::ReplyToTradeOffer(short, short, short, short)",,cw_symbols.demangled,4359,method,high
TTextileForeignMinister,MakeNewCity,(TCity*),TTextileForeignMinister::MakeNewCity(TCity*),,cw_symbols.demangled,4360,method,high
TTextLine,_DefaultConstructor,(),TTextLine::_DefaultConstructor(),,cw_symbols.demangled,4361,constructor,high
TTextLine,GetClassDescDynamic,() const,TTextLine::GetClassDescDynamic() const,,cw_symbols.demangled,4362,classdesc,high
TTextLine,InstallViews,"(TView*, VPoint&)","TTextLine::InstallViews(TView*, VPoint&)",,cw_symbols.demangled,4363,method,high
TTextLine,ITextLine,"(short, short, VPoint&, short, short)","TTextLine::ITextLine(short, short, VPoint&, short, short)",,cw_symbols.demangled,4364,method,high
TTextLine,SetTheTextStyle,(TextStyle&),TTextLine::SetTheTextStyle(TextStyle&),,cw_symbols.demangled,4365,method,high
TTextLine,TTextLine,(),TTextLine::TTextLine(),,cw_symbols.demangled,4366,constructor,high
TTextList,AddEntry,(char*),TTextList::AddEntry(char*),,cw_symbols.demangled,4367,method,high
TTextList,_DefaultConstructor,(),TTextList::_DefaultConstructor(),,cw_symbols.demangled,4368,constructor,high
TTextList,;.DoMouseCommand,"(VPoint&, TToolboxEvent*, CPoint)","TTextList::;.DoMouseCommand(VPoint&, TToolboxEvent*, CPoint)",,cw_symbols.demangled,4369,method,high
TTextList,GetClassDescDynamic,() const,TTextList::GetClassDescDynamic() const,,cw_symbols.demangled,4370,classdesc,high
TTextListView,CanSelectCell,(CPoint),TTextListView::CanSelectCell(CPoint),,cw_symbols.demangled,4371,method,high
TTextListView,CanSelectItem,(short),TTextListView::CanSelectItem(short),,cw_symbols.demangled,4372,method,high
TTextListView,_DefaultConstructor,(),TTextListView::_DefaultConstructor(),,cw_symbols.demangled,4373,constructor,high
TTextListView,DelItemFirst,(short),TTextListView::DelItemFirst(short),,cw_symbols.demangled,4374,method,high
TTextListView,DelItemLast,(short),TTextListView::DelItemLast(short),,cw_symbols.demangled,4375,method,high
TTextListView,DoKeySelection,(const CStr255&),TTextListView::DoKeySelection(const CStr255&),,cw_symbols.demangled,4376,method,high
TTextListView,FirstSelectedItem,(),TTextListView::FirstSelectedItem(),,cw_symbols.demangled,4377,method,high
TTextListView,GetClassDescDynamic,() const,TTextListView::GetClassDescDynamic() const,,cw_symbols.demangled,4378,classdesc,high
TTextListView,GetClassDescStatic,(),TTextListView::GetClassDescStatic(),,cw_symbols.demangled,4379,classdesc,high
TTextListView,GetItemHeight,(short),TTextListView::GetItemHeight(short),,cw_symbols.demangled,4380,method,high
TTextListView,GetItemIndexOrdered,(short),TTextListView::GetItemIndexOrdered(short),,cw_symbols.demangled,4381,method,high
TTextListView,GetItemText,"(short, CStr255&)","TTextListView::GetItemText(short, CStr255&)",,cw_symbols.demangled,4382,method,high
TTextListView,GetItemWidth,(),TTextListView::GetItemWidth(),,cw_symbols.demangled,4383,method,high
TTextListView,GetStandardSignature,(),TTextListView::GetStandardSignature(),,cw_symbols.demangled,4384,method,high
TTextListView,InsItemFirst,(short),TTextListView::InsItemFirst(short),,cw_symbols.demangled,4385,method,high
TTextListView,InsItemLast,(short),TTextListView::InsItemLast(short),,cw_symbols.demangled,4386,method,high
TTextListView,SetFrame,"(const VRect&, unsigned char)","TTextListView::SetFrame(const VRect&, unsigned char)",,cw_symbols.demangled,4387,method,high
TTextListView,SetItemHeight,"(short, short, short)","TTextListView::SetItemHeight(short, short, short)",,cw_symbols.demangled,4388,method,high
TTextListView,SetItemWidth,(short),TTextListView::SetItemWidth(short),,cw_symbols.demangled,4389,method,high
TTextListView,TTextListView,(),TTextListView::TTextListView(),,cw_symbols.demangled,4390,constructor,high
TTextPictureButton,_DefaultConstructor,(),TTextPictureButton::_DefaultConstructor(),,cw_symbols.demangled,4391,constructor,high
TTextPictureButton,ITextPictureButton,"(TView*, VPoint&, VPoint&, short, const CStr255&, short, short, short)","TTextPictureButton::ITextPictureButton(TView*, VPoint&, VPoint&, short, const CStr255&, short, short, short)",,cw_symbols.demangled,4392,method,high
TTextPictureButton,TTextPictureButton,(),TTextPictureButton::TTextPictureButton(),,cw_symbols.demangled,4393,constructor,high
TToggleButton,DoEvent,"(long, TEventHandler*, TEvent*)","TToggleButton::DoEvent(long, TEventHandler*, TEvent*)",,cw_symbols.demangled,4394,method,high
TToggleButton,_DefaultConstructor,(),TToggleButton::_DefaultConstructor(),,cw_symbols.demangled,4395,constructor,high
TToggleButton,GetClassDescDynamic,() const,TToggleButton::GetClassDescDynamic() const,,cw_symbols.demangled,4396,classdesc,high
TToggleButton,GetClassDescStatic,(),TToggleButton::GetClassDescStatic(),,cw_symbols.demangled,4397,classdesc,high
TToggleButton,Select,"(unsigned char, unsigned char)","TToggleButton::Select(unsigned char, unsigned char)",,cw_symbols.demangled,4398,method,high
TToggleButton,TToggleButton,(),TToggleButton::TToggleButton(),,cw_symbols.demangled,4399,constructor,high
TToolBarCluster,HandleCursor,"(const VPoint&, Region**)","TToolBarCluster::HandleCursor(const VPoint&, Region**)",,cw_symbols.demangled,4400,method,high
TToolBarCluster,DoEvent,"(long, TEventHandler*, TEvent*)","TToolBarCluster::DoEvent(long, TEventHandler*, TEvent*)",,cw_symbols.demangled,4401,method,high
TToolBarCluster,_DefaultConstructor,(),TToolBarCluster::_DefaultConstructor(),,cw_symbols.demangled,4402,constructor,high
TToolBarCluster,GetClassDescStatic,(),TToolBarCluster::GetClassDescStatic(),,cw_symbols.demangled,4403,classdesc,high
TToolBarCluster,SetReadouts,(short),TToolBarCluster::SetReadouts(short),,cw_symbols.demangled,4404,method,high
TToolBarCluster,UpdateGrantDisplay,(short),TToolBarCluster::UpdateGrantDisplay(short),,cw_symbols.demangled,4405,method,high
TToolboxEvent,_DefaultConstructor,(),TToolboxEvent::_DefaultConstructor(),,cw_symbols.demangled,4406,constructor,high
TToolboxEvent,GetClassDescDynamic,() const,TToolboxEvent::GetClassDescDynamic() const,,cw_symbols.demangled,4407,classdesc,high
TToolboxEvent,IsAlphaLock,(),TToolboxEvent::IsAlphaLock(),,cw_symbols.demangled,4408,method,high
TToolboxEvent,IsButtonPressed,(),TToolboxEvent::IsButtonPressed(),,cw_symbols.demangled,4409,method,high
TToolboxEvent,IsCommandKeyPressed,(),TToolboxEvent::IsCommandKeyPressed(),,cw_symbols.demangled,4410,method,high
TToolboxEvent,IsControlKeyPressed,(),TToolboxEvent::IsControlKeyPressed(),,cw_symbols.demangled,4411,method,high
TToolboxEvent,IsShiftKeyPressed,(),TToolboxEvent::IsShiftKeyPressed(),,cw_symbols.demangled,4412,method,high
TToolboxEvent,?.IToolboxEvent,"(TEventHandler*, const EventRecord&)","TToolboxEvent::?.IToolboxEvent(TEventHandler*, const EventRecord&)",,cw_symbols.demangled,4413,method,high
TToolboxEvent,Process,(),TToolboxEvent::Process(),,cw_symbols.demangled,4414,method,high
TToolboxEvent,RemoveDependenciesOnFree,(),TToolboxEvent::RemoveDependenciesOnFree(),,cw_symbols.demangled,4415,method,high
TToolboxEvent,ReportEvent,(),TToolboxEvent::ReportEvent(),,cw_symbols.demangled,4416,method,high
TToolboxEvent,TToolboxEvent,(),TToolboxEvent::TToolboxEvent(),,cw_symbols.demangled,4417,constructor,high
TTown,CalculateCityResources,(),TTown::CalculateCityResources(),,cw_symbols.demangled,4418,method,high
TTown,CalculateRawResources,(),TTown::CalculateRawResources(),,cw_symbols.demangled,4419,method,high
TTown,CalculateResources,(),TTown::CalculateResources(),,cw_symbols.demangled,4420,method,high
TTown,GetClassDescDynamic,() const,TTown::GetClassDescDynamic() const,,cw_symbols.demangled,4421,classdesc,high
TTown,Grow,(),TTown::Grow(),,cw_symbols.demangled,4422,method,high
TTown,IsUnblockedPort,() const,TTown::IsUnblockedPort() const,,cw_symbols.demangled,4423,method,high
TTown,ITown,"(const char*, short, unsigned char, short)","TTown::ITown(const char*, short, unsigned char, short)",,cw_symbols.demangled,4424,method,high
TTownNameDialog,_DefaultConstructor,(),TTownNameDialog::_DefaultConstructor(),,cw_symbols.demangled,4425,constructor,high
TTownNameDialog,DoPostCreate,(TDocument*),TTownNameDialog::DoPostCreate(TDocument*),,cw_symbols.demangled,4426,method,high
TTownNameDialog,Draw,(const VRect&),TTownNameDialog::Draw(const VRect&),,cw_symbols.demangled,4427,method,high
TTown,ReadFrom,(TStream*),TTown::ReadFrom(TStream*),,cw_symbols.demangled,4428,method,high
TTown,SetName,(const char*),TTown::SetName(const char*),,cw_symbols.demangled,4429,method,high
TTown,TTown,(),TTown::TTown(),,cw_symbols.demangled,4430,constructor,high
TTracker,AutoScroll,(const VPoint&),TTracker::AutoScroll(const VPoint&),,cw_symbols.demangled,4431,method,high
TTracker,ConstrainOnce,(unsigned char),TTracker::ConstrainOnce(unsigned char),,cw_symbols.demangled,4432,method,high
TTracker,TrackConstrain,"(TrackPhase, const VPoint&, const VPoint&, VPoint&, unsigned char)","TTracker::TrackConstrain(TrackPhase, const VPoint&, const VPoint&, VPoint&, unsigned char)",,cw_symbols.demangled,4433,method,high
TTracker,_DefaultConstructor,(),TTracker::_DefaultConstructor(),,cw_symbols.demangled,4434,constructor,high
TTracker,DoFocus,(),TTracker::DoFocus(),,cw_symbols.demangled,4435,method,high
TTracker,TrackFeedback,"(TrackPhase, const VPoint&, const VPoint&, const VPoint&, unsigned char, unsigned char)","TTracker::TrackFeedback(TrackPhase, const VPoint&, const VPoint&, const VPoint&, unsigned char, unsigned char)",,cw_symbols.demangled,4436,method,high
TTracker,FeedbackOnce,"(unsigned char, unsigned char)","TTracker::FeedbackOnce(unsigned char, unsigned char)",,cw_symbols.demangled,4437,method,high
TTracker,GetClassDescDynamic,() const,TTracker::GetClassDescDynamic() const,,cw_symbols.demangled,4438,classdesc,high
TTracker,GetClassDescStatic,(),TTracker::GetClassDescStatic(),,cw_symbols.demangled,4439,classdesc,high
TTracker,HandleTrackContinue,(),TTracker::HandleTrackContinue(),,cw_symbols.demangled,4440,method,high
TTracker,HandleTrackEnd,(),TTracker::HandleTrackEnd(),,cw_symbols.demangled,4441,method,high
TTracker,IsDoneTracking,(),TTracker::IsDoneTracking(),,cw_symbols.demangled,4442,method,high
TTracker,ITracker,"(long, TCommandHandler*, unsigned char, unsigned char, TObject*, TView*, TScroller*, const VPoint&)","TTracker::ITracker(long, TCommandHandler*, unsigned char, unsigned char, TObject*, TView*, TScroller*, const VPoint&)",,cw_symbols.demangled,4443,method,high
TTracker,Process,(),TTracker::Process(),,cw_symbols.demangled,4444,method,high
TTracker,=.TrackMouse,"(TrackPhase, VPoint&, VPoint&, VPoint&, unsigned char)","TTracker::=.TrackMouse(TrackPhase, VPoint&, VPoint&, VPoint&, unsigned char)",,cw_symbols.demangled,4445,method,high
TTracker,TrackOnce,(unsigned char),TTracker::TrackOnce(unsigned char),,cw_symbols.demangled,4446,method,high
TTradeBidNationLine,InstallViews,"(TView*, VPoint&)","TTradeBidNationLine::InstallViews(TView*, VPoint&)",,cw_symbols.demangled,4447,method,high
TTradeBidNationLine,ITradeBidNationLine,"(short, short, short, short, VPoint&)","TTradeBidNationLine::ITradeBidNationLine(short, short, short, short, VPoint&)",,cw_symbols.demangled,4448,method,high
TTradeBidNationView,Draw,(const VRect&),TTradeBidNationView::Draw(const VRect&),,cw_symbols.demangled,4449,method,high
TTradeBidNationView,ITradeBidNationView,"(TView*, VPoint&, VPoint&, short, short)","TTradeBidNationView::ITradeBidNationView(TView*, VPoint&, VPoint&, short, short)",,cw_symbols.demangled,4450,method,high
TTradeBidNationView,GetClassDescDynamic,() const,TTradeBidNationView::GetClassDescDynamic() const,,cw_symbols.demangled,4451,classdesc,high
TTradeBookView,DoEvent,"(long, TEventHandler*, TEvent*)","TTradeBookView::DoEvent(long, TEventHandler*, TEvent*)",,cw_symbols.demangled,4452,method,high
TTradeBookView,_DefaultConstructor,(),TTradeBookView::_DefaultConstructor(),,cw_symbols.demangled,4453,constructor,high
TTradeBookView,DoPostCreate,(TDocument*),TTradeBookView::DoPostCreate(TDocument*),,cw_symbols.demangled,4454,method,high
TTradeBookView,GetClassDescDynamic,() const,TTradeBookView::GetClassDescDynamic() const,,cw_symbols.demangled,4455,classdesc,high
TTradeBookView,SetItem,(short),TTradeBookView::SetItem(short),,cw_symbols.demangled,4456,method,high
TTradeBookView,ShowPage,(long),TTradeBookView::ShowPage(long),,cw_symbols.demangled,4457,method,high
TTradeCluster,DoEvent,"(long, TEventHandler*, TEvent*)","TTradeCluster::DoEvent(long, TEventHandler*, TEvent*)",,cw_symbols.demangled,4458,method,high
TTradeCluster,_DefaultConstructor,(),TTradeCluster::_DefaultConstructor(),,cw_symbols.demangled,4459,constructor,high
TTradeCluster,GetClassDescDynamic,() const,TTradeCluster::GetClassDescDynamic() const,,cw_symbols.demangled,4460,classdesc,high
TTradeCluster,GetClassDescStatic,(),TTradeCluster::GetClassDescStatic(),,cw_symbols.demangled,4461,classdesc,high
TTradeCluster,GetValue,(),TTradeCluster::GetValue(),,cw_symbols.demangled,4462,method,high
TTradeCluster,IsSellOffer,(),TTradeCluster::IsSellOffer(),,cw_symbols.demangled,4463,method,high
TTradeCluster,SetMoveAmount,(short),TTradeCluster::SetMoveAmount(short),,cw_symbols.demangled,4464,method,high
TTradeCluster,ShowBidCard,(),TTradeCluster::ShowBidCard(),,cw_symbols.demangled,4465,method,high
TTradeCluster,ShowBuyHandle,(),TTradeCluster::ShowBuyHandle(),,cw_symbols.demangled,4466,method,high
TTradeCluster,ShowOfferCard,(),TTradeCluster::ShowOfferCard(),,cw_symbols.demangled,4467,method,high
TTradeCluster,ShowOfferHandle,(),TTradeCluster::ShowOfferHandle(),,cw_symbols.demangled,4468,method,high
TTradeCluster,TTradeCluster,(),TTradeCluster::TTradeCluster(),,cw_symbols.demangled,4469,constructor,high
TTradeMgr,CalculateDealOrder,(),TTradeMgr::CalculateDealOrder(),,cw_symbols.demangled,4470,method,high
TTradeMgr,DidBidOn,"(long, long)","TTradeMgr::DidBidOn(long, long)",,cw_symbols.demangled,4471,method,high
TTradeMgr,DidOffer,"(long, long)","TTradeMgr::DidOffer(long, long)",,cw_symbols.demangled,4472,method,high
TTradeMgr,EndTradeOffers,(),TTradeMgr::EndTradeOffers(),,cw_symbols.demangled,4473,method,high
TTradeMgr,Free,(),TTradeMgr::Free(),,cw_symbols.demangled,4474,method,high
TTradeMgr,GetAdjNumOffers,(short),TTradeMgr::GetAdjNumOffers(short),,cw_symbols.demangled,4475,method,high
TTradeMgr,GetAmtOffered,(short),TTradeMgr::GetAmtOffered(short),,cw_symbols.demangled,4476,method,high
TTradeMgr,GetBasePrice,(short),TTradeMgr::GetBasePrice(short),,cw_symbols.demangled,4477,method,high
TTradeMgr,GetBidderList,"(long, long)","TTradeMgr::GetBidderList(long, long)",,cw_symbols.demangled,4478,method,high
TTradeMgr,GetClassDescDynamic,() const,TTradeMgr::GetClassDescDynamic() const,,cw_symbols.demangled,4479,classdesc,high
TTradeMgr,GetDealPrice,"(short, short, short, short)","TTradeMgr::GetDealPrice(short, short, short, short)",,cw_symbols.demangled,4480,method,high
TTradeMgr,GetNumOffers,(short),TTradeMgr::GetNumOffers(short),,cw_symbols.demangled,4481,method,high
TTradeMgr,GetNumRequests,(short),TTradeMgr::GetNumRequests(short),,cw_symbols.demangled,4482,method,high
TTradeMgr,GetPrice,(short),TTradeMgr::GetPrice(short),,cw_symbols.demangled,4483,method,high
TTradeMgr,IsAGood,(short),TTradeMgr::IsAGood(short),,cw_symbols.demangled,4484,method,high
TTradeMgr,ITradeMgr,(),TTradeMgr::ITradeMgr(),,cw_symbols.demangled,4485,method,high
TTradeMgr,NextTradeDeal,(),TTradeMgr::NextTradeDeal(),,cw_symbols.demangled,4486,method,high
TTradeMgr,OfferItemDeals,(short),TTradeMgr::OfferItemDeals(short),,cw_symbols.demangled,4487,method,high
TTradeMgr,Power,"(double, short)","TTradeMgr::Power(double, short)",,cw_symbols.demangled,4488,method,high
TTradeMgr,ReadFrom,(TStream*),TTradeMgr::ReadFrom(TStream*),,cw_symbols.demangled,4489,method,high
TTradeMgr,SetDealResults,"(short, short, short, short, short, unsigned char, unsigned char)","TTradeMgr::SetDealResults(short, short, short, short, short, unsigned char, unsigned char)",,cw_symbols.demangled,4490,method,high
TTradeMgr,SetMinorsTradeBids,(),TTradeMgr::SetMinorsTradeBids(),,cw_symbols.demangled,4491,method,high
TTradeMgr,StartDeals,(),TTradeMgr::StartDeals(),,cw_symbols.demangled,4492,method,high
TTradeMgr,TallyMinorsTradeBids,(),TTradeMgr::TallyMinorsTradeBids(),,cw_symbols.demangled,4493,method,high
TTradeMgr,TallyTradeBids,(),TTradeMgr::TallyTradeBids(),,cw_symbols.demangled,4494,method,high
TTradeMgr,TTradeMgr,(),TTradeMgr::TTradeMgr(),,cw_symbols.demangled,4495,constructor,high
TTradeMgr,UpdatePrice,"(short, short)","TTradeMgr::UpdatePrice(short, short)",,cw_symbols.demangled,4496,method,high
TTradeOfferNationLine,GetClassDescDynamic,() const,TTradeOfferNationLine::GetClassDescDynamic() const,,cw_symbols.demangled,4497,classdesc,high
TTradeOfferNationLine,_DefaultConstructor,(),TTradeOfferNationLine::_DefaultConstructor(),,cw_symbols.demangled,4498,constructor,high
TTradeOfferNationView,GetClassDescDynamic,() const,TTradeOfferNationView::GetClassDescDynamic() const,,cw_symbols.demangled,4499,classdesc,high
TTradeOfferNationView,_DefaultConstructor,(),TTradeOfferNationView::_DefaultConstructor(),,cw_symbols.demangled,4500,constructor,high
TTradeOfferNationView,Draw,(const VRect&),TTradeOfferNationView::Draw(const VRect&),,cw_symbols.demangled,4501,method,high
TTradeOfferNationView,ITradeOfferNationView,"(TView*, VPoint&, VPoint&, short, short)","TTradeOfferNationView::ITradeOfferNationView(TView*, VPoint&, VPoint&, short, short)",,cw_symbols.demangled,4502,method,high
TTradeOrderPicture,_DefaultConstructor,(),TTradeOrderPicture::_DefaultConstructor(),,cw_symbols.demangled,4503,constructor,high
TTradeOrderPicture,DoPostCreate,(TDocument*),TTradeOrderPicture::DoPostCreate(TDocument*),,cw_symbols.demangled,4504,method,high
TTradeOrderPicture,DoMouseCommand,"(VPoint&, TToolboxEvent*, CPoint)","TTradeOrderPicture::DoMouseCommand(VPoint&, TToolboxEvent*, CPoint)",,cw_symbols.demangled,4505,method,high
TTradeOrderPicture,TTradeOrderPicture,(),TTradeOrderPicture::TTradeOrderPicture(),,cw_symbols.demangled,4506,constructor,high
TTradePageBuyView,_DefaultConstructor,(),TTradePageBuyView::_DefaultConstructor(),,cw_symbols.demangled,4507,constructor,high
TTradePageBuyView,GetClassDescDynamic,() const,TTradePageBuyView::GetClassDescDynamic() const,,cw_symbols.demangled,4508,classdesc,high
TTradePageBuyView,SetItem,(short),TTradePageBuyView::SetItem(short),,cw_symbols.demangled,4509,method,high
TTradePageSellView,_DefaultConstructor,(),TTradePageSellView::_DefaultConstructor(),,cw_symbols.demangled,4510,constructor,high
TTradePageSellView,SetItem,(short),TTradePageSellView::SetItem(short),,cw_symbols.demangled,4511,method,high
TTradePanelView,DoEvent,"(long, TEventHandler*, TEvent*)","TTradePanelView::DoEvent(long, TEventHandler*, TEvent*)",,cw_symbols.demangled,4512,method,high
TTradePanelView,_DefaultConstructor,(),TTradePanelView::_DefaultConstructor(),,cw_symbols.demangled,4513,constructor,high
TTradePanelView,DoPostCreate,(TDocument*),TTradePanelView::DoPostCreate(TDocument*),,cw_symbols.demangled,4514,method,high
TTradePanelView,Draw,(const VRect&),TTradePanelView::Draw(const VRect&),,cw_symbols.demangled,4515,method,high
TTradePanelView,Setup,(),TTradePanelView::Setup(),,cw_symbols.demangled,4516,method,high
TTradePolicyCluster,DoEvent,"(long, TEventHandler*, TEvent*)","TTradePolicyCluster::DoEvent(long, TEventHandler*, TEvent*)",,cw_symbols.demangled,4517,method,high
TTradePolicyCluster,GetClassDescStatic,(),TTradePolicyCluster::GetClassDescStatic(),,cw_symbols.demangled,4518,classdesc,high
TTraderAmtBar,_DefaultConstructor,(),TTraderAmtBar::_DefaultConstructor(),,cw_symbols.demangled,4519,constructor,high
TTraderAmtBar,DoPostCreate,(TDocument*),TTraderAmtBar::DoPostCreate(TDocument*),,cw_symbols.demangled,4520,method,high
TTraderAmtBar,DrawAmt,(),TTraderAmtBar::DrawAmt(),,cw_symbols.demangled,4521,method,high
TTraderAmtBar,GetClassDescDynamic,() const,TTraderAmtBar::GetClassDescDynamic() const,,cw_symbols.demangled,4522,classdesc,high
TTraderAmtBar,TTraderAmtBar,(),TTraderAmtBar::TTraderAmtBar(),,cw_symbols.demangled,4523,constructor,high
TTraderForeignMinister,_DefaultConstructor,(),TTraderForeignMinister::_DefaultConstructor(),,cw_symbols.demangled,4524,constructor,high
TTraderForeignMinister,DoFirstTurnDiplomacy,(),TTraderForeignMinister::DoFirstTurnDiplomacy(),,cw_symbols.demangled,4525,method,high
TTraderForeignMinister,GetClassDescDynamic,() const,TTraderForeignMinister::GetClassDescDynamic() const,,cw_symbols.demangled,4526,classdesc,high
TTraderForeignMinister,ReplyToTradeOffer,"(short, short, short, short)","TTraderForeignMinister::ReplyToTradeOffer(short, short, short, short)",,cw_symbols.demangled,4527,method,high
TTraderForeignMinister,SetTradeBids,(),TTraderForeignMinister::SetTradeBids(),,cw_symbols.demangled,4528,method,high
TTradeSchoolView,DoStartup,(),TTradeSchoolView::DoStartup(),,cw_symbols.demangled,4529,method,high
TTradeSchoolView,GetClassDescDynamic,() const,TTradeSchoolView::GetClassDescDynamic() const,,cw_symbols.demangled,4530,classdesc,high
TTradeSchoolView,GetClassDescStatic,(),TTradeSchoolView::GetClassDescStatic(),,cw_symbols.demangled,4531,classdesc,high
TTradeSchoolView,TTradeSchoolView,(),TTradeSchoolView::TTradeSchoolView(),,cw_symbols.demangled,4532,constructor,high
TTradeSchoolView,UpdateFields,(),TTradeSchoolView::UpdateFields(),,cw_symbols.demangled,4533,method,high
TTradeScreenPicture,Draw,(const VRect&),TTradeScreenPicture::Draw(const VRect&),,cw_symbols.demangled,4534,method,high
TTradeScreenPicture,GetClassDescStatic,(),TTradeScreenPicture::GetClassDescStatic(),,cw_symbols.demangled,4535,classdesc,high
TTradeTotalsLine,InstallViews,"(TView*, VPoint&)","TTradeTotalsLine::InstallViews(TView*, VPoint&)",,cw_symbols.demangled,4536,method,high
TTradeTotalsLine,ITradeTotalsLine,"(short, short, VPoint&, short)","TTradeTotalsLine::ITradeTotalsLine(short, short, VPoint&, short)",,cw_symbols.demangled,4537,method,high
TTradeTotalsLine,GetClassDescDynamic,() const,TTradeTotalsLine::GetClassDescDynamic() const,,cw_symbols.demangled,4538,classdesc,high
TTradeTotalsLine,TTradeTotalsLine,(),TTradeTotalsLine::TTradeTotalsLine(),,cw_symbols.demangled,4539,constructor,high
TTradeTotalsView,GetClassDescDynamic,() const,TTradeTotalsView::GetClassDescDynamic() const,,cw_symbols.demangled,4540,classdesc,high
TTradeTotalsView,TTradeTotalsView,(),TTradeTotalsView::TTradeTotalsView(),,cw_symbols.demangled,4541,constructor,high
TTrainingOrder,FillOrderSheet,"(OrderSheet*, short)","TTrainingOrder::FillOrderSheet(OrderSheet*, short)",,cw_symbols.demangled,4542,method,high
TTrainingOrder,_DefaultConstructor,(),TTrainingOrder::_DefaultConstructor(),,cw_symbols.demangled,4543,constructor,high
TTrainingOrder,GetClassDescDynamic,() const,TTrainingOrder::GetClassDescDynamic() const,,cw_symbols.demangled,4544,classdesc,high
TTrainingOrder,MaxOrder,(),TTrainingOrder::MaxOrder(),,cw_symbols.demangled,4545,method,high
TTrainingOrder,Produce,(),TTrainingOrder::Produce(),,cw_symbols.demangled,4546,method,high
TTrainingOrder,Restock,(),TTrainingOrder::Restock(),,cw_symbols.demangled,4547,method,high
TTrainingOrder,SetQuantity,(short),TTrainingOrder::SetQuantity(short),,cw_symbols.demangled,4548,method,high
TTrainingOrder,TTrainingOrder,(),TTrainingOrder::TTrainingOrder(),,cw_symbols.demangled,4549,constructor,high
TTransFocusAnimation,DrawNextFrame,(VPoint&),TTransFocusAnimation::DrawNextFrame(VPoint&),,cw_symbols.demangled,4550,method,high
TTransFocusAnimation,Free,(),TTransFocusAnimation::Free(),,cw_symbols.demangled,4551,method,high
TTransFocusAnimation,GetClassDescDynamic,() const,TTransFocusAnimation::GetClassDescDynamic() const,,cw_symbols.demangled,4552,classdesc,high
TTransFocusAnimation,IdleDraw,(),TTransFocusAnimation::IdleDraw(),,cw_symbols.demangled,4553,method,high
TTransFocusAnimation,@.ITransFocusAnimation,"(TView*, CRect&, short, short, long, long)","TTransFocusAnimation::@.ITransFocusAnimation(TView*, CRect&, short, short, long, long)",,cw_symbols.demangled,4554,method,high
TTransFocusAnimation,UpdateBackground,(),TTransFocusAnimation::UpdateBackground(),,cw_symbols.demangled,4555,method,high
TTransportPicture,DoEvent,"(long, TEventHandler*, TEvent*)","TTransportPicture::DoEvent(long, TEventHandler*, TEvent*)",,cw_symbols.demangled,4556,method,high
TTransportPicture,_DefaultConstructor,(),TTransportPicture::_DefaultConstructor(),,cw_symbols.demangled,4557,constructor,high
TTransportPicture,Draw,(const VRect&),TTransportPicture::Draw(const VRect&),,cw_symbols.demangled,4558,method,high
TTransportPicture,GetClassDescDynamic,() const,TTransportPicture::GetClassDescDynamic() const,,cw_symbols.demangled,4559,classdesc,high
TTransportPicture,GetClassDescStatic,(),TTransportPicture::GetClassDescStatic(),,cw_symbols.demangled,4560,classdesc,high
TTransportPicture,Refresh,(),TTransportPicture::Refresh(),,cw_symbols.demangled,4561,method,high
TTransportPicture,TTransportPicture,(),TTransportPicture::TTransportPicture(),,cw_symbols.demangled,4562,constructor,high
TTransportView,_DefaultConstructor,(),TTransportView::_DefaultConstructor(),,cw_symbols.demangled,4563,constructor,high
TTransportView,GetClassDescDynamic,() const,TTransportView::GetClassDescDynamic() const,,cw_symbols.demangled,4564,classdesc,high
TTreatiesView,DoEvent,"(long, TEventHandler*, TEvent*)","TTreatiesView::DoEvent(long, TEventHandler*, TEvent*)",,cw_symbols.demangled,4565,method,high
TTreatiesView,_DefaultConstructor,(),TTreatiesView::_DefaultConstructor(),,cw_symbols.demangled,4566,constructor,high
TTreatiesView,Draw,(const VRect&),TTreatiesView::Draw(const VRect&),,cw_symbols.demangled,4567,method,high
TTreatiesView,GetClassDescDynamic,() const,TTreatiesView::GetClassDescDynamic() const,,cw_symbols.demangled,4568,classdesc,high
TTreatiesView,Setup,(),TTreatiesView::Setup(),,cw_symbols.demangled,4569,method,high
TTurnStartEvent,_DefaultConstructor,(),TTurnStartEvent::_DefaultConstructor(),,cw_symbols.demangled,4570,constructor,high
TTurnStartEvent,Execute,(),TTurnStartEvent::Execute(),,cw_symbols.demangled,4571,method,high
TTurnStartEvent,ITurnStartEvent,(),TTurnStartEvent::ITurnStartEvent(),,cw_symbols.demangled,4572,method,high
TTwoPicSlider,TrackMouse,"(TrackPhase, VPoint&, VPoint&, VPoint&, unsigned char)","TTwoPicSlider::TrackMouse(TrackPhase, VPoint&, VPoint&, VPoint&, unsigned char)",,cw_symbols.demangled,4573,method,high
TTwoPicSlider,_DefaultConstructor,(),TTwoPicSlider::_DefaultConstructor(),,cw_symbols.demangled,4574,constructor,high
TTwoPicSlider,Draw,(const VRect&),TTwoPicSlider::Draw(const VRect&),,cw_symbols.demangled,4575,method,high
TTwoPicSlider,Free,(),TTwoPicSlider::Free(),,cw_symbols.demangled,4576,method,high
TTwoPicSlider,GetClassDescDynamic,() const,TTwoPicSlider::GetClassDescDynamic() const,,cw_symbols.demangled,4577,classdesc,high
TUberCluster,GetClassDescDynamic,() const,TUberCluster::GetClassDescDynamic() const,,cw_symbols.demangled,4578,classdesc,high
TUberCluster,GetClassDescStatic,(),TUberCluster::GetClassDescStatic(),,cw_symbols.demangled,4579,classdesc,high
TUberCluster,IsSelectionAllowed,(),TUberCluster::IsSelectionAllowed(),,cw_symbols.demangled,4580,method,high
TUberCluster,TUberCluster,(),TUberCluster::TUberCluster(),,cw_symbols.demangled,4581,constructor,high
TUndoRedoCommand,IUndoRedoCommand,"(long, TCommandHandler*)","TUndoRedoCommand::IUndoRedoCommand(long, TCommandHandler*)",,cw_symbols.demangled,4582,method,high
TUndoRedoCommand,DoIt,(),TUndoRedoCommand::DoIt(),,cw_symbols.demangled,4583,method,high
TUndoRedoCommand,GetClassDescDynamic,() const,TUndoRedoCommand::GetClassDescDynamic() const,,cw_symbols.demangled,4584,classdesc,high
TUndoRedoCommand,TUndoRedoCommand,(),TUndoRedoCommand::TUndoRedoCommand(),,cw_symbols.demangled,4585,constructor,high
TUnit,Free,(),TUnit::Free(),,cw_symbols.demangled,4586,method,high
TUnit,GetClassDescDynamic,() const,TUnit::GetClassDescDynamic() const,,cw_symbols.demangled,4587,classdesc,high
TUnit,IUnit,"(short, short, short, short)","TUnit::IUnit(short, short, short, short)",,cw_symbols.demangled,4588,method,high
TUnit,MoveTo,(short),TUnit::MoveTo(short),,cw_symbols.demangled,4589,method,high
TUnitOrder,FillOrderSheet,"(OrderSheet*, short)","TUnitOrder::FillOrderSheet(OrderSheet*, short)",,cw_symbols.demangled,4590,method,high
TUnitOrder,GetClassDescDynamic,() const,TUnitOrder::GetClassDescDynamic() const,,cw_symbols.demangled,4591,classdesc,high
TUnitOrder,MaxOrder,(),TUnitOrder::MaxOrder(),,cw_symbols.demangled,4592,method,high
TUnitOrder,Produce,(),TUnitOrder::Produce(),,cw_symbols.demangled,4593,method,high
TUnitOrder,ReadFrom,(TStream*),TUnitOrder::ReadFrom(TStream*),,cw_symbols.demangled,4594,method,high
TUnitOrder,ReplaceOrder,"(short, short, short, short, short, short, short)","TUnitOrder::ReplaceOrder(short, short, short, short, short, short, short)",,cw_symbols.demangled,4595,method,high
TUnitOrder,SetQuantity,(short),TUnitOrder::SetQuantity(short),,cw_symbols.demangled,4596,method,high
TUnitOrder,TUnitOrder,(),TUnitOrder::TUnitOrder(),,cw_symbols.demangled,4597,constructor,high
TUnitOrder,WriteTo,(TStream*),TUnitOrder::WriteTo(TStream*),,cw_symbols.demangled,4598,method,high
TUnit,ReadFrom,(TStream*),TUnit::ReadFrom(TStream*),,cw_symbols.demangled,4599,method,high
TUnitsView,DoStartup,(),TUnitsView::DoStartup(),,cw_symbols.demangled,4600,method,high
TUnitsView,GetClassDescDynamic,() const,TUnitsView::GetClassDescDynamic() const,,cw_symbols.demangled,4601,classdesc,high
TUnitsView,GetClassDescStatic,(),TUnitsView::GetClassDescStatic(),,cw_symbols.demangled,4602,classdesc,high
TUnitsView,TUnitsView,(),TUnitsView::TUnitsView(),,cw_symbols.demangled,4603,constructor,high
TUnitToolbarCluster,DoEvent,"(long, TEventHandler*, TEvent*)","TUnitToolbarCluster::DoEvent(long, TEventHandler*, TEvent*)",,cw_symbols.demangled,4604,method,high
TUnitToolbarCluster,GetClassDescStatic,(),TUnitToolbarCluster::GetClassDescStatic(),,cw_symbols.demangled,4605,classdesc,high
TUnitToolbarCluster,IsSelectionAllowed,(),TUnitToolbarCluster::IsSelectionAllowed(),,cw_symbols.demangled,4606,method,high
TUnitToolbarCluster,SetCurrentChoice,(unsigned long),TUnitToolbarCluster::SetCurrentChoice(unsigned long),,cw_symbols.demangled,4607,method,high
TUnit,TUnit,(),TUnit::TUnit(),,cw_symbols.demangled,4608,constructor,high
TUnit,Vaporize,(),TUnit::Vaporize(),,cw_symbols.demangled,4609,method,high
TUniversityView,DoEvent,"(long, TEventHandler*, TEvent*)","TUniversityView::DoEvent(long, TEventHandler*, TEvent*)",,cw_symbols.demangled,4610,method,high
TUniversityView,_DefaultConstructor,(),TUniversityView::_DefaultConstructor(),,cw_symbols.demangled,4611,constructor,high
TUniversityView,DoStartup,(),TUniversityView::DoStartup(),,cw_symbols.demangled,4612,method,high
TUniversityView,Draw,(const VRect&),TUniversityView::Draw(const VRect&),,cw_symbols.demangled,4613,method,high
TUniversityView,Free,(),TUniversityView::Free(),,cw_symbols.demangled,4614,method,high
TUniversityView,GetClassDescDynamic,() const,TUniversityView::GetClassDescDynamic() const,,cw_symbols.demangled,4615,classdesc,high
TUniversityView,GetClassDescStatic,(),TUniversityView::GetClassDescStatic(),,cw_symbols.demangled,4616,classdesc,high
TUniversityView,SetUnit,(short),TUniversityView::SetUnit(short),,cw_symbols.demangled,4617,method,high
TUniversityView,TUniversityView,(),TUniversityView::TUniversityView(),,cw_symbols.demangled,4618,constructor,high
TUpDownPictureButton,DrawImmediate,(),TUpDownPictureButton::DrawImmediate(),,cw_symbols.demangled,4619,method,high
TUpDownPictureButton,DoMouseCommand,"(VPoint&, TToolboxEvent*, CPoint)","TUpDownPictureButton::DoMouseCommand(VPoint&, TToolboxEvent*, CPoint)",,cw_symbols.demangled,4620,method,high
TUpDownPictureButton,GetClassDescDynamic,() const,TUpDownPictureButton::GetClassDescDynamic() const,,cw_symbols.demangled,4621,classdesc,high
TUpDownPictureButton,HiliteState,"(unsigned char, unsigned char)","TUpDownPictureButton::HiliteState(unsigned char, unsigned char)",,cw_symbols.demangled,4622,method,high
TUpDownPictureButton,TUpDownPictureButton,(),TUpDownPictureButton::TUpDownPictureButton(),,cw_symbols.demangled,4623,constructor,high
TUpDownView,TrackMouse,"(TrackPhase, VPoint&, VPoint&, VPoint&, unsigned char)","TUpDownView::TrackMouse(TrackPhase, VPoint&, VPoint&, VPoint&, unsigned char)",,cw_symbols.demangled,4624,method,high
TUpDownView,_DefaultConstructor,(),TUpDownView::_DefaultConstructor(),,cw_symbols.demangled,4625,constructor,high
TView,GetDefaultHelpRegion,"(const VPoint&, Region**)","TView::GetDefaultHelpRegion(const VPoint&, Region**)",,cw_symbols.demangled,4626,method,high
TView,SuperViewChangedFrame,"(const VRect&, const VRect&, unsigned char)","TView::SuperViewChangedFrame(const VRect&, const VRect&, unsigned char)",,cw_symbols.demangled,4627,method,high
TView,InvalidateFrameDifference,"(const VRect&, const VRect&)","TView::InvalidateFrameDifference(const VRect&, const VRect&)",,cw_symbols.demangled,4628,method,high
TView,DoMouseCommand,"(VPoint&, TToolboxEvent*, CPoint)","TView::DoMouseCommand(VPoint&, TToolboxEvent*, CPoint)",,cw_symbols.demangled,4629,method,high
TView,HandleMouseUp,"(const VPoint&, TToolboxEvent*, CPoint)","TView::HandleMouseUp(const VPoint&, TToolboxEvent*, CPoint)",,cw_symbols.demangled,4630,method,high
TView,NotifyAdornersOfFrameChange,"(const VRect&, const VRect&, unsigned char)","TView::NotifyAdornersOfFrameChange(const VRect&, const VRect&, unsigned char)",,cw_symbols.demangled,4631,method,high
TView,NotifySubViewsOfFrameChange,"(const VRect&, const VRect&, unsigned char)","TView::NotifySubViewsOfFrameChange(const VRect&, const VRect&, unsigned char)",,cw_symbols.demangled,4632,method,high
TView,SetDrawingEnvironment,"(TDrawingEnvironment*, unsigned char)","TView::SetDrawingEnvironment(TDrawingEnvironment*, unsigned char)",,cw_symbols.demangled,4633,method,high
TView,HandleMouseDown,"(const VPoint&, TToolboxEvent*, CPoint)","TView::HandleMouseDown(const VPoint&, TToolboxEvent*, CPoint)",,cw_symbols.demangled,4634,method,high
TView,Activate,(unsigned char),TView::Activate(unsigned char),,cw_symbols.demangled,4635,method,high
TView,AddAdorner,"(TAdorner*, char, unsigned char)","TView::AddAdorner(TAdorner*, char, unsigned char)",,cw_symbols.demangled,4636,method,high
TView,AddSubView,(TView*),TView::AddSubView(TView*),,cw_symbols.demangled,4637,method,high
TView,AdornerAt,(long),TView::AdornerAt(long),,cw_symbols.demangled,4638,method,high
TView,AdornerWithID,(unsigned long),TView::AdornerWithID(unsigned long),,cw_symbols.demangled,4639,method,high
TView,AsPict,(),TView::AsPict(),,cw_symbols.demangled,4640,method,high
TView,AssumeFocused,(),TView::AssumeFocused(),,cw_symbols.demangled,4641,method,high
TView,AttachPrintHandler,(TPrintHandler*),TView::AttachPrintHandler(TPrintHandler*),,cw_symbols.demangled,4642,method,high
TView,BeInDocument,(TDocument*),TView::BeInDocument(TDocument*),,cw_symbols.demangled,4643,method,high
TView,BeInPort,(GrafPort*),TView::BeInPort(GrafPort*),,cw_symbols.demangled,4644,method,high
TView,BeInScroller,(TScroller*),TView::BeInScroller(TScroller*),,cw_symbols.demangled,4645,method,high
TView,CalcMinFrame,(VRect&),TView::CalcMinFrame(VRect&),,cw_symbols.demangled,4646,method,high
TView,Clone,(),TView::Clone(),,cw_symbols.demangled,4647,method,high
TView,Close,(),TView::Close(),,cw_symbols.demangled,4648,method,high
TView,ComputeFrame,(VRect&),TView::ComputeFrame(VRect&),,cw_symbols.demangled,4649,method,high
TView,ContainsClipType,(unsigned long),TView::ContainsClipType(unsigned long),,cw_symbols.demangled,4650,method,high
TView,ContainsMouse,(const VPoint&),TView::ContainsMouse(const VPoint&),,cw_symbols.demangled,4651,method,high
TView,ContainsSubView,(TView*),TView::ContainsSubView(TView*),,cw_symbols.demangled,4652,method,high
TView,CountSubViews,(),TView::CountSubViews(),,cw_symbols.demangled,4653,method,high
TView,CreateDrawingEnvironment,(),TView::CreateDrawingEnvironment(),,cw_symbols.demangled,4654,method,high
TView,DeleteAdornerByID,"(unsigned long, unsigned char)","TView::DeleteAdornerByID(unsigned long, unsigned char)",,cw_symbols.demangled,4655,method,high
TView,DeleteAdorner,"(TAdorner*, unsigned char)","TView::DeleteAdorner(TAdorner*, unsigned char)",,cw_symbols.demangled,4656,method,high
TView,DetachPrintHandler,(TPrintHandler*),TView::DetachPrintHandler(TPrintHandler*),,cw_symbols.demangled,4657,method,high
TView,DoBreakFollowing,"(signed char, long, unsigned char&)","TView::DoBreakFollowing(signed char, long, unsigned char&)",,cw_symbols.demangled,4658,method,high
TView,DoCalcViewPerPage,(VPoint&),TView::DoCalcViewPerPage(VPoint&),,cw_symbols.demangled,4659,method,high
TView,DoCheckPrinter,(),TView::DoCheckPrinter(),,cw_symbols.demangled,4660,method,high
TView,DoDrawPageBreak,"(signed char, short, long, unsigned char)","TView::DoDrawPageBreak(signed char, short, long, unsigned char)",,cw_symbols.demangled,4661,method,high
TView,DoDrawPrintFeedback,(const VRect&),TView::DoDrawPrintFeedback(const VRect&),,cw_symbols.demangled,4662,method,high
TView,DoHighlightSelection,"(char, char)","TView::DoHighlightSelection(char, char)",,cw_symbols.demangled,4663,method,high
TView,DoInvalidateRegion,(Region**),TView::DoInvalidateRegion(Region**),,cw_symbols.demangled,4664,method,high
TView,DoPagination,(),TView::DoPagination(),,cw_symbols.demangled,4665,method,high
TView,DoPostCreate,(TDocument*),TView::DoPostCreate(TDocument*),,cw_symbols.demangled,4666,method,high
TView,DoPrinterChanged,(),TView::DoPrinterChanged(),,cw_symbols.demangled,4667,method,high
TView,DoSetCursor,"(const VPoint&, Region**)","TView::DoSetCursor(const VPoint&, Region**)",,cw_symbols.demangled,4668,method,high
TView,DoValidateRegion,(Region**),TView::DoValidateRegion(Region**),,cw_symbols.demangled,4669,method,high
TView,DrawContents,(),TView::DrawContents(),,cw_symbols.demangled,4670,method,high
TView,FindSubView,(unsigned long) const,TView::FindSubView(unsigned long) const,,cw_symbols.demangled,4671,method,high
TView,FindTarget,(),TView::FindTarget(),,cw_symbols.demangled,4672,method,high
TView,Focus,(),TView::Focus(),,cw_symbols.demangled,4673,method,high
TView,FocusOnSuperView,(),TView::FocusOnSuperView(),,cw_symbols.demangled,4674,method,high
TView,Free,(),TView::Free(),,cw_symbols.demangled,4675,method,high
TView,FreeFromClipboard,(),TView::FreeFromClipboard(),,cw_symbols.demangled,4676,method,high
TView,GetAdornExtent,(VRect&),TView::GetAdornExtent(VRect&),,cw_symbols.demangled,4677,method,high
TView,GetClassDescDynamic,() const,TView::GetClassDescDynamic() const,,cw_symbols.demangled,4678,classdesc,high
TView,GetClassDescStatic,(),TView::GetClassDescStatic(),,cw_symbols.demangled,4679,classdesc,high
TView,GetContext,(long),TView::GetContext(long),,cw_symbols.demangled,4680,method,high
TView,GetCurrentHL,(),TView::GetCurrentHL(),,cw_symbols.demangled,4681,method,high
TView,GetDrawableRect,(VRect&),TView::GetDrawableRect(VRect&),,cw_symbols.demangled,4682,method,high
TView,GetDrawingEnvironment,(),TView::GetDrawingEnvironment(),,cw_symbols.demangled,4683,method,high
TView,GetEventNumber,(),TView::GetEventNumber(),,cw_symbols.demangled,4684,method,high
TView,GetFrame,(VRect&),TView::GetFrame(VRect&),,cw_symbols.demangled,4685,method,high
TView,GetHelpID,(),TView::GetHelpID(),,cw_symbols.demangled,4686,method,high
TView,GetHelpIndex,(),TView::GetHelpIndex(),,cw_symbols.demangled,4687,method,high
TView,GetHelpState,(),TView::GetHelpState(),,cw_symbols.demangled,4688,method,high
TView,GetLocalOffsetInSuper,(VPoint&),TView::GetLocalOffsetInSuper(VPoint&),,cw_symbols.demangled,4689,method,high
TView,GetPrintExtent,(VRect&),TView::GetPrintExtent(VRect&),,cw_symbols.demangled,4690,method,high
TView,GetQDExtent,(CRect&),TView::GetQDExtent(CRect&),,cw_symbols.demangled,4691,method,high
TView,GetRootView,(),TView::GetRootView(),,cw_symbols.demangled,4692,method,high
TView,GetScroller,(unsigned char),TView::GetScroller(unsigned char),,cw_symbols.demangled,4693,method,high
TView,GetStandardSignature,(),TView::GetStandardSignature(),,cw_symbols.demangled,4694,method,high
TView,GetUserSelection,(),TView::GetUserSelection(),,cw_symbols.demangled,4695,method,high
TView,GetValidationError,(),TView::GetValidationError(),,cw_symbols.demangled,4696,method,high
TView,GetVisibleQDRect,(CRect&),TView::GetVisibleQDRect(CRect&),,cw_symbols.demangled,4697,method,high
TView,GetVisibleRect,(VRect&),TView::GetVisibleRect(VRect&),,cw_symbols.demangled,4698,method,high
TView,GetVisibleRegion,(Region**),TView::GetVisibleRegion(Region**),,cw_symbols.demangled,4699,method,high
TView,GetWindow,(),TView::GetWindow(),,cw_symbols.demangled,4700,method,high
TView,GivePasteData,"(char**, unsigned long)","TView::GivePasteData(char**, unsigned long)",,cw_symbols.demangled,4701,method,high
TView,GoAwayByUser,(const VPoint&),TView::GoAwayByUser(const VPoint&),,cw_symbols.demangled,4702,method,high
TView,HandleCursor,"(const VPoint&, Region**)","TView::HandleCursor(const VPoint&, Region**)",,cw_symbols.demangled,4703,method,high
TView,HandleDraw,(const VRect&),TView::HandleDraw(const VRect&),,cw_symbols.demangled,4704,method,high
TView,HandlePostCreate,(TDocument*),TView::HandlePostCreate(TDocument*),,cw_symbols.demangled,4705,method,high
TView,HandlesCursor,(),TView::HandlesCursor(),,cw_symbols.demangled,4706,method,high
TView,HasPendingUpdate,(),TView::HasPendingUpdate(),,cw_symbols.demangled,4707,method,high
TView,HighlightAdorners,"(const VRect&, char, char)","TView::HighlightAdorners(const VRect&, char, char)",,cw_symbols.demangled,4708,method,high
TView,Hilite,(),TView::Hilite(),,cw_symbols.demangled,4709,method,high
TView,InvalidateRect,(const CRect&),TView::InvalidateRect(const CRect&),,cw_symbols.demangled,4710,method,high
TView,InvalidateRegion,(Region**),TView::InvalidateRegion(Region**),,cw_symbols.demangled,4711,method,high
TView,InvalidateVRect,(const VRect&),TView::InvalidateVRect(const VRect&),,cw_symbols.demangled,4712,method,high
TView,IsActive,(),TView::IsActive(),,cw_symbols.demangled,4713,method,high
TView,IsDoneTracking,(),TView::IsDoneTracking(),,cw_symbols.demangled,4714,method,high
TView,IsDrawable,(),TView::IsDrawable(),,cw_symbols.demangled,4715,method,high
TView,IsFocused,(),TView::IsFocused(),,cw_symbols.demangled,4716,method,high
TView,IsHierarchyValid,(),TView::IsHierarchyValid(),,cw_symbols.demangled,4717,method,high
TView,IsVisible,(),TView::IsVisible(),,cw_symbols.demangled,4718,method,high
TView,DoShowBalloon,"(const VPoint&, Region**, const HMMessageRecord&, CPoint, const CRect&, short)","TView::DoShowBalloon(const VPoint&, Region**, const HMMessageRecord&, CPoint, const CRect&, short)",,cw_symbols.demangled,4719,method,high
TView,LetsSubViewsHandleCursor,(),TView::LetsSubViewsHandleCursor(),,cw_symbols.demangled,4720,method,high
TView,LetsSubViewsHandleHelp,(),TView::LetsSubViewsHandleHelp(),,cw_symbols.demangled,4721,method,high
TView,LocalToSuperRegion,(Region**),TView::LocalToSuperRegion(Region**),,cw_symbols.demangled,4722,method,high
TView,LocalToWindow,(VPoint&),TView::LocalToWindow(VPoint&),,cw_symbols.demangled,4723,method,high
TView,Locate,"(const VPoint&, unsigned char)","TView::Locate(const VPoint&, unsigned char)",,cw_symbols.demangled,4724,method,high
TView,MakeFirstSubView,(TView*),TView::MakeFirstSubView(TView*),,cw_symbols.demangled,4725,method,high
TView,MakeLastSubView,(TView*),TView::MakeLastSubView(TView*),,cw_symbols.demangled,4726,method,high
TViewMgr,ChangeBuyOffers,(short),TViewMgr::ChangeBuyOffers(short),,cw_symbols.demangled,4727,method,high
TViewMgr,CloseBuilding,(short),TViewMgr::CloseBuilding(short),,cw_symbols.demangled,4728,method,high
TViewMgr,CreateMapArtStorage,(),TViewMgr::CreateMapArtStorage(),,cw_symbols.demangled,4729,method,high
TViewMgr,_DefaultConstructor,(),TViewMgr::_DefaultConstructor(),,cw_symbols.demangled,4730,constructor,high
TViewMgr,GenerateMiniMap,(),TViewMgr::GenerateMiniMap(),,cw_symbols.demangled,4731,method,high
TViewMgr,GenerateRegions,(),TViewMgr::GenerateRegions(),,cw_symbols.demangled,4732,method,high
TViewMgr,GetColor,(short),TViewMgr::GetColor(short),,cw_symbols.demangled,4733,method,high
TViewMgr,GetNumBuyOffers,(),TViewMgr::GetNumBuyOffers(),,cw_symbols.demangled,4734,method,high
TViewMgr,GetTopLeftFor,"(TWindow*, VPoint&)","TViewMgr::GetTopLeftFor(TWindow*, VPoint&)",,cw_symbols.demangled,4735,method,high
TViewMgr,MakeCheaterDialog,(CheaterType),TViewMgr::MakeCheaterDialog(CheaterType),,cw_symbols.demangled,4736,method,high
TViewMgr,MakeCivInfoWindow,(TCivUnit*),TViewMgr::MakeCivInfoWindow(TCivUnit*),,cw_symbols.demangled,4737,method,high
TViewMgr,MakeCombatReport,(CombatReport*),TViewMgr::MakeCombatReport(CombatReport*),,cw_symbols.demangled,4738,method,high
TViewMgr,MakeDealBookDialog,(short),TViewMgr::MakeDealBookDialog(short),,cw_symbols.demangled,4739,method,high
TViewMgr,MakeDiplomacyOfferDialog,"(short, short, short)","TViewMgr::MakeDiplomacyOfferDialog(short, short, short)",,cw_symbols.demangled,4740,method,high
TViewMgr,MakeEngineeringDialog,(short),TViewMgr::MakeEngineeringDialog(short),,cw_symbols.demangled,4741,method,high
TViewMgr,MakeFlagButtonDialog,() const,TViewMgr::MakeFlagButtonDialog() const,,cw_symbols.demangled,4742,method,high
TViewMgr,MakeGameSetupDialog,(),TViewMgr::MakeGameSetupDialog(),,cw_symbols.demangled,4743,method,high
TViewMgr,MakeGarrisonWindow,(short),TViewMgr::MakeGarrisonWindow(short),,cw_symbols.demangled,4744,method,high
TViewMgr,MakeGPTreatyDialog,(short),TViewMgr::MakeGPTreatyDialog(short),,cw_symbols.demangled,4745,method,high
TViewMgr,MakeMinorRelationshipDialog,(short),TViewMgr::MakeMinorRelationshipDialog(short),,cw_symbols.demangled,4746,method,high
TViewMgr,MakeMinorsTradeBidsDialog,(short),TViewMgr::MakeMinorsTradeBidsDialog(short),,cw_symbols.demangled,4747,method,high
TViewMgr,MakeMinorTreatyDialog,(short),TViewMgr::MakeMinorTreatyDialog(short),,cw_symbols.demangled,4748,method,high
TViewMgr,MakeNewTerrainInfoWindow,"(short, short)","TViewMgr::MakeNewTerrainInfoWindow(short, short)",,cw_symbols.demangled,4749,method,high
TViewMgr,MakeNewTownDialog,(TTown*),TViewMgr::MakeNewTownDialog(TTown*),,cw_symbols.demangled,4750,method,high
TViewMgr,MakeNewTownNameDialog,(CStr255&),TViewMgr::MakeNewTownNameDialog(CStr255&),,cw_symbols.demangled,4751,method,high
TViewMgr,MakeWarOfferDialog,"(short, long, long, long)","TViewMgr::MakeWarOfferDialog(short, long, long, long)",,cw_symbols.demangled,4752,method,high
TViewMgr,PostModalMessage,"(const CStr255&, int)","TViewMgr::PostModalMessage(const CStr255&, int)",,cw_symbols.demangled,4753,method,high
TViewMgr,RewardMessage,"(long, long)","TViewMgr::RewardMessage(long, long)",,cw_symbols.demangled,4754,method,high
TViewMgr,SelectCitySite,"(short, TTown*)","TViewMgr::SelectCitySite(short, TTown*)",,cw_symbols.demangled,4755,method,high
TViewMgr,SelectMinister,(),TViewMgr::SelectMinister(),,cw_symbols.demangled,4756,method,high
TViewMgr,SetColor,"(short, unsigned char)","TViewMgr::SetColor(short, unsigned char)",,cw_symbols.demangled,4757,method,high
TViewMgr,SetMovieStatus,(short),TViewMgr::SetMovieStatus(short),,cw_symbols.demangled,4758,method,high
TViewMgr,ShowCitySiteMap,(short),TViewMgr::ShowCitySiteMap(short),,cw_symbols.demangled,4759,method,high
TViewMgr,ShowCreateRandomMapScreen,(),TViewMgr::ShowCreateRandomMapScreen(),,cw_symbols.demangled,4760,method,high
TViewMgr,ShowDealBookScreen,(short),TViewMgr::ShowDealBookScreen(short),,cw_symbols.demangled,4761,method,high
TViewMgr,ShowDiplomacyScreen,(short),TViewMgr::ShowDiplomacyScreen(short),,cw_symbols.demangled,4762,method,high
TViewMgr,ShowHighScoreScreen,(),TViewMgr::ShowHighScoreScreen(),,cw_symbols.demangled,4763,method,high
TViewMgr,ShowLoadSaveScreen,(),TViewMgr::ShowLoadSaveScreen(),,cw_symbols.demangled,4764,method,high
TViewMgr,ShowMapEditor,(),TViewMgr::ShowMapEditor(),,cw_symbols.demangled,4765,method,high
TViewMgr,ShowNewspaper,(long),TViewMgr::ShowNewspaper(long),,cw_symbols.demangled,4766,method,high
TViewMgr,ShowOfferDesk,(short),TViewMgr::ShowOfferDesk(short),,cw_symbols.demangled,4767,method,high
TViewMgr,ShowOfferSheet,"(short, short, short, short, short)","TViewMgr::ShowOfferSheet(short, short, short, short, short)",,cw_symbols.demangled,4768,method,high
TViewMgr,ShowQueryWindow,(),TViewMgr::ShowQueryWindow(),,cw_symbols.demangled,4769,method,high
TViewMgr,ShowScenarioScreen,(),TViewMgr::ShowScenarioScreen(),,cw_symbols.demangled,4770,method,high
TViewMgr,ShowScreen,"(short, short)","TViewMgr::ShowScreen(short, short)",,cw_symbols.demangled,4771,method,high
TViewMgr,ShowSetupScreen,(),TViewMgr::ShowSetupScreen(),,cw_symbols.demangled,4772,method,high
TViewMgr,ShowTacticalBattle,(),TViewMgr::ShowTacticalBattle(),,cw_symbols.demangled,4773,method,high
TViewMgr,ShowTechShopScreen,(short),TViewMgr::ShowTechShopScreen(short),,cw_symbols.demangled,4774,method,high
TViewMgr,ShowTerrainMap,(short),TViewMgr::ShowTerrainMap(short),,cw_symbols.demangled,4775,method,high
TViewMgr,ShowTradeScreen,(short),TViewMgr::ShowTradeScreen(short),,cw_symbols.demangled,4776,method,high
TViewMgr,ShowTransportScreen,(short),TViewMgr::ShowTransportScreen(short),,cw_symbols.demangled,4777,method,high
TViewMgr,ShowUnitHistory,(short),TViewMgr::ShowUnitHistory(short),,cw_symbols.demangled,4778,method,high
TViewMgr,UpdateToolbar,(),TViewMgr::UpdateToolbar(),,cw_symbols.demangled,4779,method,high
TViewMgr,VerifyEndTurn,(),TViewMgr::VerifyEndTurn(),,cw_symbols.demangled,4780,method,high
TViewMgr,WriteTo,(TStream*),TViewMgr::WriteTo(TStream*),,cw_symbols.demangled,4781,method,high
TView,MoveByUser,(const VPoint&),TView::MoveByUser(const VPoint&),,cw_symbols.demangled,4782,method,high
TView,OffsetAndClipFurtherTo,"(const CRect&, CPoint)","TView::OffsetAndClipFurtherTo(const CRect&, CPoint)",,cw_symbols.demangled,4783,method,high
TView,Open,(),TView::Open(),,cw_symbols.demangled,4784,method,high
TView,PageInteriorChanged,(const VRect&),TView::PageInteriorChanged(const VRect&),,cw_symbols.demangled,4785,method,high
TView,GetHelpParameters,"(const VPoint&, Region**, HMMessageRecord&, CPoint&, CRect&, short&)","TView::GetHelpParameters(const VPoint&, Region**, HMMessageRecord&, CPoint&, CRect&, short&)",,cw_symbols.demangled,4786,method,high
TView,PrepareForDrawing,(),TView::PrepareForDrawing(),,cw_symbols.demangled,4787,method,high
TView,QDToViewPt,"(CPoint, VPoint&)","TView::QDToViewPt(CPoint, VPoint&)",,cw_symbols.demangled,4788,method,high
TView,QDToViewRect,"(const CRect&, VRect&)","TView::QDToViewRect(const CRect&, VRect&)",,cw_symbols.demangled,4789,method,high
TView,ReadFields,(TStream*),TView::ReadFields(TStream*),,cw_symbols.demangled,4790,method,high
TView,ReadFrom,(TStream*),TView::ReadFrom(TStream*),,cw_symbols.demangled,4791,method,high
TView,ReadSubViews,(TStream*),TView::ReadSubViews(TStream*),,cw_symbols.demangled,4792,method,high
TView,RemovedASubView,(TView*),TView::RemovedASubView(TView*),,cw_symbols.demangled,4793,method,high
TView,ResizeByUser,(const VPoint&),TView::ResizeByUser(const VPoint&),,cw_symbols.demangled,4794,method,high
TView,Resize,"(const VPoint&, unsigned char)","TView::Resize(const VPoint&, unsigned char)",,cw_symbols.demangled,4795,method,high
TView,RevealBottom,(unsigned char),TView::RevealBottom(unsigned char),,cw_symbols.demangled,4796,method,high
TView,RevealRect,"(const VRect&, const VPoint&, unsigned char)","TView::RevealRect(const VRect&, const VPoint&, unsigned char)",,cw_symbols.demangled,4797,method,high
TView,RevealTop,(unsigned char),TView::RevealTop(unsigned char),,cw_symbols.demangled,4798,method,high
TView,ScrollSelectionIntoView,(unsigned char),TView::ScrollSelectionIntoView(unsigned char),,cw_symbols.demangled,4799,method,high
TViewServer,NewSimpleWindow,"(short, unsigned char, unsigned char, TDocument*, TView*)","TViewServer::NewSimpleWindow(short, unsigned char, unsigned char, TDocument*, TView*)",,cw_symbols.demangled,4800,method,high
TViewServer,ReadViewsFrom,"(TStream*, TView*, const VPoint&)","TViewServer::ReadViewsFrom(TStream*, TView*, const VPoint&)",,cw_symbols.demangled,4801,method,high
TViewServer,WriteViewsToResource,"(TView*, short, const CStr255&, short)","TViewServer::WriteViewsToResource(TView*, short, const CStr255&, short)",,cw_symbols.demangled,4802,method,high
TViewServer,NewPaletteWindow,"(short, unsigned char, unsigned char, TDocument*, TView*, TView*, short, signed char)","TViewServer::NewPaletteWindow(short, unsigned char, unsigned char, TDocument*, TView*, TView*, short, signed char)",,cw_symbols.demangled,4803,method,high
TViewServer,AddSubViewWithScroller,"(TWindow*, TView*, unsigned char, unsigned char, const VPoint&)","TViewServer::AddSubViewWithScroller(TWindow*, TView*, unsigned char, unsigned char, const VPoint&)",,cw_symbols.demangled,4804,method,high
TViewServer,_DefaultConstructor,(),TViewServer::_DefaultConstructor(),,cw_symbols.demangled,4805,constructor,high
TViewServer,DoMakeViewStream,"(short, char**)","TViewServer::DoMakeViewStream(short, char**)",,cw_symbols.demangled,4806,method,high
TViewServer,IViewServer,(),TViewServer::IViewServer(),,cw_symbols.demangled,4807,method,high
TViewServer,NewTWindow,"(short, TDocument*)","TViewServer::NewTWindow(short, TDocument*)",,cw_symbols.demangled,4808,method,high
TView,SetFrame,"(const VRect&, unsigned char)","TView::SetFrame(const VRect&, unsigned char)",,cw_symbols.demangled,4809,method,high
TView,SetHLPenState,"(char, char)","TView::SetHLPenState(char, char)",,cw_symbols.demangled,4810,method,high
TView,SetLocalOrigin,"(const VPoint&, unsigned char)","TView::SetLocalOrigin(const VPoint&, unsigned char)",,cw_symbols.demangled,4811,method,high
TView,SetUserSelection,(TDesignator*),TView::SetUserSelection(TDesignator*),,cw_symbols.demangled,4812,method,high
TView,ShowReverted,(),TView::ShowReverted(),,cw_symbols.demangled,4813,method,high
TView,IView,"(TDocument*, TView*, const VPoint&, const VPoint&, SizeDeterminer, SizeDeterminer)","TView::IView(TDocument*, TView*, const VPoint&, const VPoint&, SizeDeterminer, SizeDeterminer)",,cw_symbols.demangled,4814,method,high
TView,SuperToLocalRegion,(Region**),TView::SuperToLocalRegion(Region**),,cw_symbols.demangled,4815,method,high
TViewTabber,_DefaultConstructor,(),TViewTabber::_DefaultConstructor(),,cw_symbols.demangled,4816,constructor,high
TViewTabber,FindTargets,"(unsigned char, 8)","TViewTabber::FindTargets(unsigned char, 8)",,cw_symbols.demangled,4817,method,high
TView,@.TrackConstrain,"(TrackPhase, const VPoint&, const VPoint&, VPoint&, unsigned char)","TView::@.TrackConstrain(TrackPhase, const VPoint&, const VPoint&, VPoint&, unsigned char)",,cw_symbols.demangled,4818,method,high
TView,TView,(),TView::TView(),,cw_symbols.demangled,4819,constructor,high
TView,Update,(),TView::Update(),,cw_symbols.demangled,4820,method,high
TView,UpdateCoordinates,(),TView::UpdateCoordinates(),,cw_symbols.demangled,4821,method,high
TView,UserSelectionChanged,(TView*),TView::UserSelectionChanged(TView*),,cw_symbols.demangled,4822,method,high
TView,ValidateRegion,(Region**),TView::ValidateRegion(Region**),,cw_symbols.demangled,4823,method,high
TView,ValidateVRect,(const VRect&),TView::ValidateVRect(const VRect&),,cw_symbols.demangled,4824,method,high
TView,ValidationFailed,(long),TView::ValidationFailed(long),,cw_symbols.demangled,4825,method,high
TView,ViewEnable,"(unsigned char, unsigned char)","TView::ViewEnable(unsigned char, unsigned char)",,cw_symbols.demangled,4826,method,high
TView,ViewToQDPt,(const VPoint&),TView::ViewToQDPt(const VPoint&),,cw_symbols.demangled,4827,method,high
TView,ViewToQDRect,"(const VRect&, CRect&)","TView::ViewToQDRect(const VRect&, CRect&)",,cw_symbols.demangled,4828,method,high
TView,WindowToLocal,(VPoint&),TView::WindowToLocal(VPoint&),,cw_symbols.demangled,4829,method,high
TView,WriteSubViews,(TStream*),TView::WriteSubViews(TStream*),,cw_symbols.demangled,4830,method,high
TView,WriteToDeskScrap,(),TView::WriteToDeskScrap(),,cw_symbols.demangled,4831,method,high
TWarehouseView,DoMouseCommand,"(VPoint&, TToolboxEvent*, CPoint)","TWarehouseView::DoMouseCommand(VPoint&, TToolboxEvent*, CPoint)",,cw_symbols.demangled,4832,method,high
TWarehouseView,_DefaultConstructor,(),TWarehouseView::_DefaultConstructor(),,cw_symbols.demangled,4833,constructor,high
TWarehouseView,GetClassDescDynamic,() const,TWarehouseView::GetClassDescDynamic() const,,cw_symbols.demangled,4834,classdesc,high
TWarehouseView,GetClassDescStatic,(),TWarehouseView::GetClassDescStatic(),,cw_symbols.demangled,4835,classdesc,high
TWarehouseView,TWarehouseView,(),TWarehouseView::TWarehouseView(),,cw_symbols.demangled,4836,constructor,high
TWarehouseView,UpdateFields,(),TWarehouseView::UpdateFields(),,cw_symbols.demangled,4837,method,high
TWarningView,DoPostCreate,(TDocument*),TWarningView::DoPostCreate(TDocument*),,cw_symbols.demangled,4838,method,high
TWarningView,GetClassDescDynamic,() const,TWarningView::GetClassDescDynamic() const,,cw_symbols.demangled,4839,classdesc,high
TWarningView,TWarningView,(),TWarningView::TWarningView(),,cw_symbols.demangled,4840,constructor,high
TWindow,GetStandardStateFrame,"(const VRect&, VRect&)","TWindow::GetStandardStateFrame(const VRect&, VRect&)",,cw_symbols.demangled,4841,method,high
TWindow,AboutToLoseControl,(),TWindow::AboutToLoseControl(),,cw_symbols.demangled,4842,method,high
TWindow,AllowsMenuAccess,(),TWindow::AllowsMenuAccess(),,cw_symbols.demangled,4843,method,high
TWindow,BeInDocument,(TDocument*),TWindow::BeInDocument(TDocument*),,cw_symbols.demangled,4844,method,high
TWindow,BuildWindowRegions,(unsigned char),TWindow::BuildWindowRegions(unsigned char),,cw_symbols.demangled,4845,method,high
TWindow,Center,"(unsigned char, unsigned char, unsigned char)","TWindow::Center(unsigned char, unsigned char, unsigned char)",,cw_symbols.demangled,4846,method,high
TWindow,CloseAndFree,(),TWindow::CloseAndFree(),,cw_symbols.demangled,4847,method,high
TWindow,CloseByUser,(),TWindow::CloseByUser(),,cw_symbols.demangled,4848,method,high
TWindow,_DefaultConstructor,(),TWindow::_DefaultConstructor(),,cw_symbols.demangled,4849,constructor,high
TWindow,Dismiss,"(unsigned long, unsigned char)","TWindow::Dismiss(unsigned long, unsigned char)",,cw_symbols.demangled,4850,method,high
TWindow,DoEvent,"(long, TEventHandler*, TEvent*)","TWindow::DoEvent(long, TEventHandler*, TEvent*)",,cw_symbols.demangled,4851,method,high
TWindow,DoInvalidateRegion,(Region**),TWindow::DoInvalidateRegion(Region**),,cw_symbols.demangled,4852,method,high
TWindow,DoPostCreate,(TDocument*),TWindow::DoPostCreate(TDocument*),,cw_symbols.demangled,4853,method,high
TWindow,DoSetupMenus,(),TWindow::DoSetupMenus(),,cw_symbols.demangled,4854,method,high
TWindow,DoValidateRegion,(Region**),TWindow::DoValidateRegion(Region**),,cw_symbols.demangled,4855,method,high
TWindow,DrawResizeIcon,(),TWindow::DrawResizeIcon(),,cw_symbols.demangled,4856,method,high
TWindow,FocusOnSuperView,(),TWindow::FocusOnSuperView(),,cw_symbols.demangled,4857,method,high
TWindow,Free,(),TWindow::Free(),,cw_symbols.demangled,4858,method,high
TWindow,GetBehindWindowPtr,(),TWindow::GetBehindWindowPtr(),,cw_symbols.demangled,4859,method,high
TWindow,GetClassDescDynamic,() const,TWindow::GetClassDescDynamic() const,,cw_symbols.demangled,4860,classdesc,high
TWindow,GetClassDescStatic,(),TWindow::GetClassDescStatic(),,cw_symbols.demangled,4861,classdesc,high
TWindow,GetGrafPort,(),TWindow::GetGrafPort(),,cw_symbols.demangled,4862,method,high
TWindow,GetLocationAdjustment,(CPoint&),TWindow::GetLocationAdjustment(CPoint&),,cw_symbols.demangled,4863,method,high
TWindow,GetPartCode,(const VPoint&),TWindow::GetPartCode(const VPoint&),,cw_symbols.demangled,4864,method,high
TWindow,GetStandardSignature,(),TWindow::GetStandardSignature(),,cw_symbols.demangled,4865,method,high
TWindow,GetTitle,(CStr255&),TWindow::GetTitle(CStr255&),,cw_symbols.demangled,4866,method,high
TWindow,GetUserStateFrame,"(const VRect&, VRect&)","TWindow::GetUserStateFrame(const VRect&, VRect&)",,cw_symbols.demangled,4867,method,high
TWindow,GetWindowTarget,(),TWindow::GetWindowTarget(),,cw_symbols.demangled,4868,method,high
TWindow,GoAwayByUser,(const VPoint&),TWindow::GoAwayByUser(const VPoint&),,cw_symbols.demangled,4869,method,high
TWindow,;.HandleMouseDown,"(const VPoint&, TToolboxEvent*, CPoint)","TWindow::;.HandleMouseDown(const VPoint&, TToolboxEvent*, CPoint)",,cw_symbols.demangled,4870,method,high
TWindow,HandlesHelp,(),TWindow::HandlesHelp(),,cw_symbols.demangled,4871,method,high
TWindow,HasPendingUpdate,(),TWindow::HasPendingUpdate(),,cw_symbols.demangled,4872,method,high
TWindow,IsActive,(),TWindow::IsActive(),,cw_symbols.demangled,4873,method,high
TWindow,IsDismissed,(),TWindow::IsDismissed(),,cw_symbols.demangled,4874,method,high
TWindow,IsDraggable,(const CRect&),TWindow::IsDraggable(const CRect&),,cw_symbols.demangled,4875,method,high
TWindow,IsInModalState,(),TWindow::IsInModalState(),,cw_symbols.demangled,4876,method,high
TWindow,IsModal,(),TWindow::IsModal(),,cw_symbols.demangled,4877,method,high
TWindow,IsShown,(),TWindow::IsShown(),,cw_symbols.demangled,4878,method,high
TWindow,IWindow,"(TDocument*, GrafPort*, unsigned char, unsigned char, unsigned char)","TWindow::IWindow(TDocument*, GrafPort*, unsigned char, unsigned char, unsigned char)",,cw_symbols.demangled,4879,method,high
TWindow,LetsSubViewsHandleCursor,(),TWindow::LetsSubViewsHandleCursor(),,cw_symbols.demangled,4880,method,high
TWindow,LetsSubViewsHandleHelp,(),TWindow::LetsSubViewsHandleHelp(),,cw_symbols.demangled,4881,method,high
TWindow,MoveByUser,(const VPoint&),TWindow::MoveByUser(const VPoint&),,cw_symbols.demangled,4882,method,high
TWindow,Open,(),TWindow::Open(),,cw_symbols.demangled,4883,method,high
TWindow,PoseModally,(),TWindow::PoseModally(),,cw_symbols.demangled,4884,method,high
TWindow,ReadFields,(TStream*),TWindow::ReadFields(TStream*),,cw_symbols.demangled,4885,method,high
TWindow,ResizeByUser,(const VPoint&),TWindow::ResizeByUser(const VPoint&),,cw_symbols.demangled,4886,method,high
TWindow,Select,(),TWindow::Select(),,cw_symbols.demangled,4887,method,high
TWindow,SetModality,(unsigned char),TWindow::SetModality(unsigned char),,cw_symbols.demangled,4888,method,high
TWindow,SetResizeLimits,"(CPoint, CPoint)","TWindow::SetResizeLimits(CPoint, CPoint)",,cw_symbols.demangled,4889,method,high
TWindow,SetWindowTarget,(TEventHandler*),TWindow::SetWindowTarget(TEventHandler*),,cw_symbols.demangled,4890,method,high
TWindow,Show,"(unsigned char, unsigned char)","TWindow::Show(unsigned char, unsigned char)",,cw_symbols.demangled,4891,method,high
TWindow,TWindow,(),TWindow::TWindow(),,cw_symbols.demangled,4892,constructor,high
TWindow,Update,(),TWindow::Update(),,cw_symbols.demangled,4893,method,high
TWindow,WriteFields,(TStream*),TWindow::WriteFields(TStream*),,cw_symbols.demangled,4894,method,high
TWindow,ZoomByUser,"(const VPoint&, short)","TWindow::ZoomByUser(const VPoint&, short)",,cw_symbols.demangled,4895,method,high
TWindow,Zoom,(short),TWindow::Zoom(short),,cw_symbols.demangled,4896,method,high
TWorldView,DoEvent,"(long, TEventHandler*, TEvent*)","TWorldView::DoEvent(long, TEventHandler*, TEvent*)",,cw_symbols.demangled,4897,method,high
TWorldView,TileID2TileTopLeft,"(short, const VPoint&, short&, short&, short)","TWorldView::TileID2TileTopLeft(short, const VPoint&, short&, short&, short)",,cw_symbols.demangled,4898,method,high
TWorldView,CenterOn,(short),TWorldView::CenterOn(short),,cw_symbols.demangled,4899,method,high
TWorldView,ConvertPoint,"(const VPoint&, short&, short&, short&)","TWorldView::ConvertPoint(const VPoint&, short&, short&, short&)",,cw_symbols.demangled,4900,method,high
TWorldView,DoKeyEvent,(TToolboxEvent*),TWorldView::DoKeyEvent(TToolboxEvent*),,cw_symbols.demangled,4901,method,high
TWorldView,DoPostCreate,(TDocument*),TWorldView::DoPostCreate(TDocument*),,cw_symbols.demangled,4902,method,high
TWorldView,DrawGarrison,"(short, const CRect&, unsigned char)","TWorldView::DrawGarrison(short, const CRect&, unsigned char)",,cw_symbols.demangled,4903,method,high
TWorldView,DrawSelectedUnit,(),TWorldView::DrawSelectedUnit(),,cw_symbols.demangled,4904,method,high
TWorldView,FlashSelectedUnit,(unsigned char),TWorldView::FlashSelectedUnit(unsigned char),,cw_symbols.demangled,4905,method,high
TWorldView,FrameCursorArea,(),TWorldView::FrameCursorArea(),,cw_symbols.demangled,4906,method,high
TWorldView,GetCentertile,() const,TWorldView::GetCentertile() const,,cw_symbols.demangled,4907,method,high
TWorldView,GetClassDescDynamic,() const,TWorldView::GetClassDescDynamic() const,,cw_symbols.demangled,4908,classdesc,high
TWorldView,?.HandleMouseDown,"(const VPoint&, TToolboxEvent*, CPoint)","TWorldView::?.HandleMouseDown(const VPoint&, TToolboxEvent*, CPoint)",,cw_symbols.demangled,4909,method,high
TWorldView,HelpClick,"(short, short)","TWorldView::HelpClick(short, short)",,cw_symbols.demangled,4910,method,high
TWorldView,NormalClick,"(short, short)","TWorldView::NormalClick(short, short)",,cw_symbols.demangled,4911,method,high
TWorldView,NoticeTile,(short),TWorldView::NoticeTile(short),,cw_symbols.demangled,4912,method,high
TWorldView,PointToTileID,(VPoint&),TWorldView::PointToTileID(VPoint&),,cw_symbols.demangled,4913,method,high
TWorldView,SetUpperLeft,(short),TWorldView::SetUpperLeft(short),,cw_symbols.demangled,4914,method,high
TWorldView,ShiftClick,"(short, short)","TWorldView::ShiftClick(short, short)",,cw_symbols.demangled,4915,method,high
TWorldView,TWorldView,(),TWorldView::TWorldView(),,cw_symbols.demangled,4916,constructor,high
TZone,AddNeighbor,(Province*),TZone::AddNeighbor(Province*),,cw_symbols.demangled,4917,method,high
TZone,AddNeighbor,(TZone*),TZone::AddNeighbor(TZone*),,cw_symbols.demangled,4918,method,high
TZone,AssembleTaskForce,(short),TZone::AssembleTaskForce(short),,cw_symbols.demangled,4919,method,high
TZone,CalculateYourGeometry,(),TZone::CalculateYourGeometry(),,cw_symbols.demangled,4920,method,high
TZone,CanBeTargetOf,(TTaskForce*) const,TZone::CanBeTargetOf(TTaskForce*) const,,cw_symbols.demangled,4921,method,high
TZone,DimAll,(),TZone::DimAll(),,cw_symbols.demangled,4922,method,high
TZone,Free,(),TZone::Free(),,cw_symbols.demangled,4923,method,high
TZone,GetClassDescDynamic,() const,TZone::GetClassDescDynamic() const,,cw_symbols.demangled,4924,classdesc,high
TZone,GetEnemyStrengthAssessmentVs,(short) const,TZone::GetEnemyStrengthAssessmentVs(short) const,,cw_symbols.demangled,4925,method,high
TZone,GetIndex,() const,TZone::GetIndex() const,,cw_symbols.demangled,4926,method,high
TZone,GetName,(CStr255&) const,TZone::GetName(CStr255&) const,,cw_symbols.demangled,4927,method,high
TZone,GetNameWithCode,(CStr255&) const,TZone::GetNameWithCode(CStr255&) const,,cw_symbols.demangled,4928,method,high
TZone,GetNavalAuthority,"(CStr255&, short)","TZone::GetNavalAuthority(CStr255&, short)",,cw_symbols.demangled,4929,method,high
TZone,GetNth,(short),TZone::GetNth(short),,cw_symbols.demangled,4930,method,high
TZone,GetPatrolMask,() const,TZone::GetPatrolMask() const,,cw_symbols.demangled,4931,method,high
TZone,GetStrategicValue,(),TZone::GetStrategicValue(),,cw_symbols.demangled,4932,method,high
TZone,HasNeighbor,(Province*),TZone::HasNeighbor(Province*),,cw_symbols.demangled,4933,method,high
TZone,HasNeighbor,(TZone*),TZone::HasNeighbor(TZone*),,cw_symbols.demangled,4934,method,high
TZone,IsAdjacentToCountry,(short) const,TZone::IsAdjacentToCountry(short) const,,cw_symbols.demangled,4935,method,high
TZone,IsEnemyControlled,(int) const,TZone::IsEnemyControlled(int) const,,cw_symbols.demangled,4936,method,high
TZone,IsEnemyOf,(short) const,TZone::IsEnemyOf(short) const,,cw_symbols.demangled,4937,method,high
TZone,IsFriendlyWith,(short) const,TZone::IsFriendlyWith(short) const,,cw_symbols.demangled,4938,method,high
TZone,IsProvincial,() const,TZone::IsProvincial() const,,cw_symbols.demangled,4939,method,high
TZone,IsSeaZone,() const,TZone::IsSeaZone() const,,cw_symbols.demangled,4940,method,high
TZone,IsVisibleToCountry,(short) const,TZone::IsVisibleToCountry(short) const,,cw_symbols.demangled,4941,method,high
TZone,IZone,(),TZone::IZone(),,cw_symbols.demangled,4942,method,high
TZone,LightDistanceRecursive,(short),TZone::LightDistanceRecursive(short),,cw_symbols.demangled,4943,method,high
TZone,LightUp,"(short, unsigned char)","TZone::LightUp(short, unsigned char)",,cw_symbols.demangled,4944,method,high
TZone,NameThyself,"(char*, const char*)","TZone::NameThyself(char*, const char*)",,cw_symbols.demangled,4945,method,high
TZone,OccupyBy,(short),TZone::OccupyBy(short),,cw_symbols.demangled,4946,method,high
TZone,PickIngotTile,(),TZone::PickIngotTile(),,cw_symbols.demangled,4947,method,high
TZone,PickInvasionIngotTile,(Province*),TZone::PickInvasionIngotTile(Province*),,cw_symbols.demangled,4948,method,high
TZone,PickPennantIngotTile,() const,TZone::PickPennantIngotTile() const,,cw_symbols.demangled,4949,method,high
TZone,ReadFrom,(TStream*),TZone::ReadFrom(TStream*),,cw_symbols.demangled,4950,method,high
TZone,ReconsiderFocusIngot,(),TZone::ReconsiderFocusIngot(),,cw_symbols.demangled,4951,method,high
TZone,SetPoliticalIndex,"(short, short)","TZone::SetPoliticalIndex(short, short)",,cw_symbols.demangled,4952,method,high
TZone,~TZone,(),TZone::~TZone(),,cw_symbols.demangled,4953,destructor,high
TZone,TZone,(),TZone::TZone(),,cw_symbols.demangled,4954,constructor,high
TZone,Vanish,(),TZone::Vanish(),,cw_symbols.demangled,4955,method,high
TZone,WriteTo,(TStream*),TZone::WriteTo(TStream*),,cw_symbols.demangled,4956,method,high
VPoint,ConstrainTo,"(const VRect&, 8)","VPoint::ConstrainTo(const VRect&, 8)",,cw_symbols.demangled,4957,method,high
VPoint,operator char*,() const,VPoint::operator char*() const,,cw_symbols.demangled,4958,method,high
VPoint,operator-,() const,VPoint::operator-() const,,cw_symbols.demangled,4959,method,high
VPoint,operator+=,(const VPoint&),VPoint::operator+=(const VPoint&),,cw_symbols.demangled,4960,method,high
VPoint,operator-=,(const VPoint&),VPoint::operator-=(const VPoint&),,cw_symbols.demangled,4961,method,high
VPoint,operator!=,(const VPoint&) const,VPoint::operator!=(const VPoint&) const,,cw_symbols.demangled,4962,method,high
VPoint,operator+,(const VPoint&) const,VPoint::operator+(const VPoint&) const,,cw_symbols.demangled,4963,method,high
VPoint,operator-,(const VPoint&) const,VPoint::operator-(const VPoint&) const,,cw_symbols.demangled,4964,method,high
VPoint,operator<,(const VPoint&) const,VPoint::operator<(const VPoint&) const,,cw_symbols.demangled,4965,method,high
VPoint,operator==,(const VPoint&) const,VPoint::operator==(const VPoint&) const,,cw_symbols.demangled,4966,method,high
VPoint,operator[],(signed char),VPoint::operator[](signed char),,cw_symbols.demangled,4967,method,high
VPoint,ToPoint,() const,VPoint::ToPoint() const,,cw_symbols.demangled,4968,method,high
VRect,Contains,(const VPoint&) const,VRect::Contains(const VPoint&) const,,cw_symbols.demangled,4969,method,high
VRect,Contains,(const VRect&) const,VRect::Contains(const VRect&) const,,cw_symbols.demangled,4970,method,high
VRect,Empty,() const,VRect::Empty() const,,cw_symbols.demangled,4971,method,high
VRect,GetLength,(signed char) const,VRect::GetLength(signed char) const,,cw_symbols.demangled,4972,method,high
VRect,GetSize,() const,VRect::GetSize() const,,cw_symbols.demangled,4973,method,high
VRect,Inset,(const VPoint&),VRect::Inset(const VPoint&),,cw_symbols.demangled,4974,method,high
VRect,operator+=,(const VPoint&),VRect::operator+=(const VPoint&),,cw_symbols.demangled,4975,method,high
VRect,operator-=,(const VPoint&),VRect::operator-=(const VPoint&),,cw_symbols.demangled,4976,method,high
VRect,operator+,(const VPoint&) const,VRect::operator+(const VPoint&) const,,cw_symbols.demangled,4977,method,high
VRect,operator-,(const VPoint&) const,VRect::operator-(const VPoint&) const,,cw_symbols.demangled,4978,method,high
VRect,operator!=,(const VRect&) const,VRect::operator!=(const VRect&) const,,cw_symbols.demangled,4979,method,high
VRect,operator&,(const VRect&) const,VRect::operator&(const VRect&) const,,cw_symbols.demangled,4980,method,high
VRect,operator|,(const VRect&) const,VRect::operator|(const VRect&) const,,cw_symbols.demangled,4981,method,high
VRect,operator[],(PointSelector),VRect::operator[](PointSelector),,cw_symbols.demangled,4982,method,high
VRect,Validate,(),VRect::Validate(),,cw_symbols.demangled,4983,method,high
VRect,Valid,() const,VRect::Valid() const,,cw_symbols.demangled,4984,method,high
VRect,VRect,(),VRect::VRect(),,cw_symbols.demangled,4985,constructor,high
VRect,VRect,"(const CRect&, 8)","VRect::VRect(const CRect&, 8)",,cw_symbols.demangled,4986,constructor,high
VRect,VRect,(const Rect&),VRect::VRect(const Rect&),,cw_symbols.demangled,4987,constructor,high
MemoryHook,AboutToRealloc,"(void*&, unsigned long&)","MemoryHook::AboutToRealloc(void*&, unsigned long&)",AboutToRealloc__10MemoryHookFRPvRUl,cw_symbols.raw,1,method,medium
TClipboardMgr,AbsorbScrapStuff,(),TClipboardMgr::AbsorbScrapStuff(),AbsorbScrapStuff__13TClipboardMgrFv,cw_symbols.raw,2,method,medium
TRemoteGreatPower,AcceptNoMore,(short),TRemoteGreatPower::AcceptNoMore(short),AcceptNoMore__17TRemoteGreatPowerFs,cw_symbols.raw,3,method,medium
TAutoGreatPower,AccrueInterest,(),TAutoGreatPower::AccrueInterest(),AccrueInterest__15TAutoGreatPowerFv,cw_symbols.raw,4,method,medium
MemoryHookList,Add,(MemoryHook*),MemoryHookList::Add(MemoryHook*),Add__14MemoryHookListFP10MemoryHook,cw_symbols.raw,5,method,medium
stretch<Seapoint>,Add,(Seapoint),stretch<Seapoint>::Add(Seapoint),Add__18stretch<8Seapoint>F8Seapoint,cw_symbols.raw,6,method,medium
TAutoGreatPower,AddNoticeFrom,"(short, short)","TAutoGreatPower::AddNoticeFrom(short, short)",AddNoticeFrom__15TAutoGreatPowerFss,cw_symbols.raw,7,method,medium
TProxyGreatPower,AddOfferFrom,"(short, short)","TProxyGreatPower::AddOfferFrom(short, short)",AddOfferFrom__16TProxyGreatPowerFss,cw_symbols.raw,8,method,medium
TProxyGreatPower,AddToTreasury,(long),TProxyGreatPower::AddToTreasury(long),AddToTreasury__16TProxyGreatPowerFl,cw_symbols.raw,9,method,medium
TApplication,AddWindow,(TWindow*),TApplication::AddWindow(TWindow*),AddWindow__12TApplicationFP7TWindow,cw_symbols.raw,10,method,medium
TMapUberPicture,ArmyCheatClick,(short),TMapUberPicture::ArmyCheatClick(short),ArmyCheatClick__15TMapUberPictureFs,cw_symbols.raw,11,method,medium
TArmyPlayer,AssignEnfiladeJobs,(),TArmyPlayer::AssignEnfiladeJobs(),AssignEnfiladeJobs__11TArmyPlayerFv,cw_symbols.raw,12,method,medium
TTracker,BecomeTracker,(TTracker*),TTracker::BecomeTracker(TTracker*),BecomeTracker__8TTrackerFP8TTracker,cw_symbols.raw,13,method,medium
TTETypingCommand,BkSpcRight,"(char**, short)","TTETypingCommand::BkSpcRight(char**, short)",BkSpcRight__16TTETypingCommandFPPcs,cw_symbols.raw,14,method,medium
TTradeMgr,CalculateNewItemPrice,(short),TTradeMgr::CalculateNewItemPrice(short),CalculateNewItemPrice__9TTradeMgrFs,cw_symbols.raw,15,method,medium
TMapMgr,CalculateProvinceValues,(),TMapMgr::CalculateProvinceValues(),CalculateProvinceValues__7TMapMgrFv,cw_symbols.raw,16,method,medium
TDiplomacyMgr,CalculateRatings,(),TDiplomacyMgr::CalculateRatings(),CalculateRatings__13TDiplomacyMgrFv,cw_symbols.raw,17,method,medium
PatchWaitMouseUp,CallInherited,(),PatchWaitMouseUp::CallInherited(),CallInherited__16PatchWaitMouseUpFv,cw_symbols.raw,18,method,medium
TStdPrintHandler,CallJobDialog,(),TStdPrintHandler::CallJobDialog(),CallJobDialog__16TStdPrintHandlerFv,cw_symbols.raw,19,method,medium
TGreatPower,CityNotice,(CStr255&),TGreatPower::CityNotice(CStr255&),CityNotice__11TGreatPowerFR7CStr255,cw_symbols.raw,20,method,medium
TMinorRelationshipDialog,Close,(),TMinorRelationshipDialog::Close(),Close__24TMinorRelationshipDialogFv,cw_symbols.raw,21,method,medium
TMapDialog,CoastWedgeNE,"(unsigned char*, unsigned char*, short, short)","TMapDialog::CoastWedgeNE(unsigned char*, unsigned char*, short, short)",CoastWedgeNE__10TMapDialogFPUcPUcss,cw_symbols.raw,22,method,medium
TMapDialog,CoastWedgeNW,"(unsigned char*, unsigned char*, short, short)","TMapDialog::CoastWedgeNW(unsigned char*, unsigned char*, short, short)",CoastWedgeNW__10TMapDialogFPUcPUcss,cw_symbols.raw,23,method,medium
TMapDialog,CoastWedgeSE,"(unsigned char*, unsigned char*, short, short)","TMapDialog::CoastWedgeSE(unsigned char*, unsigned char*, short, short)",CoastWedgeSE__10TMapDialogFPUcPUcss,cw_symbols.raw,24,method,medium
TMapDialog,CoastWedgeSW,"(unsigned char*, unsigned char*, short, short)","TMapDialog::CoastWedgeSW(unsigned char*, unsigned char*, short, short)",CoastWedgeSW__10TMapDialogFPUcPUcss,cw_symbols.raw,25,method,medium
TWorldView,CommandOptionClick,"(short, short)","TWorldView::CommandOptionClick(short, short)",CommandOptionClick__10TWorldViewFss,cw_symbols.raw,26,method,medium
TCmdTable,CommandToMenuItem,"(long, short&, short&)","TCmdTable::CommandToMenuItem(long, short&, short&)",CommandToMenuItem__9TCmdTableFlRsRs,cw_symbols.raw,27,method,medium
TSortedHandleList,Compare,"(char**, char**)","TSortedHandleList::Compare(char**, char**)",Compare__17TSortedHandleListFPPcPPc,cw_symbols.raw,28,method,medium
TMenuIDList,CompareElements,"(void*, void*)","TMenuIDList::CompareElements(void*, void*)",CompareElements__11TMenuIDListFPvPv,cw_symbols.raw,29,method,medium
TSortedList,CompareElements,"(void*, void*)","TSortedList::CompareElements(void*, void*)",CompareElements__11TSortedListFPvPv,cw_symbols.raw,30,method,medium
TObject,CompareObject,(const TObject*) const,TObject::CompareObject(const TObject*) const,CompareObject__7TObjectCFPC7TObject,cw_symbols.raw,31,method,medium
TGreatPower,ConsiderNewMission,(),TGreatPower::ConsiderNewMission(),ConsiderNewMission__11TGreatPowerFv,cw_symbols.raw,32,method,medium
TMapMaker,CountSeaTilesInColumn,(int),TMapMaker::CountSeaTilesInColumn(int),CountSeaTilesInColumn__9TMapMakerFi,cw_symbols.raw,33,method,medium
TTaskForce,CountSelectedShips,() const,TTaskForce::CountSelectedShips() const,CountSelectedShips__10TTaskForceCFv,cw_symbols.raw,34,method,medium
DataHunkMessage,Create16,"(int, unsigned short*, unsigned short*)","DataHunkMessage::Create16(int, unsigned short*, unsigned short*)",Create16__15DataHunkMessageFiPUsPUs,cw_symbols.raw,35,method,medium
TNewsMgr,CreateEventStories,"(long, long&, long&)","TNewsMgr::CreateEventStories(long, long&, long&)",CreateEventStories__8TNewsMgrFlRlRl,cw_symbols.raw,36,method,medium
CColumnIterator,CColumnIterator,(TGridView*),CColumnIterator::CColumnIterator(TGridView*),__ct__15CColumnIteratorFP9TGridView,cw_symbols.raw,37,constructor,medium
CWindowIterator,CWindowIterator,(TDocument*),CWindowIterator::CWindowIterator(TDocument*),__ct__15CWindowIteratorFP9TDocument,cw_symbols.raw,38,constructor,medium
TBuildingConstructionView,TBuildingConstructionView,(),TBuildingConstructionView::TBuildingConstructionView(),__ct__25TBuildingConstructionViewFv,cw_symbols.raw,39,constructor,medium
TProvinceDesirabilityList,TProvinceDesirabilityList,(),TProvinceDesirabilityList::TProvinceDesirabilityList(),__ct__25TProvinceDesirabilityListFv,cw_symbols.raw,40,constructor,medium
TSortedByRelationshipList,TSortedByRelationshipList,(),TSortedByRelationshipList::TSortedByRelationshipList(),__ct__25TSortedByRelationshipListFv,cw_symbols.raw,41,constructor,medium
TAutoGreatPower,DeclareWarOn,"(long, short, long)","TAutoGreatPower::DeclareWarOn(long, short, long)",DeclareWarOn__15TAutoGreatPowerFlsl,cw_symbols.raw,42,method,medium
TAnimation,_DefaultConstructor,(),TAnimation::_DefaultConstructor(),_DefaultConstructor__10TAnimationFv,cw_symbols.raw,43,constructor,medium
TArmyStack,_DefaultConstructor,(),TArmyStack::_DefaultConstructor(),_DefaultConstructor__10TArmyStackFv,cw_symbols.raw,44,constructor,medium
TCivReport,_DefaultConstructor,(),TCivReport::_DefaultConstructor(),_DefaultConstructor__10TCivReportFv,cw_symbols.raw,45,constructor,medium
TClickZone,_DefaultConstructor,(),TClickZone::_DefaultConstructor(),_DefaultConstructor__10TClickZoneFv,cw_symbols.raw,46,constructor,medium
TColorFill,_DefaultConstructor,(),TColorFill::_DefaultConstructor(),_DefaultConstructor__10TColorFillFv,cw_symbols.raw,47,constructor,medium
TDlgWindow,_DefaultConstructor,(),TDlgWindow::_DefaultConstructor(),_DefaultConstructor__10TDlgWindowFv,cw_symbols.raw,48,constructor,medium
TEventList,_DefaultConstructor,(),TEventList::_DefaultConstructor(),_DefaultConstructor__10TEventListFv,cw_symbols.raw,49,constructor,medium
TGPCheater,_DefaultConstructor,(),TGPCheater::_DefaultConstructor(),_DefaultConstructor__10TGPCheaterFv,cw_symbols.raw,50,constructor,medium
TItemOrder,_DefaultConstructor,(),TItemOrder::_DefaultConstructor(),_DefaultConstructor__10TItemOrderFv,cw_symbols.raw,51,constructor,medium
TLaborPool,_DefaultConstructor,(),TLaborPool::_DefaultConstructor(),_DefaultConstructor__10TLaborPoolFv,cw_symbols.raw,52,constructor,medium
TMapDialog,_DefaultConstructor,(),TMapDialog::_DefaultConstructor(),_DefaultConstructor__10TMapDialogFv,cw_symbols.raw,53,constructor,medium
TMenuTable,_DefaultConstructor,(),TMenuTable::_DefaultConstructor(),_DefaultConstructor__10TMenuTableFv,cw_symbols.raw,54,constructor,medium
TMovieView,_DefaultConstructor,(),TMovieView::_DefaultConstructor(),_DefaultConstructor__10TMovieViewFv,cw_symbols.raw,55,constructor,medium
TOrderView,_DefaultConstructor,(),TOrderView::_DefaultConstructor(),_DefaultConstructor__10TOrderViewFv,cw_symbols.raw,56,constructor,medium
TPanelView,_DefaultConstructor,(),TPanelView::_DefaultConstructor(),_DefaultConstructor__10TPanelViewFv,cw_symbols.raw,57,constructor,medium
TRadioText,_DefaultConstructor,(),TRadioText::_DefaultConstructor(),_DefaultConstructor__10TRadioTextFv,cw_symbols.raw,58,constructor,medium
TScrollBar,_DefaultConstructor,(),TScrollBar::_DefaultConstructor(),_DefaultConstructor__10TScrollBarFv,cw_symbols.raw,59,constructor,medium
TShipOrder,_DefaultConstructor,(),TShipOrder::_DefaultConstructor(),_DefaultConstructor__10TShipOrderFv,cw_symbols.raw,60,constructor,medium
TSmallIcon,_DefaultConstructor,(),TSmallIcon::_DefaultConstructor(),_DefaultConstructor__10TSmallIconFv,cw_symbols.raw,61,constructor,medium
TTaskForce,_DefaultConstructor,(),TTaskForce::_DefaultConstructor(),_DefaultConstructor__10TTaskForceFv,cw_symbols.raw,62,constructor,medium
TTECommand,_DefaultConstructor,(),TTECommand::_DefaultConstructor(),_DefaultConstructor__10TTECommandFv,cw_symbols.raw,63,constructor,medium
TUnitOrder,_DefaultConstructor,(),TUnitOrder::_DefaultConstructor(),_DefaultConstructor__10TUnitOrderFv,cw_symbols.raw,64,constructor,medium
TUnitsView,_DefaultConstructor,(),TUnitsView::_DefaultConstructor(),_DefaultConstructor__10TUnitsViewFv,cw_symbols.raw,65,constructor,medium
TWorldView,_DefaultConstructor,(),TWorldView::_DefaultConstructor(),_DefaultConstructor__10TWorldViewFv,cw_symbols.raw,66,constructor,medium
TMenuBarManager,DeleteMenuItem,(long),TMenuBarManager::DeleteMenuItem(long),DeleteMenuItem__15TMenuBarManagerFl,cw_symbols.raw,67,method,medium
TMapUberPicture,DisplayMiniMap,(),TMapUberPicture::DisplayMiniMap(),DisplayMiniMap__15TMapUberPictureFv,cw_symbols.raw,68,method,medium
TTacticalBattleView,DoGlideAni,(),TTacticalBattleView::DoGlideAni(),DoGlideAni__19TTacticalBattleViewFv,cw_symbols.raw,69,method,medium
TGridView,DoHighlightSelection,"(char, char)","TGridView::DoHighlightSelection(char, char)",DoHighlightSelection__9TGridViewFcc,cw_symbols.raw,70,method,medium
TCancelGameOptionsCommand,DoIt,(),TCancelGameOptionsCommand::DoIt(),DoIt__25TCancelGameOptionsCommandFv,cw_symbols.raw,71,method,medium
TApplication,DoLaunchClipboard,(),TApplication::DoLaunchClipboard(),DoLaunchClipboard__12TApplicationFv,cw_symbols.raw,72,method,medium
TStdPrintHandler,DoMenuCommand,(long),TStdPrintHandler::DoMenuCommand(long),DoMenuCommand__16TStdPrintHandlerFl,cw_symbols.raw,73,method,medium
TSimMgr,DoPerTurnMissionAIStuff,(short),TSimMgr::DoPerTurnMissionAIStuff(short),DoPerTurnMissionAIStuff__7TSimMgrFs,cw_symbols.raw,74,method,medium
TPlacard,DoPostCreate,(TDocument*),TPlacard::DoPostCreate(TDocument*),DoPostCreate__8TPlacardFP9TDocument,cw_symbols.raw,75,method,medium
TStdPrintHandler,DoPrintIdling,(),TStdPrintHandler::DoPrintIdling(),DoPrintIdling__16TStdPrintHandlerFv,cw_symbols.raw,76,method,medium
TList,DoSearchElement,"(short (*)(long, void*), void*, long&)","TList::DoSearchElement(short (*)(long, void*), void*, long&)",DoSearchElement__5TListFPFlPv_sPvRl,cw_symbols.raw,77,method,medium
TForeignMinister,DoSelectEnemy,(),TForeignMinister::DoSelectEnemy(),DoSelectEnemy__16TForeignMinisterFv,cw_symbols.raw,78,method,medium
TTEView,DoSetPageOffset,(const VPoint&),TTEView::DoSetPageOffset(const VPoint&),DoSetPageOffset__7TTEViewFRC6VPoint,cw_symbols.raw,79,method,medium
TAmbitApplication,DoSetupMenus,(),TAmbitApplication::DoSetupMenus(),DoSetupMenus__17TAmbitApplicationFv,cw_symbols.raw,80,method,medium
TDimAdorner,Draw,"(TView*, const VRect&)","TDimAdorner::Draw(TView*, const VRect&)",Draw__11TDimAdornerFP5TViewRC5VRect,cw_symbols.raw,81,method,medium
TBackgroundPicture,Draw,(const VRect&),TBackgroundPicture::Draw(const VRect&),Draw__18TBackgroundPictureFRC5VRect,cw_symbols.raw,82,method,medium
THighScoresPicture,Draw,(const VRect&),THighScoresPicture::Draw(const VRect&),Draw__18THighScoresPictureFRC5VRect,cw_symbols.raw,83,method,medium
TMovieViewBehavior,Draw,(const VRect&),TMovieViewBehavior::Draw(const VRect&),Draw__18TMovieViewBehaviorFRC5VRect,cw_symbols.raw,84,method,medium
TScrollerScrollBar,Draw,(const VRect&),TScrollerScrollBar::Draw(const VRect&),Draw__18TScrollerScrollBarFRC5VRect,cw_symbols.raw,85,method,medium
TTextPictureButton,Draw,(const VRect&),TTextPictureButton::Draw(const VRect&),Draw__18TTextPictureButtonFRC5VRect,cw_symbols.raw,86,method,medium
TMapDialog,DrawFleet,"(short, const CRect&, unsigned char)","TMapDialog::DrawFleet(short, const CRect&, unsigned char)",DrawFleet__10TMapDialogFsRC5CRectUc,cw_symbols.raw,87,method,medium
TWorldView,DrawFleet,"(short, const CRect&, unsigned char)","TWorldView::DrawFleet(short, const CRect&, unsigned char)",DrawFleet__10TWorldViewFsRC5CRectUc,cw_symbols.raw,88,method,medium
TMapDialog,DrawUnit,"(TUnit*, short, short, unsigned char, short)","TMapDialog::DrawUnit(TUnit*, short, short, unsigned char, short)",DrawUnit__10TMapDialogFP5TUnitssUcs,cw_symbols.raw,89,method,medium
TWorldView,DrawUnit,"(TUnit*, short, short, unsigned char, short)","TWorldView::DrawUnit(TUnit*, short, short, unsigned char, short)",DrawUnit__10TWorldViewFP5TUnitssUcs,cw_symbols.raw,90,method,medium
TForeignMinister,EndTradePhase,(),TForeignMinister::EndTradePhase(),EndTradePhase__16TForeignMinisterFv,cw_symbols.raw,91,method,medium
TStdPrintHandler,FocusOnBorder,(),TStdPrintHandler::FocusOnBorder(),FocusOnBorder__16TStdPrintHandlerFv,cw_symbols.raw,92,method,medium
TGreatPower,ForgetSomeMissions,(),TGreatPower::ForgetSomeMissions(),ForgetSomeMissions__11TGreatPowerFv,cw_symbols.raw,93,method,medium
TTETypingCommand,FwdDelete,"(char**, short, short)","TTETypingCommand::FwdDelete(char**, short, short)",FwdDelete__16TTETypingCommandFPPcss,cw_symbols.raw,94,method,medium
TDialogView,GetClassDescStatic,(),TDialogView::GetClassDescStatic(),GetClassDescStatic__11TDialogViewFv,cw_symbols.raw,95,classdesc,medium
TDimAdorner,GetClassDescStatic,(),TDimAdorner::GetClassDescStatic(),GetClassDescStatic__11TDimAdornerFv,cw_symbols.raw,96,classdesc,medium
TGameWindow,GetClassDescStatic,(),TGameWindow::GetClassDescStatic(),GetClassDescStatic__11TGameWindowFv,cw_symbols.raw,97,classdesc,medium
TIconSlider,GetClassDescStatic,(),TIconSlider::GetClassDescStatic(),GetClassDescStatic__11TIconSliderFv,cw_symbols.raw,98,classdesc,medium
TNavyRoster,GetClassDescStatic,(),TNavyRoster::GetClassDescStatic(),GetClassDescStatic__11TNavyRosterFv,cw_symbols.raw,99,classdesc,medium
TNumberText,GetClassDescStatic,(),TNumberText::GetClassDescStatic(),GetClassDescStatic__11TNumberTextFv,cw_symbols.raw,100,classdesc,medium
TRailAmtBar,GetClassDescStatic,(),TRailAmtBar::GetClassDescStatic(),GetClassDescStatic__11TRailAmtBarFv,cw_symbols.raw,101,classdesc,medium
TStaticText,GetClassDescStatic,(),TStaticText::GetClassDescStatic(),GetClassDescStatic__11TStaticTextFv,cw_symbols.raw,102,classdesc,medium
TUpDownView,GetClassDescStatic,(),TUpDownView::GetClassDescStatic(),GetClassDescStatic__11TUpDownViewFv,cw_symbols.raw,103,classdesc,medium
TView,GetDrawableRegion,(Region**),TView::GetDrawableRegion(Region**),GetDrawableRegion__5TViewFPP6Region,cw_symbols.raw,104,method,medium
TDynamicArray,GetElementsAt,"(long, void*, long)","TDynamicArray::GetElementsAt(long, void*, long)",GetElementsAt__13TDynamicArrayFlPvl,cw_symbols.raw,105,method,medium
TSortedPtrList,GetEqualItemNo,(char*),TSortedPtrList::GetEqualItemNo(char*),GetEqualItemNo__14TSortedPtrListFPc,cw_symbols.raw,106,method,medium
TEventHandler,GetFirstBehavior,(),TEventHandler::GetFirstBehavior(),GetFirstBehavior__13TEventHandlerFv,cw_symbols.raw,107,method,medium
TCommandHandler,GetLastCommand,(),TCommandHandler::GetLastCommand(),GetLastCommand__15TCommandHandlerFv,cw_symbols.raw,108,method,medium
TAssetMgr,GetPreferenceInt,"(int&, const char*, int)","TAssetMgr::GetPreferenceInt(int&, const char*, int)",GetPreferenceInt__9TAssetMgrFRiPCci,cw_symbols.raw,109,method,medium
TMapMgr,GetProvinceName,"(long, CStr32&)","TMapMgr::GetProvinceName(long, CStr32&)",GetProvinceName__7TMapMgrFlR6CStr32,cw_symbols.raw,110,method,medium
TGreatPower,GetSeekPeaceNumber,(),TGreatPower::GetSeekPeaceNumber(),GetSeekPeaceNumber__11TGreatPowerFv,cw_symbols.raw,111,method,medium
TGreatPower,GetTotalNavalForce,(),TGreatPower::GetTotalNavalForce(),GetTotalNavalForce__11TGreatPowerFv,cw_symbols.raw,112,method,medium
TDiplomacyMgr,GetTreatyStatus,"(short, short)","TDiplomacyMgr::GetTreatyStatus(short, short)",GetTreatyStatus__13TDiplomacyMgrFss,cw_symbols.raw,113,method,medium
TNumberText,GetValidationError,(),TNumberText::GetValidationError(),GetValidationError__11TNumberTextFv,cw_symbols.raw,114,method,medium
TEventHandler,HandleSetupMenus,(),TEventHandler::HandleSetupMenus(),HandleSetupMenus__13TEventHandlerFv,cw_symbols.raw,115,method,medium
TArmyMgr,HasBattlesInvolvingGP,(int) const,TArmyMgr::HasBattlesInvolvingGP(int) const,HasBattlesInvolvingGP__8TArmyMgrCFi,cw_symbols.raw,116,method,medium
TMapMgr,HasExclusiveWaterAccess,(short),TMapMgr::HasExclusiveWaterAccess(short),HasExclusiveWaterAccess__7TMapMgrFs,cw_symbols.raw,117,method,medium
TMapMgr,HasUnblockedWaterAccess,(short),TMapMgr::HasUnblockedWaterAccess(short),HasUnblockedWaterAccess__7TMapMgrFs,cw_symbols.raw,118,method,medium
TColorKeyButton,HiliteState,"(unsigned char, unsigned char)","TColorKeyButton::HiliteState(unsigned char, unsigned char)",HiliteState__15TColorKeyButtonFUcUc,cw_symbols.raw,119,method,medium
TFrameRadioView,HiliteState,"(unsigned char, unsigned char)","TFrameRadioView::HiliteState(unsigned char, unsigned char)",HiliteState__15TFrameRadioViewFUcUc,cw_symbols.raw,120,method,medium
TDealLine,IDealLine,"(short, short, VPoint&, short, short, short)","TDealLine::IDealLine(short, short, VPoint&, short, short, short)",IDealLine__9TDealLineFssR6VPointsss,cw_symbols.raw,121,method,medium
THandleStream,IHandleStream,"(char**, long)","THandleStream::IHandleStream(char**, long)",IHandleStream__13THandleStreamFPPcl,cw_symbols.raw,122,method,medium
TLandSaleEvent,ILandSaleEvent,"(short, short)","TLandSaleEvent::ILandSaleEvent(short, short)",ILandSaleEvent__14TLandSaleEventFss,cw_symbols.raw,123,method,medium
TMilitaryUnit,IMilitaryUnit,"(short, short, short, short)","TMilitaryUnit::IMilitaryUnit(short, short, short, short)",IMilitaryUnit__13TMilitaryUnitFssss,cw_symbols.raw,124,method,medium
TOceanDialog,ImmediateDrawTile,(short),TOceanDialog::ImmediateDrawTile(short),ImmediateDrawTile__12TOceanDialogFs,cw_symbols.raw,125,method,medium
TMission,IndustrialCostOfNeeds,() const,TMission::IndustrialCostOfNeeds() const,IndustrialCostOfNeeds__8TMissionCFv,cw_symbols.raw,126,method,medium
ClassDesc,Initialize,(const ClassDesc*),ClassDesc::Initialize(const ClassDesc*),Initialize__9ClassDescFPC9ClassDesc,cw_symbols.raw,127,method,medium
TGreatPower,InitializeDealBook,(),TGreatPower::InitializeDealBook(),InitializeDealBook__11TGreatPowerFv,cw_symbols.raw,128,method,medium
TDiplomacyMgr,InitializeTables,(),TDiplomacyMgr::InitializeTables(),InitializeTables__13TDiplomacyMgrFv,cw_symbols.raw,129,method,medium
CString,InsertHelper,"(const CString&, short, short)","CString::InsertHelper(const CString&, short, short)",InsertHelper__7CStringFRC7CStringss,cw_symbols.raw,130,method,medium
TApplication,InvalidateHelpRgn,(),TApplication::InvalidateHelpRgn(),InvalidateHelpRgn__12TApplicationFv,cw_symbols.raw,131,method,medium
TMapUberPicture,InvalidateTile,(short),TMapUberPicture::InvalidateTile(short),InvalidateTile__15TMapUberPictureFs,cw_symbols.raw,132,method,medium
TObject,IsGreaterThan,(const TObject*) const,TObject::IsGreaterThan(const TObject*) const,IsGreaterThan__7TObjectCFPC7TObject,cw_symbols.raw,133,method,medium
TMapMgr,IsProvinceAdjacentTo,"(long, long, unsigned char)","TMapMgr::IsProvinceAdjacentTo(long, long, unsigned char)",IsProvinceAdjacentTo__7TMapMgrFllUc,cw_symbols.raw,134,method,medium
TTaskForce,IsValidTarget,(TZone*),TTaskForce::IsValidTarget(TZone*),IsValidTarget__10TTaskForceFP5TZone,cw_symbols.raw,135,method,medium
TTextListView,LastSelectedItem,(),TTextListView::LastSelectedItem(),LastSelectedItem__13TTextListViewFv,cw_symbols.raw,136,method,medium
TAnimation,LoadFrameIntoBuffer,(),TAnimation::LoadFrameIntoBuffer(),LoadFrameIntoBuffer__10TAnimationFv,cw_symbols.raw,137,method,medium
TViewMgr,MakeRelationshipDialog,(short),TViewMgr::MakeRelationshipDialog(short),MakeRelationshipDialog__8TViewMgrFs,cw_symbols.raw,138,method,medium
TStdPrintHandler,MaxPageNumber,(),TStdPrintHandler::MaxPageNumber(),MaxPageNumber__16TStdPrintHandlerFv,cw_symbols.raw,139,method,medium
CDocumentIterator,NextDocument,(),CDocumentIterator::NextDocument(),NextDocument__17CDocumentIteratorFv,cw_symbols.raw,140,method,medium
CNotifierIterator,NextNotifier,(),CNotifierIterator::NextNotifier(),NextNotifier__17CNotifierIteratorFv,cw_symbols.raw,141,method,medium
CDependencyIterator,NextObject,(),CDependencyIterator::NextObject(),NextObject__19CDependencyIteratorFv,cw_symbols.raw,142,method,medium
TStdPrintHandler,OpenPrintShop,(),TStdPrintHandler::OpenPrintShop(),OpenPrintShop__16TStdPrintHandlerFv,cw_symbols.raw,143,method,medium
TTaskForce,OrderBlockade,(TZone*),TTaskForce::OrderBlockade(TZone*),OrderBlockade__10TTaskForceFP5TZone,cw_symbols.raw,144,method,medium
TDiplomacyMapView,PaintRegion,"(int, short)","TDiplomacyMapView::PaintRegion(int, short)",PaintRegion__17TDiplomacyMapViewFis,cw_symbols.raw,145,method,medium
TMapMaker,PlantForestCluster,"(long, long, unsigned char)","TMapMaker::PlantForestCluster(long, long, unsigned char)",PlantForestCluster__9TMapMakerFllUc,cw_symbols.raw,146,method,medium
TApplication,PollToolboxEvent,(unsigned char),TApplication::PollToolboxEvent(unsigned char),PollToolboxEvent__12TApplicationFUc,cw_symbols.raw,147,method,medium
TStdPrintHandler,PoseJobDialog,(),TStdPrintHandler::PoseJobDialog(),PoseJobDialog__16TStdPrintHandlerFv,cw_symbols.raw,148,method,medium
TGreatPower,PreflightDiplomacy,(),TGreatPower::PreflightDiplomacy(),PreflightDiplomacy__11TGreatPowerFv,cw_symbols.raw,149,method,medium
TGreatPower,PreflightTransport,(),TGreatPower::PreflightTransport(),PreflightTransport__11TGreatPowerFv,cw_symbols.raw,150,method,medium
TPopulationMgr,PretendToEat,"(short&, short&)","TPopulationMgr::PretendToEat(short&, short&)",PretendToEat__14TPopulationMgrFRsRs,cw_symbols.raw,151,method,medium
TSoundPlayer,PriorityOverride,"(short, short)","TSoundPlayer::PriorityOverride(short, short)",PriorityOverride__12TSoundPlayerFss,cw_symbols.raw,152,method,medium
TAutoGreatPower,PurchaseItem,"(short, short, short)","TAutoGreatPower::PurchaseItem(short, short, short)",PurchaseItem__15TAutoGreatPowerFsss,cw_symbols.raw,153,method,medium
TMapDialog,QuickWedgeNE,"(unsigned char*, unsigned char*, short, short)","TMapDialog::QuickWedgeNE(unsigned char*, unsigned char*, short, short)",QuickWedgeNE__10TMapDialogFPUcPUcss,cw_symbols.raw,154,method,medium
TMapDialog,QuickWedgeNW,"(unsigned char*, unsigned char*, short, short)","TMapDialog::QuickWedgeNW(unsigned char*, unsigned char*, short, short)",QuickWedgeNW__10TMapDialogFPUcPUcss,cw_symbols.raw,155,method,medium
TMapDialog,QuickWedgeSE,"(unsigned char*, unsigned char*, short, short)","TMapDialog::QuickWedgeSE(unsigned char*, unsigned char*, short, short)",QuickWedgeSE__10TMapDialogFPUcPUcss,cw_symbols.raw,156,method,medium
TMapDialog,QuickWedgeSW,"(unsigned char*, unsigned char*, short, short)","TMapDialog::QuickWedgeSW(unsigned char*, unsigned char*, short, short)",QuickWedgeSW__10TMapDialogFPUcPUcss,cw_symbols.raw,157,method,medium
TDialogView,ReadFields,(TStream*),TDialogView::ReadFields(TStream*),ReadFields__11TDialogViewFP7TStream,cw_symbols.raw,158,method,medium
TNumberText,ReadFields,(TStream*),TNumberText::ReadFields(TStream*),ReadFields__11TNumberTextFP7TStream,cw_symbols.raw,159,method,medium
TStaticText,ReadFields,(TStream*),TStaticText::ReadFields(TStream*),ReadFields__11TStaticTextFP7TStream,cw_symbols.raw,160,method,medium
TDiplomacyMgr,ReadFrom,(TStream*),TDiplomacyMgr::ReadFrom(TStream*),ReadFrom__13TDiplomacyMgrFP7TStream,cw_symbols.raw,161,method,medium
TDynamicArray,ReadFrom,(TStream*),TDynamicArray::ReadFrom(TStream*),ReadFrom__13TDynamicArrayFP7TStream,cw_symbols.raw,162,method,medium
TEventHandler,ReadFrom,(TStream*),TEventHandler::ReadFrom(TStream*),ReadFrom__13TEventHandlerFP7TStream,cw_symbols.raw,163,method,medium
TMilitaryUnit,ReadFrom,(TStream*),TMilitaryUnit::ReadFrom(TStream*),ReadFrom__13TMilitaryUnitFP7TStream,cw_symbols.raw,164,method,medium
TAppleEvent,ReadSectionHandle,(unsigned long),TAppleEvent::ReadSectionHandle(unsigned long),ReadSectionHandle__11TAppleEventFUl,cw_symbols.raw,165,method,medium
TCivMgr,ResolveCivilianDisputes,(),TCivMgr::ResolveCivilianDisputes(),ResolveCivilianDisputes__7TCivMgrFv,cw_symbols.raw,166,method,medium
TTextListView,SelectItem,"(short, unsigned char, unsigned char, unsigned char)","TTextListView::SelectItem(short, unsigned char, unsigned char, unsigned char)",SelectItem__13TTextListViewFsUcUcUc,cw_symbols.raw,167,method,medium
TTacticalToolbar,SetActionMode,(int),TTacticalToolbar::SetActionMode(int),SetActionMode__16TTacticalToolbarFi,cw_symbols.raw,168,method,medium
TAppleEvent,SetAddress,(const AEDesc&),TAppleEvent::SetAddress(const AEDesc&),SetAddress__11TAppleEventFRC6AEDesc,cw_symbols.raw,169,method,medium
TBusyCursor,SetAnimatedCursor,"(short, short)","TBusyCursor::SetAnimatedCursor(short, short)",SetAnimatedCursor__11TBusyCursorFss,cw_symbols.raw,170,method,medium
TMovieViewBehavior,SetIdleFreq,(long),TMovieViewBehavior::SetIdleFreq(long),SetIdleFreq__18TMovieViewBehaviorFl,cw_symbols.raw,171,method,medium
TGreatPower,SetItemPotentials,"(short, short)","TGreatPower::SetItemPotentials(short, short)",SetItemPotentials__11TGreatPowerFss,cw_symbols.raw,172,method,medium
TStaticText,SetJustification,"(short, unsigned char)","TStaticText::SetJustification(short, unsigned char)",SetJustification__11TStaticTextFsUc,cw_symbols.raw,173,method,medium
TIndustryCluster,SetMoveAmount,(short),TIndustryCluster::SetMoveAmount(short),SetMoveAmount__16TIndustryClusterFs,cw_symbols.raw,174,method,medium
TShipyardCluster,SetMoveAmount,(short),TShipyardCluster::SetMoveAmount(short),SetMoveAmount__16TShipyardClusterFs,cw_symbols.raw,175,method,medium
TPopulationMgr,SetPopulation,"(short, short, short)","TPopulationMgr::SetPopulation(short, short, short)",SetPopulation__14TPopulationMgrFsss,cw_symbols.raw,176,method,medium
TMapMgr,SetProvinceName,"(long, CStr32&)","TMapMgr::SetProvinceName(long, CStr32&)",SetProvinceName__7TMapMgrFlR6CStr32,cw_symbols.raw,177,method,medium
TStaticText,SetText,"(const CStr255&, unsigned char)","TStaticText::SetText(const CStr255&, unsigned char)",SetText__11TStaticTextFRC7CStr255Uc,cw_symbols.raw,178,method,medium
TWindow,SetTitleForDoc,(const CStr255&),TWindow::SetTitleForDoc(const CStr255&),SetTitleForDoc__7TWindowFRC7CStr255,cw_symbols.raw,179,method,medium
TGreatPower,SetTradeOffersFor,"(short, short)","TGreatPower::SetTradeOffersFor(short, short)",SetTradeOffersFor__11TGreatPowerFss,cw_symbols.raw,180,method,medium
TStdPrintHandler,SetupPrintOne,(),TStdPrintHandler::SetupPrintOne(),SetupPrintOne__16TStdPrintHandlerFv,cw_symbols.raw,181,method,medium
TCommand,ShouldFreeOnCompletion,(),TCommand::ShouldFreeOnCompletion(),ShouldFreeOnCompletion__8TCommandFv,cw_symbols.raw,182,method,medium
TViewMgr,ShowBattleReportScreen,(short),TViewMgr::ShowBattleReportScreen(short),ShowBattleReportScreen__8TViewMgrFs,cw_symbols.raw,183,method,medium
TViewMgr,ShowCityProductionView,(short),TViewMgr::ShowCityProductionView(short),ShowCityProductionView__8TViewMgrFs,cw_symbols.raw,184,method,medium
TViewMgr,ShowCouncilOfMinisters,(short),TViewMgr::ShowCouncilOfMinisters(short),ShowCouncilOfMinisters__8TViewMgrFs,cw_symbols.raw,185,method,medium
TStdPrintHandler,ShowsOnScreen,(),TStdPrintHandler::ShowsOnScreen(),ShowsOnScreen__16TStdPrintHandlerFv,cw_symbols.raw,186,method,medium
TViewMgr,ShowTechnologyAdvances,(short),TViewMgr::ShowTechnologyAdvances(short),ShowTechnologyAdvances__8TViewMgrFs,cw_symbols.raw,187,method,medium
TArmyMission,SmokeEmIfYouGotEm,(),TArmyMission::SmokeEmIfYouGotEm(),SmokeEmIfYouGotEm__12TArmyMissionFv,cw_symbols.raw,188,method,medium
TNavyMission,SmokeEmIfYouGotEm,(),TNavyMission::SmokeEmIfYouGotEm(),SmokeEmIfYouGotEm__12TNavyMissionFv,cw_symbols.raw,189,method,medium
TClientGreatPower,SorryYouLose,(),TClientGreatPower::SorryYouLose(),SorryYouLose__17TClientGreatPowerFv,cw_symbols.raw,190,method,medium
TRemoteGreatPower,SorryYouLose,(),TRemoteGreatPower::SorryYouLose(),SorryYouLose__17TRemoteGreatPowerFv,cw_symbols.raw,191,method,medium
TStatusPicture,SortByBarLength,(),TStatusPicture::SortByBarLength(),SortByBarLength__14TStatusPictureFv,cw_symbols.raw,192,method,medium
TFile,SpecifyWithTrio,"(short, long, const CStr63&)","TFile::SpecifyWithTrio(short, long, const CStr63&)",SpecifyWithTrio__5TFileFslRC6CStr63,cw_symbols.raw,193,method,medium
TAutoGreatPower,StartCityPhase,(),TAutoGreatPower::StartCityPhase(),StartCityPhase__15TAutoGreatPowerFv,cw_symbols.raw,194,method,medium
TNetMgr,StartMultiplayerSupport,(),TNetMgr::StartMultiplayerSupport(),StartMultiplayerSupport__7TNetMgrFv,cw_symbols.raw,195,method,medium
BestFitBlock,StuffAddressAtEnd,(),BestFitBlock::StuffAddressAtEnd(),StuffAddressAtEnd__12BestFitBlockFv,cw_symbols.raw,196,method,medium
TNewTownView,StuffValues,(TTown*),TNewTownView::StuffValues(TTown*),StuffValues__12TNewTownViewFP5TTown,cw_symbols.raw,197,method,medium
TMinorTreatyDialog,StuffValues,(),TMinorTreatyDialog::StuffValues(),StuffValues__18TMinorTreatyDialogFv,cw_symbols.raw,198,method,medium
TApplication,TrackCursor,(CPoint),TApplication::TrackCursor(CPoint),TrackCursor__12TApplicationF6CPoint,cw_symbols.raw,199,method,medium
TCity,TransferTransportRequests,(),TCity::TransferTransportRequests(),TransferTransportRequests__5TCityFv,cw_symbols.raw,200,method,medium
TTacticalBattleView,UpdateTile,(long),TTacticalBattleView::UpdateTile(long),UpdateTile__19TTacticalBattleViewFl,cw_symbols.raw,201,method,medium
MemoryHeap,ValidateAndReport,(void*) const,MemoryHeap::ValidateAndReport(void*) const,ValidateAndReport__10MemoryHeapCFPv,cw_symbols.raw,202,method,medium
TInvadeMission,ValueOf,(const TShip*) const,TInvadeMission::ValueOf(const TShip*) const,ValueOf__14TInvadeMissionCFPC5TShip,cw_symbols.raw,203,method,medium
TMultiplayerMgr,WaitForClients,(),TMultiplayerMgr::WaitForClients(),WaitForClients__15TMultiplayerMgrFv,cw_symbols.raw,204,method,medium
TEditText,WillingToResignTarget,(),TEditText::WillingToResignTarget(),WillingToResignTarget__9TEditTextFv,cw_symbols.raw,205,method,medium
TScrollBar,WriteFields,(TStream*),TScrollBar::WriteFields(TStream*),WriteFields__10TScrollBarFP7TStream,cw_symbols.raw,206,method,medium
TSmallIcon,WriteFields,(TStream*),TSmallIcon::WriteFields(TStream*),WriteFields__10TSmallIconFP7TStream,cw_symbols.raw,207,method,medium
TEditText,WriteSubViews,(TStream*),TEditText::WriteSubViews(TStream*),WriteSubViews__9TEditTextFP7TStream,cw_symbols.raw,208,method,medium
TInvadeMission,WriteTo,(TStream*),TInvadeMission::WriteTo(TStream*),WriteTo__14TInvadeMissionFP7TStream,cw_symbols.raw,209,method,medium
TPopulationMgr,WriteTo,(TStream*),TPopulationMgr::WriteTo(TStream*),WriteTo__14TPopulationMgrFP7TStream,cw_symbols.raw,210,method,medium
TSortedPtrList,WriteTo,(TStream*),TSortedPtrList::WriteTo(TStream*),WriteTo__14TSortedPtrListFP7TStream,cw_symbols.raw,211,method,medium
CLongintIterator,CLongintIterator,"(TSortedLongintList*, unsigned char)","CLongintIterator::CLongintIterator(TSortedLongintList*, unsigned char)",__ct__16CLongintIteratorFP18TSortedLongintListUc,cw_symbols.raw,301,constructor,medium
TFileBasedDocument,AboutToSaveFile,"(TFile*, long, unsigned char&)","TFileBasedDocument::AboutToSaveFile(TFile*, long, unsigned char&)",AboutToSaveFile__18TFileBasedDocumentFP5TFilelRUc,cw_symbols.raw,369,method,medium
TMission,AcceptReenforcement,"(TMilitaryUnit*, unsigned char)","TMission::AcceptReenforcement(TMilitaryUnit*, unsigned char)",AcceptReenforcement__8TMissionFP13TMilitaryUnitUc,cw_symbols.raw,370,method,medium
TArmyMgr,CheckForDrownedUnits,"(int, int, BattleRecord&)","TArmyMgr::CheckForDrownedUnits(int, int, BattleRecord&)",CheckForDrownedUnits__8TArmyMgrFiiR12BattleRecord,cw_symbols.raw,372,method,medium
TAmbitApplication,CloseAndFreeWindow,(TWindow*),TAmbitApplication::CloseAndFreeWindow(TWindow*),CloseAndFreeWindow__17TAmbitApplicationFP7TWindow,cw_symbols.raw,375,method,medium
TNavyMission,ComputeSeaZoneImportance,(TZone*) const,TNavyMission::ComputeSeaZoneImportance(TZone*) const,ComputeSeaZoneImportance__12TNavyMissionCFP5TZone,cw_symbols.raw,377,method,medium
TClientGreatPower,ConsiderWarOfIntervention,"(long, long)","TClientGreatPower::ConsiderWarOfIntervention(long, long)",ConsiderWarOfIntervention__17TClientGreatPowerFll,cw_symbols.raw,378,method,medium
TTacticalBattleView,ConvertPoint,"(const VPoint&, long&, long&)","TTacticalBattleView::ConvertPoint(const VPoint&, long&, long&)",ConvertPoint__19TTacticalBattleViewFRC6VPointRlRl,cw_symbols.raw,379,method,medium
TPopulationMgr,Copy,"(TLaborPool*, TLaborPool*)","TPopulationMgr::Copy(TLaborPool*, TLaborPool*)",Copy__14TPopulationMgrFP10TLaborPoolP10TLaborPool,cw_symbols.raw,380,method,medium
TCivDescription,CountWorkableSpaces,(TCivUnit*),TCivDescription::CountWorkableSpaces(TCivUnit*),CountWorkableSpaces__15TCivDescriptionFP8TCivUnit,cw_symbols.raw,381,method,medium
TMission,CreateMission,"(short, eMissionType, long, TZone*, long)","TMission::CreateMission(short, eMissionType, long, TZone*, long)",CreateMission__8TMissionFs12eMissionTypelP5TZonel,cw_symbols.raw,382,method,medium
TDiplomatForeignMinister,_DefaultConstructor,(),TDiplomatForeignMinister::_DefaultConstructor(),_DefaultConstructor__24TDiplomatForeignMinisterFv,cw_symbols.raw,383,constructor,medium
TPrintStyleChangeCommand,_DefaultConstructor,(),TPrintStyleChangeCommand::_DefaultConstructor(),_DefaultConstructor__24TPrintStyleChangeCommandFv,cw_symbols.raw,385,constructor,medium
TShipBuilderCityMinister,_DefaultConstructor,(),TShipBuilderCityMinister::_DefaultConstructor(),_DefaultConstructor__24TShipBuilderCityMinisterFv,cw_symbols.raw,386,constructor,medium
TStandardDependencySpace,_DefaultConstructor,(),TStandardDependencySpace::_DefaultConstructor(),_DefaultConstructor__24TStandardDependencySpaceFv,cw_symbols.raw,387,constructor,medium
TArmyToolbar,DoEvent,"(long, TEventHandler*, TEvent*)","TArmyToolbar::DoEvent(long, TEventHandler*, TEvent*)",DoEvent__12TArmyToolbarFlP13TEventHandlerP6TEvent,cw_symbols.raw,389,method,medium
TCouncilView,DoEvent,"(long, TEventHandler*, TEvent*)","TCouncilView::DoEvent(long, TEventHandler*, TEvent*)",DoEvent__12TCouncilViewFlP13TEventHandlerP6TEvent,cw_symbols.raw,390,method,medium
THelpPicture,DoEvent,"(long, TEventHandler*, TEvent*)","THelpPicture::DoEvent(long, TEventHandler*, TEvent*)",DoEvent__12THelpPictureFlP13TEventHandlerP6TEvent,cw_symbols.raw,391,method,medium
TRailCluster,DoEvent,"(long, TEventHandler*, TEvent*)","TRailCluster::DoEvent(long, TEventHandler*, TEvent*)",DoEvent__12TRailClusterFlP13TEventHandlerP6TEvent,cw_symbols.raw,392,method,medium
TWarningView,DoEvent,"(long, TEventHandler*, TEvent*)","TWarningView::DoEvent(long, TEventHandler*, TEvent*)",DoEvent__12TWarningViewFlP13TEventHandlerP6TEvent,cw_symbols.raw,393,method,medium
TView,DoMouseUp,"(VPoint&, TToolboxEvent*, CPoint)","TView::DoMouseUp(VPoint&, TToolboxEvent*, CPoint)",DoMouseUp__5TViewFR6VPointP13TToolboxEvent6CPoint,cw_symbols.raw,395,method,medium
TFileBasedDocument,DoNeedDiskSpace,"(TFile*, long&, long&)","TFileBasedDocument::DoNeedDiskSpace(TFile*, long&, long&)",DoNeedDiskSpace__18TFileBasedDocumentFP5TFileRlRl,cw_symbols.raw,396,method,medium
TNetGameSelectPicture,DoPostCreate,(TDocument*),TNetGameSelectPicture::DoPostCreate(TDocument*),DoPostCreate__21TNetGameSelectPictureFP9TDocument,cw_symbols.raw,397,method,medium
TDocument,DoReadData,"(unsigned long, TDesignator*, TStream*, long)","TDocument::DoReadData(unsigned long, TDesignator*, TStream*, long)",DoReadData__9TDocumentFUlP11TDesignatorP7TStreaml,cw_symbols.raw,399,method,medium
TDocument,DoWriteData,"(unsigned long, TDesignator*, TStream*)","TDocument::DoWriteData(unsigned long, TDesignator*, TStream*)",DoWriteData__9TDocumentFUlP11TDesignatorP7TStream,cw_symbols.raw,400,method,medium
TArmyPlayer,FactorDefendLine,"(TTacticalUnit*, long)","TArmyPlayer::FactorDefendLine(TTacticalUnit*, long)",FactorDefendLine__11TArmyPlayerFP13TTacticalUnitl,cw_symbols.raw,402,method,medium
TFileBasedDocument,FileHasBeenSaved,"(const CStr255&, 8)","TFileBasedDocument::FileHasBeenSaved(const CStr255&, 8)",FileHasBeenSaved__18TFileBasedDocumentFRC7CStr2558,cw_symbols.raw,404,method,medium
TPowerPlantOrder,FillOrderSheet,"(OrderSheet*, short)","TPowerPlantOrder::FillOrderSheet(OrderSheet*, short)",FillOrderSheet__16TPowerPlantOrderFP10OrderSheets,cw_symbols.raw,405,method,medium
TTacticalBattle,FireAndCycle,"(TTacticalUnit*, long)","TTacticalBattle::FireAndCycle(TTacticalUnit*, long)",FireAndCycle__15TTacticalBattleFP13TTacticalUnitl,cw_symbols.raw,407,method,medium
TAmbitFileBasedDocument,GetClassDescDynamic,() const,TAmbitFileBasedDocument::GetClassDescDynamic() const,GetClassDescDynamic__23TAmbitFileBasedDocumentCFv,cw_symbols.raw,408,classdesc,medium
TGamePreferencesPicture,GetClassDescDynamic,() const,TGamePreferencesPicture::GetClassDescDynamic() const,GetClassDescDynamic__23TGamePreferencesPictureCFv,cw_symbols.raw,411,classdesc,medium
TNextDiplomationCommand,GetClassDescDynamic,() const,TNextDiplomationCommand::GetClassDescDynamic() const,GetClassDescDynamic__23TNextDiplomationCommandCFv,cw_symbols.raw,412,classdesc,medium
TView,GetDefaultCursorRegion,"(const VPoint&, Region**)","TView::GetDefaultCursorRegion(const VPoint&, Region**)",GetDefaultCursorRegion__5TViewFRC6VPointPP6Region,cw_symbols.raw,415,method,medium
TNavyMgr,GetInvasionCapacity,"(short, Province*, TZone*)","TNavyMgr::GetInvasionCapacity(short, Province*, TZone*)",GetInvasionCapacity__8TNavyMgrFsP8ProvinceP5TZone,cw_symbols.raw,416,method,medium
CBaseClassIterator,GetNextSibling,(const ClassDesc*),CBaseClassIterator::GetNextSibling(const ClassDesc*),GetNextSibling__18CBaseClassIteratorFPC9ClassDesc,cw_symbols.raw,417,method,medium
TApplication,HandleAlienEvent,(TToolboxEvent*),TApplication::HandleAlienEvent(TToolboxEvent*),HandleAlienEvent__12TApplicationFP13TToolboxEvent,cw_symbols.raw,419,method,medium
TApplication,HandleKeyUpEvent,(TToolboxEvent*),TApplication::HandleKeyUpEvent(TToolboxEvent*),HandleKeyUpEvent__12TApplicationFP13TToolboxEvent,cw_symbols.raw,420,method,medium
TScroller,HaveScrollBar,"(TScrollerScrollBar*, signed char)","TScroller::HaveScrollBar(TScrollerScrollBar*, signed char)",HaveScrollBar__9TScrollerFP18TScrollerScrollBarSc,cw_symbols.raw,421,method,medium
TCivAnimation2,ICivAnimation2,"(TView*, CRect&, long, long)","TCivAnimation2::ICivAnimation2(TView*, CRect&, long, long)",ICivAnimation2__14TCivAnimation2FP5TViewR5CRectll,cw_symbols.raw,422,method,medium
TEvent,IEvent,"(long, TEventHandler*, TEventHandler*)","TEvent::IEvent(long, TEventHandler*, TEventHandler*)",IEvent__6TEventFlP13TEventHandlerP13TEventHandler,cw_symbols.raw,423,method,medium
TGreatPower,IndustrialCostToBuildArmyUnit,"(short, unsigned char) const","TGreatPower::IndustrialCostToBuildArmyUnit(short, unsigned char) const",IndustrialCostToBuildArmyUnit__11TGreatPowerCFsUc,cw_symbols.raw,424,method,medium
TRemoteGreatPower,InitializeDiplomacyNotices,(),TRemoteGreatPower::InitializeDiplomacyNotices(),InitializeDiplomacyNotices__17TRemoteGreatPowerFv,cw_symbols.raw,425,method,medium
TTEStyleCommand,InstallManyStyles,(StScrpRec**),TTEStyleCommand::InstallManyStyles(StScrpRec**),InstallManyStyles__15TTEStyleCommandFPP9StScrpRec,cw_symbols.raw,427,method,medium
TPirateMinister,IPirateMinister,(TGreatPower*),TPirateMinister::IPirateMinister(TGreatPower*),IPirateMinister__15TPirateMinisterFP11TGreatPower,cw_symbols.raw,428,method,medium
TBeachheadMission,IsDefensiveSeaZoneMission,"(void, 8) const","TBeachheadMission::IsDefensiveSeaZoneMission(void, 8) const",IsDefensiveSeaZoneMission__17TBeachheadMissionCFv8,cw_symbols.raw,429,method,medium
TEscortMission,Matches,"(eMissionType, long, TZone*) const","TEscortMission::Matches(eMissionType, long, TZone*) const",Matches__14TEscortMissionCF12eMissionTypelP5TZone,cw_symbols.raw,431,method,medium
TInvadeMission,Matches,"(eMissionType, long, TZone*) const","TInvadeMission::Matches(eMissionType, long, TZone*) const",Matches__14TInvadeMissionCF12eMissionTypelP5TZone,cw_symbols.raw,432,method,medium
TViewMgr,ModalMessage,"(long, CStr255, const char*, short, const VPoint&, short, unsigned char)","TViewMgr::ModalMessage(long, CStr255, const char*, short, const VPoint&, short, unsigned char)",ModalMessage__8TViewMgrFl7CStr255PCcsRC6VPointsUc,cw_symbols.raw,433,method,medium
TTacticalBattle,MoveAndCycle,"(TTacticalUnit*, long)","TTacticalBattle::MoveAndCycle(TTacticalUnit*, long)",MoveAndCycle__15TTacticalBattleFP13TTacticalUnitl,cw_symbols.raw,434,method,medium
TProductionOrder,ResetOrderSheet,(OrderSheet*),TProductionOrder::ResetOrderSheet(OrderSheet*),ResetOrderSheet__16TProductionOrderFP10OrderSheet,cw_symbols.raw,437,method,medium
TMultiplayerMgr,SendVerbalMessage,"(const CStr255&, int, int, 8)","TMultiplayerMgr::SendVerbalMessage(const CStr255&, int, int, 8)",SendVerbalMessage__15TMultiplayerMgrFRC7CStr255ii8,cw_symbols.raw,438,method,medium
TPrintHandler,SetManager,(TPrintMenuBehavior*),TPrintHandler::SetManager(TPrintMenuBehavior*),SetManager__13TPrintHandlerFP18TPrintMenuBehavior,cw_symbols.raw,439,method,medium
TBeachheadMission,TBeachheadMission,"(TZone*, TInvadeMission*)","TBeachheadMission::TBeachheadMission(TZone*, TInvadeMission*)",__ct__17TBeachheadMissionFP5TZoneP14TInvadeMission,cw_symbols.raw,450,constructor,medium
TDependencySpace,AddDependency,"(TObject*, TObject*, long)","TDependencySpace::AddDependency(TObject*, TObject*, long)",AddDependency__16TDependencySpaceFP7TObjectP7TObjectl,cw_symbols.raw,595,method,medium
TDiplomacyMapView,CheckEntanglements,"(int, eDipAction)","TDiplomacyMapView::CheckEntanglements(int, eDipAction)",CheckEntanglements__17TDiplomacyMapViewFi10eDipAction,cw_symbols.raw,596,method,medium
CDependencyIterator,CDependencyIterator,"(TDependencies*, TObject*)","CDependencyIterator::CDependencyIterator(TDependencies*, TObject*)",__ct__19CDependencyIteratorFP13TDependenciesP7TObject,cw_symbols.raw,597,constructor,medium
TDisplayMgr,DismissTouchyFloaters,(TToolboxEvent*),TDisplayMgr::DismissTouchyFloaters(TToolboxEvent*),DismissTouchyFloaters__11TDisplayMgrFP13TToolboxEvent,cw_symbols.raw,599,method,medium
TDialogBehavior,DoCommandKeyEvent,(TToolboxEvent*),TDialogBehavior::DoCommandKeyEvent(TToolboxEvent*),DoCommandKeyEvent__15TDialogBehaviorFP13TToolboxEvent,cw_symbols.raw,600,method,medium
TDealBookPicture,DoEvent,"(long, TEventHandler*, TEvent*)","TDealBookPicture::DoEvent(long, TEventHandler*, TEvent*)",DoEvent__16TDealBookPictureFlP13TEventHandlerP6TEvent,cw_symbols.raw,601,method,medium
TGameInfoPicture,DoEvent,"(long, TEventHandler*, TEvent*)","TGameInfoPicture::DoEvent(long, TEventHandler*, TEvent*)",DoEvent__16TGameInfoPictureFlP13TEventHandlerP6TEvent,cw_symbols.raw,602,method,medium
TLoadSavePicture,DoEvent,"(long, TEventHandler*, TEvent*)","TLoadSavePicture::DoEvent(long, TEventHandler*, TEvent*)",DoEvent__16TLoadSavePictureFlP13TEventHandlerP6TEvent,cw_symbols.raw,604,method,medium
TOffersPanelView,DoEvent,"(long, TEventHandler*, TEvent*)","TOffersPanelView::DoEvent(long, TEventHandler*, TEvent*)",DoEvent__16TOffersPanelViewFlP13TEventHandlerP6TEvent,cw_symbols.raw,605,method,medium
TPurchaseCluster,DoEvent,"(long, TEventHandler*, TEvent*)","TPurchaseCluster::DoEvent(long, TEventHandler*, TEvent*)",DoEvent__16TPurchaseClusterFlP13TEventHandlerP6TEvent,cw_symbols.raw,606,method,medium
TScenarioChooser,DoEvent,"(long, TEventHandler*, TEvent*)","TScenarioChooser::DoEvent(long, TEventHandler*, TEvent*)",DoEvent__16TScenarioChooserFlP13TEventHandlerP6TEvent,cw_symbols.raw,607,method,medium
TShipyardCluster,DoEvent,"(long, TEventHandler*, TEvent*)","TShipyardCluster::DoEvent(long, TEventHandler*, TEvent*)",DoEvent__16TShipyardClusterFlP13TEventHandlerP6TEvent,cw_symbols.raw,608,method,medium
TTacticalToolbar,DoEvent,"(long, TEventHandler*, TEvent*)","TTacticalToolbar::DoEvent(long, TEventHandler*, TEvent*)",DoEvent__16TTacticalToolbarFlP13TEventHandlerP6TEvent,cw_symbols.raw,609,method,medium
TSetupRandomMapPicture,DoKeyEvent,(TToolboxEvent*),TSetupRandomMapPicture::DoKeyEvent(TToolboxEvent*),DoKeyEvent__22TSetupRandomMapPictureFP13TToolboxEvent,cw_symbols.raw,610,method,medium
TBehavior,DoMouseUp,"(VPoint&, TToolboxEvent*, CPoint)","TBehavior::DoMouseUp(VPoint&, TToolboxEvent*, CPoint)",DoMouseUp__9TBehaviorFR6VPointP13TToolboxEvent6CPoint,cw_symbols.raw,611,method,medium
TTacticalBattleView,DoSetCursor,"(const VPoint&, Region**)","TTacticalBattleView::DoSetCursor(const VPoint&, Region**)",DoSetCursor__19TTacticalBattleViewFRC6VPointPP6Region,cw_symbols.raw,612,method,medium
TArmyPlayer,FactorTargetMaxRange,"(TTacticalUnit*, long)","TArmyPlayer::FactorTargetMaxRange(TTacticalUnit*, long)",FactorTargetMaxRange__11TArmyPlayerFP13TTacticalUnitl,cw_symbols.raw,613,method,medium
TFoodProcessingOrder,FillOrderSheet,"(OrderSheet*, short)","TFoodProcessingOrder::FillOrderSheet(OrderSheet*, short)",FillOrderSheet__20TFoodProcessingOrderFP10OrderSheets,cw_symbols.raw,614,method,medium
TDependencies,FindDependency,"(TObject*, TObject*, long, long&)","TDependencies::FindDependency(TObject*, TObject*, long, long&)",FindDependency__13TDependenciesFP7TObjectP7TObjectlRl,cw_symbols.raw,615,method,medium
TEditText,GetDefaultCursorRegion,"(const VPoint&, Region**)","TEditText::GetDefaultCursorRegion(const VPoint&, Region**)",GetDefaultCursorRegion__9TEditTextFRC6VPointPP6Region,cw_symbols.raw,616,method,medium
TApplication,GetDefaultHelpRegion,"(CPoint, Region**)","TApplication::GetDefaultHelpRegion(CPoint, Region**)",GetDefaultHelpRegion__12TApplicationF6CPointPP6Region,cw_symbols.raw,617,method,medium
TAutoGreatPower,GetProvinceProduct,"(long, eMissionType)","TAutoGreatPower::GetProvinceProduct(long, eMissionType)",GetProvinceProduct__15TAutoGreatPowerFl12eMissionType,cw_symbols.raw,620,method,medium
TPirateMinister,GetStategicEscalationMultiplier,(unsigned char),TPirateMinister::GetStategicEscalationMultiplier(unsigned char),GetStategicEscalationMultiplier__15TPirateMinisterFUc,cw_symbols.raw,621,method,medium
TApplication,HandleHighLevelEvent,(TToolboxEvent*),TApplication::HandleHighLevelEvent(TToolboxEvent*),HandleHighLevelEvent__12TApplicationFP13TToolboxEvent,cw_symbols.raw,622,method,medium
TAmbitApplication,HandleMouseDown,(TToolboxEvent*),TAmbitApplication::HandleMouseDown(TToolboxEvent*),HandleMouseDown__17TAmbitApplicationFP13TToolboxEvent,cw_symbols.raw,623,method,medium
CArrayIterator,IArrayIterator,"(TDynamicArray*, long, long, unsigned char)","CArrayIterator::IArrayIterator(TDynamicArray*, long, long, unsigned char)",IArrayIterator__14CArrayIteratorFP13TDynamicArrayllUc,cw_symbols.raw,624,method,medium
TCloseWindowCommand,ICloseWindowCommand,"(long, TWindow*)","TCloseWindowCommand::ICloseWindowCommand(long, TWindow*)",ICloseWindowCommand__19TCloseWindowCommandFlP7TWindow,cw_symbols.raw,626,method,medium
TDefenderMinister,IDefenderMinister,(TGreatPower*),TDefenderMinister::IDefenderMinister(TGreatPower*),IDefenderMinister__17TDefenderMinisterFP11TGreatPower,cw_symbols.raw,627,method,medium
TEvenCityMinister,IEvenCityMinister,(TGreatPower*),TEvenCityMinister::IEvenCityMinister(TGreatPower*),IEvenCityMinister__17TEvenCityMinisterFP11TGreatPower,cw_symbols.raw,628,method,medium
TFocusAnimation,IFocusAnimation,"(TView*, CRect&, short, short, long, long)","TFocusAnimation::IFocusAnimation(TView*, CRect&, short, short, long, long)",IFocusAnimation__15TFocusAnimationFP5TViewR5CRectssll,cw_symbols.raw,629,method,medium
TInteriorMinister,IInteriorMinister,(TGreatPower*),TInteriorMinister::IInteriorMinister(TGreatPower*),IInteriorMinister__17TInteriorMinisterFP11TGreatPower,cw_symbols.raw,630,method,medium
TNapoleonMinister,INapoleonMinister,(TGreatPower*),TNapoleonMinister::INapoleonMinister(TGreatPower*),INapoleonMinister__17TNapoleonMinisterFP11TGreatPower,cw_symbols.raw,631,method,medium
TTradeOfferNationLine,InstallViews,"(TView*, VPoint&)","TTradeOfferNationLine::InstallViews(TView*, VPoint&)",InstallViews__21TTradeOfferNationLineFP5TViewR6VPoint,cw_symbols.raw,632,method,medium
TApplication,KeyEventToComponents,(TToolboxEvent*),TApplication::KeyEventToComponents(TToolboxEvent*),KeyEventToComponents__12TApplicationFP13TToolboxEvent,cw_symbols.raw,634,method,medium
TViewMgr,MakePlanetSeedDialog,"(const char*, CStr32&, const char*, const char*, int, unsigned char) const","TViewMgr::MakePlanetSeedDialog(const char*, CStr32&, const char*, const char*, int, unsigned char) const",MakePlanetSeedDialog__8TViewMgrCFPCcR6CStr32PCcPCciUc,cw_symbols.raw,635,method,medium
TViewMgr,MakeStratCombatReport,(StratCombatReport*),TViewMgr::MakeStratCombatReport(StratCombatReport*),MakeStratCombatReport__8TViewMgrFP17StratCombatReport,cw_symbols.raw,636,method,medium
TViewMgr,ModalMessage,"(long, CStr255, CStr255, const VPoint&, short, unsigned char)","TViewMgr::ModalMessage(long, CStr255, CStr255, const VPoint&, short, unsigned char)",ModalMessage__8TViewMgrFl7CStr2557CStr255RC6VPointsUc,cw_symbols.raw,637,method,medium
TSortedList,QuickSort,"(long, long, short (*)(TObject*, TObject*, void*), void*)","TSortedList::QuickSort(long, long, short (*)(TObject*, TObject*, void*), void*)",QuickSort__11TSortedListFllPFP7TObjectP7TObjectPv_sPv,cw_symbols.raw,638,method,medium
TMultiplayerMgr,ReceiveStreamMessage,(NetMessage*),TMultiplayerMgr::ReceiveStreamMessage(NetMessage*),ReceiveStreamMessage__15TMultiplayerMgrFP10NetMessage,cw_symbols.raw,639,method,medium
TDependencies,RemoveDependency,"(TObject*, TObject*, long)","TDependencies::RemoveDependency(TObject*, TObject*, long)",RemoveDependency__13TDependenciesFP7TObjectP7TObjectl,cw_symbols.raw,640,method,medium
TArmyMgr,StrategicCombat,"(TArmyStack*, TArmyStack*)","TArmyMgr::StrategicCombat(TArmyStack*, TArmyStack*)",StrategicCombat__8TArmyMgrFP10TArmyStackP10TArmyStack,cw_symbols.raw,641,method,medium
TView,SubViewChangedFrame,"(TView*, const VRect&, const VRect&, unsigned char)","TView::SubViewChangedFrame(TView*, const VRect&, const VRect&, unsigned char)",SubViewChangedFrame__5TViewFP5TViewRC5VRectRC5VRectUc,cw_symbols.raw,642,method,medium
TApplication,TrackMouse,"(const VPoint&, CPoint, TTracker*)","TApplication::TrackMouse(const VPoint&, CPoint, TTracker*)",TrackMouse__12TApplicationFRC6VPoint6CPointP8TTracker,cw_symbols.raw,643,method,medium
TAdorner,ViewChangedFrame,"(TView*, const VRect&, const VRect&, unsigned char)","TAdorner::ViewChangedFrame(TView*, const VRect&, const VRect&, unsigned char)",ViewChangedFrame__8TAdornerFP5TViewRC5VRectRC5VRectUc,cw_symbols.raw,644,method,medium
TAppleEvent,WriteSectionHandle,"(unsigned long, SectionRecord**)","TAppleEvent::WriteSectionHandle(unsigned long, SectionRecord**)",WriteSectionHandle__11TAppleEventFUlPP13SectionRecord,cw_symbols.raw,645,method,medium
TDocument,Abandon,(),TDocument::Abandon(),Abandon__9TDocumentFv,cw_symbols.raw,757,method,medium
TCommand,AbandonUndoClipboardView,(),TCommand::AbandonUndoClipboardView(),AbandonUndoClipboardView__8TCommandFv,cw_symbols.raw,759,method,medium
MemoryHook,AboutToBlockSize,(void*),MemoryHook::AboutToBlockSize(void*),AboutToBlockSize__10MemoryHookFPv,cw_symbols.raw,761,method,medium
TApplication,AboutToLoseControl,(unsigned char),TApplication::AboutToLoseControl(unsigned char),AboutToLoseControl__12TApplicationFUc,cw_symbols.raw,764,method,medium
TGreatPower,AcceptNoMore,(short),TGreatPower::AcceptNoMore(short),AcceptNoMore__11TGreatPowerFs,cw_symbols.raw,770,method,medium
TNavyMission,AcceptReenforcement,"(TShip*, unsigned char)","TNavyMission::AcceptReenforcement(TShip*, unsigned char)",AcceptReenforcement__12TNavyMissionFP5TShipUc,cw_symbols.raw,773,method,medium
TFloatingTEManager,AcquireFloatingTE,(),TFloatingTEManager::AcquireFloatingTE(),AcquireFloatingTE__18TFloatingTEManagerFv,cw_symbols.raw,784,method,medium
TCivMgr,ActionCursor,"(short, short)","TCivMgr::ActionCursor(short, short)",ActionCursor__7TCivMgrFss,cw_symbols.raw,785,method,medium
TDlgWindow,Activate,(unsigned char),TDlgWindow::Activate(unsigned char),Activate__10TDlgWindowFUc,cw_symbols.raw,789,method,medium
TScrollerScrollBar,Activate,(unsigned char),TScrollerScrollBar::Activate(unsigned char),Activate__18TScrollerScrollBarFUc,cw_symbols.raw,792,method,medium
TWindow,Activate,(unsigned char),TWindow::Activate(unsigned char),Activate__7TWindowFUc,cw_symbols.raw,794,method,medium
TTechMgr,ActivateAdvance,"(long, int)","TTechMgr::ActivateAdvance(long, int)",ActivateAdvance__8TTechMgrFli,cw_symbols.raw,795,method,medium
TApplication,ActivateBusyCursor,(unsigned char),TApplication::ActivateBusyCursor(unsigned char),ActivateBusyCursor__12TApplicationFUc,cw_symbols.raw,796,method,medium
TWindow,AdaptToScreen,(),TWindow::AdaptToScreen(),AdaptToScreen__7TWindowFv,cw_symbols.raw,802,method,medium
TTaskForce,Add,(TShip*),TTaskForce::Add(TShip*),Add__10TTaskForceFP5TShip,cw_symbols.raw,805,method,medium
stretch<SeaSegment>,Add,(SeaSegment),stretch<SeaSegment>::Add(SeaSegment),Add__21stretch<10SeaSegment>F10SeaSegment,cw_symbols.raw,812,method,medium
TContext,Add,"(TObject*, unsigned char, unsigned char&)","TContext::Add(TObject*, unsigned char, unsigned char&)",Add__8TContextFP7TObjectUcRUc,cw_symbols.raw,813,method,medium
ClassDesc,AddBaseClass,(const ClassDesc*),ClassDesc::AddBaseClass(const ClassDesc*),AddBaseClass__9ClassDescFPC9ClassDesc,cw_symbols.raw,817,method,medium
TArmyMgr,AddBattleRecord,"(BattleRecord&, unsigned char)","TArmyMgr::AddBattleRecord(BattleRecord&, unsigned char)",AddBattleRecord__8TArmyMgrFR12BattleRecordUc,cw_symbols.raw,818,method,medium
FreeBlockTree,AddBlock,(BestFitBlock*),FreeBlockTree::AddBlock(BestFitBlock*),AddBlock__13FreeBlockTreeFP12BestFitBlock,cw_symbols.raw,820,method,medium
TView,AddedASubView,(TView*),TView::AddedASubView(TView*),AddedASubView__5TViewFP5TView,cw_symbols.raw,835,method,medium
TPopulationMgr,AddExpert,(short),TPopulationMgr::AddExpert(short),AddExpert__14TPopulationMgrFs,cw_symbols.raw,839,method,medium
TEventHandler,AddHandler,(TEventHandler*),TEventHandler::AddHandler(TEventHandler*),AddHandler__13TEventHandlerFP13TEventHandler,cw_symbols.raw,842,method,medium
TPageView,AddHeader,(TLineData*),TPageView::AddHeader(TLineData*),AddHeader__9TPageViewFP9TLineData,cw_symbols.raw,844,method,medium
TMenuBarManager,AddHelpMenuItem,"(CStr255, long)","TMenuBarManager::AddHelpMenuItem(CStr255, long)",AddHelpMenuItem__15TMenuBarManagerF7CStr255l,cw_symbols.raw,845,method,medium
TToolBarCluster,AddInfoBehaviors,(),TToolBarCluster::AddInfoBehaviors(),AddInfoBehaviors__15TToolBarClusterFv,cw_symbols.raw,847,method,medium
TRadioTextCluster,AddItem,"(unsigned long, int, const char*, int, int)","TRadioTextCluster::AddItem(unsigned long, int, const char*, int, int)",AddItem__17TRadioTextClusterFUliPCcii,cw_symbols.raw,848,method,medium
TMenuBarManager,AddMenuItem,"(const CStr255&, short, short, long)","TMenuBarManager::AddMenuItem(const CStr255&, short, short, long)",AddMenuItem__15TMenuBarManagerFRC7CStr255ssl,cw_symbols.raw,850,method,medium
TMapMgr,AddNewCounty,"(short, short)","TMapMgr::AddNewCounty(short, short)",AddNewCounty__7TMapMgrFss,cw_symbols.raw,856,method,medium
TNewsMgr,AddShortageEvent,"(long, long, long, unsigned char)","TNewsMgr::AddShortageEvent(long, long, long, unsigned char)",AddShortageEvent__8TNewsMgrFlllUc,cw_symbols.raw,874,method,medium
TTraderAmtBar,AdjustForZero,"(short, short)","TTraderAmtBar::AdjustForZero(short, short)",AdjustForZero__13TTraderAmtBarFss,cw_symbols.raw,900,method,medium
TView,AdjustFrame,(),TView::AdjustFrame(),AdjustFrame__5TViewFv,cw_symbols.raw,902,method,medium
CRowIterator,Advance,(),CRowIterator::Advance(),Advance__12CRowIteratorFv,cw_symbols.raw,914,method,medium
CIterator,Advance,(),CIterator::Advance(),Advance__9CIteratorFv,cw_symbols.raw,926,method,medium
TSimMgr,AdvanceSeason,(),TSimMgr::AdvanceSeason(),AdvanceSeason__7TSimMgrFv,cw_symbols.raw,927,method,medium
MemoryHeap,Allocate,(unsigned long),MemoryHeap::Allocate(unsigned long),Allocate__10MemoryHeapFUl,cw_symbols.raw,936,method,medium
TLanguageMgr,Allocate,"(unsigned char, unsigned char, unsigned char, unsigned char, unsigned char, unsigned char)","TLanguageMgr::Allocate(unsigned char, unsigned char, unsigned char, unsigned char, unsigned char, unsigned char)",Allocate__12TLanguageMgrFUcUcUcUcUcUc,cw_symbols.raw,937,method,medium
TGreatPower,AnnounceNewUnits,(),TGreatPower::AnnounceNewUnits(),AnnounceNewUnits__11TGreatPowerFv,cw_symbols.raw,950,method,medium
CStr32,operator+=,(const CString&),CStr32::operator+=(const CString&),__apl__6CStr32FRC7CString,cw_symbols.raw,959,method,medium
CStr63,operator+=,(const CString&),CStr63::operator+=(const CString&),__apl__6CStr63FRC7CString,cw_symbols.raw,961,method,medium
TTechCheater,ApplyCheats,(),TTechCheater::ApplyCheats(),ApplyCheats__12TTechCheaterFv,cw_symbols.raw,971,method,medium
TMapMgr,AreNeighbors,"(long, long)","TMapMgr::AreNeighbors(long, long)",AreNeighbors__7TMapMgrFll,cw_symbols.raw,980,method,medium
TForeignMinister,ArrangeMaterialsOffers,(),TForeignMinister::ArrangeMaterialsOffers(),ArrangeMaterialsOffers__16TForeignMinisterFv,cw_symbols.raw,985,method,medium
FreeBlockTree,operator=,(const FreeBlockTree&),FreeBlockTree::operator=(const FreeBlockTree&),__as__13FreeBlockTreeFRC13FreeBlockTree,cw_symbols.raw,986,method,medium
ChunkyBlockStack,operator=,(const ChunkyBlockStack&),ChunkyBlockStack::operator=(const ChunkyBlockStack&),__as__16ChunkyBlockStackFRC16ChunkyBlockStack,cw_symbols.raw,987,method,medium
TCtlMgr,AsPictForPrinting,(),TCtlMgr::AsPictForPrinting(),AsPictForPrinting__7TCtlMgrFv,cw_symbols.raw,990,method,medium
TArmyPlayer,AssignDefendJobs,(),TArmyPlayer::AssignDefendJobs(),AssignDefendJobs__11TArmyPlayerFv,cw_symbols.raw,998,method,medium
TArmyPlayer,AssignFrontalAssaultJobs,(),TArmyPlayer::AssignFrontalAssaultJobs(),AssignFrontalAssaultJobs__11TArmyPlayerFv,cw_symbols.raw,1000,method,medium
TMapMaker,AssignSeaZones,(unsigned char),TMapMaker::AssignSeaZones(unsigned char),AssignSeaZones__9TMapMakerFUc,cw_symbols.raw,1005,method,medium
TMinor,AssimilateTroopsOf,(long),TMinor::AssimilateTroopsOf(long),AssimilateTroopsOf__6TMinorFl,cw_symbols.raw,1009,method,medium
TSortedHandleList,At,(long),TSortedHandleList::At(long),At__17TSortedHandleListFl,cw_symbols.raw,1014,method,medium
TSortedList,AtDelete,(long),TSortedList::AtDelete(long),AtDelete__11TSortedListFl,cw_symbols.raw,1016,method,medium
TStream,AtEnd,(),TStream::AtEnd(),AtEnd__7TStreamFv,cw_symbols.raw,1020,method,medium
TPopup,AttachMenuHandle,(MenuInfo**),TPopup::AttachMenuHandle(MenuInfo**),AttachMenuHandle__6TPopupFPP8MenuInfo,cw_symbols.raw,1025,method,medium
TCityInteriorMinister,AttemptTransport,"(short, short, short)","TCityInteriorMinister::AttemptTransport(short, short, short)",AttemptTransport__21TCityInteriorMinisterFsss,cw_symbols.raw,1030,method,medium
TCityInteriorMinister,AttemptUpgrade,(short),TCityInteriorMinister::AttemptUpgrade(short),AttemptUpgrade__21TCityInteriorMinisterFs,cw_symbols.raw,1031,method,medium
TArmyPlayer,AutoMove,(),TArmyPlayer::AutoMove(),AutoMove__11TArmyPlayerFv,cw_symbols.raw,1034,method,medium
TGridView,AddStrip,"(Region**, signed char, short&, short, CRect&, short, short, VRect&, VRect&, CRect&)","TGridView::AddStrip(Region**, signed char, short&, short, CRect&, short, short, VRect&, VRect&, CRect&)",AddStrip__9TGridViewFPP6RegionScRssR5CRectssR5VRectR5VRectR5CRect,cw_symbols.raw,1039,method,medium
TTECommand,BanishOldText,(),TTECommand::BanishOldText(),BanishOldText__10TTECommandFv,cw_symbols.raw,1040,method,medium
TCityInteriorMinister,BuildMerchantShipMode,"(TCity*, TTaskList*)","TCityInteriorMinister::BuildMerchantShipMode(TCity*, TTaskList*)",BuildMerchantShipMode__21TCityInteriorMinisterFP5TCityP9TTaskList,cw_symbols.raw,1042,method,medium
TGameSetupMultiplayerPicture,DoEvent,"(long, TEventHandler*, TEvent*)","TGameSetupMultiplayerPicture::DoEvent(long, TEventHandler*, TEvent*)",DoEvent__28TGameSetupMultiplayerPictureFlP13TEventHandlerP6TEvent,cw_symbols.raw,1043,method,medium
TCivDescription,DoMouseCommand,"(VPoint&, TToolboxEvent*, CPoint)","TCivDescription::DoMouseCommand(VPoint&, TToolboxEvent*, CPoint)",DoMouseCommand__15TCivDescriptionFR6VPointP13TToolboxEvent6CPoint,cw_symbols.raw,1044,method,medium
TMapPreviewView,DoMouseCommand,"(VPoint&, TToolboxEvent*, CPoint)","TMapPreviewView::DoMouseCommand(VPoint&, TToolboxEvent*, CPoint)",DoMouseCommand__15TMapPreviewViewFR6VPointP13TToolboxEvent6CPoint,cw_symbols.raw,1045,method,medium
TMinor,BecomeColonyOf,(long),TMinor::BecomeColonyOf(long),BecomeColonyOf__6TMinorFl,cw_symbols.raw,1052,method,medium
TGreatPower,BecomeProtectorateOf,(long),TGreatPower::BecomeProtectorateOf(long),BecomeProtectorateOf__11TGreatPowerFl,cw_symbols.raw,1054,method,medium
TAutoGreatPower,BecomeProtectorateOf,(long),TAutoGreatPower::BecomeProtectorateOf(long),BecomeProtectorateOf__15TAutoGreatPowerFl,cw_symbols.raw,1055,method,medium
TTacticalBattle,BeginDig,"(TTacticalUnit*, long)","TTacticalBattle::BeginDig(TTacticalUnit*, long)",BeginDig__15TTacticalBattleFP13TTacticalUnitl,cw_symbols.raw,1060,method,medium
TScrollerScrollBar,BeInPort,(GrafPort*),TScrollerScrollBar::BeInPort(GrafPort*),BeInPort__18TScrollerScrollBarFP8GrafPort,cw_symbols.raw,1064,method,medium
TCtlMgr,BeInPort,(GrafPort*),TCtlMgr::BeInPort(GrafPort*),BeInPort__7TCtlMgrFP8GrafPort,cw_symbols.raw,1066,method,medium
TTEView,BeInPort,(GrafPort*),TTEView::BeInPort(GrafPort*),BeInPort__7TTEViewFP8GrafPort,cw_symbols.raw,1067,method,medium
TView,BeInSuperView,(TView*),TView::BeInSuperView(TView*),BeInSuperView__5TViewFP5TView,cw_symbols.raw,1070,method,medium
TToggleButton,HandleMouseDown,"(const VPoint&, TToolboxEvent*, CPoint)","TToggleButton::HandleMouseDown(const VPoint&, TToolboxEvent*, CPoint)",HandleMouseDown__13TToggleButtonFRC6VPointP13TToolboxEvent6CPoint,cw_symbols.raw,1071,method,medium
TServerCommand,IServerCommand,"(long, TCommandHandler*, unsigned char, unsigned char, TObject*)","TServerCommand::IServerCommand(long, TCommandHandler*, unsigned char, unsigned char, TObject*)",IServerCommand__14TServerCommandFlP15TCommandHandlerUcUcP7TObject,cw_symbols.raw,1073,method,medium
TTacticalBattle,LaFireOn,"(TArmyTacUnit*, TArmyTacUnit*, int, long, long, unsigned char, unsigned char)","TTacticalBattle::LaFireOn(TArmyTacUnit*, TArmyTacUnit*, int, long, long, unsigned char, unsigned char)",LaFireOn__15TTacticalBattleFP12TArmyTacUnitP12TArmyTacUnitillUcUc,cw_symbols.raw,1075,method,medium
TViewServer,ReadViewsFromResource,"(TDocument*, TView*, short, const VPoint&)","TViewServer::ReadViewsFromResource(TDocument*, TView*, short, const VPoint&)",ReadViewsFromResource__11TViewServerFP9TDocumentP5TViewsRC6VPoint,cw_symbols.raw,1082,method,medium
TStdPrintHandler,BreakFollowing,"(signed char, long, unsigned char&)","TStdPrintHandler::BreakFollowing(signed char, long, unsigned char&)",BreakFollowing__16TStdPrintHandlerFSclRUc,cw_symbols.raw,1084,method,medium
TView,TrackFeedback,"(TrackPhase, const VPoint&, const VPoint&, const VPoint&, unsigned char, unsigned char)","TView::TrackFeedback(TrackPhase, const VPoint&, const VPoint&, const VPoint&, unsigned char, unsigned char)",TrackFeedback__5TViewF10TrackPhaseRC6VPointRC6VPointRC6VPointUcUc,cw_symbols.raw,1085,method,medium
TDiplomacyMgr,BuildEmbassy,"(short, int, int)","TDiplomacyMgr::BuildEmbassy(short, int, int)",BuildEmbassy__13TDiplomacyMgrFsii,cw_symbols.raw,1089,method,medium
TMapMgr,BuildFort,(short),TMapMgr::BuildFort(short),BuildFort__7TMapMgrFs,cw_symbols.raw,1090,method,medium
TCityInteriorMinister,BuildForts,(),TCityInteriorMinister::BuildForts(),BuildForts__21TCityInteriorMinisterFv,cw_symbols.raw,1091,method,medium
TCityInteriorMinister:,BuildLandUnit,"(TCity*, TTaskList*)","TCityInteriorMinister:::BuildLandUnit(TCity*, TTaskList*)",:.BuildLandUnit__21TCityInteriorMinisterFP5TCityP9TTaskList,cw_symbols.raw,1092,method,medium
TTEView,CalcRealWidth,(),TTEView::CalcRealWidth(),CalcRealWidth__7TTEViewFv,cw_symbols.raw,1109,method,medium
TStatusPicture,CalcStandardGraph,(),TStatusPicture::CalcStandardGraph(),CalcStandardGraph__14TStatusPictureFv,cw_symbols.raw,1111,method,medium
TAutoGreatPower,CalculateDefensiveNeeds,(),TAutoGreatPower::CalculateDefensiveNeeds(),CalculateDefensiveNeeds__15TAutoGreatPowerFv,cw_symbols.raw,1117,method,medium
TTradeMgr,CalculateNewWorldPrices,(),TTradeMgr::CalculateNewWorldPrices(),CalculateNewWorldPrices__9TTradeMgrFv,cw_symbols.raw,1130,method,medium
TPageView,CalculatePageStarts,(),TPageView::CalculatePageStarts(),CalculatePageStarts__9TPageViewFv,cw_symbols.raw,1133,method,medium
TInvadeMission,CalculatePriority,(),TInvadeMission::CalculatePriority(),CalculatePriority__14TInvadeMissionFv,cw_symbols.raw,1136,method,medium
TAttackProvinceMission,CalculatePriority,(),TAttackProvinceMission::CalculatePriority(),CalculatePriority__22TAttackProvinceMissionFv,cw_symbols.raw,1138,method,medium
TControlSeaZoneMission,CalculatePriority,(),TControlSeaZoneMission::CalculatePriority(),CalculatePriority__22TControlSeaZoneMissionFv,cw_symbols.raw,1139,method,medium
TDefendProvinceMission,CalculatePriority,(),TDefendProvinceMission::CalculatePriority(),CalculatePriority__22TDefendProvinceMissionFv,cw_symbols.raw,1140,method,medium
TPrintHandler,CalcViewPerPage,(VPoint&),TPrintHandler::CalcViewPerPage(VPoint&),CalcViewPerPage__13TPrintHandlerFR6VPoint,cw_symbols.raw,1147,method,medium
TStdPrintHandler,CalcViewPerPage,(VPoint&),TStdPrintHandler::CalcViewPerPage(VPoint&),CalcViewPerPage__16TStdPrintHandlerFR6VPoint,cw_symbols.raw,1148,method,medium
MemoryHeap,CallAboutToAllocateHooks,(unsigned long),MemoryHeap::CallAboutToAllocateHooks(unsigned long),CallAboutToAllocateHooks__10MemoryHeapFUl,cw_symbols.raw,1149,method,medium
MemoryHeap,CallAboutToFreeHooks,(void*),MemoryHeap::CallAboutToFreeHooks(void*),CallAboutToFreeHooks__10MemoryHeapFPv,cw_symbols.raw,1150,method,medium
TStdPrintHandler,CallGetRotn,(),TStdPrintHandler::CallGetRotn(),CallGetRotn__16TStdPrintHandlerFv,cw_symbols.raw,1155,method,medium
PatchStillDown,CallInherited,(),PatchStillDown::CallInherited(),CallInherited__14PatchStillDownFv,cw_symbols.raw,1157,method,medium
PatchSetCCursor,CallInherited,(CCrsr**),PatchSetCCursor::CallInherited(CCrsr**),CallInherited__15PatchSetCCursorFPP5CCrsr,cw_symbols.raw,1159,method,medium
TStdPrintHandler,CallStyleDialog,(),TStdPrintHandler::CallStyleDialog(),CallStyleDialog__16TStdPrintHandlerFv,cw_symbols.raw,1162,method,medium
TCivUnit,CanBeOrdered,(),TCivUnit::CanBeOrdered(),CanBeOrdered__8TCivUnitFv,cw_symbols.raw,1165,method,medium
TPrintStyleChangeCommand,CanBeUndone,(),TPrintStyleChangeCommand::CanBeUndone(),CanBeUndone__24TPrintStyleChangeCommandFv,cw_symbols.raw,1168,method,medium
TMultiplayerMgr,CancelGameSelect,(),TMultiplayerMgr::CancelGameSelect(),CancelGameSelect__15TMultiplayerMgrFv,cw_symbols.raw,1171,method,medium
TMultiplayerMgr,CancelProtocolSelect,(),TMultiplayerMgr::CancelProtocolSelect(),CancelProtocolSelect__15TMultiplayerMgrFv,cw_symbols.raw,1173,method,medium
TCivMgr,CanDeployUnit,(short),TCivMgr::CanDeployUnit(short),CanDeployUnit__7TCivMgrFs,cw_symbols.raw,1175,method,medium
TGridView,CanSelectCell,(CPoint),TGridView::CanSelectCell(CPoint),CanSelectCell__9TGridViewF6CPoint,cw_symbols.raw,1182,method,medium
TGridView,CellsToPixels,"(Region**, Region**)","TGridView::CellsToPixels(Region**, Region**)",CellsToPixels__9TGridViewFPP6RegionPP6Region,cw_symbols.raw,1191,method,medium
TMapUberPicture,CenterOn,(short),TMapUberPicture::CenterOn(short),CenterOn__15TMapUberPictureFs,cw_symbols.raw,1197,method,medium
TTEView,ChangeWrap,"(unsigned char, unsigned char)","TTEView::ChangeWrap(unsigned char, unsigned char)",ChangeWrap__7TTEViewFUcUc,cw_symbols.raw,1208,method,medium
THelpMgr,CheckEndTurnWarnings,(),THelpMgr::CheckEndTurnWarnings(),CheckEndTurnWarnings__8THelpMgrFv,cw_symbols.raw,1215,method,medium
TTechMgr,CheckForAdvances,(),TTechMgr::CheckForAdvances(),CheckForAdvances__8TTechMgrFv,cw_symbols.raw,1218,method,medium
TTacticalBattle,CheckOpportunityFire,(long),TTacticalBattle::CheckOpportunityFire(long),CheckOpportunityFire__15TTacticalBattleFl,cw_symbols.raw,1224,method,medium
TMadnessButton,CheckTheLook,(unsigned char),TMadnessButton::CheckTheLook(unsigned char),CheckTheLook__14TMadnessButtonFUc,cw_symbols.raw,1232,method,medium
THelpMgr,CheckUnitAdvice,(TCivUnit*),THelpMgr::CheckUnitAdvice(TCivUnit*),CheckUnitAdvice__8THelpMgrFP8TCivUnit,cw_symbols.raw,1235,method,medium
TCommand,ClaimClipboard,(TView*),TCommand::ClaimClipboard(TView*),ClaimClipboard__8TCommandFP5TView,cw_symbols.raw,1243,method,medium
CTemporaryRegion,Cleanup,(),CTemporaryRegion::Cleanup(),Cleanup__16CTemporaryRegionFv,cw_symbols.raw,1245,method,medium
TTracker,CleanUpFocus,(),TTracker::CleanUpFocus(),CleanUpFocus__8TTrackerFv,cw_symbols.raw,1246,method,medium
TMapMgr,ClearEntryNougats,(),TMapMgr::ClearEntryNougats(),ClearEntryNougats__7TMapMgrFv,cw_symbols.raw,1252,method,medium
TMapMgr,ClearOrderNougats,(),TMapMgr::ClearOrderNougats(),ClearOrderNougats__7TMapMgrFv,cw_symbols.raw,1253,method,medium
TUnit,ClearOrders,(),TUnit::ClearOrders(),ClearOrders__5TUnitFv,cw_symbols.raw,1254,method,medium
TFocusAnimation,ClipAndPaste,(),TFocusAnimation::ClipAndPaste(),ClipAndPaste__15TFocusAnimationFv,cw_symbols.raw,1260,method,medium
TView,ClipFurtherTo,"(const CRect&, CPoint)","TView::ClipFurtherTo(const CRect&, CPoint)",ClipFurtherTo__5TViewFRC5CRect6CPoint,cw_symbols.raw,1261,method,medium
TSmallIcon,Clone,(),TSmallIcon::Clone(),Clone__10TSmallIconFv,cw_symbols.raw,1262,method,medium
TScrollerScrollBar,Clone,(),TScrollerScrollBar::Clone(),Clone__18TScrollerScrollBarFv,cw_symbols.raw,1269,method,medium
TCtlMgr,Clone,(),TCtlMgr::Clone(),Clone__7TCtlMgrFv,cw_symbols.raw,1272,method,medium
TTEView,Clone,(),TTEView::Clone(),Clone__7TTEViewFv,cw_symbols.raw,1274,method,medium
TWindow,Clone,(),TWindow::Clone(),Clone__7TWindowFv,cw_symbols.raw,1275,method,medium
TTransportView,Close,(),TTransportView::Close(),Close__14TTransportViewFv,cw_symbols.raw,1291,method,medium
TTerrainHelpWindow,Close,(),TTerrainHelpWindow::Close(),Close__18TTerrainHelpWindowFv,cw_symbols.raw,1297,method,medium
TWindow,Close,(),TWindow::Close(),Close__7TWindowFv,cw_symbols.raw,1301,method,medium
TCityProductionView,CloseAndSaveWindows,(),TCityProductionView::CloseAndSaveWindows(),CloseAndSaveWindows__19TCityProductionViewFv,cw_symbols.raw,1306,method,medium
TMinisterView,CloseBooks,(),TMinisterView::CloseBooks(),CloseBooks__13TMinisterViewFv,cw_symbols.raw,1308,method,medium
TFileBasedDocument,CloseFile,(),TFileBasedDocument::CloseFile(),CloseFile__18TFileBasedDocumentFv,cw_symbols.raw,1315,method,medium
TApplication,CloseToolboxWindow,(GrafPort*),TApplication::CloseToolboxWindow(GrafPort*),CloseToolboxWindow__12TApplicationFP8GrafPort,cw_symbols.raw,1322,method,medium
TDocument,CloseWindow,(TWindow*),TDocument::CloseWindow(TWindow*),CloseWindow__9TDocumentFP7TWindow,cw_symbols.raw,1323,method,medium
TMapEditView,CommandOptionClick,"(short, short)","TMapEditView::CommandOptionClick(short, short)",CommandOptionClick__12TMapEditViewFss,cw_symbols.raw,1329,method,medium
MemoryHook,Comment,(const char*),MemoryHook::Comment(const char*),Comment__10MemoryHookFPCc,cw_symbols.raw,1330,method,medium
TSortedList,Compare,"(TObject*, TObject*)","TSortedList::Compare(TObject*, TObject*)",Compare__11TSortedListFP7TObjectP7TObject,cw_symbols.raw,1338,method,medium
TArmyStackList,Compare,"(TObject*, TObject*)","TArmyStackList::Compare(TObject*, TObject*)",Compare__14TArmyStackListFP7TObjectP7TObject,cw_symbols.raw,1340,method,medium
TIndexAndRankList,Compare,"(char*, char*)","TIndexAndRankList::Compare(char*, char*)",Compare__17TIndexAndRankListFPcPc,cw_symbols.raw,1343,method,medium
TProvinceDesirabilityList,Compare,"(char*, char*)","TProvinceDesirabilityList::Compare(char*, char*)",Compare__25TProvinceDesirabilityListFPcPc,cw_symbols.raw,1345,method,medium
TDependencies,CompareElements,"(void*, void*)","TDependencies::CompareElements(void*, void*)",CompareElements__13TDependenciesFPvPv,cw_symbols.raw,1349,method,medium
TSortedHandleList,CompareElements,"(void*, void*)","TSortedHandleList::CompareElements(void*, void*)",CompareElements__17TSortedHandleListFPvPv,cw_symbols.raw,1351,method,medium
TClassDescListByName,CompareElements,"(void*, void*)","TClassDescListByName::CompareElements(void*, void*)",CompareElements__20TClassDescListByNameFPvPv,cw_symbols.raw,1355,method,medium
MemoryHeap,CompilerCheck,(),MemoryHeap::CompilerCheck(),CompilerCheck__10MemoryHeapFv,cw_symbols.raw,1358,method,medium
TDrawingEnvironment,Complete,"(void, 8)","TDrawingEnvironment::Complete(void, 8)",Complete__19TDrawingEnvironmentFv8,cw_symbols.raw,1361,method,medium
TServerCommand,Completed,(),TServerCommand::Completed(),Completed__14TServerCommandFv,cw_symbols.raw,1362,method,medium
TMovieViewBehavior,CompositeToBackground,(short),TMovieViewBehavior::CompositeToBackground(short),CompositeToBackground__18TMovieViewBehaviorFs,cw_symbols.raw,1367,method,medium
TDynamicArray,ComputeAddress,(long),TDynamicArray::ComputeAddress(long),ComputeAddress__13TDynamicArrayFl,cw_symbols.raw,1368,method,medium
TDialogTEView,ComputeFrame,(VRect&),TDialogTEView::ComputeFrame(VRect&),ComputeFrame__13TDialogTEViewFR5VRect,cw_symbols.raw,1369,method,medium
TArmyMission,ComputeProvinceImportance,(short) const,TArmyMission::ComputeProvinceImportance(short) const,ComputeProvinceImportance__12TArmyMissionCFs,cw_symbols.raw,1373,method,medium
TMapMgr,ConfirmArrows,(),TMapMgr::ConfirmArrows(),ConfirmArrows__7TMapMgrFv,cw_symbols.raw,1376,method,medium
TViewMgr,ConfirmQuit,(unsigned long),TViewMgr::ConfirmQuit(unsigned long),ConfirmQuit__8TViewMgrFUl,cw_symbols.raw,1377,method,medium
TGreatPower,ConsiderWarOfAlliance,"(long, long, unsigned char)","TGreatPower::ConsiderWarOfAlliance(long, long, unsigned char)",ConsiderWarOfAlliance__11TGreatPowerFllUc,cw_symbols.raw,1383,method,medium
TAutoGreatPower,ConsiderWarOfAlliance,"(long, long, unsigned char)","TAutoGreatPower::ConsiderWarOfAlliance(long, long, unsigned char)",ConsiderWarOfAlliance__15TAutoGreatPowerFllUc,cw_symbols.raw,1384,method,medium
TTEView,ContainsClipType,(unsigned long),TTEView::ContainsClipType(unsigned long),ContainsClipType__7TTEViewFUl,cw_symbols.raw,1393,method,medium
TTEView,ContinuousStyle,"(short, short, short&, TextStyle&)","TTEView::ContinuousStyle(short, short, short&, TextStyle&)",ContinuousStyle__7TTEViewFssRsR9TextStyle,cw_symbols.raw,1401,method,medium
TWorldView,ControlClick,"(short, short)","TWorldView::ControlClick(short, short)",ControlClick__10TWorldViewFss,cw_symbols.raw,1403,method,medium
TDiplomacyMgr,ConveneCouncil,(char),TDiplomacyMgr::ConveneCouncil(char),ConveneCouncil__13TDiplomacyMgrFc,cw_symbols.raw,1404,method,medium
TOceanDialog,ConvertPoint,"(const VPoint&, short&, short&, short&)","TOceanDialog::ConvertPoint(const VPoint&, short&, short&, short&)",ConvertPoint__12TOceanDialogFRC6VPointRsRsRs,cw_symbols.raw,1409,method,medium
TApplication,CountClicks,"(TToolboxEvent*, short)","TApplication::CountClicks(TToolboxEvent*, short)",CountClicks__12TApplicationFP13TToolboxEvents,cw_symbols.raw,1412,method,medium
TTacticalBattle,CountDeploymentTiles,(),TTacticalBattle::CountDeploymentTiles(),CountDeploymentTiles__15TTacticalBattleFv,cw_symbols.raw,1413,method,medium
TNewspaperView,CountryParmList,"(CStr255&, long)","TNewspaperView::CountryParmList(CStr255&, long)",CountryParmList__14TNewspaperViewFR7CStr255l,cw_symbols.raw,1414,method,medium
TPopup,CreateCMgrControl,"(const CStr255&, long, long, long, short)","TPopup::CreateCMgrControl(const CStr255&, long, long, long, short)",CreateCMgrControl__6TPopupFRC7CStr255llls,cw_symbols.raw,1417,method,medium
TMacViewMgr,CreateCombatReportGWorld,(),TMacViewMgr::CreateCombatReportGWorld(),CreateCombatReportGWorld__11TMacViewMgrFv,cw_symbols.raw,1419,method,medium
TMacViewMgr,CreateDevelopmentIconsGWorld,(),TMacViewMgr::CreateDevelopmentIconsGWorld(),CreateDevelopmentIconsGWorld__11TMacViewMgrFv,cw_symbols.raw,1424,method,medium
TMacViewMgr,CreateIndexedGWorlds,(),TMacViewMgr::CreateIndexedGWorlds(),CreateIndexedGWorlds__11TMacViewMgrFv,cw_symbols.raw,1433,method,medium
TMacViewMgr,CreateMapIconsGWorld,(),TMacViewMgr::CreateMapIconsGWorld(),CreateMapIconsGWorld__11TMacViewMgrFv,cw_symbols.raw,1439,method,medium
TDefenseMinister:,CreatePeaceDefenseMap,(TLongintList*),TDefenseMinister:::CreatePeaceDefenseMap(TLongintList*),:.CreatePeaceDefenseMap__16TDefenseMinisterFP12TLongintList,cw_symbols.raw,1446,method,medium
TSimMgr,CreateSimObjects,(unsigned char),TSimMgr::CreateSimObjects(unsigned char),CreateSimObjects__7TSimMgrFUc,cw_symbols.raw,1452,method,medium
TMapMaker,CreateZones,(),TMapMaker::CreateZones(),CreateZones__9TMapMakerFv,cw_symbols.raw,1454,method,medium
MemoryHeap,MemoryHeap,"(unsigned char, unsigned char, unsigned char)","MemoryHeap::MemoryHeap(unsigned char, unsigned char, unsigned char)",__ct__10MemoryHeapFUcUcUc,cw_symbols.raw,1456,constructor,medium
SeaSegment,SeaSegment,"(const Seapoint&, const Seapoint&)","SeaSegment::SeaSegment(const Seapoint&, const Seapoint&)",__ct__10SeaSegmentFRC8SeapointRC8Seapoint,cw_symbols.raw,1460,constructor,medium
TAppleEvent,TAppleEvent,(),TAppleEvent::TAppleEvent(),__ct__11TAppleEventFv,cw_symbols.raw,1486,constructor,medium
TArmoryView,TArmoryView,(),TArmoryView::TArmoryView(),__ct__11TArmoryViewFv,cw_symbols.raw,1487,constructor,medium
TBusyCursor,TBusyCursor,(),TBusyCursor::TBusyCursor(),__ct__11TBusyCursorFv,cw_symbols.raw,1488,constructor,medium
TCivToolbar,TCivToolbar,(),TCivToolbar::TCivToolbar(),__ct__11TCivToolbarFv,cw_symbols.raw,1489,constructor,medium
TDialogView,TDialogView,(),TDialogView::TDialogView(),__ct__11TDialogViewFv,cw_symbols.raw,1490,constructor,medium
TDisplayMgr,TDisplayMgr,(),TDisplayMgr::TDisplayMgr(),__ct__11TDisplayMgrFv,cw_symbols.raw,1492,constructor,medium
TGameWindow,TGameWindow,(),TGameWindow::TGameWindow(),__ct__11TGameWindowFv,cw_symbols.raw,1494,constructor,medium
TGreatPower,TGreatPower,(),TGreatPower::TGreatPower(),__ct__11TGreatPowerFv,cw_symbols.raw,1495,constructor,medium
THandleList,THandleList,(),THandleList::THandleList(),__ct__11THandleListFv,cw_symbols.raw,1496,constructor,medium
THelpWindow,THelpWindow,(),THelpWindow::THelpWindow(),__ct__11THelpWindowFv,cw_symbols.raw,1497,constructor,medium
TIconSlider,TIconSlider,(),TIconSlider::TIconSlider(),__ct__11TIconSliderFv,cw_symbols.raw,1498,constructor,medium
TMacViewMgr,TMacViewMgr,(),TMacViewMgr::TMacViewMgr(),__ct__11TMacViewMgrFv,cw_symbols.raw,1499,constructor,medium
TNavyRoster,TNavyRoster,(),TNavyRoster::TNavyRoster(),__ct__11TNavyRosterFv,cw_symbols.raw,1500,constructor,medium
TNumberText,TNumberText,(),TNumberText::TNumberText(),__ct__11TNumberTextFv,cw_symbols.raw,1501,constructor,medium
TRailAmtBar,TRailAmtBar,(),TRailAmtBar::TRailAmtBar(),__ct__11TRailAmtBarFv,cw_symbols.raw,1502,constructor,medium
TShipAmtBar,TShipAmtBar,"(void, 8)","TShipAmtBar::TShipAmtBar(void, 8)",__ct__11TShipAmtBarFv8,cw_symbols.raw,1503,constructor,medium
TSortedList,TSortedList,(),TSortedList::TSortedList(),__ct__11TSortedListFv,cw_symbols.raw,1504,constructor,medium
TUpDownView,TUpDownView,(),TUpDownView::TUpDownView(),__ct__11TUpDownViewFv,cw_symbols.raw,1506,constructor,medium
TViewServer,TViewServer,(),TViewServer::TViewServer(),__ct__11TViewServerFv,cw_symbols.raw,1507,constructor,medium
TViewTabber,TViewTabber,(),TViewTabber::TViewTabber(),__ct__11TViewTabberFv,cw_symbols.raw,1508,constructor,medium
CPtrIterator,CPtrIterator,"(TSortedPtrList*, unsigned char)","CPtrIterator::CPtrIterator(TSortedPtrList*, unsigned char)",__ct__12CPtrIteratorFP14TSortedPtrListUc,cw_symbols.raw,1510,constructor,medium
CRowIterator,CRowIterator,(TGridView*),CRowIterator::CRowIterator(TGridView*),__ct__12CRowIteratorFP9TGridView,cw_symbols.raw,1511,constructor,medium
CCellIterator,CCellIterator,(TGridView*),CCellIterator::CCellIterator(TGridView*),__ct__13CCellIteratorFP9TGridView,cw_symbols.raw,1544,constructor,medium
CWhileFocused,CWhileFocused,"(TCtlMgr*, unsigned char)","CWhileFocused::CWhileFocused(TCtlMgr*, unsigned char)",__ct__13CWhileFocusedFP7TCtlMgrUc,cw_symbols.raw,1547,constructor,medium
CArrayIterator,CArrayIterator,"(TDynamicArray*, long, long, unsigned char)","CArrayIterator::CArrayIterator(TDynamicArray*, long, long, unsigned char)",__ct__14CArrayIteratorFP13TDynamicArrayllUc,cw_symbols.raw,1590,constructor,medium
CArrayIterator,CArrayIterator,"(TDynamicArray*, unsigned char)","CArrayIterator::CArrayIterator(TDynamicArray*, unsigned char)",__ct__14CArrayIteratorFP13TDynamicArrayUc,cw_symbols.raw,1591,constructor,medium
CClassIterator,CClassIterator,"(const ClassDesc*, unsigned char)","CClassIterator::CClassIterator(const ClassDesc*, unsigned char)",__ct__14CClassIteratorFPC9ClassDescUc,cw_symbols.raw,1592,constructor,medium
TInvadeMission,TInvadeMission,"(TZone*, short)","TInvadeMission::TInvadeMission(TZone*, short)",__ct__14TInvadeMissionFP5TZones,cw_symbols.raw,1607,constructor,medium
CHandleIterator,CHandleIterator,"(TSortedHandleList*, unsigned char)","CHandleIterator::CHandleIterator(TSortedHandleList*, unsigned char)",__ct__15CHandleIteratorFP17TSortedHandleListUc,cw_symbols.raw,1617,constructor,medium
CObjectIterator,CObjectIterator,"(TSortedList*, unsigned char)","CObjectIterator::CObjectIterator(TSortedList*, unsigned char)",__ct__15CObjectIteratorFP11TSortedListUc,cw_symbols.raw,1618,constructor,medium
CWindowIterator,CWindowIterator,"(TDocument*, unsigned char)","CWindowIterator::CWindowIterator(TDocument*, unsigned char)",__ct__15CWindowIteratorFP9TDocumentUc,cw_symbols.raw,1619,constructor,medium
T2PictureButton,T2PictureButton,(),T2PictureButton::T2PictureButton(),__ct__15T2PictureButtonFv,cw_symbols.raw,1620,constructor,medium
TAutoGreatPower,TAutoGreatPower,(),TAutoGreatPower::TAutoGreatPower(),__ct__15TAutoGreatPowerFv,cw_symbols.raw,1621,constructor,medium
TCityBarCluster,TCityBarCluster,(),TCityBarCluster::TCityBarCluster(),__ct__15TCityBarClusterFv,cw_symbols.raw,1622,constructor,medium
TCivilianButton,TCivilianButton,(),TCivilianButton::TCivilianButton(),__ct__15TCivilianButtonFv,cw_symbols.raw,1623,constructor,medium
TColorKeyButton,TColorKeyButton,(),TColorKeyButton::TColorKeyButton(),__ct__15TColorKeyButtonFv,cw_symbols.raw,1624,constructor,medium
TCommandHandler,TCommandHandler,(),TCommandHandler::TCommandHandler(),__ct__15TCommandHandlerFv,cw_symbols.raw,1625,constructor,medium
TControlTracker,TControlTracker,(),TControlTracker::TControlTracker(),__ct__15TControlTrackerFv,cw_symbols.raw,1626,constructor,medium
TDebugFlagsView,TDebugFlagsView,(),TDebugFlagsView::TDebugFlagsView(),__ct__15TDebugFlagsViewFv,cw_symbols.raw,1628,constructor,medium
TDialogBehavior,TDialogBehavior,(),TDialogBehavior::TDialogBehavior(),__ct__15TDialogBehaviorFv,cw_symbols.raw,1629,constructor,medium
TExpansionOrder,TExpansionOrder,(),TExpansionOrder::TExpansionOrder(),__ct__15TExpansionOrderFv,cw_symbols.raw,1632,constructor,medium
TIndustryAmtBar,TIndustryAmtBar,(),TIndustryAmtBar::TIndustryAmtBar(),__ct__15TIndustryAmtBarFv,cw_symbols.raw,1633,constructor,medium
TLineTopAdorner,TLineTopAdorner,(),TLineTopAdorner::TLineTopAdorner(),__ct__15TLineTopAdornerFv,cw_symbols.raw,1634,constructor,medium
TLonelyTileView,TLonelyTileView,(),TLonelyTileView::TLonelyTileView(),__ct__15TLonelyTileViewFv,cw_symbols.raw,1635,constructor,medium
TMenuBarManager,TMenuBarManager,(),TMenuBarManager::TMenuBarManager(),__ct__15TMenuBarManagerFv,cw_symbols.raw,1637,constructor,medium
TMultiplayerMgr,TMultiplayerMgr,(),TMultiplayerMgr::TMultiplayerMgr(),__ct__15TMultiplayerMgrFv,cw_symbols.raw,1638,constructor,medium
TPirateMinister,TPirateMinister,(),TPirateMinister::TPirateMinister(),__ct__15TPirateMinisterFv,cw_symbols.raw,1639,constructor,medium
TResourceStream,TResourceStream,(),TResourceStream::TResourceStream(),__ct__15TResourceStreamFv,cw_symbols.raw,1640,constructor,medium
TSaveDocCommand,TSaveDocCommand,(),TSaveDocCommand::TSaveDocCommand(),__ct__15TSaveDocCommandFv,cw_symbols.raw,1641,constructor,medium
TScrollerButton,TScrollerButton,(),TScrollerButton::TScrollerButton(),__ct__15TScrollerButtonFv,cw_symbols.raw,1642,constructor,medium
TTacticalBattle,TTacticalBattle,(),TTacticalBattle::TTacticalBattle(),__ct__15TTacticalBattleFv,cw_symbols.raw,1643,constructor,medium
TTEPasteCommand,TTEPasteCommand,(),TTEPasteCommand::TTEPasteCommand(),__ct__15TTEPasteCommandFv,cw_symbols.raw,1644,constructor,medium
TTEStyleCommand,TTEStyleCommand,(),TTEStyleCommand::TTEStyleCommand(),__ct__15TTEStyleCommandFv,cw_symbols.raw,1645,constructor,medium
TToolBarCluster,TToolBarCluster,(),TToolBarCluster::TToolBarCluster(),__ct__15TToolBarClusterFv,cw_symbols.raw,1646,constructor,medium
TTownNameDialog,TTownNameDialog,(),TTownNameDialog::TTownNameDialog(),__ct__15TTownNameDialogFv,cw_symbols.raw,1647,constructor,medium
CAdornerIterator,CAdornerIterator,(TView*),CAdornerIterator::CAdornerIterator(TView*),__ct__16CAdornerIteratorFP5TView,cw_symbols.raw,1649,constructor,medium
CAdornerIterator,CAdornerIterator,"(TView*, unsigned char)","CAdornerIterator::CAdornerIterator(TView*, unsigned char)",__ct__16CAdornerIteratorFP5TViewUc,cw_symbols.raw,1650,constructor,medium
CSubViewIterator,CSubViewIterator,"(TView*, unsigned char)","CSubViewIterator::CSubViewIterator(TView*, unsigned char)",__ct__16CSubViewIteratorFP5TViewUc,cw_symbols.raw,1652,constructor,medium
CSubViewIterator,CSubViewIterator,(const TView*),CSubViewIterator::CSubViewIterator(const TView*),__ct__16CSubViewIteratorFPC5TView,cw_symbols.raw,1653,constructor,medium
CDocumentIterator,CDocumentIterator,(TApplication*),CDocumentIterator::CDocumentIterator(TApplication*),__ct__17CDocumentIteratorFP12TApplication,cw_symbols.raw,1684,constructor,medium
CBaseClassIterator,CBaseClassIterator,"(const ClassDesc*, unsigned char)","CBaseClassIterator::CBaseClassIterator(const ClassDesc*, unsigned char)",__ct__18CBaseClassIteratorFPC9ClassDescUc,cw_symbols.raw,1711,constructor,medium
CClassListIterator,CClassListIterator,(const ClassDescList*),CClassListIterator::CClassListIterator(const ClassDescList*),__ct__18CClassListIteratorFPC13ClassDescList,cw_symbols.raw,1713,constructor,medium
TAdvanceGameCommand,TAdvanceGameCommand,(),TAdvanceGameCommand::TAdvanceGameCommand(),__ct__19TAdvanceGameCommandFv,cw_symbols.raw,1737,constructor,medium
TCloseWindowCommand,TCloseWindowCommand,(),TCloseWindowCommand::TCloseWindowCommand(),__ct__19TCloseWindowCommandFv,cw_symbols.raw,1739,constructor,medium
TDisappearingButton,TDisappearingButton,(),TDisappearingButton::TDisappearingButton(),__ct__19TDisappearingButtonFv,cw_symbols.raw,1740,constructor,medium
TMissionSnooperView,TMissionSnooperView,(),TMissionSnooperView::TMissionSnooperView(),__ct__19TMissionSnooperViewFv,cw_symbols.raw,1743,constructor,medium
TNewDocumentCommand,TNewDocumentCommand,(),TNewDocumentCommand::TNewDocumentCommand(),__ct__19TNewDocumentCommandFv,cw_symbols.raw,1745,constructor,medium
TPictureRadioButton,TPictureRadioButton,(),TPictureRadioButton::TPictureRadioButton(),__ct__19TPictureRadioButtonFv,cw_symbols.raw,1746,constructor,medium
TRadioPictureButton,TRadioPictureButton,(),TRadioPictureButton::TRadioPictureButton(),__ct__19TRadioPictureButtonFv,cw_symbols.raw,1747,constructor,medium
TSortedDynamicArray,TSortedDynamicArray,(),TSortedDynamicArray::TSortedDynamicArray(),__ct__19TSortedDynamicArrayFv,cw_symbols.raw,1748,constructor,medium
TTacticalBattleView,TTacticalBattleView,(),TTacticalBattleView::TTacticalBattleView(),__ct__19TTacticalBattleViewFv,cw_symbols.raw,1749,constructor,medium
TTedForeignMinister,TTedForeignMinister,(),TTedForeignMinister::TTedForeignMinister(),__ct__19TTedForeignMinisterFv,cw_symbols.raw,1750,constructor,medium
TTradePolicyCluster,TTradePolicyCluster,(),TTradePolicyCluster::TTradePolicyCluster(),__ct__19TTradePolicyClusterFv,cw_symbols.raw,1751,constructor,medium
TTradeScreenPicture,TTradeScreenPicture,(),TTradeScreenPicture::TTradeScreenPicture(),__ct__19TTradeScreenPictureFv,cw_symbols.raw,1752,constructor,medium
TUnitToolbarCluster,TUnitToolbarCluster,(),TUnitToolbarCluster::TUnitToolbarCluster(),__ct__19TUnitToolbarClusterFv,cw_symbols.raw,1753,constructor,medium
TBlockadePortMission,TBlockadePortMission,(TZone*),TBlockadePortMission::TBlockadePortMission(TZone*),__ct__20TBlockadePortMissionFP5TZone,cw_symbols.raw,1757,constructor,medium
TCityInteriorMinister,TCityInteriorMinister,(),TCityInteriorMinister::TCityInteriorMinister(),__ct__21TCityInteriorMinisterFv,cw_symbols.raw,1764,constructor,medium
TCompatibilityAdorner,TCompatibilityAdorner,(),TCompatibilityAdorner::TCompatibilityAdorner(),__ct__21TCompatibilityAdornerFv,cw_symbols.raw,1765,constructor,medium
TDropShadowNumberText,TDropShadowNumberText,(),TDropShadowNumberText::TDropShadowNumberText(),__ct__21TDropShadowNumberTextFv,cw_symbols.raw,1766,constructor,medium
TInteriorMinisterView,TInteriorMinisterView,(),TInteriorMinisterView::TInteriorMinisterView(),__ct__21TInteriorMinisterViewFv,cw_symbols.raw,1767,constructor,medium
TShadowedFrameAdorner,TShadowedFrameAdorner,(),TShadowedFrameAdorner::TShadowedFrameAdorner(),__ct__21TShadowedFrameAdornerFv,cw_symbols.raw,1768,constructor,medium
CWhileOutlinePreferred,CWhileOutlinePreferred,(unsigned char),CWhileOutlinePreferred::CWhileOutlinePreferred(unsigned char),__ct__22CWhileOutlinePreferredFUc,cw_symbols.raw,1769,constructor,medium
TAttackProvinceMission,TAttackProvinceMission,"(short, short)","TAttackProvinceMission::TAttackProvinceMission(short, short)",__ct__22TAttackProvinceMissionFss,cw_symbols.raw,1770,constructor,medium
TBuildingExpansionView,TBuildingExpansionView,(),TBuildingExpansionView::TBuildingExpansionView(),__ct__22TBuildingExpansionViewFv,cw_symbols.raw,1771,constructor,medium
TEventRetrieverCommand,TEventRetrieverCommand,(),TEventRetrieverCommand::TEventRetrieverCommand(),__ct__22TEventRetrieverCommandFv,cw_symbols.raw,1772,constructor,medium
TSetupRandomMapPicture,TSetupRandomMapPicture,(),TSetupRandomMapPicture::TSetupRandomMapPicture(),__ct__22TSetupRandomMapPictureFv,cw_symbols.raw,1773,constructor,medium
TSimpleDependencySpace,TSimpleDependencySpace,(),TSimpleDependencySpace::TSimpleDependencySpace(),__ct__22TSimpleDependencySpaceFv,cw_symbols.raw,1774,constructor,medium
TTraderForeignMinister,TTraderForeignMinister,(),TTraderForeignMinister::TTraderForeignMinister(),__ct__22TTraderForeignMinisterFv,cw_symbols.raw,1775,constructor,medium
TAmbitFileBasedDocument,TAmbitFileBasedDocument,(),TAmbitFileBasedDocument::TAmbitFileBasedDocument(),__ct__23TAmbitFileBasedDocumentFv,cw_symbols.raw,1776,constructor,medium
TDropShadowTextBehavior,TDropShadowTextBehavior,(),TDropShadowTextBehavior::TDropShadowTextBehavior(),__ct__23TDropShadowTextBehaviorFv,cw_symbols.raw,1777,constructor,medium
TTextileForeignMinister,TTextileForeignMinister,(),TTextileForeignMinister::TTextileForeignMinister(),__ct__23TTextileForeignMinisterFv,cw_symbols.raw,1778,constructor,medium
TDiplomatForeignMinister,TDiplomatForeignMinister,(),TDiplomatForeignMinister::TDiplomatForeignMinister(),__ct__24TDiplomatForeignMinisterFv,cw_symbols.raw,1779,constructor,medium
TPrintStyleChangeCommand,TPrintStyleChangeCommand,(),TPrintStyleChangeCommand::TPrintStyleChangeCommand(),__ct__24TPrintStyleChangeCommandFv,cw_symbols.raw,1780,constructor,medium
TShipBuilderCityMinister,TShipBuilderCityMinister,(),TShipBuilderCityMinister::TShipBuilderCityMinister(),__ct__24TShipBuilderCityMinisterFv,cw_symbols.raw,1781,constructor,medium
TStandardDependencySpace,TStandardDependencySpace,(),TStandardDependencySpace::TStandardDependencySpace(),__ct__24TStandardDependencySpaceFv,cw_symbols.raw,1782,constructor,medium
TGameSetupMultiplayerPicture,TGameSetupMultiplayerPicture,(),TGameSetupMultiplayerPicture::TGameSetupMultiplayerPicture(),__ct__28TGameSetupMultiplayerPictureFv,cw_symbols.raw,1783,constructor,medium
CStr31,CStr31,(const char*),CStr31::CStr31(const char*),__ct__6CStr31FPCc,cw_symbols.raw,1800,constructor,medium
Province,Province,(),Province::Province(),__ct__8ProvinceFv,cw_symbols.raw,1825,constructor,medium
Snapshot,Snapshot,(),Snapshot::Snapshot(),__ct__8SnapshotFv,cw_symbols.raw,1826,constructor,medium
TAdmiral,TAdmiral,(short),TAdmiral::TAdmiral(short),__ct__8TAdmiralFs,cw_symbols.raw,1827,constructor,medium
TAdorner,TAdorner,(),TAdorner::TAdorner(),__ct__8TAdornerFv,cw_symbols.raw,1828,constructor,medium
TArmyMgr,TArmyMgr,(),TArmyMgr::TArmyMgr(),__ct__8TArmyMgrFv,cw_symbols.raw,1829,constructor,medium
TCivUnit,TCivUnit,(),TCivUnit::TCivUnit(),__ct__8TCivUnitFv,cw_symbols.raw,1830,constructor,medium
TCommand,TCommand,(),TCommand::TCommand(),__ct__8TCommandFv,cw_symbols.raw,1832,constructor,medium
TContext,TContext,(),TContext::TContext(),__ct__8TContextFv,cw_symbols.raw,1833,constructor,medium
TControl,TControl,(),TControl::TControl(),__ct__8TControlFv,cw_symbols.raw,1834,constructor,medium
TCountry,TCountry,(),TCountry::TCountry(),__ct__8TCountryFv,cw_symbols.raw,1835,constructor,medium
THelpMgr,THelpMgr,(),THelpMgr::THelpMgr(),__ct__8THelpMgrFv,cw_symbols.raw,1836,constructor,medium
TIconBar,TIconBar,(),TIconBar::TIconBar(),__ct__8TIconBarFv,cw_symbols.raw,1837,constructor,medium
TMission,TMission,(),TMission::TMission(),__ct__8TMissionFv,cw_symbols.raw,1838,constructor,medium
TNavyMgr,TNavyMgr,(),TNavyMgr::TNavyMgr(),__ct__8TNavyMgrFv,cw_symbols.raw,1839,constructor,medium
TPicture,TPicture,(),TPicture::TPicture(),__ct__8TPictureFv,cw_symbols.raw,1841,constructor,medium
TPlacard,TPlacard,(),TPlacard::TPlacard(),__ct__8TPlacardFv,cw_symbols.raw,1842,constructor,medium
TPtrList,TPtrList,(),TPtrList::TPtrList(),__ct__8TPtrListFv,cw_symbols.raw,1843,constructor,medium
TTechMgr,TTechMgr,(),TTechMgr::TTechMgr(),__ct__8TTechMgrFv,cw_symbols.raw,1844,constructor,medium
TTracker,TTracker,(),TTracker::TTracker(),__ct__8TTrackerFv,cw_symbols.raw,1845,constructor,medium
TViewMgr,TViewMgr,(),TViewMgr::TViewMgr(),__ct__8TViewMgrFv,cw_symbols.raw,1846,constructor,medium
ClassDesc,ClassDesc,"(const char*, unsigned long, void* (*)(void), const ClassDesc*)","ClassDesc::ClassDesc(const char*, unsigned long, void* (*)(void), const ClassDesc*)",__ct__9ClassDescFPCcUlPFv_PvPC9ClassDesc,cw_symbols.raw,1849,constructor,medium
TShipNode,TShipNode,"(TShip*, TShipNode*, TShipNode*)","TShipNode::TShipNode(TShip*, TShipNode*, TShipNode*)",__ct__9TShipNodeFP5TShipP9TShipNodeP9TShipNode,cw_symbols.raw,1870,constructor,medium
TCivMgr,Cycle,(short),TCivMgr::Cycle(short),Cycle__7TCivMgrFs,cw_symbols.raw,1880,method,medium
TGreatPower,DealInterupted,"(long, long, long)","TGreatPower::DealInterupted(long, long, long)",DealInterupted__11TGreatPowerFlll,cw_symbols.raw,1890,method,medium
TAdornerList,_DefaultConstructor,(),TAdornerList::_DefaultConstructor(),_DefaultConstructor__12TAdornerListFv,cw_symbols.raw,1926,constructor,medium
TArmyBoyView,_DefaultConstructor,(),TArmyBoyView::_DefaultConstructor(),_DefaultConstructor__12TArmyBoyViewFv,cw_symbols.raw,1928,constructor,medium
TArmyMission,_DefaultConstructor,(),TArmyMission::_DefaultConstructor(),_DefaultConstructor__12TArmyMissionFv,cw_symbols.raw,1929,constructor,medium
TArmyTacUnit,_DefaultConstructor,(),TArmyTacUnit::_DefaultConstructor(),_DefaultConstructor__12TArmyTacUnitFv,cw_symbols.raw,1931,constructor,medium
TArmyToolbar,_DefaultConstructor,(),TArmyToolbar::_DefaultConstructor(),_DefaultConstructor__12TArmyToolbarFv,cw_symbols.raw,1932,constructor,medium
TCouncilView,_DefaultConstructor,(),TCouncilView::_DefaultConstructor(),_DefaultConstructor__12TCouncilViewFv,cw_symbols.raw,1935,constructor,medium
TEntriesList,_DefaultConstructor,(),TEntriesList::_DefaultConstructor(),_DefaultConstructor__12TEntriesListFv,cw_symbols.raw,1937,constructor,medium
TFileHandler,_DefaultConstructor,(),TFileHandler::_DefaultConstructor(),_DefaultConstructor__12TFileHandlerFv,cw_symbols.raw,1938,constructor,medium
TFloatWindow,_DefaultConstructor,(),TFloatWindow::_DefaultConstructor(),_DefaultConstructor__12TFloatWindowFv,cw_symbols.raw,1939,constructor,medium
TIncludeView,_DefaultConstructor,(),TIncludeView::_DefaultConstructor(),_DefaultConstructor__12TIncludeViewFv,cw_symbols.raw,1941,constructor,medium
TInfoBarText,_DefaultConstructor,(),TInfoBarText::_DefaultConstructor(),_DefaultConstructor__12TInfoBarTextFv,cw_symbols.raw,1942,constructor,medium
TItemBoyView,_DefaultConstructor,(),TItemBoyView::_DefaultConstructor(),_DefaultConstructor__12TItemBoyViewFv,cw_symbols.raw,1943,constructor,medium
TLanguageMgr,_DefaultConstructor,(),TLanguageMgr::_DefaultConstructor(),_DefaultConstructor__12TLanguageMgrFv,cw_symbols.raw,1944,constructor,medium
TMapEditView,_DefaultConstructor,(),TMapEditView::_DefaultConstructor(),_DefaultConstructor__12TMapEditViewFv,cw_symbols.raw,1946,constructor,medium
TMegaPicture,_DefaultConstructor,(),TMegaPicture::_DefaultConstructor(),_DefaultConstructor__12TMegaPictureFv,cw_symbols.raw,1947,constructor,medium
TMiniMapView,_DefaultConstructor,(),TMiniMapView::_DefaultConstructor(),_DefaultConstructor__12TMiniMapViewFv,cw_symbols.raw,1948,constructor,medium
TMovieObject,_DefaultConstructor,(),TMovieObject::_DefaultConstructor(),_DefaultConstructor__12TMovieObjectFv,cw_symbols.raw,1949,constructor,medium
TNavyMission,_DefaultConstructor,(),TNavyMission::_DefaultConstructor(),_DefaultConstructor__12TNavyMissionFv,cw_symbols.raw,1951,constructor,medium
TNewTownView,_DefaultConstructor,(),TNewTownView::_DefaultConstructor(),_DefaultConstructor__12TNewTownViewFv,cw_symbols.raw,1953,constructor,medium
TOceanDialog,_DefaultConstructor,(),TOceanDialog::_DefaultConstructor(),_DefaultConstructor__12TOceanDialogFv,cw_symbols.raw,1954,constructor,medium
TODocCommand,_DefaultConstructor,(),TODocCommand::_DefaultConstructor(),_DefaultConstructor__12TODocCommandFv,cw_symbols.raw,1955,constructor,medium
TOrItemOrder,_DefaultConstructor,(),TOrItemOrder::_DefaultConstructor(),_DefaultConstructor__12TOrItemOrderFv,cw_symbols.raw,1956,constructor,medium
TOvalAdorner,_DefaultConstructor,(),TOvalAdorner::_DefaultConstructor(),_DefaultConstructor__12TOvalAdornerFv,cw_symbols.raw,1957,constructor,medium
TPDocCommand,_DefaultConstructor,(),TPDocCommand::_DefaultConstructor(),_DefaultConstructor__12TPDocCommandFv,cw_symbols.raw,1958,constructor,medium
TPictureLine,_DefaultConstructor,(),TPictureLine::_DefaultConstructor(),_DefaultConstructor__12TPictureLineFv,cw_symbols.raw,1959,constructor,medium
TPictureText,_DefaultConstructor,(),TPictureText::_DefaultConstructor(),_DefaultConstructor__12TPictureTextFv,cw_symbols.raw,1960,constructor,medium
TQuitCommand,_DefaultConstructor,(),TQuitCommand::_DefaultConstructor(),_DefaultConstructor__12TQuitCommandFv,cw_symbols.raw,1961,constructor,medium
TRailCluster,_DefaultConstructor,(),TRailCluster::_DefaultConstructor(),_DefaultConstructor__12TRailClusterFv,cw_symbols.raw,1962,constructor,medium
TRemoteMinor,_DefaultConstructor,"(void, 8)","TRemoteMinor::_DefaultConstructor(void, 8)",_DefaultConstructor__12TRemoteMinorFv8,cw_symbols.raw,1963,constructor,medium
TSoundPlayer,_DefaultConstructor,(),TSoundPlayer::_DefaultConstructor(),_DefaultConstructor__12TSoundPlayerFv,cw_symbols.raw,1966,constructor,medium
TTechCheater,_DefaultConstructor,(),TTechCheater::_DefaultConstructor(),_DefaultConstructor__12TTechCheaterFv,cw_symbols.raw,1968,constructor,medium
TUberCluster,_DefaultConstructor,(),TUberCluster::_DefaultConstructor(),_DefaultConstructor__12TUberClusterFv,cw_symbols.raw,1969,constructor,medium
TWarningView,_DefaultConstructor,(),TWarningView::_DefaultConstructor(),_DefaultConstructor__12TWarningViewFv,cw_symbols.raw,1970,constructor,medium
TAboutBoxCommand,_DefaultConstructor,(),TAboutBoxCommand::_DefaultConstructor(),_DefaultConstructor__16TAboutBoxCommandFv,cw_symbols.raw,2102,constructor,medium
TBattleUnitsView,_DefaultConstructor,(),TBattleUnitsView::_DefaultConstructor(),_DefaultConstructor__16TBattleUnitsViewFv,cw_symbols.raw,2103,constructor,medium
TColorKeyPicture,_DefaultConstructor,(),TColorKeyPicture::_DefaultConstructor(),_DefaultConstructor__16TColorKeyPictureFv,cw_symbols.raw,2104,constructor,medium
TDealBookPicture,_DefaultConstructor,(),TDealBookPicture::_DefaultConstructor(),_DefaultConstructor__16TDealBookPictureFv,cw_symbols.raw,2105,constructor,medium
TDefenseMinister,_DefaultConstructor,(),TDefenseMinister::_DefaultConstructor(),_DefaultConstructor__16TDefenseMinisterFv,cw_symbols.raw,2106,constructor,medium
TDependencySpace,_DefaultConstructor,(),TDependencySpace::_DefaultConstructor(),_DefaultConstructor__16TDependencySpaceFv,cw_symbols.raw,2107,constructor,medium
TForeignMinister,_DefaultConstructor,(),TForeignMinister::_DefaultConstructor(),_DefaultConstructor__16TForeignMinisterFv,cw_symbols.raw,2108,constructor,medium
TGameInfoPicture,_DefaultConstructor,(),TGameInfoPicture::_DefaultConstructor(),_DefaultConstructor__16TGameInfoPictureFv,cw_symbols.raw,2109,constructor,medium
TGameSetupDialog,_DefaultConstructor,(),TGameSetupDialog::_DefaultConstructor(),_DefaultConstructor__16TGameSetupDialogFv,cw_symbols.raw,2110,constructor,medium
THotspotBehavior,_DefaultConstructor,(),THotspotBehavior::_DefaultConstructor(),_DefaultConstructor__16THotspotBehaviorFv,cw_symbols.raw,2111,constructor,medium
TIdleMeAnimation,_DefaultConstructor,(),TIdleMeAnimation::_DefaultConstructor(),_DefaultConstructor__16TIdleMeAnimationFv,cw_symbols.raw,2112,constructor,medium
TIndustryCluster,_DefaultConstructor,(),TIndustryCluster::_DefaultConstructor(),_DefaultConstructor__16TIndustryClusterFv,cw_symbols.raw,2113,constructor,medium
TInfoBarBehavior,_DefaultConstructor,"(void, 8)","TInfoBarBehavior::_DefaultConstructor(void, 8)",_DefaultConstructor__16TInfoBarBehaviorFv8,cw_symbols.raw,2114,constructor,medium
TLoadSavePicture,_DefaultConstructor,(),TLoadSavePicture::_DefaultConstructor(),_DefaultConstructor__16TLoadSavePictureFv,cw_symbols.raw,2117,constructor,medium
TMerchantBoyView,_DefaultConstructor,(),TMerchantBoyView::_DefaultConstructor(),_DefaultConstructor__16TMerchantBoyViewFv,cw_symbols.raw,2118,constructor,medium
TNavyHumanPlayer,_DefaultConstructor,(),TNavyHumanPlayer::_DefaultConstructor(),_DefaultConstructor__16TNavyHumanPlayerFv,cw_symbols.raw,2119,constructor,medium
TNextMoveCommand,_DefaultConstructor,(),TNextMoveCommand::_DefaultConstructor(),_DefaultConstructor__16TNextMoveCommandFv,cw_symbols.raw,2120,constructor,medium
TOffersPanelView,_DefaultConstructor,(),TOffersPanelView::_DefaultConstructor(),_DefaultConstructor__16TOffersPanelViewFv,cw_symbols.raw,2122,constructor,medium
TPlaceCityDialog,_DefaultConstructor,(),TPlaceCityDialog::_DefaultConstructor(),_DefaultConstructor__16TPlaceCityDialogFv,cw_symbols.raw,2123,constructor,medium
TPowerPlantOrder,_DefaultConstructor,(),TPowerPlantOrder::_DefaultConstructor(),_DefaultConstructor__16TPowerPlantOrderFv,cw_symbols.raw,2124,constructor,medium
TProductionOrder,_DefaultConstructor,(),TProductionOrder::_DefaultConstructor(),_DefaultConstructor__16TProductionOrderFv,cw_symbols.raw,2125,constructor,medium
TProxyGreatPower,_DefaultConstructor,(),TProxyGreatPower::_DefaultConstructor(),_DefaultConstructor__16TProxyGreatPowerFv,cw_symbols.raw,2126,constructor,medium
TPurchaseCluster,_DefaultConstructor,(),TPurchaseCluster::_DefaultConstructor(),_DefaultConstructor__16TPurchaseClusterFv,cw_symbols.raw,2127,constructor,medium
TScenarioChooser,_DefaultConstructor,(),TScenarioChooser::_DefaultConstructor(),_DefaultConstructor__16TScenarioChooserFv,cw_symbols.raw,2130,constructor,medium
TShipyardCluster,_DefaultConstructor,(),TShipyardCluster::_DefaultConstructor(),_DefaultConstructor__16TShipyardClusterFv,cw_symbols.raw,2131,constructor,medium
TStdPrintHandler,_DefaultConstructor,(),TStdPrintHandler::_DefaultConstructor(),_DefaultConstructor__16TStdPrintHandlerFv,cw_symbols.raw,2133,constructor,medium
TTechHistoryView,_DefaultConstructor,(),TTechHistoryView::_DefaultConstructor(),_DefaultConstructor__16TTechHistoryViewFv,cw_symbols.raw,2136,constructor,medium
TTradeSchoolView,_DefaultConstructor,(),TTradeSchoolView::_DefaultConstructor(),_DefaultConstructor__16TTradeSchoolViewFv,cw_symbols.raw,2138,constructor,medium
TTradeTotalsLine,_DefaultConstructor,(),TTradeTotalsLine::_DefaultConstructor(),_DefaultConstructor__16TTradeTotalsLineFv,cw_symbols.raw,2139,constructor,medium
TTradeTotalsView,_DefaultConstructor,(),TTradeTotalsView::_DefaultConstructor(),_DefaultConstructor__16TTradeTotalsViewFv,cw_symbols.raw,2140,constructor,medium
TUndoRedoCommand,_DefaultConstructor,(),TUndoRedoCommand::_DefaultConstructor(),_DefaultConstructor__16TUndoRedoCommandFv,cw_symbols.raw,2141,constructor,medium
TAdvanceGameCommand,_DefaultConstructor,(),TAdvanceGameCommand::_DefaultConstructor(),_DefaultConstructor__19TAdvanceGameCommandFv,cw_symbols.raw,2206,constructor,medium
TBufferedFileStream,_DefaultConstructor,(),TBufferedFileStream::_DefaultConstructor(),_DefaultConstructor__19TBufferedFileStreamFv,cw_symbols.raw,2207,constructor,medium
TCityProductionView,_DefaultConstructor,(),TCityProductionView::_DefaultConstructor(),_DefaultConstructor__19TCityProductionViewFv,cw_symbols.raw,2208,constructor,medium
TCloseWindowCommand,_DefaultConstructor,(),TCloseWindowCommand::_DefaultConstructor(),_DefaultConstructor__19TCloseWindowCommandFv,cw_symbols.raw,2209,constructor,medium
TDisappearingButton,_DefaultConstructor,(),TDisappearingButton::_DefaultConstructor(),_DefaultConstructor__19TDisappearingButtonFv,cw_symbols.raw,2210,constructor,medium
TDrawingEnvironment,_DefaultConstructor,(),TDrawingEnvironment::_DefaultConstructor(),_DefaultConstructor__19TDrawingEnvironmentFv,cw_symbols.raw,2211,constructor,medium
TFlagOptionsPicture,_DefaultConstructor,(),TFlagOptionsPicture::_DefaultConstructor(),_DefaultConstructor__19TFlagOptionsPictureFv,cw_symbols.raw,2212,constructor,medium
TInfoBarPictureText,_DefaultConstructor,(),TInfoBarPictureText::_DefaultConstructor(),_DefaultConstructor__19TInfoBarPictureTextFv,cw_symbols.raw,2213,constructor,medium
TJoinSelectorDialog,_DefaultConstructor,(),TJoinSelectorDialog::_DefaultConstructor(),_DefaultConstructor__19TJoinSelectorDialogFv,cw_symbols.raw,2214,constructor,medium
TMapUberUberPicture,_DefaultConstructor,(),TMapUberUberPicture::_DefaultConstructor(),_DefaultConstructor__19TMapUberUberPictureFv,cw_symbols.raw,2215,constructor,medium
TMissionSnooperView,_DefaultConstructor,(),TMissionSnooperView::_DefaultConstructor(),_DefaultConstructor__19TMissionSnooperViewFv,cw_symbols.raw,2216,constructor,medium
TNavyToolbarCluster,_DefaultConstructor,(),TNavyToolbarCluster::_DefaultConstructor(),_DefaultConstructor__19TNavyToolbarClusterFv,cw_symbols.raw,2217,constructor,medium
TNewDocumentCommand,_DefaultConstructor,(),TNewDocumentCommand::_DefaultConstructor(),_DefaultConstructor__19TNewDocumentCommandFv,cw_symbols.raw,2218,constructor,medium
TOverlayRadioButton,_DefaultConstructor,(),TOverlayRadioButton::_DefaultConstructor(),_DefaultConstructor__19TOverlayRadioButtonFv,cw_symbols.raw,2219,constructor,medium
TPictureRadioButton,_DefaultConstructor,(),TPictureRadioButton::_DefaultConstructor(),_DefaultConstructor__19TPictureRadioButtonFv,cw_symbols.raw,2220,constructor,medium
TRadioPictureButton,_DefaultConstructor,(),TRadioPictureButton::_DefaultConstructor(),_DefaultConstructor__19TRadioPictureButtonFv,cw_symbols.raw,2221,constructor,medium
TRelationshipDialog,_DefaultConstructor,(),TRelationshipDialog::_DefaultConstructor(),_DefaultConstructor__19TRelationshipDialogFv,cw_symbols.raw,2222,constructor,medium
TSortedDynamicArray,_DefaultConstructor,(),TSortedDynamicArray::_DefaultConstructor(),_DefaultConstructor__19TSortedDynamicArrayFv,cw_symbols.raw,2223,constructor,medium
TSpecialQuitPicture,_DefaultConstructor,(),TSpecialQuitPicture::_DefaultConstructor(),_DefaultConstructor__19TSpecialQuitPictureFv,cw_symbols.raw,2224,constructor,medium
TTacticalBattleView,_DefaultConstructor,(),TTacticalBattleView::_DefaultConstructor(),_DefaultConstructor__19TTacticalBattleViewFv,cw_symbols.raw,2225,constructor,medium
TTedForeignMinister,_DefaultConstructor,(),TTedForeignMinister::_DefaultConstructor(),_DefaultConstructor__19TTedForeignMinisterFv,cw_symbols.raw,2226,constructor,medium
TTerrainHelpPicture,_DefaultConstructor,(),TTerrainHelpPicture::_DefaultConstructor(),_DefaultConstructor__19TTerrainHelpPictureFv,cw_symbols.raw,2227,constructor,medium
TTradeBidNationLine,_DefaultConstructor,(),TTradeBidNationLine::_DefaultConstructor(),_DefaultConstructor__19TTradeBidNationLineFv,cw_symbols.raw,2228,constructor,medium
TTradeBidNationView,_DefaultConstructor,(),TTradeBidNationView::_DefaultConstructor(),_DefaultConstructor__19TTradeBidNationViewFv,cw_symbols.raw,2229,constructor,medium
TTradePolicyCluster,_DefaultConstructor,(),TTradePolicyCluster::_DefaultConstructor(),_DefaultConstructor__19TTradePolicyClusterFv,cw_symbols.raw,2230,constructor,medium
TTradeScreenPicture,_DefaultConstructor,(),TTradeScreenPicture::_DefaultConstructor(),_DefaultConstructor__19TTradeScreenPictureFv,cw_symbols.raw,2231,constructor,medium
TUnitToolbarCluster,_DefaultConstructor,(),TUnitToolbarCluster::_DefaultConstructor(),_DefaultConstructor__19TUnitToolbarClusterFv,cw_symbols.raw,2232,constructor,medium
TAlwaysPictureButton,_DefaultConstructor,(),TAlwaysPictureButton::_DefaultConstructor(),_DefaultConstructor__20TAlwaysPictureButtonFv,cw_symbols.raw,2233,constructor,medium
TArmsForeignMinister,_DefaultConstructor,(),TArmsForeignMinister::_DefaultConstructor(),_DefaultConstructor__20TArmsForeignMinisterFv,cw_symbols.raw,2234,constructor,medium
TAutomatedPlayDialog,_DefaultConstructor,(),TAutomatedPlayDialog::_DefaultConstructor(),_DefaultConstructor__20TAutomatedPlayDialogFv,cw_symbols.raw,2235,constructor,medium
TBillForeignMinister,_DefaultConstructor,(),TBillForeignMinister::_DefaultConstructor(),_DefaultConstructor__20TBillForeignMinisterFv,cw_symbols.raw,2236,constructor,medium
TClassDescListByName,_DefaultConstructor,(),TClassDescListByName::_DefaultConstructor(),_DefaultConstructor__20TClassDescListByNameFv,cw_symbols.raw,2238,constructor,medium
TDefenseMinisterView,_DefaultConstructor,(),TDefenseMinisterView::_DefaultConstructor(),_DefaultConstructor__20TDefenseMinisterViewFv,cw_symbols.raw,2240,constructor,medium
TFoodProcessingOrder,_DefaultConstructor,(),TFoodProcessingOrder::_DefaultConstructor(),_DefaultConstructor__20TFoodProcessingOrderFv,cw_symbols.raw,2241,constructor,medium
TForeignMinisterView,_DefaultConstructor,(),TForeignMinisterView::_DefaultConstructor(),_DefaultConstructor__20TForeignMinisterViewFv,cw_symbols.raw,2242,constructor,medium
TModalMessageCommand,_DefaultConstructor,"(void, 8)","TModalMessageCommand::_DefaultConstructor(void, 8)",_DefaultConstructor__20TModalMessageCommandFv8,cw_symbols.raw,2243,constructor,medium
TShipFractionCluster,_DefaultConstructor,(),TShipFractionCluster::_DefaultConstructor(),_DefaultConstructor__20TShipFractionClusterFv,cw_symbols.raw,2245,constructor,medium
TTransFocusAnimation,_DefaultConstructor,(),TTransFocusAnimation::_DefaultConstructor(),_DefaultConstructor__20TTransFocusAnimationFv,cw_symbols.raw,2247,constructor,medium
TUpDownPictureButton,_DefaultConstructor,(),TUpDownPictureButton::_DefaultConstructor(),_DefaultConstructor__20TUpDownPictureButtonFv,cw_symbols.raw,2248,constructor,medium
TBook,_DefaultConstructor,(),TBook::_DefaultConstructor(),_DefaultConstructor__5TBookFv,cw_symbols.raw,2259,constructor,medium
TCity,_DefaultConstructor,(),TCity::_DefaultConstructor(),_DefaultConstructor__5TCityFv,cw_symbols.raw,2260,constructor,medium
TShip,_DefaultConstructor,(),TShip::_DefaultConstructor(),_DefaultConstructor__5TShipFv,cw_symbols.raw,2264,constructor,medium
TTask,_DefaultConstructor,(),TTask::_DefaultConstructor(),_DefaultConstructor__5TTaskFv,cw_symbols.raw,2265,constructor,medium
TTown,_DefaultConstructor,(),TTown::_DefaultConstructor(),_DefaultConstructor__5TTownFv,cw_symbols.raw,2266,constructor,medium
TUnit,_DefaultConstructor,(),TUnit::_DefaultConstructor(),_DefaultConstructor__5TUnitFv,cw_symbols.raw,2267,constructor,medium
TView,_DefaultConstructor,(),TView::_DefaultConstructor(),_DefaultConstructor__5TViewFv,cw_symbols.raw,2268,constructor,medium
TZone,_DefaultConstructor,(),TZone::_DefaultConstructor(),_DefaultConstructor__5TZoneFv,cw_symbols.raw,2269,constructor,medium
TAnimator,_DefaultConstructor,(),TAnimator::_DefaultConstructor(),_DefaultConstructor__9TAnimatorFv,cw_symbols.raw,2311,constructor,medium
TAssetMgr,_DefaultConstructor,(),TAssetMgr::_DefaultConstructor(),_DefaultConstructor__9TAssetMgrFv,cw_symbols.raw,2312,constructor,medium
TBehavior,_DefaultConstructor,(),TBehavior::_DefaultConstructor(),_DefaultConstructor__9TBehaviorFv,cw_symbols.raw,2313,constructor,medium
TCheckBox,_DefaultConstructor,(),TCheckBox::_DefaultConstructor(),_DefaultConstructor__9TCheckBoxFv,cw_symbols.raw,2314,constructor,medium
TCityTask,_DefaultConstructor,(),TCityTask::_DefaultConstructor(),_DefaultConstructor__9TCityTaskFv,cw_symbols.raw,2315,constructor,medium
TCmdTable,_DefaultConstructor,(),TCmdTable::_DefaultConstructor(),_DefaultConstructor__9TCmdTableFv,cw_symbols.raw,2316,constructor,medium
TDealList,_DefaultConstructor,(),TDealList::_DefaultConstructor(),_DefaultConstructor__9TDealListFv,cw_symbols.raw,2319,constructor,medium
TDocument,_DefaultConstructor,(),TDocument::_DefaultConstructor(),_DefaultConstructor__9TDocumentFv,cw_symbols.raw,2320,constructor,medium
TEditText,_DefaultConstructor,(),TEditText::_DefaultConstructor(),_DefaultConstructor__9TEditTextFv,cw_symbols.raw,2321,constructor,medium
TFuzzySet,_DefaultConstructor,(),TFuzzySet::_DefaultConstructor(),_DefaultConstructor__9TFuzzySetFv,cw_symbols.raw,2322,constructor,medium
TFuzzyVar,_DefaultConstructor,(),TFuzzyVar::_DefaultConstructor(),_DefaultConstructor__9TFuzzyVarFv,cw_symbols.raw,2323,constructor,medium
THQButton,_DefaultConstructor,(),THQButton::_DefaultConstructor(),_DefaultConstructor__9THQButtonFv,cw_symbols.raw,2325,constructor,medium
TLineData,_DefaultConstructor,(),TLineData::_DefaultConstructor(),_DefaultConstructor__9TLineDataFv,cw_symbols.raw,2326,constructor,medium
TMapMaker,_DefaultConstructor,(),TMapMaker::_DefaultConstructor(),_DefaultConstructor__9TMapMakerFv,cw_symbols.raw,2327,constructor,medium
TMinister,_DefaultConstructor,(),TMinister::_DefaultConstructor(),_DefaultConstructor__9TMinisterFv,cw_symbols.raw,2328,constructor,medium
TRunArray,_DefaultConstructor,(),TRunArray::_DefaultConstructor(),_DefaultConstructor__9TRunArrayFv,cw_symbols.raw,2331,constructor,medium
TScroller,_DefaultConstructor,(),TScroller::_DefaultConstructor(),_DefaultConstructor__9TScrollerFv,cw_symbols.raw,2332,constructor,medium
TShipView,_DefaultConstructor,(),TShipView::_DefaultConstructor(),_DefaultConstructor__9TShipViewFv,cw_symbols.raw,2334,constructor,medium
TTaskList,_DefaultConstructor,(),TTaskList::_DefaultConstructor(),_DefaultConstructor__9TTaskListFv,cw_symbols.raw,2335,constructor,medium
TTradeMgr,_DefaultConstructor,(),TTradeMgr::_DefaultConstructor(),_DefaultConstructor__9TTradeMgrFv,cw_symbols.raw,2338,constructor,medium
TPictureRadioButton,DefaultSize,(unsigned char),TPictureRadioButton::DefaultSize(unsigned char),DefaultSize__19TPictureRadioButtonFUc,cw_symbols.raw,2341,method,medium
TGreatPower:,DefenseMinisterNonBorderHonorAlliance,"(long, long, unsigned char)","TGreatPower:::DefenseMinisterNonBorderHonorAlliance(long, long, unsigned char)",:.DefenseMinisterNonBorderHonorAlliance__11TGreatPowerFllUc,cw_symbols.raw,2346,method,medium
TMultiplayerMgr,DehumanizePlayer,(int),TMultiplayerMgr::DehumanizePlayer(int),DehumanizePlayer__15TMultiplayerMgrFi,cw_symbols.raw,2350,method,medium
TGridView,DelColFirst,(short),TGridView::DelColFirst(short),DelColFirst__9TGridViewFs,cw_symbols.raw,2352,method,medium
TSortedPtrList,DeleteAll,(),TSortedPtrList::DeleteAll(),DeleteAll__14TSortedPtrListFv,cw_symbols.raw,2362,method,medium
TCmdTable,DeleteCmdAndUpdateTable,(long),TCmdTable::DeleteCmdAndUpdateTable(long),DeleteCmdAndUpdateTable__9TCmdTableFl,cw_symbols.raw,2363,method,medium
TAppleEvent,DeleteParameter,(unsigned long),TAppleEvent::DeleteParameter(unsigned long),DeleteParameter__11TAppleEventFUl,cw_symbols.raw,2369,method,medium
TTextListView,DelItemAt,"(short, short)","TTextListView::DelItemAt(short, short)",DelItemAt__13TTextListViewFss,cw_symbols.raw,2375,method,medium
TGridView,DelRowFirst,(short),TGridView::DelRowFirst(short),DelRowFirst__9TGridViewFs,cw_symbols.raw,2381,method,medium
TArmyMgr,DeploySelectedArmies,(short),TArmyMgr::DeploySelectedArmies(short),DeploySelectedArmies__8TArmyMgrFs,cw_symbols.raw,2389,method,medium
TList,Dequeue,(),TList::Dequeue(),Dequeue__5TListFv,cw_symbols.raw,2394,method,medium
TMapMaker,DesertBand,"(long, long)","TMapMaker::DesertBand(long, long)",DesertBand__9TMapMakerFll,cw_symbols.raw,2399,method,medium
TPortZone,DetachNeighbors,(),TPortZone::DetachNeighbors(),DetachNeighbors__9TPortZoneFv,cw_symbols.raw,2404,method,medium
TApplication,DidEvent,(TToolboxEvent*),TApplication::DidEvent(TToolboxEvent*),DidEvent__12TApplicationFP13TToolboxEvent,cw_symbols.raw,2409,method,medium
MemoryHook,DidRealloc,"(void*, unsigned long)","MemoryHook::DidRealloc(void*, unsigned long)",DidRealloc__10MemoryHookFPvUl,cw_symbols.raw,2411,method,medium
TIdleMeAnimation,Die,(),TIdleMeAnimation::Die(),Die__16TIdleMeAnimationFv,cw_symbols.raw,2412,method,medium
TMapMgr,DimByMining,(TUnit*),TMapMgr::DimByMining(TUnit*),DimByMining__7TMapMgrFP5TUnit,cw_symbols.raw,2423,method,medium
TNetMgr,DiscardPlayer,(int),TNetMgr::DiscardPlayer(int),DiscardPlayer__7TNetMgrFi,cw_symbols.raw,2437,method,medium
TCityInteriorMinister,DispatchMiners,(),TCityInteriorMinister::DispatchMiners(),DispatchMiners__21TCityInteriorMinisterFv,cw_symbols.raw,2446,method,medium
TGPCheater,DisplayGP,(long),TGPCheater::DisplayGP(long),DisplayGP__10TGPCheaterFl,cw_symbols.raw,2447,method,medium
TMapUberPicture,DisplayInfo,(unsigned char),TMapUberPicture::DisplayInfo(unsigned char),DisplayInfo__15TMapUberPictureFUc,cw_symbols.raw,2448,method,medium
MemoryHeap,operator delete,(void*),MemoryHeap::operator delete(void*),__dl__10MemoryHeapFPv,cw_symbols.raw,2451,method,medium
CArrayIterator,operator delete,(void*),CArrayIterator::operator delete(void*),__dl__14CArrayIteratorFPv,cw_symbols.raw,2452,method,medium
TObject,operator delete,(void*),TObject::operator delete(void*),__dl__7TObjectFPv,cw_symbols.raw,2454,method,medium
TAmbitApplication,DoAboutBox,(),TAmbitApplication::DoAboutBox(),DoAboutBox__17TAmbitApplicationFv,cw_symbols.raw,2456,method,medium
TTEView,DoBreakFollowing,"(signed char, long, unsigned char&)","TTEView::DoBreakFollowing(signed char, long, unsigned char&)",DoBreakFollowing__7TTEViewFSclRUc,cw_symbols.raw,2465,method,medium
TView,DoCalcPageStrips,"(VPoint&, 8)","TView::DoCalcPageStrips(VPoint&, 8)",DoCalcPageStrips__5TViewFR6VPoint8,cw_symbols.raw,2467,method,medium
TGreatPower,DoCityProduction,(),TGreatPower::DoCityProduction(),DoCityProduction__11TGreatPowerFv,cw_symbols.raw,2473,method,medium
TRailheadDialog,DoClosingAction,(unsigned long),TRailheadDialog::DoClosingAction(unsigned long),DoClosingAction__15TRailheadDialogFUl,cw_symbols.raw,2477,method,medium
TBuildingExpansionView,DoClosingAction,(unsigned long),TBuildingExpansionView::DoClosingAction(unsigned long),DoClosingAction__22TBuildingExpansionViewFUl,cw_symbols.raw,2478,method,medium
TViewServer:,DoCreateViews,"(TDocument*, TView*, short, const VPoint&)","TViewServer:::DoCreateViews(TDocument*, TView*, short, const VPoint&)",:.DoCreateViews__11TViewServerFP9TDocumentP5TViewsRC6VPoint,cw_symbols.raw,2482,method,medium
TForeignMinister,DoDevelopmentGrants,(),TForeignMinister::DoDevelopmentGrants(),DoDevelopmentGrants__16TForeignMinisterFv,cw_symbols.raw,2483,method,medium
TForeignMinisterView:,DoEvent,"(long, TEventHandler*, TEvent*)","TForeignMinisterView:::DoEvent(long, TEventHandler*, TEvent*)",:.DoEvent__20TForeignMinisterViewFlP13TEventHandlerP6TEvent,cw_symbols.raw,2488,method,medium
TShipFractionCluster:,DoEvent,"(long, TEventHandler*, TEvent*)","TShipFractionCluster:::DoEvent(long, TEventHandler*, TEvent*)",:.DoEvent__20TShipFractionClusterFlP13TEventHandlerP6TEvent,cw_symbols.raw,2489,method,medium
TBook,DoEvent,"(long, TEventHandler*, TEvent*)","TBook::DoEvent(long, TEventHandler*, TEvent*)",DoEvent__5TBookFlP13TEventHandlerP6TEvent,cw_symbols.raw,2495,method,medium
TCluster,DoEvent,"(long, TEventHandler*, TEvent*)","TCluster::DoEvent(long, TEventHandler*, TEvent*)",DoEvent__8TClusterFlP13TEventHandlerP6TEvent,cw_symbols.raw,2499,method,medium
TControl,DoEvent,"(long, TEventHandler*, TEvent*)","TControl::DoEvent(long, TEventHandler*, TEvent*)",DoEvent__8TControlFlP13TEventHandlerP6TEvent,cw_symbols.raw,2500,method,medium
TCheckBox,DoEvent,"(long, TEventHandler*, TEvent*)","TCheckBox::DoEvent(long, TEventHandler*, TEvent*)",DoEvent__9TCheckBoxFlP13TEventHandlerP6TEvent,cw_symbols.raw,2502,method,medium
TCzechBox,DoEvent,"(long, TEventHandler*, TEvent*)","TCzechBox::DoEvent(long, TEventHandler*, TEvent*)",DoEvent__9TCzechBoxFlP13TEventHandlerP6TEvent,cw_symbols.raw,2503,method,medium
THQButton,DoEvent,"(long, TEventHandler*, TEvent*)","THQButton::DoEvent(long, TEventHandler*, TEvent*)",DoEvent__9THQButtonFlP13TEventHandlerP6TEvent,cw_symbols.raw,2504,method,medium
TShipView,DoEvent,"(long, TEventHandler*, TEvent*)","TShipView::DoEvent(long, TEventHandler*, TEvent*)",DoEvent__9TShipViewFlP13TEventHandlerP6TEvent,cw_symbols.raw,2505,method,medium
TTedForeignMinister,DoFirstTurnDiplomacy,(),TTedForeignMinister::DoFirstTurnDiplomacy(),DoFirstTurnDiplomacy__19TTedForeignMinisterFv,cw_symbols.raw,2507,method,medium
TMultiplayerMgr,DoHandleMessages,(),TMultiplayerMgr::DoHandleMessages(),DoHandleMessages__15TMultiplayerMgrFv,cw_symbols.raw,2512,method,medium
TAnimator,DoIdle,(IdlePhase),TAnimator::DoIdle(IdlePhase),DoIdle__9TAnimatorF9IdlePhase,cw_symbols.raw,2524,method,medium
BestFitHeap,DoIsValidBlock,(void*) const,BestFitHeap::DoIsValidBlock(void*) const,DoIsValidBlock__11BestFitHeapCFPv,cw_symbols.raw,2532,method,medium
TNewGameCommand,DoIt,(),TNewGameCommand::DoIt(),DoIt__15TNewGameCommandFv,cw_symbols.raw,2540,method,medium
TSaveDocCommand,DoIt,(),TSaveDocCommand::DoIt(),DoIt__15TSaveDocCommandFv,cw_symbols.raw,2541,method,medium
TTEStyleCommand,DoIt,(),TTEStyleCommand::DoIt(),DoIt__15TTEStyleCommandFv,cw_symbols.raw,2542,method,medium
TAdvanceGameCommand,DoIt,(),TAdvanceGameCommand::DoIt(),DoIt__19TAdvanceGameCommandFv,cw_symbols.raw,2553,method,medium
TCloseWindowCommand,DoIt,(),TCloseWindowCommand::DoIt(),DoIt__19TCloseWindowCommandFv,cw_symbols.raw,2554,method,medium
TNewDocumentCommand,DoIt,(),TNewDocumentCommand::DoIt(),DoIt__19TNewDocumentCommandFv,cw_symbols.raw,2555,method,medium
TNextDiplomationCommand,DoIt,(),TNextDiplomationCommand::DoIt(),DoIt__23TNextDiplomationCommandFv,cw_symbols.raw,2558,method,medium
TCommand,DoIt,(),TCommand::DoIt(),DoIt__8TCommandFv,cw_symbols.raw,2560,method,medium
TEventHandler,DoKeyEvent,(TToolboxEvent*),TEventHandler::DoKeyEvent(TToolboxEvent*),DoKeyEvent__13TEventHandlerFP13TToolboxEvent,cw_symbols.raw,2564,method,medium
TTabber,DoKeyEvent,(TToolboxEvent*),TTabber::DoKeyEvent(TToolboxEvent*),DoKeyEvent__7TTabberFP13TToolboxEvent,cw_symbols.raw,2567,method,medium
TTEView,DoKeyEvent,(TToolboxEvent*),TTEView::DoKeyEvent(TToolboxEvent*),DoKeyEvent__7TTEViewFP13TToolboxEvent,cw_symbols.raw,2568,method,medium
TEventHandler,DoKeyUp,(TToolboxEvent*),TEventHandler::DoKeyUp(TToolboxEvent*),DoKeyUp__13TEventHandlerFP13TToolboxEvent,cw_symbols.raw,2573,method,medium
TAmbitApplication,DoMakeDocument,"(long, TFile*)","TAmbitApplication::DoMakeDocument(long, TFile*)",DoMakeDocument__17TAmbitApplicationFlP5TFile,cw_symbols.raw,2578,method,medium
TAmbitApplication,DoMakeFile,(long),TAmbitApplication::DoMakeFile(long),DoMakeFile__17TAmbitApplicationFl,cw_symbols.raw,2581,method,medium
TView,DoMakeNewDrawingEnvironment,(),TView::DoMakeNewDrawingEnvironment(),DoMakeNewDrawingEnvironment__5TViewFv,cw_symbols.raw,2583,method,medium
TAmbitFileBasedDocument,DoMakeViews,(unsigned char),TAmbitFileBasedDocument::DoMakeViews(unsigned char),DoMakeViews__23TAmbitFileBasedDocumentFUc,cw_symbols.raw,2586,method,medium
TPrintMenuBehavior,DoMenuCommand,(long),TPrintMenuBehavior::DoMenuCommand(long),DoMenuCommand__18TPrintMenuBehaviorFl,cw_symbols.raw,2596,method,medium
TTEView,DoMenuCommand,(long),TTEView::DoMenuCommand(long),DoMenuCommand__7TTEViewFl,cw_symbols.raw,2597,method,medium
TWindow,DoMenuCommand,(long),TWindow::DoMenuCommand(long),DoMenuCommand__7TWindowFl,cw_symbols.raw,2598,method,medium
TControl:,DoMouseCommand,"(VPoint&, TToolboxEvent*, CPoint)","TControl:::DoMouseCommand(VPoint&, TToolboxEvent*, CPoint)",:.DoMouseCommand__8TControlFR6VPointP13TToolboxEvent6CPoint,cw_symbols.raw,2605,method,medium
TEventHandler,DoMultiClick,"(CPoint, CPoint)","TEventHandler::DoMultiClick(CPoint, CPoint)",DoMultiClick__13TEventHandlerF6CPoint6CPoint,cw_symbols.raw,2610,method,medium
TArmyCheckBox,DoPostCreate,(TDocument*),TArmyCheckBox::DoPostCreate(TDocument*),DoPostCreate__13TArmyCheckBoxFP9TDocument,cw_symbols.raw,2637,method,medium
TCitySiteView,DoPostCreate,(TDocument*),TCitySiteView::DoPostCreate(TDocument*),DoPostCreate__13TCitySiteViewFP9TDocument,cw_symbols.raw,2638,method,medium
TNumberedIcon,DoPostCreate,(TDocument*),TNumberedIcon::DoPostCreate(TDocument*),DoPostCreate__13TNumberedIconFP9TDocument,cw_symbols.raw,2640,method,medium
TQueryFloater,DoPostCreate,(TDocument*),TQueryFloater::DoPostCreate(TDocument*),DoPostCreate__13TQueryFloaterFP9TDocument,cw_symbols.raw,2641,method,medium
TTradeCluster,DoPostCreate,(TDocument*),TTradeCluster::DoPostCreate(TDocument*),DoPostCreate__13TTradeClusterFP9TDocument,cw_symbols.raw,2642,method,medium
TTreatiesView,DoPostCreate,(TDocument*),TTreatiesView::DoPostCreate(TDocument*),DoPostCreate__13TTreatiesViewFP9TDocument,cw_symbols.raw,2644,method,medium
TGameInfoPicture,DoPostCreate,(TDocument*),TGameInfoPicture::DoPostCreate(TDocument*),DoPostCreate__16TGameInfoPictureFP9TDocument,cw_symbols.raw,2660,method,medium
TIndustryCluster,DoPostCreate,(TDocument*),TIndustryCluster::DoPostCreate(TDocument*),DoPostCreate__16TIndustryClusterFP9TDocument,cw_symbols.raw,2661,method,medium
TLoadSavePicture,DoPostCreate,(TDocument*),TLoadSavePicture::DoPostCreate(TDocument*),DoPostCreate__16TLoadSavePictureFP9TDocument,cw_symbols.raw,2662,method,medium
TOffersPanelView,DoPostCreate,(TDocument*),TOffersPanelView::DoPostCreate(TDocument*),DoPostCreate__16TOffersPanelViewFP9TDocument,cw_symbols.raw,2663,method,medium
TScenarioChooser,DoPostCreate,(TDocument*),TScenarioChooser::DoPostCreate(TDocument*),DoPostCreate__16TScenarioChooserFP9TDocument,cw_symbols.raw,2664,method,medium
TShipyardCluster,DoPostCreate,(TDocument*),TShipyardCluster::DoPostCreate(TDocument*),DoPostCreate__16TShipyardClusterFP9TDocument,cw_symbols.raw,2665,method,medium
TTacticalToolbar,DoPostCreate,(TDocument*),TTacticalToolbar::DoPostCreate(TDocument*),DoPostCreate__16TTacticalToolbarFP9TDocument,cw_symbols.raw,2666,method,medium
TBattleReportView,DoPostCreate,(TDocument*),TBattleReportView::DoPostCreate(TDocument*),DoPostCreate__17TBattleReportViewFP9TDocument,cw_symbols.raw,2667,method,medium
TDiplomacyMapView,DoPostCreate,(TDocument*),TDiplomacyMapView::DoPostCreate(TDocument*),DoPostCreate__17TDiplomacyMapViewFP9TDocument,cw_symbols.raw,2668,method,medium
TGameSetupPicture,DoPostCreate,(TDocument*),TGameSetupPicture::DoPostCreate(TDocument*),DoPostCreate__17TGameSetupPictureFP9TDocument,cw_symbols.raw,2670,method,medium
TMilitaryPageView,DoPostCreate,(TDocument*),TMilitaryPageView::DoPostCreate(TDocument*),DoPostCreate__17TMilitaryPageViewFP9TDocument,cw_symbols.raw,2671,method,medium
TOfferDeskPicture,DoPostCreate,(TDocument*),TOfferDeskPicture::DoPostCreate(TDocument*),DoPostCreate__17TOfferDeskPictureFP9TDocument,cw_symbols.raw,2673,method,medium
TOffLimitsPicture,DoPostCreate,(TDocument*),TOffLimitsPicture::DoPostCreate(TDocument*),DoPostCreate__17TOffLimitsPictureFP9TDocument,cw_symbols.raw,2674,method,medium
TRadioTextCluster,DoPostCreate,(TDocument*),TRadioTextCluster::DoPostCreate(TDocument*),DoPostCreate__17TRadioTextClusterFP9TDocument,cw_symbols.raw,2675,method,medium
TRadio,DoPostCreate,(TDocument*),TRadio::DoPostCreate(TDocument*),DoPostCreate__6TRadioFP9TDocument,cw_symbols.raw,2681,method,medium
TFileHandler,DoRead,(unsigned char),TFileHandler::DoRead(unsigned char),DoRead__12TFileHandlerFUc,cw_symbols.raw,2694,method,medium
TWorldView,DoSetCursor,"(const VPoint&, Region**)","TWorldView::DoSetCursor(const VPoint&, Region**)",DoSetCursor__10TWorldViewFRC6VPointPP6Region,cw_symbols.raw,2708,method,medium
TApplication,DoSetCursor,"(CPoint, Region**)","TApplication::DoSetCursor(CPoint, Region**)",DoSetCursor__12TApplicationF6CPointPP6Region,cw_symbols.raw,2709,method,medium
TView,DoSetPageOffset,(const VPoint&),TView::DoSetPageOffset(const VPoint&),DoSetPageOffset__5TViewFRC6VPoint,cw_symbols.raw,2712,method,medium
TView,DoShowHelp,"(const VPoint&, Region**)","TView::DoShowHelp(const VPoint&, Region**)",DoShowHelp__5TViewFRC6VPointPP6Region,cw_symbols.raw,2725,method,medium
TWarehouseView,DoStartup,(),TWarehouseView::DoStartup(),DoStartup__14TWarehouseViewFv,cw_symbols.raw,2731,method,medium
TNavyMgr,DoTileClick,"(short, short)","TNavyMgr::DoTileClick(short, short)",DoTileClick__8TNavyMgrFss,cw_symbols.raw,2738,method,medium
TCityInteriorMinister,DoTraining,(),TCityInteriorMinister::DoTraining(),DoTraining__21TCityInteriorMinisterFv,cw_symbols.raw,2741,method,medium
TObject:,DoUpdate,"(long, TObject*, TObject*, TDependencySpace*)","TObject:::DoUpdate(long, TObject*, TObject*, TDependencySpace*)",:.DoUpdate__7TObjectFlP7TObjectP7TObjectP16TDependencySpace,cw_symbols.raw,2743,method,medium
TFileHandler,DoWrite,"(TFile*, unsigned char)","TFileHandler::DoWrite(TFile*, unsigned char)",DoWrite__12TFileHandlerFP5TFileUc,cw_symbols.raw,2748,method,medium
TAmbitFileBasedDocument,DoWrite,"(TFile*, unsigned char)","TAmbitFileBasedDocument::DoWrite(TFile*, unsigned char)",DoWrite__23TAmbitFileBasedDocumentFP5TFileUc,cw_symbols.raw,2750,method,medium
TArmyBoyView,Draw,(const VRect&),TArmyBoyView::Draw(const VRect&),Draw__12TArmyBoyViewFRC5VRect,cw_symbols.raw,2760,method,medium
TItemBoyView,Draw,(const VRect&),TItemBoyView::Draw(const VRect&),Draw__12TItemBoyViewFRC5VRect,cw_symbols.raw,2763,method,medium
TMegaPicture,Draw,(const VRect&),TMegaPicture::Draw(const VRect&),Draw__12TMegaPictureFRC5VRect,cw_symbols.raw,2764,method,medium
TMiniMapView,Draw,(const VRect&),TMiniMapView::Draw(const VRect&),Draw__12TMiniMapViewFRC5VRect,cw_symbols.raw,2765,method,medium
TNavyBoyView,Draw,(const VRect&),TNavyBoyView::Draw(const VRect&),Draw__12TNavyBoyViewFRC5VRect,cw_symbols.raw,2766,method,medium
TOceanDialog,Draw,(const VRect&),TOceanDialog::Draw(const VRect&),Draw__12TOceanDialogFRC5VRect,cw_symbols.raw,2767,method,medium
TShipPlacard,Draw,(const VRect&),TShipPlacard::Draw(const VRect&),Draw__12TShipPlacardFRC5VRect,cw_symbols.raw,2769,method,medium
TTacArmyView,Draw,(const VRect&),TTacArmyView::Draw(const VRect&),Draw__12TTacArmyViewFRC5VRect,cw_symbols.raw,2770,method,medium
TEraseAdorner,Draw,"(TView*, const VRect&)","TEraseAdorner::Draw(TView*, const VRect&)",Draw__13TEraseAdornerFP5TViewRC5VRect,cw_symbols.raw,2773,method,medium
TFrameAdorner,Draw,"(TView*, const VRect&)","TFrameAdorner::Draw(TView*, const VRect&)",Draw__13TFrameAdornerFP5TViewRC5VRect,cw_symbols.raw,2774,method,medium
TRRectAdorner,Draw,"(TView*, const VRect&)","TRRectAdorner::Draw(TView*, const VRect&)",Draw__13TRRectAdornerFP5TViewRC5VRect,cw_symbols.raw,2778,method,medium
TColorKeyPicture,Draw,(const VRect&),TColorKeyPicture::Draw(const VRect&),Draw__16TColorKeyPictureFRC5VRect,cw_symbols.raw,2802,method,medium
TInterruptusView,Draw,(const VRect&),TInterruptusView::Draw(const VRect&),Draw__16TInterruptusViewFRC5VRect,cw_symbols.raw,2803,method,medium
TMerchantBoyView,Draw,(const VRect&),TMerchantBoyView::Draw(const VRect&),Draw__16TMerchantBoyViewFRC5VRect,cw_symbols.raw,2805,method,medium
TPlaceCityDialog,Draw,(const VRect&),TPlaceCityDialog::Draw(const VRect&),Draw__16TPlaceCityDialogFRC5VRect,cw_symbols.raw,2806,method,medium
TTacticalToolbar,Draw,(const VRect&),TTacticalToolbar::Draw(const VRect&),Draw__16TTacticalToolbarFRC5VRect,cw_symbols.raw,2808,method,medium
TTradeTotalsView,Draw,(const VRect&),TTradeTotalsView::Draw(const VRect&),Draw__16TTradeTotalsViewFRC5VRect,cw_symbols.raw,2809,method,medium
TLineRightAdorner,Draw,"(TView*, const VRect&)","TLineRightAdorner::Draw(TView*, const VRect&)",Draw__17TLineRightAdornerFP5TViewRC5VRect,cw_symbols.raw,2814,method,medium
TCompatibilityAdorner,Draw,"(TView*, const VRect&)","TCompatibilityAdorner::Draw(TView*, const VRect&)",Draw__21TCompatibilityAdornerFP5TViewRC5VRect,cw_symbols.raw,2826,method,medium
TShadowedFrameAdorner,Draw,"(TView*, const VRect&)","TShadowedFrameAdorner::Draw(TView*, const VRect&)",Draw__21TShadowedFrameAdornerFP5TViewRC5VRect,cw_symbols.raw,2828,method,medium
TIcon,Draw,(const VRect&),TIcon::Draw(const VRect&),Draw__5TIconFRC5VRect,cw_symbols.raw,2831,method,medium
TView,Draw,(const VRect&),TView::Draw(const VRect&),Draw__5TViewFRC5VRect,cw_symbols.raw,2832,method,medium
TBehavior,Draw,(const VRect&),TBehavior::Draw(const VRect&),Draw__9TBehaviorFRC5VRect,cw_symbols.raw,2844,method,medium
TGridView,Draw,(const VRect&),TGridView::Draw(const VRect&),Draw__9TGridViewFRC5VRect,cw_symbols.raw,2845,method,medium
TTextList,Draw,(const VRect&),TTextList::Draw(const VRect&),Draw__9TTextListFRC5VRect,cw_symbols.raw,2847,method,medium
TView,DrawAdorners,(const VRect&),TView::DrawAdorners(const VRect&),DrawAdorners__5TViewFRC5VRect,cw_symbols.raw,2848,method,medium
TStatusPicture,DrawBar,"(short, short, short)","TStatusPicture::DrawBar(short, short, short)",DrawBar__14TStatusPictureFsss,cw_symbols.raw,2854,method,medium
TMapDialog,DrawBorderA,"(short, short, short)","TMapDialog::DrawBorderA(short, short, short)",DrawBorderA__10TMapDialogFsss,cw_symbols.raw,2856,method,medium
TMapDialog,DrawBorderB,"(short, short, short)","TMapDialog::DrawBorderB(short, short, short)",DrawBorderB__10TMapDialogFsss,cw_symbols.raw,2857,method,medium
TMapDialog,DrawBorderC,"(short, short, short)","TMapDialog::DrawBorderC(short, short, short)",DrawBorderC__10TMapDialogFsss,cw_symbols.raw,2858,method,medium
TMapDialog,DrawBorderD,"(short, short, short)","TMapDialog::DrawBorderD(short, short, short)",DrawBorderD__10TMapDialogFsss,cw_symbols.raw,2859,method,medium
TMapDialog,DrawBorderE,"(short, short, short)","TMapDialog::DrawBorderE(short, short, short)",DrawBorderE__10TMapDialogFsss,cw_symbols.raw,2860,method,medium
TMapDialog,DrawBorderF,"(short, short, short)","TMapDialog::DrawBorderF(short, short, short)",DrawBorderF__10TMapDialogFsss,cw_symbols.raw,2861,method,medium
TMapDialog,DrawBorderG,"(short, short, short)","TMapDialog::DrawBorderG(short, short, short)",DrawBorderG__10TMapDialogFsss,cw_symbols.raw,2862,method,medium
TMapDialog,DrawBorderJ,"(short, short, short)","TMapDialog::DrawBorderJ(short, short, short)",DrawBorderJ__10TMapDialogFsss,cw_symbols.raw,2865,method,medium
TTextGridView,DrawCell,"(CPoint, const VRect&)","TTextGridView::DrawCell(CPoint, const VRect&)",DrawCell__13TTextGridViewF6CPointRC5VRect,cw_symbols.raw,2866,method,medium
TCivDescription,DrawDeveloper,(const VRect&),TCivDescription::DrawDeveloper(const VRect&),DrawDeveloper__15TCivDescriptionFRC5VRect,cw_symbols.raw,2871,method,medium
TOceanDialog,DrawFleet,"(short, const CRect&, unsigned char)","TOceanDialog::DrawFleet(short, const CRect&, unsigned char)",DrawFleet__12TOceanDialogFsRC5CRectUc,cw_symbols.raw,2873,method,medium
TPictureButton,DrawImmediate,(),TPictureButton::DrawImmediate(),DrawImmediate__14TPictureButtonFv,cw_symbols.raw,2880,method,medium
TMapKey,DrawInfoPanel,(),TMapKey::DrawInfoPanel(),DrawInfoPanel__7TMapKeyFv,cw_symbols.raw,2884,method,medium
TIconSlider,DrawKnob,(),TIconSlider::DrawKnob(),DrawKnob__11TIconSliderFv,cw_symbols.raw,2885,method,medium
TCluster,DrawLabel,(const VRect&),TCluster::DrawLabel(const VRect&),DrawLabel__8TClusterFRC5VRect,cw_symbols.raw,2886,method,medium
TAdorner,DrawLine,"(signed char, short, short, short)","TAdorner::DrawLine(signed char, short, short, short)",DrawLine__8TAdornerFScsss,cw_symbols.raw,2889,method,medium
TFocusAnimation,DrawNextFrame,(VPoint&),TFocusAnimation::DrawNextFrame(VPoint&),DrawNextFrame__15TFocusAnimationFR6VPoint,cw_symbols.raw,2895,method,medium
TMapDialog,DrawOneTile,"(short, short, short)","TMapDialog::DrawOneTile(short, short, short)",DrawOneTile__10TMapDialogFsss,cw_symbols.raw,2897,method,medium
TPrintHandler,DrawPageBreak,"(signed char, long, long, unsigned char, 8)","TPrintHandler::DrawPageBreak(signed char, long, long, unsigned char, 8)",DrawPageBreak__13TPrintHandlerFScllUc8,cw_symbols.raw,2898,method,medium
TMapDialog,DrawSeaZoneBorders,"(char, short, short, short)","TMapDialog::DrawSeaZoneBorders(char, short, short, short)",DrawSeaZoneBorders__10TMapDialogFcsss,cw_symbols.raw,2908,method,medium
TTacArmyView,DrawTile,"(long, CRect&)","TTacArmyView::DrawTile(long, CRect&)",DrawTile__12TTacArmyViewFlR5CRect,cw_symbols.raw,2912,method,medium
TCityProductionView,DrawTopLevel,(),TCityProductionView::DrawTopLevel(),DrawTopLevel__19TCityProductionViewFv,cw_symbols.raw,2914,method,medium
TOceanDialog,DrawUnit,"(TUnit*, short, short, unsigned char, short)","TOceanDialog::DrawUnit(TUnit*, short, short, unsigned char, short)",DrawUnit__12TOceanDialogFP5TUnitssUcs,cw_symbols.raw,2917,method,medium
BestFitHeap,~BestFitHeap,(),BestFitHeap::~BestFitHeap(),__dt__11BestFitHeapFv,cw_symbols.raw,2924,destructor,medium
CObjectIterator,~CObjectIterator,"(void, 8)","CObjectIterator::~CObjectIterator(void, 8)",__dt__15CObjectIteratorFv8,cw_symbols.raw,2933,destructor,medium
CWindowIterator,~CWindowIterator,(),CWindowIterator::~CWindowIterator(),__dt__15CWindowIteratorFv,cw_symbols.raw,2934,destructor,medium
CDependencyIterator,~CDependencyIterator,(),CDependencyIterator::~CDependencyIterator(),__dt__19CDependencyIteratorFv,cw_symbols.raw,2946,destructor,medium
stretch<SeaSegment>,~stretch,(),stretch<SeaSegment>::~stretch(),__dt__21stretch<10SeaSegment>Fv,cw_symbols.raw,2947,destructor,medium
CWhileOutlinePreferred,~CWhileOutlinePreferred,(),CWhileOutlinePreferred::~CWhileOutlinePreferred(),__dt__22CWhileOutlinePreferredFv,cw_symbols.raw,2948,destructor,medium
FailInfo,~FailInfo,(),FailInfo::~FailInfo(),__dt__8FailInfoFv,cw_symbols.raw,2950,destructor,medium
Snapshot,~Snapshot,(),Snapshot::~Snapshot(),__dt__8SnapshotFv,cw_symbols.raw,2951,destructor,medium
TTaskForce,ElectFlagship,(),TTaskForce::ElectFlagship(),ElectFlagship__10TTaskForceFv,cw_symbols.raw,2965,method,medium
TMapMaker,EliminateInlandSeas,(),TMapMaker::EliminateInlandSeas(),EliminateInlandSeas__9TMapMakerFv,cw_symbols.raw,2967,method,medium
TMapMaker,EliminateStragglers,(),TMapMaker::EliminateStragglers(),EliminateStragglers__9TMapMakerFv,cw_symbols.raw,2968,method,medium
TTaskForce,Encounter,(TTaskForce*),TTaskForce::Encounter(TTaskForce*),Encounter__10TTaskForceFP10TTaskForce,cw_symbols.raw,2972,method,medium
TBlockadePortMission:,EnemyEscortStrength,(const TPortZone*) const,TBlockadePortMission:::EnemyEscortStrength(const TPortZone*) const,:.EnemyEscortStrength__20TBlockadePortMissionCFPC9TPortZone,cw_symbols.raw,2987,method,medium
TCivMgr,EngineerClick,(short),TCivMgr::EngineerClick(short),EngineerClick__7TCivMgrFs,cw_symbols.raw,2988,method,medium
TMapPreviewView,EnhancePhoto,(),TMapPreviewView::EnhancePhoto(),EnhancePhoto__15TMapPreviewViewFv,cw_symbols.raw,2989,method,medium
TAssociation,EntryWithValue,(const CStr255&),TAssociation::EntryWithValue(const CStr255&),EntryWithValue__12TAssociationFRC7CStr255,cw_symbols.raw,2993,method,medium
TCityInteriorMinister,EvaluateResources,(short),TCityInteriorMinister::EvaluateResources(short),EvaluateResources__21TCityInteriorMinisterFs,cw_symbols.raw,3012,method,medium
TFile,ExchangeFiles,(TFile*),TFile::ExchangeFiles(TFile*),ExchangeFiles__5TFileFP5TFile,cw_symbols.raw,3014,method,medium
TGreatPower,ExpectCargo,"(short, short)","TGreatPower::ExpectCargo(short, short)",ExpectCargo__11TGreatPowerFss,cw_symbols.raw,3024,method,medium
TArmyMission,AccumulateWeightedUnitEquipage,"(const TMilitaryUnit*, float*, unsigned char) const","TArmyMission::AccumulateWeightedUnitEquipage(const TMilitaryUnit*, float*, unsigned char) const",AccumulateWeightedUnitEquipage__12TArmyMissionCFPC13TMilitaryUnitPfUc,cw_symbols.raw,3026,method,medium
TMacViewMgr,FastDrawPicture,"(Picture**, unsigned char*, short)","TMacViewMgr::FastDrawPicture(Picture**, unsigned char*, short)",FastDrawPicture__11TMacViewMgrFPP7PicturePUcs,cw_symbols.raw,3031,method,medium
TDiplomacyMgr,BuildRelationshipList,"(short, short, TSortedByRelationshipList*)","TDiplomacyMgr::BuildRelationshipList(short, short, TSortedByRelationshipList*)",BuildRelationshipList__13TDiplomacyMgrFssP25TSortedByRelationshipList,cw_symbols.raw,3032,method,medium
TCityProductionView,DoMouseCommand,"(VPoint&, TToolboxEvent*, CPoint)","TCityProductionView::DoMouseCommand(VPoint&, TToolboxEvent*, CPoint)",DoMouseCommand__19TCityProductionViewFR6VPointP13TToolboxEvent6CPoint,cw_symbols.raw,3033,method,medium
TMultiplayerMgr,EnumerateProtocols,"(TGameSetupMultiplayerPicture*, 8)","TMultiplayerMgr::EnumerateProtocols(TGameSetupMultiplayerPicture*, 8)",EnumerateProtocols__15TMultiplayerMgrFP28TGameSetupMultiplayerPicture8,cw_symbols.raw,3036,method,medium
TStandardDependencySpace,HandleUpdate,"(TObject*, long, TObject*, TObject*)","TStandardDependencySpace::HandleUpdate(TObject*, long, TObject*, TObject*)",HandleUpdate__24TStandardDependencySpaceFP7TObjectlP7TObjectP7TObject,cw_symbols.raw,3038,method,medium
TCtlMgr,ICtlMgr,"(TView*, const VPoint&, const VPoint&, SizeDeterminer, SizeDeterminer, const CStr255&, long, long, long, short, const TextStyle&)","TCtlMgr::ICtlMgr(TView*, const VPoint&, const VPoint&, SizeDeterminer, SizeDeterminer, const CStr255&, long, long, long, short, const TextStyle&)",ICtlMgr__7TCtlMgrFP5TViewRC6VPointRC6VPoint14SizeDeterminer14SizeDeterminerRC7CStr255lllsRC9TextStyle,cw_symbols.raw,3039,method,medium
TSteelCityMinister,FillLists,(),TSteelCityMinister::FillLists(),FillLists__18TSteelCityMinisterFv,cw_symbols.raw,3046,method,medium
TContext,Find,(long),TContext::Find(long),Find__8TContextFl,cw_symbols.raw,3055,method,medium
TMission,Find,"(TList*, eMissionType, short, TZone*)","TMission::Find(TList*, eMissionType, short, TZone*)",Find__8TMissionFP5TList12eMissionTypesP5TZone,cw_symbols.raw,3056,method,medium
TShipNode,Find,(const TShip*),TShipNode::Find(const TShip*),Find__9TShipNodeFPC5TShip,cw_symbols.raw,3057,method,medium
TAnimator,FindAni,(long),TAnimator::FindAni(long),FindAni__9TAnimatorFl,cw_symbols.raw,3058,method,medium
TRunArray,FindChunk,"(short, short&, short&, long&)","TRunArray::FindChunk(short, short&, short&, long&)",FindChunk__9TRunArrayFsRsRsRl,cw_symbols.raw,3060,method,medium
TTacticalBattle,FindMoraleBonus,(unsigned char),TTacticalBattle::FindMoraleBonus(unsigned char),FindMoraleBonus__15TTacticalBattleFUc,cw_symbols.raw,3070,method,medium
TGreatPower,FinishDiplomacyPhase,(),TGreatPower::FinishDiplomacyPhase(),FinishDiplomacyPhase__11TGreatPowerFv,cw_symbols.raw,3085,method,medium
TTacticalBattle,FinishedMove,(),TTacticalBattle::FinishedMove(),FinishedMove__15TTacticalBattleFv,cw_symbols.raw,3090,method,medium
TNavyBattle,FireAndCycle,"(TTacticalUnit*, long)","TNavyBattle::FireAndCycle(TTacticalUnit*, long)",FireAndCycle__11TNavyBattleFP13TTacticalUnitl,cw_symbols.raw,3091,method,medium
TSortedPtrList,First,(),TSortedPtrList::First(),First__14TSortedPtrListFv,cw_symbols.raw,3096,method,medium
TSortedLongintList,First,(),TSortedLongintList::First(),First__18TSortedLongintListFv,cw_symbols.raw,3098,method,medium
TNavyMission,FitnessOf,"(const TShip*, float*, 8) const","TNavyMission::FitnessOf(const TShip*, float*, 8) const",FitnessOf__12TNavyMissionCFPC5TShipPf8,cw_symbols.raw,3119,method,medium
TMission,FitnessOf,"(const TMilitaryUnit*, float*, 8) const","TMission::FitnessOf(const TMilitaryUnit*, float*, 8) const",FitnessOf__8TMissionCFPC13TMilitaryUnitPf8,cw_symbols.raw,3120,method,medium
TTacticalBattle,FleeUnit,(TTacticalUnit*),TTacticalBattle::FleeUnit(TTacticalUnit*),FleeUnit__15TTacticalBattleFP13TTacticalUnit,cw_symbols.raw,3125,method,medium
TMapMaker,FloodOceans,(short),TMapMaker::FloodOceans(short),FloodOceans__9TMapMakerFs,cw_symbols.raw,3127,method,medium
TLanguageMgr,FlushToilet,(),TLanguageMgr::FlushToilet(),FlushToilet__12TLanguageMgrFv,cw_symbols.raw,3130,method,medium
TFile,FlushVolume,(),TFile::FlushVolume(),FlushVolume__5TFileFv,cw_symbols.raw,3131,method,medium
TWindow,Focus,(),TWindow::Focus(),Focus__7TWindowFv,cw_symbols.raw,3138,method,medium
TWindow,ForceOnScreen,(),TWindow::ForceOnScreen(),ForceOnScreen__7TWindowFv,cw_symbols.raw,3148,method,medium
TView,ForceRedraw,(),TView::ForceRedraw(),ForceRedraw__5TViewFv,cw_symbols.raw,3149,method,medium
TScroller,ForceRedraw,(),TScroller::ForceRedraw(),ForceRedraw__9TScrollerFv,cw_symbols.raw,3150,method,medium
TGreatPower:,ForeignMinisterNonBorderHonorAlliance,"(long, long, unsigned char, 8)","TGreatPower:::ForeignMinisterNonBorderHonorAlliance(long, long, unsigned char, 8)",:.ForeignMinisterNonBorderHonorAlliance__11TGreatPowerFllUc8,cw_symbols.raw,3152,method,medium
TNavyMission,ForgetTaskForce,(TTaskForce*),TNavyMission::ForgetTaskForce(TTaskForce*),ForgetTaskForce__12TNavyMissionFP10TTaskForce,cw_symbols.raw,3159,method,medium
TSimMgr,Format2Buffer,"(const char*, ...) const","TSimMgr::Format2Buffer(const char*, ...) const",Format2Buffer__7TSimMgrCFPCce,cw_symbols.raw,3161,method,medium
TSimMgr,FormatString,"(CStr255&, const char*, ...) const","TSimMgr::FormatString(CStr255&, const char*, ...) const",FormatString__7TSimMgrCFR7CStr255PCce,cw_symbols.raw,3164,method,medium
TArmoryView,Free,(),TArmoryView::Free(),Free__11TArmoryViewFv,cw_symbols.raw,3179,method,medium
TBusyCursor,Free,(),TBusyCursor::Free(),Free__11TBusyCursorFv,cw_symbols.raw,3180,method,medium
TDisplayMgr,Free,(),TDisplayMgr::Free(),Free__11TDisplayMgrFv,cw_symbols.raw,3181,method,medium
TGreatPower,Free,(),TGreatPower::Free(),Free__11TGreatPowerFv,cw_symbols.raw,3183,method,medium
TMacViewMgr,Free,(),TMacViewMgr::Free(),Free__11TMacViewMgrFv,cw_symbols.raw,3184,method,medium
TStaticText,Free,(),TStaticText::Free(),Free__11TStaticTextFv,cw_symbols.raw,3185,method,medium
TViewServer,Free,(),TViewServer::Free(),Free__11TViewServerFv,cw_symbols.raw,3186,method,medium
TAutoGreatPower,Free,(),TAutoGreatPower::Free(),Free__15TAutoGreatPowerFv,cw_symbols.raw,3211,method,medium
TCommandHandler,Free,(),TCommandHandler::Free(),Free__15TCommandHandlerFv,cw_symbols.raw,3212,method,medium
TDealTabControl,Free,(),TDealTabControl::Free(),Free__15TDealTabControlFv,cw_symbols.raw,3214,method,medium
TMultiplayerMgr,Free,(),TMultiplayerMgr::Free(),Free__15TMultiplayerMgrFv,cw_symbols.raw,3218,method,medium
TTacticalBattle,Free,(),TTacticalBattle::Free(),Free__15TTacticalBattleFv,cw_symbols.raw,3219,method,medium
TBufferedFileStream,Free,(),TBufferedFileStream::Free(),Free__19TBufferedFileStreamFv,cw_symbols.raw,3235,method,medium
TCityProductionView,Free,(),TCityProductionView::Free(),Free__19TCityProductionViewFv,cw_symbols.raw,3236,method,medium
TMapUberUberPicture,Free,(),TMapUberUberPicture::Free(),Free__19TMapUberUberPictureFv,cw_symbols.raw,3237,method,medium
TTacticalBattleView,Free,(),TTacticalBattleView::Free(),Free__19TTacticalBattleViewFv,cw_symbols.raw,3238,method,medium
TAdmiral,Free,(),TAdmiral::Free(),Free__8TAdmiralFv,cw_symbols.raw,3264,method,medium
TArmyMgr,Free,(),TArmyMgr::Free(),Free__8TArmyMgrFv,cw_symbols.raw,3265,method,medium
TCluster,Free,(),TCluster::Free(),Free__8TClusterFv,cw_symbols.raw,3266,method,medium
TCommand,Free,(),TCommand::Free(),Free__8TCommandFv,cw_symbols.raw,3267,method,medium
TContext,Free,(),TContext::Free(),Free__8TContextFv,cw_symbols.raw,3268,method,medium
TCountry,Free,(),TCountry::Free(),Free__8TCountryFv,cw_symbols.raw,3269,method,medium
THelpMgr,Free,(),THelpMgr::Free(),Free__8THelpMgrFv,cw_symbols.raw,3270,method,medium
TIconBar,Free,(),TIconBar::Free(),Free__8TIconBarFv,cw_symbols.raw,3271,method,medium
TNavyMgr,Free,(),TNavyMgr::Free(),Free__8TNavyMgrFv,cw_symbols.raw,3272,method,medium
TPattern,Free,(),TPattern::Free(),Free__8TPatternFv,cw_symbols.raw,3274,method,medium
TPicture,Free,(),TPicture::Free(),Free__8TPictureFv,cw_symbols.raw,3275,method,medium
TViewMgr,Free,(),TViewMgr::Free(),Free__8TViewMgrFv,cw_symbols.raw,3276,method,medium
TShip,FreeAll,(),TShip::FreeAll(),FreeAll__5TShipFv,cw_symbols.raw,3293,method,medium
TAnimator,FreeAllAnis,(),TAnimator::FreeAllAnis(),FreeAllAnis__9TAnimatorFv,cw_symbols.raw,3295,method,medium
TAnimator,FreeAni,(long),TAnimator::FreeAni(long),FreeAni__9TAnimatorFl,cw_symbols.raw,3296,method,medium
TDiplomacyMgr,FreeColoniesOf,(long),TDiplomacyMgr::FreeColoniesOf(long),FreeColoniesOf__13TDiplomacyMgrFl,cw_symbols.raw,3299,method,medium
TSortedList,FreeList,(),TSortedList::FreeList(),FreeList__11TSortedListFv,cw_symbols.raw,3304,method,medium
TAppleCommand,FreeTheMessage,(),TAppleCommand::FreeTheMessage(),FreeTheMessage__13TAppleCommandFv,cw_symbols.raw,3309,method,medium
TRCSelectCommand,TrackMouse,"(TrackPhase, VPoint&, VPoint&, VPoint&, unsigned char)","TRCSelectCommand::TrackMouse(TrackPhase, VPoint&, VPoint&, VPoint&, unsigned char)",TrackMouse__16TRCSelectCommandF10TrackPhaseR6VPointR6VPointR6VPointUc,cw_symbols.raw,3310,method,medium
TMapMgr,GenerateProvinceNames,(),TMapMgr::GenerateProvinceNames(),GenerateProvinceNames__7TMapMgrFv,cw_symbols.raw,3320,method,medium
TMapMgr,GenerateProvinces,(),TMapMgr::GenerateProvinces(),GenerateProvinces__7TMapMgrFv,cw_symbols.raw,3321,method,medium
TMapMaker,GenerateSeapointSet,(),TMapMaker::GenerateSeapointSet(),GenerateSeapointSet__9TMapMakerFv,cw_symbols.raw,3324,method,medium
TGreatPower,GetAcceptPeaceNumber,(),TGreatPower::GetAcceptPeaceNumber(),GetAcceptPeaceNumber__11TGreatPowerFv,cw_symbols.raw,3329,method,medium
TControl,GetAdornExtent,(VRect&),TControl::GetAdornExtent(VRect&),GetAdornExtent__8TControlFR5VRect,cw_symbols.raw,3335,method,medium
TFile,GetAlias,(AliasRecord**&),TFile::GetAlias(AliasRecord**&),GetAlias__5TFileFRPP11AliasRecord,cw_symbols.raw,3337,method,medium
TDiplomacyMgr,GetAllyNumber,"(long, long)","TDiplomacyMgr::GetAllyNumber(long, long)",GetAllyNumber__13TDiplomacyMgrFll,cw_symbols.raw,3338,method,medium
TCountry,GetAmtUnsold,(short),TCountry::GetAmtUnsold(short),GetAmtUnsold__8TCountryFs,cw_symbols.raw,3344,method,medium
TApplication,GetApplicationName,(CStr255&),TApplication::GetApplicationName(CStr255&),GetApplicationName__12TApplicationFR7CStr255,cw_symbols.raw,3345,method,medium
TBeachheadMission,GetArmyMission,(),TBeachheadMission::GetArmyMission(),GetArmyMission__17TBeachheadMissionFv,cw_symbols.raw,3355,method,medium
TTaskForce,GetAuthority,(CStr255&) const,TTaskForce::GetAuthority(CStr255&) const,GetAuthority__10TTaskForceCFR7CStr255,cw_symbols.raw,3360,method,medium
TOcean,GetAverageSeaZoneValue,(),TOcean::GetAverageSeaZoneValue(),GetAverageSeaZoneValue__6TOceanFv,cw_symbols.raw,3362,method,medium
TEventHandler,GetBehaviorWithIdentifier,(unsigned long),TEventHandler::GetBehaviorWithIdentifier(unsigned long),GetBehaviorWithIdentifier__13TEventHandlerFUl,cw_symbols.raw,3369,method,medium
Chunk,GetBlock,"(unsigned int, unsigned long)","Chunk::GetBlock(unsigned int, unsigned long)",GetBlock__5ChunkFUiUl,cw_symbols.raw,3374,method,medium
TCity,GetBuildingType,(short),TCity::GetBuildingType(short),GetBuildingType__5TCityFs,cw_symbols.raw,3380,method,medium
TAppleEvent,GetClassDescDynamic,() const,TAppleEvent::GetClassDescDynamic() const,GetClassDescDynamic__11TAppleEventCFv,cw_symbols.raw,3415,classdesc,medium
TArmoryView,GetClassDescDynamic,() const,TArmoryView::GetClassDescDynamic() const,GetClassDescDynamic__11TArmoryViewCFv,cw_symbols.raw,3416,classdesc,medium
TArmyBattle,GetClassDescDynamic,() const,TArmyBattle::GetClassDescDynamic() const,GetClassDescDynamic__11TArmyBattleCFv,cw_symbols.raw,3417,classdesc,medium
TBusyCursor,GetClassDescDynamic,() const,TBusyCursor::GetClassDescDynamic() const,GetClassDescDynamic__11TBusyCursorCFv,cw_symbols.raw,3419,classdesc,medium
TCivToolbar,GetClassDescDynamic,() const,TCivToolbar::GetClassDescDynamic() const,GetClassDescDynamic__11TCivToolbarCFv,cw_symbols.raw,3420,classdesc,medium
TDialogView,GetClassDescDynamic,() const,TDialogView::GetClassDescDynamic() const,GetClassDescDynamic__11TDialogViewCFv,cw_symbols.raw,3422,classdesc,medium
TDimAdorner,GetClassDescDynamic,() const,TDimAdorner::GetClassDescDynamic() const,GetClassDescDynamic__11TDimAdornerCFv,cw_symbols.raw,3423,classdesc,medium
TDisplayMgr,GetClassDescDynamic,() const,TDisplayMgr::GetClassDescDynamic() const,GetClassDescDynamic__11TDisplayMgrCFv,cw_symbols.raw,3424,classdesc,medium
TFileStream,GetClassDescDynamic,() const,TFileStream::GetClassDescDynamic() const,GetClassDescDynamic__11TFileStreamCFv,cw_symbols.raw,3425,classdesc,medium
TGameWindow,GetClassDescDynamic,() const,TGameWindow::GetClassDescDynamic() const,GetClassDescDynamic__11TGameWindowCFv,cw_symbols.raw,3426,classdesc,medium
TGrantsView,GetClassDescDynamic,() const,TGrantsView::GetClassDescDynamic() const,GetClassDescDynamic__11TGrantsViewCFv,cw_symbols.raw,3427,classdesc,medium
TGreatPower,GetClassDescDynamic,() const,TGreatPower::GetClassDescDynamic() const,GetClassDescDynamic__11TGreatPowerCFv,cw_symbols.raw,3428,classdesc,medium
THandleList,GetClassDescDynamic,() const,THandleList::GetClassDescDynamic() const,GetClassDescDynamic__11THandleListCFv,cw_symbols.raw,3429,classdesc,medium
THelpWindow,GetClassDescDynamic,() const,THelpWindow::GetClassDescDynamic() const,GetClassDescDynamic__11THelpWindowCFv,cw_symbols.raw,3430,classdesc,medium
TIconSlider,GetClassDescDynamic,() const,TIconSlider::GetClassDescDynamic() const,GetClassDescDynamic__11TIconSliderCFv,cw_symbols.raw,3431,classdesc,medium
TMacViewMgr,GetClassDescDynamic,() const,TMacViewMgr::GetClassDescDynamic() const,GetClassDescDynamic__11TMacViewMgrCFv,cw_symbols.raw,3432,classdesc,medium
TMenuIDList,GetClassDescDynamic,() const,TMenuIDList::GetClassDescDynamic() const,GetClassDescDynamic__11TMenuIDListCFv,cw_symbols.raw,3433,classdesc,medium
TNavyBattle,GetClassDescDynamic,() const,TNavyBattle::GetClassDescDynamic() const,GetClassDescDynamic__11TNavyBattleCFv,cw_symbols.raw,3434,classdesc,medium
TNavyRoster,GetClassDescDynamic,() const,TNavyRoster::GetClassDescDynamic() const,GetClassDescDynamic__11TNavyRosterCFv,cw_symbols.raw,3436,classdesc,medium
TPageCorner,GetClassDescDynamic,() const,TPageCorner::GetClassDescDynamic() const,GetClassDescDynamic__11TPageCornerCFv,cw_symbols.raw,3438,classdesc,medium
TRailAmtBar,GetClassDescDynamic,() const,TRailAmtBar::GetClassDescDynamic() const,GetClassDescDynamic__11TRailAmtBarCFv,cw_symbols.raw,3439,classdesc,medium
TScoreGraph,GetClassDescDynamic,() const,TScoreGraph::GetClassDescDynamic() const,GetClassDescDynamic__11TScoreGraphCFv,cw_symbols.raw,3440,classdesc,medium
TShipAmtBar,GetClassDescDynamic,() const,TShipAmtBar::GetClassDescDynamic() const,GetClassDescDynamic__11TShipAmtBarCFv,cw_symbols.raw,3442,classdesc,medium
TSortedList,GetClassDescDynamic,() const,TSortedList::GetClassDescDynamic() const,GetClassDescDynamic__11TSortedListCFv,cw_symbols.raw,3443,classdesc,medium
TStaticText,GetClassDescDynamic,() const,TStaticText::GetClassDescDynamic() const,GetClassDescDynamic__11TStaticTextCFv,cw_symbols.raw,3444,classdesc,medium
TUpDownView,GetClassDescDynamic,() const,TUpDownView::GetClassDescDynamic() const,GetClassDescDynamic__11TUpDownViewCFv,cw_symbols.raw,3445,classdesc,medium
TViewServer,GetClassDescDynamic,() const,TViewServer::GetClassDescDynamic() const,GetClassDescDynamic__11TViewServerCFv,cw_symbols.raw,3446,classdesc,medium
TViewTabber,GetClassDescDynamic,() const,TViewTabber::GetClassDescDynamic() const,GetClassDescDynamic__11TViewTabberCFv,cw_symbols.raw,3447,classdesc,medium
T2PictureButton,GetClassDescDynamic,() const,T2PictureButton::GetClassDescDynamic() const,GetClassDescDynamic__15T2PictureButtonCFv,cw_symbols.raw,3576,classdesc,medium
TAutoGreatPower,GetClassDescDynamic,() const,TAutoGreatPower::GetClassDescDynamic() const,GetClassDescDynamic__15TAutoGreatPowerCFv,cw_symbols.raw,3577,classdesc,medium
TCivDescription,GetClassDescDynamic,() const,TCivDescription::GetClassDescDynamic() const,GetClassDescDynamic__15TCivDescriptionCFv,cw_symbols.raw,3579,classdesc,medium
TControlTracker,GetClassDescDynamic,() const,TControlTracker::GetClassDescDynamic() const,GetClassDescDynamic__15TControlTrackerCFv,cw_symbols.raw,3583,classdesc,medium
TCountingStream,GetClassDescDynamic,() const,TCountingStream::GetClassDescDynamic() const,GetClassDescDynamic__15TCountingStreamCFv,cw_symbols.raw,3584,classdesc,medium
TDealTabControl,GetClassDescDynamic,() const,TDealTabControl::GetClassDescDynamic() const,GetClassDescDynamic__15TDealTabControlCFv,cw_symbols.raw,3586,classdesc,medium
TDebugFlagsView,GetClassDescDynamic,() const,TDebugFlagsView::GetClassDescDynamic() const,GetClassDescDynamic__15TDebugFlagsViewCFv,cw_symbols.raw,3587,classdesc,medium
TDialogBehavior,GetClassDescDynamic,() const,TDialogBehavior::GetClassDescDynamic() const,GetClassDescDynamic__15TDialogBehaviorCFv,cw_symbols.raw,3588,classdesc,medium
TEngineerDialog,GetClassDescDynamic,() const,TEngineerDialog::GetClassDescDynamic() const,GetClassDescDynamic__15TEngineerDialogCFv,cw_symbols.raw,3590,classdesc,medium
TFocusAnimation,GetClassDescDynamic,() const,TFocusAnimation::GetClassDescDynamic() const,GetClassDescDynamic__15TFocusAnimationCFv,cw_symbols.raw,3592,classdesc,medium
TFrameRadioView,GetClassDescDynamic,() const,TFrameRadioView::GetClassDescDynamic() const,GetClassDescDynamic__15TFrameRadioViewCFv,cw_symbols.raw,3593,classdesc,medium
TGWorldPartView,GetClassDescDynamic,() const,TGWorldPartView::GetClassDescDynamic() const,GetClassDescDynamic__15TGWorldPartViewCFv,cw_symbols.raw,3595,classdesc,medium
THostGreatPower,GetClassDescDynamic,() const,THostGreatPower::GetClassDescDynamic() const,GetClassDescDynamic__15THostGreatPowerCFv,cw_symbols.raw,3596,classdesc,medium
TIndustryAmtBar,GetClassDescDynamic,() const,TIndustryAmtBar::GetClassDescDynamic() const,GetClassDescDynamic__15TIndustryAmtBarCFv,cw_symbols.raw,3597,classdesc,medium
TLonelyTileView,GetClassDescDynamic,() const,TLonelyTileView::GetClassDescDynamic() const,GetClassDescDynamic__15TLonelyTileViewCFv,cw_symbols.raw,3599,classdesc,medium
TMapEditCluster,GetClassDescDynamic,() const,TMapEditCluster::GetClassDescDynamic() const,GetClassDescDynamic__15TMapEditClusterCFv,cw_symbols.raw,3600,classdesc,medium
TMapUberPicture,GetClassDescDynamic,() const,TMapUberPicture::GetClassDescDynamic() const,GetClassDescDynamic__15TMapUberPictureCFv,cw_symbols.raw,3602,classdesc,medium
TMultiplayerMgr,GetClassDescDynamic,() const,TMultiplayerMgr::GetClassDescDynamic() const,GetClassDescDynamic__15TMultiplayerMgrCFv,cw_symbols.raw,3604,classdesc,medium
TNavyAutoPlayer,GetClassDescDynamic,() const,TNavyAutoPlayer::GetClassDescDynamic() const,GetClassDescDynamic__15TNavyAutoPlayerCFv,cw_symbols.raw,3605,classdesc,medium
TNewGameCommand,GetClassDescDynamic,() const,TNewGameCommand::GetClassDescDynamic() const,GetClassDescDynamic__15TNewGameCommandCFv,cw_symbols.raw,3606,classdesc,medium
TNominationView,GetClassDescDynamic,() const,TNominationView::GetClassDescDynamic() const,GetClassDescDynamic__15TNominationViewCFv,cw_symbols.raw,3607,classdesc,medium
TPirateMinister,GetClassDescDynamic,() const,TPirateMinister::GetClassDescDynamic() const,GetClassDescDynamic__15TPirateMinisterCFv,cw_symbols.raw,3608,classdesc,medium
TPopGrowthOrder,GetClassDescDynamic,() const,TPopGrowthOrder::GetClassDescDynamic() const,GetClassDescDynamic__15TPopGrowthOrderCFv,cw_symbols.raw,3609,classdesc,medium
TRailheadDialog,GetClassDescDynamic,() const,TRailheadDialog::GetClassDescDynamic() const,GetClassDescDynamic__15TRailheadDialogCFv,cw_symbols.raw,3610,classdesc,medium
TResourceStream,GetClassDescDynamic,() const,TResourceStream::GetClassDescDynamic() const,GetClassDescDynamic__15TResourceStreamCFv,cw_symbols.raw,3611,classdesc,medium
TSaveDocCommand,GetClassDescDynamic,() const,TSaveDocCommand::GetClassDescDynamic() const,GetClassDescDynamic__15TSaveDocCommandCFv,cw_symbols.raw,3612,classdesc,medium
TTacticalBattle,GetClassDescDynamic,() const,TTacticalBattle::GetClassDescDynamic() const,GetClassDescDynamic__15TTacticalBattleCFv,cw_symbols.raw,3615,classdesc,medium
TTacticalPlayer,GetClassDescDynamic,() const,TTacticalPlayer::GetClassDescDynamic() const,GetClassDescDynamic__15TTacticalPlayerCFv,cw_symbols.raw,3616,classdesc,medium
TTEPasteCommand,GetClassDescDynamic,() const,TTEPasteCommand::GetClassDescDynamic() const,GetClassDescDynamic__15TTEPasteCommandCFv,cw_symbols.raw,3617,classdesc,medium
TTEStyleCommand,GetClassDescDynamic,() const,TTEStyleCommand::GetClassDescDynamic() const,GetClassDescDynamic__15TTEStyleCommandCFv,cw_symbols.raw,3618,classdesc,medium
TToolBarCluster,GetClassDescDynamic,() const,TToolBarCluster::GetClassDescDynamic() const,GetClassDescDynamic__15TToolBarClusterCFv,cw_symbols.raw,3619,classdesc,medium
TTownNameDialog,GetClassDescDynamic,() const,TTownNameDialog::GetClassDescDynamic() const,GetClassDescDynamic__15TTownNameDialogCFv,cw_symbols.raw,3620,classdesc,medium
TTradePanelView,GetClassDescDynamic,() const,TTradePanelView::GetClassDescDynamic() const,GetClassDescDynamic__15TTradePanelViewCFv,cw_symbols.raw,3621,classdesc,medium
TTurnStartEvent,GetClassDescDynamic,() const,TTurnStartEvent::GetClassDescDynamic() const,GetClassDescDynamic__15TTurnStartEventCFv,cw_symbols.raw,3622,classdesc,medium
T2PictToggleButton,GetClassDescDynamic,() const,T2PictToggleButton::GetClassDescDynamic() const,GetClassDescDynamic__18T2PictToggleButtonCFv,cw_symbols.raw,3701,classdesc,medium
TBackgroundPicture,GetClassDescDynamic,() const,TBackgroundPicture::GetClassDescDynamic() const,GetClassDescDynamic__18TBackgroundPictureCFv,cw_symbols.raw,3702,classdesc,medium
TCellSelectCommand,GetClassDescDynamic,() const,TCellSelectCommand::GetClassDescDynamic() const,GetClassDescDynamic__18TCellSelectCommandCFv,cw_symbols.raw,3703,classdesc,medium
TClassDescListByID,GetClassDescDynamic,() const,TClassDescListByID::GetClassDescDynamic() const,GetClassDescDynamic__18TClassDescListByIDCFv,cw_symbols.raw,3704,classdesc,medium
TCloseParentButton,GetClassDescDynamic,() const,TCloseParentButton::GetClassDescDynamic() const,GetClassDescDynamic__18TCloseParentButtonCFv,cw_symbols.raw,3705,classdesc,medium
TFileBasedDocument,GetClassDescDynamic,() const,TFileBasedDocument::GetClassDescDynamic() const,GetClassDescDynamic__18TFileBasedDocumentCFv,cw_symbols.raw,3706,classdesc,medium
TFloatingTEManager,GetClassDescDynamic,() const,TFloatingTEManager::GetClassDescDynamic() const,GetClassDescDynamic__18TFloatingTEManagerCFv,cw_symbols.raw,3707,classdesc,medium
THighScoresPicture,GetClassDescDynamic,() const,THighScoresPicture::GetClassDescDynamic() const,GetClassDescDynamic__18THighScoresPictureCFv,cw_symbols.raw,3708,classdesc,medium
TLineBottomAdorner,GetClassDescDynamic,() const,TLineBottomAdorner::GetClassDescDynamic() const,GetClassDescDynamic__18TLineBottomAdornerCFv,cw_symbols.raw,3709,classdesc,medium
TMinorTreatyDialog,GetClassDescDynamic,() const,TMinorTreatyDialog::GetClassDescDynamic() const,GetClassDescDynamic__18TMinorTreatyDialogCFv,cw_symbols.raw,3710,classdesc,medium
TMovieViewBehavior,GetClassDescDynamic,() const,TMovieViewBehavior::GetClassDescDynamic() const,GetClassDescDynamic__18TMovieViewBehaviorCFv,cw_symbols.raw,3711,classdesc,medium
TMultiWindowTabber,GetClassDescDynamic,() const,TMultiWindowTabber::GetClassDescDynamic() const,GetClassDescDynamic__18TMultiWindowTabberCFv,cw_symbols.raw,3712,classdesc,medium
TPictureNumberText,GetClassDescDynamic,() const,TPictureNumberText::GetClassDescDynamic() const,GetClassDescDynamic__18TPictureNumberTextCFv,cw_symbols.raw,3713,classdesc,medium
TPoseMessageDialog,GetClassDescDynamic,() const,TPoseMessageDialog::GetClassDescDynamic() const,GetClassDescDynamic__18TPoseMessageDialogCFv,cw_symbols.raw,3714,classdesc,medium
TPrintMenuBehavior,GetClassDescDynamic,() const,TPrintMenuBehavior::GetClassDescDynamic() const,GetClassDescDynamic__18TPrintMenuBehaviorCFv,cw_symbols.raw,3715,classdesc,medium
TProductionCluster,GetClassDescDynamic,() const,TProductionCluster::GetClassDescDynamic() const,GetClassDescDynamic__18TProductionClusterCFv,cw_symbols.raw,3716,classdesc,medium
TResizeIconAdorner,GetClassDescDynamic,() const,TResizeIconAdorner::GetClassDescDynamic() const,GetClassDescDynamic__18TResizeIconAdornerCFv,cw_symbols.raw,3717,classdesc,medium
TScrollerScrollBar,GetClassDescDynamic,() const,TScrollerScrollBar::GetClassDescDynamic() const,GetClassDescDynamic__18TScrollerScrollBarCFv,cw_symbols.raw,3718,classdesc,medium
TShowScreenCommand,GetClassDescDynamic,() const,TShowScreenCommand::GetClassDescDynamic() const,GetClassDescDynamic__18TShowScreenCommandCFv,cw_symbols.raw,3719,classdesc,medium
TSortedLongintList,GetClassDescDynamic,() const,TSortedLongintList::GetClassDescDynamic() const,GetClassDescDynamic__18TSortedLongintListCFv,cw_symbols.raw,3720,classdesc,medium
TSteelCityMinister,GetClassDescDynamic,() const,TSteelCityMinister::GetClassDescDynamic() const,GetClassDescDynamic__18TSteelCityMinisterCFv,cw_symbols.raw,3721,classdesc,medium
TTacMapUberPicture,GetClassDescDynamic,() const,TTacMapUberPicture::GetClassDescDynamic() const,GetClassDescDynamic__18TTacMapUberPictureCFv,cw_symbols.raw,3722,classdesc,medium
TTerrainHelpWindow,GetClassDescDynamic,() const,TTerrainHelpWindow::GetClassDescDynamic() const,GetClassDescDynamic__18TTerrainHelpWindowCFv,cw_symbols.raw,3723,classdesc,medium
TTerrainInfoDialog,GetClassDescDynamic,() const,TTerrainInfoDialog::GetClassDescDynamic() const,GetClassDescDynamic__18TTerrainInfoDialogCFv,cw_symbols.raw,3724,classdesc,medium
TTextPictureButton,GetClassDescDynamic,() const,TTextPictureButton::GetClassDescDynamic() const,GetClassDescDynamic__18TTextPictureButtonCFv,cw_symbols.raw,3725,classdesc,medium
TTradeOrderPicture,GetClassDescDynamic,() const,TTradeOrderPicture::GetClassDescDynamic() const,GetClassDescDynamic__18TTradeOrderPictureCFv,cw_symbols.raw,3726,classdesc,medium
TTradePageSellView,GetClassDescDynamic,() const,TTradePageSellView::GetClassDescDynamic() const,GetClassDescDynamic__18TTradePageSellViewCFv,cw_symbols.raw,3727,classdesc,medium
TAdvanceGameCommand,GetClassDescDynamic,() const,TAdvanceGameCommand::GetClassDescDynamic() const,GetClassDescDynamic__19TAdvanceGameCommandCFv,cw_symbols.raw,3728,classdesc,medium
TBufferedFileStream,GetClassDescDynamic,() const,TBufferedFileStream::GetClassDescDynamic() const,GetClassDescDynamic__19TBufferedFileStreamCFv,cw_symbols.raw,3729,classdesc,medium
TCloseWindowCommand,GetClassDescDynamic,() const,TCloseWindowCommand::GetClassDescDynamic() const,GetClassDescDynamic__19TCloseWindowCommandCFv,cw_symbols.raw,3731,classdesc,medium
TDisappearingButton,GetClassDescDynamic,() const,TDisappearingButton::GetClassDescDynamic() const,GetClassDescDynamic__19TDisappearingButtonCFv,cw_symbols.raw,3732,classdesc,medium
TDrawingEnvironment,GetClassDescDynamic,() const,TDrawingEnvironment::GetClassDescDynamic() const,GetClassDescDynamic__19TDrawingEnvironmentCFv,cw_symbols.raw,3733,classdesc,medium
TFlagOptionsPicture,GetClassDescDynamic,() const,TFlagOptionsPicture::GetClassDescDynamic() const,GetClassDescDynamic__19TFlagOptionsPictureCFv,cw_symbols.raw,3734,classdesc,medium
TJoinSelectorDialog,GetClassDescDynamic,() const,TJoinSelectorDialog::GetClassDescDynamic() const,GetClassDescDynamic__19TJoinSelectorDialogCFv,cw_symbols.raw,3736,classdesc,medium
TMapUberUberPicture,GetClassDescDynamic,() const,TMapUberUberPicture::GetClassDescDynamic() const,GetClassDescDynamic__19TMapUberUberPictureCFv,cw_symbols.raw,3737,classdesc,medium
TNavyToolbarCluster,GetClassDescDynamic,() const,TNavyToolbarCluster::GetClassDescDynamic() const,GetClassDescDynamic__19TNavyToolbarClusterCFv,cw_symbols.raw,3739,classdesc,medium
TNewDocumentCommand,GetClassDescDynamic,() const,TNewDocumentCommand::GetClassDescDynamic() const,GetClassDescDynamic__19TNewDocumentCommandCFv,cw_symbols.raw,3740,classdesc,medium
TOverlayRadioButton,GetClassDescDynamic,() const,TOverlayRadioButton::GetClassDescDynamic() const,GetClassDescDynamic__19TOverlayRadioButtonCFv,cw_symbols.raw,3741,classdesc,medium
TPictureRadioButton,GetClassDescDynamic,() const,TPictureRadioButton::GetClassDescDynamic() const,GetClassDescDynamic__19TPictureRadioButtonCFv,cw_symbols.raw,3742,classdesc,medium
TSpecialQuitPicture,GetClassDescDynamic,() const,TSpecialQuitPicture::GetClassDescDynamic() const,GetClassDescDynamic__19TSpecialQuitPictureCFv,cw_symbols.raw,3746,classdesc,medium
TTedForeignMinister,GetClassDescDynamic,() const,TTedForeignMinister::GetClassDescDynamic() const,GetClassDescDynamic__19TTedForeignMinisterCFv,cw_symbols.raw,3748,classdesc,medium
TTerrainHelpPicture,GetClassDescDynamic,() const,TTerrainHelpPicture::GetClassDescDynamic() const,GetClassDescDynamic__19TTerrainHelpPictureCFv,cw_symbols.raw,3749,classdesc,medium
TTradeBidNationLine,GetClassDescDynamic,() const,TTradeBidNationLine::GetClassDescDynamic() const,GetClassDescDynamic__19TTradeBidNationLineCFv,cw_symbols.raw,3750,classdesc,medium
TTradePolicyCluster,GetClassDescDynamic,() const,TTradePolicyCluster::GetClassDescDynamic() const,GetClassDescDynamic__19TTradePolicyClusterCFv,cw_symbols.raw,3752,classdesc,medium
TTradeScreenPicture,GetClassDescDynamic,() const,TTradeScreenPicture::GetClassDescDynamic() const,GetClassDescDynamic__19TTradeScreenPictureCFv,cw_symbols.raw,3753,classdesc,medium
TUnitToolbarCluster,GetClassDescDynamic,() const,TUnitToolbarCluster::GetClassDescDynamic() const,GetClassDescDynamic__19TUnitToolbarClusterCFv,cw_symbols.raw,3754,classdesc,medium
TAdmiral,GetClassDescDynamic,() const,TAdmiral::GetClassDescDynamic() const,GetClassDescDynamic__8TAdmiralCFv,cw_symbols.raw,3801,classdesc,medium
TArmyMgr,GetClassDescDynamic,"(void, 8) const","TArmyMgr::GetClassDescDynamic(void, 8) const",GetClassDescDynamic__8TArmyMgrCFv8,cw_symbols.raw,3803,classdesc,medium
TCivUnit,GetClassDescDynamic,() const,TCivUnit::GetClassDescDynamic() const,GetClassDescDynamic__8TCivUnitCFv,cw_symbols.raw,3805,classdesc,medium
TCluster,GetClassDescDynamic,() const,TCluster::GetClassDescDynamic() const,GetClassDescDynamic__8TClusterCFv,cw_symbols.raw,3806,classdesc,medium
TContext,GetClassDescDynamic,() const,TContext::GetClassDescDynamic() const,GetClassDescDynamic__8TContextCFv,cw_symbols.raw,3808,classdesc,medium
TControl,GetClassDescDynamic,() const,TControl::GetClassDescDynamic() const,GetClassDescDynamic__8TControlCFv,cw_symbols.raw,3809,classdesc,medium
TCountry,GetClassDescDynamic,() const,TCountry::GetClassDescDynamic() const,GetClassDescDynamic__8TCountryCFv,cw_symbols.raw,3810,classdesc,medium
THelpMgr,GetClassDescDynamic,() const,THelpMgr::GetClassDescDynamic() const,GetClassDescDynamic__8THelpMgrCFv,cw_symbols.raw,3811,classdesc,medium
TIconBar,GetClassDescDynamic,() const,TIconBar::GetClassDescDynamic() const,GetClassDescDynamic__8TIconBarCFv,cw_symbols.raw,3812,classdesc,medium
TMission,GetClassDescDynamic,() const,TMission::GetClassDescDynamic() const,GetClassDescDynamic__8TMissionCFv,cw_symbols.raw,3813,classdesc,medium
TNavyMgr,GetClassDescDynamic,() const,TNavyMgr::GetClassDescDynamic() const,GetClassDescDynamic__8TNavyMgrCFv,cw_symbols.raw,3814,classdesc,medium
TNewsMgr,GetClassDescDynamic,() const,TNewsMgr::GetClassDescDynamic() const,GetClassDescDynamic__8TNewsMgrCFv,cw_symbols.raw,3815,classdesc,medium
TPtrList,GetClassDescDynamic,() const,TPtrList::GetClassDescDynamic() const,GetClassDescDynamic__8TPtrListCFv,cw_symbols.raw,3819,classdesc,medium
TViewMgr,GetClassDescDynamic,() const,TViewMgr::GetClassDescDynamic() const,GetClassDescDynamic__8TViewMgrCFv,cw_symbols.raw,3822,classdesc,medium
ClassDesc,GetClassDescFromClassID,(short),ClassDesc::GetClassDescFromClassID(short),GetClassDescFromClassID__9ClassDescFs,cw_symbols.raw,3851,method,medium
TFrameAdorner,GetClassDescStatic,(),TFrameAdorner::GetClassDescStatic(),GetClassDescStatic__13TFrameAdornerFv,cw_symbols.raw,3874,classdesc,medium
TIndustryView,GetClassDescStatic,(),TIndustryView::GetClassDescStatic(),GetClassDescStatic__13TIndustryViewFv,cw_symbols.raw,3875,classdesc,medium
TMyNumberText,GetClassDescStatic,(),TMyNumberText::GetClassDescStatic(),GetClassDescStatic__13TMyNumberTextFv,cw_symbols.raw,3877,classdesc,medium
TPrintAdorner,GetClassDescStatic,(),TPrintAdorner::GetClassDescStatic(),GetClassDescStatic__13TPrintAdornerFv,cw_symbols.raw,3881,classdesc,medium
TRRectAdorner,GetClassDescStatic,(),TRRectAdorner::GetClassDescStatic(),GetClassDescStatic__13TRRectAdornerFv,cw_symbols.raw,3882,classdesc,medium
TShipyardView,GetClassDescStatic,(),TShipyardView::GetClassDescStatic(),GetClassDescStatic__13TShipyardViewFv,cw_symbols.raw,3883,classdesc,medium
TStatusButton,GetClassDescStatic,(),TStatusButton::GetClassDescStatic(),GetClassDescStatic__13TStatusButtonFv,cw_symbols.raw,3884,classdesc,medium
TTraderAmtBar,GetClassDescStatic,(),TTraderAmtBar::GetClassDescStatic(),GetClassDescStatic__13TTraderAmtBarFv,cw_symbols.raw,3890,classdesc,medium
TCombatReportView,GetClassDescStatic,(),TCombatReportView::GetClassDescStatic(),GetClassDescStatic__17TCombatReportViewFv,cw_symbols.raw,3929,classdesc,medium
TGameSetupPicture,GetClassDescStatic,(),TGameSetupPicture::GetClassDescStatic(),GetClassDescStatic__17TGameSetupPictureFv,cw_symbols.raw,3931,classdesc,medium
TTargetBorderView,GetClassDescStatic,(),TTargetBorderView::GetClassDescStatic(),GetClassDescStatic__17TTargetBorderViewFv,cw_symbols.raw,3934,classdesc,medium
TAlwaysPictureButton,GetClassDescStatic,(),TAlwaysPictureButton::GetClassDescStatic(),GetClassDescStatic__20TAlwaysPictureButtonFv,cw_symbols.raw,3955,classdesc,medium
TAutomatedPlayDialog,GetClassDescStatic,(),TAutomatedPlayDialog::GetClassDescStatic(),GetClassDescStatic__20TAutomatedPlayDialogFv,cw_symbols.raw,3956,classdesc,medium
TDefenseMinisterView,GetClassDescStatic,(),TDefenseMinisterView::GetClassDescStatic(),GetClassDescStatic__20TDefenseMinisterViewFv,cw_symbols.raw,3957,classdesc,medium
TForeignMinisterView,GetClassDescStatic,(),TForeignMinisterView::GetClassDescStatic(),GetClassDescStatic__20TForeignMinisterViewFv,cw_symbols.raw,3958,classdesc,medium
TShipFractionCluster,GetClassDescStatic,(),TShipFractionCluster::GetClassDescStatic(),GetClassDescStatic__20TShipFractionClusterFv,cw_symbols.raw,3959,classdesc,medium
TUpDownPictureButton,GetClassDescStatic,(),TUpDownPictureButton::GetClassDescStatic(),GetClassDescStatic__20TUpDownPictureButtonFv,cw_symbols.raw,3960,classdesc,medium
TCompatibilityAdorner,GetClassDescStatic,(),TCompatibilityAdorner::GetClassDescStatic(),GetClassDescStatic__21TCompatibilityAdornerFv,cw_symbols.raw,3961,classdesc,medium
TDropShadowNumberText,GetClassDescStatic,(),TDropShadowNumberText::GetClassDescStatic(),GetClassDescStatic__21TDropShadowNumberTextFv,cw_symbols.raw,3962,classdesc,medium
TMinorTradeBidsDialog,GetClassDescStatic,(),TMinorTradeBidsDialog::GetClassDescStatic(),GetClassDescStatic__21TMinorTradeBidsDialogFv,cw_symbols.raw,3963,classdesc,medium
TShadowedFrameAdorner,GetClassDescStatic,(),TShadowedFrameAdorner::GetClassDescStatic(),GetClassDescStatic__21TShadowedFrameAdornerFv,cw_symbols.raw,3964,classdesc,medium
TEvent,GetClassDescStatic,(),TEvent::GetClassDescStatic(),GetClassDescStatic__6TEventFv,cw_symbols.raw,3970,classdesc,medium
TRadio,GetClassDescStatic,(),TRadio::GetClassDescStatic(),GetClassDescStatic__6TRadioFv,cw_symbols.raw,3972,classdesc,medium
TObject,GetClassName,(CStr255&) const,TObject::GetClassName(CStr255&) const,GetClassName__7TObjectCFR7CStr255,cw_symbols.raw,3993,method,medium
TGridView,GetColWidth,(short),TGridView::GetColWidth(short),GetColWidth__9TGridViewFs,cw_symbols.raw,4001,method,medium
TSimMgr,GetCommodityName,"(short, CStr255&)","TSimMgr::GetCommodityName(short, CStr255&)",GetCommodityName__7TSimMgrFsR7CStr255,cw_symbols.raw,4002,method,medium
TShipyardView,GetCostString,"(CStr255&, short)","TShipyardView::GetCostString(CStr255&, short)",GetCostString__13TShipyardViewFR7CStr255s,cw_symbols.raw,4006,method,medium
TMacViewMgr,GetCountryRegion,(short),TMacViewMgr::GetCountryRegion(short),GetCountryRegion__11TMacViewMgrFs,cw_symbols.raw,4011,method,medium
TFile,GetCreationDate,(),TFile::GetCreationDate(),GetCreationDate__5TFileFv,cw_symbols.raw,4012,method,medium
TCluster,GetCurrentChoice,(),TCluster::GetCurrentChoice(),GetCurrentChoice__8TClusterFv,cw_symbols.raw,4014,method,medium
TPopup,GetCurrentItem,(),TPopup::GetCurrentItem(),GetCurrentItem__6TPopupFv,cw_symbols.raw,4017,method,medium
TView,GetCursorID,(),TView::GetCursorID(),GetCursorID__5TViewFv,cw_symbols.raw,4018,method,medium
TGreatPower,GetDealInfo,"(short, short, short&, short&, short&, long&)","TGreatPower::GetDealInfo(short, short, short&, short&, short&, long&)",GetDealInfo__11TGreatPowerFssRsRsRsRl,cw_symbols.raw,4022,method,medium
TTaskForce,GetDeciSpeed,() const,TTaskForce::GetDeciSpeed() const,GetDeciSpeed__10TTaskForceCFv,cw_symbols.raw,4024,method,medium
TMapMgr,GetDevelopmentLevel,"(short, unsigned char)","TMapMgr::GetDevelopmentLevel(short, unsigned char)",GetDevelopmentLevel__7TMapMgrFsUc,cw_symbols.raw,4029,method,medium
TWindow,GetDialogBehavior,(),TWindow::GetDialogBehavior(),GetDialogBehavior__7TWindowFv,cw_symbols.raw,4030,method,medium
TZone,GetDistanceTo,(TZone*),TZone::GetDistanceTo(TZone*),GetDistanceTo__5TZoneFP5TZone,cw_symbols.raw,4034,method,medium
TView,GetDrawableQDRect,(CRect&),TView::GetDrawableQDRect(CRect&),GetDrawableQDRect__5TViewFR5CRect,cw_symbols.raw,4036,method,medium
TView,GetExtent,(VRect&),TView::GetExtent(VRect&),GetExtent__5TViewFR5VRect,cw_symbols.raw,4049,method,medium
TView,GetExtentRegion,"(Region**, 8)","TView::GetExtentRegion(Region**, 8)",GetExtentRegion__5TViewFPP6Region8,cw_symbols.raw,4050,method,medium
TInteriorMinister,GetExteriorNeedFor,(long),TInteriorMinister::GetExteriorNeedFor(long),GetExteriorNeedFor__17TInteriorMinisterFl,cw_symbols.raw,4051,method,medium
TCityInteriorMinister,GetExteriorNeedFor,(long),TCityInteriorMinister::GetExteriorNeedFor(long),GetExteriorNeedFor__21TCityInteriorMinisterFl,cw_symbols.raw,4052,method,medium
TDiplomacyMgr,GetFavorite,"(long, unsigned char, short)","TDiplomacyMgr::GetFavorite(long, unsigned char, short)",GetFavorite__13TDiplomacyMgrFlUcs,cw_symbols.raw,4054,method,medium
TFileHandler,GetFile,(),TFileHandler::GetFile(),GetFile__12TFileHandlerFv,cw_symbols.raw,4056,method,medium
TFile,GetFileInfo,(HParamBlockRec&),TFile::GetFileInfo(HParamBlockRec&),GetFileInfo__5TFileFR14HParamBlockRec,cw_symbols.raw,4059,method,medium
TAssetMgr,GetFileSize,(int),TAssetMgr::GetFileSize(int),GetFileSize__9TAssetMgrFi,cw_symbols.raw,4061,method,medium
TMapMgr,GetFillTilePictOffset,(),TMapMgr::GetFillTilePictOffset(),GetFillTilePictOffset__7TMapMgrFv,cw_symbols.raw,4065,method,medium
TFile,GetFinderInfo,(FInfo&),TFile::GetFinderInfo(FInfo&),GetFinderInfo__5TFileFR5FInfo,cw_symbols.raw,4066,method,medium
TAdmiral,GetFleetReport,"(CStr255&, TZone*, short) const","TAdmiral::GetFleetReport(CStr255&, TZone*, short) const",GetFleetReport__8TAdmiralCFR7CStr255P5TZones,cw_symbols.raw,4074,method,medium
TMapMgr,GetFortFlagOffset,(short),TMapMgr::GetFortFlagOffset(short),GetFortFlagOffset__7TMapMgrFs,cw_symbols.raw,4076,method,medium
TTacArmyView,GetFoxholeIndex,(long),TTacArmyView::GetFoxholeIndex(long),GetFoxholeIndex__12TTacArmyViewFl,cw_symbols.raw,4078,method,medium
TMapMgr,GetGarrisonBldgOffset,(short),TMapMgr::GetGarrisonBldgOffset(short),GetGarrisonBldgOffset__7TMapMgrFs,cw_symbols.raw,4082,method,medium
TView,GetGrafPort,(),TView::GetGrafPort(),GetGrafPort__5TViewFv,cw_symbols.raw,4085,method,medium
TEvent,GetHandler,"(void, 8)","TEvent::GetHandler(void, 8)",GetHandler__6TEventFv8,cw_symbols.raw,4087,method,medium
TSortedLongintList,GetIdentityItemNo,(long),TSortedLongintList::GetIdentityItemNo(long),GetIdentityItemNo__18TSortedLongintListFl,cw_symbols.raw,4099,method,medium
TMission,GetInfo,(char*),TMission::GetInfo(char*),GetInfo__8TMissionFPc,cw_symbols.raw,4111,method,medium
TGreatPower,GetInternalProductionRating,(),TGreatPower::GetInternalProductionRating(),GetInternalProductionRating__11TGreatPowerFv,cw_symbols.raw,4113,method,medium
TCluster,GetLabel,(CStr255&),TCluster::GetLabel(CStr255&),GetLabel__8TClusterFR7CStr255,cw_symbols.raw,4122,method,medium
TShip,GetLast,(),TShip::GetLast(),GetLast__5TShipFv,cw_symbols.raw,4125,method,medium
TPortZone,GetLastPort,(),TPortZone::GetLastPort(),GetLastPort__9TPortZoneFv,cw_symbols.raw,4128,method,medium
CRect,GetLength,(signed char) const,CRect::GetLength(signed char) const,GetLength__5CRectCFSc,cw_symbols.raw,4129,method,medium
TTradeMgr,GetMarketChange,(),TTradeMgr::GetMarketChange(),GetMarketChange__9TTradeMgrFv,cw_symbols.raw,4137,method,medium
TWindow,GetMaxIntersectedDevice,(CRect&),TWindow::GetMaxIntersectedDevice(CRect&),GetMaxIntersectedDevice__7TWindowFR5CRect,cw_symbols.raw,4141,method,medium
TCity,GetMerchantMarineAverageCargoHold,() const,TCity::GetMerchantMarineAverageCargoHold() const,GetMerchantMarineAverageCargoHold__5TCityCFv,cw_symbols.raw,4150,method,medium
TCity,GetMerchantMarineDeciSpeed,() const,TCity::GetMerchantMarineDeciSpeed() const,GetMerchantMarineDeciSpeed__5TCityCFv,cw_symbols.raw,4151,method,medium
TMapMgr,GetMilitaryMaster,(long),TMapMgr::GetMilitaryMaster(long),GetMilitaryMaster__7TMapMgrFl,cw_symbols.raw,4153,method,medium
TFile,GetModificationDate,(),TFile::GetModificationDate(),GetModificationDate__5TFileFv,cw_symbols.raw,4156,method,medium
TTaskForce,GetNationalIndex,() const,TTaskForce::GetNationalIndex() const,GetNationalIndex__10TTaskForceCFv,cw_symbols.raw,4164,method,medium
TCity,GetNextBuildingType,(short),TCity::GetNextBuildingType(short),GetNextBuildingType__5TCityFs,cw_symbols.raw,4178,method,medium
TEventHandler,GetNextHandler,(),TEventHandler::GetNextHandler(),GetNextHandler__13TEventHandlerFv,cw_symbols.raw,4181,method,medium
TGreatPower,GetNonBorderStrengthAnalysis,(),TGreatPower::GetNonBorderStrengthAnalysis(),GetNonBorderStrengthAnalysis__11TGreatPowerFv,cw_symbols.raw,4186,method,medium
TInteriorMinister,GetNumShipsToBuild,(),TInteriorMinister::GetNumShipsToBuild(),GetNumShipsToBuild__17TInteriorMinisterFv,cw_symbols.raw,4200,method,medium
TView,GetPartCode,(const VPoint&),TView::GetPartCode(const VPoint&),GetPartCode__5TViewFRC6VPoint,cw_symbols.raw,4205,method,medium
TFile,GetPathName,(CStr255&),TFile::GetPathName(CStr255&),GetPathName__5TFileFR7CStr255,cw_symbols.raw,4207,method,medium
TMultiplayerMgr,GetPlayerStatus,(int) const,TMultiplayerMgr::GetPlayerStatus(int) const,GetPlayerStatus__15TMultiplayerMgrCFi,cw_symbols.raw,4216,method,medium
TPopup,GetPopupTitleStyle,(),TPopup::GetPopupTitleStyle(),GetPopupTitleStyle__6TPopupFv,cw_symbols.raw,4217,method,medium
TArmyMission,GetPresentLocation,() const,TArmyMission::GetPresentLocation() const,GetPresentLocation__12TArmyMissionCFv,cw_symbols.raw,4230,method,medium
TNavyMission,GetPresentLocation,() const,TNavyMission::GetPresentLocation() const,GetPresentLocation__12TNavyMissionCFv,cw_symbols.raw,4231,method,medium
TView,GetPrintHandler,(),TView::GetPrintHandler(),GetPrintHandler__5TViewFv,cw_symbols.raw,4237,method,medium
TOcean,GetProvinceAt,(short) const,TOcean::GetProvinceAt(short) const,GetProvinceAt__6TOceanCFs,cw_symbols.raw,4242,method,medium
TMapMgr,GetProvinceRoughness,(short) const,TMapMgr::GetProvinceRoughness(short) const,GetProvinceRoughness__7TMapMgrCFs,cw_symbols.raw,4244,method,medium
TStdPrintHandler,GetQDOrigin,(),TStdPrintHandler::GetQDOrigin(),GetQDOrigin__16TStdPrintHandlerFv,cw_symbols.raw,4247,method,medium
TNavyTacUnit,GetRealShip,(),TNavyTacUnit::GetRealShip(),GetRealShip__12TNavyTacUnitFv,cw_symbols.raw,4259,method,medium
TMapMgr,GetResourceAmtAt,"(short, short)","TMapMgr::GetResourceAmtAt(short, short)",GetResourceAmtAt__7TMapMgrFss,cw_symbols.raw,4262,method,medium
TCity,GetRollingStock,(),TCity::GetRollingStock(),GetRollingStock__5TCityFv,cw_symbols.raw,4268,method,medium
TZone,GetSafestNearbyZoneFor,(short) const,TZone::GetSafestNearbyZoneFor(short) const,GetSafestNearbyZoneFor__5TZoneCFs,cw_symbols.raw,4272,method,medium
TFileHandler,GetSaveInfo,"(long, unsigned char, CInfoPBRec&)","TFileHandler::GetSaveInfo(long, unsigned char, CInfoPBRec&)",GetSaveInfo__12TFileHandlerFlUcR10CInfoPBRec,cw_symbols.raw,4274,method,medium
TSimMgr,GetSeason,(CStr255&),TSimMgr::GetSeason(CStr255&),GetSeason__7TSimMgrFR7CStr255,cw_symbols.raw,4279,method,medium
TMapMaker,GetSeaZoneIndex,(int),TMapMaker::GetSeaZoneIndex(int),GetSeaZoneIndex__9TMapMakerFi,cw_symbols.raw,4281,method,medium
TAutoGreatPower,GetSeaZoneProduct,(TZone*),TAutoGreatPower::GetSeaZoneProduct(TZone*),GetSeaZoneProduct__15TAutoGreatPowerFP5TZone,cw_symbols.raw,4282,method,medium
TArmyMgr,GetSelectedForceSize,(),TArmyMgr::GetSelectedForceSize(),GetSelectedForceSize__8TArmyMgrFv,cw_symbols.raw,4285,method,medium
TTaskForce,GetSeniorOfficer,() const,TTaskForce::GetSeniorOfficer() const,GetSeniorOfficer__10TTaskForceCFv,cw_symbols.raw,4288,method,medium
TZone,GetSeniorOfficerOf,(int) const,TZone::GetSeniorOfficerOf(int) const,GetSeniorOfficerOf__5TZoneCFi,cw_symbols.raw,4289,method,medium
TDialogView,GetStandardSignature,(),TDialogView::GetStandardSignature(),GetStandardSignature__11TDialogViewFv,cw_symbols.raw,4310,method,medium
TDimAdorner,GetStandardSignature,(),TDimAdorner::GetStandardSignature(),GetStandardSignature__11TDimAdornerFv,cw_symbols.raw,4311,method,medium
TLineTopAdorner,GetStandardSignature,(),TLineTopAdorner::GetStandardSignature(),GetStandardSignature__15TLineTopAdornerFv,cw_symbols.raw,4325,method,medium
TLineBottomAdorner,GetStandardSignature,(),TLineBottomAdorner::GetStandardSignature(),GetStandardSignature__18TLineBottomAdornerFv,cw_symbols.raw,4330,method,medium
TResizeIconAdorner,GetStandardSignature,(),TResizeIconAdorner::GetStandardSignature(),GetStandardSignature__18TResizeIconAdornerFv,cw_symbols.raw,4331,method,medium
TScrollerScrollBar,GetStandardSignature,(),TScrollerScrollBar::GetStandardSignature(),GetStandardSignature__18TScrollerScrollBarFv,cw_symbols.raw,4332,method,medium
TCluster,GetStandardSignature,(),TCluster::GetStandardSignature(),GetStandardSignature__8TClusterFv,cw_symbols.raw,4341,method,medium
TPicture,GetStandardSignature,(),TPicture::GetStandardSignature(),GetStandardSignature__8TPictureFv,cw_symbols.raw,4344,method,medium
TTextGridView,GetText,"(CPoint, CStr255&)","TTextGridView::GetText(CPoint, CStr255&)",GetText__13TTextGridViewF6CPointR7CStr255,cw_symbols.raw,4359,method,medium
TTextListView,GetText,"(CPoint, CStr255&)","TTextListView::GetText(CPoint, CStr255&)",GetText__13TTextListViewF6CPointR7CStr255,cw_symbols.raw,4360,method,medium
TEditText,GetText,(CStr255&),TEditText::GetText(CStr255&),GetText__9TEditTextFR7CStr255,cw_symbols.raw,4362,method,medium
TCivMgr,GetTileSelection,"(short, short)","TCivMgr::GetTileSelection(short, short)",GetTileSelection__7TCivMgrFss,cw_symbols.raw,4368,method,medium
TViewMgr,GetTradeScreenValues,(),TViewMgr::GetTradeScreenValues(),GetTradeScreenValues__8TViewMgrFv,cw_symbols.raw,4385,method,medium
TInvadeMission,GetTransportNeed,"(void, 8) const","TInvadeMission::GetTransportNeed(void, 8) const",GetTransportNeed__14TInvadeMissionCFv8,cw_symbols.raw,4390,method,medium
TMilitaryUnit,GetTypeArmsCarried,(int),TMilitaryUnit::GetTypeArmsCarried(int),GetTypeArmsCarried__13TMilitaryUnitFi,cw_symbols.raw,4394,method,medium
TShip,GetTypeSlot,(short),TShip::GetTypeSlot(short),GetTypeSlot__5TShipFs,cw_symbols.raw,4407,method,medium
TArmyTacUnit,GetUID,() const,TArmyTacUnit::GetUID() const,GetUID__12TArmyTacUnitCFv,cw_symbols.raw,4410,method,medium
TNumberText,GetValue,(),TNumberText::GetValue(),GetValue__11TNumberTextFv,cw_symbols.raw,4420,method,medium
TGreatPower,GetWarNumber,(),TGreatPower::GetWarNumber(),GetWarNumber__11TGreatPowerFv,cw_symbols.raw,4435,method,medium
TMission,GetWeightedSatisfaction,() const,TMission::GetWeightedSatisfaction() const,GetWeightedSatisfaction__8TMissionCFv,cw_symbols.raw,4442,method,medium
TWindow,GetWindow,(),TWindow::GetWindow(),GetWindow__7TWindowFv,cw_symbols.raw,4445,method,medium
MemoryHeap,GetZapOnAllocate,() const,MemoryHeap::GetZapOnAllocate() const,GetZapOnAllocate__10MemoryHeapCFv,cw_symbols.raw,4449,method,medium
MemoryHeap,GetZapOnFree,() const,MemoryHeap::GetZapOnFree() const,GetZapOnFree__10MemoryHeapCFv,cw_symbols.raw,4450,method,medium
TTEView,GivePasteData,"(char**, unsigned long)","TTEView::GivePasteData(char**, unsigned long)",GivePasteData__7TTEViewFPPcUl,cw_symbols.raw,4462,method,medium
THandleStream,GrowthSize,(long),THandleStream::GrowthSize(long),GrowthSize__13THandleStreamFl,cw_symbols.raw,4476,method,medium
BestFitBlock,operator>,(const BestFitBlock&) const,BestFitBlock::operator>(const BestFitBlock&) const,__gt__12BestFitBlockCFRC12BestFitBlock,cw_symbols.raw,4478,method,medium
TWorldView,HandleCursor,"(const VPoint&, Region**, 8)","TWorldView::HandleCursor(const VPoint&, Region**, 8)",HandleCursor__10TWorldViewFRC6VPointPP6Region8,cw_symbols.raw,4480,method,medium
TApplication,HandleFinderRequest,(),TApplication::HandleFinderRequest(),HandleFinderRequest__12TApplicationFv,cw_symbols.raw,4485,method,medium
TView,HandleHelp,"(const VPoint&, Region**)","TView::HandleHelp(const VPoint&, Region**)",HandleHelp__5TViewFRC6VPointPP6Region,cw_symbols.raw,4487,method,medium
TBehavior,HandleIdle,"(IdlePhase, 8)","TBehavior::HandleIdle(IdlePhase, 8)",HandleIdle__9TBehaviorF9IdlePhase8,cw_symbols.raw,4489,method,medium
TEventHandler,HandleKeyUp,(TToolboxEvent*),TEventHandler::HandleKeyUp(TToolboxEvent*),HandleKeyUp__13TEventHandlerFP13TToolboxEvent,cw_symbols.raw,4490,method,medium
TWindow,HandlesCursor,(),TWindow::HandlesCursor(),HandlesCursor__7TWindowFv,cw_symbols.raw,4506,method,medium
TCommandHandler,HandleSetupMenus,(),TCommandHandler::HandleSetupMenus(),HandleSetupMenus__15TCommandHandlerFv,cw_symbols.raw,4507,method,medium
TView,HandlesHelp,(),TView::HandlesHelp(),HandlesHelp__5TViewFv,cw_symbols.raw,4508,method,medium
TTracker,HandleTrackBegin,"(const VPoint&, CPoint)","TTracker::HandleTrackBegin(const VPoint&, CPoint)",HandleTrackBegin__8TTrackerFRC6VPoint6CPoint,cw_symbols.raw,4510,method,medium
TFile,HasDataFork,(),TFile::HasDataFork(),HasDataFork__5TFileFv,cw_symbols.raw,4515,method,medium
TGreatPower,HasDeveloper,(),TGreatPower::HasDeveloper(),HasDeveloper__11TGreatPowerFv,cw_symbols.raw,4516,method,medium
TGreatPower,HasEnemy,(),TGreatPower::HasEnemy(),HasEnemy__11TGreatPowerFv,cw_symbols.raw,4517,method,medium
TZone,HasFreeShipsOfPlayer,"(int, unsigned char) const","TZone::HasFreeShipsOfPlayer(int, unsigned char) const",HasFreeShipsOfPlayer__5TZoneCFiUc,cw_symbols.raw,4519,method,medium
TZone,HasNeighbor,"(short, 8)","TZone::HasNeighbor(short, 8)",HasNeighbor__5TZoneFs8,cw_symbols.raw,4522,method,medium
TFileHandler,HasRsrcFork,(),TFileHandler::HasRsrcFork(),HasRsrcFork__12TFileHandlerFv,cw_symbols.raw,4526,method,medium
TCellSelectCommand,HighlightNewSelection,(),TCellSelectCommand::HighlightNewSelection(),HighlightNewSelection__18TCellSelectCommandFv,cw_symbols.raw,4539,method,medium
TNoHiliteText,Hilite,(),TNoHiliteText::Hilite(),Hilite__13TNoHiliteTextFv,cw_symbols.raw,4543,method,medium
TArmyCheckBox,HiliteState,"(unsigned char, unsigned char)","TArmyCheckBox::HiliteState(unsigned char, unsigned char)",HiliteState__13TArmyCheckBoxFUcUc,cw_symbols.raw,4552,method,medium
TGWorldButton,HiliteState,"(unsigned char, unsigned char)","TGWorldButton::HiliteState(unsigned char, unsigned char)",HiliteState__13TGWorldButtonFUcUc,cw_symbols.raw,4553,method,medium
TInvadeMission,Hold,(unsigned char),TInvadeMission::Hold(unsigned char),Hold__14TInvadeMissionFUc,cw_symbols.raw,4562,method,medium
TMultiplayerMgr,Host,(),TMultiplayerMgr::Host(),Host__15TMultiplayerMgrFv,cw_symbols.raw,4564,method,medium
TAdvanceGameCommand,IAdvanceGameCommand,(),TAdvanceGameCommand::IAdvanceGameCommand(),IAdvanceGameCommand__19TAdvanceGameCommandFv,cw_symbols.raw,4574,method,medium
TApplication,IApplication,"(unsigned long, unsigned long)","TApplication::IApplication(unsigned long, unsigned long)",IApplication__12TApplicationFUlUl,cw_symbols.raw,4579,method,medium
TArmyMgr,IArmyMgr,(),TArmyMgr::IArmyMgr(),IArmyMgr__8TArmyMgrFv,cw_symbols.raw,4580,method,medium
TArmyPlayer,IArmyPlayer,"(TArmyStack*, unsigned char, unsigned char, long)","TArmyPlayer::IArmyPlayer(TArmyStack*, unsigned char, unsigned char, long)",IArmyPlayer__11TArmyPlayerFP10TArmyStackUcUcl,cw_symbols.raw,4581,method,medium
TArmyUnitLine:,IArmyUnitLine,"(short, short, VPoint&, TMilitaryUnit*)","TArmyUnitLine:::IArmyUnitLine(short, short, VPoint&, TMilitaryUnit*)",:.IArmyUnitLine__13TArmyUnitLineFssR6VPointP13TMilitaryUnit,cw_symbols.raw,4584,method,medium
TCapacityOrder,ICapacityOrder,"(TCity*, short, short, short, short)","TCapacityOrder::ICapacityOrder(TCity*, short, short, short, short)",ICapacityOrder__14TCapacityOrderFP5TCityssss,cw_symbols.raw,4591,method,medium
TCommodityLine,ICommodityLine,"(short, short, VPoint&, short)","TCommodityLine::ICommodityLine(short, short, VPoint&, short)",ICommodityLine__14TCommodityLineFssR6VPoints,cw_symbols.raw,4603,method,medium
TContext,IContext,(),TContext::IContext(),IContext__8TContextFv,cw_symbols.raw,4604,method,medium
TDialogBehavior,IDialogBehavior,"(unsigned char, unsigned long, unsigned long)","TDialogBehavior::IDialogBehavior(unsigned char, unsigned long, unsigned long)",IDialogBehavior__15TDialogBehaviorFUcUlUl,cw_symbols.raw,4612,method,medium
TFocusAnimation,IdleDraw,(),TFocusAnimation::IdleDraw(),IdleDraw__15TFocusAnimationFv,cw_symbols.raw,4618,method,medium
TDrawingEnvironment,IDrawingEnvironment,(),TDrawingEnvironment::IDrawingEnvironment(),IDrawingEnvironment__19TDrawingEnvironmentFv,cw_symbols.raw,4622,method,medium
TDynamicArray,IDynamicArray,"(long, short)","TDynamicArray::IDynamicArray(long, short)",IDynamicArray__13TDynamicArrayFls,cw_symbols.raw,4623,method,medium
TFileHandler:,IFileHandler,"(TFileBasedDocument*, TFile*)","TFileHandler:::IFileHandler(TFileBasedDocument*, TFile*)",:.IFileHandler__12TFileHandlerFP18TFileBasedDocumentP5TFile,cw_symbols.raw,4630,method,medium
TGreatPower,IGreatPower,"(short, short)","TGreatPower::IGreatPower(short, short)",IGreatPower__11TGreatPowerFss,cw_symbols.raw,4638,method,medium
THelpMgr,IHelpMgr,(),THelpMgr::IHelpMgr(),IHelpMgr__8THelpMgrFv,cw_symbols.raw,4640,method,medium
TIdleMeAnimation,IIdleMeAnimation,(TView*),TIdleMeAnimation::IIdleMeAnimation(TView*),IIdleMeAnimation__16TIdleMeAnimationFP5TView,cw_symbols.raw,4643,method,medium
TStaticText,ImageText,"(char*, long, const VRect&, short)","TStaticText::ImageText(char*, long, const VRect&, short)",ImageText__11TStaticTextFPclRC5VRects,cw_symbols.raw,4653,method,medium
TMinor,IMinor,(short),TMinor::IMinor(short),IMinor__6TMinorFs,cw_symbols.raw,4660,method,medium
TWorldView,ImmediateDrawTile,(short),TWorldView::ImmediateDrawTile(short),ImmediateDrawTile__10TWorldViewFs,cw_symbols.raw,4663,method,medium
TMovieObject,IMovieObject,"(FSSpec, short, CPoint&)","TMovieObject::IMovieObject(FSSpec, short, CPoint&)",IMovieObject__12TMovieObjectF6FSSpecsR6CPoint,cw_symbols.raw,4664,method,medium
TGreatPower,ImproveTradePolicyTo,(short),TGreatPower::ImproveTradePolicyTo(short),ImproveTradePolicyTo__11TGreatPowerFs,cw_symbols.raw,4666,method,medium
TNavyMgr,INavyMgr,(),TNavyMgr::INavyMgr(),INavyMgr__8TNavyMgrFv,cw_symbols.raw,4669,method,medium
TCityTask,IncompleteMaterials,(),TCityTask::IncompleteMaterials(),IncompleteMaterials__9TCityTaskFv,cw_symbols.raw,4674,method,medium
TGreatPower,IndustrialImpactOfLostLabor,(short) const,TGreatPower::IndustrialImpactOfLostLabor(short) const,IndustrialImpactOfLostLabor__11TGreatPowerCFs,cw_symbols.raw,4684,method,medium
TNewDocumentCommand,INewDocumentCommand,(long),TNewDocumentCommand::INewDocumentCommand(long),INewDocumentCommand__19TNewDocumentCommandFl,cw_symbols.raw,4687,method,medium
TNewsMgr,INewsMgr,(),TNewsMgr::INewsMgr(),INewsMgr__8TNewsMgrFv,cw_symbols.raw,4688,method,medium
TBusyCursor,InitializeAnimatedCursor,(short),TBusyCursor::InitializeAnimatedCursor(short),InitializeAnimatedCursor__11TBusyCursorFs,cw_symbols.raw,4703,method,medium
TServerCommand,^.InitializeFromAppleEvent,"(long, TCommandHandler*, unsigned char, unsigned char, TObject*, const AEDesc&, const AEDesc&)","TServerCommand::^.InitializeFromAppleEvent(long, TCommandHandler*, unsigned char, unsigned char, TObject*, const AEDesc&, const AEDesc&)",^.InitializeFromAppleEvent__14TServerCommandFlP15TCommandHandlerUcUcP7TObjectRC6AEDescRC6AEDesc,cw_symbols.raw,4707,method,medium
TDisplayMgr,InitializeWindowAndMBarSize,(),TDisplayMgr::InitializeWindowAndMBarSize(),InitializeWindowAndMBarSize__11TDisplayMgrFv,cw_symbols.raw,4716,method,medium
TSimMgr,InLinearPhase,(),TSimMgr::InLinearPhase(),InLinearPhase__7TSimMgrFv,cw_symbols.raw,4720,method,medium
TGridView,InsColLast,"(short, short)","TGridView::InsColLast(short, short)",InsColLast__9TGridViewFss,cw_symbols.raw,4724,method,medium
TLongintList,InsertFirst,(long),TLongintList::InsertFirst(long),InsertFirst__12TLongintListFl,cw_symbols.raw,4742,method,medium
TList,InsertFirst,(TObject*),TList::InsertFirst(TObject*),InsertFirst__5TListFP7TObject,cw_symbols.raw,4744,method,medium
TTextListView,InsItemBefore,"(short, short)","TTextListView::InsItemBefore(short, short)",InsItemBefore__13TTextListViewFss,cw_symbols.raw,4754,method,medium
TGridView,InsRowLast,"(short, short)","TGridView::InsRowLast(short, short)",InsRowLast__9TGridViewFss,cw_symbols.raw,4759,method,medium
PatchExitToShell,Install,(void (*)(void)),PatchExitToShell::Install(void (*)(void)),Install__16PatchExitToShellFPFv_v,cw_symbols.raw,4764,method,medium
TAnimator,Install,(),TAnimator::Install(),Install__9TAnimatorFv,cw_symbols.raw,4766,method,medium
TCtlMgr,InstallColor,"(const CRGBColor&, unsigned char)","TCtlMgr::InstallColor(const CRGBColor&, unsigned char)",InstallColor__7TCtlMgrFRC9CRGBColorUc,cw_symbols.raw,4767,method,medium
TStdPrintHandler,InstallMargins,"(const VRect&, unsigned char)","TStdPrintHandler::InstallMargins(const VRect&, unsigned char)",InstallMargins__16TStdPrintHandlerFRC5VRectUc,cw_symbols.raw,4773,method,medium
TPictureLine,InstallViews,"(TView*, VPoint&)","TPictureLine::InstallViews(TView*, VPoint&)",InstallViews__12TPictureLineFP5TViewR6VPoint,cw_symbols.raw,4779,method,medium
TArmyUnitLine,InstallViews,"(TView*, VPoint&)","TArmyUnitLine::InstallViews(TView*, VPoint&)",InstallViews__13TArmyUnitLineFP5TViewR6VPoint,cw_symbols.raw,4780,method,medium
TTechItemLine,InstallViews,"(TView*, VPoint&)","TTechItemLine::InstallViews(TView*, VPoint&)",InstallViews__13TTechItemLineFP5TViewR6VPoint,cw_symbols.raw,4781,method,medium
TTargetBorderView,InvalidateBorderRegion,(),TTargetBorderView::InvalidateBorderRegion(),InvalidateBorderRegion__17TTargetBorderViewFv,cw_symbols.raw,4792,method,medium
TApplication,InvalidateCursorRgn,(),TApplication::InvalidateCursorRgn(),InvalidateCursorRgn__12TApplicationFv,cw_symbols.raw,4795,method,medium
TApplication,InvalidateFocus,(),TApplication::InvalidateFocus(),InvalidateFocus__12TApplicationFv,cw_symbols.raw,4796,method,medium
TView,InvalidateFocus,(),TView::InvalidateFocus(),InvalidateFocus__5TViewFv,cw_symbols.raw,4797,method,medium
TTextListView,InvalidateItem,(short),TTextListView::InvalidateItem(short),InvalidateItem__13TTextListViewFs,cw_symbols.raw,4798,method,medium
TMapUberPicture,InvalidateZone,(TZone*),TMapUberPicture::InvalidateZone(TZone*),InvalidateZone__15TMapUberPictureFP5TZone,cw_symbols.raw,4810,method,medium
TTacticalBattle,InZOC,"(long, long, unsigned char)","TTacticalBattle::InZOC(long, long, unsigned char)",InZOC__15TTacticalBattleFllUc,cw_symbols.raw,4812,method,medium
TOcean,IOcean,(),TOcean::IOcean(),IOcean__6TOceanFv,cw_symbols.raw,4815,method,medium
TODocCommand,IODocCommand,"(long, TList*)","TODocCommand::IODocCommand(long, TList*)",IODocCommand__12TODocCommandFlP5TList,cw_symbols.raw,4816,method,medium
TOneTimeAnimation:,IOneTimeAnimation,"(TView*, CRect&, short, short, long, long)","TOneTimeAnimation:::IOneTimeAnimation(TView*, CRect&, short, short, long, long)",:.IOneTimeAnimation__17TOneTimeAnimationFP5TViewR5CRectssll,cw_symbols.raw,4817,method,medium
TPowerPlantOrder,IPowerPlantOrder,(TCity*),TPowerPlantOrder::IPowerPlantOrder(TCity*),IPowerPlantOrder__16TPowerPlantOrderFP5TCity,cw_symbols.raw,4821,method,medium
TPrintMenuBehavior:,IPrintMenuBehavior,(TPrintHandler*),TPrintMenuBehavior:::IPrintMenuBehavior(TPrintHandler*),:.IPrintMenuBehavior__18TPrintMenuBehaviorFP13TPrintHandler,cw_symbols.raw,4824,method,medium
TProductionOrder,IProductionOrder,"(TCity*, short)","TProductionOrder::IProductionOrder(TCity*, short)",IProductionOrder__16TProductionOrderFP5TCitys,cw_symbols.raw,4825,method,medium
TPtrList,IPtrList,(short),TPtrList::IPtrList(short),IPtrList__8TPtrListFs,cw_symbols.raw,4826,method,medium
CRowIterator,IRowIterator,"(TGridView*, short, short, unsigned char)","CRowIterator::IRowIterator(TGridView*, short, short, unsigned char)",IRowIterator__12CRowIteratorFP9TGridViewssUc,cw_symbols.raw,4829,method,medium
TEscortMission,IsANoBrainer,"(void, 8) const","TEscortMission::IsANoBrainer(void, 8) const",IsANoBrainer__14TEscortMissionCFv8,cw_symbols.raw,4837,method,medium
TAttackProvinceMission,IsANoBrainer,() const,TAttackProvinceMission::IsANoBrainer() const,IsANoBrainer__22TAttackProvinceMissionCFv,cw_symbols.raw,4841,method,medium
TControlSeaZoneMission,IsANoBrainer,"(void, 8) const","TControlSeaZoneMission::IsANoBrainer(void, 8) const",IsANoBrainer__22TControlSeaZoneMissionCFv8,cw_symbols.raw,4842,method,medium
TDefendProvinceMission,IsANoBrainer,"(void, 8) const","TDefendProvinceMission::IsANoBrainer(void, 8) const",IsANoBrainer__22TDefendProvinceMissionCFv8,cw_symbols.raw,4843,method,medium
TScatteredShipsMission,IsANoBrainer,"(void, 8) const","TScatteredShipsMission::IsANoBrainer(void, 8) const",IsANoBrainer__22TScatteredShipsMissionCFv8,cw_symbols.raw,4844,method,medium
TToolboxEvent,IsAutoKeyEvent,(),TToolboxEvent::IsAutoKeyEvent(),IsAutoKeyEvent__13TToolboxEventFv,cw_symbols.raw,4852,method,medium
TDiplomacyMgr,IsBoycott,"(short, short)","TDiplomacyMgr::IsBoycott(short, short)",IsBoycott__13TDiplomacyMgrFss,cw_symbols.raw,4853,method,medium
TTradeCluster,IsBuyOffer,(),TTradeCluster::IsBuyOffer(),IsBuyOffer__13TTradeClusterFv,cw_symbols.raw,4855,method,medium
TCtlMgr,IsCMgrVisible,(),TCtlMgr::IsCMgrVisible(),IsCMgrVisible__7TCtlMgrFv,cw_symbols.raw,4862,method,medium
TTacticalBattle,IsDeploymentTile,(long),TTacticalBattle::IsDeploymentTile(long),IsDeploymentTile__15TTacticalBattleFl,cw_symbols.raw,4872,method,medium
TControl,IsDimmed,(),TControl::IsDimmed(),IsDimmed__8TControlFv,cw_symbols.raw,4874,method,medium
TObject,IsEqual,(const TObject*) const,TObject::IsEqual(const TObject*) const,IsEqual__7TObjectCFPC7TObject,cw_symbols.raw,4888,method,medium
TPortZone,IsFriendlyWith,(short) const,TPortZone::IsFriendlyWith(short) const,IsFriendlyWith__9TPortZoneCFs,cw_symbols.raw,4892,method,medium
TWindow,IsHiddenOnSuspend,(),TWindow::IsHiddenOnSuspend(),IsHiddenOnSuspend__7TWindowFv,cw_symbols.raw,4898,method,medium
TShipOrder,IShipOrder,"(TCity*, short)","TShipOrder::IShipOrder(TCity*, short)",IShipOrder__10TShipOrderFP5TCitys,cw_symbols.raw,4901,method,medium
TMinor,IsInConsortiumWith,(short),TMinor::IsInConsortiumWith(short),IsInConsortiumWith__6TMinorFs,cw_symbols.raw,4911,method,medium
TTextListView,IsItemSelected,(short),TTextListView::IsItemSelected(short),IsItemSelected__13TTextListViewFs,cw_symbols.raw,4915,method,medium
TToolboxEvent,IsOptionKeyPressed,(),TToolboxEvent::IsOptionKeyPressed(),IsOptionKeyPressed__13TToolboxEventFv,cw_symbols.raw,4930,method,medium
TSortedDynamicArray,ISortedDynamicArray,"(long, short)","TSortedDynamicArray::ISortedDynamicArray(long, short)",ISortedDynamicArray__19TSortedDynamicArrayFls,cw_symbols.raw,4932,method,medium
TBehavior,IsOwnerSelected,(),TBehavior::IsOwnerSelected(),IsOwnerSelected__9TBehaviorFv,cw_symbols.raw,4938,method,medium
TZone,IsPortZone,() const,TZone::IsPortZone() const,IsPortZone__5TZoneCFv,cw_symbols.raw,4942,method,medium
TPortZone,IsPortZone,() const,TPortZone::IsPortZone() const,IsPortZone__9TPortZoneCFv,cw_symbols.raw,4943,method,medium
TMapMgr,IsProvinceAdjacentTo,"(long, long)","TMapMgr::IsProvinceAdjacentTo(long, long)",IsProvinceAdjacentTo__7TMapMgrFll,cw_symbols.raw,4944,method,medium
TMission,IsProvinceVulnerable,(short),TMission::IsProvinceVulnerable(short),IsProvinceVulnerable__8TMissionFs,cw_symbols.raw,4945,method,medium
TSoundPlayer,IsQuiet,(),TSoundPlayer::IsQuiet(),IsQuiet__12TSoundPlayerFv,cw_symbols.raw,4948,method,medium
TCommand,IsReadyToExecute,(),TCommand::IsReadyToExecute(),IsReadyToExecute__8TCommandFv,cw_symbols.raw,4951,method,medium
TDiplomacyMgr,IsRecentFavoredGP,"(short, short)","TDiplomacyMgr::IsRecentFavoredGP(short, short)",IsRecentFavoredGP__13TDiplomacyMgrFss,cw_symbols.raw,4954,method,medium
TDiplomacyMgr,IsRecentTradeFavorite,"(short, short)","TDiplomacyMgr::IsRecentTradeFavorite(short, short)",IsRecentTradeFavorite__13TDiplomacyMgrFss,cw_symbols.raw,4955,method,medium
TEventHandler,IsSelected,(),TEventHandler::IsSelected(),IsSelected__13TEventHandlerFv,cw_symbols.raw,4971,method,medium
TToggleButton,IsSelected,(),TToggleButton::IsSelected(),IsSelected__13TToggleButtonFv,cw_symbols.raw,4972,method,medium
TTradeCluster,IsSelectionAllowed,(),TTradeCluster::IsSelectionAllowed(),IsSelectionAllowed__13TTradeClusterFv,cw_symbols.raw,4975,method,medium
TView,IsShown,(),TView::IsShown(),IsShown__5TViewFv,cw_symbols.raw,4982,method,medium
TDiplomacyMgr,IssueDeclarationsOfWar,(),TDiplomacyMgr::IssueDeclarationsOfWar(),IssueDeclarationsOfWar__13TDiplomacyMgrFv,cw_symbols.raw,4986,method,medium
TMapDialog,IsTileVisible,(short),TMapDialog::IsTileVisible(short),IsTileVisible__10TMapDialogFs,cw_symbols.raw,4989,method,medium
TWorldView,IsTileVisible,(short),TWorldView::IsTileVisible(short),IsTileVisible__10TWorldViewFs,cw_symbols.raw,4990,method,medium
TView,IsValid,(),TView::IsValid(),IsValid__5TViewFv,cw_symbols.raw,4996,method,medium
TMilitaryUnit,IsWithinXTurnsOf,"(short, short) const","TMilitaryUnit::IsWithinXTurnsOf(short, short) const",IsWithinXTurnsOf__13TMilitaryUnitCFss,cw_symbols.raw,5003,method,medium
TTECommand,ITECommand,"(TTEView*, long, unsigned char)","TTECommand::ITECommand(TTEView*, long, unsigned char)",ITECommand__10TTECommandFP7TTEViewlUc,cw_symbols.raw,5013,method,medium
TNewspaperView,ItemParmList,"(CStr255&, long)","TNewspaperView::ItemParmList(CStr255&, long)",ItemParmList__14TNewspaperViewFR7CStr255l,cw_symbols.raw,5014,method,medium
TTEPasteCommand,ITEPasteCommand,(TTEView*),TTEPasteCommand::ITEPasteCommand(TTEView*),ITEPasteCommand__15TTEPasteCommandFP7TTEView,cw_symbols.raw,5015,method,medium
TTrainingOrder,ITrainingOrder,"(TCity*, short)","TTrainingOrder::ITrainingOrder(TCity*, short)",ITrainingOrder__14TTrainingOrderFP5TCitys,cw_symbols.raw,5024,method,medium
TUnitOrder,IUnitOrder,"(TCity*, short, short, short, short, short, short, short, unsigned char)","TUnitOrder::IUnitOrder(TCity*, short, short, short, short, short, short, short, unsigned char)",IUnitOrder__10TUnitOrderFP5TCitysssssssUc,cw_symbols.raw,5028,method,medium
TViewMgr,IViewMgr,(),TViewMgr::IViewMgr(),IViewMgr__8TViewMgrFv,cw_symbols.raw,5030,method,medium
TDeluxeText,IDeluxeText,"(TView*, const VPoint&, const VPoint&, const VRect&, const TextStyle&, short)","TDeluxeText::IDeluxeText(TView*, const VPoint&, const VPoint&, const VRect&, const TextStyle&, short)",IDeluxeText__11TDeluxeTextFP5TViewRC6VPointRC6VPointRC5VRectRC9TextStyles,cw_symbols.raw,5034,method,medium
TMultiplayerMgr,SetSyncPhases,"(eGamePhaseNewStyle, eGamePhaseNewStyle)","TMultiplayerMgr::SetSyncPhases(eGamePhaseNewStyle, eGamePhaseNewStyle)",SetSyncPhases__15TMultiplayerMgrF18eGamePhaseNewStyle18eGamePhaseNewStyle,cw_symbols.raw,5035,method,medium
TNumberedArrowButton,TrackMouse,"(TrackPhase, VPoint&, VPoint&, VPoint&, unsigned char)","TNumberedArrowButton::TrackMouse(TrackPhase, VPoint&, VPoint&, VPoint&, unsigned char)",TrackMouse__20TNumberedArrowButtonF10TrackPhaseR6VPointR6VPointR6VPointUc,cw_symbols.raw,5036,method,medium
TAssociation,KeyAt,"(const CStr255&, CStr255&)","TAssociation::KeyAt(const CStr255&, CStr255&)",KeyAt__12TAssociationFRC7CStr255R7CStr255,cw_symbols.raw,5038,method,medium
TGreatPower,KillAllCivilianUnits,(),TGreatPower::KillAllCivilianUnits(),KillAllCivilianUnits__11TGreatPowerFv,cw_symbols.raw,5039,method,medium
TMinor,KillForeignCompaniesIn,(long),TMinor::KillForeignCompaniesIn(long),KillForeignCompaniesIn__6TMinorFl,cw_symbols.raw,5043,method,medium
TAutoGreatPower,KillMissions,(),TAutoGreatPower::KillMissions(),KillMissions__15TAutoGreatPowerFv,cw_symbols.raw,5044,method,medium
TTacticalBattle,LaMove,"(TArmyTacUnit*, int, int, unsigned char)","TTacticalBattle::LaMove(TArmyTacUnit*, int, int, unsigned char)",LaMove__15TTacticalBattleFP12TArmyTacUnitiiUc,cw_symbols.raw,5053,method,medium
TMapMgr,LandPrice,(int),TMapMgr::LandPrice(int),LandPrice__7TMapMgrFi,cw_symbols.raw,5054,method,medium
TTacticalBattle,LaSelect,"(TArmyTacUnit*, unsigned char)","TTacticalBattle::LaSelect(TArmyTacUnit*, unsigned char)",LaSelect__15TTacticalBattleFP12TArmyTacUnitUc,cw_symbols.raw,5055,method,medium
CWMgrIterator,LastWindow,(),CWMgrIterator::LastWindow(),LastWindow__13CWMgrIteratorFv,cw_symbols.raw,5062,method,medium
TClipboardMgr,Launch,(),TClipboardMgr::Launch(),Launch__13TClipboardMgrFv,cw_symbols.raw,5063,method,medium
TMissionSnooperView,List,(),TMissionSnooperView::List(),List__19TMissionSnooperViewFv,cw_symbols.raw,5075,method,medium
TArmyBattle,LoadMap,"(long, long)","TArmyBattle::LoadMap(long, long)",LoadMap__11TArmyBattleFll,cw_symbols.raw,5077,method,medium
TLoadSavePicture,LoadMeUp,"(int, const char*)","TLoadSavePicture::LoadMeUp(int, const char*)",LoadMeUp__16TLoadSavePictureFiPCc,cw_symbols.raw,5078,method,medium
TDeluxeText,LoadTextResource,(short),TDeluxeText::LoadTextResource(short),LoadTextResource__11TDeluxeTextFs,cw_symbols.raw,5084,method,medium
TView,LocalToSuper,(VPoint&),TView::LocalToSuper(VPoint&),LocalToSuper__5TViewFR6VPoint,cw_symbols.raw,5087,method,medium
TView,LocalToSuperVRect,(VRect&),TView::LocalToSuperVRect(VRect&),LocalToSuperVRect__5TViewFR5VRect,cw_symbols.raw,5089,method,medium
TGreatPower,LoseProvince,(long),TGreatPower::LoseProvince(long),LoseProvince__11TGreatPowerFl,cw_symbols.raw,5096,method,medium
TAutoGreatPower,LoseProvince,(long),TAutoGreatPower::LoseProvince(long),LoseProvince__15TAutoGreatPowerFl,cw_symbols.raw,5097,method,medium
TCountry,LoseProvince,(long),TCountry::LoseProvince(long),LoseProvince__8TCountryFl,cw_symbols.raw,5099,method,medium
BestFitBlock,operator<,(const BestFitBlock&) const,BestFitBlock::operator<(const BestFitBlock&) const,__lt__12BestFitBlockCFRC12BestFitBlock,cw_symbols.raw,5100,method,medium
TView,MakeAdornerList,(),TView::MakeAdornerList(),MakeAdornerList__5TViewFv,cw_symbols.raw,5103,method,medium
TViewMgr,MakeArmyInfoWindow,"(short, long*)","TViewMgr::MakeArmyInfoWindow(short, long*)",MakeArmyInfoWindow__8TViewMgrFsPl,cw_symbols.raw,5104,method,medium
TViewMgr,MakeMinorStockpileDialog,(short),TViewMgr::MakeMinorStockpileDialog(short),MakeMinorStockpileDialog__8TViewMgrFs,cw_symbols.raw,5126,method,medium
TViewMgr,MakeMissionSnooperDialog,(),TViewMgr::MakeMissionSnooperDialog(),MakeMissionSnooperDialog__8TViewMgrFv,cw_symbols.raw,5129,method,medium
TViewMgr,MakeNavyRosterDialog,(TTaskForce*),TViewMgr::MakeNavyRosterDialog(TTaskForce*),MakeNavyRosterDialog__8TViewMgrFP10TTaskForce,cw_symbols.raw,5130,method,medium
TBullyMinister,MakeNewCity,(TCity*),TBullyMinister::MakeNewCity(TCity*),MakeNewCity__14TBullyMinisterFP5TCity,cw_symbols.raw,5132,method,medium
TCityInteriorMinister,MakeNewCity,(TCity*),TCityInteriorMinister::MakeNewCity(TCity*),MakeNewCity__21TCityInteriorMinisterFP5TCity,cw_symbols.raw,5141,method,medium
TTraderForeignMinister,MakeNewCity,(TCity*),TTraderForeignMinister::MakeNewCity(TCity*),MakeNewCity__22TTraderForeignMinisterFP5TCity,cw_symbols.raw,5142,method,medium
TClipboardMgr,MakeViewForAlienClipboard,(),TClipboardMgr::MakeViewForAlienClipboard(),MakeViewForAlienClipboard__13TClipboardMgrFv,cw_symbols.raw,5155,method,medium
TEditText,MakeVisible,(),TEditText::MakeVisible(),MakeVisible__9TEditTextFv,cw_symbols.raw,5156,method,medium
TMapMgr,MapColRow2TileID,"(short, short)","TMapMgr::MapColRow2TileID(short, short)",MapColRow2TileID__7TMapMgrFss,cw_symbols.raw,5159,method,medium
TStdPrintHandler,MarginsTooBig,(VRect&),TStdPrintHandler::MarginsTooBig(VRect&),MarginsTooBig__16TStdPrintHandlerFR5VRect,cw_symbols.raw,5162,method,medium
TStandardDependencySpace:,MarkAllDependents,"(TObject*, unsigned char)","TStandardDependencySpace:::MarkAllDependents(TObject*, unsigned char)",:.MarkAllDependents__24TStandardDependencySpaceFP7TObjectUc,cw_symbols.raw,5164,method,medium
TControlSeaZoneMission:,Matches,"(eMissionType, long, TZone*) const","TControlSeaZoneMission:::Matches(eMissionType, long, TZone*) const",:.Matches__22TControlSeaZoneMissionCF12eMissionTypelP5TZone,cw_symbols.raw,5167,method,medium
TApplication,MatchReplyToPending,(const AEDesc&),TApplication::MatchReplyToPending(const AEDesc&),MatchReplyToPending__12TApplicationFRC6AEDesc,cw_symbols.raw,5171,method,medium
TExpansionOrder,MaxOrder,(),TExpansionOrder::MaxOrder(),MaxOrder__15TExpansionOrderFv,cw_symbols.raw,5178,method,medium
TPopGrowthOrder,MaxOrder,(),TPopGrowthOrder::MaxOrder(),MaxOrder__15TPopGrowthOrderFv,cw_symbols.raw,5179,method,medium
TAutoGreatPower,MGatherLostSheep,(),TAutoGreatPower::MGatherLostSheep(),MGatherLostSheep__15TAutoGreatPowerFv,cw_symbols.raw,5190,method,medium
TTacticalBattle,MineWall,"(TTacticalUnit*, long)","TTacticalBattle::MineWall(TTacticalUnit*, long)",MineWall__15TTacticalBattleFP13TTacticalUnitl,cw_symbols.raw,5196,method,medium
TDisplayMgr,ModalMessage,"(CStr255, const VPoint&)","TDisplayMgr::ModalMessage(CStr255, const VPoint&)",ModalMessage__11TDisplayMgrF7CStr255RC6VPoint,cw_symbols.raw,5198,method,medium
TViewMgr,ModalMessage,"(CStr255, const VPoint&)","TViewMgr::ModalMessage(CStr255, const VPoint&)",ModalMessage__8TViewMgrF7CStr255RC6VPoint,cw_symbols.raw,5199,method,medium
TViewMgr,ModalMessage,"(CStr255, const VPoint&, short, unsigned char)","TViewMgr::ModalMessage(CStr255, const VPoint&, short, unsigned char)",ModalMessage__8TViewMgrF7CStr255RC6VPointsUc,cw_symbols.raw,5200,method,medium
TViewMgr,ModalMessage,"(int, int, int, unsigned char)","TViewMgr::ModalMessage(int, int, int, unsigned char)",ModalMessage__8TViewMgrFiiiUc,cw_symbols.raw,5201,method,medium
CColumnIterator,More,(),CColumnIterator::More(),More__15CColumnIteratorFv,cw_symbols.raw,5209,method,medium
CDependencyIterator,More,(),CDependencyIterator::More(),More__19CDependencyIteratorFv,cw_symbols.raw,5213,method,medium
TTaskForce,MouseCodeForTarget,"(TZone*, 8) const","TTaskForce::MouseCodeForTarget(TZone*, 8) const",MouseCodeForTarget__10TTaskForceCFP5TZone8,cw_symbols.raw,5216,method,medium
TTaskForce,MouseCodeForTarget,(Province*) const,TTaskForce::MouseCodeForTarget(Province*) const,MouseCodeForTarget__10TTaskForceCFP8Province,cw_symbols.raw,5217,method,medium
TNavyBattle,MoveAndCycle,"(TTacticalUnit*, long)","TNavyBattle::MoveAndCycle(TTacticalUnit*, long)",MoveAndCycle__11TNavyBattleFP13TTacticalUnitl,cw_symbols.raw,5220,method,medium
TGreatPower,MoveArmy,(),TGreatPower::MoveArmy(),MoveArmy__11TGreatPowerFv,cw_symbols.raw,5224,method,medium
TAutoGreatPower,MoveArmy,(),TAutoGreatPower::MoveArmy(),MoveArmy__15TAutoGreatPowerFv,cw_symbols.raw,5225,method,medium
TArmyMgr,MoveInfo,(short),TArmyMgr::MoveInfo(short),MoveInfo__8TArmyMgrFs,cw_symbols.raw,5231,method,medium
TMilitaryUnit,MoveTo,(short),TMilitaryUnit::MoveTo(short),MoveTo__13TMilitaryUnitFs,cw_symbols.raw,5232,method,medium
TGreatPower,MultiWriteTo,(TStream*),TGreatPower::MultiWriteTo(TStream*),MultiWriteTo__11TGreatPowerFP7TStream,cw_symbols.raw,5243,method,medium
TCountry,MultiWriteTo,(TStream*),TCountry::MultiWriteTo(TStream*),MultiWriteTo__8TCountryFP7TStream,cw_symbols.raw,5244,method,medium
TMissionSnooperView,Navy,(),TMissionSnooperView::Navy(),Navy__19TMissionSnooperViewFv,cw_symbols.raw,5253,method,medium
TGreatPower,NeedMoreRollingStock,(),TGreatPower::NeedMoreRollingStock(),NeedMoreRollingStock__11TGreatPowerFv,cw_symbols.raw,5260,method,medium
TCommand,NeedsToUnloadAllSegments,(),TCommand::NeedsToUnloadAllSegments(),NeedsToUnloadAllSegments__8TCommandFv,cw_symbols.raw,5261,method,medium
ClassDesc,NewByClassName,(const CStr255&),ClassDesc::NewByClassName(const CStr255&),NewByClassName__9ClassDescFRC7CStr255,cw_symbols.raw,5263,method,medium
TViewServer,NewTemplateWindow,"(short, TDocument*)","TViewServer::NewTemplateWindow(short, TDocument*)",NewTemplateWindow__11TViewServerFsP9TDocument,cw_symbols.raw,5269,method,medium
CAdornerIterator,NextAdorner,(),CAdornerIterator::NextAdorner(),NextAdorner__16CAdornerIteratorFv,cw_symbols.raw,5273,method,medium
CClassIterator,NextClassDesc,(),CClassIterator::NextClassDesc(),NextClassDesc__14CClassIteratorFv,cw_symbols.raw,5275,method,medium
CDependentIterator,NextDependent,(),CDependentIterator::NextDependent(),NextDependent__18CDependentIteratorFv,cw_symbols.raw,5277,method,medium
TTacticalBattle,NextMove,(),TTacticalBattle::NextMove(),NextMove__15TTacticalBattleFv,cw_symbols.raw,5285,method,medium
CRowIterator,NextRow,(),CRowIterator::NextRow(),NextRow__12CRowIteratorFv,cw_symbols.raw,5289,method,medium
CSubViewIterator,NextSubView,(),CSubViewIterator::NextSubView(),NextSubView__16CSubViewIteratorFv,cw_symbols.raw,5291,method,medium
TStatusPicture,NormalizeAsNeeded,(),TStatusPicture::NormalizeAsNeeded(),NormalizeAsNeeded__14TStatusPictureFv,cw_symbols.raw,5299,method,medium
TNavyMgr,TryMerchantInterception,"(MerchantInterceptionResult&, TPortZone*, short, short)","TNavyMgr::TryMerchantInterception(MerchantInterceptionResult&, TPortZone*, short, short)",TryMerchantInterception__8TNavyMgrFR26MerchantInterceptionResultP9TPortZoness,cw_symbols.raw,5305,method,medium
TSimMgr,NumToOrdinal,"(long, CStr255&)","TSimMgr::NumToOrdinal(long, CStr255&)",NumToOrdinal__7TSimMgrFlR7CStr255,cw_symbols.raw,5309,method,medium
TObject,operator new,(unsigned long),TObject::operator new(unsigned long),__nw__7TObjectFUl,cw_symbols.raw,5311,method,medium
TTradeMgr,OfferTradeDeals,(),TTradeMgr::OfferTradeDeals(),OfferTradeDeals__9TTradeMgrFv,cw_symbols.raw,5315,method,medium
TTEView,OffsetToLineStart,(short),TTEView::OffsetToLineStart(short),OffsetToLineStart__7TTEViewFs,cw_symbols.raw,5319,method,medium
TStdPrintHandler,OneSubJob,"(long, long, unsigned char, unsigned char, unsigned char&, long&, unsigned char&)","TStdPrintHandler::OneSubJob(long, long, unsigned char, unsigned char, unsigned char&, long&, unsigned char&)",OneSubJob__16TStdPrintHandlerFllUcUcRUcRlRUc,cw_symbols.raw,5323,method,medium
TApplication,OpenDeskAccessory,(const CStr255&),TApplication::OpenDeskAccessory(const CStr255&),OpenDeskAccessory__12TApplicationFRC7CStr255,cw_symbols.raw,5333,method,medium
TAssetMgr,OpenMovie,"(const CStr63&, TMovieView*, short)","TAssetMgr::OpenMovie(const CStr63&, TMovieView*, short)",OpenMovie__9TAssetMgrFRC6CStr63P10TMovieViews,cw_symbols.raw,5339,method,medium
TApplication,OpenNew,(long),TApplication::OpenNew(long),OpenNew__12TApplicationFl,cw_symbols.raw,5340,method,medium
TDocument,OpenWindowCount,(),TDocument::OpenWindowCount(),OpenWindowCount__9TDocumentFv,cw_symbols.raw,5346,method,medium
CRect,operator char*,() const,CRect::operator char*() const,__opPc__5CRectCFv,cw_symbols.raw,5351,method,medium
VRect,operator char*,() const,VRect::operator char*() const,__opPc__5VRectCFv,cw_symbols.raw,5352,method,medium
CString,operator const unsigned char*,() const,CString::operator const unsigned char*() const,__opPCUc__7CStringCFv,cw_symbols.raw,5357,method,medium
TArmyMgr,OrderSelectedArmies,(UnitOrder),TArmyMgr::OrderSelectedArmies(UnitOrder),OrderSelectedArmies__8TArmyMgrF9UnitOrder,cw_symbols.raw,5365,method,medium
TStdPrintHandler,PageToStrip,"(long, VPoint&)","TStdPrintHandler::PageToStrip(long, VPoint&)",PageToStrip__16TStdPrintHandlerFlR6VPoint,cw_symbols.raw,5375,method,medium
TMapMgr,PatchToNewTerrain,(short),TMapMgr::PatchToNewTerrain(short),PatchToNewTerrain__7TMapMgrFs,cw_symbols.raw,5377,method,medium
TrapPatch,PatchTrap,"(short, void*)","TrapPatch::PatchTrap(short, void*)",PatchTrap__9TrapPatchFsPv,cw_symbols.raw,5378,method,medium
TCommandHandler,PerformCommand,(TCommand*),TCommandHandler::PerformCommand(TCommand*),PerformCommand__15TCommandHandlerFP8TCommand,cw_symbols.raw,5381,method,medium
TControlSeaZoneMission,PickAmassingZone,(),TControlSeaZoneMission::PickAmassingZone(),PickAmassingZone__22TControlSeaZoneMissionFv,cw_symbols.raw,5385,method,medium
TScatteredShipsMission,PickAmassingZone,(),TScatteredShipsMission::PickAmassingZone(),PickAmassingZone__22TScatteredShipsMissionFv,cw_symbols.raw,5386,method,medium
TGreatPower,PlaceCity,"(short, const char*)","TGreatPower::PlaceCity(short, const char*)",PlaceCity__11TGreatPowerFsPCc,cw_symbols.raw,5404,method,medium
TMapEditView,PlaceCountySeat,(short),TMapEditView::PlaceCountySeat(short),PlaceCountySeat__12TMapEditViewFs,cw_symbols.raw,5406,method,medium
TMission,Plan,(),TMission::Plan(),Plan__8TMissionFv,cw_symbols.raw,5416,method,medium
TSoundPlayer,PlayRandomTrack,(),TSoundPlayer::PlayRandomTrack(),PlayRandomTrack__12TSoundPlayerFv,cw_symbols.raw,5424,method,medium
TSoundPlayer,PlaySndFileAsynchChannel,"(short, short, short)","TSoundPlayer::PlaySndFileAsynchChannel(short, short, short)",PlaySndFileAsynchChannel__12TSoundPlayerFsss,cw_symbols.raw,5426,method,medium
TInteriorMinister,PleaseBuildWarShip,(short),TInteriorMinister::PleaseBuildWarShip(short),PleaseBuildWarShip__17TInteriorMinisterFs,cw_symbols.raw,5435,method,medium
TRemoteMinor,PlopDownCity,"(short, const char*, 8)","TRemoteMinor::PlopDownCity(short, const char*, 8)",PlopDownCity__12TRemoteMinorFsPCc8,cw_symbols.raw,5440,method,medium
TLongintList,Pop,(),TLongintList::Pop(),Pop__12TLongintListFv,cw_symbols.raw,5445,method,medium
ChunkyBlockStack,Pop,(),ChunkyBlockStack::Pop(),Pop__16ChunkyBlockStackFv,cw_symbols.raw,5447,method,medium
TList,Pop,(),TList::Pop(),Pop__5TListFv,cw_symbols.raw,5448,method,medium
TMultiplayerMgr,PopTimelyMessage,(),TMultiplayerMgr::PopTimelyMessage(),PopTimelyMessage__15TMultiplayerMgrFv,cw_symbols.raw,5449,method,medium
TOffersPanelView,PoseOffer,"(short, short, short)","TOffersPanelView::PoseOffer(short, short, short)",PoseOffer__16TOffersPanelViewFsss,cw_symbols.raw,5456,method,medium
TOfferDeskPicture,PoseOfferSheet,"(short, short, short, short, short)","TOfferDeskPicture::PoseOfferSheet(short, short, short, short, short)",PoseOfferSheet__17TOfferDeskPictureFsssss,cw_symbols.raw,5458,method,medium
TStdPrintHandler,PosePageSetupDialog,"(unsigned char&, unsigned char)","TStdPrintHandler::PosePageSetupDialog(unsigned char&, unsigned char)",PosePageSetupDialog__16TStdPrintHandlerFRUcUc,cw_symbols.raw,5459,method,medium
TStdPrintHandler,PosePrintDialog,(long),TStdPrintHandler::PosePrintDialog(long),PosePrintDialog__16TStdPrintHandlerFl,cw_symbols.raw,5460,method,medium
TEventHandler,PostAnEvent,(TEvent*),TEventHandler::PostAnEvent(TEvent*),PostAnEvent__13TEventHandlerFP6TEvent,cw_symbols.raw,5466,method,medium
TAmbitApplication,PostNewGameCommand,(),TAmbitApplication::PostNewGameCommand(),PostNewGameCommand__17TAmbitApplicationFv,cw_symbols.raw,5471,method,medium
TAmbitApplication,PostShowScreen,(short),TAmbitApplication::PostShowScreen(short),PostShowScreen__17TAmbitApplicationFs,cw_symbols.raw,5473,method,medium
CRadialTileIterator,operator++,(int),CRadialTileIterator::operator++(int),__pp__19CRadialTileIteratorFi,cw_symbols.raw,5476,method,medium
TMission,Precalculate,(),TMission::Precalculate(),Precalculate__8TMissionFv,cw_symbols.raw,5477,method,medium
TGreatPower,PrepareMovePhase,(),TGreatPower::PrepareMovePhase(),PrepareMovePhase__11TGreatPowerFv,cw_symbols.raw,5485,method,medium
TMilitaryPageView,PrepareUnitCache,"(int, int, int)","TMilitaryPageView::PrepareUnitCache(int, int, int)",PrepareUnitCache__17TMilitaryPageViewFiii,cw_symbols.raw,5488,method,medium
TPrintHandler,PrinterChanged,(),TPrintHandler::PrinterChanged(),PrinterChanged__13TPrintHandlerFv,cw_symbols.raw,5498,method,medium
TStdPrintHandler,PrinterDriverHasChanged,(),TStdPrintHandler::PrinterDriverHasChanged(),PrinterDriverHasChanged__16TStdPrintHandlerFv,cw_symbols.raw,5500,method,medium
FreeBlockTree,PrintTree,() const,FreeBlockTree::PrintTree() const,PrintTree__13FreeBlockTreeCFv,cw_symbols.raw,5503,method,medium
TClientCommand,ProcessReply,(TAppleEvent*),TClientCommand::ProcessReply(TAppleEvent*),ProcessReply__14TClientCommandFP11TAppleEvent,cw_symbols.raw,5511,method,medium
TCityInteriorMinister,ProcessUnitOrders,(),TCityInteriorMinister::ProcessUnitOrders(),ProcessUnitOrders__21TCityInteriorMinisterFv,cw_symbols.raw,5513,method,medium
TProductionOrder,Produce,(),TProductionOrder::Produce(),Produce__16TProductionOrderFv,cw_symbols.raw,5522,method,medium
TFoodProcessingOrder,Produce,(),TFoodProcessingOrder::Produce(),Produce__20TFoodProcessingOrderFv,cw_symbols.raw,5523,method,medium
TArmyMission,ProjectEquipage,"(float*, short, short) const","TArmyMission::ProjectEquipage(float*, short, short) const",ProjectEquipage__12TArmyMissionCFPfss,cw_symbols.raw,5526,method,medium
TCityInteriorMinister,ProspectAndDevelop,(),TCityInteriorMinister::ProspectAndDevelop(),ProspectAndDevelop__21TCityInteriorMinisterFv,cw_symbols.raw,5529,method,medium
TNewspaperView,ProvinceParmList,"(CStr255&, long)","TNewspaperView::ProvinceParmList(CStr255&, long)",ProvinceParmList__14TNewspaperViewFR7CStr255l,cw_symbols.raw,5531,method,medium
TMacViewMgr,PtInCountry,"(const CPoint&, short)","TMacViewMgr::PtInCountry(const CPoint&, short)",PtInCountry__11TMacViewMgrFRC6CPoints,cw_symbols.raw,5532,method,medium
TCivMgr,PurchaseClick,(short),TCivMgr::PurchaseClick(short),PurchaseClick__7TCivMgrFs,cw_symbols.raw,5536,method,medium
TMinor,PurchaseItem,"(short, short, short)","TMinor::PurchaseItem(short, short, short)",PurchaseItem__6TMinorFsss,cw_symbols.raw,5539,method,medium
TFile,ReadData,"(void*, long&)","TFile::ReadData(void*, long&)",ReadData__5TFileFPvRl,cw_symbols.raw,5568,method,medium
TFileBasedDocument,ReadDocument,(unsigned char),TFileBasedDocument::ReadDocument(unsigned char),ReadDocument__18TFileBasedDocumentFUc,cw_symbols.raw,5569,method,medium
TDialogTEView,ReadFields,(TStream*),TDialogTEView::ReadFields(TStream*),ReadFields__13TDialogTEViewFP7TStream,cw_symbols.raw,5575,method,medium
TTextGridView,ReadFields,(TStream*),TTextGridView::ReadFields(TStream*),ReadFields__13TTextGridViewFP7TStream,cw_symbols.raw,5576,method,medium
TTargetBorderView,ReadFields,(TStream*),TTargetBorderView::ReadFields(TStream*),ReadFields__17TTargetBorderViewFP7TStream,cw_symbols.raw,5578,method,medium
TPopup,ReadFields,(TStream*),TPopup::ReadFields(TStream*),ReadFields__6TPopupFP7TStream,cw_symbols.raw,5582,method,medium
TRadio,ReadFields,(TStream*),TRadio::ReadFields(TStream*),ReadFields__6TRadioFP7TStream,cw_symbols.raw,5583,method,medium
TGreatPower,ReadFrom,(TStream*),TGreatPower::ReadFrom(TStream*),ReadFrom__11TGreatPowerFP7TStream,cw_symbols.raw,5602,method,medium
TMacViewMgr,ReadFrom,(TStream*),TMacViewMgr::ReadFrom(TStream*),ReadFrom__11TMacViewMgrFP7TStream,cw_symbols.raw,5603,method,medium
TAutoGreatPower,ReadFrom,(TStream*),TAutoGreatPower::ReadFrom(TStream*),ReadFrom__15TAutoGreatPowerFP7TStream,cw_symbols.raw,5611,method,medium
TDialogBehavior,ReadFrom,(TStream*),TDialogBehavior::ReadFrom(TStream*),ReadFrom__15TDialogBehaviorFP7TStream,cw_symbols.raw,5612,method,medium
THostGreatPower,ReadFrom,(TStream*),THostGreatPower::ReadFrom(TStream*),ReadFrom__15THostGreatPowerFP7TStream,cw_symbols.raw,5613,method,medium
TDrawingEnvironment,ReadFrom,(TStream*),TDrawingEnvironment::ReadFrom(TStream*),ReadFrom__19TDrawingEnvironmentFP7TStream,cw_symbols.raw,5622,method,medium
TAttackProvinceMission,ReadFrom,(TStream*),TAttackProvinceMission::ReadFrom(TStream*),ReadFrom__22TAttackProvinceMissionFP7TStream,cw_symbols.raw,5627,method,medium
TAdorner,ReadFrom,(TStream*),TAdorner::ReadFrom(TStream*),ReadFrom__8TAdornerFP7TStream,cw_symbols.raw,5642,method,medium
TArmyMgr,ReadFrom,(TStream*),TArmyMgr::ReadFrom(TStream*),ReadFrom__8TArmyMgrFP7TStream,cw_symbols.raw,5643,method,medium
TCivUnit,ReadFrom,(TStream*),TCivUnit::ReadFrom(TStream*),ReadFrom__8TCivUnitFP7TStream,cw_symbols.raw,5644,method,medium
TCountry,ReadFrom,(TStream*),TCountry::ReadFrom(TStream*),ReadFrom__8TCountryFP7TStream,cw_symbols.raw,5645,method,medium
THelpMgr,ReadFrom,(TStream*),THelpMgr::ReadFrom(TStream*),ReadFrom__8THelpMgrFP7TStream,cw_symbols.raw,5646,method,medium
TMission,ReadFrom,(TStream*),TMission::ReadFrom(TStream*),ReadFrom__8TMissionFP7TStream,cw_symbols.raw,5647,method,medium
TNavyMgr,ReadFrom,(TStream*),TNavyMgr::ReadFrom(TStream*),ReadFrom__8TNavyMgrFP7TStream,cw_symbols.raw,5648,method,medium
TNewsMgr,ReadFrom,(TStream*),TNewsMgr::ReadFrom(TStream*),ReadFrom__8TNewsMgrFP7TStream,cw_symbols.raw,5649,method,medium
TTechMgr,ReadFrom,(TStream*),TTechMgr::ReadFrom(TStream*),ReadFrom__8TTechMgrFP7TStream,cw_symbols.raw,5650,method,medium
TViewMgr,ReadFrom,(TStream*),TViewMgr::ReadFrom(TStream*),ReadFrom__8TViewMgrFP7TStream,cw_symbols.raw,5651,method,medium
TNavyMgr,ReadFromFilterously,"(TStream*, short)","TNavyMgr::ReadFromFilterously(TStream*, short)",ReadFromFilterously__8TNavyMgrFP7TStreams,cw_symbols.raw,5659,method,medium
TMultiplayerMgr,ReadMessageFrom,(TStream*),TMultiplayerMgr::ReadMessageFrom(TStream*),ReadMessageFrom__15TMultiplayerMgrFP7TStream,cw_symbols.raw,5666,method,medium
TAppleEvent,ReadParameter,"(unsigned long, unsigned long, AEDesc&)","TAppleEvent::ReadParameter(unsigned long, unsigned long, AEDesc&)",ReadParameter__11TAppleEventFUlUlR6AEDesc,cw_symbols.raw,5668,method,medium
TAppleEvent,ReadParameterPtr,"(unsigned long, unsigned long, unsigned long&, char*, long, long&)","TAppleEvent::ReadParameterPtr(unsigned long, unsigned long, unsigned long&, char*, long, long&)",ReadParameterPtr__11TAppleEventFUlUlRUlPclRl,cw_symbols.raw,5669,method,medium
TStream,ReadPoint,(),TStream::ReadPoint(),ReadPoint__7TStreamFv,cw_symbols.raw,5670,method,medium
TFileBasedDocument,ReadStationery,(TFile*),TFileBasedDocument::ReadStationery(TFile*),ReadStationery__18TFileBasedDocumentFP5TFile,cw_symbols.raw,5675,method,medium
TStream,ReadStreamObject,(TObject*&),TStream::ReadStreamObject(TObject*&),ReadStreamObject__7TStreamFRP7TObject,cw_symbols.raw,5678,method,medium
TAppleEvent,ReadString,"(unsigned long, CStr255&)","TAppleEvent::ReadString(unsigned long, CStr255&)",ReadString__11TAppleEventFUlR7CStr255,cw_symbols.raw,5679,method,medium
TStream,ReadVPoint,(VPoint&),TStream::ReadVPoint(VPoint&),ReadVPoint__7TStreamFR6VPoint,cw_symbols.raw,5683,method,medium
TStream,ReadWordAlign,(),TStream::ReadWordAlign(),ReadWordAlign__7TStreamFv,cw_symbols.raw,5685,method,medium
TMission,Reassess,(),TMission::Reassess(),Reassess__8TMissionFv,cw_symbols.raw,5696,method,medium
TArmyMgr,ReassessLanding,"(int, int)","TArmyMgr::ReassessLanding(int, int)",ReassessLanding__8TArmyMgrFii,cw_symbols.raw,5697,method,medium
TGreatPower,ReassessMissions,(short),TGreatPower::ReassessMissions(short),ReassessMissions__11TGreatPowerFs,cw_symbols.raw,5698,method,medium
TAutoGreatPower,ReassessMissions,(short),TAutoGreatPower::ReassessMissions(short),ReassessMissions__15TAutoGreatPowerFs,cw_symbols.raw,5699,method,medium
TShip,ReassignToForce,(TTaskForce*),TShip::ReassignToForce(TTaskForce*),ReassignToForce__5TShipFP10TTaskForce,cw_symbols.raw,5702,method,medium
TMultiplayerMgr,RecalcPlayerName,(int),TMultiplayerMgr::RecalcPlayerName(int),RecalcPlayerName__15TMultiplayerMgrFi,cw_symbols.raw,5704,method,medium
TPrintHandler,RedoPageBreaks,(),TPrintHandler::RedoPageBreaks(),RedoPageBreaks__13TPrintHandlerFv,cw_symbols.raw,5715,method,medium
TClipboardMgr,RegainControl,(unsigned char),TClipboardMgr::RegainControl(unsigned char),RegainControl__13TClipboardMgrFUc,cw_symbols.raw,5722,method,medium
TAmbitApplication,RegainControl,(unsigned char),TAmbitApplication::RegainControl(unsigned char),RegainControl__17TAmbitApplicationFUc,cw_symbols.raw,5723,method,medium
TWindow,RegainControl,(),TWindow::RegainControl(),RegainControl__7TWindowFv,cw_symbols.raw,5724,method,medium
TMinor,RegainIndependence,(),TMinor::RegainIndependence(),RegainIndependence__6TMinorFv,cw_symbols.raw,5725,method,medium
TMacViewMgr,RegenerateCountryRegions,(),TMacViewMgr::RegenerateCountryRegions(),RegenerateCountryRegions__11TMacViewMgrFv,cw_symbols.raw,5728,method,medium
TInvadeMission,RejectConstituent,"(TShip*, unsigned char)","TInvadeMission::RejectConstituent(TShip*, unsigned char)",RejectConstituent__14TInvadeMissionFP5TShipUc,cw_symbols.raw,5732,method,medium
TIcon,ReleaseIcon,(),TIcon::ReleaseIcon(),ReleaseIcon__5TIconFv,cw_symbols.raw,5738,method,medium
TCluster,ReleaseLabel,(),TCluster::ReleaseLabel(),ReleaseLabel__8TClusterFv,cw_symbols.raw,5739,method,medium
TNetMgr,ReleaseMessage,(NSpMessageHeader*),TNetMgr::ReleaseMessage(NSpMessageHeader*),ReleaseMessage__7TNetMgrFP16NSpMessageHeader,cw_symbols.raw,5740,method,medium
FreeBlockTree,RemoveBlock,(BestFitBlock*),FreeBlockTree::RemoveBlock(BestFitBlock*),RemoveBlock__13FreeBlockTreeFP12BestFitBlock,cw_symbols.raw,5756,method,medium
TWindow,RemovedASubView,(TView*),TWindow::RemovedASubView(TView*),RemovedASubView__7TWindowFP5TView,cw_symbols.raw,5758,method,medium
TMapMgr,RemoveGhostRail,"(short, short, short)","TMapMgr::RemoveGhostRail(short, short, short)",RemoveGhostRail__7TMapMgrFsss,cw_symbols.raw,5766,method,medium
TPopulationMgr,RemovePopulation,"(short, short)","TPopulationMgr::RemovePopulation(short, short)",RemovePopulation__14TPopulationMgrFss,cw_symbols.raw,5771,method,medium
TView,RemoveSubView,(TView*),TView::RemoveSubView(TView*),RemoveSubView__5TViewFP5TView,cw_symbols.raw,5775,method,medium
TScroller,RemoveSubView,(TView*),TScroller::RemoveSubView(TView*),RemoveSubView__9TScrollerFP5TView,cw_symbols.raw,5776,method,medium
TArmyStack,RemoveUnit,(TMilitaryUnit*),TArmyStack::RemoveUnit(TMilitaryUnit*),RemoveUnit__10TArmyStackFP13TMilitaryUnit,cw_symbols.raw,5777,method,medium
TLineData,RemoveViews,(),TLineData::RemoveViews(),RemoveViews__9TLineDataFv,cw_symbols.raw,5779,method,medium
TPageView,RemoveViews,(),TPageView::RemoveViews(),RemoveViews__9TPageViewFv,cw_symbols.raw,5780,method,medium
TForeignMinister,ReplyToDiplomacyOffers,(short),TForeignMinister::ReplyToDiplomacyOffers(short),ReplyToDiplomacyOffers__16TForeignMinisterFs,cw_symbols.raw,5791,method,medium
TProxyGreatPower,ReplyToDiplomacyOffers,(),TProxyGreatPower::ReplyToDiplomacyOffers(),ReplyToDiplomacyOffers__16TProxyGreatPowerFv,cw_symbols.raw,5792,method,medium
TClientGreatPower,ReplyToDiplomacyOffers,(),TClientGreatPower::ReplyToDiplomacyOffers(),ReplyToDiplomacyOffers__17TClientGreatPowerFv,cw_symbols.raw,5793,method,medium
TGreatPower,ReplyToTradeOffer,"(short, short, short, short)","TGreatPower::ReplyToTradeOffer(short, short, short, short)",ReplyToTradeOffer__11TGreatPowerFssss,cw_symbols.raw,5795,method,medium
TTedForeignMinister,ReplyToTradeOffer,"(short, short, short, short)","TTedForeignMinister::ReplyToTradeOffer(short, short, short, short)",ReplyToTradeOffer__19TTedForeignMinisterFssss,cw_symbols.raw,5800,method,medium
TCountry,ReplyToTradeOffer,"(short, short, short, short, 8)","TCountry::ReplyToTradeOffer(short, short, short, short, 8)",ReplyToTradeOffer__8TCountryFssss8,cw_symbols.raw,5804,method,medium
TCityInteriorMinister,RequestResource,"(short, short, short)","TCityInteriorMinister::RequestResource(short, short, short)",RequestResource__21TCityInteriorMinisterFsss,cw_symbols.raw,5811,method,medium
CArrayIterator,Reset,(),CArrayIterator::Reset(),Reset__14CArrayIteratorFv,cw_symbols.raw,5820,method,medium
CClassIterator,Reset,(),CClassIterator::Reset(),Reset__14CClassIteratorFv,cw_symbols.raw,5821,method,medium
CBaseClassIterator,Reset,(),CBaseClassIterator::Reset(),Reset__18CBaseClassIteratorFv,cw_symbols.raw,5827,method,medium
CClassListIterator,Reset,(),CClassListIterator::Reset(),Reset__18CClassListIteratorFv,cw_symbols.raw,5828,method,medium
TTabber,Reset,(),TTabber::Reset(),Reset__7TTabberFv,cw_symbols.raw,5830,method,medium
TGreatPower,ResetRewards,(),TGreatPower::ResetRewards(),ResetRewards__11TGreatPowerFv,cw_symbols.raw,5838,method,medium
TEventHandler,ResignedTarget,"(void, 8)","TEventHandler::ResignedTarget(void, 8)",ResignedTarget__13TEventHandlerFv8,cw_symbols.raw,5841,method,medium
TArmyMgr,ResolveConflict,"(TArmyStack*, short)","TArmyMgr::ResolveConflict(TArmyStack*, short)",ResolveConflict__8TArmyMgrFP10TArmyStacks,cw_symbols.raw,5850,method,medium
TPowerPlantOrder,Restock,(),TPowerPlantOrder::Restock(),Restock__16TPowerPlantOrderFv,cw_symbols.raw,5857,method,medium
TProductionOrder,Restock,(),TProductionOrder::Restock(),Restock__16TProductionOrderFv,cw_symbols.raw,5858,method,medium
TView,RestrictRegionToVisible,(Region**),TView::RestrictRegionToVisible(Region**),RestrictRegionToVisible__5TViewFPP6Region,cw_symbols.raw,5862,method,medium
TArmyMgr,RetreatDefender,"(TArmyStack*, short)","TArmyMgr::RetreatDefender(TArmyStack*, short)",RetreatDefender__8TArmyMgrFP10TArmyStacks,cw_symbols.raw,5864,method,medium
TApplication,RetrieveAnEvent,(),TApplication::RetrieveAnEvent(),RetrieveAnEvent__12TApplicationFv,cw_symbols.raw,5866,method,medium
TApplication,Run,(),TApplication::Run(),Run__12TApplicationFv,cw_symbols.raw,5880,method,medium
TAmbitFileBasedDocument,SaveDocument,(long),TAmbitFileBasedDocument::SaveDocument(long),SaveDocument__23TAmbitFileBasedDocumentFl,cw_symbols.raw,5885,method,medium
TLoadSavePicture,SaveTheWholeMess,"(int, const char*)","TLoadSavePicture::SaveTheWholeMess(int, const char*)",SaveTheWholeMess__16TLoadSavePictureFiPCc,cw_symbols.raw,5891,method,medium
TSimMgr,ScSetTreaty,(char*&),TSimMgr::ScSetTreaty(char*&),ScSetTreaty__7TSimMgrFRPc,cw_symbols.raw,5936,method,medium
TMapMgr,SearchOpenTile,"(short, short, unsigned char)","TMapMgr::SearchOpenTile(short, short, unsigned char)",SearchOpenTile__7TMapMgrFssUc,cw_symbols.raw,5944,method,medium
TNewspaperView,SeaZoneParmList,"(CStr255&, long)","TNewspaperView::SeaZoneParmList(CStr255&, long)",SeaZoneParmList__14TNewspaperViewFR7CStr255l,cw_symbols.raw,5946,method,medium
TMapMaker,SeedMountainRange,"(long, long, long)","TMapMaker::SeedMountainRange(long, long, long)",SeedMountainRange__9TMapMakerFlll,cw_symbols.raw,5948,method,medium
TCityInteriorMinister,SeekFirstTile,"(short, char*, short&)","TCityInteriorMinister::SeekFirstTile(short, char*, short&)",SeekFirstTile__21TCityInteriorMinisterFsPcRs,cw_symbols.raw,5949,method,medium
TTacticalBattle,SeekPath,"(long, long, long, long*)","TTacticalBattle::SeekPath(long, long, long, long*)",SeekPath__15TTacticalBattleFlllPl,cw_symbols.raw,5952,method,medium
TCityInteriorMinister:,SeekResources,"(TShortintList*, char*)","TCityInteriorMinister:::SeekResources(TShortintList*, char*)",:.SeekResources__21TCityInteriorMinisterFP13TShortintListPc,cw_symbols.raw,5953,method,medium
TBoycottButton,Select,"(unsigned char, unsigned char)","TBoycottButton::Select(unsigned char, unsigned char)",Select__14TBoycottButtonFUcUc,cw_symbols.raw,5957,method,medium
TTextListView,SelectCell,"(CPoint, unsigned char, unsigned char, unsigned char)","TTextListView::SelectCell(CPoint, unsigned char, unsigned char, unsigned char)",SelectCell__13TTextListViewF6CPointUcUcUc,cw_symbols.raw,5963,method,medium
TCityInteriorMinister,SelectCitySite,(),TCityInteriorMinister::SelectCitySite(),SelectCitySite__21TCityInteriorMinisterFv,cw_symbols.raw,5966,method,medium
TNetMgr,SelectGame,"(int, CStr32&, const char*)","TNetMgr::SelectGame(int, CStr32&, const char*)",SelectGame__7TNetMgrFiR6CStr32PCc,cw_symbols.raw,5969,method,medium
TMapMaker,SelectGPZone,"(long, long, long, long)","TMapMaker::SelectGPZone(long, long, long, long)",SelectGPZone__9TMapMakerFllll,cw_symbols.raw,5970,method,medium
TArmyMgr,SelectionCursor,"(short, short)","TArmyMgr::SelectionCursor(short, short)",SelectionCursor__8TArmyMgrFss,cw_symbols.raw,5975,method,medium
TNavyMgr,SelectionCursor,"(short, short)","TNavyMgr::SelectionCursor(short, short)",SelectionCursor__8TNavyMgrFss,cw_symbols.raw,5976,method,medium
TCivMgr,SelectUnit,"(TCivUnit*, unsigned char)","TCivMgr::SelectUnit(TCivUnit*, unsigned char)",SelectUnit__7TCivMgrFP8TCivUnitUc,cw_symbols.raw,5988,method,medium
TAppleEvent,Send,(),TAppleEvent::Send(),Send__11TAppleEventFv,cw_symbols.raw,5990,method,medium
TMultiplayerMgr,SendChangeProvinceOwner,"(short, short)","TMultiplayerMgr::SendChangeProvinceOwner(short, short)",SendChangeProvinceOwner__15TMultiplayerMgrFss,cw_symbols.raw,5994,method,medium
TMultiplayerMgr,SendGubernatorialCouncil,(),TMultiplayerMgr::SendGubernatorialCouncil(),SendGubernatorialCouncil__15TMultiplayerMgrFv,cw_symbols.raw,6002,method,medium
TMultiplayerMgr,SendNationStateMessage,"(int, int)","TMultiplayerMgr::SendNationStateMessage(int, int)",SendNationStateMessage__15TMultiplayerMgrFii,cw_symbols.raw,6006,method,medium
TMultiplayerMgr,SendNewsEvent,"(int, NewsEvent*)","TMultiplayerMgr::SendNewsEvent(int, NewsEvent*)",SendNewsEvent__15TMultiplayerMgrFiP9NewsEvent,cw_symbols.raw,6007,method,medium
TMultiplayerMgr,SendNewsShortageEvent,"(long, long, long)","TMultiplayerMgr::SendNewsShortageEvent(long, long, long)",SendNewsShortageEvent__15TMultiplayerMgrFlll,cw_symbols.raw,6009,method,medium
TMultiplayerMgr,SendTileNews,(short),TMultiplayerMgr::SendTileNews(short),SendTileNews__15TMultiplayerMgrFs,cw_symbols.raw,6013,method,medium
TViewMgr,SetBackColor,(short),TViewMgr::SetBackColor(short),SetBackColor__8TViewMgrFs,cw_symbols.raw,6026,method,medium
TDisplayMgr,SetBitDepth,(unsigned char),TDisplayMgr::SetBitDepth(unsigned char),SetBitDepth__11TDisplayMgrFUc,cw_symbols.raw,6027,method,medium
Chunk,SetBlockBusy,"(unsigned int, unsigned char)","Chunk::SetBlockBusy(unsigned int, unsigned char)",SetBlockBusy__5ChunkFUiUc,cw_symbols.raw,6028,method,medium
TCityProductionView,SetBuildingPicture,"(short, short)","TCityProductionView::SetBuildingPicture(short, short)",SetBuildingPicture__19TCityProductionViewFss,cw_symbols.raw,6030,method,medium
TTedForeignMinister,SetBuyPriorities,(),TTedForeignMinister::SetBuyPriorities(),SetBuyPriorities__19TTedForeignMinisterFv,cw_symbols.raw,6035,method,medium
TTraderForeignMinister,SetBuyPriorities,(),TTraderForeignMinister::SetBuyPriorities(),SetBuyPriorities__22TTraderForeignMinisterFv,cw_symbols.raw,6038,method,medium
TTextileForeignMinister,SetBuyPriorities,(),TTextileForeignMinister::SetBuyPriorities(),SetBuyPriorities__23TTextileForeignMinisterFv,cw_symbols.raw,6039,method,medium
TSoundPlayer,SetCDVolume,(short),TSoundPlayer::SetCDVolume(short),SetCDVolume__12TSoundPlayerFs,cw_symbols.raw,6042,method,medium
TAutoGreatPower,SetConquerLust,"(long, unsigned char)","TAutoGreatPower::SetConquerLust(long, unsigned char)",SetConquerLust__15TAutoGreatPowerFlUc,cw_symbols.raw,6054,method,medium
TFile,SetCreationDate,(long),TFile::SetCreationDate(long),SetCreationDate__5TFileFl,cw_symbols.raw,6058,method,medium
TWindow,SetDialogItems,"(unsigned long, unsigned long)","TWindow::SetDialogItems(unsigned long, unsigned long)",SetDialogItems__7TWindowFUlUl,cw_symbols.raw,6072,method,medium
TGreatPower,SetDiplomacyPolicies,(),TGreatPower::SetDiplomacyPolicies(),SetDiplomacyPolicies__11TGreatPowerFv,cw_symbols.raw,6075,method,medium
TAutoGreatPower,SetDiplomacyPolicies,(),TAutoGreatPower::SetDiplomacyPolicies(),SetDiplomacyPolicies__15TAutoGreatPowerFv,cw_symbols.raw,6076,method,medium
TEventHandler,SetEnable,(unsigned char),TEventHandler::SetEnable(unsigned char),SetEnable__13TEventHandlerFUc,cw_symbols.raw,6085,method,medium
TBehavior,SetEnabled,(unsigned char),TBehavior::SetEnabled(unsigned char),SetEnabled__9TBehaviorFUc,cw_symbols.raw,6087,method,medium
TGreatPower,SetEnemy,(long),TGreatPower::SetEnemy(long),SetEnemy__11TGreatPowerFl,cw_symbols.raw,6088,method,medium
TAutoGreatPower,SetEnemy,(long),TAutoGreatPower::SetEnemy(long),SetEnemy__15TAutoGreatPowerFl,cw_symbols.raw,6089,method,medium
TFile,SetFileInfo,(HParamBlockRec&),TFile::SetFileInfo(HParamBlockRec&),SetFileInfo__5TFileFR14HParamBlockRec,cw_symbols.raw,6093,method,medium
TFileHandler,SetFileName,(const CStr63&),TFileHandler::SetFileName(const CStr63&),SetFileName__12TFileHandlerFRC6CStr63,cw_symbols.raw,6094,method,medium
TAssetMgr,SetFlagFile,(int),TAssetMgr::SetFlagFile(int),SetFlagFile__9TAssetMgrFi,cw_symbols.raw,6096,method,medium
TViewMgr,SetForeColor,"(short, 8)","TViewMgr::SetForeColor(short, 8)",SetForeColor__8TViewMgrFs8,cw_symbols.raw,6098,method,medium
TCtlMgr,SetFrame,"(const VRect&, unsigned char)","TCtlMgr::SetFrame(const VRect&, unsigned char)",SetFrame__7TCtlMgrFRC5VRectUc,cw_symbols.raw,6102,method,medium
TTEView,SetFrame,"(const VRect&, unsigned char)","TTEView::SetFrame(const VRect&, unsigned char)",SetFrame__7TTEViewFRC5VRectUc,cw_symbols.raw,6103,method,medium
TWindow,SetFrame,"(const VRect&, unsigned char)","TWindow::SetFrame(const VRect&, unsigned char)",SetFrame__7TWindowFRC5VRectUc,cw_symbols.raw,6104,method,medium
TIcon,SetIcon,"(char**, unsigned char)","TIcon::SetIcon(char**, unsigned char)",SetIcon__5TIconFPPcUc,cw_symbols.raw,6112,method,medium
TIcon,SetIconRsrcID,"(short, unsigned char)","TIcon::SetIconRsrcID(short, unsigned char)",SetIconRsrcID__5TIconFsUc,cw_symbols.raw,6113,method,medium
TCtlMgr,SetInset,"(const VRect&, unsigned char)","TCtlMgr::SetInset(const VRect&, unsigned char)",SetInset__7TCtlMgrFRC5VRectUc,cw_symbols.raw,6117,method,medium
TForeignMinister,SetInteriorMinisterBid,"(short, short)","TForeignMinister::SetInteriorMinisterBid(short, short)",SetInteriorMinisterBid__16TForeignMinisterFss,cw_symbols.raw,6119,method,medium
TGreatPower,SetItemsTransported,"(short, short)","TGreatPower::SetItemsTransported(short, short)",SetItemsTransported__11TGreatPowerFss,cw_symbols.raw,6124,method,medium
TCluster,SetLabelWithStrListID,"(short, short, unsigned char)","TCluster::SetLabelWithStrListID(short, short, unsigned char)",SetLabelWithStrListID__8TClusterFssUc,cw_symbols.raw,6130,method,medium
TDiplomacyMgr,SetLastDiploEffort,(),TDiplomacyMgr::SetLastDiploEffort(),SetLastDiploEffort__13TDiplomacyMgrFv,cw_symbols.raw,6133,method,medium
THQButton,SetMode,(short),THQButton::SetMode(short),SetMode__9THQButtonFs,cw_symbols.raw,6150,method,medium
TFile,SetModificationDate,(long),TFile::SetModificationDate(long),SetModificationDate__5TFileFl,cw_symbols.raw,6151,method,medium
TRailCluster,SetMoveAmount,"(short, unsigned char)","TRailCluster::SetMoveAmount(short, unsigned char)",SetMoveAmount__12TRailClusterFsUc,cw_symbols.raw,6153,method,medium
TIndustryCluster,SetMoveAmount,"(short, unsigned char)","TIndustryCluster::SetMoveAmount(short, unsigned char)",SetMoveAmount__16TIndustryClusterFsUc,cw_symbols.raw,6156,method,medium
TFile,SetName,(const CStr63&),TFile::SetName(const CStr63&),SetName__5TFileFRC6CStr63,cw_symbols.raw,6159,method,medium
TUnit,SetOrders,"(UnitOrder, short)","TUnit::SetOrders(UnitOrder, short)",SetOrders__5TUnitF9UnitOrders,cw_symbols.raw,6168,method,medium
TMapMgr,SetOwner,"(short, short)","TMapMgr::SetOwner(short, short)",SetOwner__7TMapMgrFss,cw_symbols.raw,6170,method,medium
TStdPrintHandler,SetPage,(long),TStdPrintHandler::SetPage(long),SetPage__16TStdPrintHandlerFl,cw_symbols.raw,6172,method,medium
TStdPrintHandler,SetPageInterior,(long),TStdPrintHandler::SetPageInterior(long),SetPageInterior__16TStdPrintHandlerFl,cw_symbols.raw,6174,method,medium
TInteriorMinister,SetParameters,"(short, short)","TInteriorMinister::SetParameters(short, short)",SetParameters__17TInteriorMinisterFss,cw_symbols.raw,6177,method,medium
TTextGridView,SetPen,(),TTextGridView::SetPen(),SetPen__13TTextGridViewFv,cw_symbols.raw,6180,method,medium
TControl,SetPenSize,(CPoint),TControl::SetPenSize(CPoint),SetPenSize__8TControlF6CPoint,cw_symbols.raw,6181,method,medium
TTwoPicSlider,SetPicture,(short),TTwoPicSlider::SetPicture(short),SetPicture__13TTwoPicSliderFs,cw_symbols.raw,6183,method,medium
TPopulationMgr,SetPopulation,(short),TPopulationMgr::SetPopulation(short),SetPopulation__14TPopulationMgrFs,cw_symbols.raw,6192,method,medium
TAssetMgr,SetPreferenceString,"(const CStr255&, const char*)","TAssetMgr::SetPreferenceString(const CStr255&, const char*)",SetPreferenceString__9TAssetMgrFRC7CStr255PCc,cw_symbols.raw,6201,method,medium
TArmyToolbar,SetProvince,(short),TArmyToolbar::SetProvince(short),SetProvince__12TArmyToolbarFs,cw_symbols.raw,6207,method,medium
TOrItemOrder,SetQuantity,(short),TOrItemOrder::SetQuantity(short),SetQuantity__12TOrItemOrderFs,cw_symbols.raw,6213,method,medium
TPowerPlantOrder,SetQuantity,(short),TPowerPlantOrder::SetQuantity(short),SetQuantity__16TPowerPlantOrderFs,cw_symbols.raw,6217,method,medium
TProductionOrder,SetQuantity,(short),TProductionOrder::SetQuantity(short),SetQuantity__16TProductionOrderFs,cw_symbols.raw,6218,method,medium
TFoodProcessingOrder,SetQuantity,(short),TFoodProcessingOrder::SetQuantity(short),SetQuantity__20TFoodProcessingOrderFs,cw_symbols.raw,6219,method,medium
TOffLimitsPicture,SetRgn,(Region**),TOffLimitsPicture::SetRgn(Region**),SetRgn__17TOffLimitsPictureFPP6Region,cw_symbols.raw,6225,method,medium
TCity,SetRollingStock,(short),TCity::SetRollingStock(short),SetRollingStock__5TCityFs,cw_symbols.raw,6226,method,medium
TScroller,SetScrollParameters,"(const VPoint&, unsigned char, unsigned char)","TScroller::SetScrollParameters(const VPoint&, unsigned char, unsigned char)",SetScrollParameters__9TScrollerFRC6VPointUcUc,cw_symbols.raw,6231,method,medium
TCivToolbar,SetSelectedUnit,(TCivUnit*),TCivToolbar::SetSelectedUnit(TCivUnit*),SetSelectedUnit__11TCivToolbarFP8TCivUnit,cw_symbols.raw,6235,method,medium
TEditText,SetSelection,"(short, short, unsigned char)","TEditText::SetSelection(short, short, unsigned char)",SetSelection__9TEditTextFssUc,cw_symbols.raw,6237,method,medium
TGridView,SetSingleSelection,(unsigned char),TGridView::SetSingleSelection(unsigned char),SetSingleSelection__9TGridViewFUc,cw_symbols.raw,6242,method,medium
TCzechBox,SetState,"(unsigned char, unsigned char)","TCzechBox::SetState(unsigned char, unsigned char)",SetState__9TCzechBoxFUcUc,cw_symbols.raw,6256,method,medium
THQButton,SetState,"(unsigned char, unsigned char)","THQButton::SetState(unsigned char, unsigned char)",SetState__9THQButtonFUcUc,cw_symbols.raw,6257,method,medium
TShipyardView,SetStats,(TView*),TShipyardView::SetStats(TView*),SetStats__13TShipyardViewFP5TView,cw_symbols.raw,6258,method,medium
PhaseDataMessage,SetSync,(),PhaseDataMessage::SetSync(),SetSync__16PhaseDataMessageFv,cw_symbols.raw,6263,method,medium
TTacNavyToolbar,SetTarget,(TTacticalUnit*),TTacNavyToolbar::SetTarget(TTacticalUnit*),SetTarget__15TTacNavyToolbarFP13TTacticalUnit,cw_symbols.raw,6265,method,medium
TEditText,SetTargetSelection,(unsigned char),TEditText::SetTargetSelection(unsigned char),SetTargetSelection__9TEditTextFUc,cw_symbols.raw,6270,method,medium
TDeluxeText,SetText,"(short, short)","TDeluxeText::SetText(short, short)",SetText__11TDeluxeTextFss,cw_symbols.raw,6274,method,medium
TMyNumberText,SetText,"(const CStr255&, unsigned char)","TMyNumberText::SetText(const CStr255&, unsigned char)",SetText__13TMyNumberTextFRC7CStr255Uc,cw_symbols.raw,6276,method,medium
TMyStaticText,SetText,"(const CStr255&, unsigned char)","TMyStaticText::SetText(const CStr255&, unsigned char)",SetText__13TMyStaticTextFRC7CStr255Uc,cw_symbols.raw,6277,method,medium
TTextLine,SetText,(CStr255&),TTextLine::SetText(CStr255&),SetText__9TTextLineFR7CStr255,cw_symbols.raw,6282,method,medium
TBuildingView,SetTextBox,"(TStaticText*, char*)","TBuildingView::SetTextBox(TStaticText*, char*)",SetTextBox__13TBuildingViewFP11TStaticTextPc,cw_symbols.raw,6283,method,medium
TBuildingView,SetTextBox,"(TStaticText*, short, short)","TBuildingView::SetTextBox(TStaticText*, short, short)",SetTextBox__13TBuildingViewFP11TStaticTextss,cw_symbols.raw,6284,method,medium
TTextLine,SetTheJustification,(short),TTextLine::SetTheJustification(short),SetTheJustification__9TTextLineFs,cw_symbols.raw,6288,method,medium
TFileBasedDocument,SetTitle,(const CStr255&),TFileBasedDocument::SetTitle(const CStr255&),SetTitle__18TFileBasedDocumentFRC7CStr255,cw_symbols.raw,6295,method,medium
TWindow,SetTitle,(const CStr255&),TWindow::SetTitle(const CStr255&),SetTitle__7TWindowFRC7CStr255,cw_symbols.raw,6297,method,medium
TMapMgr,SetToPlainTerrain,"(long, 8)","TMapMgr::SetToPlainTerrain(long, 8)",SetToPlainTerrain__7TMapMgrFl8,cw_symbols.raw,6299,method,medium
TGreatPower,SetTradeBids,(),TGreatPower::SetTradeBids(),SetTradeBids__11TGreatPowerFv,cw_symbols.raw,6302,method,medium
TAutoGreatPower,SetTradeBids,(),TAutoGreatPower::SetTradeBids(),SetTradeBids__15TAutoGreatPowerFv,cw_symbols.raw,6303,method,medium
TTedForeignMinister,SetTradeBids,(),TTedForeignMinister::SetTradeBids(),SetTradeBids__19TTedForeignMinisterFv,cw_symbols.raw,6305,method,medium
TTextileForeignMinister,SetTradeBids,(),TTextileForeignMinister::SetTradeBids(),SetTradeBids__23TTextileForeignMinisterFv,cw_symbols.raw,6309,method,medium
TCivDescription,SetUnit,(TCivUnit*),TCivDescription::SetUnit(TCivUnit*),SetUnit__15TCivDescriptionFP8TCivUnit,cw_symbols.raw,6321,method,medium
TTacticalToolbar,SetUnit,(TTacticalUnit*),TTacticalToolbar::SetUnit(TTacticalUnit*),SetUnit__16TTacticalToolbarFP13TTacticalUnit,cw_symbols.raw,6324,method,medium
TPanelView,Setup,(),TPanelView::Setup(),Setup__10TPanelViewFv,cw_symbols.raw,6325,method,medium
TInfoPanelView,Setup,(),TInfoPanelView::Setup(),Setup__14TInfoPanelViewFv,cw_symbols.raw,6328,method,medium
TTECommand,SetupDependencies,(),TTECommand::SetupDependencies(),SetupDependencies__10TTECommandFv,cw_symbols.raw,6332,method,medium
TView,SetupDrawingEnvironment,(),TView::SetupDrawingEnvironment(),SetupDrawingEnvironment__5TViewFv,cw_symbols.raw,6334,method,medium
TPrintHandler,SetupForFinder,(),TPrintHandler::SetupForFinder(),SetupForFinder__13TPrintHandlerFv,cw_symbols.raw,6336,method,medium
TMapDialog,SetUpperLeft,"(short, short)","TMapDialog::SetUpperLeft(short, short)",SetUpperLeft__10TMapDialogFss,cw_symbols.raw,6339,method,medium
TWorldView,SetUpperLeft,"(short, short)","TWorldView::SetUpperLeft(short, short)",SetUpperLeft__10TWorldViewFss,cw_symbols.raw,6342,method,medium
TNumberedIcon,SetValue,"(short, unsigned char)","TNumberedIcon::SetValue(short, unsigned char)",SetValue__13TNumberedIconFsUc,cw_symbols.raw,6355,method,medium
TCtlMgr,SetValues,"(short, short, short, unsigned char)","TCtlMgr::SetValues(short, short, short, unsigned char)",SetValues__7TCtlMgrFsssUc,cw_symbols.raw,6360,method,medium
TMovieViewBehavior,SetVolume,(short),TMovieViewBehavior::SetVolume(short),SetVolume__18TMovieViewBehaviorFs,cw_symbols.raw,6363,method,medium
MemoryHeap,SetZapOnFree,(unsigned char),MemoryHeap::SetZapOnFree(unsigned char),SetZapOnFree__10MemoryHeapFUc,cw_symbols.raw,6366,method,medium
TAlwaysPictureButton,Show,"(unsigned char, unsigned char)","TAlwaysPictureButton::Show(unsigned char, unsigned char)",Show__20TAlwaysPictureButtonFUcUc,cw_symbols.raw,6373,method,medium
TView,Show,"(unsigned char, unsigned char)","TView::Show(unsigned char, unsigned char)",Show__5TViewFUcUc,cw_symbols.raw,6374,method,medium
TOfferDeskPicture,ShowAdvice,(),TOfferDeskPicture::ShowAdvice(),ShowAdvice__17TOfferDeskPictureFv,cw_symbols.raw,6378,method,medium
TGreatPower,ShowDiplomacyNotices,(),TGreatPower::ShowDiplomacyNotices(),ShowDiplomacyNotices__11TGreatPowerFv,cw_symbols.raw,6384,method,medium
TAutoGreatPower,ShowDiplomacyNotices,(),TAutoGreatPower::ShowDiplomacyNotices(),ShowDiplomacyNotices__15TAutoGreatPowerFv,cw_symbols.raw,6385,method,medium
TZone,ShowFocusIngot,(unsigned char),TZone::ShowFocusIngot(unsigned char),ShowFocusIngot__5TZoneFUc,cw_symbols.raw,6390,method,medium
TViewMgr,ShowOpeningCinematic,"(void, 8)","TViewMgr::ShowOpeningCinematic(void, 8)",ShowOpeningCinematic__8TViewMgrFv8,cw_symbols.raw,6408,method,medium
TDiplomacyMapView,ShowRelations,"(short, const VRect&)","TDiplomacyMapView::ShowRelations(short, const VRect&)",ShowRelations__17TDiplomacyMapViewFsRC5VRect,cw_symbols.raw,6415,method,medium
TDocument,ShowWindows,(),TDocument::ShowWindows(),ShowWindows__9TDocumentFv,cw_symbols.raw,6435,method,medium
TWindow,SimpleStagger,"(CPoint, short&)","TWindow::SimpleStagger(CPoint, short&)",SimpleStagger__7TWindowF6CPointRs,cw_symbols.raw,6439,method,medium
TInvadeMission,SmokeEmIfYouGotEm,(),TInvadeMission::SmokeEmIfYouGotEm(),SmokeEmIfYouGotEm__14TInvadeMissionFv,cw_symbols.raw,6445,method,medium
TAttackProvinceMission,SmokeEmIfYouGotEm,"(void, 8)","TAttackProvinceMission::SmokeEmIfYouGotEm(void, 8)",SmokeEmIfYouGotEm__22TAttackProvinceMissionFv8,cw_symbols.raw,6447,method,medium
TGreatPower,SorryYouLose,(),TGreatPower::SorryYouLose(),SorryYouLose__11TGreatPowerFv,cw_symbols.raw,6453,method,medium
TAutoGreatPower,SorryYouLose,(),TAutoGreatPower::SorryYouLose(),SorryYouLose__15TAutoGreatPowerFv,cw_symbols.raw,6454,method,medium
THostGreatPower,SorryYouLose,(),THostGreatPower::SorryYouLose(),SorryYouLose__15THostGreatPowerFv,cw_symbols.raw,6455,method,medium
TSortedList,Sort,(),TSortedList::Sort(),Sort__11TSortedListFv,cw_symbols.raw,6457,method,medium
TSoundPlayer,SoundEnable,(),TSoundPlayer::SoundEnable(),SoundEnable__12TSoundPlayerFv,cw_symbols.raw,6459,method,medium
TApplication,SpaceIsLowAlert,(),TApplication::SpaceIsLowAlert(),SpaceIsLowAlert__12TApplicationFv,cw_symbols.raw,6461,method,medium
TFile,Specify,(const FSSpec&),TFile::Specify(const FSSpec&),Specify__5TFileFRC6FSSpec,cw_symbols.raw,6462,method,medium
TFile,SpecifyWithSFReply,(const SFReply&),TFile::SpecifyWithSFReply(const SFReply&),SpecifyWithSFReply__5TFileFRC7SFReply,cw_symbols.raw,6465,method,medium
TSetupRandomMapPicture,StartGame,(),TSetupRandomMapPicture::StartGame(),StartGame__22TSetupRandomMapPictureFv,cw_symbols.raw,6484,method,medium
CSetupMenus,StartMenuSetup,(MenuInfo**),CSetupMenus::StartMenuSetup(MenuInfo**),StartMenuSetup__11CSetupMenusFPP8MenuInfo,cw_symbols.raw,6485,method,medium
TMultiplayerMgr,StartMultiplayerSupport,(),TMultiplayerMgr::StartMultiplayerSupport(),StartMultiplayerSupport__15TMultiplayerMgrFv,cw_symbols.raw,6486,method,medium
TTradeMgr,StartTradePhase,(),TTradeMgr::StartTradePhase(),StartTradePhase__9TTradeMgrFv,cw_symbols.raw,6490,method,medium
TCouncilView,StartVoting,(),TCouncilView::StartVoting(),StartVoting__12TCouncilViewFv,cw_symbols.raw,6492,method,medium
TGreatPower,StopBeingEnemiesWith,(long),TGreatPower::StopBeingEnemiesWith(long),StopBeingEnemiesWith__11TGreatPowerFl,cw_symbols.raw,6497,method,medium
TAutoGreatPower,StopBeingEnemiesWith,(long),TAutoGreatPower::StopBeingEnemiesWith(long),StopBeingEnemiesWith__15TAutoGreatPowerFl,cw_symbols.raw,6498,method,medium
TMovieView,StopMovie,(),TMovieView::StopMovie(),StopMovie__10TMovieViewFv,cw_symbols.raw,6500,method,medium
TOrderView,StuffValues,"(TGreatPower*, short)","TOrderView::StuffValues(TGreatPower*, short)",StuffValues__10TOrderViewFP11TGreatPowers,cw_symbols.raw,6510,method,medium
TTransportView,StuffValues,(TGreatPower*),TTransportView::StuffValues(TGreatPower*),StuffValues__14TTransportViewFP11TGreatPower,cw_symbols.raw,6518,method,medium
TTechHistoryView,StuffValues,(short),TTechHistoryView::StuffValues(short),StuffValues__16TTechHistoryViewFs,cw_symbols.raw,6525,method,medium
TMinorRelationshipDialog,StuffValues,(),TMinorRelationshipDialog::StuffValues(),StuffValues__24TMinorRelationshipDialogFv,cw_symbols.raw,6530,method,medium
TScroller:,SubViewChangedFrame,"(TView*, const VRect&, const VRect&, unsigned char)","TScroller:::SubViewChangedFrame(TView*, const VRect&, const VRect&, unsigned char)",:.SubViewChangedFrame__9TScrollerFP5TViewRC5VRectRC5VRectUc,cw_symbols.raw,6534,method,medium
TView,SuperToLocal,(VPoint&),TView::SuperToLocal(VPoint&),SuperToLocal__5TViewFR6VPoint,cw_symbols.raw,6536,method,medium
TView,SuperToLocalVRect,(VRect&),TView::SuperToLocalVRect(VRect&),SuperToLocalVRect__5TViewFR5VRect,cw_symbols.raw,6538,method,medium
TDealBookPicture,SwitchPages,(),TDealBookPicture::SwitchPages(),SwitchPages__16TDealBookPictureFv,cw_symbols.raw,6540,method,medium
TArmyPlayer,SwitchToAutoPlay,(),TArmyPlayer::SwitchToAutoPlay(),SwitchToAutoPlay__11TArmyPlayerFv,cw_symbols.raw,6542,method,medium
TMapUberPicture,SwitchToCivilianMode,(),TMapUberPicture::SwitchToCivilianMode(),SwitchToCivilianMode__15TMapUberPictureFv,cw_symbols.raw,6545,method,medium
TDialogTEView,TargetValidationFailed,(long),TDialogTEView::TargetValidationFailed(long),TargetValidationFailed__13TDialogTEViewFl,cw_symbols.raw,6552,method,medium
TEventHandler,TargetValidationFailed,(long),TEventHandler::TargetValidationFailed(long),TargetValidationFailed__13TEventHandlerFl,cw_symbols.raw,6553,method,medium
TEventHandler,TargetValidationSucceeded,(),TEventHandler::TargetValidationSucceeded(),TargetValidationSucceeded__13TEventHandlerFv,cw_symbols.raw,6554,method,medium
TGreatPower,TellColoniesAboutNewTreaty,"(long, short)","TGreatPower::TellColoniesAboutNewTreaty(long, short)",TellColoniesAboutNewTreaty__11TGreatPowerFls,cw_symbols.raw,6557,method,medium
TFocusAnimation,Tick,(),TFocusAnimation::Tick(),Tick__15TFocusAnimationFv,cw_symbols.raw,6564,method,medium
TCouncilTickerAnimation,Tick,(),TCouncilTickerAnimation::Tick(),Tick__23TCouncilTickerAnimationFv,cw_symbols.raw,6567,method,medium
TTacticalBattleView,Tile2Rect,"(CRect&, long)","TTacticalBattleView::Tile2Rect(CRect&, long)",Tile2Rect__19TTacticalBattleViewFR5CRectl,cw_symbols.raw,6568,method,medium
TMapMgr,TileID2TileTopLeft,"(short, const VPoint&, short&, short&, short)","TMapMgr::TileID2TileTopLeft(short, const VPoint&, short&, short&, short)",TileID2TileTopLeft__7TMapMgrFsRC6VPointRsRss,cw_symbols.raw,6571,method,medium
TCheckBox,Toggle,(unsigned char),TCheckBox::Toggle(unsigned char),Toggle__9TCheckBoxFUc,cw_symbols.raw,6574,method,medium
TCzechBox,Toggle,(unsigned char),TCzechBox::Toggle(unsigned char),Toggle__9TCzechBoxFUc,cw_symbols.raw,6575,method,medium
TCheckBox,ToggleIf,"(unsigned char, unsigned char)","TCheckBox::ToggleIf(unsigned char, unsigned char)",ToggleIf__9TCheckBoxFUcUc,cw_symbols.raw,6578,method,medium
TCzechBox,ToggleIf,"(unsigned char, unsigned char)","TCzechBox::ToggleIf(unsigned char, unsigned char)",ToggleIf__9TCzechBoxFUcUc,cw_symbols.raw,6579,method,medium
VRect,ToRect,() const,VRect::ToRect() const,ToRect__5VRectCFv,cw_symbols.raw,6583,method,medium
TApplication,TrackHelp,(CPoint),TApplication::TrackHelp(CPoint),TrackHelp__12TApplicationF6CPoint,cw_symbols.raw,6588,method,medium
TMapMaker,TundraBand,"(long, long)","TMapMaker::TundraBand(long, long)",TundraBand__9TMapMakerFll,cw_symbols.raw,6600,method,medium
TTacticalBattle,UndeployUnit,(long),TTacticalBattle::UndeployUnit(long),UndeployUnit__15TTacticalBattleFl,cw_symbols.raw,6602,method,medium
TArmyStack,UnitsFighting,(),TArmyStack::UnitsFighting(),UnitsFighting__10TArmyStackFv,cw_symbols.raw,6609,method,medium
TrapPatch,UnpatchTrap,(),TrapPatch::UnpatchTrap(),UnpatchTrap__9TrapPatchFv,cw_symbols.raw,6612,method,medium
TMacViewMgr,UpdateCityScreen,(),TMacViewMgr::UpdateCityScreen(),UpdateCityScreen__11TMacViewMgrFv,cw_symbols.raw,6620,method,medium
TViewMgr,UpdateCityScreen,(),TViewMgr::UpdateCityScreen(),UpdateCityScreen__8TViewMgrFv,cw_symbols.raw,6621,method,medium
TCtlMgr,UpdateCoordinates,(),TCtlMgr::UpdateCoordinates(),UpdateCoordinates__7TCtlMgrFv,cw_symbols.raw,6623,method,medium
TTEView,UpdateCoordinates,(),TTEView::UpdateCoordinates(),UpdateCoordinates__7TTEViewFv,cw_symbols.raw,6624,method,medium
TUniversityView,UpdateFields,(),TUniversityView::UpdateFields(),UpdateFields__15TUniversityViewFv,cw_symbols.raw,6632,method,medium
TCityProductionView,UpdateFields,(),TCityProductionView::UpdateFields(),UpdateFields__19TCityProductionViewFv,cw_symbols.raw,6634,method,medium
TTacticalBattleView,UpdateSelectionBlink,(),TTacticalBattleView::UpdateSelectionBlink(),UpdateSelectionBlink__19TTacticalBattleViewFv,cw_symbols.raw,6643,method,medium
TMacViewMgr,UpdateTerrainMap,(),TMacViewMgr::UpdateTerrainMap(),UpdateTerrainMap__11TMacViewMgrFv,cw_symbols.raw,6645,method,medium
TViewMgr,UpdateTerrainMap,(),TViewMgr::UpdateTerrainMap(),UpdateTerrainMap__8TViewMgrFv,cw_symbols.raw,6646,method,medium
TFile,UseResource,(),TFile::UseResource(),UseResource__5TFileFv,cw_symbols.raw,6655,method,medium
TView,ValidateRect,(const CRect&),TView::ValidateRect(const CRect&),ValidateRect__5TViewFRC5CRect,cw_symbols.raw,6661,method,medium
TTacticalBattle,ValidTargets,(),TTacticalBattle::ValidTargets(),ValidTargets__15TTacticalBattleFv,cw_symbols.raw,6667,method,medium
TNavyMission,ValueOf,(const TShip*) const,TNavyMission::ValueOf(const TShip*) const,ValueOf__12TNavyMissionCFPC5TShip,cw_symbols.raw,6670,method,medium
TInvadeMission,ValueOf,(const TMilitaryUnit*) const,TInvadeMission::ValueOf(const TMilitaryUnit*) const,ValueOf__14TInvadeMissionCFPC13TMilitaryUnit,cw_symbols.raw,6671,method,medium
TMission,ValueOf,(const TMilitaryUnit*) const,TMission::ValueOf(const TMilitaryUnit*) const,ValueOf__8TMissionCFPC13TMilitaryUnit,cw_symbols.raw,6672,method,medium
TCivUnit,Vaporize,(),TCivUnit::Vaporize(),Vaporize__8TCivUnitFv,cw_symbols.raw,6677,method,medium
stretch<SeaSegment>,operator[],(unsigned int),stretch<SeaSegment>::operator[](unsigned int),__vc__21stretch<10SeaSegment>FUi,cw_symbols.raw,6682,method,medium
VRect,operator[],(PointSelector) const,VRect::operator[](PointSelector) const,__vc__5VRectCF13PointSelector,cw_symbols.raw,6684,method,medium
VPoint,operator[],(signed char) const,VPoint::operator[](signed char) const,__vc__6VPointCFSc,cw_symbols.raw,6687,method,medium
TButton,IButton,"(TView*, const VPoint&, const VPoint&, SizeDeterminer, SizeDeterminer, const CStr255&)","TButton::IButton(TView*, const VPoint&, const VPoint&, SizeDeterminer, SizeDeterminer, const CStr255&)",IButton__7TButtonFP5TViewRC6VPointRC6VPoint14SizeDeterminer14SizeDeterminerRC7CStr255,cw_symbols.raw,6691,method,medium
TShip,Victory,(int),TShip::Victory(int),Victory__5TShipFi,cw_symbols.raw,6693,method,medium
TRadio,IRadio,"(TView*, const VPoint&, const VPoint&, SizeDeterminer, SizeDeterminer, const CStr255&, unsigned char)","TRadio::IRadio(TView*, const VPoint&, const VPoint&, SizeDeterminer, SizeDeterminer, const CStr255&, unsigned char)",IRadio__6TRadioFP5TViewRC6VPointRC6VPoint14SizeDeterminer14SizeDeterminerRC7CStr255Uc,cw_symbols.raw,6699,method,medium
TSimMgr,Visit,(long),TSimMgr::Visit(long),Visit__7TSimMgrFl,cw_symbols.raw,6700,method,medium
TView,WantsToBeTarget,(),TView::WantsToBeTarget(),WantsToBeTarget__5TViewFv,cw_symbols.raw,6707,method,medium
TForeignMinister,WeNeedMoney,(),TForeignMinister::WeNeedMoney(),WeNeedMoney__16TForeignMinisterFv,cw_symbols.raw,6711,method,medium
TTradeMgr,WhoTradesFirst,"(short, short)","TTradeMgr::WhoTradesFirst(short, short)",WhoTradesFirst__9TTradeMgrFss,cw_symbols.raw,6716,method,medium
TStream,WriteBoolean,(unsigned char),TStream::WriteBoolean(unsigned char),WriteBoolean__7TStreamFUc,cw_symbols.raw,6727,method,medium
TStream,WriteBytes,"(const void*, long)","TStream::WriteBytes(const void*, long)",WriteBytes__7TStreamFPCvl,cw_symbols.raw,6734,method,medium
TIncludeView,WriteFields,(TStream*),TIncludeView::WriteFields(TStream*),WriteFields__12TIncludeViewFP7TStream,cw_symbols.raw,6741,method,medium
TIcon,WriteFields,(TStream*),TIcon::WriteFields(TStream*),WriteFields__5TIconFP7TStream,cw_symbols.raw,6746,method,medium
TEditText,WriteFields,(TStream*),TEditText::WriteFields(TStream*),WriteFields__9TEditTextFP7TStream,cw_symbols.raw,6758,method,medium
TScroller,WriteFields,(TStream*),TScroller::WriteFields(TStream*),WriteFields__9TScrollerFP7TStream,cw_symbols.raw,6760,method,medium
TStream,WriteHandle,(char**),TStream::WriteHandle(char**),WriteHandle__7TStreamFPPc,cw_symbols.raw,6761,method,medium
TStream,WriteLong,(long),TStream::WriteLong(long),WriteLong__7TStreamFl,cw_symbols.raw,6765,method,medium
TStream,WriteObject,"(TObject*, long&)","TStream::WriteObject(TObject*, long&)",WriteObject__7TStreamFP7TObjectRl,cw_symbols.raw,6767,method,medium
TAppleEvent,WriteParameter,"(unsigned long, const AEDesc&)","TAppleEvent::WriteParameter(unsigned long, const AEDesc&)",WriteParameter__11TAppleEventFUlRC6AEDesc,cw_symbols.raw,6769,method,medium
TAppleEvent,WriteShort,"(unsigned long, short)","TAppleEvent::WriteShort(unsigned long, short)",WriteShort__11TAppleEventFUls,cw_symbols.raw,6774,method,medium
BattleRecord,WriteTo,"(TStream*, 8)","BattleRecord::WriteTo(TStream*, 8)",WriteTo__12BattleRecordFP7TStream8,cw_symbols.raw,6789,method,medium
TAdornerList,WriteTo,(TStream*),TAdornerList::WriteTo(TStream*),WriteTo__12TAdornerListFP7TStream,cw_symbols.raw,6790,method,medium
TArmyMission,WriteTo,(TStream*),TArmyMission::WriteTo(TStream*),WriteTo__12TArmyMissionFP7TStream,cw_symbols.raw,6791,method,medium
TNavyMission,WriteTo,(TStream*),TNavyMission::WriteTo(TStream*),WriteTo__12TNavyMissionFP7TStream,cw_symbols.raw,6792,method,medium
TDefenseMinister,WriteTo,(TStream*),TDefenseMinister::WriteTo(TStream*),WriteTo__16TDefenseMinisterFP7TStream,cw_symbols.raw,6801,method,medium
TForeignMinister,WriteTo,"(TStream*, 8)","TForeignMinister::WriteTo(TStream*, 8)",WriteTo__16TForeignMinisterFP7TStream8,cw_symbols.raw,6802,method,medium
TPowerPlantOrder,WriteTo,(TStream*),TPowerPlantOrder::WriteTo(TStream*),WriteTo__16TPowerPlantOrderFP7TStream,cw_symbols.raw,6803,method,medium
TProductionOrder,WriteTo,(TStream*),TProductionOrder::WriteTo(TStream*),WriteTo__16TProductionOrderFP7TStream,cw_symbols.raw,6804,method,medium
TBillForeignMinister,WriteTo,(TStream*),TBillForeignMinister::WriteTo(TStream*),WriteTo__20TBillForeignMinisterFP7TStream,cw_symbols.raw,6809,method,medium
TBlockadePortMission,WriteTo,(TStream*),TBlockadePortMission::WriteTo(TStream*),WriteTo__20TBlockadePortMissionFP7TStream,cw_symbols.raw,6810,method,medium
TCity,WriteTo,"(TStream*, 8)","TCity::WriteTo(TStream*, 8)",WriteTo__5TCityFP7TStream8,cw_symbols.raw,6814,method,medium
TShip,WriteTo,(TStream*),TShip::WriteTo(TStream*),WriteTo__5TShipFP7TStream,cw_symbols.raw,6815,method,medium
TTask,WriteTo,(TStream*),TTask::WriteTo(TStream*),WriteTo__5TTaskFP7TStream,cw_symbols.raw,6816,method,medium
TTown,WriteTo,(TStream*),TTown::WriteTo(TStream*),WriteTo__5TTownFP7TStream,cw_symbols.raw,6817,method,medium
TUnit,WriteTo,(TStream*),TUnit::WriteTo(TStream*),WriteTo__5TUnitFP7TStream,cw_symbols.raw,6818,method,medium
TCityTask,WriteTo,(TStream*),TCityTask::WriteTo(TStream*),WriteTo__9TCityTaskFP7TStream,cw_symbols.raw,6840,method,medium
TMinister,WriteTo,(TStream*),TMinister::WriteTo(TStream*),WriteTo__9TMinisterFP7TStream,cw_symbols.raw,6841,method,medium
TPortZone,WriteTo,(TStream*),TPortZone::WriteTo(TStream*),WriteTo__9TPortZoneFP7TStream,cw_symbols.raw,6842,method,medium
TViewServer,WriteViewsToHandle,(TView*),TViewServer::WriteViewsToHandle(TView*),WriteViewsToHandle__11TViewServerFP5TView,cw_symbols.raw,6848,method,medium
TStream,WriteVRect,(const VRect&),TStream::WriteVRect(const VRect&),WriteVRect__7TStreamFRC5VRect,cw_symbols.raw,6850,method,medium
TControl,IControl,"(TView*, const VPoint&, const VPoint&, SizeDeterminer, SizeDeterminer, const TextStyle&)","TControl::IControl(TView*, const VPoint&, const VPoint&, SizeDeterminer, SizeDeterminer, const TextStyle&)",IControl__8TControlFP5TViewRC6VPointRC6VPoint14SizeDeterminer14SizeDeterminerRC9TextStyle,cw_symbols.raw,6857,method,medium
TView,ZoomByUser,"(const VPoint&, short)","TView::ZoomByUser(const VPoint&, short)",ZoomByUser__5TViewFRC6VPoints,cw_symbols.raw,6860,method,medium
TMapUberPicture,ZoomOut,(TPicture*),TMapUberPicture::ZoomOut(TPicture*),ZoomOut__15TMapUberPictureFP8TPicture,cw_symbols.raw,6863,method,medium
