address|name|symbol|prototype|type|source_file|provenance
004125a0|`dynamic initializer for 'g_gfxCoordinateScale_6A12F8''|||synthetic|src/game/core/global_data_tables.cpp|legacy-marker
004125d0|`dynamic initializer for 'g_scaledShortConst_6A1340''|||synthetic|src/game/core/global_data_tables.cpp|legacy-marker
00412aa0|ImperialismApp::GetMessageMap|||synthetic|src/game/ImperialismApp.cpp|legacy-marker
00412c30|ImperialismApp::`scalar deleting destructor'|||synthetic|src/game/ImperialismApp.cpp|legacy-marker
00412d40|InitializeImperialismAppSingletonGlobal|||synthetic|src/game/ImperialismApp.cpp|legacy-marker
00412d70|DestroyImperialismAppSingletonGlobal|||synthetic|src/game/ImperialismApp.cpp|legacy-marker
00413550|ImperialismCommandLineInfo::`scalar deleting destructor'|||synthetic|src/game/ImperialismCommandLineInfo.cpp|legacy-marker
004135f0|TAmbitApplication::`scalar deleting destructor'|||synthetic|src/game/gfx/TAmbitApplication.cpp|legacy-marker
00413640|T64TemplateDialog::T64TemplateDialog|||synthetic|include/game/gfx/TTemplateDialogs.h|legacy-marker
00413670|T64TemplateDialog::`scalar deleting destructor'|||synthetic|src/game/gfx/TTemplateDialogs.cpp|legacy-marker
004136e0|T64TemplateDialog::GetMessageMap|||synthetic|src/game/gfx/TTemplateDialogs.cpp|legacy-marker
00413c00|TModalDialogBase::`scalar deleting destructor'|||synthetic|src/game/gfx/TModalDialogBase.cpp|legacy-marker
00413cd0|TDibPreviewDialog::`scalar deleting destructor'|||synthetic|src/game/gfx/TTemplateDialogs.cpp|legacy-marker
00415dc0|`dynamic initializer for 'g_gfxCoordinateScale_6A13A8''|||synthetic|src/game/core/global_data_tables.cpp|legacy-marker
00415df0|`dynamic initializer for 'g_scaledShortConst_6A1418''|||synthetic|src/game/core/global_data_tables.cpp|legacy-marker
00415e20|InitializeUiResourcePoolStateAndRegisterAtExit|||synthetic|src/game/core/global_data_tables.cpp|legacy-marker
00415e50|DestroyUiResourcePoolStateAtExit|||synthetic|src/game/core/global_data_tables.cpp|legacy-marker
00415e70||??1?$CList@PAVTView@@PAV1@@@UAE@XZ||template|src/game/core/global_data_tables.cpp|legacy-marker
00415f00|CObject::`scalar deleting destructor'|||synthetic|src/game/core/library_identities.cpp|legacy-marker
00415f50||??0?$CList@PAVTView@@PAV1@@@QAE@H@Z||template|src/game/core/global_data_tables.cpp|legacy-marker
00415f90|CList<TView *,TView *>::`scalar deleting destructor'|||synthetic|src/game/core/global_data_tables.cpp|legacy-marker
0041b6b0||||synthetic|src/game/core/library_identities.cpp|legacy-marker
00426f60||?GetTail@?$CList@PAVTView@@PAV1@@@QBEPAVTView@@XZ||template|src/game/app/ui_resource_builder.cpp|legacy-marker
00427310||||synthetic|src/game/core/library_identities.cpp|legacy-marker
004293c0|TInfoBarText::`scalar deleting destructor'|||synthetic|src/game/ui_widgets/TInfoBarText.cpp|legacy-marker
00429530|TNumberText::`scalar deleting destructor'|||synthetic|src/game/ui_core/TNumberText.cpp|legacy-marker
00429580||||synthetic|src/game/core/library_identities.cpp|legacy-marker
00430280|TBook::`scalar deleting destructor'|||synthetic|src/game/ui_screens/TBook.cpp|legacy-marker
004302d0|TPageCorner::`scalar deleting destructor'|||synthetic|src/game/app/TPageCorner.cpp|legacy-marker
00430350|TTreatiesView::`scalar deleting destructor'|||synthetic|src/game/diplomacy_ui/TTreatiesView.cpp|legacy-marker
004303d0|TGrantsView::`scalar deleting destructor'|||synthetic|src/game/diplomacy_ui/TGrantsView.cpp|legacy-marker
00430450|TTradePanelView::`scalar deleting destructor'|||synthetic|src/game/diplomacy_ui/TTradePanelView.cpp|legacy-marker
004304d0|TInfoPanelView::`scalar deleting destructor'|||synthetic|src/game/diplomacy_ui/TInfoPanelView.cpp|legacy-marker
00430570|TCouncilPanelView::`scalar deleting destructor'|||synthetic|src/game/diplomacy_ui/TCouncilPanelView.cpp|legacy-marker
004305e0|TNominationView::`scalar deleting destructor'|||synthetic|src/game/diplomacy_ui/TNominationView.cpp|legacy-marker
00430660|TCouncilView::`scalar deleting destructor'|||synthetic|src/game/diplomacy_ui/TCouncilView.cpp|legacy-marker
004307a0||?Add@?$stretch@E@@UAEPAEE@Z||template|src/game/city_ui/StrategicMapCallbackRecord.cpp|legacy-marker
00430830||?Add@?$stretch@H@@UAEPAHH@Z||template|src/game/city_ui/StrategicMapCallbackRecord.cpp|legacy-marker
00430900|TMapKey::`scalar deleting destructor'|||synthetic|src/game/diplomacy_ui/TMapKey.cpp|legacy-marker
004309e0|TDeluxeText::`scalar deleting destructor'|||synthetic|src/game/ui_widgets/TDeluxeText.cpp|legacy-marker
00430a30|TBattleReportView::`scalar deleting destructor'|||synthetic|src/game/military_ui/TBattleReportView.cpp|legacy-marker
00430a60|TBattleReportView::~TBattleReportView|||synthetic|src/game/military_ui/TBattleReportView.cpp|legacy-marker
00430b00|TBattleDetailBook::`scalar deleting destructor'|||synthetic|src/game/military_ui/TBattleDetailBook.cpp|legacy-marker
00430b80|TBattleUnitsView::`scalar deleting destructor'|||synthetic|src/game/military_ui/TBattleUnitsView.cpp|legacy-marker
00430c30||||synthetic|src/game/core/library_identities.cpp|legacy-marker
00435540|TDealTabControl::`scalar deleting destructor'|||synthetic|src/game/trade_ui/TDealTabControl.cpp|legacy-marker
004355c0|TTradePageSellView::`scalar deleting destructor'|||synthetic|src/game/trade_ui/TTradePageSellView.cpp|legacy-marker
00435640|TTradePageBuyView::`scalar deleting destructor'|||synthetic|src/game/trade_ui/TTradePageBuyView.cpp|legacy-marker
00435690|TTradeBookView::`scalar deleting destructor'|||synthetic|src/game/trade_ui/TTradeBookView.cpp|legacy-marker
00435710|TNewspaperView::`scalar deleting destructor'|||synthetic|src/game/ui_screens/TNewspaperView.cpp|legacy-marker
00435790||||synthetic|src/game/core/library_identities.cpp|legacy-marker
0043d5c0|TMapPreviewView::`scalar deleting destructor'|||synthetic|src/game/ui_screens/TMapPreviewView.cpp|legacy-marker
0043d650|TTwoPicSlider::`scalar deleting destructor'|||synthetic|src/game/ui_screens/TTwoPicSlider.cpp|legacy-marker
0043d6a0|TQueryFloater::`scalar deleting destructor'|||synthetic|src/game/ui_screens/TQueryFloater.cpp|legacy-marker
0043d720|TMadnessButton::`scalar deleting destructor'|||synthetic|src/game/net/TMadnessButton.cpp|legacy-marker
0043d7a0|TTerrainHelpPicture::`scalar deleting destructor'|||synthetic|src/game/ui_screens/TTerrainHelpPicture.cpp|legacy-marker
0043d7f0|TScrollView::`scalar deleting destructor'|||synthetic|src/game/ui_screens/TScrollView.cpp|legacy-marker
0043d870|TStatusPicture::`scalar deleting destructor'|||synthetic|src/game/ui_widgets/TStatusPicture.cpp|legacy-marker
0043da10|TFlagOptionsPicture::`scalar deleting destructor'|||synthetic|src/game/navy_ui/TFlagOptionsPicture.cpp|legacy-marker
0043da40|TLoadSavePicture::`scalar deleting destructor'|||synthetic|src/game/ui_screens/TLoadSavePicture.cpp|legacy-marker
0043da70|TGamePreferencesPicture::`scalar deleting destructor'|||synthetic|src/game/navy_ui/TGamePreferencesPicture.cpp|legacy-marker
0043daa0|TRadioText::`scalar deleting destructor'|||synthetic|src/game/ui_screens/TRadioText.cpp|legacy-marker
0043dad0|TCreditsPicture::`scalar deleting destructor'|||synthetic|src/game/ui_screens/TCreditsPicture.cpp|legacy-marker
0043dba0||||synthetic|src/game/core/library_identities.cpp|legacy-marker
0044a720|TShipFractionCluster::`scalar deleting destructor'|||synthetic|src/game/navy_ui/TShipFractionCluster.cpp|legacy-marker
0044a7a0|TCivDescription::`scalar deleting destructor'|||synthetic|src/game/ui_widgets/TCivDescription.cpp|legacy-marker
0044a7f0||||synthetic|src/game/core/library_identities.cpp|legacy-marker
0044af70||||synthetic|src/game/core/library_identities.cpp|legacy-marker
0044fab0|TJoinSelectorDialog::`scalar deleting destructor'|||synthetic|src/game/net/TJoinSelectorDialog.cpp|legacy-marker
0044fae0|TLoungeDialog::`scalar deleting destructor'|||synthetic|src/game/net/TLoungeDialog.cpp|legacy-marker
0044fb10|TMultiMessagePicture::`scalar deleting destructor'|||synthetic|src/game/net/TMultiMessagePicture.cpp|legacy-marker
0044fba0||||synthetic|src/game/core/library_identities.cpp|legacy-marker
00453830|TOverlayRadioButton::`scalar deleting destructor'|||synthetic|src/game/app/TOverlayRadioButton.cpp|legacy-marker
00453880||||synthetic|src/game/core/library_identities.cpp|legacy-marker
0045acd0|TSpecialQuitPicture::`scalar deleting destructor'|||synthetic|src/game/ui_widgets/TSpecialQuitPicture.cpp|legacy-marker
0045ad70|TTEView::`scalar deleting destructor'|||synthetic|src/game/ui_core/TTEView.cpp|legacy-marker
0045adc0|THighScoresPicture::`scalar deleting destructor'|||synthetic|src/game/ui_screens/THighScoresPicture.cpp|legacy-marker
0045ae10|TNetSelectPicture::`scalar deleting destructor'|||synthetic|src/game/ui_screens/TNetSelectPicture.cpp|legacy-marker
0045ae90|TScenarioChooser::`scalar deleting destructor'|||synthetic|src/game/ui_screens/TScenarioChooser.cpp|legacy-marker
0045af30|TTextList::`scalar deleting destructor'|||synthetic|src/game/ui_screens/TTextList.cpp|legacy-marker
0045afb0|TGameScorePicture::`scalar deleting destructor'|||synthetic|src/game/ui_screens/TGameScorePicture.cpp|legacy-marker
0045b030|TGWorldPartView::`scalar deleting destructor'|||synthetic|src/game/app/TGWorldPartView.cpp|legacy-marker
0045b0e0||||synthetic|src/game/core/library_identities.cpp|legacy-marker
0045d2c0|TMapUberUberPicture::`scalar deleting destructor'|||synthetic|src/game/ui_widgets/TMapUberUberPicture.cpp|legacy-marker
0045d310|TTacArmyView::`scalar deleting destructor'|||synthetic|src/game/tactical_ui/TTacArmyView.cpp|legacy-marker
0045d360|TTacticalToolbar::`scalar deleting destructor'|||synthetic|src/game/tactical_ui/TTacticalToolbar.cpp|legacy-marker
0045d3e0|TTacMapUberPicture::`scalar deleting destructor'|||synthetic|src/game/tactical_ui/TTacMapUberPicture.cpp|legacy-marker
0045d430|TTacticalAdiosPicture::`scalar deleting destructor'|||synthetic|src/game/tactical_ui/TTacticalAdiosPicture.cpp|legacy-marker
0045d4b0|TTacticalHolaPicture::`scalar deleting destructor'|||synthetic|src/game/tactical_ui/TTacticalHolaPicture.cpp|legacy-marker
0045d500||||synthetic|src/game/core/library_identities.cpp|legacy-marker
0045e090||||synthetic|src/game/core/library_identities.cpp|legacy-marker
004600f0|TTechStorePage::`scalar deleting destructor'|||synthetic|src/game/app/TTechStorePage.cpp|legacy-marker
00460140|TTechHistoryView::`scalar deleting destructor'|||synthetic|src/game/tactical_ui/TTechHistoryView.cpp|legacy-marker
00460190||||synthetic|src/game/core/library_identities.cpp|legacy-marker
0046fcf0||||synthetic|src/game/core/library_identities.cpp|legacy-marker
00474980||||synthetic|src/game/core/library_identities.cpp|legacy-marker
004793a0||||synthetic|src/game/core/library_identities.cpp|legacy-marker
004793c0|CAmbitDocument::CreateObject|||synthetic|src/game/app/CAmbitDocument.cpp|legacy-marker
00479440|CAmbitDocument::GetRuntimeClass|||synthetic|src/game/app/CAmbitDocument.cpp|legacy-marker
00479460|CAmbitDocument::GetMessageMap|||synthetic|src/game/app/CAmbitDocument.cpp|legacy-marker
004796e0|CAmbitDocument::`scalar deleting destructor'|||synthetic|src/game/app/CAmbitDocument.cpp|legacy-marker
004798f0|ArchiveStreamAdapter::`scalar deleting destructor'|||synthetic|src/game/ArchiveStreamAdapter.cpp|legacy-marker
00479a80||?RemoveTail@?$CList@PAVTView@@PAV1@@@QAEPAVTView@@XZ||template|src/game/app/ui_resource_builder.cpp|legacy-marker
00479b00||?AddTail@?$CList@PAVTView@@PAV1@@@QAEPAU__POSITION@@PAVTView@@@Z||template|src/game/app/ui_resource_builder.cpp|legacy-marker
00479bc0|CList<TView*, TView*>::GetAt(POSITION)|||template|src/game/app/ui_resource_builder.cpp|legacy-marker
00479be0||?Serialize@?$CList@PAVTView@@PAV1@@@UAEXAAVCArchive@@@Z||template|src/game/ui_core/TView.cpp|legacy-marker
00479d50|CList<TView *,TView *>::`scalar deleting destructor'|||synthetic|src/game/ui_core/TView.cpp|legacy-marker
00479d80||??1?$CList@PAVTView@@PAV1@@@UAE@XZ||template|src/game/ui_core/TView.cpp|legacy-marker
00479e40|CDib::CreateObject|||synthetic|src/game/gfx/CDib.cpp|legacy-marker
00479ed0|CDib::GetRuntimeClass|||synthetic|src/game/gfx/CDib.cpp|legacy-marker
00479ef0|`dynamic initializer for '_init_CDib''|||synthetic|src/game/gfx/CDib.cpp|legacy-marker
00479f10|operator>>|||synthetic|src/game/gfx/CDib.cpp|legacy-marker
00479fb0|CDib::`scalar deleting destructor'|||synthetic|src/game/gfx/CDib.cpp|legacy-marker
0047ca90|CPalette::`scalar deleting destructor'|??_GCPalette@@UAEPAXI@Z|public: virtual void * __thiscall CPalette::`scalar deleting destructor'(unsigned int)|synthetic|src/game/core/library_identities.cpp|legacy-marker
0047cb30|CGdiObject::`scalar deleting destructor'|??_GCGdiObject@@UAEPAXI@Z|public: virtual void * __thiscall CGdiObject::`scalar deleting destructor'(unsigned int)|synthetic|src/game/core/library_identities.cpp|legacy-marker
0047cfa0|`dynamic initializer for 'g_scaledShortConst_6A1528''|||synthetic|src/game/core/global_data_tables.cpp|legacy-marker
0047d090|TWarpToScreenDialog::`scalar deleting destructor'|||synthetic|src/game/gfx/TTemplateDialogs.cpp|legacy-marker
0047d1a0|TWarpToScreenDialog::GetMessageMap|||synthetic|src/game/gfx/TTemplateDialogs.cpp|legacy-marker
0047d250|TConductDiplomacyDialog::`scalar deleting destructor'|||synthetic|src/game/gfx/TTemplateDialogs.cpp|legacy-marker
0047d340|TConductDiplomacyDialog::GetMessageMap|||synthetic|src/game/gfx/TTemplateDialogs.cpp|legacy-marker
0047d3f0|TSwitchGreatPowerDialog::`scalar deleting destructor'|||synthetic|src/game/gfx/TTemplateDialogs.cpp|legacy-marker
0047d450|TSwitchGreatPowerDialog::GetMessageMap|||synthetic|src/game/gfx/TTemplateDialogs.cpp|legacy-marker
0047d4b0|TRunOffTurnsDialog::`scalar deleting destructor'|||synthetic|src/game/gfx/TTemplateDialogs.cpp|legacy-marker
0047d520|TRunOffTurnsDialog::GetMessageMap|||synthetic|src/game/gfx/TTemplateDialogs.cpp|legacy-marker
0047d5d0|TDibPreviewDialog::GetMessageMap|||synthetic|src/game/gfx/TTemplateDialogs.cpp|legacy-marker
0047da40|CRgn::`scalar deleting destructor'|??_GCRgn@@UAEPAXI@Z|public: virtual void * __thiscall CRgn::`scalar deleting destructor'(unsigned int)|synthetic|src/game/core/library_identities.cpp|legacy-marker
0047dc40|TBequeathGoodiesDialog::`scalar deleting destructor'|||synthetic|src/game/gfx/TTemplateDialogs.cpp|legacy-marker
0047dcc0|TBequeathGoodiesDialog::GetMessageMap|||synthetic|src/game/gfx/TTemplateDialogs.cpp|legacy-marker
0047dd30|TPeekAtDibDialog::`scalar deleting destructor'|||synthetic|src/game/gfx/TTemplateDialogs.cpp|legacy-marker
0047ddf0|TPeekAtDibDialog::GetMessageMap|||synthetic|src/game/gfx/TTemplateDialogs.cpp|legacy-marker
0047ded0|TFATemplateDialog::`scalar deleting destructor'|||synthetic|src/game/gfx/TTemplateDialogs.cpp|legacy-marker
0047dfb0|TFATemplateDialog::GetMessageMap|||synthetic|src/game/gfx/TTemplateDialogs.cpp|legacy-marker
0047e090|TAutoResolutionDialog::`scalar deleting destructor'|||synthetic|src/game/gfx/TAutoResolutionDialog.cpp|legacy-marker
0047e100|TAutoResolutionDialog::GetMessageMap|||synthetic|src/game/gfx/TAutoResolutionDialog.cpp|legacy-marker
0047e200|CButton::`scalar deleting destructor'|??_GCButton@@UAEPAXI@Z|public: virtual void * __thiscall CButton::`scalar deleting destructor'(unsigned int)|synthetic|src/game/core/library_identities.cpp|legacy-marker
0047e230|CListBox::`scalar deleting destructor'|??_GCListBox@@UAEPAXI@Z|public: virtual void * __thiscall CListBox::`scalar deleting destructor'(unsigned int)|synthetic|src/game/core/library_identities.cpp|legacy-marker
0047e260|CSliderCtrl::`scalar deleting destructor'|??_GCSliderCtrl@@UAEPAXI@Z|public: virtual void * __thiscall CSliderCtrl::`scalar deleting destructor'(unsigned int)|synthetic|src/game/core/library_identities.cpp|legacy-marker
0047e390|CDibPal::`scalar deleting destructor'|||synthetic|src/game/gfx/CDibPal.cpp|legacy-marker
0047f250|`dynamic initializer for 'g_scaledShortConst_6A15C8''|||synthetic|src/game/core/global_data_tables.cpp|legacy-marker
0047f2d0|TA3TemplateDialog::`scalar deleting destructor'|||synthetic|src/game/gfx/TTemplateDialogs.cpp|legacy-marker
0047f340|TA3TemplateDialog::GetMessageMap|||synthetic|src/game/gfx/TTemplateDialogs.cpp|legacy-marker
0047f390|TA4TemplateDialog::`scalar deleting destructor'|||synthetic|src/game/gfx/TTemplateDialogs.cpp|legacy-marker
0047f430|TA4TemplateDialog::GetMessageMap|||synthetic|src/game/gfx/TTemplateDialogs.cpp|legacy-marker
0047f4e0|TADTemplateDialog::`scalar deleting destructor'|||synthetic|src/game/gfx/TTemplateDialogs.cpp|legacy-marker
0047f600|TADTemplateDialog::GetMessageMap|||synthetic|src/game/gfx/TTemplateDialogs.cpp|legacy-marker
0047f710|InitializeRuntimeSelectionRecordArrayStateAndRegisterAtExit|||synthetic|src/game/core/global_data_tables.cpp|legacy-marker
0047f740|DestroyRuntimeSelectionRecordArrayStateAtExit|||synthetic|src/game/core/global_data_tables.cpp|legacy-marker
00480aa0|TPickGameDialog::`scalar deleting destructor'|||synthetic|src/game/gfx/TTemplateDialogs.cpp|legacy-marker
00480b00|TPickGameDialog::GetMessageMap|||synthetic|src/game/gfx/TTemplateDialogs.cpp|legacy-marker
00480b20||??0?$CArray@PAURuntimeSelectionRecord@@PAU1@@@QAE@XZ||template|src/game/core/global_data_tables.cpp|legacy-marker
00480b50||??1?$CArray@PAURuntimeSelectionRecord@@PAU1@@@UAE@XZ||template|src/game/core/global_data_tables.cpp|legacy-marker
00480bd0||?Serialize@?$CArray@PAURuntimeSelectionRecord@@PAU1@@@UAEXAAVCArchive@@@Z||template|src/game/core/global_data_tables.cpp|legacy-marker
00480dd0|CArray<RuntimeSelectionRecord*,RuntimeSelectionRecord*>::`scalar deleting destructor'|||synthetic|src/game/core/global_data_tables.cpp|legacy-marker
00480e00||?SetSize@?$CArray@PAURuntimeSelectionRecord@@PAU1@@@QAEXHH@Z||template|src/game/core/global_data_tables.cpp|legacy-marker
00481090|`dynamic initializer for 'g_gfxCoordinateScale_6A1638''|||synthetic|src/game/core/global_data_tables.cpp|legacy-marker
004810c0|`dynamic initializer for 'g_scaledShortConst_6A1680''|||synthetic|src/game/core/global_data_tables.cpp|legacy-marker
00481130|T102TemplateDialog::`scalar deleting destructor'|||synthetic|src/game/gfx/TTemplateDialogs.cpp|legacy-marker
00481200|T102TemplateDialog::GetMessageMap|||synthetic|src/game/gfx/TTemplateDialogs.cpp|legacy-marker
00481340|`dynamic initializer for 'g_gfxCoordinateScale_6A1690''|||synthetic|src/game/core/global_data_tables.cpp|legacy-marker
00481370|`dynamic initializer for 'g_scaledShortConst_6A16D8''|||synthetic|src/game/core/global_data_tables.cpp|legacy-marker
00481480|TGameSetupDialog::`scalar deleting destructor'|||synthetic|src/game/gfx/TTemplateDialogs.cpp|legacy-marker
004815d0|TGameSetupDialog::GetMessageMap|||synthetic|src/game/gfx/TTemplateDialogs.cpp|legacy-marker
00481620|TA5TemplateDialog::`scalar deleting destructor'|||synthetic|src/game/gfx/TTemplateDialogs.cpp|legacy-marker
00481690|TA5TemplateDialog::GetMessageMap|||synthetic|src/game/gfx/TTemplateDialogs.cpp|legacy-marker
004816e0|TA6TemplateDialog::`scalar deleting destructor'|||synthetic|src/game/gfx/TTemplateDialogs.cpp|legacy-marker
00481750|TA6TemplateDialog::GetMessageMap|||synthetic|src/game/gfx/TTemplateDialogs.cpp|legacy-marker
00481800|TA7TemplateDialog::`scalar deleting destructor'|||synthetic|src/game/gfx/TTemplateDialogs.cpp|legacy-marker
004818d0|TA7TemplateDialog::GetMessageMap|||synthetic|src/game/gfx/TTemplateDialogs.cpp|legacy-marker
00481920|TA8TemplateDialog::`scalar deleting destructor'|||synthetic|src/game/gfx/TTemplateDialogs.cpp|legacy-marker
00481990|TA8TemplateDialog::GetMessageMap|||synthetic|src/game/gfx/TTemplateDialogs.cpp|legacy-marker
004819e0|TA9TemplateDialog::`scalar deleting destructor'|||synthetic|src/game/gfx/TTemplateDialogs.cpp|legacy-marker
00481a50|TA9TemplateDialog::GetMessageMap|||synthetic|src/game/gfx/TTemplateDialogs.cpp|legacy-marker
00481aa0|TAATemplateDialog::`scalar deleting destructor'|||synthetic|src/game/gfx/TTemplateDialogs.cpp|legacy-marker
00481b10|TAATemplateDialog::GetMessageMap|||synthetic|src/game/gfx/TTemplateDialogs.cpp|legacy-marker
00481bf0|TABTemplateDialog::`scalar deleting destructor'|||synthetic|src/game/gfx/TTemplateDialogs.cpp|legacy-marker
00481ce0|TABTemplateDialog::GetMessageMap|||synthetic|src/game/gfx/TTemplateDialogs.cpp|legacy-marker
00481d30|TACTemplateDialog::`scalar deleting destructor'|||synthetic|src/game/gfx/TTemplateDialogs.cpp|legacy-marker
00481da0|TACTemplateDialog::GetMessageMap|||synthetic|src/game/gfx/TTemplateDialogs.cpp|legacy-marker
00481e80|TAETemplateDialog::`scalar deleting destructor'|||synthetic|src/game/gfx/TTemplateDialogs.cpp|legacy-marker
00481f70|TAETemplateDialog::GetMessageMap|||synthetic|src/game/gfx/TTemplateDialogs.cpp|legacy-marker
00481fc0|TAFTemplateDialog::`scalar deleting destructor'|||synthetic|src/game/gfx/TTemplateDialogs.cpp|legacy-marker
00482030|TAFTemplateDialog::GetMessageMap|||synthetic|src/game/gfx/TTemplateDialogs.cpp|legacy-marker
004820e0|TB1TemplateDialog::`scalar deleting destructor'|||synthetic|src/game/gfx/TTemplateDialogs.cpp|legacy-marker
004821b0|TB1TemplateDialog::GetMessageMap|||synthetic|src/game/gfx/TTemplateDialogs.cpp|legacy-marker
004823d0|TF7TemplateDialog::`scalar deleting destructor'|||synthetic|src/game/gfx/TTemplateDialogs.cpp|legacy-marker
00482440|TF7TemplateDialog::GetMessageMap|||synthetic|src/game/gfx/TTemplateDialogs.cpp|legacy-marker
00482700|`dynamic initializer for 'g_gfxCoordinateScale_6A1730''|||synthetic|src/game/core/global_data_tables.cpp|legacy-marker
00482730|`dynamic initializer for 'g_scaledShortConst_6A177C''|||synthetic|src/game/core/global_data_tables.cpp|legacy-marker
00482850|CIncludeView::CreateObject|||synthetic|src/game/ui_core/CIncludeView.cpp|legacy-marker
00482930|CIncludeView::GetRuntimeClass|||synthetic|src/game/ui_core/CIncludeView.cpp|legacy-marker
004829c0|CIncludeView::`scalar deleting destructor'|||synthetic|src/game/ui_core/CIncludeView.cpp|legacy-marker
004829f0|CList<IncludeViewOverlayRectRecord,IncludeViewOverlayRectRecord &>::`scalar deleting destructor'|||synthetic|src/game/ui_core/CIncludeView.cpp|legacy-marker
00482a20||??1?$CList@UIncludeViewOverlayRectRecord@@AAU1@@@UAE@XZ||template|src/game/ui_core/CIncludeView.cpp|legacy-marker
00482bd0|CIncludeView::GetMessageMap|||synthetic|src/game/ui_core/CIncludeView.cpp|legacy-marker
00483ad0|TUiEvent::`scalar deleting destructor'|||synthetic|src/game/ui_core/TUiEvent.cpp|legacy-marker
00484610||?Serialize@?$CList@UIncludeViewOverlayRectRecord@@AAU1@@@UAEXAAVCArchive@@@Z||template|src/game/ui_core/CIncludeView.cpp|legacy-marker
004847a0|CList<IncludeViewOverlayRectRecord,IncludeViewOverlayRectRecord &>::`scalar deleting destructor'|||synthetic|src/game/ui_core/CIncludeView.cpp|legacy-marker
004847d0||??1?$CList@UIncludeViewOverlayRectRecord@@AAU1@@@UAE@XZ||template|src/game/ui_core/CIncludeView.cpp|legacy-marker
00484860||?FreeNode@?$CList@PAVTView@@PAV1@@@IAEXPAUCNode@1@@Z||template|src/game/core/global_data_tables.cpp|legacy-marker
00484990|TObject::`scalar deleting destructor'|||synthetic|src/game/app/TObject.cpp|legacy-marker
00484a90|`dynamic initializer for 'g_gfxCoordinateScale_6A17E8''|||synthetic|src/game/core/global_data_tables.cpp|legacy-marker
00484ac0|`dynamic initializer for 'g_scaledShortConst_6A1830''|||synthetic|src/game/core/global_data_tables.cpp|legacy-marker
00484af0|CMainFrame::CreateObject|||synthetic|src/game/ui_core/CMainFrame.cpp|legacy-marker
00484bb0|CMainFrame::GetRuntimeClass|||synthetic|src/game/ui_core/CMainFrame.cpp|legacy-marker
00484bd0|CMainFrame::GetMessageMap|||synthetic|src/game/ui_core/CMainFrame.cpp|legacy-marker
00484c40|CMainFrame::`scalar deleting destructor'|||synthetic|src/game/ui_core/CMainFrame.cpp|legacy-marker
00485df0|TObject::CreateObject|||synthetic|src/game/app/TObject.cpp|legacy-marker
00485e20|TObject::GetRuntimeClass|||synthetic|src/game/app/TObject.cpp|legacy-marker
00485e40|`dynamic initializer for '_init_TObject''|||synthetic|src/game/app/TObject.cpp|legacy-marker
00485e60|operator>>|||synthetic|src/game/app/TObject.cpp|legacy-marker
00485fb0|TTEView::CreateObject|||synthetic|src/game/ui_core/TTEView.cpp|legacy-marker
00486030|TTEView::GetRuntimeClass|||synthetic|src/game/ui_core/TTEView.cpp|legacy-marker
00486320|TDocument::CreateObject|||synthetic|src/game/ui_core/TDocument.cpp|legacy-marker
00486350|TDocument::`scalar deleting destructor'|||synthetic|src/game/ui_core/TDocument.cpp|legacy-marker
004863a0|TDocument::GetRuntimeClass|||synthetic|src/game/ui_core/TDocument.cpp|legacy-marker
004863c0|TFileBasedDocument::CreateObject|||synthetic|src/game/TFileBasedDocument.cpp|legacy-marker
004863f0|TFileBasedDocument::`scalar deleting destructor'|||synthetic|src/game/TFileBasedDocument.cpp|legacy-marker
00486440|TFileBasedDocument::GetRuntimeClass|||synthetic|src/game/TFileBasedDocument.cpp|legacy-marker
00486570|TCommandHandler::CreateObject|||synthetic|src/game/ui_core/TCommandHandler.cpp|legacy-marker
004865e0|TCommandHandler::`scalar deleting destructor'|||synthetic|src/game/ui_core/TCommandHandler.cpp|legacy-marker
00486630|TCommandHandler::GetRuntimeClass|||synthetic|src/game/ui_core/TCommandHandler.cpp|legacy-marker
00486680|TApplication::CreateObject|||synthetic|src/game/ui_core/TApplication.cpp|legacy-marker
00486740|TApplication::GetRuntimeClass|||synthetic|src/game/ui_core/TApplication.cpp|legacy-marker
004867b0|TApplication::`scalar deleting destructor'|||synthetic|src/game/ui_core/TApplication.cpp|legacy-marker
00486df0||?Serialize@?$CList@PAXPAX@@UAEXAAVCArchive@@@Z||template|src/game/ui_core/TApplication.cpp|legacy-marker
00486f60|CList<void *,void *>::`scalar deleting destructor'|||synthetic|src/game/ui_core/TApplication.cpp|legacy-marker
00486f90||??1?$CList@PAXPAX@@UAE@XZ||template|src/game/ui_core/TApplication.cpp|legacy-marker
00487120|`dynamic initializer for 'g_gfxCoordinateScale_6A18F0''|||synthetic|src/game/core/global_data_tables.cpp|legacy-marker
00487150|`dynamic initializer for 'g_scaledShortConst_6A1938''|||synthetic|src/game/core/global_data_tables.cpp|legacy-marker
00487180|TBehavior::CreateObject|||synthetic|src/game/ui_core/TBehavior.cpp|legacy-marker
004871c0|TBehavior::GetRuntimeClass|||synthetic|src/game/ui_core/TBehavior.cpp|legacy-marker
00487210|TBehavior::`scalar deleting destructor'|||synthetic|src/game/ui_core/TBehavior.cpp|legacy-marker
00487300|TDialogBehavior::CreateObject|||synthetic|src/game/ui_core/TDialogBehavior.cpp|legacy-marker
00487350|TDialogBehavior::GetRuntimeClass|||synthetic|src/game/ui_core/TDialogBehavior.cpp|legacy-marker
004873b0|TDialogBehavior::`scalar deleting destructor'|||synthetic|src/game/ui_core/TDialogBehavior.cpp|legacy-marker
004877c0|TCommand::CreateObject|||synthetic|src/game/ui_core/TCommand.cpp|legacy-marker
00487800|TCommand::GetRuntimeClass|||synthetic|src/game/ui_core/TCommand.cpp|legacy-marker
00487850|TCommand::`scalar deleting destructor'|||synthetic|src/game/ui_core/TCommand.cpp|legacy-marker
00487a90|TSortedList::CreateObject|||synthetic|src/game/ui_core/TSortedList.cpp|legacy-marker
00487b10|TSortedList::GetRuntimeClass|||synthetic|src/game/ui_core/TSortedList.cpp|legacy-marker
00487e50|TList::CreateObject|||synthetic|src/game/TList.cpp|legacy-marker
00487ed0|TList::GetRuntimeClass|||synthetic|src/game/TList.cpp|legacy-marker
00488030|TSortedPtrList::CreateObject|||synthetic|src/game/ui_core/TSortedPtrList.cpp|legacy-marker
00488390|TSortedPtrList::`scalar deleting destructor'|||synthetic|src/game/ui_core/TSortedPtrList.cpp|legacy-marker
004883e0|TSortedPtrList::GetRuntimeClass|||synthetic|src/game/ui_core/TSortedPtrList.cpp|legacy-marker
00488400|TPtrList::CreateObject|||synthetic|src/game/ui_core/TSortedPtrList.cpp|legacy-marker
004884c0|TPtrList::`scalar deleting destructor'|||synthetic|src/game/ui_core/TPtrList.cpp|legacy-marker
00488510|TPtrList::GetRuntimeClass|||synthetic|src/game/ui_core/TPtrList.cpp|legacy-marker
00488870|TList::`scalar deleting destructor'|||synthetic|src/game/TList.cpp|legacy-marker
004888f0|TSortedList::`scalar deleting destructor'|||synthetic|src/game/ui_core/TSortedList.cpp|legacy-marker
004889a0|TStream::CreateObject|||synthetic|src/game/core/TStream.cpp|legacy-marker
004889d0|TStream::GetRuntimeClass|||synthetic|src/game/core/TStream.cpp|legacy-marker
004889f0|TStream::TStream|||synthetic|include/game/core/TStream.h|legacy-marker
00488a10|TStream::`scalar deleting destructor'|||synthetic|src/game/core/TStream.cpp|legacy-marker
004890c0|TFileStream::CreateObject|||synthetic|src/game/core/TFileStream.cpp|legacy-marker
004890f0|TFileStream::GetRuntimeClass|||synthetic|src/game/core/TFileStream.cpp|legacy-marker
00489130|TFileStream::`scalar deleting destructor'|||synthetic|src/game/core/TFileStream.cpp|legacy-marker
004893c0|TCountingStream::CreateObject|||synthetic|src/game/core/TCountingStream.cpp|legacy-marker
004893f0|TCountingStream::GetRuntimeClass|||synthetic|src/game/core/TCountingStream.cpp|legacy-marker
00489440|TCountingStream::`scalar deleting destructor'|||synthetic|src/game/core/TCountingStream.cpp|legacy-marker
00489470|TCountingStream::~TCountingStream|||synthetic|src/game/core/TCountingStream.cpp|legacy-marker
00489580|THandleStream::CreateObject|||synthetic|src/game/core/THandleStream.cpp|legacy-marker
004895c0|THandleStream::GetRuntimeClass|||synthetic|src/game/core/THandleStream.cpp|legacy-marker
00489610|THandleStream::`scalar deleting destructor'|||synthetic|src/game/core/THandleStream.cpp|legacy-marker
00489640|THandleStream::~THandleStream|||synthetic|src/game/core/THandleStream.cpp|legacy-marker
004899f0|`dynamic initializer for 'g_gfxCoordinateScale_6A1A30''|||synthetic|src/game/core/global_data_tables.cpp|legacy-marker
00489a20|`dynamic initializer for 'g_scaledShortConst_6A1AB8''|||synthetic|src/game/core/global_data_tables.cpp|legacy-marker
00489ab0|`dynamic initializer for 'g_McAppMouseCaptureState''|||synthetic|src/game/core/global_data_tables.cpp|legacy-marker
00489ae0|`dynamic atexit destructor for 'g_McAppMouseCaptureState''|||synthetic|src/game/core/global_data_tables.cpp|legacy-marker
00489b10|TMouseCaptureState::TMouseCaptureState|||synthetic|include/game/core/TMouseCaptureState.h|legacy-marker
00489b30|TMouseCaptureState::~TMouseCaptureState|||synthetic|include/game/core/TMouseCaptureState.h|legacy-marker
00489ee0|CMcEditWindow::GetMessageMap|||synthetic|src/game/ui_core/CMcEditWindow.cpp|legacy-marker
00489f00|TEvent::CreateObject|||synthetic|src/game/TEvent.cpp|legacy-marker
00489f40|TEvent::GetRuntimeClass|||synthetic|src/game/TEvent.cpp|legacy-marker
0048a0a0|TEventHandler::CreateObject|||synthetic|src/game/ui_core/TEventHandler.cpp|legacy-marker
0048a0e0|TEventHandler::GetRuntimeClass|||synthetic|src/game/ui_core/TEventHandler.cpp|legacy-marker
0048a130|TEventHandler::`scalar deleting destructor'|||synthetic|src/game/ui_core/TEventHandler.cpp|legacy-marker
0048a750||??0TEventHandler@@QAE@ABV0@@Z||synthetic|include/game/ui_core/TEventHandler.h|legacy-marker
0048a840|TView::CreateObject|||synthetic|src/game/ui_core/TView.cpp|legacy-marker
0048a8c0|TView::GetRuntimeClass|||synthetic|src/game/ui_core/TView.cpp|legacy-marker
0048a9a0|TView::`scalar deleting destructor'|||synthetic|src/game/ui_core/TView.cpp|legacy-marker
0048ada0|CList<TView *,TView *>::`scalar deleting destructor'|||synthetic|src/game/ui_core/TView.cpp|legacy-marker
0048add0||??1?$CList@PAVTView@@PAV1@@@UAE@XZ||template|src/game/ui_core/TView.cpp|legacy-marker
0048ca60|TScroller::CreateObject|||synthetic|src/game/ui_core/TScroller.cpp|legacy-marker
0048cad0|TScroller::`scalar deleting destructor'|||synthetic|src/game/ui_core/TScroller.cpp|legacy-marker
0048cb90|TScroller::GetRuntimeClass|||synthetic|src/game/ui_core/TScroller.cpp|legacy-marker
0048cc40|TIncludeView::CreateObject|||synthetic|src/game/ui_core/TIncludeView.cpp|legacy-marker
0048cd50|TIncludeView::GetRuntimeClass|||synthetic|src/game/ui_core/TIncludeView.cpp|legacy-marker
0048ce40|TIncludeView::`scalar deleting destructor'|||synthetic|src/game/ui_core/TIncludeView.cpp|legacy-marker
0048d090|TWindow::CreateObject|||synthetic|src/game/ui_core/TWindow.cpp|legacy-marker
0048d220|TWindow::GetRuntimeClass|||synthetic|src/game/ui_core/TWindow.cpp|legacy-marker
0048d240|InitializeViewModalStateNodeBlockChainHeadAndRegisterAtExit|||synthetic|src/game/core/global_data_tables.cpp|legacy-marker
0048d270|DestroyViewModalStateNodeBlockChainAtExit|||synthetic|src/game/core/global_data_tables.cpp|legacy-marker
0048d4a0|InitializeTWindowUnlinkDestructState_006A1A40_AndRegisterAtExit|||synthetic|src/game/core/global_data_tables.cpp|legacy-marker
0048d4d0|DestroyTWindowUnlinkDestructState_006A1A40_AtExitOnce|||synthetic|src/game/core/global_data_tables.cpp|legacy-marker
0048d640|TWindow::`scalar deleting destructor'|||synthetic|src/game/ui_core/TWindow.cpp|legacy-marker
0048e430|TControl::CreateObject|||synthetic|src/game/ui_core/TControl.cpp|legacy-marker
0048e500|TControl::GetRuntimeClass|||synthetic|src/game/ui_core/TControl.cpp|legacy-marker
0048e590|TControl::`scalar deleting destructor'|||synthetic|src/game/ui_core/TControl.cpp|legacy-marker
0048e5c0|TControl::TControl|||synthetic|include/game/ui_core/TControl.h|legacy-marker
0048ea00|TCtlMgr::CreateObject|||synthetic|src/game/TCtlMgr.cpp|legacy-marker
0048eaf0|TCtlMgr::GetRuntimeClass|||synthetic|src/game/TCtlMgr.cpp|legacy-marker
0048eb10|TButton::CreateObject|||synthetic|src/game/TButton.cpp|legacy-marker
0048ec00|TButton::`scalar deleting destructor'|||synthetic|src/game/TButton.cpp|legacy-marker
0048ecc0|TButton::GetRuntimeClass|||synthetic|src/game/TButton.cpp|legacy-marker
0048ece0|TRadio::CreateObject|||synthetic|src/game/TRadio.cpp|legacy-marker
0048edd0|TRadio::`scalar deleting destructor'|||synthetic|src/game/TRadio.cpp|legacy-marker
0048ee90|TRadio::GetRuntimeClass|||synthetic|src/game/TRadio.cpp|legacy-marker
0048eeb0|TPicture::CreateObject|||synthetic|src/game/ui_core/TPicture.cpp|legacy-marker
0048efa0|TPicture::GetRuntimeClass|||synthetic|src/game/ui_core/TPicture.cpp|legacy-marker
0048f050|TPicture::`scalar deleting destructor'|||synthetic|src/game/ui_core/TPicture.cpp|legacy-marker
0048f710|TStaticText::CreateObject|||synthetic|src/game/ui_core/TStaticText.cpp|legacy-marker
0048f870|TStaticText::GetRuntimeClass|||synthetic|src/game/ui_core/TStaticText.cpp|legacy-marker
0048f9a0|TStaticText::`scalar deleting destructor'|||synthetic|src/game/ui_core/TStaticText.cpp|legacy-marker
0048fc30|TStaticText::~TStaticText|||synthetic|src/game/ui_core/TStaticText.cpp|legacy-marker
00490210|TEditText::CreateObject|||synthetic|src/game/ui_core/TEditText.cpp|legacy-marker
00490380|TEditText::GetRuntimeClass|||synthetic|src/game/ui_core/TEditText.cpp|legacy-marker
00490a00|CMcEditWindow::`scalar deleting destructor'|||synthetic|src/game/ui_core/CMcEditWindow.cpp|legacy-marker
00490ed0|TNumberText::CreateObject|||synthetic|src/game/ui_core/TNumberText.cpp|legacy-marker
00491040|TNumberText::GetRuntimeClass|||synthetic|src/game/ui_core/TNumberText.cpp|legacy-marker
00491300|TCluster::CreateObject|||synthetic|src/game/ui_core/TCluster.cpp|legacy-marker
004913e0|TCluster::GetRuntimeClass|||synthetic|src/game/ui_core/TCluster.cpp|legacy-marker
00491480|TCluster::`scalar deleting destructor'|||synthetic|src/game/ui_core/TCluster.cpp|legacy-marker
00491820|TControl::TControl|||synthetic|include/game/ui_core/TControl.h|legacy-marker
00491b10|TTurnEventDialogFactoryRegistry::`scalar deleting destructor'|||synthetic|src/game/ui_core/TTurnEventDialogFactoryRegistry.cpp|legacy-marker
00491e00|TFloatWindow::CreateObject|||synthetic|src/game/ui_core/TFloatWindow.cpp|legacy-marker
00491f90|TFloatWindow::GetRuntimeClass|||synthetic|src/game/ui_core/TFloatWindow.cpp|legacy-marker
00492110|TFloatWindow::`scalar deleting destructor'|||synthetic|src/game/ui_core/TFloatWindow.cpp|legacy-marker
004924e0|CList<TWindow*, TWindow*>::GetPrev|||template|src/game/core/global_data_tables.cpp|legacy-marker
00492510||??0?$CList@PAVTWindow@@PAV1@@@QAE@H@Z||template|src/game/core/global_data_tables.cpp|legacy-marker
00492550|CList<TWindow*, TWindow*>::RemoveAt|||template|src/game/core/global_data_tables.cpp|legacy-marker
004925e0||??1?$CList@PAVTWindow@@PAV1@@@UAE@XZ||template|src/game/core/global_data_tables.cpp|legacy-marker
00492670|CList::Serialize|||synthetic|src/game/core/global_data_tables.cpp|legacy-marker
004927e0||?Serialize@?$CList@P6APAVTView@@PAVCWnd@@H@ZP6APAV1@0H@Z@@UAEXAAVCArchive@@@Z||template|src/game/ui_core/TTurnEventDialogFactoryRegistry.cpp|legacy-marker
00492950||??_G?$CList@PAVTWindow@@PAV1@@@UAEPAXI@Z||synthetic|src/game/core/global_data_tables.cpp|legacy-marker
00492980|CList<TurnEventDialogFactoryProc,TurnEventDialogFactoryProc>::`scalar deleting destructor'|||synthetic|src/game/ui_core/TTurnEventDialogFactoryRegistry.cpp|legacy-marker
004929b0||??1?$CList@P6APAVTView@@PAVCWnd@@H@ZP6APAV1@0H@Z@@UAE@XZ||template|src/game/ui_core/TTurnEventDialogFactoryRegistry.cpp|legacy-marker
00492a40||?NewNode@?$CList@PAVTWindow@@PAV1@@@IAEPAUCNode@1@PAU21@0@Z||template|src/game/core/global_data_tables.cpp|legacy-marker
00492ac0||?RemoveAll@?$CList@PAVTWindow@@PAV1@@@QAEXXZ||template|src/game/core/global_data_tables.cpp|legacy-marker
00492b00||?FreeNode@?$CList@PAVTWindow@@PAV1@@@IAEXPAUCNode@1@@Z||template|src/game/core/global_data_tables.cpp|legacy-marker
00492c70|TEvent::`scalar deleting destructor'|||synthetic|src/game/TEvent.cpp|legacy-marker
00492de0|TCtlMgr::`scalar deleting destructor'|||synthetic|src/game/TCtlMgr.cpp|legacy-marker
00492f30|TEditText::`scalar deleting destructor'|||synthetic|src/game/ui_core/TEditText.cpp|legacy-marker
00493370|`dynamic initializer for 'g_gfxCoordinateScale_6A1BF0''|||synthetic|src/game/core/global_data_tables.cpp|legacy-marker
004933a0|`dynamic initializer for 'g_scaledShortConst_6A1C38''|||synthetic|src/game/core/global_data_tables.cpp|legacy-marker
004933d0|CMcWindow::CreateObject|||synthetic|src/game/ui_core/CMcWindow.cpp|legacy-marker
00493450|CMcWindow::GetRuntimeClass|||synthetic|src/game/ui_core/CMcWindow.cpp|legacy-marker
00493730|CMcWindow::`scalar deleting destructor'|||synthetic|src/game/ui_core/CMcWindow.cpp|legacy-marker
004937e0|CMcWindow::GetMessageMap|||synthetic|src/game/ui_core/CMcWindow.cpp|legacy-marker
00493d30|CMcWindow::OnChar::s_charEvent destructor|||synthetic|src/game/ui_core/CMcWindow.cpp|legacy-marker
00493f00|`dynamic initializer for 'g_gfxCoordinateScale_6A1CD8''|||synthetic|src/game/core/global_data_tables.cpp|legacy-marker
00493f30|`dynamic initializer for 'g_scaledShortConst_6A1D88''|||synthetic|src/game/core/global_data_tables.cpp|legacy-marker
00493f90|`dynamic initializer for 'g_defaultQuickDrawSurfaceSentinel''|||synthetic|src/game/core/global_data_tables.cpp|legacy-marker
00493fc0|TBitmapSurfaceContextDescriptor::`dynamic atexit destructor'|||synthetic|src/game/core/global_data_tables.cpp|legacy-marker
00493fe0|InitStub_thunk_InitializeGlobalClipRegionHandleState_At00493fe0|||synthetic|src/game/ui_core/quickdraw_rendering.cpp|legacy-marker
00494010|TQuickDrawClipStateInitializer::`dynamic atexit destructor'|||synthetic|src/game/ui_core/quickdraw_rendering.cpp|legacy-marker
004986a0|TScopedQuickDrawPen::`scalar deleting destructor'||public: virtual void * __thiscall TScopedQuickDrawPen::`scalar deleting destructor'(unsigned int)|synthetic|src/game/core/library_identities.cpp|legacy-marker
00498dd0|TE0TemplateDialog::`scalar deleting destructor'|||synthetic|src/game/gfx/TTemplateDialogs.cpp|legacy-marker
00498e70|`dynamic initializer for 'g_defaultPoint_006A1CF8''|||synthetic|src/game/core/global_data_tables.cpp|legacy-marker
00498e90|`dynamic initializer for 'g_defaultPoint_006A1D78''|||synthetic|src/game/core/global_data_tables.cpp|legacy-marker
00498eb0|`dynamic initializer for 'g_defaultRect_006A1D30''|||synthetic|src/game/core/global_data_tables.cpp|legacy-marker
00498ee0|`dynamic initializer for 'g_defaultRect_006A1D68''|||synthetic|src/game/core/global_data_tables.cpp|legacy-marker
00498f10|TQuickDrawOwnedObjectRecord::~TQuickDrawOwnedObjectRecord|||synthetic|src/game/gfx/TQuickDrawOwnedObjectRecord.cpp|legacy-marker
00498f30|`dynamic initializer for 'g_defaultRgbColor_006A1CE0''|||synthetic|src/game/core/global_data_tables.cpp|legacy-marker
0049ad50||?RemoveKey@?$CMap@FFPAUCacheRecord@@PAU1@@@QAEHF@Z||template|src/game/gfx/TResourceMgr.cpp|legacy-marker
0049ae30||??1?$CMap@FFPAUCacheRecord@@PAU1@@@UAE@XZ||template|src/game/gfx/TResourceMgr.cpp|legacy-marker
0049aef0||?Serialize@?$CMap@FFPAUCacheRecord@@PAU1@@@UAEXAAVCArchive@@@Z||template|src/game/gfx/TResourceMgr.cpp|legacy-marker
0049b190||?RemoveKey@?$CMap@PAXPAXPAUCacheRecord@@PAU1@@@QAEHPAX@Z||template|src/game/gfx/TResourceMgr.cpp|legacy-marker
0049b270||??1?$CMap@PAXPAXPAUCacheRecord@@PAU1@@@UAE@XZ||template|src/game/gfx/TResourceMgr.cpp|legacy-marker
0049b330||?Serialize@?$CMap@PAXPAXPAUCacheRecord@@PAU1@@@UAEXAAVCArchive@@@Z||template|src/game/gfx/TResourceMgr.cpp|legacy-marker
0049b5d0|CMap<short,short,CacheRecord*,CacheRecord*>::`scalar deleting destructor'|||synthetic|src/game/gfx/TResourceMgr.cpp|legacy-marker
0049b600|CMap<void*,void*,CacheRecord*,CacheRecord*>::`scalar deleting destructor'|||synthetic|src/game/gfx/TResourceMgr.cpp|legacy-marker
0049b630||?RemoveAll@?$CMap@FFPAUCacheRecord@@PAU1@@@QAEXXZ||template|src/game/gfx/TResourceMgr.cpp|legacy-marker
0049b6a0||?InitHashTable@?$CMap@FFPAUCacheRecord@@PAU1@@@QAEXIH@Z||template|src/game/gfx/TResourceMgr.cpp|legacy-marker
0049b720||?NewAssoc@?$CMap@FFPAUCacheRecord@@PAU1@@@IAEPAUCAssoc@1@XZ||template|src/game/gfx/TResourceMgr.cpp|legacy-marker
0049b7a0||?GetAssocAt@?$CMap@FFPAUCacheRecord@@PAU1@@@IBEPAUCAssoc@1@FAAI@Z||template|src/game/gfx/TResourceMgr.cpp|legacy-marker
0049b7f0||?InitHashTable@?$CMap@PAXPAXPAUCacheRecord@@PAU1@@@QAEXIH@Z||template|src/game/gfx/TResourceMgr.cpp|legacy-marker
0049b870||?NewAssoc@?$CMap@PAXPAXPAUCacheRecord@@PAU1@@@IAEPAUCAssoc@1@XZ||template|src/game/gfx/TResourceMgr.cpp|legacy-marker
0049b8f0||?FreeAssoc@?$CMap@PAXPAXPAUCacheRecord@@PAU1@@@IAEXPAUCAssoc@1@@Z||template|src/game/gfx/TResourceMgr.cpp|legacy-marker
0049b980||?GetAssocAt@?$CMap@PAXPAXPAUCacheRecord@@PAU1@@@IBEPAUCAssoc@1@PAXAAI@Z||template|src/game/gfx/TResourceMgr.cpp|legacy-marker
0049b9d0|`dynamic initializer for 'g_defaultPoint_006A1E20''|||synthetic|src/game/core/global_data_tables.cpp|legacy-marker
0049b9f0|`dynamic initializer for 'g_defaultPoint_006A1E48''|||synthetic|src/game/core/global_data_tables.cpp|legacy-marker
0049ba10|`dynamic initializer for 'g_defaultRect_006A1E28''|||synthetic|src/game/core/global_data_tables.cpp|legacy-marker
0049ba40|`dynamic initializer for 'g_defaultRect_006A1E38''|||synthetic|src/game/core/global_data_tables.cpp|legacy-marker
0049ba70|`dynamic initializer for 'g_defaultRgbColor_006A1E18''|||synthetic|src/game/core/global_data_tables.cpp|legacy-marker
0049baa0|`dynamic initializer for 'g_debugTraceDialog''|||synthetic|src/game/core/global_data_tables.cpp|legacy-marker
0049bad0|TTraceDialog::`dynamic atexit destructor'|||synthetic|src/game/core/global_data_tables.cpp|legacy-marker
0049bc00|`dynamic initializer for 'g_defaultPoint_006A1E70''|||synthetic|src/game/core/global_data_tables.cpp|legacy-marker
0049bc20|`dynamic initializer for 'g_defaultPoint_006A1F38''|||synthetic|src/game/core/global_data_tables.cpp|legacy-marker
0049bc40|`dynamic initializer for 'g_defaultRect_006A1F18''|||synthetic|src/game/core/global_data_tables.cpp|legacy-marker
0049bc70|`dynamic initializer for 'g_defaultRect_006A1F28''|||synthetic|src/game/core/global_data_tables.cpp|legacy-marker
0049bca0|`dynamic initializer for 'g_defaultRgbColor_006A1E68''|||synthetic|src/game/core/global_data_tables.cpp|legacy-marker
0049bd60|TTraceDialog::`scalar deleting destructor'|||synthetic|src/game/gfx/TTemplateDialogs.cpp|legacy-marker
0049bf40|CString function-local static dynamic atexit destructor|||synthetic|src/game/gfx/TTemplateDialogs.cpp|legacy-marker
0049bf90|TTraceDialog::GetMessageMap|||synthetic|src/game/gfx/TTemplateDialogs.cpp|legacy-marker
0049bff0|`dynamic initializer for 'g_defaultPoint_006A1F78''|||synthetic|src/game/core/global_data_tables.cpp|legacy-marker
0049c010|`dynamic initializer for 'g_defaultPoint_006A1FA8''|||synthetic|src/game/core/global_data_tables.cpp|legacy-marker
0049c030|`dynamic initializer for 'g_defaultRect_006A1F88''|||synthetic|src/game/core/global_data_tables.cpp|legacy-marker
0049c060|`dynamic initializer for 'g_defaultRect_006A1F98''|||synthetic|src/game/core/global_data_tables.cpp|legacy-marker
0049c090|`dynamic initializer for 'g_defaultRgbColor_006A1F70''|||synthetic|src/game/core/global_data_tables.cpp|legacy-marker
0049c0c0|`dynamic initializer for 'g_ScaleDefault6A1FE8''|||synthetic|src/game/core/global_data_tables.cpp|legacy-marker
0049c0f0|`dynamic initializer for 'g_ScaleDefault6A1FC0''|||synthetic|src/game/core/global_data_tables.cpp|legacy-marker
0049c120|`dynamic initializer for 'g_scaledDefaultWidth_006A2008''|||synthetic|src/game/core/global_data_tables.cpp|legacy-marker
0049c3b0|WaveLoadDescriptor::~WaveLoadDescriptor|||synthetic|src/game/gfx/TSoundResourceManager.cpp|legacy-marker
0049cac0|`dynamic initializer for 'g_defaultPoint_006A1FD0''|||synthetic|src/game/core/global_data_tables.cpp|legacy-marker
0049cae0|`dynamic initializer for 'g_defaultPoint_006A2000''|||synthetic|src/game/core/global_data_tables.cpp|legacy-marker
0049cb00|`dynamic initializer for 'g_defaultRect_006A1FD8''|||synthetic|src/game/core/global_data_tables.cpp|legacy-marker
0049cb30|`dynamic initializer for 'g_defaultRect_006A1FF0''|||synthetic|src/game/core/global_data_tables.cpp|legacy-marker
0049cb60|`dynamic initializer for 'g_defaultRgbColor_006A1FC8''|||synthetic|src/game/core/global_data_tables.cpp|legacy-marker
0049cb90|TBackdropWindow::TBackdropWindow|||synthetic|src/game/gfx/TBackdropWindow.cpp|legacy-marker
0049cbc0|TBackdropWindow::`scalar deleting destructor'|||synthetic|src/game/gfx/TBackdropWindow.cpp|legacy-marker
0049cc20|TBackdropWindow::GetMessageMap|||synthetic|src/game/gfx/TBackdropWindow.cpp|legacy-marker
0049d290|`dynamic initializer for 'g_defaultPoint_006A2020''|||synthetic|src/game/core/global_data_tables.cpp|legacy-marker
0049d2b0|`dynamic initializer for 'g_defaultPoint_006A2048''|||synthetic|src/game/core/global_data_tables.cpp|legacy-marker
0049d2d0|`dynamic initializer for 'g_defaultRect_006A2028''|||synthetic|src/game/core/global_data_tables.cpp|legacy-marker
0049d300|`dynamic initializer for 'g_defaultRect_006A2038''|||synthetic|src/game/core/global_data_tables.cpp|legacy-marker
0049d330|`dynamic initializer for 'g_defaultRgbColor_006A201C''|||synthetic|src/game/core/global_data_tables.cpp|legacy-marker
0049d550|`dynamic initializer for 'g_defaultPoint_006A2070''|||synthetic|src/game/core/global_data_tables.cpp|legacy-marker
0049d570|`dynamic initializer for 'g_defaultPoint_006A2098''|||synthetic|src/game/core/global_data_tables.cpp|legacy-marker
0049d590|`dynamic initializer for 'g_defaultRect_006A2078''|||synthetic|src/game/core/global_data_tables.cpp|legacy-marker
0049d5c0|`dynamic initializer for 'g_defaultRect_006A2088''|||synthetic|src/game/core/global_data_tables.cpp|legacy-marker
0049d5f0|`dynamic initializer for 'g_defaultRgbColor_006A2068''|||synthetic|src/game/core/global_data_tables.cpp|legacy-marker
0049d650|TAdorner::CreateObject|||synthetic|src/game/gfx/TAdorner.cpp|legacy-marker
0049d6d0|TAdorner::GetRuntimeClass|||synthetic|src/game/gfx/TAdorner.cpp|legacy-marker
0049d6f0|TDialogView::CreateObject|||synthetic|src/game/gfx/TDialogView.cpp|legacy-marker
0049d790|TDialogView::GetRuntimeClass|||synthetic|src/game/gfx/TDialogView.cpp|legacy-marker
0049d7b0|`dynamic initializer for 'g_defaultPoint_006A20B8''|||synthetic|src/game/core/global_data_tables.cpp|legacy-marker
0049d7d0|`dynamic initializer for 'g_defaultPoint_006A20E0''|||synthetic|src/game/core/global_data_tables.cpp|legacy-marker
0049d7f0|`dynamic initializer for 'g_defaultRect_006A20C0''|||synthetic|src/game/core/global_data_tables.cpp|legacy-marker
0049d820|`dynamic initializer for 'g_defaultRect_006A20D0''|||synthetic|src/game/core/global_data_tables.cpp|legacy-marker
0049d850|`dynamic initializer for 'g_defaultRgbColor_006A20B0''|||synthetic|src/game/core/global_data_tables.cpp|legacy-marker
0049d8b0|TDialogView::`scalar deleting destructor'|||synthetic|src/game/gfx/TDialogView.cpp|legacy-marker
0049dab0|TAdorner::`scalar deleting destructor'|||synthetic|src/game/gfx/TAdorner.cpp|legacy-marker
0049db00|`dynamic initializer for 'g_ScaleDefault6A2140''|||synthetic|src/game/core/global_data_tables.cpp|legacy-marker
0049db30|`dynamic initializer for 'g_ScaleDefault6A2108''|||synthetic|src/game/core/global_data_tables.cpp|legacy-marker
0049db60|`dynamic initializer for 'g_scaledShortConst_6A21AC''|||synthetic|src/game/core/global_data_tables.cpp|legacy-marker
0049db90|`dynamic initializer for 'g_defaultPoint_006A2150''|||synthetic|src/game/core/global_data_tables.cpp|legacy-marker
0049dbb0|`dynamic initializer for 'g_defaultPoint_006A2100''|||synthetic|src/game/core/global_data_tables.cpp|legacy-marker
0049dbe0|`dynamic initializer for 'g_defaultPoint_006A2118''|||synthetic|src/game/core/global_data_tables.cpp|legacy-marker
0049dc10|`dynamic initializer for 'g_defaultPoint_006A2198''|||synthetic|src/game/core/global_data_tables.cpp|legacy-marker
0049dc30|`dynamic initializer for 'g_defaultPoint_006A2160''|||synthetic|src/game/core/global_data_tables.cpp|legacy-marker
0049dc60|`dynamic initializer for 'g_defaultPoint_006A2120''|||synthetic|src/game/core/global_data_tables.cpp|legacy-marker
0049dc90|`dynamic initializer for 'g_defaultPoint_006A21B0''|||synthetic|src/game/core/global_data_tables.cpp|legacy-marker
0049dd40|TNewGameCommand::CreateObject|||synthetic|src/game/gfx/TNewGameCommand.cpp|legacy-marker
0049ddd0|TNewGameCommand::`scalar deleting destructor'|||synthetic|src/game/gfx/TNewGameCommand.cpp|legacy-marker
0049de20|TNewGameCommand::GetRuntimeClass|||synthetic|src/game/gfx/TNewGameCommand.cpp|legacy-marker
0049de40|TAmbitApplication::CreateObject|||synthetic|src/game/gfx/TAmbitApplication.cpp|legacy-marker
0049deb0|TAmbitApplication::GetRuntimeClass|||synthetic|src/game/gfx/TAmbitApplication.cpp|legacy-marker
0049e5a0|TAmbitFileBasedDocument::CreateObject|||synthetic|src/game/gfx/TAmbitFileBasedDocument.cpp|legacy-marker
0049e5d0|TAmbitFileBasedDocument::GetRuntimeClass|||synthetic|src/game/gfx/TAmbitFileBasedDocument.cpp|legacy-marker
0049e610|TAmbitFileBasedDocument::`scalar deleting destructor'|||synthetic|src/game/gfx/TAmbitFileBasedDocument.cpp|legacy-marker
0049efa0|`dynamic initializer for 'g_gfxCoordinateScale_6A21F8''|||synthetic|src/game/core/global_data_tables.cpp|legacy-marker
0049efd0|`dynamic initializer for 'g_scaledShortConst_6A2248''|||synthetic|src/game/core/global_data_tables.cpp|legacy-marker
0049f020|TAnimation::CreateObject|||synthetic|src/game/app/TAnimation.cpp|legacy-marker
0049f050|TAnimation::`scalar deleting destructor'|||synthetic|src/game/app/TAnimation.cpp|legacy-marker
0049f0a0|TAnimation::GetRuntimeClass|||synthetic|src/game/app/TAnimation.cpp|legacy-marker
0049f450|TCivAnimation::CreateObject|||synthetic|src/game/app/TCivAnimation.cpp|legacy-marker
0049f480|TCivAnimation::`scalar deleting destructor'|||synthetic|src/game/app/TCivAnimation.cpp|legacy-marker
0049f4d0|TCivAnimation::GetRuntimeClass|||synthetic|src/game/app/TCivAnimation.cpp|legacy-marker
0049f600|TCivAnimation2::CreateObject|||synthetic|src/game/app/TCivAnimation2.cpp|legacy-marker
0049f630|TCivAnimation2::`scalar deleting destructor'|||synthetic|src/game/app/TCivAnimation2.cpp|legacy-marker
0049f680|TCivAnimation2::GetRuntimeClass|||synthetic|src/game/app/TCivAnimation2.cpp|legacy-marker
0049fcc0|TOneTimeAnimation::CreateObject|||synthetic|src/game/app/TOneTimeAnimation.cpp|legacy-marker
0049fcf0|TOneTimeAnimation::`scalar deleting destructor'|||synthetic|src/game/app/TOneTimeAnimation.cpp|legacy-marker
0049fd40|TOneTimeAnimation::GetRuntimeClass|||synthetic|src/game/app/TOneTimeAnimation.cpp|legacy-marker
0049fef0|TCouncilTickerAnimation::CreateObject|||synthetic|src/game/app/TCouncilTickerAnimation.cpp|legacy-marker
0049ff20|TCouncilTickerAnimation::`scalar deleting destructor'|||synthetic|src/game/app/TCouncilTickerAnimation.cpp|legacy-marker
0049ff70|TCouncilTickerAnimation::GetRuntimeClass|||synthetic|src/game/app/TCouncilTickerAnimation.cpp|legacy-marker
004a0020|TFocusAnimation::CreateObject|||synthetic|src/game/app/TFocusAnimation.cpp|legacy-marker
004a0050|TFocusAnimation::`scalar deleting destructor'|||synthetic|src/game/app/TFocusAnimation.cpp|legacy-marker
004a00a0|TFocusAnimation::GetRuntimeClass|||synthetic|src/game/app/TFocusAnimation.cpp|legacy-marker
004a03f0|TTransFocusAnimation::CreateObject|||synthetic|src/game/app/TTransFocusAnimation.cpp|legacy-marker
004a0430|TTransFocusAnimation::`scalar deleting destructor'|||synthetic|src/game/app/TTransFocusAnimation.cpp|legacy-marker
004a0480|TTransFocusAnimation::GetRuntimeClass|||synthetic|src/game/app/TTransFocusAnimation.cpp|legacy-marker
004a09f0|TAnimator::CreateObject|||synthetic|src/game/app/TAnimator.cpp|legacy-marker
004a0a80|TAnimator::GetRuntimeClass|||synthetic|src/game/app/TAnimator.cpp|legacy-marker
004a0ad0|TAnimator::`scalar deleting destructor'|||synthetic|src/game/app/TAnimator.cpp|legacy-marker
004a1230|`dynamic initializer for 'g_gfxCoordinateScale_6A2268''|||synthetic|src/game/core/global_data_tables.cpp|legacy-marker
004a1260|`dynamic initializer for 'g_scaledShortConst_6A22D8''|||synthetic|src/game/core/global_data_tables.cpp|legacy-marker
004a1810|TArmyMgr::CreateObject|||synthetic|src/game/military/TArmyMgr.cpp|legacy-marker
004a1850|TArmyMgr::GetRuntimeClass|||synthetic|src/game/military/TArmyMgr.cpp|legacy-marker
004a18a0|TArmyMgr::`scalar deleting destructor'|||synthetic|src/game/military/TArmyMgr.cpp|legacy-marker
004a1d90|MapContextActionRecord::~MapContextActionRecord|||synthetic|include/game/military/TArmyMgr.h|legacy-marker
004a5c50|TArmyBattle::`scalar deleting destructor'|||synthetic|src/game/tactical/TArmyBattle.cpp|legacy-marker
004a76a0|TArmyStack::CreateObject|||synthetic|src/game/military/TArmyStack.cpp|legacy-marker
004a76d0|TArmyStack::GetRuntimeClass|||synthetic|src/game/military/TArmyStack.cpp|legacy-marker
004a7720|TArmyStack::`scalar deleting destructor'|||synthetic|src/game/military/TArmyStack.cpp|legacy-marker
004a83b0|TArmyStackList::CreateObject|||synthetic|src/game/military/TArmyStackList.cpp|legacy-marker
004a8430|TArmyStackList::GetRuntimeClass|||synthetic|src/game/military/TArmyStackList.cpp|legacy-marker
004a8450|TArmyStackList::TArmyStackList|||synthetic|include/game/military/TArmyStackList.h|legacy-marker
004a84c0|TArmyStackList::`scalar deleting destructor'|||synthetic|src/game/military/TArmyStackList.cpp|legacy-marker
004a8710|`dynamic initializer for 'g_gfxCoordinateScale_6A2308''|||synthetic|src/game/core/global_data_tables.cpp|legacy-marker
004a8740|`dynamic initializer for 'g_scaledShortConst_6A2350''|||synthetic|src/game/core/global_data_tables.cpp|legacy-marker
004a8770|TGarrisonView::CreateObject|||synthetic|src/game/military/TGarrisonView.cpp|legacy-marker
004a87f0|TGarrisonView::GetRuntimeClass|||synthetic|src/game/military/TGarrisonView.cpp|legacy-marker
004a8840|TGarrisonView::`scalar deleting destructor'|||synthetic|src/game/military/TGarrisonView.cpp|legacy-marker
004a8ca0|TArmyUnitLine::CreateObject|||synthetic|src/game/military/TArmyUnitLine.cpp|legacy-marker
004a8d10|TArmyUnitLine::GetRuntimeClass|||synthetic|src/game/military/TArmyUnitLine.cpp|legacy-marker
004a8d60|TArmyUnitLine::`scalar deleting destructor'|||synthetic|src/game/military/TArmyUnitLine.cpp|legacy-marker
004a9400|TArmyCheckBox::`scalar deleting destructor'|||synthetic|src/game/military_ui/TArmyCheckBox.cpp|legacy-marker
004a9450|TArmyUnitView::CreateObject|||synthetic|src/game/military/TArmyUnitView.cpp|legacy-marker
004a94c0|TArmyUnitView::GetRuntimeClass|||synthetic|src/game/military/TArmyUnitView.cpp|legacy-marker
004a9510|TArmyUnitView::`scalar deleting destructor'|||synthetic|src/game/military/TArmyUnitView.cpp|legacy-marker
004a9f20|TArmyCheckBox::CreateObject|||synthetic|src/game/military_ui/TArmyCheckBox.cpp|legacy-marker
004a9fc0|TArmyCheckBox::GetRuntimeClass|||synthetic|src/game/military_ui/TArmyCheckBox.cpp|legacy-marker
004aa450|TSuperArmyRoster::CreateObject|||synthetic|src/game/military_ui/TSuperArmyRoster.cpp|legacy-marker
004aa4d0|TSuperArmyRoster::`scalar deleting destructor'|||synthetic|src/game/military_ui/TSuperArmyRoster.cpp|legacy-marker
004aa520|TSuperArmyRoster::GetRuntimeClass|||synthetic|src/game/military_ui/TSuperArmyRoster.cpp|legacy-marker
004aa840|TMiniArmyLine::`scalar deleting destructor'|||synthetic|src/game/military_ui/TMiniArmyLine.cpp|legacy-marker
004aa890|TMiniArmyLine::CreateObject|||synthetic|src/game/military_ui/TMiniArmyLine.cpp|legacy-marker
004aa900|TMiniArmyLine::GetRuntimeClass|||synthetic|src/game/military_ui/TMiniArmyLine.cpp|legacy-marker
004aad40|TMiniArmyView::`scalar deleting destructor'|||synthetic|src/game/military_ui/TMiniArmyView.cpp|legacy-marker
004aad90|TMiniArmyView::CreateObject|||synthetic|src/game/military_ui/TMiniArmyView.cpp|legacy-marker
004aae10|TMiniArmyView::GetRuntimeClass|||synthetic|src/game/military_ui/TMiniArmyView.cpp|legacy-marker
004ab380|TSuperCivRoster::CreateObject|||synthetic|src/game/military_ui/TSuperCivRoster.cpp|legacy-marker
004ab400|TSuperCivRoster::`scalar deleting destructor'|||synthetic|src/game/military_ui/TSuperCivRoster.cpp|legacy-marker
004ab450|TSuperCivRoster::GetRuntimeClass|||synthetic|src/game/military_ui/TSuperCivRoster.cpp|legacy-marker
004ab620|TMiniCivLine::`scalar deleting destructor'|||synthetic|src/game/military_ui/TMiniCivLine.cpp|legacy-marker
004ab670|TMiniCivLine::CreateObject|||synthetic|src/game/military_ui/TMiniCivLine.cpp|legacy-marker
004ab6e0|TMiniCivLine::GetRuntimeClass|||synthetic|src/game/military_ui/TMiniCivLine.cpp|legacy-marker
004ab820|TMiniCivView::`scalar deleting destructor'|||synthetic|src/game/military_ui/TMiniCivView.cpp|legacy-marker
004ab8c0|TMiniCivView::CreateObject|||synthetic|src/game/military_ui/TMiniCivView.cpp|legacy-marker
004ab950|TMiniCivView::GetRuntimeClass|||synthetic|src/game/military_ui/TMiniCivView.cpp|legacy-marker
004ac540|`dynamic initializer for 'g_gfxCoordinateScale_6A2360''|||synthetic|src/game/core/global_data_tables.cpp|legacy-marker
004ac570|`dynamic initializer for 'g_scaledShortConst_6A23B0''|||synthetic|src/game/core/global_data_tables.cpp|legacy-marker
004ac5c0|TSwapperDaddyView::CreateObject|||synthetic|src/game/military_ui/TSwapperDaddyView.cpp|legacy-marker
004ac650|TSwapperDaddyView::`scalar deleting destructor'|||synthetic|src/game/military_ui/TSwapperDaddyView.cpp|legacy-marker
004ac6a0|TSwapperDaddyView::GetRuntimeClass|||synthetic|src/game/military_ui/TSwapperDaddyView.cpp|legacy-marker
004ac7d0|TGWorldPartView::CreateObject|||synthetic|src/game/app/TGWorldPartView.cpp|legacy-marker
004ac860|TGWorldPartView::GetRuntimeClass|||synthetic|src/game/app/TGWorldPartView.cpp|legacy-marker
004ac920|TIdleMeAnimation::CreateObject|||synthetic|src/game/military_ui/TIdleMeAnimation.cpp|legacy-marker
004ac950|TIdleMeAnimation::`scalar deleting destructor'|||synthetic|src/game/military_ui/TIdleMeAnimation.cpp|legacy-marker
004ac9a0|TIdleMeAnimation::GetRuntimeClass|||synthetic|src/game/military_ui/TIdleMeAnimation.cpp|legacy-marker
004acaa0|TBattleReportView::CreateObject|||synthetic|src/game/military_ui/TBattleReportView.cpp|legacy-marker
004acb40|TBattleReportView::GetRuntimeClass|||synthetic|src/game/military_ui/TBattleReportView.cpp|legacy-marker
004ae9d0|TBattleDetailBook::CreateObject|||synthetic|src/game/military_ui/TBattleDetailBook.cpp|legacy-marker
004aea70|TBattleDetailBook::GetRuntimeClass|||synthetic|src/game/military_ui/TBattleDetailBook.cpp|legacy-marker
004aeae0|TArmyBoyView::CreateObject|||synthetic|src/game/military_ui/TArmyBoyView.cpp|legacy-marker
004aeb50|TArmyBoyView::`scalar deleting destructor'|||synthetic|src/game/military_ui/TArmyBoyView.cpp|legacy-marker
004aeba0|TArmyBoyView::GetRuntimeClass|||synthetic|src/game/military_ui/TArmyBoyView.cpp|legacy-marker
004aefd0|TNavyBoyView::CreateObject|||synthetic|src/game/military_ui/TNavyBoyView.cpp|legacy-marker
004af040|TNavyBoyView::`scalar deleting destructor'|||synthetic|src/game/military_ui/TNavyBoyView.cpp|legacy-marker
004af090|TNavyBoyView::GetRuntimeClass|||synthetic|src/game/military_ui/TNavyBoyView.cpp|legacy-marker
004af6a0|TMerchantBoyView::CreateObject|||synthetic|src/game/military_ui/TMerchantBoyView.cpp|legacy-marker
004af710|TMerchantBoyView::`scalar deleting destructor'|||synthetic|src/game/military_ui/TMerchantBoyView.cpp|legacy-marker
004af760|TMerchantBoyView::GetRuntimeClass|||synthetic|src/game/military_ui/TMerchantBoyView.cpp|legacy-marker
004af910|TItemBoyView::CreateObject|||synthetic|src/game/military_ui/TItemBoyView.cpp|legacy-marker
004af980|TItemBoyView::`scalar deleting destructor'|||synthetic|src/game/military_ui/TItemBoyView.cpp|legacy-marker
004af9d0|TItemBoyView::GetRuntimeClass|||synthetic|src/game/military_ui/TItemBoyView.cpp|legacy-marker
004afcc0|TInterruptusView::CreateObject|||synthetic|src/game/military_ui/TInterruptusView.cpp|legacy-marker
004afd30|TInterruptusView::`scalar deleting destructor'|||synthetic|src/game/military_ui/TInterruptusView.cpp|legacy-marker
004afd80|TInterruptusView::GetRuntimeClass|||synthetic|src/game/military_ui/TInterruptusView.cpp|legacy-marker
004aff60|TBatRepDetLine::CreateObject|||synthetic|src/game/military_ui/TBatRepDetLine.cpp|legacy-marker
004affd0|TBatRepDetLine::`scalar deleting destructor'|||synthetic|src/game/military_ui/TBatRepDetLine.cpp|legacy-marker
004b0020|TBatRepDetLine::GetRuntimeClass|||synthetic|src/game/military_ui/TBatRepDetLine.cpp|legacy-marker
004b0630|TBattleUnitsView::CreateObject|||synthetic|src/game/military_ui/TBattleUnitsView.cpp|legacy-marker
004b06d0|TBattleUnitsView::GetRuntimeClass|||synthetic|src/game/military_ui/TBattleUnitsView.cpp|legacy-marker
004b0a90|`dynamic initializer for 'g_gfxCoordinateScale_6A23D0''|||synthetic|src/game/core/global_data_tables.cpp|legacy-marker
004b0ac0|`dynamic initializer for 'g_scaledShortConst_6A2418''|||synthetic|src/game/core/global_data_tables.cpp|legacy-marker
004b0af0|THotspotBehavior::CreateObject|||synthetic|src/game/military_ui/THotspotBehavior.cpp|legacy-marker
004b0b60|THotspotBehavior::GetRuntimeClass|||synthetic|src/game/military_ui/THotspotBehavior.cpp|legacy-marker
004b0bb0|THotspotBehavior::`scalar deleting destructor'|||synthetic|src/game/military_ui/THotspotBehavior.cpp|legacy-marker
004b0c90|TInfoBarBehavior::CreateObject|||synthetic|src/game/military_ui/TInfoBarBehavior.cpp|legacy-marker
004b0d10|TInfoBarBehavior::GetRuntimeClass|||synthetic|src/game/military_ui/TInfoBarBehavior.cpp|legacy-marker
004b0da0|TInfoBarBehavior::`scalar deleting destructor'|||synthetic|src/game/military_ui/TInfoBarBehavior.cpp|legacy-marker
004b0fe0|TDropShadowTextBehavior::CreateObject|||synthetic|src/game/military_ui/TDropShadowTextBehavior.cpp|legacy-marker
004b1080|TDropShadowTextBehavior::GetRuntimeClass|||synthetic|src/game/military_ui/TDropShadowTextBehavior.cpp|legacy-marker
004b10d0|TDropShadowTextBehavior::`scalar deleting destructor'|||synthetic|src/game/military_ui/TDropShadowTextBehavior.cpp|legacy-marker
004b1340|`dynamic initializer for 'g_gfxCoordinateScale_6A2428''|||synthetic|src/game/core/global_data_tables.cpp|legacy-marker
004b1370|`dynamic initializer for 'g_scaledShortConst_6A2470''|||synthetic|src/game/core/global_data_tables.cpp|legacy-marker
004b13a0|TCheater::CreateObject|||synthetic|src/game/military_ui/TCheater.cpp|legacy-marker
004b1430|TCheater::`scalar deleting destructor'|||synthetic|src/game/military_ui/TCheater.cpp|legacy-marker
004b1480|TCheater::GetRuntimeClass|||synthetic|src/game/military_ui/TCheater.cpp|legacy-marker
004b1880|TTechCheater::CreateObject|||synthetic|src/game/military_ui/TTechCheater.cpp|legacy-marker
004b18f0|TTechCheater::`scalar deleting destructor'|||synthetic|src/game/military_ui/TTechCheater.cpp|legacy-marker
004b1940|TTechCheater::GetRuntimeClass|||synthetic|src/game/military_ui/TTechCheater.cpp|legacy-marker
004b19b0|TGPCheater::CreateObject|||synthetic|src/game/TGPCheater.cpp|legacy-marker
004b1a20|TGPCheater::`scalar deleting destructor'|||synthetic|src/game/TGPCheater.cpp|legacy-marker
004b1a70|TGPCheater::GetRuntimeClass|||synthetic|src/game/TGPCheater.cpp|legacy-marker
004b2070|`dynamic initializer for 'g_gfxCoordinateScale_6A2488''|||synthetic|src/game/core/global_data_tables.cpp|legacy-marker
004b20a0|`dynamic initializer for 'g_scaledShortConst_6A24D0''|||synthetic|src/game/core/global_data_tables.cpp|legacy-marker
004b20d0|TLaborPool::CreateObject|||synthetic|src/game/debug/TLaborPool.cpp|legacy-marker
004b2110|TLaborPool::GetRuntimeClass|||synthetic|src/game/debug/TLaborPool.cpp|legacy-marker
004b2130|TLaborPool::TLaborPool|||synthetic|include/game/debug/TLaborPool.h|legacy-marker
004b2160|TLaborPool::`scalar deleting destructor'|||synthetic|src/game/debug/TLaborPool.cpp|legacy-marker
004b2410|TCity::CreateObject|||synthetic|src/game/city/TCity.cpp|legacy-marker
004b2490|TCity::GetRuntimeClass|||synthetic|src/game/city/TCity.cpp|legacy-marker
004b2520|TCity::`scalar deleting destructor'|||synthetic|src/game/city/TCity.cpp|legacy-marker
004b3050|TPopGrowthOrder::`scalar deleting destructor'|||synthetic|src/game/city/TPopGrowthOrder.cpp|legacy-marker
004b4eb0|TProductionOrder::CreateObject|||synthetic|src/game/city/TProductionOrder.cpp|legacy-marker
004b4ee0|TProductionOrder::GetRuntimeClass|||synthetic|src/game/city/TProductionOrder.cpp|legacy-marker
004b4f20|TProductionOrder::`scalar deleting destructor'|||synthetic|src/game/city/TProductionOrder.cpp|legacy-marker
004b51d0|TItemOrder::CreateObject|||synthetic|src/game/city/TItemOrder.cpp|legacy-marker
004b5200|TItemOrder::GetRuntimeClass|||synthetic|src/game/city/TItemOrder.cpp|legacy-marker
004b5220|TItemOrder::TItemOrder|||synthetic|include/game/city/TItemOrder.h|legacy-marker
004b5240|TItemOrder::`scalar deleting destructor'|||synthetic|src/game/city/TItemOrder.cpp|legacy-marker
004b57b0|TOrItemOrder::CreateObject|||synthetic|src/game/city/TOrItemOrder.cpp|legacy-marker
004b57e0|TOrItemOrder::GetRuntimeClass|||synthetic|src/game/city/TOrItemOrder.cpp|legacy-marker
004b5800|TOrItemOrder::TOrItemOrder|||synthetic|include/game/city/TOrItemOrder.h|legacy-marker
004b5820|TOrItemOrder::`scalar deleting destructor'|||synthetic|src/game/city/TOrItemOrder.cpp|legacy-marker
004b5b40|TPopulationMgr::CreateObject|||synthetic|src/game/city/TPopulationMgr.cpp|legacy-marker
004b5b70|TPopulationMgr::GetRuntimeClass|||synthetic|src/game/city/TPopulationMgr.cpp|legacy-marker
004b5b90|TPopulationMgr::TPopulationMgr|||synthetic|include/game/city/TPopulationMgr.h|legacy-marker
004b5bb0|TPopulationMgr::`scalar deleting destructor'|||synthetic|src/game/city/TPopulationMgr.cpp|legacy-marker
004b6a60|TTrainingOrder::CreateObject|||synthetic|src/game/city/TTrainingOrder.cpp|legacy-marker
004b6a90|TTrainingOrder::GetRuntimeClass|||synthetic|src/game/city/TTrainingOrder.cpp|legacy-marker
004b6ab0|TTrainingOrder::TTrainingOrder|||synthetic|include/game/city/TTrainingOrder.h|legacy-marker
004b6ad0|TTrainingOrder::`scalar deleting destructor'|||synthetic|src/game/city/TTrainingOrder.cpp|legacy-marker
004b6f20|TUnitOrder::CreateObject|||synthetic|src/game/city/TUnitOrder.cpp|legacy-marker
004b6f50|TUnitOrder::GetRuntimeClass|||synthetic|src/game/city/TUnitOrder.cpp|legacy-marker
004b6f70|TUnitOrder::TUnitOrder|||synthetic|include/game/city/TUnitOrder.h|legacy-marker
004b6f90|TUnitOrder::`scalar deleting destructor'|||synthetic|src/game/city/TUnitOrder.cpp|legacy-marker
004b79f0|TPowerPlantOrder::CreateObject|||synthetic|src/game/city/TPowerPlantOrder.cpp|legacy-marker
004b7a20|TPowerPlantOrder::GetRuntimeClass|||synthetic|src/game/city/TPowerPlantOrder.cpp|legacy-marker
004b7a40|TPowerPlantOrder::TPowerPlantOrder|||synthetic|include/game/city/TPowerPlantOrder.h|legacy-marker
004b7a60|TPowerPlantOrder::`scalar deleting destructor'|||synthetic|src/game/city/TPowerPlantOrder.cpp|legacy-marker
004b7dc0|TFoodProcessingOrder::CreateObject|||synthetic|src/game/city/TFoodProcessingOrder.cpp|legacy-marker
004b7df0|TFoodProcessingOrder::GetRuntimeClass|||synthetic|src/game/city/TFoodProcessingOrder.cpp|legacy-marker
004b7e10|TFoodProcessingOrder::TFoodProcessingOrder|||synthetic|include/game/city/TFoodProcessingOrder.h|legacy-marker
004b7e30|TFoodProcessingOrder::`scalar deleting destructor'|||synthetic|src/game/city/TFoodProcessingOrder.cpp|legacy-marker
004b8110|TPopGrowthOrder::CreateObject|||synthetic|src/game/city/TPopGrowthOrder.cpp|legacy-marker
004b8140|TPopGrowthOrder::GetRuntimeClass|||synthetic|src/game/city/TPopGrowthOrder.cpp|legacy-marker
004b8470|TShipOrder::CreateObject|||synthetic|src/game/city/TShipOrder.cpp|legacy-marker
004b84a0|TShipOrder::GetRuntimeClass|||synthetic|src/game/city/TShipOrder.cpp|legacy-marker
004b84c0|TShipOrder::TShipOrder|||synthetic|include/game/city/TShipOrder.h|legacy-marker
004b84e0|TShipOrder::`scalar deleting destructor'|||synthetic|src/game/city/TShipOrder.cpp|legacy-marker
004b8c90|TCapacityOrder::CreateObject|||synthetic|src/game/city/TCapacityOrder.cpp|legacy-marker
004b8cc0|TCapacityOrder::GetRuntimeClass|||synthetic|src/game/city/TCapacityOrder.cpp|legacy-marker
004b8ce0|TCapacityOrder::TCapacityOrder|||synthetic|include/game/city/TCapacityOrder.h|legacy-marker
004b8d00|TCapacityOrder::`scalar deleting destructor'|||synthetic|src/game/city/TCapacityOrder.cpp|legacy-marker
004b8f50|TExpansionOrder::CreateObject|||synthetic|src/game/city/TExpansionOrder.cpp|legacy-marker
004b8f80|TExpansionOrder::GetRuntimeClass|||synthetic|src/game/city/TExpansionOrder.cpp|legacy-marker
004b8fa0|TExpansionOrder::TExpansionOrder|||synthetic|include/game/city/TExpansionOrder.h|legacy-marker
004b8fc0|TExpansionOrder::`scalar deleting destructor'|||synthetic|src/game/city/TExpansionOrder.cpp|legacy-marker
004b9540|`dynamic initializer for 'g_gfxCoordinateScale_6A2968''|||synthetic|src/game/core/global_data_tables.cpp|legacy-marker
004b9570|`dynamic initializer for 'g_scaledShortConst_6A2AB8''|||synthetic|src/game/core/global_data_tables.cpp|legacy-marker
004b95c0|`dynamic initializer for 'g_aCityBuildingHoverSelectionRects''|||synthetic|src/game/core/global_data_tables.cpp|legacy-marker
004b98b0|`dynamic initializer for 'g_aCityBuildingLayoutRects''|||synthetic|src/game/core/global_data_tables.cpp|legacy-marker
004ba240|TCityProductionView::CreateObject|||synthetic|src/game/city_ui/TCityProductionView.cpp|legacy-marker
004ba2c0|TCityProductionView::GetRuntimeClass|||synthetic|src/game/city_ui/TCityProductionView.cpp|legacy-marker
004ba360|TCityProductionView::`scalar deleting destructor'|||synthetic|src/game/city_ui/TCityProductionView.cpp|legacy-marker
004bcf40|TRailheadDialog::CreateObject|||synthetic|src/game/city_ui/TRailheadDialog.cpp|legacy-marker
004bcfd0|TRailheadDialog::`scalar deleting destructor'|||synthetic|src/game/city_ui/TRailheadDialog.cpp|legacy-marker
004bd020|TRailheadDialog::GetRuntimeClass|||synthetic|src/game/city_ui/TRailheadDialog.cpp|legacy-marker
004bd300|TTransportView::CreateObject|||synthetic|src/game/city_ui/TTransportView.cpp|legacy-marker
004bd370|TTransportView::`scalar deleting destructor'|||synthetic|src/game/city_ui/TTransportView.cpp|legacy-marker
004bd3c0|TTransportView::GetRuntimeClass|||synthetic|src/game/city_ui/TTransportView.cpp|legacy-marker
004bd7a0|TNewTownView::CreateObject|||synthetic|src/game/city_ui/TNewTownView.cpp|legacy-marker
004bd810|TNewTownView::`scalar deleting destructor'|||synthetic|src/game/city_ui/TNewTownView.cpp|legacy-marker
004bd860|TNewTownView::GetRuntimeClass|||synthetic|src/game/city_ui/TNewTownView.cpp|legacy-marker
004bde20|`dynamic initializer for 'g_gfxCoordinateScale_6A2BF8''|||synthetic|src/game/core/global_data_tables.cpp|legacy-marker
004bde50|`dynamic initializer for 'g_scaledShortConst_6A2C60''|||synthetic|src/game/core/global_data_tables.cpp|legacy-marker
004be0d0|TInteriorMinister::CreateObject|||synthetic|src/game/city_ui/TInteriorMinister.cpp|legacy-marker
004be1b0|TInteriorMinister::GetRuntimeClass|||synthetic|src/game/city_ui/TInteriorMinister.cpp|legacy-marker
004be1d0|TInteriorMinister::TInteriorMinister|||synthetic|include/game/city_ui/TInteriorMinister.h|legacy-marker
004be200|TInteriorMinister::`scalar deleting destructor'|||synthetic|src/game/city_ui/TInteriorMinister.cpp|legacy-marker
004be710|TCityInteriorMinister::CreateObject|||synthetic|src/game/city_ui/TCityInteriorMinister.cpp|legacy-marker
004be820|TCityInteriorMinister::GetRuntimeClass|||synthetic|src/game/city_ui/TCityInteriorMinister.cpp|legacy-marker
004be880|TCityInteriorMinister::`scalar deleting destructor'|||synthetic|src/game/city_ui/TCityInteriorMinister.cpp|legacy-marker
004bec10|TLongintList::`scalar deleting destructor'|||synthetic|src/game/city_ui/TLongintList.cpp|legacy-marker
004bec40||??1?$CList@JJ@@UAE@XZ||template|src/game/city_ui/TLongintList.cpp|legacy-marker
004c18a0||?Add@?$stretch@F@@UAEPAFF@Z||template|include/game/TShortintList.h|legacy-marker
004c1960|TShortintList::~TShortintList|||synthetic|include/game/TShortintList.h|legacy-marker
004c1fc0||??0?$stretch@F@@QAE@H@Z||template|include/game/stretch.h|legacy-marker
004c5900|TSteelCityMinister::CreateObject|||synthetic|src/game/city_ui/TCityMinisterPersonalities.cpp|legacy-marker
004c59c0|TSteelCityMinister::GetRuntimeClass|||synthetic|src/game/city_ui/TCityMinisterPersonalities.cpp|legacy-marker
004c5a20|TSteelCityMinister::`scalar deleting destructor'|||synthetic|src/game/city_ui/TCityMinisterPersonalities.cpp|legacy-marker
004c5c00|TShipBuilderCityMinister::CreateObject|||synthetic|src/game/city_ui/TCityMinisterPersonalities.cpp|legacy-marker
004c5cc0|TShipBuilderCityMinister::GetRuntimeClass|||synthetic|src/game/city_ui/TCityMinisterPersonalities.cpp|legacy-marker
004c5d20|TShipBuilderCityMinister::`scalar deleting destructor'|||synthetic|src/game/city_ui/TCityMinisterPersonalities.cpp|legacy-marker
004c5f00|TEvenCityMinister::CreateObject|||synthetic|src/game/city_ui/TCityMinisterPersonalities.cpp|legacy-marker
004c5fc0|TEvenCityMinister::GetRuntimeClass|||synthetic|src/game/city_ui/TCityMinisterPersonalities.cpp|legacy-marker
004c6020|TEvenCityMinister::`scalar deleting destructor'|||synthetic|src/game/city_ui/TCityMinisterPersonalities.cpp|legacy-marker
004c6210|TRailCityMinister::CreateObject|||synthetic|src/game/city_ui/TCityMinisterPersonalities.cpp|legacy-marker
004c62d0|TRailCityMinister::GetRuntimeClass|||synthetic|src/game/city_ui/TCityMinisterPersonalities.cpp|legacy-marker
004c6330|TRailCityMinister::`scalar deleting destructor'|||synthetic|src/game/city_ui/TCityMinisterPersonalities.cpp|legacy-marker
004c65d0||?Serialize@?$CList@JJ@@UAEXAAVCArchive@@@Z||template|src/game/city_ui/TLongintList.cpp|legacy-marker
004c6aa0||??_G?$CList@JJ@@UAEPAXI@Z||synthetic|src/game/city_ui/TLongintList.cpp|legacy-marker
004c6ad0||??1?$CList@JJ@@UAE@XZ||template|src/game/city_ui/TLongintList.cpp|legacy-marker
004c6c80|`dynamic initializer for 'g_gfxCoordinateScale_6A2C98''|||synthetic|src/game/core/global_data_tables.cpp|legacy-marker
004c6cb0|`dynamic initializer for 'g_scaledShortConst_6A2D00''|||synthetic|src/game/core/global_data_tables.cpp|legacy-marker
004c6df0|TBuildingView::CreateObject|||synthetic|src/game/city_ui/TBuildingView.cpp|legacy-marker
004c6e90|TBuildingView::GetRuntimeClass|||synthetic|src/game/city_ui/TBuildingView.cpp|legacy-marker
004c6eb0|TBuildingView::TBuildingView|||synthetic|include/game/city_ui/TBuildingView.h|legacy-marker
004c6ee0|TBuildingView::`scalar deleting destructor'|||synthetic|src/game/city_ui/TBuildingView.cpp|legacy-marker
004c71f0|TWarehouseView::CreateObject|||synthetic|src/game/city_ui/TWarehouseView.cpp|legacy-marker
004c7290|TWarehouseView::GetRuntimeClass|||synthetic|src/game/city_ui/TWarehouseView.cpp|legacy-marker
004c72e0|TWarehouseView::`scalar deleting destructor'|||synthetic|src/game/city_ui/TWarehouseView.cpp|legacy-marker
004c7f10|TUnitsView::CreateObject|||synthetic|src/game/city_ui/TUnitsView.cpp|legacy-marker
004c7fb0|TUnitsView::GetRuntimeClass|||synthetic|src/game/city_ui/TUnitsView.cpp|legacy-marker
004c8000|TUnitsView::`scalar deleting destructor'|||synthetic|src/game/city_ui/TUnitsView.cpp|legacy-marker
004c8200|TShipyardView::CreateObject|||synthetic|src/game/city_ui/TShipyardView.cpp|legacy-marker
004c82a0|TShipyardView::GetRuntimeClass|||synthetic|src/game/city_ui/TShipyardView.cpp|legacy-marker
004c82f0|TShipyardView::`scalar deleting destructor'|||synthetic|src/game/city_ui/TShipyardView.cpp|legacy-marker
004c9d70|TBuildingConstructionView::CreateObject|||synthetic|src/game/city_ui/TBuildingConstructionView.cpp|legacy-marker
004c9e10|TBuildingConstructionView::GetRuntimeClass|||synthetic|src/game/city_ui/TBuildingConstructionView.cpp|legacy-marker
004c9e60|TBuildingConstructionView::`scalar deleting destructor'|||synthetic|src/game/city_ui/TBuildingConstructionView.cpp|legacy-marker
004caa50|TOverlayRadioButton::CreateObject|||synthetic|src/game/app/TOverlayRadioButton.cpp|legacy-marker
004caaf0|TOverlayRadioButton::GetRuntimeClass|||synthetic|src/game/app/TOverlayRadioButton.cpp|legacy-marker
004caba0|TUniversityView::CreateObject|||synthetic|src/game/city_ui/TUniversityView.cpp|legacy-marker
004cac40|TUniversityView::GetRuntimeClass|||synthetic|src/game/city_ui/TUniversityView.cpp|legacy-marker
004cac90|TUniversityView::`scalar deleting destructor'|||synthetic|src/game/city_ui/TUniversityView.cpp|legacy-marker
004cc300|TPurchaseCluster::CreateObject|||synthetic|src/game/city_ui/TPurchaseCluster.cpp|legacy-marker
004cc3a0|TPurchaseCluster::GetRuntimeClass|||synthetic|src/game/city_ui/TPurchaseCluster.cpp|legacy-marker
004cc3f0|TPurchaseCluster::`scalar deleting destructor'|||synthetic|src/game/city_ui/TPurchaseCluster.cpp|legacy-marker
004cc6b0|TIndustryView::CreateObject|||synthetic|src/game/city_ui/TIndustryView.cpp|legacy-marker
004cc770|TIndustryView::GetRuntimeClass|||synthetic|src/game/city_ui/TIndustryView.cpp|legacy-marker
004cc7d0|TIndustryView::`scalar deleting destructor'|||synthetic|src/game/city_ui/TIndustryView.cpp|legacy-marker
004cd760|TTradeSchoolView::CreateObject|||synthetic|src/game/city_ui/TTradeSchoolView.cpp|legacy-marker
004cd820|TTradeSchoolView::GetRuntimeClass|||synthetic|src/game/city_ui/TTradeSchoolView.cpp|legacy-marker
004cd880|TTradeSchoolView::`scalar deleting destructor'|||synthetic|src/game/city_ui/TTradeSchoolView.cpp|legacy-marker
004ce480|TBuildingExpansionView::CreateObject|||synthetic|src/game/city_ui/TBuildingExpansionView.cpp|legacy-marker
004ce500|TBuildingExpansionView::GetRuntimeClass|||synthetic|src/game/city_ui/TBuildingExpansionView.cpp|legacy-marker
004ce550|TBuildingExpansionView::`scalar deleting destructor'|||synthetic|src/game/city_ui/TBuildingExpansionView.cpp|legacy-marker
004cece0|TArmoryView::CreateObject|||synthetic|src/game/city_ui/TArmoryView.cpp|legacy-marker
004ced80|TArmoryView::GetRuntimeClass|||synthetic|src/game/city_ui/TArmoryView.cpp|legacy-marker
004cedd0|TArmoryView::`scalar deleting destructor'|||synthetic|src/game/city_ui/TArmoryView.cpp|legacy-marker
004d04b0|TEngineerDialog::CreateObject|||synthetic|src/game/city_ui/TEngineerDialog.cpp|legacy-marker
004d0540|TEngineerDialog::GetRuntimeClass|||synthetic|src/game/city_ui/TEngineerDialog.cpp|legacy-marker
004d0590|TEngineerDialog::`scalar deleting destructor'|||synthetic|src/game/city_ui/TEngineerDialog.cpp|legacy-marker
004d1760|TPlaceCityDialog::CreateObject|||synthetic|src/game/city_ui/TPlaceCityDialog.cpp|legacy-marker
004d17e0|TPlaceCityDialog::GetRuntimeClass|||synthetic|src/game/city_ui/TPlaceCityDialog.cpp|legacy-marker
004d1830|TPlaceCityDialog::`scalar deleting destructor'|||synthetic|src/game/city_ui/TPlaceCityDialog.cpp|legacy-marker
004d1f80|`dynamic initializer for 'g_gfxCoordinateScale_6A2D30''|||synthetic|src/game/core/global_data_tables.cpp|legacy-marker
004d1fb0|`dynamic initializer for 'g_scaledShortConst_6A2D80''|||synthetic|src/game/core/global_data_tables.cpp|legacy-marker
004d2000|TCivMgr::CreateObject|||synthetic|src/game/city_ui/TCivMgr.cpp|legacy-marker
004d2030|TCivMgr::GetRuntimeClass|||synthetic|src/game/city_ui/TCivMgr.cpp|legacy-marker
004d2070|TCivMgr::`scalar deleting destructor'|||synthetic|src/game/city_ui/TCivMgr.cpp|legacy-marker
004d49a0|TLandSaleEvent::`scalar deleting destructor'|||synthetic|src/game/nation/TLandSaleEvent.cpp|legacy-marker
004d4dd0||?OverStretch@?$stretch@E@@QAEXI@Z||template|src/game/city_ui/StrategicMapCallbackRecord.cpp|legacy-marker
004d4e40|stretch::operator[]|||template|src/game/city_ui/StrategicMapCallbackRecord.cpp|legacy-marker
004d4ed0|stretch::OverStretch|||template|src/game/city_ui/StrategicMapCallbackRecord.cpp|legacy-marker
004d4f50|stretch::operator[]|||template|src/game/city_ui/StrategicMapCallbackRecord.cpp|legacy-marker
004d5970|stretch::SetCapacity|||template|src/game/city_ui/StrategicMapCallbackRecord.cpp|legacy-marker
004d62d0|stretch::Compact|||template|src/game/city_ui/StrategicMapCallbackRecord.cpp|legacy-marker
004d64a0|`dynamic initializer for 'g_gfxCoordinateScale_6A2DE0''|||synthetic|src/game/core/global_data_tables.cpp|legacy-marker
004d64d0|`dynamic initializer for 'g_scaledShortConst_6A2E28''|||synthetic|src/game/core/global_data_tables.cpp|legacy-marker
004d6500|TProvinceDesirabilityList::CreateObject|||synthetic|src/game/city_ui/TProvinceDesirabilityList.cpp|legacy-marker
004d6570|TProvinceDesirabilityList::GetRuntimeClass|||synthetic|src/game/city_ui/TProvinceDesirabilityList.cpp|legacy-marker
004d65c0|TProvinceDesirabilityList::`scalar deleting destructor'|||synthetic|src/game/city_ui/TProvinceDesirabilityList.cpp|legacy-marker
004d66a0|TCountry::CreateObject|||synthetic|src/game/city_ui/TCountry.cpp|legacy-marker
004d67b0|TCountry::GetRuntimeClass|||synthetic|src/game/city_ui/TCountry.cpp|legacy-marker
004d6850|TCountry::`scalar deleting destructor'|||synthetic|src/game/city_ui/TCountry.cpp|legacy-marker
004d8950|TGreatPower::CreateObject|||synthetic|src/game/nation/TGreatPower_lifecycle.cpp|legacy-marker
004d89d0|TGreatPower::GetRuntimeClass|||synthetic|src/game/nation/TGreatPower_lifecycle.cpp|legacy-marker
004d8c20|TGreatPower::`scalar deleting destructor'|||synthetic|src/game/nation/TGreatPower_lifecycle.cpp|legacy-marker
004e3660|TMinor::CreateObject|||synthetic|src/game/nation/TMinor.cpp|legacy-marker
004e36f0|TMinor::GetRuntimeClass|||synthetic|src/game/nation/TMinor.cpp|legacy-marker
004e3790|TMinor::`scalar deleting destructor'|||synthetic|src/game/nation/TMinor.cpp|legacy-marker
004e65e0|TTurnStartEvent::CreateObject|||synthetic|src/game/nation/TTurnStartEvent.cpp|legacy-marker
004e6630|TTurnStartEvent::`scalar deleting destructor'|||synthetic|src/game/nation/TTurnStartEvent.cpp|legacy-marker
004e6680|TTurnStartEvent::GetRuntimeClass|||synthetic|src/game/nation/TTurnStartEvent.cpp|legacy-marker
004e66c0|TLandSaleEvent::CreateObject|||synthetic|src/game/nation/TLandSaleEvent.cpp|legacy-marker
004e66f0|TLandSaleEvent::GetRuntimeClass|||synthetic|src/game/nation/TLandSaleEvent.cpp|legacy-marker
004e6a10|`dynamic initializer for 'g_gfxCoordinateScale_6A2E38''|||synthetic|src/game/core/global_data_tables.cpp|legacy-marker
004e6a40|`dynamic initializer for 'g_scaledShortConst_6A2E80''|||synthetic|src/game/core/global_data_tables.cpp|legacy-marker
004e6a70|TAutoGreatPower::CreateObject|||synthetic|src/game/nation/TAutoGreatPower.cpp|legacy-marker
004e6b30|TAutoGreatPower::GetRuntimeClass|||synthetic|src/game/nation/TAutoGreatPower.cpp|legacy-marker
004e6b80|TAutoGreatPower::`scalar deleting destructor'|||synthetic|src/game/nation/TAutoGreatPower.cpp|legacy-marker
004ea5b0|`dynamic initializer for 'g_gfxCoordinateScale_6A2E90''|||synthetic|src/game/core/global_data_tables.cpp|legacy-marker
004ea5e0|`dynamic initializer for 'g_scaledShortConst_6A2EE8''|||synthetic|src/game/core/global_data_tables.cpp|legacy-marker
004ebfc0|`dynamic initializer for 'g_gfxCoordinateScale_6A2F00''|||synthetic|src/game/core/global_data_tables.cpp|legacy-marker
004ebff0|`dynamic initializer for 'g_scaledShortConst_6A2F48''|||synthetic|src/game/core/global_data_tables.cpp|legacy-marker
004ec020|TDefenseMinister::CreateObject|||synthetic|src/game/military_ui/TDefenseMinister.cpp|legacy-marker
004ec0c0|TDefenseMinister::GetRuntimeClass|||synthetic|src/game/military_ui/TDefenseMinister.cpp|legacy-marker
004ec110|TDefenseMinister::`scalar deleting destructor'|||synthetic|src/game/military_ui/TDefenseMinister.cpp|legacy-marker
004ed400|TNapoleonMinister::CreateObject|||synthetic|src/game/military_ui/TDefenseMinisterPersonalities.cpp|legacy-marker
004ed4c0|TNapoleonMinister::GetRuntimeClass|||synthetic|src/game/military_ui/TDefenseMinisterPersonalities.cpp|legacy-marker
004ed510|TNapoleonMinister::`scalar deleting destructor'|||synthetic|src/game/military_ui/TDefenseMinisterPersonalities.cpp|legacy-marker
004ed740|TBismarckMinister::CreateObject|||synthetic|src/game/military_ui/TDefenseMinisterPersonalities.cpp|legacy-marker
004ed7f0|TBismarckMinister::GetRuntimeClass|||synthetic|src/game/military_ui/TDefenseMinisterPersonalities.cpp|legacy-marker
004ed840|TBismarckMinister::`scalar deleting destructor'|||synthetic|src/game/military_ui/TDefenseMinisterPersonalities.cpp|legacy-marker
004eda30|TPirateMinister::CreateObject|||synthetic|src/game/military_ui/TDefenseMinisterPersonalities.cpp|legacy-marker
004edae0|TPirateMinister::GetRuntimeClass|||synthetic|src/game/military_ui/TDefenseMinisterPersonalities.cpp|legacy-marker
004edb30|TPirateMinister::`scalar deleting destructor'|||synthetic|src/game/military_ui/TDefenseMinisterPersonalities.cpp|legacy-marker
004edd20|TDefenderMinister::CreateObject|||synthetic|src/game/military_ui/TDefenseMinisterPersonalities.cpp|legacy-marker
004eddc0|TDefenderMinister::GetRuntimeClass|||synthetic|src/game/military_ui/TDefenseMinisterPersonalities.cpp|legacy-marker
004ede10|TDefenderMinister::`scalar deleting destructor'|||synthetic|src/game/military_ui/TDefenseMinisterPersonalities.cpp|legacy-marker
004ee000|TBullyMinister::CreateObject|||synthetic|src/game/military_ui/TDefenseMinisterPersonalities.cpp|legacy-marker
004ee0b0|TBullyMinister::GetRuntimeClass|||synthetic|src/game/military_ui/TDefenseMinisterPersonalities.cpp|legacy-marker
004ee100|TBullyMinister::`scalar deleting destructor'|||synthetic|src/game/military_ui/TDefenseMinisterPersonalities.cpp|legacy-marker
004ee450|`dynamic initializer for 'g_gfxCoordinateScale_6A2F58''|||synthetic|src/game/core/global_data_tables.cpp|legacy-marker
004ee480|`dynamic initializer for 'g_scaledShortConst_6A2FA0''|||synthetic|src/game/core/global_data_tables.cpp|legacy-marker
004ee4b0|TSortedByRelationshipList::CreateObject|||synthetic|src/game/military_ui/TSortedByRelationshipList.cpp|legacy-marker
004ee520|TSortedByRelationshipList::GetRuntimeClass|||synthetic|src/game/military_ui/TSortedByRelationshipList.cpp|legacy-marker
004ee570|TSortedByRelationshipList::`scalar deleting destructor'|||synthetic|src/game/military_ui/TSortedByRelationshipList.cpp|legacy-marker
004ee650|TDiplomacyMgr::CreateObject|||synthetic|src/game/military_ui/TDiplomacyMgr.cpp|legacy-marker
004ee6a0|TDiplomacyMgr::GetRuntimeClass|||synthetic|src/game/military_ui/TDiplomacyMgr.cpp|legacy-marker
004ee700|TDiplomacyMgr::`scalar deleting destructor'|||synthetic|src/game/military_ui/TDiplomacyMgr.cpp|legacy-marker
004f0dd0|TNextDiplomationCommand::`scalar deleting destructor'|||synthetic|src/game/military_ui/TNextDiplomationCommand.cpp|legacy-marker
004f28a0|TNextDiplomationCommand::CreateObject|||synthetic|src/game/military_ui/TNextDiplomationCommand.cpp|legacy-marker
004f2910|TNextDiplomationCommand::GetRuntimeClass|||synthetic|src/game/military_ui/TNextDiplomationCommand.cpp|legacy-marker
004f2ae0|`dynamic initializer for 'g_gfxCoordinateScale_6A2FB0''|||synthetic|src/game/core/global_data_tables.cpp|legacy-marker
004f2b10|`dynamic initializer for 'g_scaledShortConst_6A3018''|||synthetic|src/game/core/global_data_tables.cpp|legacy-marker
004f2bb0|TMinisterView::CreateObject|||synthetic|src/game/diplomacy_ui/TMinisterView.cpp|legacy-marker
004f2c40|TMinisterView::GetRuntimeClass|||synthetic|src/game/diplomacy_ui/TMinisterView.cpp|legacy-marker
004f2c90|TMinisterView::`scalar deleting destructor'|||synthetic|src/game/diplomacy_ui/TMinisterView.cpp|legacy-marker
004f2f20|TForeignMinisterView::CreateObject|||synthetic|src/game/diplomacy_ui/TForeignMinisterView.cpp|legacy-marker
004f2fb0|TForeignMinisterView::GetRuntimeClass|||synthetic|src/game/diplomacy_ui/TForeignMinisterView.cpp|legacy-marker
004f3000|TForeignMinisterView::`scalar deleting destructor'|||synthetic|src/game/diplomacy_ui/TForeignMinisterView.cpp|legacy-marker
004f3240|TDefenseMinisterView::CreateObject|||synthetic|src/game/diplomacy_ui/TDefenseMinisterView.cpp|legacy-marker
004f32d0|TDefenseMinisterView::GetRuntimeClass|||synthetic|src/game/diplomacy_ui/TDefenseMinisterView.cpp|legacy-marker
004f3320|TDefenseMinisterView::`scalar deleting destructor'|||synthetic|src/game/diplomacy_ui/TDefenseMinisterView.cpp|legacy-marker
004f35e0|TInteriorMinisterView::CreateObject|||synthetic|src/game/diplomacy_ui/TInteriorMinisterView.cpp|legacy-marker
004f3670|TInteriorMinisterView::GetRuntimeClass|||synthetic|src/game/diplomacy_ui/TInteriorMinisterView.cpp|legacy-marker
004f36c0|TInteriorMinisterView::`scalar deleting destructor'|||synthetic|src/game/diplomacy_ui/TInteriorMinisterView.cpp|legacy-marker
004f3840|TRearFloatWindow::CreateObject|||synthetic|src/game/diplomacy_ui/TRearFloatWindow.cpp|legacy-marker
004f38c0|TRearFloatWindow::GetRuntimeClass|||synthetic|src/game/diplomacy_ui/TRearFloatWindow.cpp|legacy-marker
004f3910|TRearFloatWindow::`scalar deleting destructor'|||synthetic|src/game/diplomacy_ui/TRearFloatWindow.cpp|legacy-marker
004f3ae0|TDiplomacyMapView::CreateObject|||synthetic|src/game/diplomacy_ui/TDiplomacyMapView.cpp|legacy-marker
004f3b60|TDiplomacyMapView::GetRuntimeClass|||synthetic|src/game/diplomacy_ui/TDiplomacyMapView.cpp|legacy-marker
004f3c90|TDiplomacyMapView::`scalar deleting destructor'|||synthetic|src/game/diplomacy_ui/TDiplomacyMapView.cpp|legacy-marker
004f78e0|TPanelView::CreateObject|||synthetic|src/game/app/TPanelView.cpp|legacy-marker
004f7970|TPanelView::`scalar deleting destructor'|||synthetic|src/game/app/TPanelView.cpp|legacy-marker
004f79c0|TPanelView::GetRuntimeClass|||synthetic|src/game/app/TPanelView.cpp|legacy-marker
004f7a10|TTreatiesView::CreateObject|||synthetic|src/game/diplomacy_ui/TTreatiesView.cpp|legacy-marker
004f7aa0|TTreatiesView::GetRuntimeClass|||synthetic|src/game/diplomacy_ui/TTreatiesView.cpp|legacy-marker
004f7fd0|TGrantsView::CreateObject|||synthetic|src/game/diplomacy_ui/TGrantsView.cpp|legacy-marker
004f8060|TGrantsView::GetRuntimeClass|||synthetic|src/game/diplomacy_ui/TGrantsView.cpp|legacy-marker
004f86d0|TTradePanelView::CreateObject|||synthetic|src/game/diplomacy_ui/TTradePanelView.cpp|legacy-marker
004f8760|TTradePanelView::GetRuntimeClass|||synthetic|src/game/diplomacy_ui/TTradePanelView.cpp|legacy-marker
004f8ec0|TOffersPanelView::CreateObject|||synthetic|src/game/diplomacy_ui/TOffersPanelView.cpp|legacy-marker
004f8f50|TOffersPanelView::GetRuntimeClass|||synthetic|src/game/diplomacy_ui/TOffersPanelView.cpp|legacy-marker
004f8fa0|TOffersPanelView::`scalar deleting destructor'|||synthetic|src/game/diplomacy_ui/TOffersPanelView.cpp|legacy-marker
004f9f60|TInfoPanelView::CreateObject|||synthetic|src/game/diplomacy_ui/TInfoPanelView.cpp|legacy-marker
004f9ff0|TInfoPanelView::GetRuntimeClass|||synthetic|src/game/diplomacy_ui/TInfoPanelView.cpp|legacy-marker
004faf80|TCouncilPanelView::CreateObject|||synthetic|src/game/diplomacy_ui/TCouncilPanelView.cpp|legacy-marker
004fb010|TCouncilPanelView::GetRuntimeClass|||synthetic|src/game/diplomacy_ui/TCouncilPanelView.cpp|legacy-marker
004fb6e0|TNominationView::CreateObject|||synthetic|src/game/diplomacy_ui/TNominationView.cpp|legacy-marker
004fb760|TNominationView::GetRuntimeClass|||synthetic|src/game/diplomacy_ui/TNominationView.cpp|legacy-marker
004fb9d0|TCouncilView::CreateObject|||synthetic|src/game/diplomacy_ui/TCouncilView.cpp|legacy-marker
004fba50|TCouncilView::GetRuntimeClass|||synthetic|src/game/diplomacy_ui/TCouncilView.cpp|legacy-marker
004fc9c0|TMapKey::CreateObject|||synthetic|src/game/diplomacy_ui/TMapKey.cpp|legacy-marker
004fca70|TMapKey::GetRuntimeClass|||synthetic|src/game/diplomacy_ui/TMapKey.cpp|legacy-marker
004fded0|TFrameRadioView::CreateObject|||synthetic|src/game/diplomacy_ui/TFrameRadioView.cpp|legacy-marker
004fdf50|TFrameRadioView::`scalar deleting destructor'|||synthetic|src/game/diplomacy_ui/TFrameRadioView.cpp|legacy-marker
004fdfa0|TFrameRadioView::GetRuntimeClass|||synthetic|src/game/diplomacy_ui/TFrameRadioView.cpp|legacy-marker
004fe1d0|TScoreGraph::CreateObject|||synthetic|src/game/diplomacy_ui/TScoreGraph.cpp|legacy-marker
004fe240|TScoreGraph::`scalar deleting destructor'|||synthetic|src/game/diplomacy_ui/TScoreGraph.cpp|legacy-marker
004fe290|TScoreGraph::GetRuntimeClass|||synthetic|src/game/diplomacy_ui/TScoreGraph.cpp|legacy-marker
004fe640|`dynamic initializer for 'g_gfxCoordinateScale_6A3048''|||synthetic|src/game/core/global_data_tables.cpp|legacy-marker
004fe670|`dynamic initializer for 'g_scaledShortConst_6A30A0''|||synthetic|src/game/core/global_data_tables.cpp|legacy-marker
004fe6a0|InitializeSharedStringRefBatch_006A3060_AndRegisterAtExit|||synthetic|src/game/core/global_data_tables.cpp|legacy-marker
004fe6e0|DestroySharedStringRefBatch_006A3060_AtExit|||synthetic|src/game/core/global_data_tables.cpp|legacy-marker
004fe710|TDisplayMgr::CreateObject|||synthetic|src/game/gfx/TDisplayMgr.cpp|legacy-marker
004fe780|TDisplayMgr::GetRuntimeClass|||synthetic|src/game/gfx/TDisplayMgr.cpp|legacy-marker
004fe7f0|TDisplayMgr::`scalar deleting destructor'|||synthetic|src/game/gfx/TDisplayMgr.cpp|legacy-marker
004ff0c0|TColorFill::CreateObject|||synthetic|src/game/gfx/TColorFill.cpp|legacy-marker
004ff150|TColorFill::`scalar deleting destructor'|||synthetic|src/game/gfx/TColorFill.cpp|legacy-marker
004ff1a0|TColorFill::GetRuntimeClass|||synthetic|src/game/gfx/TColorFill.cpp|legacy-marker
004ff1f0|TGWorldPeeker::CreateObject|||synthetic|src/game/gfx/TGWorldPeeker.cpp|legacy-marker
004ff280|TGWorldPeeker::`scalar deleting destructor'|||synthetic|src/game/gfx/TGWorldPeeker.cpp|legacy-marker
004ff2d0|TGWorldPeeker::GetRuntimeClass|||synthetic|src/game/gfx/TGWorldPeeker.cpp|legacy-marker
004ff460|TFuzzyVar::CreateObject|||synthetic|src/game/TFuzzyVar.cpp|legacy-marker
004ff490|TFuzzyVar::GetRuntimeClass|||synthetic|src/game/TFuzzyVar.cpp|legacy-marker
004ff4b0|TFuzzyVar::TFuzzyVar|||synthetic|include/game/TFuzzyVar.h|legacy-marker
004ff4d0|TFuzzyVar::`scalar deleting destructor'|||synthetic|src/game/TFuzzyVar.cpp|legacy-marker
004ff500|TFuzzyVar::~TFuzzyVar|||synthetic|src/game/TFuzzyVar.cpp|legacy-marker
004ff690|TFuzzySet::CreateObject|||synthetic|src/game/gfx/TFuzzySet.cpp|legacy-marker
004ff6c0|TFuzzySet::GetRuntimeClass|||synthetic|src/game/gfx/TFuzzySet.cpp|legacy-marker
004ff6e0|TFuzzySet::TFuzzySet|||synthetic|src/game/gfx/TFuzzySet.cpp|legacy-marker
004ff700|TFuzzySet::`scalar deleting destructor'|||synthetic|src/game/gfx/TFuzzySet.cpp|legacy-marker
004ff730|TFuzzySet::~TFuzzySet|||synthetic|src/game/gfx/TFuzzySet.cpp|legacy-marker
004ffad0|`dynamic initializer for 'g_gfxCoordinateScale_6A3118''|||synthetic|src/game/core/global_data_tables.cpp|legacy-marker
004ffb00|`dynamic initializer for 'g_scaledShortConst_6A3160''|||synthetic|src/game/core/global_data_tables.cpp|legacy-marker
004ffb30|TGameWindow::CreateObject|||synthetic|src/game/gfx/TGameWindow.cpp|legacy-marker
004ffbf0|TGameWindow::GetRuntimeClass|||synthetic|src/game/gfx/TGameWindow.cpp|legacy-marker
004ffc60|TGameWindow::`scalar deleting destructor'|||synthetic|src/game/gfx/TGameWindow.cpp|legacy-marker
00500280|TDlgWindow::CreateObject|||synthetic|src/game/gfx/TDlgWindow.cpp|legacy-marker
00500300|TDlgWindow::GetRuntimeClass|||synthetic|src/game/gfx/TDlgWindow.cpp|legacy-marker
00500350|TDlgWindow::`scalar deleting destructor'|||synthetic|src/game/gfx/TDlgWindow.cpp|legacy-marker
005004f0|`dynamic initializer for 'g_gfxCoordinateScale_6A3170''|||synthetic|src/game/core/global_data_tables.cpp|legacy-marker
00500520|`dynamic initializer for 'g_scaledShortConst_6A31B8''|||synthetic|src/game/core/global_data_tables.cpp|legacy-marker
00500550|THelpMgr::CreateObject|||synthetic|src/game/ui_core/THelpMgr.cpp|legacy-marker
005005c0|THelpMgr::GetRuntimeClass|||synthetic|src/game/ui_core/THelpMgr.cpp|legacy-marker
00500630|THelpMgr::`scalar deleting destructor'|||synthetic|src/game/ui_core/THelpMgr.cpp|legacy-marker
00503bd0|THelpPicture::CreateObject|||synthetic|src/game/ui_screens/THelpPicture.cpp|legacy-marker
00503c70|THelpPicture::GetRuntimeClass|||synthetic|src/game/ui_screens/THelpPicture.cpp|legacy-marker
00503cc0|THelpPicture::`scalar deleting destructor'|||synthetic|src/game/ui_screens/THelpPicture.cpp|legacy-marker
00504b50|THelpWindow::CreateObject|||synthetic|src/game/ui_screens/THelpWindow.cpp|legacy-marker
00504bd0|THelpWindow::GetRuntimeClass|||synthetic|src/game/ui_screens/THelpWindow.cpp|legacy-marker
00504c20|THelpWindow::`scalar deleting destructor'|||synthetic|src/game/ui_screens/THelpWindow.cpp|legacy-marker
00504ca0|TTerrainHelpWindow::CreateObject|||synthetic|src/game/ui_screens/TTerrainHelpWindow.cpp|legacy-marker
00504d20|TTerrainHelpWindow::GetRuntimeClass|||synthetic|src/game/ui_screens/TTerrainHelpWindow.cpp|legacy-marker
00504d70|TTerrainHelpWindow::`scalar deleting destructor'|||synthetic|src/game/ui_screens/TTerrainHelpWindow.cpp|legacy-marker
00504df0|TTerrainHelpPicture::CreateObject|||synthetic|src/game/ui_screens/TTerrainHelpPicture.cpp|legacy-marker
00504e70|TTerrainHelpPicture::GetRuntimeClass|||synthetic|src/game/ui_screens/TTerrainHelpPicture.cpp|legacy-marker
00505a50|TLonelyTileView::CreateObject|||synthetic|src/game/ui_screens/TLonelyTileView.cpp|legacy-marker
00505ac0|TLonelyTileView::GetRuntimeClass|||synthetic|src/game/ui_screens/TLonelyTileView.cpp|legacy-marker
00505b10|TLonelyTileView::`scalar deleting destructor'|||synthetic|src/game/ui_screens/TLonelyTileView.cpp|legacy-marker
00505ef0|`dynamic initializer for 'g_gfxCoordinateScale_6A31D8''|||synthetic|src/game/core/global_data_tables.cpp|legacy-marker
00505f20|`dynamic initializer for 'g_scaledShortConst_6A3220''|||synthetic|src/game/core/global_data_tables.cpp|legacy-marker
00505f50|TIconBar::CreateObject|||synthetic|src/game/ui_screens/TIconBar.cpp|legacy-marker
00505fd0|TIconBar::GetRuntimeClass|||synthetic|src/game/ui_screens/TIconBar.cpp|legacy-marker
00506020|TIconBar::`scalar deleting destructor'|||synthetic|src/game/ui_screens/TIconBar.cpp|legacy-marker
005062d0|TIconSlider::CreateObject|||synthetic|src/game/ui_screens/TIconSlider.cpp|legacy-marker
005063a0|TIconSlider::GetRuntimeClass|||synthetic|src/game/ui_screens/TIconSlider.cpp|legacy-marker
00506430|TIconSlider::`scalar deleting destructor'|||synthetic|src/game/ui_screens/TIconSlider.cpp|legacy-marker
005069d0|TOrderView::CreateObject|||synthetic|src/game/ui_core/TOrderView.cpp|legacy-marker
00506a60|TOrderView::GetRuntimeClass|||synthetic|src/game/ui_core/TOrderView.cpp|legacy-marker
00506ab0|TOrderView::`scalar deleting destructor'|||synthetic|src/game/ui_core/TOrderView.cpp|legacy-marker
005072e0|TNumberedIcon::CreateObject|||synthetic|src/game/ui_core/TNumberedIcon.cpp|legacy-marker
00507380|TNumberedIcon::GetRuntimeClass|||synthetic|src/game/ui_core/TNumberedIcon.cpp|legacy-marker
005073d0|TNumberedIcon::`scalar deleting destructor'|||synthetic|src/game/ui_core/TNumberedIcon.cpp|legacy-marker
00507700|TNumberedItem::CreateObject|||synthetic|src/game/ui_core/TNumberedItem.cpp|legacy-marker
005077a0|TNumberedItem::GetRuntimeClass|||synthetic|src/game/ui_core/TNumberedItem.cpp|legacy-marker
00507800|TNumberedItem::`scalar deleting destructor'|||synthetic|src/game/ui_core/TNumberedItem.cpp|legacy-marker
00507b60|`dynamic initializer for 'g_gfxCoordinateScale_6A3230''|||synthetic|src/game/core/global_data_tables.cpp|legacy-marker
00507b90|`dynamic initializer for 'g_scaledShortConst_6A3278''|||synthetic|src/game/core/global_data_tables.cpp|legacy-marker
00507bc0|TLanguageMgr::CreateObject|||synthetic|src/game/ui_core/TLanguageMgr.cpp|legacy-marker
00507c40|TLanguageMgr::GetRuntimeClass|||synthetic|src/game/ui_core/TLanguageMgr.cpp|legacy-marker
00507d80|TLanguageMgr::`scalar deleting destructor'|||synthetic|src/game/ui_core/TLanguageMgr.cpp|legacy-marker
00508eb0|`dynamic initializer for 'g_gfxCoordinateScale_6A3290''|||synthetic|src/game/core/global_data_tables.cpp|legacy-marker
00508ee0|`dynamic initializer for 'g_scaledShortConst_6A32E0''|||synthetic|src/game/core/global_data_tables.cpp|legacy-marker
00509c00|TMacViewMgr::CreateObject|||synthetic|src/game/ui_core/TMacViewMgr.cpp|legacy-marker
00509c80|TMacViewMgr::GetRuntimeClass|||synthetic|src/game/ui_core/TMacViewMgr.cpp|legacy-marker
00509e30|TMacViewMgr::`scalar deleting destructor'|||synthetic|src/game/ui_core/TMacViewMgr.cpp|legacy-marker
0050e290|`dynamic initializer for 'g_scaledShortConst_6A3348''|||synthetic|src/game/map_ui/TMapDialog.cpp|legacy-marker
0050e2f0|TMapMgr::CreateObject|||synthetic|src/game/map/TMapMgr.cpp|legacy-marker
0050e3b0|TMapMgr::GetRuntimeClass|||synthetic|src/game/map/TMapMgr.cpp|legacy-marker
0050e460|TMapMgr::`scalar deleting destructor'|||synthetic|src/game/map/TMapMgr.cpp|legacy-marker
0050e580|Province::`vector deleting destructor'|||synthetic|src/game/map/Province.cpp|legacy-marker
0050e600|Province::`cityNameA4 destructor closure'|||synthetic|src/game/map/Province.cpp|legacy-marker
005199c0|TMapDialog::CreateObject|||synthetic|src/game/map_ui/TMapDialog.cpp|legacy-marker
00519b30|TMapDialog::GetRuntimeClass|||synthetic|src/game/map_ui/TMapDialog.cpp|legacy-marker
00519c40|TMapDialog::`scalar deleting destructor'|||synthetic|src/game/map_ui/TMapDialog.cpp|legacy-marker
0051b0a0|TTerrainInfoDialog::CreateObject|||synthetic|src/game/map/TTerrainInfoDialog.cpp|legacy-marker
0051b120|TTerrainInfoDialog::GetRuntimeClass|||synthetic|src/game/map/TTerrainInfoDialog.cpp|legacy-marker
0051b170|TTerrainInfoDialog::`scalar deleting destructor'|||synthetic|src/game/map/TTerrainInfoDialog.cpp|legacy-marker
0051ba70|TTownNameDialog::CreateObject|||synthetic|src/game/map_ui/TTownNameDialog.cpp|legacy-marker
0051baf0|TTownNameDialog::GetRuntimeClass|||synthetic|src/game/map_ui/TTownNameDialog.cpp|legacy-marker
0051bb40|TTownNameDialog::`scalar deleting destructor'|||synthetic|src/game/map_ui/TTownNameDialog.cpp|legacy-marker
0051bd60|TCitySiteView::CreateObject|||synthetic|src/game/map_ui/TCitySiteView.cpp|legacy-marker
0051be90|TCitySiteView::GetRuntimeClass|||synthetic|src/game/map_ui/TCitySiteView.cpp|legacy-marker
0051bfa0|TCitySiteView::`scalar deleting destructor'|||synthetic|src/game/map_ui/TCitySiteView.cpp|legacy-marker
0051cab0|TMapEditView::CreateObject|||synthetic|src/game/map_ui/TMapEditView.cpp|legacy-marker
0051cbf0|TMapEditView::`scalar deleting destructor'|||synthetic|src/game/map_ui/TMapEditView.cpp|legacy-marker
0051cc40|TMapEditView::GetRuntimeClass|||synthetic|src/game/map_ui/TMapEditView.cpp|legacy-marker
00525890|`dynamic initializer for 'g_gfxCoordinateScale_6A3488''|||synthetic|src/game/core/global_data_tables.cpp|legacy-marker
005258c0|`dynamic initializer for 'g_scaledShortConst_6A38F4''|||synthetic|src/game/core/global_data_tables.cpp|legacy-marker
00525910|TMapMaker::CreateObject|||synthetic|src/game/map_generation/TMapMaker.cpp|legacy-marker
00525950|TMapMaker::GetRuntimeClass|||synthetic|src/game/map_generation/TMapMaker.cpp|legacy-marker
00525990|TMapMaker::`scalar deleting destructor'|||synthetic|src/game/map_generation/TMapMaker.cpp|legacy-marker
005259e0|TuningKeywordMatches|||synthetic|src/game/map_generation/TMapMaker.cpp|legacy-marker
00526fd0|TMapMaker::ClearRegionClassIndexReferences|||synthetic|include/game/map_generation/TMapMaker.h|legacy-marker
0052a720|`dynamic initializer for 'g_regionBorderLinkTable_006a3900''|||synthetic|src/game/core/global_data_tables.cpp|legacy-marker
0052a760||?Add@?$stretch@USeaSegment@@@@UAEPAUSeaSegment@@U2@@Z||template|src/game/map/sea_geometry.cpp|legacy-marker
0052a820|`dynamic atexit destructor for 'g_regionBorderLinkTable_006a3900''|||synthetic|src/game/core/global_data_tables.cpp|legacy-marker
0052b3e0||?OverStretch@?$stretch@USeaSegment@@@@QAEXI@Z||template|src/game/map/sea_geometry.cpp|legacy-marker
0052b460||??A?$stretch@USeaSegment@@@@QAEAAUSeaSegment@@I@Z||template|src/game/map/sea_geometry.cpp|legacy-marker
0052b500|stretch::Detach|||template|src/game/map/sea_geometry.cpp|legacy-marker
0052c030|stretch::At|||template|src/game/map/sea_geometry.cpp|legacy-marker
0052c060|`dynamic initializer for 'g_seapointQuadTable_006a3478''|||synthetic|src/game/core/global_data_tables.cpp|legacy-marker
0052c0a0||?Add@?$stretch@USeapoint@@@@UAEPAUSeapoint@@U2@@Z||template|src/game/map/sea_geometry.cpp|legacy-marker
0052c170|`dynamic atexit destructor for 'g_seapointQuadTable_006a3478''|||synthetic|src/game/core/global_data_tables.cpp|legacy-marker
0052ca00|stretch::Detach|||template|src/game/map/sea_geometry.cpp|legacy-marker
0052d0d0||?OverStretch@?$stretch@USeapoint@@@@QAEXI@Z||template|src/game/map/sea_geometry.cpp|legacy-marker
0052d150||??A?$stretch@USeapoint@@@@QAEAAUSeapoint@@I@Z||template|src/game/map/sea_geometry.cpp|legacy-marker
0052e310|stretch::SetCapacity|||template|src/game/map/sea_geometry.cpp|legacy-marker
0052ead0|`dynamic initializer for 'g_gfxCoordinateScale_6A3A08''|||synthetic|src/game/core/global_data_tables.cpp|legacy-marker
0052eb00|`dynamic initializer for 'g_scaledShortConst_6A3A50''|||synthetic|src/game/core/global_data_tables.cpp|legacy-marker
0052eb30|TMinister::CreateObject|||synthetic|src/game/map/TMinister.cpp|legacy-marker
0052eb60|TMinister::GetRuntimeClass|||synthetic|src/game/map/TMinister.cpp|legacy-marker
0052eba0|TMinister::`scalar deleting destructor'|||synthetic|src/game/map/TMinister.cpp|legacy-marker
0052efd0|TForeignMinister::CreateObject|||synthetic|src/game/nation/TForeignMinister.cpp|legacy-marker
0052f050|TForeignMinister::GetRuntimeClass|||synthetic|src/game/nation/TForeignMinister.cpp|legacy-marker
0052f0e0|TForeignMinister::`scalar deleting destructor'|||synthetic|src/game/nation/TForeignMinister.cpp|legacy-marker
00531130|TTedForeignMinister::CreateObject|||synthetic|src/game/nation/TForeignMinisterPersonalities.cpp|legacy-marker
005311b0|TTedForeignMinister::GetRuntimeClass|||synthetic|src/game/nation/TForeignMinisterPersonalities.cpp|legacy-marker
00531240|TTedForeignMinister::`scalar deleting destructor'|||synthetic|src/game/nation/TForeignMinisterPersonalities.cpp|legacy-marker
00531b30|TBillForeignMinister::CreateObject|||synthetic|src/game/nation/TForeignMinisterPersonalities.cpp|legacy-marker
00531bc0|TBillForeignMinister::GetRuntimeClass|||synthetic|src/game/nation/TForeignMinisterPersonalities.cpp|legacy-marker
00531c50|TBillForeignMinister::`scalar deleting destructor'|||synthetic|src/game/nation/TForeignMinisterPersonalities.cpp|legacy-marker
005326e0|TDiplomatForeignMinister::CreateObject|||synthetic|src/game/nation/TForeignMinisterPersonalities.cpp|legacy-marker
00532760|TDiplomatForeignMinister::GetRuntimeClass|||synthetic|src/game/nation/TForeignMinisterPersonalities.cpp|legacy-marker
005327f0|TDiplomatForeignMinister::`scalar deleting destructor'|||synthetic|src/game/nation/TForeignMinisterPersonalities.cpp|legacy-marker
00533070|TTextileForeignMinister::CreateObject|||synthetic|src/game/nation/TForeignMinisterPersonalities.cpp|legacy-marker
005330f0|TTextileForeignMinister::GetRuntimeClass|||synthetic|src/game/nation/TForeignMinisterPersonalities.cpp|legacy-marker
00533180|TTextileForeignMinister::`scalar deleting destructor'|||synthetic|src/game/nation/TForeignMinisterPersonalities.cpp|legacy-marker
00533800|TTraderForeignMinister::CreateObject|||synthetic|src/game/nation/TForeignMinisterPersonalities.cpp|legacy-marker
00533880|TTraderForeignMinister::GetRuntimeClass|||synthetic|src/game/nation/TForeignMinisterPersonalities.cpp|legacy-marker
00533910|TTraderForeignMinister::`scalar deleting destructor'|||synthetic|src/game/nation/TForeignMinisterPersonalities.cpp|legacy-marker
00533f70|TArmsForeignMinister::CreateObject|||synthetic|src/game/nation/TForeignMinisterPersonalities.cpp|legacy-marker
00533ff0|TArmsForeignMinister::GetRuntimeClass|||synthetic|src/game/nation/TForeignMinisterPersonalities.cpp|legacy-marker
00534080|TArmsForeignMinister::`scalar deleting destructor'|||synthetic|src/game/nation/TForeignMinisterPersonalities.cpp|legacy-marker
00534680|TSortByPriceList::CreateObject|||synthetic|src/game/map/TSortByPriceList.cpp|legacy-marker
005346f0|TSortByPriceList::GetRuntimeClass|||synthetic|src/game/map/TSortByPriceList.cpp|legacy-marker
00534740|TSortByPriceList::`scalar deleting destructor'|||synthetic|src/game/map/TSortByPriceList.cpp|legacy-marker
00534770|TSortByPriceList::~TSortByPriceList|||synthetic|src/game/map/TSortByPriceList.cpp|legacy-marker
005347e0|TIndexAndRankList::CreateObject|||synthetic|src/game/map/TIndexAndRankList.cpp|legacy-marker
00534850|TIndexAndRankList::GetRuntimeClass|||synthetic|src/game/map/TIndexAndRankList.cpp|legacy-marker
005348a0|TIndexAndRankList::`scalar deleting destructor'|||synthetic|src/game/map/TIndexAndRankList.cpp|legacy-marker
00534a50|`dynamic initializer for 'g_gfxCoordinateScale_6A3A78''|||synthetic|src/game/core/global_data_tables.cpp|legacy-marker
00534a80|`dynamic initializer for 'g_scaledShortConst_6A3B80''|||synthetic|src/game/core/global_data_tables.cpp|legacy-marker
00534bc0|TMission::CreateObject|||synthetic|src/game/map/TMission.cpp|legacy-marker
00534fb0|TMission::GetRuntimeClass|||synthetic|src/game/map/TMission.cpp|legacy-marker
00534fd0|`dynamic initializer for '_init_TMission''|||synthetic|src/game/map/TMission.cpp|legacy-marker
00534ff0|operator>>|||synthetic|src/game/map/TMission.cpp|legacy-marker
00535050|TMission::`scalar deleting destructor'|||synthetic|src/game/map/TMission.cpp|legacy-marker
00535560|TNavyMission::`scalar deleting destructor'|||synthetic|src/game/map/TNavyMission.cpp|legacy-marker
005355f0|TControlSeaZoneMission::`scalar deleting destructor'|||synthetic|src/game/map/TControlSeaZoneMission.cpp|legacy-marker
005356a0|TScatteredShipsMission::`scalar deleting destructor'|||synthetic|src/game/map/TScatteredShipsMission.cpp|legacy-marker
005357d0|TDefendProvinceMission::`scalar deleting destructor'|||synthetic|src/game/military/TDefendProvinceMission.cpp|legacy-marker
00536260|`dynamic initializer for 'g_gfxCoordinateScale_6A3BF8''|||synthetic|src/game/core/global_data_tables.cpp|legacy-marker
00536290|`dynamic initializer for 'g_scaledShortConst_6A3C64''|||synthetic|src/game/core/global_data_tables.cpp|legacy-marker
00536390|TNavyMission::CreateObject|||synthetic|src/game/map/TNavyMission.cpp|legacy-marker
00536450|TNavyMission::GetRuntimeClass|||synthetic|src/game/map/TNavyMission.cpp|legacy-marker
00536470|`dynamic initializer for '_init_TNavyMission''|||synthetic|src/game/map/TNavyMission.cpp|legacy-marker
00536490|operator>>|||synthetic|src/game/map/TNavyMission.cpp|legacy-marker
005386c0|TControlSeaZoneMission::CreateObject|||synthetic|src/game/map/TControlSeaZoneMission.cpp|legacy-marker
00538780|TControlSeaZoneMission::GetRuntimeClass|||synthetic|src/game/map/TControlSeaZoneMission.cpp|legacy-marker
005387a0|`dynamic initializer for '_init_TControlSeaZoneMission''|||synthetic|src/game/map/TControlSeaZoneMission.cpp|legacy-marker
005387c0|operator>>|||synthetic|src/game/map/TControlSeaZoneMission.cpp|legacy-marker
00539840|TEscortMission::CreateObject|||synthetic|src/game/map/TEscortMission.cpp|legacy-marker
00539960|TEscortMission::`scalar deleting destructor'|||synthetic|src/game/map/TEscortMission.cpp|legacy-marker
005399b0|TEscortMission::GetRuntimeClass|||synthetic|src/game/map/TEscortMission.cpp|legacy-marker
005399d0|`dynamic initializer for '_init_TEscortMission''|||synthetic|src/game/map/TEscortMission.cpp|legacy-marker
005399f0|operator>>|||synthetic|src/game/map/TEscortMission.cpp|legacy-marker
0053a2d0|TBeachheadMission::CreateObject|||synthetic|src/game/map/TBeachheadMission.cpp|legacy-marker
0053a3d0|TBeachheadMission::`scalar deleting destructor'|||synthetic|src/game/map/TBeachheadMission.cpp|legacy-marker
0053a420|TBeachheadMission::GetRuntimeClass|||synthetic|src/game/map/TBeachheadMission.cpp|legacy-marker
0053a440|`dynamic initializer for '_init_TBeachheadMission''|||synthetic|src/game/map/TBeachheadMission.cpp|legacy-marker
0053a460|operator>>|||synthetic|src/game/map/TBeachheadMission.cpp|legacy-marker
0053a990|TBlockadePortMission::CreateObject|||synthetic|src/game/map/TBlockadePortMission.cpp|legacy-marker
0053aa90|TBlockadePortMission::`scalar deleting destructor'|||synthetic|src/game/map/TBlockadePortMission.cpp|legacy-marker
0053aae0|TBlockadePortMission::GetRuntimeClass|||synthetic|src/game/map/TBlockadePortMission.cpp|legacy-marker
0053ab00|`dynamic initializer for '_init_TBlockadePortMission''|||synthetic|src/game/map/TBlockadePortMission.cpp|legacy-marker
0053ab20|operator>>|||synthetic|src/game/map/TBlockadePortMission.cpp|legacy-marker
0053ba60|TScatteredShipsMission::CreateObject|||synthetic|src/game/map/TScatteredShipsMission.cpp|legacy-marker
0053bb20|TScatteredShipsMission::GetRuntimeClass|||synthetic|src/game/map/TScatteredShipsMission.cpp|legacy-marker
0053bb40|`dynamic initializer for '_init_TScatteredShipsMission''|||synthetic|src/game/map/TScatteredShipsMission.cpp|legacy-marker
0053bb60|operator>>|||synthetic|src/game/map/TScatteredShipsMission.cpp|legacy-marker
0053bfb0|TArmyMission::CreateObject|||synthetic|src/game/military/TArmyMission.cpp|legacy-marker
0053c030|TArmyMission::GetRuntimeClass|||synthetic|src/game/military/TArmyMission.cpp|legacy-marker
0053c050|`dynamic initializer for '_init_TArmyMission''|||synthetic|src/game/military/TArmyMission.cpp|legacy-marker
0053c070|operator>>|||synthetic|src/game/military/TArmyMission.cpp|legacy-marker
0053c1d0|TArmyMission::`scalar deleting destructor'|||synthetic|src/game/military/TArmyMission.cpp|legacy-marker
0053d670|TAttackProvinceMission::CreateObject|||synthetic|src/game/military/TAttackProvinceMission.cpp|legacy-marker
0053d710|TAttackProvinceMission::GetRuntimeClass|||synthetic|src/game/military/TAttackProvinceMission.cpp|legacy-marker
0053d730|`dynamic initializer for '_init_TAttackProvinceMission''|||synthetic|src/game/military/TAttackProvinceMission.cpp|legacy-marker
0053d750|operator>>|||synthetic|src/game/military/TAttackProvinceMission.cpp|legacy-marker
0053d7c0|TAttackProvinceMission::`scalar deleting destructor'|||synthetic|src/game/military/TAttackProvinceMission.cpp|legacy-marker
0053e5f0|TDefendProvinceMission::CreateObject|||synthetic|src/game/military/TDefendProvinceMission.cpp|legacy-marker
0053e670|TDefendProvinceMission::GetRuntimeClass|||synthetic|src/game/military/TDefendProvinceMission.cpp|legacy-marker
0053e690|`dynamic initializer for '_init_TDefendProvinceMission''|||synthetic|src/game/military/TDefendProvinceMission.cpp|legacy-marker
0053e6b0|operator>>|||synthetic|src/game/military/TDefendProvinceMission.cpp|legacy-marker
0053f080|TInvadeMission::CreateObject|||synthetic|src/game/military/TInvadeMission.cpp|legacy-marker
0053f260|TInvadeMission::GetRuntimeClass|||synthetic|src/game/military/TInvadeMission.cpp|legacy-marker
0053f280|`dynamic initializer for '_init_TInvadeMission''|||synthetic|src/game/military/TInvadeMission.cpp|legacy-marker
0053f2a0|operator>>|||synthetic|src/game/military/TInvadeMission.cpp|legacy-marker
0053f3c0|TInvadeMission::`scalar deleting destructor'|||synthetic|src/game/military/TInvadeMission.cpp|legacy-marker
005407e0|`dynamic initializer for 'g_gfxCoordinateScale_6A3C88''|||synthetic|src/game/core/global_data_tables.cpp|legacy-marker
00540810|`dynamic initializer for 'g_scaledShortConst_6A3CD0''|||synthetic|src/game/core/global_data_tables.cpp|legacy-marker
00540840|TProxyGreatPower::CreateObject|||synthetic|src/game/military/TProxyGreatPower.cpp|legacy-marker
00540940|TProxyGreatPower::`scalar deleting destructor'|||synthetic|src/game/military/TProxyGreatPower.cpp|legacy-marker
005409e0|TProxyGreatPower::GetRuntimeClass|||synthetic|src/game/military/TProxyGreatPower.cpp|legacy-marker
00540e90|THostGreatPower::CreateObject|||synthetic|src/game/military/THostGreatPower.cpp|legacy-marker
00540f40|THostGreatPower::`scalar deleting destructor'|||synthetic|src/game/military/THostGreatPower.cpp|legacy-marker
00540fe0|THostGreatPower::GetRuntimeClass|||synthetic|src/game/military/THostGreatPower.cpp|legacy-marker
00541230|TClientGreatPower::CreateObject|||synthetic|src/game/military/TClientGreatPower.cpp|legacy-marker
005412f0|TClientGreatPower::`scalar deleting destructor'|||synthetic|src/game/military/TClientGreatPower.cpp|legacy-marker
00541390|TClientGreatPower::GetRuntimeClass|||synthetic|src/game/military/TClientGreatPower.cpp|legacy-marker
005417c0|TRemoteGreatPower::CreateObject|||synthetic|src/game/military/TRemoteGreatPower.cpp|legacy-marker
00541a80|TRemoteGreatPower::`scalar deleting destructor'|||synthetic|src/game/military/TRemoteGreatPower.cpp|legacy-marker
00541b20|TRemoteGreatPower::GetRuntimeClass|||synthetic|src/game/military/TRemoteGreatPower.cpp|legacy-marker
00541c10|TRemoteMinor::CreateObject|||synthetic|src/game/military/TRemoteMinor.cpp|legacy-marker
00541cd0|TRemoteMinor::`scalar deleting destructor'|||synthetic|src/game/military/TRemoteMinor.cpp|legacy-marker
00541d70|TRemoteMinor::GetRuntimeClass|||synthetic|src/game/military/TRemoteMinor.cpp|legacy-marker
00541f30|`dynamic initializer for 'g_gfxCoordinateScale_6A3CE8''|||synthetic|src/game/core/global_data_tables.cpp|legacy-marker
00541f60|`dynamic initializer for 'g_scaledShortConst_6A3D50''|||synthetic|src/game/core/global_data_tables.cpp|legacy-marker
005424b0|TCancelGameOptionsCommand::CreateObject|||synthetic|src/game/military/TCancelGameOptionsCommand.cpp|legacy-marker
00542560|TCancelGameOptionsCommand::`scalar deleting destructor'|||synthetic|src/game/military/TCancelGameOptionsCommand.cpp|legacy-marker
005425b0|TCancelGameOptionsCommand::GetRuntimeClass|||synthetic|src/game/military/TCancelGameOptionsCommand.cpp|legacy-marker
005425d0|TMultiplayerMgr::CreateObject|||synthetic|src/game/net/TMultiplayerMgr_session.cpp|legacy-marker
00542650|TMultiplayerMgr::GetRuntimeClass|||synthetic|src/game/net/TMultiplayerMgr_session.cpp|legacy-marker
005427e0|TMultiplayerMgr::`scalar deleting destructor'|||synthetic|src/game/net/TMultiplayerMgr_session.cpp|legacy-marker
0054b010|TPoseMessageDialog::`scalar deleting destructor'|||synthetic|src/game/net/TPoseMessageDialog.cpp|legacy-marker
0054b060|TPoseMessageDialog::CreateObject|||synthetic|src/game/net/TPoseMessageDialog.cpp|legacy-marker
0054b0d0|TPoseMessageDialog::GetRuntimeClass|||synthetic|src/game/net/TPoseMessageDialog.cpp|legacy-marker
0054d5f0|`dynamic initializer for 'g_gfxCoordinateScale_6A3D88''|||synthetic|src/game/core/global_data_tables.cpp|legacy-marker
0054d620|`dynamic initializer for 'g_scaledShortConst_6A3DD0''|||synthetic|src/game/core/global_data_tables.cpp|legacy-marker
0054d650|TLoungeDialog::CreateObject|||synthetic|src/game/net/TLoungeDialog.cpp|legacy-marker
0054d6d0|TLoungeDialog::GetRuntimeClass|||synthetic|src/game/net/TLoungeDialog.cpp|legacy-marker
0054e690|TJoinSelectorDialog::CreateObject|||synthetic|src/game/net/TJoinSelectorDialog.cpp|legacy-marker
0054e710|TJoinSelectorDialog::GetRuntimeClass|||synthetic|src/game/net/TJoinSelectorDialog.cpp|legacy-marker
0054ea30|TMadnessButton::CreateObject|||synthetic|src/game/net/TMadnessButton.cpp|legacy-marker
0054ead0|TMadnessButton::GetRuntimeClass|||synthetic|src/game/net/TMadnessButton.cpp|legacy-marker
0054ec20|TMultiMessagePicture::CreateObject|||synthetic|src/game/net/TMultiMessagePicture.cpp|legacy-marker
0054eca0|TMultiMessagePicture::GetRuntimeClass|||synthetic|src/game/net/TMultiMessagePicture.cpp|legacy-marker
0054ef80|`dynamic initializer for 'g_gfxCoordinateScale_6A3DE8''|||synthetic|src/game/core/global_data_tables.cpp|legacy-marker
0054efb0|`dynamic initializer for 'g_scaledShortConst_6A3EB8''|||synthetic|src/game/core/global_data_tables.cpp|legacy-marker
0054f460|TShip::CreateObject|||synthetic|src/game/navy/TShip.cpp|legacy-marker
0054f4e0|TShip::GetRuntimeClass|||synthetic|src/game/navy/TShip.cpp|legacy-marker
0054f5c0|TShip::`scalar deleting destructor'|||synthetic|src/game/navy/TShip.cpp|legacy-marker
005512d0|TAdmiral::CreateObject|||synthetic|src/game/navy/TAdmiral.cpp|legacy-marker
00551410|TAdmiral::GetRuntimeClass|||synthetic|src/game/navy/TAdmiral.cpp|legacy-marker
00551550|TAdmiral::`scalar deleting destructor'|||synthetic|src/game/navy/TAdmiral.cpp|legacy-marker
00552770|TTaskForce::CreateObject|||synthetic|src/game/navy/TTaskForce.cpp|legacy-marker
005527e0|TTaskForce::GetRuntimeClass|||synthetic|src/game/navy/TTaskForce.cpp|legacy-marker
00552870|TTaskForce::`scalar deleting destructor'|||synthetic|src/game/navy/TTaskForce.cpp|legacy-marker
00556530|TNavyMgr::CreateObject|||synthetic|src/game/navy/TNavyMgr.cpp|legacy-marker
00556570|TNavyMgr::GetRuntimeClass|||synthetic|src/game/navy/TNavyMgr.cpp|legacy-marker
005565c0|TNavyMgr::`scalar deleting destructor'|||synthetic|src/game/navy/TNavyMgr.cpp|legacy-marker
00556850|TNavyMgr::ClearAllOrders|||synthetic|include/game/navy/TNavyMgr.h|legacy-marker
00558860|stretch::operator[]|||template|src/game/map/TZone.cpp|legacy-marker
0055b610|`dynamic initializer for 'g_gfxCoordinateScale_6A3F18''|||synthetic|src/game/core/global_data_tables.cpp|legacy-marker
0055b640|`dynamic initializer for 'g_scaledShortConst_6A3F60''|||synthetic|src/game/core/global_data_tables.cpp|legacy-marker
0055b670|TNewsMgr::CreateObject|||synthetic|src/game/ui_screens/TNewsMgr.cpp|legacy-marker
0055b6a0|TNewsMgr::`scalar deleting destructor'|||synthetic|src/game/ui_screens/TNewsMgr.cpp|legacy-marker
0055b6f0|TNewsMgr::GetRuntimeClass|||synthetic|src/game/ui_screens/TNewsMgr.cpp|legacy-marker
0055d160|TNewspaperView::CreateObject|||synthetic|src/game/ui_screens/TNewspaperView.cpp|legacy-marker
0055d1e0|TNewspaperView::GetRuntimeClass|||synthetic|src/game/ui_screens/TNewspaperView.cpp|legacy-marker
0055e300|`dynamic initializer for 'g_gfxCoordinateScale_6A3F70''|||synthetic|src/game/core/global_data_tables.cpp|legacy-marker
0055e330|`dynamic initializer for 'g_scaledShortConst_6A3FB8''|||synthetic|src/game/core/global_data_tables.cpp|legacy-marker
0055e660|TZone::CreateObject|||synthetic|src/game/map/TZone.cpp|legacy-marker
0055e6e0|TZone::GetRuntimeClass|||synthetic|src/game/map/TZone.cpp|legacy-marker
0055eaa0|stretch::~stretch|||synthetic|include/game/stretch.h|legacy-marker
0055ead0||?Add@?$stretch@PAVTZone@@@@UAEPAPAVTZone@@PAV2@@Z||template|src/game/map/TZone.cpp|legacy-marker
0055eb70|stretch::~stretch|||synthetic|include/game/stretch.h|legacy-marker
0055eba0||?Add@?$stretch@PAUProvince@@@@UAEPAPAUProvince@@PAU2@@Z||template|src/game/map/TZone.cpp|legacy-marker
0055fae0|stretch::OverStretch|||template|src/game/map/TZone.cpp|legacy-marker
00561300|stretch::OverStretch|||template|src/game/map/TZone.cpp|legacy-marker
005615e0|TPortZone::CreateObject|||synthetic|src/game/ui_screens/TPortZone.cpp|legacy-marker
005616c0|TPortZone::`scalar deleting destructor'|||synthetic|src/game/ui_screens/TPortZone.cpp|legacy-marker
005617d0|TPortZone::GetRuntimeClass|||synthetic|src/game/ui_screens/TPortZone.cpp|legacy-marker
005620c0||?SetCapacity@?$stretch@PAVTZone@@@@QAEXI@Z||template|src/game/map/TZone.cpp|legacy-marker
00562100|TOcean::CreateObject|||synthetic|src/game/navy/TOcean.cpp|legacy-marker
00562140|TOcean::`scalar deleting destructor'|||synthetic|src/game/navy/TOcean.cpp|legacy-marker
00562190|TOcean::GetRuntimeClass|||synthetic|src/game/navy/TOcean.cpp|legacy-marker
00562880|TZone::`vector deleting destructor'|||synthetic|src/game/map/TZone.cpp|legacy-marker
005647a0|`dynamic initializer for 'g_gfxCoordinateScale_6A3FE0''|||synthetic|src/game/core/global_data_tables.cpp|legacy-marker
005647d0|`dynamic initializer for 'g_scaledShortConst_6A4028''|||synthetic|src/game/core/global_data_tables.cpp|legacy-marker
00564800|`dynamic initializer for 'g_aOceanMapOwnerPaletteIndexByNationTag''|||synthetic|src/game/core/global_data_tables.cpp|legacy-marker
00564830|`dynamic initializer for 'g_aOceanMapBorderPaletteIndexByNationTag''|||synthetic|src/game/core/global_data_tables.cpp|legacy-marker
00564860|TMilitaryPageView::CreateObject|||synthetic|src/game/navy/TMilitaryPageView.cpp|legacy-marker
00564900|TMilitaryPageView::GetRuntimeClass|||synthetic|src/game/navy/TMilitaryPageView.cpp|legacy-marker
00564950|TMilitaryPageView::`scalar deleting destructor'|||synthetic|src/game/navy/TMilitaryPageView.cpp|legacy-marker
00564c30|TNavyRoster::CreateObject|||synthetic|src/game/navy_ui/TNavyRoster.cpp|legacy-marker
00564d00|TNavyRoster::GetRuntimeClass|||synthetic|src/game/navy_ui/TNavyRoster.cpp|legacy-marker
00564d70|TNavyRoster::`scalar deleting destructor'|||synthetic|src/game/navy_ui/TNavyRoster.cpp|legacy-marker
00564f90|TShipLine::`scalar deleting destructor'|||synthetic|src/game/navy_ui/TShipLine.cpp|legacy-marker
00565030|TShipLine::CreateObject|||synthetic|src/game/navy_ui/TShipLine.cpp|legacy-marker
005650a0|TShipLine::GetRuntimeClass|||synthetic|src/game/navy_ui/TShipLine.cpp|legacy-marker
005653b0|TShipView::`scalar deleting destructor'|||synthetic|src/game/navy_ui/TShipView.cpp|legacy-marker
00565400|TShipView::CreateObject|||synthetic|src/game/navy_ui/TShipView.cpp|legacy-marker
00565470|TShipView::GetRuntimeClass|||synthetic|src/game/navy_ui/TShipView.cpp|legacy-marker
00565db0|TOceanDialog::CreateObject|||synthetic|src/game/navy_ui/TOceanDialog.cpp|legacy-marker
00565e70|TOceanDialog::GetRuntimeClass|||synthetic|src/game/navy_ui/TOceanDialog.cpp|legacy-marker
00565ee0|TOceanDialog::`scalar deleting destructor'|||synthetic|src/game/navy_ui/TOceanDialog.cpp|legacy-marker
00568b20|TDisappearingButton::CreateObject|||synthetic|src/game/navy_ui/TDisappearingButton.cpp|legacy-marker
00568ba0|TDisappearingButton::GetRuntimeClass|||synthetic|src/game/navy_ui/TDisappearingButton.cpp|legacy-marker
00568bf0|TDisappearingButton::`scalar deleting destructor'|||synthetic|src/game/navy_ui/TDisappearingButton.cpp|legacy-marker
00568cd0|TShipFractionCluster::CreateObject|||synthetic|src/game/navy_ui/TShipFractionCluster.cpp|legacy-marker
00568d50|TShipFractionCluster::GetRuntimeClass|||synthetic|src/game/navy_ui/TShipFractionCluster.cpp|legacy-marker
005691d0|TShipPlacard::CreateObject|||synthetic|src/game/navy_ui/TShipPlacard.cpp|legacy-marker
00569250|TShipPlacard::GetRuntimeClass|||synthetic|src/game/navy_ui/TShipPlacard.cpp|legacy-marker
005692a0|TShipPlacard::`scalar deleting destructor'|||synthetic|src/game/navy_ui/TShipPlacard.cpp|legacy-marker
00569430|TNavyToolbarCluster::CreateObject|||synthetic|src/game/navy_ui/TNavyToolbarCluster.cpp|legacy-marker
005694b0|TNavyToolbarCluster::GetRuntimeClass|||synthetic|src/game/navy_ui/TNavyToolbarCluster.cpp|legacy-marker
00569500|TNavyToolbarCluster::`scalar deleting destructor'|||synthetic|src/game/navy_ui/TNavyToolbarCluster.cpp|legacy-marker
005697d0|TSuperNavyRoster::CreateObject|||synthetic|src/game/navy_ui/TSuperNavyRoster.cpp|legacy-marker
00569870|TSuperNavyRoster::`scalar deleting destructor'|||synthetic|src/game/navy_ui/TSuperNavyRoster.cpp|legacy-marker
005698c0|TSuperNavyRoster::GetRuntimeClass|||synthetic|src/game/navy_ui/TSuperNavyRoster.cpp|legacy-marker
00569b60|TMiniShipLine::`scalar deleting destructor'|||synthetic|src/game/navy_ui/TMiniShipLine.cpp|legacy-marker
00569bb0|TMiniShipLine::CreateObject|||synthetic|src/game/navy_ui/TMiniShipLine.cpp|legacy-marker
00569c20|TMiniShipLine::GetRuntimeClass|||synthetic|src/game/navy_ui/TMiniShipLine.cpp|legacy-marker
00569d70|TMiniShipView::`scalar deleting destructor'|||synthetic|src/game/navy_ui/TMiniShipView.cpp|legacy-marker
00569dc0|TMiniShipView::CreateObject|||synthetic|src/game/navy_ui/TMiniShipView.cpp|legacy-marker
00569e40|TMiniShipView::GetRuntimeClass|||synthetic|src/game/navy_ui/TMiniShipView.cpp|legacy-marker
0056a4b0|`dynamic initializer for 'g_gfxCoordinateScale_6A4038''|||synthetic|src/game/core/global_data_tables.cpp|legacy-marker
0056a4e0|`dynamic initializer for 'g_scaledShortConst_6A4080''|||synthetic|src/game/core/global_data_tables.cpp|legacy-marker
0056a510|TGamePreferencesPicture::CreateObject|||synthetic|src/game/navy_ui/TGamePreferencesPicture.cpp|legacy-marker
0056a590|TGamePreferencesPicture::GetRuntimeClass|||synthetic|src/game/navy_ui/TGamePreferencesPicture.cpp|legacy-marker
0056b210|TFlagOptionsPicture::CreateObject|||synthetic|src/game/navy_ui/TFlagOptionsPicture.cpp|legacy-marker
0056b290|TFlagOptionsPicture::GetRuntimeClass|||synthetic|src/game/navy_ui/TFlagOptionsPicture.cpp|legacy-marker
0056b780|TGameInfoPicture::CreateObject|||synthetic|src/game/navy_ui/TGameInfoPicture.cpp|legacy-marker
0056b800|TGameInfoPicture::`scalar deleting destructor'|||synthetic|src/game/navy_ui/TGameInfoPicture.cpp|legacy-marker
0056b850|TGameInfoPicture::GetRuntimeClass|||synthetic|src/game/navy_ui/TGameInfoPicture.cpp|legacy-marker
0056bbd0|TLoadSavePicture::CreateObject|||synthetic|src/game/ui_screens/TLoadSavePicture.cpp|legacy-marker
0056bca0|TLoadSavePicture::GetRuntimeClass|||synthetic|src/game/ui_screens/TLoadSavePicture.cpp|legacy-marker
0056e120|TTwoPicSlider::CreateObject|||synthetic|src/game/ui_screens/TTwoPicSlider.cpp|legacy-marker
0056e1e0|TTwoPicSlider::GetRuntimeClass|||synthetic|src/game/ui_screens/TTwoPicSlider.cpp|legacy-marker
0056e840|TQueryFloater::CreateObject|||synthetic|src/game/ui_screens/TQueryFloater.cpp|legacy-marker
0056e8c0|TQueryFloater::GetRuntimeClass|||synthetic|src/game/ui_screens/TQueryFloater.cpp|legacy-marker
0056edb0|TCreditsPicture::CreateObject|||synthetic|src/game/ui_screens/TCreditsPicture.cpp|legacy-marker
0056ee30|TCreditsPicture::GetRuntimeClass|||synthetic|src/game/ui_screens/TCreditsPicture.cpp|legacy-marker
0056f300|`dynamic initializer for 'g_gfxCoordinateScale_6A4098''|||synthetic|src/game/core/global_data_tables.cpp|legacy-marker
0056f330|`dynamic initializer for 'g_scaledShortConst_6A40E0''|||synthetic|src/game/core/global_data_tables.cpp|legacy-marker
0056f360|TLineData::CreateObject|||synthetic|src/game/ui_screens/TLineData.cpp|legacy-marker
0056f390|TLineData::GetRuntimeClass|||synthetic|src/game/ui_screens/TLineData.cpp|legacy-marker
0056f3d0|TLineData::`scalar deleting destructor'|||synthetic|src/game/ui_screens/TLineData.cpp|legacy-marker
0056f4a0|TBook::CreateObject|||synthetic|src/game/ui_screens/TBook.cpp|legacy-marker
0056f540|TBook::GetRuntimeClass|||synthetic|src/game/ui_screens/TBook.cpp|legacy-marker
0056f7b0|TPageCorner::CreateObject|||synthetic|src/game/app/TPageCorner.cpp|legacy-marker
0056f830|TPageCorner::GetRuntimeClass|||synthetic|src/game/app/TPageCorner.cpp|legacy-marker
0056f8e0|TPageView::CreateObject|||synthetic|src/game/ui_screens/TPageView.cpp|legacy-marker
0056f9a0|TPageView::GetRuntimeClass|||synthetic|src/game/ui_screens/TPageView.cpp|legacy-marker
0056fa00|TPageView::`scalar deleting destructor'|||synthetic|src/game/ui_screens/TPageView.cpp|legacy-marker
00570030|TPictureLine::CreateObject|||synthetic|src/game/ui_screens/TPictureLine.cpp|legacy-marker
00570060|TPictureLine::GetRuntimeClass|||synthetic|src/game/ui_screens/TPictureLine.cpp|legacy-marker
00570080|TPictureLine::TPictureLine|||synthetic|include/game/ui_screens/TPictureLine.h|legacy-marker
005700a0|TPictureLine::`scalar deleting destructor'|||synthetic|src/game/ui_screens/TPictureLine.cpp|legacy-marker
005701d0|TTextLine::CreateObject|||synthetic|src/game/ui_screens/TTextLine.cpp|legacy-marker
00570270|TTextLine::GetRuntimeClass|||synthetic|src/game/ui_screens/TTextLine.cpp|legacy-marker
00570310|TTextLine::`scalar deleting destructor'|||synthetic|src/game/ui_screens/TTextLine.cpp|legacy-marker
005706f0|`dynamic initializer for 'g_gfxCoordinateScale_6A40F0''|||synthetic|src/game/core/global_data_tables.cpp|legacy-marker
00570720|`dynamic initializer for 'g_scaledShortConst_6A4138''|||synthetic|src/game/core/global_data_tables.cpp|legacy-marker
00570750|TPictureButton::CreateObject|||synthetic|src/game/ui_screens/TPictureButton.cpp|legacy-marker
005707d0|TPictureButton::GetRuntimeClass|||synthetic|src/game/ui_screens/TPictureButton.cpp|legacy-marker
00570820|TPictureButton::`scalar deleting destructor'|||synthetic|src/game/ui_screens/TPictureButton.cpp|legacy-marker
00570950|TAlwaysPictureButton::CreateObject|||synthetic|src/game/ui_screens/TAlwaysPictureButton.cpp|legacy-marker
005709d0|TAlwaysPictureButton::GetRuntimeClass|||synthetic|src/game/ui_screens/TAlwaysPictureButton.cpp|legacy-marker
00570a20|TAlwaysPictureButton::`scalar deleting destructor'|||synthetic|src/game/ui_screens/TAlwaysPictureButton.cpp|legacy-marker
00570b10|T2PictureButton::CreateObject|||synthetic|src/game/ui_screens/T2PictureButton.cpp|legacy-marker
00570b90|T2PictureButton::GetRuntimeClass|||synthetic|src/game/ui_screens/T2PictureButton.cpp|legacy-marker
00570be0|T2PictureButton::`scalar deleting destructor'|||synthetic|src/game/ui_screens/T2PictureButton.cpp|legacy-marker
00570cc0|TPictureRadioButton::CreateObject|||synthetic|src/game/ui_screens/TPictureRadioButton.cpp|legacy-marker
00570d40|TPictureRadioButton::GetRuntimeClass|||synthetic|src/game/ui_screens/TPictureRadioButton.cpp|legacy-marker
00570d90|TPictureRadioButton::`scalar deleting destructor'|||synthetic|src/game/ui_screens/TPictureRadioButton.cpp|legacy-marker
00571050|TToggleButton::CreateObject|||synthetic|src/game/ui_screens/TToggleButton.cpp|legacy-marker
005710d0|TToggleButton::GetRuntimeClass|||synthetic|src/game/ui_screens/TToggleButton.cpp|legacy-marker
00571120|TToggleButton::`scalar deleting destructor'|||synthetic|src/game/ui_screens/TToggleButton.cpp|legacy-marker
005713c0|TUberCluster::CreateObject|||synthetic|src/game/ui_screens/TUberCluster.cpp|legacy-marker
00571440|TUberCluster::GetRuntimeClass|||synthetic|src/game/ui_screens/TUberCluster.cpp|legacy-marker
00571490|TUberCluster::`scalar deleting destructor'|||synthetic|src/game/ui_screens/TUberCluster.cpp|legacy-marker
00571500|TUpDownPictureButton::CreateObject|||synthetic|src/game/ui_screens/TUpDownPictureButton.cpp|legacy-marker
00571580|TUpDownPictureButton::GetRuntimeClass|||synthetic|src/game/ui_screens/TUpDownPictureButton.cpp|legacy-marker
005715d0|TUpDownPictureButton::`scalar deleting destructor'|||synthetic|src/game/ui_screens/TUpDownPictureButton.cpp|legacy-marker
00571700|TRadioPictureButton::CreateObject|||synthetic|src/game/ui_screens/TRadioPictureButton.cpp|legacy-marker
005717a0|TRadioPictureButton::GetRuntimeClass|||synthetic|src/game/ui_screens/TRadioPictureButton.cpp|legacy-marker
00571800|TRadioPictureButton::`scalar deleting destructor'|||synthetic|src/game/ui_screens/TRadioPictureButton.cpp|legacy-marker
00571930|TOnOffRadioButton::CreateObject|||synthetic|src/game/ui_screens/TOnOffRadioButton.cpp|legacy-marker
005719d0|TOnOffRadioButton::GetRuntimeClass|||synthetic|src/game/ui_screens/TOnOffRadioButton.cpp|legacy-marker
00571a30|TOnOffRadioButton::`scalar deleting destructor'|||synthetic|src/game/ui_screens/TOnOffRadioButton.cpp|legacy-marker
00571b60|TCzechBox::CreateObject|||synthetic|src/game/ui_screens/TCzechBox.cpp|legacy-marker
00571c00|TCzechBox::GetRuntimeClass|||synthetic|src/game/ui_screens/TCzechBox.cpp|legacy-marker
00571c60|TCzechBox::`scalar deleting destructor'|||synthetic|src/game/ui_screens/TCzechBox.cpp|legacy-marker
00571ed0|TColorKeyButton::CreateObject|||synthetic|src/game/ui_screens/TColorKeyButton.cpp|legacy-marker
00571f50|TColorKeyButton::GetRuntimeClass|||synthetic|src/game/ui_screens/TColorKeyButton.cpp|legacy-marker
00571fa0|TColorKeyButton::`scalar deleting destructor'|||synthetic|src/game/ui_screens/TColorKeyButton.cpp|legacy-marker
00572080|TGWorldButton::CreateObject|||synthetic|src/game/ui_screens/TGWorldButton.cpp|legacy-marker
00572110|TGWorldButton::GetRuntimeClass|||synthetic|src/game/ui_screens/TGWorldButton.cpp|legacy-marker
00572160|TGWorldButton::`scalar deleting destructor'|||synthetic|src/game/ui_screens/TGWorldButton.cpp|legacy-marker
00572350|TClickZone::CreateObject|||synthetic|src/game/ui_screens/TClickZone.cpp|legacy-marker
005723f0|TClickZone::GetRuntimeClass|||synthetic|src/game/ui_screens/TClickZone.cpp|legacy-marker
00572440|TClickZone::`scalar deleting destructor'|||synthetic|src/game/ui_screens/TClickZone.cpp|legacy-marker
005724e0|TTextPictureButton::CreateObject|||synthetic|src/game/ui_screens/TTextPictureButton.cpp|legacy-marker
005725b0|TTextPictureButton::GetRuntimeClass|||synthetic|src/game/ui_screens/TTextPictureButton.cpp|legacy-marker
00572670|TTextPictureButton::`scalar deleting destructor'|||synthetic|src/game/ui_screens/TTextPictureButton.cpp|legacy-marker
00572a20|`dynamic initializer for 'g_gfxCoordinateScale_6A4148''|||synthetic|src/game/core/global_data_tables.cpp|legacy-marker
00572a50|`dynamic initializer for 'g_scaledShortConst_6A4190''|||synthetic|src/game/core/global_data_tables.cpp|legacy-marker
00572a80|TNoHilitePicture::CreateObject|||synthetic|src/game/ui_screens/TNoHilitePicture.cpp|legacy-marker
00572b10|TNoHilitePicture::GetRuntimeClass|||synthetic|src/game/ui_screens/TNoHilitePicture.cpp|legacy-marker
00572b60|TNoHilitePicture::`scalar deleting destructor'|||synthetic|src/game/ui_screens/TNoHilitePicture.cpp|legacy-marker
00572bd0|TBackgroundPicture::CreateObject|||synthetic|src/game/ui_screens/TBackgroundPicture.cpp|legacy-marker
00572c60|TBackgroundPicture::GetRuntimeClass|||synthetic|src/game/ui_screens/TBackgroundPicture.cpp|legacy-marker
00572cb0|TBackgroundPicture::`scalar deleting destructor'|||synthetic|src/game/ui_screens/TBackgroundPicture.cpp|legacy-marker
00572d20|TColorKeyPicture::CreateObject|||synthetic|src/game/ui_screens/TColorKeyPicture.cpp|legacy-marker
00572dc0|TColorKeyPicture::GetRuntimeClass|||synthetic|src/game/ui_screens/TColorKeyPicture.cpp|legacy-marker
00572e10|TColorKeyPicture::`scalar deleting destructor'|||synthetic|src/game/ui_screens/TColorKeyPicture.cpp|legacy-marker
005730d0|TMegaPicture::CreateObject|||synthetic|src/game/ui_screens/TMegaPicture.cpp|legacy-marker
00573170|TMegaPicture::GetRuntimeClass|||synthetic|src/game/ui_screens/TMegaPicture.cpp|legacy-marker
005731d0|TMegaPicture::`scalar deleting destructor'|||synthetic|src/game/ui_screens/TMegaPicture.cpp|legacy-marker
00573710|TOffLimitsPicture::CreateObject|||synthetic|src/game/ui_screens/TOffLimitsPicture.cpp|legacy-marker
005737b0|TOffLimitsPicture::GetRuntimeClass|||synthetic|src/game/ui_screens/TOffLimitsPicture.cpp|legacy-marker
00573800|TOffLimitsPicture::`scalar deleting destructor'|||synthetic|src/game/ui_screens/TOffLimitsPicture.cpp|legacy-marker
00573970|TSliderPicture::CreateObject|||synthetic|src/game/ui_screens/TSliderPicture.cpp|legacy-marker
00573a00|TSliderPicture::GetRuntimeClass|||synthetic|src/game/ui_screens/TSliderPicture.cpp|legacy-marker
00573a50|TSliderPicture::`scalar deleting destructor'|||synthetic|src/game/ui_screens/TSliderPicture.cpp|legacy-marker
00573bc0|`dynamic initializer for 'g_gfxCoordinateScale_6A41B0''|||synthetic|src/game/core/global_data_tables.cpp|legacy-marker
00573bf0|`dynamic initializer for 'g_scaledShortConst_6A41F8''|||synthetic|src/game/core/global_data_tables.cpp|legacy-marker
00573c20|TScrollView::CreateObject|||synthetic|src/game/ui_screens/TScrollView.cpp|legacy-marker
00573c90|TScrollView::GetRuntimeClass|||synthetic|src/game/ui_screens/TScrollView.cpp|legacy-marker
00573df0|TScrollBarView::`scalar deleting destructor'|||synthetic|src/game/ui_screens/TScrollBarView.cpp|legacy-marker
005743f0|TScrollBarView::CreateObject|||synthetic|src/game/ui_screens/TScrollBarView.cpp|legacy-marker
00574490|TScrollBarView::GetRuntimeClass|||synthetic|src/game/ui_screens/TScrollBarView.cpp|legacy-marker
00574ea0|TScrollerButton::CreateObject|||synthetic|src/game/ui_screens/TScrollerButton.cpp|legacy-marker
00574f20|TScrollerButton::GetRuntimeClass|||synthetic|src/game/ui_screens/TScrollerButton.cpp|legacy-marker
00574f70|TScrollerButton::`scalar deleting destructor'|||synthetic|src/game/ui_screens/TScrollerButton.cpp|legacy-marker
00575100|`dynamic initializer for 'g_gfxCoordinateScale_6A4208''|||synthetic|src/game/core/global_data_tables.cpp|legacy-marker
00575130|`dynamic initializer for 'g_scaledShortConst_6A4260''|||synthetic|src/game/core/global_data_tables.cpp|legacy-marker
00575180|TSpaceCommand::CreateObject|||synthetic|src/game/ui_screens/TSpaceCommand.cpp|legacy-marker
00575210|TSpaceCommand::`scalar deleting destructor'|||synthetic|src/game/ui_screens/TSpaceCommand.cpp|legacy-marker
00575260|TSpaceCommand::GetRuntimeClass|||synthetic|src/game/ui_screens/TSpaceCommand.cpp|legacy-marker
00575280|THighScoresPicture::CreateObject|||synthetic|src/game/ui_screens/THighScoresPicture.cpp|legacy-marker
00575300|THighScoresPicture::GetRuntimeClass|||synthetic|src/game/ui_screens/THighScoresPicture.cpp|legacy-marker
005757c0|TGameSetupPicture::CreateObject|||synthetic|src/game/ui_screens/TGameSetupPicture.cpp|legacy-marker
00575840|TGameSetupPicture::GetRuntimeClass|||synthetic|src/game/ui_screens/TGameSetupPicture.cpp|legacy-marker
00575890|TGameSetupPicture::`scalar deleting destructor'|||synthetic|src/game/ui_screens/TGameSetupPicture.cpp|legacy-marker
00575e90|TGameSetupMultiplayerPicture::CreateObject|||synthetic|src/game/ui_screens/TGameSetupMultiplayerPicture.cpp|legacy-marker
00575f10|TGameSetupMultiplayerPicture::GetRuntimeClass|||synthetic|src/game/ui_screens/TGameSetupMultiplayerPicture.cpp|legacy-marker
00575f60|TGameSetupMultiplayerPicture::`scalar deleting destructor'|||synthetic|src/game/ui_screens/TGameSetupMultiplayerPicture.cpp|legacy-marker
00576900|TNetSelectPicture::CreateObject|||synthetic|src/game/ui_screens/TNetSelectPicture.cpp|legacy-marker
00576980|TNetSelectPicture::GetRuntimeClass|||synthetic|src/game/ui_screens/TNetSelectPicture.cpp|legacy-marker
00576aa0|TNetGameSelectPicture::CreateObject|||synthetic|src/game/ui_screens/TNetGameSelectPicture.cpp|legacy-marker
00576b20|TNetGameSelectPicture::`scalar deleting destructor'|||synthetic|src/game/ui_screens/TNetGameSelectPicture.cpp|legacy-marker
00576b70|TNetGameSelectPicture::GetRuntimeClass|||synthetic|src/game/ui_screens/TNetGameSelectPicture.cpp|legacy-marker
00576ca0|TSetupRandomMapPicture::CreateObject|||synthetic|src/game/ui_screens/TSetupRandomMapPicture.cpp|legacy-marker
00576d60|TSetupRandomMapPicture::GetRuntimeClass|||synthetic|src/game/ui_screens/TSetupRandomMapPicture.cpp|legacy-marker
00576e00|TSetupRandomMapPicture::`scalar deleting destructor'|||synthetic|src/game/ui_screens/TSetupRandomMapPicture.cpp|legacy-marker
00576e30|TSetupRandomMapPicture::~TSetupRandomMapPicture|||synthetic|src/game/ui_screens/TSetupRandomMapPicture.cpp|legacy-marker
00576ea0|InitializeSharedStringRef_006A4220_AndRegisterAtExit|||synthetic|src/game/core/global_data_tables.cpp|legacy-marker
00576ed0|DestroySharedStringRef_006A4220_AtExit|||synthetic|src/game/core/global_data_tables.cpp|legacy-marker
005787b0|TMapPreviewView::CreateObject|||synthetic|src/game/ui_screens/TMapPreviewView.cpp|legacy-marker
00578830|TMapPreviewView::GetRuntimeClass|||synthetic|src/game/ui_screens/TMapPreviewView.cpp|legacy-marker
005793f0|TRadioText::CreateObject|||synthetic|src/game/ui_screens/TRadioText.cpp|legacy-marker
00579470|TRadioText::GetRuntimeClass|||synthetic|src/game/ui_screens/TRadioText.cpp|legacy-marker
005795b0|TRadioTextCluster::CreateObject|||synthetic|src/game/ui_screens/TRadioTextCluster.cpp|legacy-marker
00579680|TRadioTextCluster::GetRuntimeClass|||synthetic|src/game/ui_screens/TRadioTextCluster.cpp|legacy-marker
005796f0|TRadioTextCluster::`scalar deleting destructor'|||synthetic|src/game/ui_screens/TRadioTextCluster.cpp|legacy-marker
00579ae0|TScenarioChooser::CreateObject|||synthetic|src/game/ui_screens/TScenarioChooser.cpp|legacy-marker
00579b60|TScenarioChooser::GetRuntimeClass|||synthetic|src/game/ui_screens/TScenarioChooser.cpp|legacy-marker
0057ab70|TTextList::CreateObject|||synthetic|src/game/ui_screens/TTextList.cpp|legacy-marker
0057ac30|TTextList::GetRuntimeClass|||synthetic|src/game/ui_screens/TTextList.cpp|legacy-marker
0057b000|TGameScorePicture::CreateObject|||synthetic|src/game/ui_screens/TGameScorePicture.cpp|legacy-marker
0057b080|TGameScorePicture::GetRuntimeClass|||synthetic|src/game/ui_screens/TGameScorePicture.cpp|legacy-marker
0057b670|TSelectoText::CreateObject|||synthetic|src/game/ui_screens/TSelectoText.cpp|legacy-marker
0057b6f0|TSelectoText::`scalar deleting destructor'|||synthetic|src/game/ui_screens/TSelectoText.cpp|legacy-marker
0057b740|TSelectoText::GetRuntimeClass|||synthetic|src/game/ui_screens/TSelectoText.cpp|legacy-marker
0057b880|`dynamic initializer for 'g_gfxCoordinateScale_6A42E0''|||synthetic|src/game/core/global_data_tables.cpp|legacy-marker
0057b8b0|`dynamic initializer for 'g_scaledShortConst_6A43BC''|||synthetic|src/game/core/global_data_tables.cpp|legacy-marker
0057b940|TSimMgr::CreateObject|||synthetic|src/game/ui_screens/TSimMgr.cpp|legacy-marker
0057b9c0|TSimMgr::GetRuntimeClass|||synthetic|src/game/ui_screens/TSimMgr.cpp|legacy-marker
0057bb50|TSimMgr::`scalar deleting destructor'|||synthetic|src/game/ui_screens/TSimMgr.cpp|legacy-marker
00580430|stretch::~stretch|||synthetic|include/game/stretch.h|legacy-marker
00580460||?Add@?$stretch@D@@UAEPADD@Z||template|src/game/military/mapped_flavor_text.cpp|legacy-marker
00583850|`dynamic initializer for 'g_gfxCoordinateScale_6A4440''|||synthetic|src/game/core/global_data_tables.cpp|legacy-marker
00583880|`dynamic initializer for 'g_scaledShortConst_6A4488''|||synthetic|src/game/core/global_data_tables.cpp|legacy-marker
005838b0|TArrowsControl::CreateObject|||synthetic|src/game/ui_screens/TArrowsControl.cpp|legacy-marker
00583950|TArrowsControl::GetRuntimeClass|||synthetic|src/game/ui_screens/TArrowsControl.cpp|legacy-marker
005839a0|TArrowsControl::`scalar deleting destructor'|||synthetic|src/game/ui_screens/TArrowsControl.cpp|legacy-marker
00583a90|TSidewaysArrow::CreateObject|||synthetic|src/game/ui_screens/TSidewaysArrow.cpp|legacy-marker
00583b30|TSidewaysArrow::GetRuntimeClass|||synthetic|src/game/ui_screens/TSidewaysArrow.cpp|legacy-marker
00583b80|TSidewaysArrow::`scalar deleting destructor'|||synthetic|src/game/ui_screens/TSidewaysArrow.cpp|legacy-marker
00583c90|TUpDownView::CreateObject|||synthetic|src/game/ui_screens/TUpDownView.cpp|legacy-marker
00583d30|TUpDownView::GetRuntimeClass|||synthetic|src/game/ui_screens/TUpDownView.cpp|legacy-marker
00583d80|TUpDownView::`scalar deleting destructor'|||synthetic|src/game/ui_screens/TUpDownView.cpp|legacy-marker
00583e70|TRightLeftView::CreateObject|||synthetic|src/game/ui_screens/TRightLeftView.cpp|legacy-marker
00583f10|TRightLeftView::GetRuntimeClass|||synthetic|src/game/ui_screens/TRightLeftView.cpp|legacy-marker
00583f60|TRightLeftView::`scalar deleting destructor'|||synthetic|src/game/ui_screens/TRightLeftView.cpp|legacy-marker
00584040|TDipDlgCluster::CreateObject|||synthetic|src/game/ui_screens/TDipDlgCluster.cpp|legacy-marker
005840c0|TDipDlgCluster::GetRuntimeClass|||synthetic|src/game/ui_screens/TDipDlgCluster.cpp|legacy-marker
00584110|TDipDlgCluster::`scalar deleting destructor'|||synthetic|src/game/ui_screens/TDipDlgCluster.cpp|legacy-marker
00584200|TTradePolicyCluster::CreateObject|||synthetic|src/game/ui_widgets/TTradePolicyCluster.cpp|legacy-marker
00584280|TTradePolicyCluster::GetRuntimeClass|||synthetic|src/game/ui_widgets/TTradePolicyCluster.cpp|legacy-marker
005842d0|TTradePolicyCluster::`scalar deleting destructor'|||synthetic|src/game/ui_widgets/TTradePolicyCluster.cpp|legacy-marker
005843e0|TTradeOrderPicture::CreateObject|||synthetic|src/game/ui_widgets/TTradeOrderPicture.cpp|legacy-marker
00584460|TTradeOrderPicture::GetRuntimeClass|||synthetic|src/game/ui_widgets/TTradeOrderPicture.cpp|legacy-marker
005844b0|TTradeOrderPicture::`scalar deleting destructor'|||synthetic|src/game/ui_widgets/TTradeOrderPicture.cpp|legacy-marker
005846e0|TBoycottButton::CreateObject|||synthetic|src/game/ui_widgets/TBoycottButton.cpp|legacy-marker
00584760|TBoycottButton::GetRuntimeClass|||synthetic|src/game/ui_widgets/TBoycottButton.cpp|legacy-marker
005847b0|TBoycottButton::`scalar deleting destructor'|||synthetic|src/game/ui_widgets/TBoycottButton.cpp|legacy-marker
00584890|T2PictToggleButton::CreateObject|||synthetic|src/game/ui_widgets/T2PictToggleButton.cpp|legacy-marker
00584910|T2PictToggleButton::GetRuntimeClass|||synthetic|src/game/ui_widgets/T2PictToggleButton.cpp|legacy-marker
00584960|T2PictToggleButton::`scalar deleting destructor'|||synthetic|src/game/ui_widgets/T2PictToggleButton.cpp|legacy-marker
00584a50|TCloseButton::CreateObject|||synthetic|src/game/ui_widgets/TCloseButton.cpp|legacy-marker
00584ad0|TCloseButton::GetRuntimeClass|||synthetic|src/game/ui_widgets/TCloseButton.cpp|legacy-marker
00584b20|TCloseButton::`scalar deleting destructor'|||synthetic|src/game/ui_widgets/TCloseButton.cpp|legacy-marker
00584bb0|TCloseParentButton::CreateObject|||synthetic|src/game/ui_widgets/TCloseParentButton.cpp|legacy-marker
00584c40|TCloseParentButton::GetRuntimeClass|||synthetic|src/game/ui_widgets/TCloseParentButton.cpp|legacy-marker
00584ce0|TCloseParentButton::`scalar deleting destructor'|||synthetic|src/game/ui_widgets/TCloseParentButton.cpp|legacy-marker
00584d80|TToolBarCluster::CreateObject|||synthetic|src/game/ui_widgets/TToolBarCluster.cpp|legacy-marker
00584e00|TToolBarCluster::GetRuntimeClass|||synthetic|src/game/ui_widgets/TToolBarCluster.cpp|legacy-marker
00584e50|TToolBarCluster::`scalar deleting destructor'|||synthetic|src/game/ui_widgets/TToolBarCluster.cpp|legacy-marker
00585f70|TUnitToolbarCluster::CreateObject|||synthetic|src/game/ui_widgets/TUnitToolbarCluster.cpp|legacy-marker
00585ff0|TUnitToolbarCluster::GetRuntimeClass|||synthetic|src/game/ui_widgets/TUnitToolbarCluster.cpp|legacy-marker
00586010|TUnitToolbarCluster::TUnitToolbarCluster|||synthetic|include/game/ui_widgets/TUnitToolbarCluster.h|legacy-marker
00586040|TUnitToolbarCluster::`scalar deleting destructor'|||synthetic|src/game/ui_widgets/TUnitToolbarCluster.cpp|legacy-marker
00586280|TStatusButton::CreateObject|||synthetic|src/game/ui_widgets/TStatusButton.cpp|legacy-marker
00586310|TStatusButton::GetRuntimeClass|||synthetic|src/game/ui_widgets/TStatusButton.cpp|legacy-marker
005863b0|TStatusButton::`scalar deleting destructor'|||synthetic|src/game/ui_widgets/TStatusButton.cpp|legacy-marker
00586590|TCityBarCluster::CreateObject|||synthetic|src/game/ui_widgets/TCityBarCluster.cpp|legacy-marker
00586610|TCityBarCluster::GetRuntimeClass|||synthetic|src/game/ui_widgets/TCityBarCluster.cpp|legacy-marker
00586660|TCityBarCluster::`scalar deleting destructor'|||synthetic|src/game/ui_widgets/TCityBarCluster.cpp|legacy-marker
00586840|TProductionCluster::CreateObject|||synthetic|src/game/ui_widgets/TProductionCluster.cpp|legacy-marker
00586900|TProductionCluster::GetRuntimeClass|||synthetic|src/game/ui_widgets/TProductionCluster.cpp|legacy-marker
00586970|TProductionCluster::`scalar deleting destructor'|||synthetic|src/game/ui_widgets/TProductionCluster.cpp|legacy-marker
00586ad0|TClosePicture::CreateObject|||synthetic|src/game/ui_widgets/TClosePicture.cpp|legacy-marker
00586b50|TClosePicture::GetRuntimeClass|||synthetic|src/game/ui_widgets/TClosePicture.cpp|legacy-marker
00586ba0|TClosePicture::`scalar deleting destructor'|||synthetic|src/game/ui_widgets/TClosePicture.cpp|legacy-marker
00586c40|TAmtBarCluster::CreateObject|||synthetic|src/game/ui_widgets/TAmtBarCluster.cpp|legacy-marker
00586cc0|TAmtBarCluster::GetRuntimeClass|||synthetic|src/game/ui_widgets/TAmtBarCluster.cpp|legacy-marker
00586ce0|TAmtBarCluster::TAmtBarCluster|||synthetic|include/game/ui_widgets/TAmtBarCluster.h|legacy-marker
00586d10|TAmtBarCluster::`scalar deleting destructor'|||synthetic|src/game/ui_widgets/TAmtBarCluster.cpp|legacy-marker
00587010|TTradeCluster::CreateObject|||synthetic|src/game/ui_widgets/TTradeCluster.cpp|legacy-marker
00587090|TTradeCluster::GetRuntimeClass|||synthetic|src/game/ui_widgets/TTradeCluster.cpp|legacy-marker
005870e0|TTradeCluster::`scalar deleting destructor'|||synthetic|src/game/ui_widgets/TTradeCluster.cpp|legacy-marker
005884c0|TAmtBar::CreateObject|||synthetic|src/game/ui_widgets/TAmtBar.cpp|legacy-marker
00588560|TAmtBar::GetRuntimeClass|||synthetic|src/game/ui_widgets/TAmtBar.cpp|legacy-marker
00588580|TAmtBar::TAmtBar|||synthetic|include/game/ui_widgets/TAmtBar.h|legacy-marker
005885c0|TAmtBar::`scalar deleting destructor'|||synthetic|src/game/ui_widgets/TAmtBar.cpp|legacy-marker
00588a30|TIndustryCluster::CreateObject|||synthetic|src/game/ui_widgets/TIndustryCluster.cpp|legacy-marker
00588ad0|TIndustryCluster::GetRuntimeClass|||synthetic|src/game/ui_widgets/TIndustryCluster.cpp|legacy-marker
00588b20|TIndustryCluster::`scalar deleting destructor'|||synthetic|src/game/ui_widgets/TIndustryCluster.cpp|legacy-marker
00589110|TIndustryAmtBar::CreateObject|||synthetic|src/game/ui_widgets/TIndustryAmtBar.cpp|legacy-marker
005891b0|TIndustryAmtBar::GetRuntimeClass|||synthetic|src/game/ui_widgets/TIndustryAmtBar.cpp|legacy-marker
00589210|TIndustryAmtBar::`scalar deleting destructor'|||synthetic|src/game/ui_widgets/TIndustryAmtBar.cpp|legacy-marker
00589660|TRailCluster::CreateObject|||synthetic|src/game/ui_widgets/TRailCluster.cpp|legacy-marker
00589700|TRailCluster::GetRuntimeClass|||synthetic|src/game/ui_widgets/TRailCluster.cpp|legacy-marker
00589760|TRailCluster::`scalar deleting destructor'|||synthetic|src/game/ui_widgets/TRailCluster.cpp|legacy-marker
00589ed0|TRailAmtBar::CreateObject|||synthetic|src/game/ui_widgets/TRailAmtBar.cpp|legacy-marker
00589f70|TRailAmtBar::GetRuntimeClass|||synthetic|src/game/ui_widgets/TRailAmtBar.cpp|legacy-marker
00589fd0|TRailAmtBar::`scalar deleting destructor'|||synthetic|src/game/ui_widgets/TRailAmtBar.cpp|legacy-marker
0058a4d0|TShipyardCluster::CreateObject|||synthetic|src/game/ui_widgets/TShipyardCluster.cpp|legacy-marker
0058a570|TShipyardCluster::GetRuntimeClass|||synthetic|src/game/ui_widgets/TShipyardCluster.cpp|legacy-marker
0058a5c0|TShipyardCluster::`scalar deleting destructor'|||synthetic|src/game/ui_widgets/TShipyardCluster.cpp|legacy-marker
0058aaa0|TShipAmtBar::CreateObject|||synthetic|src/game/ui_widgets/TShipAmtBar.cpp|legacy-marker
0058ab40|TShipAmtBar::GetRuntimeClass|||synthetic|src/game/ui_widgets/TShipAmtBar.cpp|legacy-marker
0058aba0|TShipAmtBar::`scalar deleting destructor'|||synthetic|src/game/ui_widgets/TShipAmtBar.cpp|legacy-marker
0058ae30|TTraderAmtBar::CreateObject|||synthetic|src/game/ui_widgets/TTraderAmtBar.cpp|legacy-marker
0058aed0|TTraderAmtBar::GetRuntimeClass|||synthetic|src/game/ui_widgets/TTraderAmtBar.cpp|legacy-marker
0058af30|TTraderAmtBar::`scalar deleting destructor'|||synthetic|src/game/ui_widgets/TTraderAmtBar.cpp|legacy-marker
0058b340|TCivilianButton::CreateObject|||synthetic|src/game/ui_widgets/TCivilianButton.cpp|legacy-marker
0058b3c0|TCivilianButton::GetRuntimeClass|||synthetic|src/game/ui_widgets/TCivilianButton.cpp|legacy-marker
0058b410|TCivilianButton::`scalar deleting destructor'|||synthetic|src/game/ui_widgets/TCivilianButton.cpp|legacy-marker
0058b5c0|THQButton::CreateObject|||synthetic|src/game/ui_widgets/THQButton.cpp|legacy-marker
0058b640|THQButton::GetRuntimeClass|||synthetic|src/game/ui_widgets/THQButton.cpp|legacy-marker
0058b690|THQButton::`scalar deleting destructor'|||synthetic|src/game/ui_widgets/THQButton.cpp|legacy-marker
0058b960|TPlacard::CreateObject|||synthetic|src/game/ui_widgets/TPlacard.cpp|legacy-marker
0058b9f0|TPlacard::GetRuntimeClass|||synthetic|src/game/ui_widgets/TPlacard.cpp|legacy-marker
0058ba40|TPlacard::`scalar deleting destructor'|||synthetic|src/game/ui_widgets/TPlacard.cpp|legacy-marker
0058be30|TArmyPlacard::CreateObject|||synthetic|src/game/ui_widgets/TArmyPlacard.cpp|legacy-marker
0058beb0|TArmyPlacard::GetRuntimeClass|||synthetic|src/game/ui_widgets/TArmyPlacard.cpp|legacy-marker
0058bf00|TArmyPlacard::`scalar deleting destructor'|||synthetic|src/game/ui_widgets/TArmyPlacard.cpp|legacy-marker
0058c1e0|TNumberedArrowButton::CreateObject|||synthetic|src/game/ui_widgets/TNumberedArrowButton.cpp|legacy-marker
0058c280|TNumberedArrowButton::GetRuntimeClass|||synthetic|src/game/ui_widgets/TNumberedArrowButton.cpp|legacy-marker
0058c2e0|TNumberedArrowButton::`scalar deleting destructor'|||synthetic|src/game/ui_widgets/TNumberedArrowButton.cpp|legacy-marker
0058c830|TCombatReportView::CreateObject|||synthetic|src/game/ui_widgets/TCombatReportView.cpp|legacy-marker
0058c8b0|TCombatReportView::GetRuntimeClass|||synthetic|src/game/ui_widgets/TCombatReportView.cpp|legacy-marker
0058c900|TCombatReportView::`scalar deleting destructor'|||synthetic|src/game/ui_widgets/TCombatReportView.cpp|legacy-marker
0058de40|TArmyToolbar::CreateObject|||synthetic|src/game/ui_widgets/TArmyToolbar.cpp|legacy-marker
0058dec0|TArmyToolbar::GetRuntimeClass|||synthetic|src/game/ui_widgets/TArmyToolbar.cpp|legacy-marker
0058df10|TArmyToolbar::`scalar deleting destructor'|||synthetic|src/game/ui_widgets/TArmyToolbar.cpp|legacy-marker
0058e330|TStratReportView::CreateObject|||synthetic|src/game/ui_widgets/TStratReportView.cpp|legacy-marker
0058e3a0|TStratReportView::GetRuntimeClass|||synthetic|src/game/ui_widgets/TStratReportView.cpp|legacy-marker
0058e3f0|TStratReportView::`scalar deleting destructor'|||synthetic|src/game/ui_widgets/TStratReportView.cpp|legacy-marker
0058ea00|TCivToolbar::CreateObject|||synthetic|src/game/ui_widgets/TCivToolbar.cpp|legacy-marker
0058ea80|TCivToolbar::GetRuntimeClass|||synthetic|src/game/ui_widgets/TCivToolbar.cpp|legacy-marker
0058ead0|TCivToolbar::`scalar deleting destructor'|||synthetic|src/game/ui_widgets/TCivToolbar.cpp|legacy-marker
0058f050|TCivDescription::CreateObject|||synthetic|src/game/ui_widgets/TCivDescription.cpp|legacy-marker
0058f0f0|TCivDescription::GetRuntimeClass|||synthetic|src/game/ui_widgets/TCivDescription.cpp|legacy-marker
00590b90|TCivReport::CreateObject|||synthetic|src/game/ui_widgets/TCivReport.cpp|legacy-marker
00590c10|TCivReport::GetRuntimeClass|||synthetic|src/game/ui_widgets/TCivReport.cpp|legacy-marker
00590c60|TCivReport::`scalar deleting destructor'|||synthetic|src/game/ui_widgets/TCivReport.cpp|legacy-marker
00591500|TArmyInfoView::CreateObject|||synthetic|src/game/ui_widgets/TArmyInfoView.cpp|legacy-marker
00591580|TArmyInfoView::GetRuntimeClass|||synthetic|src/game/ui_widgets/TArmyInfoView.cpp|legacy-marker
005915d0|TArmyInfoView::`scalar deleting destructor'|||synthetic|src/game/ui_widgets/TArmyInfoView.cpp|legacy-marker
00591d90|TTransportPicture::CreateObject|||synthetic|src/game/ui_widgets/TTransportPicture.cpp|legacy-marker
00591e50|TTransportPicture::GetRuntimeClass|||synthetic|src/game/ui_widgets/TTransportPicture.cpp|legacy-marker
00591ec0|TTransportPicture::`scalar deleting destructor'|||synthetic|src/game/ui_widgets/TTransportPicture.cpp|legacy-marker
00592860|TWarningView::CreateObject|||synthetic|src/game/ui_widgets/TWarningView.cpp|legacy-marker
005928e0|TWarningView::GetRuntimeClass|||synthetic|src/game/ui_widgets/TWarningView.cpp|legacy-marker
00592930|TWarningView::`scalar deleting destructor'|||synthetic|src/game/ui_widgets/TWarningView.cpp|legacy-marker
005931b0|`dynamic initializer for 'g_gfxCoordinateScale_6A44D0''|||synthetic|src/game/core/global_data_tables.cpp|legacy-marker
005931e0|`dynamic initializer for 'g_scaledShortConst_6A4518''|||synthetic|src/game/core/global_data_tables.cpp|legacy-marker
005932b0|TSoundPlayer::CreateObject|||synthetic|src/game/ui_widgets/TSoundPlayer.cpp|legacy-marker
00593350|TSoundPlayer::GetRuntimeClass|||synthetic|src/game/ui_widgets/TSoundPlayer.cpp|legacy-marker
005933b0|TSoundPlayer::`scalar deleting destructor'|||synthetic|src/game/ui_widgets/TSoundPlayer.cpp|legacy-marker
00593e20|`dynamic initializer for 'g_gfxCoordinateScale_6A4538''|||synthetic|src/game/core/global_data_tables.cpp|legacy-marker
00593e50|`dynamic initializer for 'g_scaledShortConst_6A4580''|||synthetic|src/game/core/global_data_tables.cpp|legacy-marker
00593e80|TStatusPicture::CreateObject|||synthetic|src/game/ui_widgets/TStatusPicture.cpp|legacy-marker
00593f00|TStatusPicture::GetRuntimeClass|||synthetic|src/game/ui_widgets/TStatusPicture.cpp|legacy-marker
00594830|TStatusPicture::CalcStandardGraph|||synthetic|include/game/ui_widgets/TStatusPicture.h|legacy-marker
00594d30|TStatusPicture::NormalizeAsNeeded|||synthetic|include/game/ui_widgets/TStatusPicture.h|legacy-marker
00594ed0|`dynamic initializer for 'g_scaledShortConst_6A460C''|||synthetic|src/game/core/global_data_tables.cpp|legacy-marker
00594f20|TWorldView::CreateObject|||synthetic|src/game/ui_widgets/TWorldView.cpp|legacy-marker
00594fe0|TWorldView::GetRuntimeClass|||synthetic|src/game/ui_widgets/TWorldView.cpp|legacy-marker
00595040|TWorldView::`scalar deleting destructor'|||synthetic|src/game/ui_widgets/TWorldView.cpp|legacy-marker
00596770|TMapUberUberPicture::CreateObject|||synthetic|src/game/ui_widgets/TMapUberUberPicture.cpp|legacy-marker
005967f0|TMapUberUberPicture::GetRuntimeClass|||synthetic|src/game/ui_widgets/TMapUberUberPicture.cpp|legacy-marker
00596900|TMapUberPicture::CreateObject|||synthetic|src/game/map/TMapUberPicture.cpp|legacy-marker
005969c0|TMapUberPicture::GetRuntimeClass|||synthetic|src/game/map/TMapUberPicture.cpp|legacy-marker
00596a30|TMapUberPicture::`scalar deleting destructor'|||synthetic|src/game/map/TMapUberPicture.cpp|legacy-marker
0059a290|TMiniMapView::CreateObject|||synthetic|src/game/map/TMiniMapView.cpp|legacy-marker
0059a360|TMiniMapView::GetRuntimeClass|||synthetic|src/game/map/TMiniMapView.cpp|legacy-marker
0059a3f0|TMiniMapView::`scalar deleting destructor'|||synthetic|src/game/map/TMiniMapView.cpp|legacy-marker
0059a4c0|TMiniMapView::SetScreenSize|||synthetic|include/game/map/TMiniMapView.h|legacy-marker
0059acc0|`dynamic initializer for 'g_gfxCoordinateScale_6A4630''|||synthetic|src/game/core/global_data_tables.cpp|legacy-marker
0059acf0|`dynamic initializer for 'g_scaledShortConst_6A46A0''|||synthetic|src/game/core/global_data_tables.cpp|legacy-marker
0059ad40|TTacticalPlayer::CreateObject|||synthetic|src/game/map/TTacticalPlayer.cpp|legacy-marker
0059ae30|TTacticalPlayer::`scalar deleting destructor'|||synthetic|src/game/map/TTacticalPlayer.cpp|legacy-marker
0059ae80|TTacticalPlayer::GetRuntimeClass|||synthetic|src/game/map/TTacticalPlayer.cpp|legacy-marker
0059b110|TArmyPlayer::CreateObject|||synthetic|src/game/tactical/TArmyPlayer.cpp|legacy-marker
0059b140|TArmyPlayer::`scalar deleting destructor'|||synthetic|src/game/tactical/TArmyPlayer.cpp|legacy-marker
0059b170|TArmyPlayer::~TArmyPlayer|||synthetic|src/game/tactical/TArmyPlayer.cpp|legacy-marker
0059b190|TArmyPlayer::GetRuntimeClass|||synthetic|src/game/tactical/TArmyPlayer.cpp|legacy-marker
0059b390|TArmyTacUnit::`scalar deleting destructor'|||synthetic|src/game/tactical/TArmyTacUnit.cpp|legacy-marker
0059b3c0|TArmyTacUnit::~TArmyTacUnit|||synthetic|src/game/tactical/TArmyTacUnit.cpp|legacy-marker
0059eb80|TNavyPlayer::CreateObject|||synthetic|src/game/tactical/TNavyPlayer.cpp|legacy-marker
0059ebb0|TNavyPlayer::`scalar deleting destructor'|||synthetic|src/game/tactical/TNavyPlayer.cpp|legacy-marker
0059ebe0|TNavyPlayer::~TNavyPlayer|||synthetic|src/game/tactical/TNavyPlayer.cpp|legacy-marker
0059ec00|TNavyPlayer::GetRuntimeClass|||synthetic|src/game/tactical/TNavyPlayer.cpp|legacy-marker
0059ed80|TNavyTacUnit::`scalar deleting destructor'|||synthetic|src/game/tactical/TNavyTacUnit.cpp|legacy-marker
0059edb0|TNavyTacUnit::~TNavyTacUnit|||synthetic|src/game/tactical/TNavyTacUnit.cpp|legacy-marker
0059eef0|TNavyHumanPlayer::CreateObject|||synthetic|src/game/tactical/TNavyHumanPlayer.cpp|legacy-marker
0059ef20|TNavyHumanPlayer::`scalar deleting destructor'|||synthetic|src/game/tactical/TNavyHumanPlayer.cpp|legacy-marker
0059ef50|TNavyHumanPlayer::~TNavyHumanPlayer|||synthetic|src/game/tactical/TNavyHumanPlayer.cpp|legacy-marker
0059ef70|TNavyHumanPlayer::GetRuntimeClass|||synthetic|src/game/tactical/TNavyHumanPlayer.cpp|legacy-marker
0059f040|TNavyAutoPlayer::CreateObject|||synthetic|src/game/tactical/TNavyAutoPlayer.cpp|legacy-marker
0059f070|TNavyAutoPlayer::`scalar deleting destructor'|||synthetic|src/game/tactical/TNavyAutoPlayer.cpp|legacy-marker
0059f0a0|TNavyAutoPlayer::~TNavyAutoPlayer|||synthetic|src/game/tactical/TNavyAutoPlayer.cpp|legacy-marker
0059f0c0|TNavyAutoPlayer::GetRuntimeClass|||synthetic|src/game/tactical/TNavyAutoPlayer.cpp|legacy-marker
0059f590|`dynamic initializer for 'g_gfxCoordinateScale_6A46D8''|||synthetic|src/game/core/global_data_tables.cpp|legacy-marker
0059f5c0|`dynamic initializer for 'g_scaledShortConst_6A4748''|||synthetic|src/game/core/global_data_tables.cpp|legacy-marker
0059f6d0|TTacticalBattle::CreateObject|||synthetic|src/game/tactical/TTacticalBattle.cpp|legacy-marker
0059f750|TTacticalBattle::GetRuntimeClass|||synthetic|src/game/tactical/TTacticalBattle.cpp|legacy-marker
0059f7a0|TTacticalBattle::`scalar deleting destructor'|||synthetic|src/game/tactical/TTacticalBattle.cpp|legacy-marker
005a4710|TArmyBattle::CreateObject|||synthetic|src/game/tactical/TArmyBattle.cpp|legacy-marker
005a4750|TArmyBattle::GetRuntimeClass|||synthetic|src/game/tactical/TArmyBattle.cpp|legacy-marker
005a5480|TNavyBattle::CreateObject|||synthetic|src/game/tactical/TNavyBattle.cpp|legacy-marker
005a54d0|TNavyBattle::`scalar deleting destructor'|||synthetic|src/game/tactical/TNavyBattle.cpp|legacy-marker
005a5520|TNavyBattle::GetRuntimeClass|||synthetic|src/game/tactical/TNavyBattle.cpp|legacy-marker
005a5d10|TTacticalUnit::CreateObject|||synthetic|src/game/tactical/TTacticalUnit.cpp|legacy-marker
005a5dc0|TTacticalUnit::`scalar deleting destructor'|||synthetic|src/game/tactical/TTacticalUnit.cpp|legacy-marker
005a5e10|TTacticalUnit::GetRuntimeClass|||synthetic|src/game/tactical/TTacticalUnit.cpp|legacy-marker
005a5ed0|TArmyTacUnit::CreateObject|||synthetic|src/game/tactical/TArmyTacUnit.cpp|legacy-marker
005a5f00|TArmyTacUnit::GetRuntimeClass|||synthetic|src/game/tactical/TArmyTacUnit.cpp|legacy-marker
005a6240|TNavyTacUnit::CreateObject|||synthetic|src/game/tactical/TNavyTacUnit.cpp|legacy-marker
005a6270|TNavyTacUnit::GetRuntimeClass|||synthetic|src/game/tactical/TNavyTacUnit.cpp|legacy-marker
005a64d0|TNextMoveCommand::CreateObject|||synthetic|src/game/tactical/TNextMoveCommand.cpp|legacy-marker
005a6540|TNextMoveCommand::GetRuntimeClass|||synthetic|src/game/tactical/TNextMoveCommand.cpp|legacy-marker
005a6560|TNextMoveCommand::TNextMoveCommand|||synthetic|include/game/tactical/TNextMoveCommand.h|legacy-marker
005a6590|TNextMoveCommand::`scalar deleting destructor'|||synthetic|src/game/tactical/TNextMoveCommand.cpp|legacy-marker
005a67b0|`dynamic initializer for 'g_gfxCoordinateScale_6A5438''|||synthetic|src/game/core/global_data_tables.cpp|legacy-marker
005a67e0|`dynamic initializer for 'g_scaledShortConst_6A54A8''|||synthetic|src/game/core/global_data_tables.cpp|legacy-marker
005a6830|InitializeTacticalTileSize||void __cdecl InitializeTacticalTileSize(void)|synthetic|src/game/core/global_data_tables.cpp|legacy-marker
005a6860|InitializeTacticalBattlefieldSurfaceSize||void __cdecl InitializeTacticalBattlefieldSurfaceSize(void)|synthetic|src/game/core/global_data_tables.cpp|legacy-marker
005a6890|InitializeTacticalUnitSpriteCellSize||void __cdecl InitializeTacticalUnitSpriteCellSize(void)|synthetic|src/game/core/global_data_tables.cpp|legacy-marker
005a82b0|TTacticalBattleView::CreateObject|||synthetic|src/game/tactical/TTacticalBattleView.cpp|legacy-marker
005a8330|TTacticalBattleView::GetRuntimeClass|||synthetic|src/game/tactical/TTacticalBattleView.cpp|legacy-marker
005a83e0|TTacticalBattleView::`scalar deleting destructor'|||synthetic|src/game/tactical/TTacticalBattleView.cpp|legacy-marker
005a9cf0|TTacArmyView::CreateObject|||synthetic|src/game/tactical_ui/TTacArmyView.cpp|legacy-marker
005a9d70|TTacArmyView::GetRuntimeClass|||synthetic|src/game/tactical_ui/TTacArmyView.cpp|legacy-marker
005ac780|TTacticalToolbar::CreateObject|||synthetic|src/game/tactical_ui/TTacticalToolbar.cpp|legacy-marker
005ac820|TTacticalToolbar::GetRuntimeClass|||synthetic|src/game/tactical_ui/TTacticalToolbar.cpp|legacy-marker
005ad030|TTacNavyToolbar::CreateObject|||synthetic|src/game/tactical_ui/TTacNavyToolbar.cpp|legacy-marker
005ad110|TTacNavyToolbar::`scalar deleting destructor'|||synthetic|src/game/tactical_ui/TTacNavyToolbar.cpp|legacy-marker
005ad160|TTacNavyToolbar::GetRuntimeClass|||synthetic|src/game/tactical_ui/TTacNavyToolbar.cpp|legacy-marker
005ad2e0|TTacMapUberPicture::CreateObject|||synthetic|src/game/tactical_ui/TTacMapUberPicture.cpp|legacy-marker
005ad380|TTacMapUberPicture::GetRuntimeClass|||synthetic|src/game/tactical_ui/TTacMapUberPicture.cpp|legacy-marker
005ad430|TTacticalAdiosPicture::CreateObject|||synthetic|src/game/tactical_ui/TTacticalAdiosPicture.cpp|legacy-marker
005ad4b0|TTacticalAdiosPicture::GetRuntimeClass|||synthetic|src/game/tactical_ui/TTacticalAdiosPicture.cpp|legacy-marker
005ad6c0|TTacticalHolaPicture::CreateObject|||synthetic|src/game/tactical_ui/TTacticalHolaPicture.cpp|legacy-marker
005ad740|TTacticalHolaPicture::GetRuntimeClass|||synthetic|src/game/tactical_ui/TTacticalHolaPicture.cpp|legacy-marker
005adae0|`dynamic initializer for 'g_gfxCoordinateScale_6A5760''|||synthetic|src/game/core/global_data_tables.cpp|legacy-marker
005adb10|`dynamic initializer for 'g_scaledShortConst_6A57A8''|||synthetic|src/game/core/global_data_tables.cpp|legacy-marker
005adb40|TTask::CreateObject|||synthetic|src/game/tactical_ui/TTask.cpp|legacy-marker
005adb70|TTask::GetRuntimeClass|||synthetic|src/game/tactical_ui/TTask.cpp|legacy-marker
005adbb0|TTask::`scalar deleting destructor'|||synthetic|src/game/tactical_ui/TTask.cpp|legacy-marker
005adcd0|TCityTask::CreateObject|||synthetic|src/game/tactical_ui/TCityTask.cpp|legacy-marker
005add00|TCityTask::GetRuntimeClass|||synthetic|src/game/tactical_ui/TCityTask.cpp|legacy-marker
005add40|TCityTask::`scalar deleting destructor'|||synthetic|src/game/tactical_ui/TCityTask.cpp|legacy-marker
005ae650|TShipBuildingTask::CreateObject|||synthetic|src/game/tactical_ui/TShipBuildingTask.cpp|legacy-marker
005ae680|TShipBuildingTask::GetRuntimeClass|||synthetic|src/game/tactical_ui/TShipBuildingTask.cpp|legacy-marker
005ae6c0|TShipBuildingTask::`scalar deleting destructor'|||synthetic|src/game/tactical_ui/TShipBuildingTask.cpp|legacy-marker
005aeaf0|TTaskList::CreateObject|||synthetic|src/game/tactical_ui/TTaskList.cpp|legacy-marker
005aeb70|TTaskList::GetRuntimeClass|||synthetic|src/game/tactical_ui/TTaskList.cpp|legacy-marker
005aec00|TTaskList::`scalar deleting destructor'|||synthetic|src/game/tactical_ui/TTaskList.cpp|legacy-marker
005aeed0|`dynamic initializer for 'g_gfxCoordinateScale_6A57B8''|||synthetic|src/game/core/global_data_tables.cpp|legacy-marker
005aef00|`dynamic initializer for 'g_scaledShortConst_6A5800''|||synthetic|src/game/core/global_data_tables.cpp|legacy-marker
005aef30|TTechMgr::CreateObject|||synthetic|src/game/tactical_ui/TTechMgr.cpp|legacy-marker
005aef60|TTechMgr::GetRuntimeClass|||synthetic|src/game/tactical_ui/TTechMgr.cpp|legacy-marker
005aefa0|TTechMgr::`scalar deleting destructor'|||synthetic|src/game/tactical_ui/TTechMgr.cpp|legacy-marker
005b0e10|`dynamic initializer for 'g_gfxCoordinateScale_6A5810''|||synthetic|src/game/core/global_data_tables.cpp|legacy-marker
005b0e40|`dynamic initializer for 'g_scaledShortConst_6A5858''|||synthetic|src/game/core/global_data_tables.cpp|legacy-marker
005b0e70|TTechStorePage::CreateObject|||synthetic|src/game/app/TTechStorePage.cpp|legacy-marker
005b0ef0|TTechStorePage::GetRuntimeClass|||synthetic|src/game/app/TTechStorePage.cpp|legacy-marker
005b1040|TTechItemLine::`scalar deleting destructor'|||synthetic|src/game/tactical_ui/TTechItemLine.cpp|legacy-marker
005b1090|TTechItemLine::CreateObject|||synthetic|src/game/tactical_ui/TTechItemLine.cpp|legacy-marker
005b1100|TTechItemLine::GetRuntimeClass|||synthetic|src/game/tactical_ui/TTechItemLine.cpp|legacy-marker
005b1200|TTechItemView::`scalar deleting destructor'|||synthetic|src/game/tactical_ui/TTechItemView.cpp|legacy-marker
005b1250|TTechItemView::CreateObject|||synthetic|src/game/tactical_ui/TTechItemView.cpp|legacy-marker
005b12c0|TTechItemView::GetRuntimeClass|||synthetic|src/game/tactical_ui/TTechItemView.cpp|legacy-marker
005b2230|TTechHistoryView::CreateObject|||synthetic|src/game/tactical_ui/TTechHistoryView.cpp|legacy-marker
005b22a0|TTechHistoryView::GetRuntimeClass|||synthetic|src/game/tactical_ui/TTechHistoryView.cpp|legacy-marker
005b26e0|`dynamic initializer for 'g_gfxCoordinateScale_6A5868''|||synthetic|src/game/core/global_data_tables.cpp|legacy-marker
005b2710|`dynamic initializer for 'g_scaledShortConst_6A58B0''|||synthetic|src/game/core/global_data_tables.cpp|legacy-marker
005b2740|TGameSetupDialog::CreateObject|||synthetic|src/game/tactical_ui/TGameSetupDialog.cpp|legacy-marker
005b27d0|TGameSetupDialog::`scalar deleting destructor'|||synthetic|src/game/tactical_ui/TGameSetupDialog.cpp|legacy-marker
005b2820|TGameSetupDialog::GetRuntimeClass|||synthetic|src/game/tactical_ui/TGameSetupDialog.cpp|legacy-marker
005b2880|TMapEditCluster::CreateObject|||synthetic|src/game/tactical_ui/TMapEditCluster.cpp|legacy-marker
005b2900|TMapEditCluster::`scalar deleting destructor'|||synthetic|src/game/tactical_ui/TMapEditCluster.cpp|legacy-marker
005b2950|TMapEditCluster::GetRuntimeClass|||synthetic|src/game/tactical_ui/TMapEditCluster.cpp|legacy-marker
005b29a0|TMinorTradeBidsDialog::CreateObject|||synthetic|src/game/ui_widgets/TMinorTradeBidsDialog.cpp|legacy-marker
005b2a30|TMinorTradeBidsDialog::`scalar deleting destructor'|||synthetic|src/game/ui_widgets/TMinorTradeBidsDialog.cpp|legacy-marker
005b2a80|TMinorTradeBidsDialog::GetRuntimeClass|||synthetic|src/game/ui_widgets/TMinorTradeBidsDialog.cpp|legacy-marker
005b2ca0|TRelationshipDialog::CreateObject|||synthetic|src/game/ui_widgets/TRelationshipDialog.cpp|legacy-marker
005b2d30|TRelationshipDialog::`scalar deleting destructor'|||synthetic|src/game/ui_widgets/TRelationshipDialog.cpp|legacy-marker
005b2d80|TRelationshipDialog::GetRuntimeClass|||synthetic|src/game/ui_widgets/TRelationshipDialog.cpp|legacy-marker
005b3300|TMinorRelationshipDialog::CreateObject|||synthetic|src/game/ui_widgets/TMinorRelationshipDialog.cpp|legacy-marker
005b3390|TMinorRelationshipDialog::`scalar deleting destructor'|||synthetic|src/game/ui_widgets/TMinorRelationshipDialog.cpp|legacy-marker
005b33e0|TMinorRelationshipDialog::GetRuntimeClass|||synthetic|src/game/ui_widgets/TMinorRelationshipDialog.cpp|legacy-marker
005b3ae0|TGPTreatyDialog::CreateObject|||synthetic|src/game/ui_widgets/TGPTreatyDialog.cpp|legacy-marker
005b3b70|TGPTreatyDialog::`scalar deleting destructor'|||synthetic|src/game/ui_widgets/TGPTreatyDialog.cpp|legacy-marker
005b3bc0|TGPTreatyDialog::GetRuntimeClass|||synthetic|src/game/ui_widgets/TGPTreatyDialog.cpp|legacy-marker
005b3f90|TMinorTreatyDialog::CreateObject|||synthetic|src/game/ui_widgets/TMinorTreatyDialog.cpp|legacy-marker
005b4020|TMinorTreatyDialog::`scalar deleting destructor'|||synthetic|src/game/ui_widgets/TMinorTreatyDialog.cpp|legacy-marker
005b4070|TMinorTreatyDialog::GetRuntimeClass|||synthetic|src/game/ui_widgets/TMinorTreatyDialog.cpp|legacy-marker
005b45c0|TAutomatedPlayDialog::CreateObject|||synthetic|src/game/ui_widgets/TAutomatedPlayDialog.cpp|legacy-marker
005b4650|TAutomatedPlayDialog::`scalar deleting destructor'|||synthetic|src/game/ui_widgets/TAutomatedPlayDialog.cpp|legacy-marker
005b46a0|TAutomatedPlayDialog::GetRuntimeClass|||synthetic|src/game/ui_widgets/TAutomatedPlayDialog.cpp|legacy-marker
005b4760|TSpecialQuitPicture::CreateObject|||synthetic|src/game/ui_widgets/TSpecialQuitPicture.cpp|legacy-marker
005b47f0|TSpecialQuitPicture::GetRuntimeClass|||synthetic|src/game/ui_widgets/TSpecialQuitPicture.cpp|legacy-marker
005b4eb0|`dynamic initializer for 'g_gfxCoordinateScale_6A58C0''|||synthetic|src/game/core/global_data_tables.cpp|legacy-marker
005b4ee0|`dynamic initializer for 'g_scaledShortConst_6A5908''|||synthetic|src/game/core/global_data_tables.cpp|legacy-marker
005b4f10|TMyNumberText::CreateObject|||synthetic|src/game/ui_widgets/TMyNumberText.cpp|legacy-marker
005b4fb0|TMyNumberText::GetRuntimeClass|||synthetic|src/game/ui_widgets/TMyNumberText.cpp|legacy-marker
005b5000|TMyNumberText::`scalar deleting destructor'|||synthetic|src/game/ui_widgets/TMyNumberText.cpp|legacy-marker
005b5120|TPictureNumberText::CreateObject|||synthetic|src/game/ui_widgets/TPictureNumberText.cpp|legacy-marker
005b51c0|TPictureNumberText::GetRuntimeClass|||synthetic|src/game/ui_widgets/TPictureNumberText.cpp|legacy-marker
005b5210|TPictureNumberText::`scalar deleting destructor'|||synthetic|src/game/ui_widgets/TPictureNumberText.cpp|legacy-marker
005b5260|TPictureText::CreateObject|||synthetic|src/game/ui_widgets/TPictureText.cpp|legacy-marker
005b52e0|TPictureText::GetRuntimeClass|||synthetic|src/game/ui_widgets/TPictureText.cpp|legacy-marker
005b5330|TPictureText::`scalar deleting destructor'|||synthetic|src/game/ui_widgets/TPictureText.cpp|legacy-marker
005b5380|TMyStaticText::CreateObject|||synthetic|src/game/ui_widgets/TMyStaticText.cpp|legacy-marker
005b5400|TMyStaticText::GetRuntimeClass|||synthetic|src/game/ui_widgets/TMyStaticText.cpp|legacy-marker
005b5450|TMyStaticText::`scalar deleting destructor'|||synthetic|src/game/ui_widgets/TMyStaticText.cpp|legacy-marker
005b54a0|TDropShadowText::CreateObject|||synthetic|src/game/ui_widgets/TDropShadowText.cpp|legacy-marker
005b5570|TDropShadowText::GetRuntimeClass|||synthetic|src/game/ui_widgets/TDropShadowText.cpp|legacy-marker
005b5600|TDropShadowText::`scalar deleting destructor'|||synthetic|src/game/ui_widgets/TDropShadowText.cpp|legacy-marker
005b5820|TDropShadowNumberText::CreateObject|||synthetic|src/game/ui_widgets/TDropShadowNumberText.cpp|legacy-marker
005b58f0|TDropShadowNumberText::GetRuntimeClass|||synthetic|src/game/ui_widgets/TDropShadowNumberText.cpp|legacy-marker
005b5960|TDropShadowNumberText::`scalar deleting destructor'|||synthetic|src/game/ui_widgets/TDropShadowNumberText.cpp|legacy-marker
005b5ac0|TInfoBarPictureText::CreateObject|||synthetic|src/game/ui_widgets/TInfoBarPictureText.cpp|legacy-marker
005b5bb0|TInfoBarPictureText::GetRuntimeClass|||synthetic|src/game/ui_widgets/TInfoBarPictureText.cpp|legacy-marker
005b5bd0|TInfoBarPictureText::TInfoBarPictureText|||synthetic|include/game/ui_widgets/TInfoBarPictureText.h|legacy-marker
005b5c60|TInfoBarPictureText::`scalar deleting destructor'|||synthetic|src/game/ui_widgets/TInfoBarPictureText.cpp|legacy-marker
005b5ee0|TDeluxeText::CreateObject|||synthetic|src/game/ui_widgets/TDeluxeText.cpp|legacy-marker
005b5fd0|TDeluxeText::GetRuntimeClass|||synthetic|src/game/ui_widgets/TDeluxeText.cpp|legacy-marker
005b65a0|TInfoBarText::CreateObject|||synthetic|src/game/ui_widgets/TInfoBarText.cpp|legacy-marker
005b6690|TInfoBarText::GetRuntimeClass|||synthetic|src/game/ui_widgets/TInfoBarText.cpp|legacy-marker
005b6960|TNoHiliteText::CreateObject|||synthetic|src/game/ui_widgets/TNoHiliteText.cpp|legacy-marker
005b69e0|TNoHiliteText::GetRuntimeClass|||synthetic|src/game/ui_widgets/TNoHiliteText.cpp|legacy-marker
005b6a30|TNoHiliteText::`scalar deleting destructor'|||synthetic|src/game/ui_widgets/TNoHiliteText.cpp|legacy-marker
005b6bb0|`dynamic initializer for 'g_gfxCoordinateScale_6A5920''|||synthetic|src/game/core/global_data_tables.cpp|legacy-marker
005b6be0|`dynamic initializer for 'g_scaledShortConst_6A5968''|||synthetic|src/game/core/global_data_tables.cpp|legacy-marker
005b6c10|TTown::CreateObject|||synthetic|src/game/city/TTown.cpp|legacy-marker
005b6c40|TTown::GetRuntimeClass|||synthetic|src/game/city/TTown.cpp|legacy-marker
005b6c80|TTown::`scalar deleting destructor'|||synthetic|src/game/city/TTown.cpp|legacy-marker
005b7970|`dynamic initializer for 'g_gfxCoordinateScale_6A5978''|||synthetic|src/game/core/global_data_tables.cpp|legacy-marker
005b79a0|`dynamic initializer for 'g_scaledShortConst_6A59C0''|||synthetic|src/game/core/global_data_tables.cpp|legacy-marker
005b79d0|TTradeMgr::CreateObject|||synthetic|src/game/ui_widgets/TTradeMgr.cpp|legacy-marker
005b7a00|TTradeMgr::GetRuntimeClass|||synthetic|src/game/ui_widgets/TTradeMgr.cpp|legacy-marker
005b7a40|TTradeMgr::`scalar deleting destructor'|||synthetic|src/game/ui_widgets/TTradeMgr.cpp|legacy-marker
005ba130|TDealList::CreateObject|||synthetic|src/game/ui_widgets/TDealList.cpp|legacy-marker
005ba1a0|TDealList::GetRuntimeClass|||synthetic|src/game/ui_widgets/TDealList.cpp|legacy-marker
005ba1f0|TDealList::`scalar deleting destructor'|||synthetic|src/game/ui_widgets/TDealList.cpp|legacy-marker
005ba370|TNextTradeCommand::CreateObject|||synthetic|src/game/ui_widgets/TNextTradeCommand.cpp|legacy-marker
005ba3e0|TNextTradeCommand::GetRuntimeClass|||synthetic|src/game/ui_widgets/TNextTradeCommand.cpp|legacy-marker
005ba430|TNextTradeCommand::`scalar deleting destructor'|||synthetic|src/game/ui_widgets/TNextTradeCommand.cpp|legacy-marker
005ba5d0|`dynamic initializer for 'g_gfxCoordinateScale_6A59D0''|||synthetic|src/game/core/global_data_tables.cpp|legacy-marker
005ba600|`dynamic initializer for 'g_scaledShortConst_6A5A20''|||synthetic|src/game/core/global_data_tables.cpp|legacy-marker
005ba680|TTradeScreenPicture::CreateObject|||synthetic|src/game/ui_widgets/TTradeScreenPicture.cpp|legacy-marker
005ba700|TTradeScreenPicture::GetRuntimeClass|||synthetic|src/game/ui_widgets/TTradeScreenPicture.cpp|legacy-marker
005ba750|TTradeScreenPicture::`scalar deleting destructor'|||synthetic|src/game/ui_widgets/TTradeScreenPicture.cpp|legacy-marker
005bab00|TDealBookPicture::CreateObject|||synthetic|src/game/trade_ui/TDealBookPicture.cpp|legacy-marker
005baba0|TDealBookPicture::GetRuntimeClass|||synthetic|src/game/trade_ui/TDealBookPicture.cpp|legacy-marker
005bac00|TDealBookPicture::`scalar deleting destructor'|||synthetic|src/game/trade_ui/TDealBookPicture.cpp|legacy-marker
005bc690|TDealTabControl::CreateObject|||synthetic|src/game/trade_ui/TDealTabControl.cpp|legacy-marker
005bc760|TDealTabControl::GetRuntimeClass|||synthetic|src/game/trade_ui/TDealTabControl.cpp|legacy-marker
005bcb90|TTradePageSellView::CreateObject|||synthetic|src/game/trade_ui/TTradePageSellView.cpp|legacy-marker
005bcc10|TTradePageSellView::GetRuntimeClass|||synthetic|src/game/trade_ui/TTradePageSellView.cpp|legacy-marker
005bcf70|TTradeOfferNationLine::`scalar deleting destructor'|||synthetic|src/game/trade_ui/TTradeOfferNationLine.cpp|legacy-marker
005bcfc0|TTradeOfferNationLine::CreateObject|||synthetic|src/game/trade_ui/TTradeOfferNationLine.cpp|legacy-marker
005bd030|TTradeOfferNationLine::GetRuntimeClass|||synthetic|src/game/trade_ui/TTradeOfferNationLine.cpp|legacy-marker
005bd1a0|TTradeOfferNationView::`scalar deleting destructor'|||synthetic|src/game/trade_ui/TTradeOfferNationView.cpp|legacy-marker
005bd1f0|TTradeOfferNationView::CreateObject|||synthetic|src/game/trade_ui/TTradeOfferNationView.cpp|legacy-marker
005bd260|TTradeOfferNationView::GetRuntimeClass|||synthetic|src/game/trade_ui/TTradeOfferNationView.cpp|legacy-marker
005bd5f0|TTradePageBuyView::CreateObject|||synthetic|src/game/trade_ui/TTradePageBuyView.cpp|legacy-marker
005bd670|TTradePageBuyView::GetRuntimeClass|||synthetic|src/game/trade_ui/TTradePageBuyView.cpp|legacy-marker
005bd900|TTradeBidNationLine::`scalar deleting destructor'|||synthetic|src/game/trade_ui/TTradeBidNationLine.cpp|legacy-marker
005bd950|TTradeBidNationLine::CreateObject|||synthetic|src/game/trade_ui/TTradeBidNationLine.cpp|legacy-marker
005bd9c0|TTradeBidNationLine::GetRuntimeClass|||synthetic|src/game/trade_ui/TTradeBidNationLine.cpp|legacy-marker
005bdaf0|TTradeBidNationView::`scalar deleting destructor'|||synthetic|src/game/trade_ui/TTradeBidNationView.cpp|legacy-marker
005bdb40|TTradeBidNationView::CreateObject|||synthetic|src/game/trade_ui/TTradeBidNationView.cpp|legacy-marker
005bdbb0|TTradeBidNationView::GetRuntimeClass|||synthetic|src/game/trade_ui/TTradeBidNationView.cpp|legacy-marker
005bde30|TTradeBookView::CreateObject|||synthetic|src/game/trade_ui/TTradeBookView.cpp|legacy-marker
005bded0|TTradeBookView::GetRuntimeClass|||synthetic|src/game/trade_ui/TTradeBookView.cpp|legacy-marker
005be4b0|TOfferDeskPicture::CreateObject|||synthetic|src/game/trade_ui/TOfferDeskPicture.cpp|legacy-marker
005be550|TOfferDeskPicture::GetRuntimeClass|||synthetic|src/game/trade_ui/TOfferDeskPicture.cpp|legacy-marker
005be5b0|TOfferDeskPicture::`scalar deleting destructor'|||synthetic|src/game/trade_ui/TOfferDeskPicture.cpp|legacy-marker
005c0cf0|TDealLine::CreateObject|||synthetic|src/game/trade_ui/TDealLine.cpp|legacy-marker
005c0d60|TDealLine::GetRuntimeClass|||synthetic|src/game/trade_ui/TDealLine.cpp|legacy-marker
005c0db0|TDealLine::`scalar deleting destructor'|||synthetic|src/game/trade_ui/TDealLine.cpp|legacy-marker
005c1430|TCommodityLine::CreateObject|||synthetic|src/game/trade_ui/TCommodityLine.cpp|legacy-marker
005c14a0|TCommodityLine::GetRuntimeClass|||synthetic|src/game/trade_ui/TCommodityLine.cpp|legacy-marker
005c14f0|TCommodityLine::`scalar deleting destructor'|||synthetic|src/game/trade_ui/TCommodityLine.cpp|legacy-marker
005c1870|TTradeTotalsLine::CreateObject|||synthetic|src/game/trade_ui/TTradeTotalsLine.cpp|legacy-marker
005c18e0|TTradeTotalsLine::GetRuntimeClass|||synthetic|src/game/trade_ui/TTradeTotalsLine.cpp|legacy-marker
005c1930|TTradeTotalsLine::`scalar deleting destructor'|||synthetic|src/game/trade_ui/TTradeTotalsLine.cpp|legacy-marker
005c1a80|TTradeTotalsView::CreateObject|||synthetic|src/game/trade_ui/TTradeTotalsView.cpp|legacy-marker
005c1af0|TTradeTotalsView::GetRuntimeClass|||synthetic|src/game/trade_ui/TTradeTotalsView.cpp|legacy-marker
005c1b40|TTradeTotalsView::`scalar deleting destructor'|||synthetic|src/game/trade_ui/TTradeTotalsView.cpp|legacy-marker
005c23d0|`dynamic initializer for 'g_gfxCoordinateScale_6A5A48''|||synthetic|src/game/core/global_data_tables.cpp|legacy-marker
005c2400|`dynamic initializer for 'g_scaledShortConst_6A5A90''|||synthetic|src/game/core/global_data_tables.cpp|legacy-marker
005c2430|TUnit::CreateObject|||synthetic|src/game/military/TUnit.cpp|legacy-marker
005c2490|TUnit::GetRuntimeClass|||synthetic|src/game/military/TUnit.cpp|legacy-marker
005c24b0|TUnit::TUnit|||synthetic|include/game/military/TUnit.h|legacy-marker
005c24e0|TUnit::`scalar deleting destructor'|||synthetic|src/game/military/TUnit.cpp|legacy-marker
005c2860|TCivUnit::CreateObject|||synthetic|src/game/military/TCivUnit.cpp|legacy-marker
005c28a0|TCivUnit::GetRuntimeClass|||synthetic|src/game/military/TCivUnit.cpp|legacy-marker
005c28f0|TCivUnit::`scalar deleting destructor'|||synthetic|src/game/military/TCivUnit.cpp|legacy-marker
005c2cb0|TMilitaryUnit::CreateObject|||synthetic|src/game/military/TMilitaryUnit.cpp|legacy-marker
005c2dd0|TMilitaryUnit::GetRuntimeClass|||synthetic|src/game/military/TMilitaryUnit.cpp|legacy-marker
005c2ed0|TMilitaryUnit::`scalar deleting destructor'|||synthetic|src/game/military/TMilitaryUnit.cpp|legacy-marker
005c3aa0|`dynamic initializer for 'g_gfxCoordinateScale_6A5AA0''|||synthetic|src/game/core/global_data_tables.cpp|legacy-marker
005c3ad0|`dynamic initializer for 'g_scaledShortConst_6A5AE8''|||synthetic|src/game/core/global_data_tables.cpp|legacy-marker
005c3b00|`dynamic initializer for 'g_zoneStatusCodePrngSeed_006a5aec''|||synthetic|src/game/core/global_data_tables.cpp|legacy-marker
005d4ed0|`dynamic initializer for 'g_gfxCoordinateScale_6A5B48''|||synthetic|src/game/core/global_data_tables.cpp|legacy-marker
005d4f00|`dynamic initializer for 'g_scaledShortConst_6A5BA8''|||synthetic|src/game/core/global_data_tables.cpp|legacy-marker
005d4fd0|TViewMgr::CreateObject|||synthetic|src/game/ui_core/TViewMgr.cpp|legacy-marker
005d5040|TViewMgr::GetRuntimeClass|||synthetic|src/game/ui_core/TViewMgr.cpp|legacy-marker
005d50b0|TViewMgr::`scalar deleting destructor'|||synthetic|src/game/ui_core/TViewMgr.cpp|legacy-marker
005d50e0|TViewMgr::~TViewMgr|||synthetic|src/game/ui_core/TViewMgr.cpp|legacy-marker
005d8310|turn_event_ui_refresh::BindCursorPanelAndStampDiplomacyMapTerrain|||synthetic|src/game/ui_core/TViewMgr.cpp|legacy-marker
005dcc30|`dynamic initializer for 'g_gfxCoordinateScale_6A5BD0''|||synthetic|src/game/core/global_data_tables.cpp|legacy-marker
005dcc60|`dynamic initializer for 'g_scaledShortConst_6A5C18''|||synthetic|src/game/core/global_data_tables.cpp|legacy-marker
005dcc90|TModalMessageCommand::CreateObject|||synthetic|src/game/ui_core/TModalMessageCommand.cpp|legacy-marker
005dcd50|TModalMessageCommand::`scalar deleting destructor'|||synthetic|src/game/ui_core/TModalMessageCommand.cpp|legacy-marker
005dcd80|TModalMessageCommand::~TModalMessageCommand|||synthetic|src/game/ui_core/TModalMessageCommand.cpp|legacy-marker
005dcdd0|TModalMessageCommand::GetRuntimeClass|||synthetic|src/game/ui_core/TModalMessageCommand.cpp|legacy-marker
005dedf0|`dynamic initializer for 'g_gfxCoordinateScale_6A5C28''|||synthetic|src/game/core/global_data_tables.cpp|legacy-marker
005dee20|`dynamic initializer for 'g_scaledShortConst_6A5C70''|||synthetic|src/game/core/global_data_tables.cpp|legacy-marker
005deea0|TE0TemplateDialog::GetMessageMap|||synthetic|src/game/gfx/TTemplateDialogs.cpp|legacy-marker
005df170|`dynamic initializer for 'g_gfxCoordinateScale_6A5C80''|||synthetic|src/game/core/global_data_tables.cpp|legacy-marker
005df1a0|`dynamic initializer for 'g_scaledShortConst_6A5CF0''|||synthetic|src/game/core/global_data_tables.cpp|legacy-marker
005df1d0|TAssetMgr::CreateObject|||synthetic|src/game/assets/TAssetMgr.cpp|legacy-marker
005df260|TAssetMgr::GetRuntimeClass|||synthetic|src/game/assets/TAssetMgr.cpp|legacy-marker
005df300|TAssetMgr::`scalar deleting destructor'|||synthetic|src/game/assets/TAssetMgr.cpp|legacy-marker
005e1b60|`dynamic initializer for 'g_gfxCoordinateScale_6A5DE0''|||synthetic|src/game/core/global_data_tables.cpp|legacy-marker
005e1b90|`dynamic initializer for 'g_scaledShortConst_6A5E28''|||synthetic|src/game/core/global_data_tables.cpp|legacy-marker
005e1c60|TLowDiskWarningDialog::`scalar deleting destructor'|||synthetic|src/game/assets/TLowDiskWarningDialog.cpp|legacy-marker
005e1cc0|TLowDiskWarningDialog::GetMessageMap|||synthetic|src/game/assets/TLowDiskWarningDialog.cpp|legacy-marker
005e2100|TMovieView::CreateObject|||synthetic|src/game/assets/TMovieView.cpp|legacy-marker
005e2210|TMovieView::GetRuntimeClass|||synthetic|src/game/assets/TMovieView.cpp|legacy-marker
005e22f0|TMovieView::`scalar deleting destructor'|||synthetic|src/game/assets/TMovieView.cpp|legacy-marker
005e2670|`dynamic initializer for 'g_gfxCoordinateScale_6A5EC8''|||synthetic|src/game/core/global_data_tables.cpp|legacy-marker
005e26a0|`dynamic initializer for 'g_scaledShortConst_6A5F3C''|||synthetic|src/game/core/global_data_tables.cpp|legacy-marker
005e26d0|InitializeRuntimeClassState_0066FA50_AndRegisterAtExit|||synthetic|src/game/core/global_data_tables.cpp|legacy-marker
005e2700|DestroyRuntimeClassState_0066FA50_AtExit|||synthetic|src/game/core/global_data_tables.cpp|legacy-marker
005e2720|InitializeWNetSerializedPtrArrayBAndRegisterAtExit|||synthetic|src/game/core/global_data_tables.cpp|legacy-marker
005e2770|InitializeWNetSerializedPtrArrayAAndRegisterAtExit|||synthetic|src/game/core/global_data_tables.cpp|legacy-marker
005e29d0|InitializeNetManagerInstanceAndRegisterAtExit|||synthetic|src/game/core/global_data_tables.cpp|legacy-marker
005e2a00|DestroyGlobalState_006A5F60_AtExit|||synthetic|src/game/core/global_data_tables.cpp|legacy-marker
005e3390|TNetMgr::CreateObject|||synthetic|src/game/net/TNetMgr.cpp|legacy-marker
005e33c0|TNetMgr::GetRuntimeClass|||synthetic|src/game/net/TNetMgr.cpp|legacy-marker
005e3400|TNetMgr::`scalar deleting destructor'|||synthetic|src/game/net/TNetMgr.cpp|legacy-marker
005e4540|CList::CList|||template|src/game/core/global_data_tables.cpp|legacy-marker
005e4580|CList::~CList|||template|src/game/core/global_data_tables.cpp|legacy-marker
005e4610|CList::Serialize|||template|src/game/core/global_data_tables.cpp|legacy-marker
005e4780|CArray::CArray|||template|src/game/core/global_data_tables.cpp|legacy-marker
005e47b0|CArray::~CArray|||template|src/game/core/global_data_tables.cpp|legacy-marker
005e4830|CArray::Serialize|||template|src/game/core/global_data_tables.cpp|legacy-marker
005e4a30|CList scalar deleting destructor|||synthetic|src/game/core/global_data_tables.cpp|legacy-marker
005e4a60|CArray scalar deleting destructor|||synthetic|src/game/core/global_data_tables.cpp|legacy-marker
005e4d20|`dynamic initializer for 'g_gfxCoordinateScale_6A6070''|||synthetic|src/game/core/global_data_tables.cpp|legacy-marker
005e4d50|`dynamic initializer for 'g_scaledShortConst_6A60B8''|||synthetic|src/game/core/global_data_tables.cpp|legacy-marker
005e4d80|`dynamic initializer for 'g_soundResourceManager''|||synthetic|src/game/gfx/TSoundResourceManager.cpp|legacy-marker
005e4dc0|TSoundResourceManager::`dynamic atexit destructor'|||synthetic|src/game/gfx/TSoundResourceManager.cpp|legacy-marker
005e4de0|`dynamic initializer for 'g_cdAudioDevice''|||synthetic|src/game/assets/TCdAudioDevice.cpp|legacy-marker
005e6ea2||||synthetic|src/game/core/library_identities.cpp|legacy-marker
005e8cc8|SehCleanup_CallCallbackRepeatedly|||synthetic|src/game/core/library_identities.cpp|legacy-marker
005eda4e|TerminateAfterInconsistencyEhCleanup||void __cdecl TerminateAfterInconsistencyEhCleanup(void)|synthetic|src/game/core/library_identities.cpp|legacy-marker
005fa81f|ConstructMfcTermAppStateGlobal||void __cdecl ConstructMfcTermAppStateGlobal(void)|synthetic|src/game/core/library_identities.cpp|legacy-marker
005fa829|RegisterMfcGlobalCleanup_005fa835||void __cdecl RegisterMfcGlobalCleanup_005fa835(void)|synthetic|src/game/core/library_identities.cpp|legacy-marker
005fa835|DestroyMfcTermAppStateGlobalAtExit||void __cdecl DestroyMfcTermAppStateGlobalAtExit(void)|synthetic|src/game/core/library_identities.cpp|legacy-marker
00601f40||||synthetic|src/game/core/library_identities.cpp|legacy-marker
006076e5|RegisterMfcGlobalCleanup_006076f1||void __cdecl RegisterMfcGlobalCleanup_006076f1(void)|synthetic|src/game/core/library_identities.cpp|legacy-marker
00607723|RegisterMfcGlobalCleanup_0060772f||void __cdecl RegisterMfcGlobalCleanup_0060772f(void)|synthetic|src/game/core/library_identities.cpp|legacy-marker
00607761|RegisterMfcGlobalCleanup_0060776d||void __cdecl RegisterMfcGlobalCleanup_0060776d(void)|synthetic|src/game/core/library_identities.cpp|legacy-marker
0060779f|RegisterMfcGlobalCleanup_006077ab||void __cdecl RegisterMfcGlobalCleanup_006077ab(void)|synthetic|src/game/core/library_identities.cpp|legacy-marker
006109cf||||synthetic|src/game/core/library_identities.cpp|legacy-marker
0061ec02|InitializeMfcDcHandleMapPointerState||void __cdecl InitializeMfcDcHandleMapPointerState(void)|synthetic|src/game/core/library_identities.cpp|legacy-marker
0061ec03|RegisterMfcGlobalCleanup_0061ec0f||void __cdecl RegisterMfcGlobalCleanup_0061ec0f(void)|synthetic|src/game/core/library_identities.cpp|legacy-marker
0061ec0f|DestroyMfcDcHandleMapPointerStateAtExit||void __cdecl DestroyMfcDcHandleMapPointerStateAtExit(void)|synthetic|src/game/core/library_identities.cpp|legacy-marker
00622a95|InitializeMfcWinStateProcessLocalStorage||void __cdecl InitializeMfcWinStateProcessLocalStorage(void)|synthetic|src/game/core/library_identities.cpp|legacy-marker
00622a96|RegisterMfcGlobalCleanup_00622aa2||void __cdecl RegisterMfcGlobalCleanup_00622aa2(void)|synthetic|src/game/core/library_identities.cpp|legacy-marker
00622aa2|DestroyMfcWinStateProcessLocalAtExit||void __cdecl DestroyMfcWinStateProcessLocalAtExit(void)|synthetic|src/game/core/library_identities.cpp|legacy-marker
006239ca|RegisterMfcGlobalCleanup_006239d6||void __cdecl RegisterMfcGlobalCleanup_006239d6(void)|synthetic|src/game/core/library_identities.cpp|legacy-marker
00623a02|RegisterMfcGlobalCleanup_00623a0e||void __cdecl RegisterMfcGlobalCleanup_00623a0e(void)|synthetic|src/game/core/library_identities.cpp|legacy-marker
00623ace|RegisterMfcGlobalCleanup_00623ada||void __cdecl RegisterMfcGlobalCleanup_00623ada(void)|synthetic|src/game/core/library_identities.cpp|legacy-marker
00623b06|RegisterMfcGlobalCleanup_00623b12||void __cdecl RegisterMfcGlobalCleanup_00623b12(void)|synthetic|src/game/core/library_identities.cpp|legacy-marker
006241b1|ConstructMfcAuxDataGlobal||void __cdecl ConstructMfcAuxDataGlobal(void)|synthetic|src/game/core/library_identities.cpp|legacy-marker
006241bb|RegisterMfcGlobalCleanup_006241c7||void __cdecl RegisterMfcGlobalCleanup_006241c7(void)|synthetic|src/game/core/library_identities.cpp|legacy-marker
00624491|InitializeMfcThreadLocalStorage006a7d70||void __cdecl InitializeMfcThreadLocalStorage006a7d70(void)|synthetic|src/game/core/library_identities.cpp|legacy-marker
00624492|RegisterMfcGlobalCleanup_0062449e||void __cdecl RegisterMfcGlobalCleanup_0062449e(void)|synthetic|src/game/core/library_identities.cpp|legacy-marker
0062449e|DestroyMfcThreadLocalGlobal_006a7d70||void __cdecl DestroyMfcThreadLocalGlobal_006a7d70(void)|synthetic|src/game/core/library_identities.cpp|legacy-marker
006244b7|InitializeMfcCtl3dProcessLocalStorage||void __cdecl InitializeMfcCtl3dProcessLocalStorage(void)|synthetic|src/game/core/library_identities.cpp|legacy-marker
006244b8|RegisterMfcGlobalCleanup_006244c4||void __cdecl RegisterMfcGlobalCleanup_006244c4(void)|synthetic|src/game/core/library_identities.cpp|legacy-marker
006244c4|DestroyMfcCtl3dProcessLocalAtExit||void __cdecl DestroyMfcCtl3dProcessLocalAtExit(void)|synthetic|src/game/core/library_identities.cpp|legacy-marker
