address|matching|name
0x406ccb|0.0|thunk_HandleEngineerConstructionAction
0x4125d0|0.25|WrapperFor_ftol_At004125d0
0x412600|0.0|InvokeCallbackForRecordRangeWithStride
0x412640|0.43548387096774194|OpenOrCreateCompanyProductRegistryKey
0x412720|0.042105263157894736|OrphanCallChain_C7_I93_00412720
0x412840|0.5634674922600619|ReadOrCreateRegistryStringValueWithFallback
0x412a70|0.35294117647058826|GetMainViewHostFromActiveThread
0x412aa0|0.5|ImperialismApp::GetMessageMap
0x412ac0|0.6744186046511628|ImperialismApp::ImperialismApp
0x412bd0|1.0|CObject::Serialize
0x412bf0|1.0|CObject::AssertValid
0x412c10|1.0|CObject::Dump
0x412c30|1.0|ImperialismApp::`scalar deleting destructor'
0x412c60|0.987012987012987|ImperialismApp::~ImperialismApp
0x412d40|0.25|InitializeImperialismAppSingletonGlobal
0x412d70|0.0|DestroyImperialismAppSingletonGlobal
0x412d90|1.0|ShowOutOfMemoryErrorNewHandler
0x412dc0|0.4944178628389155|ImperialismApp::InitInstance
0x413250|0.07142857142857142|TDiplomacyMgr::IsNationSlotEligibleForEventProcessing
0x413380|1.0|CObject::operator delete
0x4133a0|0.2|OrphanCallChain_C1_I08_004133a0
0x4133d0|0.6363636363636364|ImperialismCommandLineInfo::ParseParam
0x413550|1.0|ImperialismCommandLineInfo::`scalar deleting destructor'
0x413580|0.972972972972973|ImperialismCommandLineInfo::~ImperialismCommandLineInfo
0x4135f0|0.9090909090909091|TAmbitApplication::`scalar deleting destructor'
0x413670|0.9090909090909091|T64TemplateDialog::`scalar deleting destructor'
0x4136c0|1.0|T64TemplateDialog::DoDataExchange
0x4136e0|0.5|T64TemplateDialog::GetMessageMap
0x413700|0.7619047619047619|ShowDialogTemplate64Modal
0x413780|0.9271523178807947|ImperialismApp::ExitInstance
0x4138b0|1.0|ImperialismApp::PostStartupCommand100
0x413950|0.5909090909090909|ImperialismApp::HandleStartupCommand100
0x4139f0|1.0|ImperialismApp::RestoreWaitCursorIfStartupBusy
0x413a20|1.0|ImperialismApp::PreTranslateMessage
0x413a50|0.0425531914893617|ShowSelectedDibInTemplateDDDialog
0x413b80|1.0|TModalDialogBase::~TModalDialogBase
0x413c00|1.0|TModalDialogBase::`scalar deleting destructor'
0x413c30|0.8301886792452831|TDDTemplateDialog::~TDDTemplateDialog
0x413cd0|1.0|TDDTemplateDialog::`scalar deleting destructor'
0x413d20|0.025|ShowNationSelectDialogAndRedispatchCurrentTurnEvent
0x413ed0|0.06896551724137931|WrapperFor_FreeHeapBufferIfNotNull_At0047d3f0_Impl
0x413f60|0.04081632653061224|HandleDialogResultAndPostCommand100
0x414070|0.08|WrapperFor_CDialog_At00414070
0x4140f0|0.034482758620689655|ApplyDialogSelectionToNationState
0x414320|0.06896551724137931|WrapperFor_FreeHeapBufferIfNotNull_At0047dc40_Impl
0x4143b0|0.02127659574468085|LoadAndPreviewDibFromDialogInput
0x4145f0|1.0|ImperialismApp::OnIdle
0x414640|0.2|AssertAmbitSubsystemReadyOrFailWithBmp3B6
0x4146d0|0.6046511627906976|PostWmCloseToMainThreadWindow
0x414720|1.0|TApplication::PostTurnEventCodeMessage2420
0x414770|1.0|TAmbitApplication::DoSetupMenus
0x414850|1.0|GetDataDirectoryPathLiteral
0x414870|0.30857142857142855|ImperialismApp::DetectImperialismInstallDriveAndSetPathPrefix
0x4149a0|0.5134751773049645|ImperialismApp::LoadLanguageResourcesFromIrgFiles
0x415000|0.15384615384615385|WrapperFor_GetOrCreateCrtThreadDataFromTls_At00415000
0x415030|1.0|CWnd::DoDataExchange
0x415050|1.0|CWnd::BeginModalState
0x415070|1.0|CWnd::EndModalState
0x415090|0.7575757575757576|ImperialismApp::ShowAutoResolutionDialogIfNeeded
0x4152e0|0.1111111111111111|TModalTemplateDialog::DestroyListBoxAndHotKeyChildren
0x415380|1.0|T64TemplateDialog::OnInitDialog
0x4153a0|0.8857142857142857|ReadSettingsPrefIntByIndex
0x415440|0.5625|WriteSettingsPrefIntByIndex
0x4154e0|0.0|GetSettingValueFromSettingsSection
0x415510|0.0|CWinApp::WrapperFor_WriteProfileInt_At00415510
0x415540|0.2222222222222222|GetProfileStringFromSettingsSection
0x415580|0.5|ImperialismApp::SetSettingValueInSettingsSection
0x4155b0|0.5666666666666667|ImperialismApp::ApplyAutoResolutionModeAndPersist
0x415760|0.2764227642276423|WarnLowDiskSpaceAndConfirmContinue
0x415b70|0.06896551724137931|WrapperFor_FreeHeapBufferIfNotNull_At005e1c60_Impl
0x415ce0|0.8888888888888888|TObject::ShallowFree
0x415d50|1.0|TEventHandler::GetCityDialogValueDword10
0x415d70|1.0|TEventHandler::SetCityDialogValueDword10
0x415df0|0.25|WrapperFor_ftol_At00415df0
0x415e20|0.25|InitializeUiResourcePoolStateAndRegisterAtExit
0x415e50|0.0|DestroyUiResourcePoolStateAtExit
0x415e70|0.9696969696969697|CList<TView *,TView *>::~CList<TView *,TView *>
0x415f00|1.0|CObject::`scalar deleting destructor'
0x415f50|0.16666666666666666|InitializeUiResourcePoolRuntimeClassFields
0x415f90|1.0|CList<TView *,TView *>::`scalar deleting destructor'(unsigned int)
0x415fe0|0.3010180472003702|BuildTradeSchoolDialogControls
0x41b210|0.29743589743589743|RegisterUiResourceEntry
0x41b3a0|1.0|SetUiResourceStateFlags
0x41b3d0|1.0|SetUiResourceContextPictureId
0x41b400|1.0|SetUiResourceContextStringCode
0x41b420|1.0|TUiStyleBytes::Reset
0x41b450|0.3448275862068966|SetUiResourceLayoutValues
0x41b490|1.0|BindUiResourceTextAndStyle
0x41b570|1.0|SetUiResourceContextMaxCharCount
0x41b5a0|0.7777777777777778|SetUiResourceContextNumberValueAndRange
0x41b5f0|1.0|ClearUiResourceContext
0x41b610|1.0|PopUiResourcePoolNode
0x41b6d0|0.10467059547893394|InitializeIndustryViewTradeMoveControlsAndCommodityRows
0x426ec0|0.0|PushUiLinkedListNodeWithPayload
0x426f60|0.4|GetUiLinkedListNodePayload
0x426f80|0.6666666666666666|NoOpRuntimeCallback_00426f80
0x426fa0|1.0|SetUiResourceContextFlagsAndMetrics
0x427010|1.0|ApplyUiResourceColorTripletFromContext
0x427060|1.0|ReplaceUiResourceContextPairBuffer
0x4270e0|1.0|TUiStyleRef::TUiStyleRef
0x427100|0.0|SetUiResourcePairValues
0x427200|1.0|TView::GetCursorID
0x427220|1.0|TView::PostRenderSlotFC
0x427240|0.6666666666666666|TView::DoMouseCommand
0x427260|0.18181818181818182|TView::QueryContentBounds
0x427290|0.3125|TView::QueryBounds
0x4272d0|1.0|TView::DispatchVslot134WithRectAndRectPlus8_Impl
0x427330|0.5|TView::UpdateAfterBitmapChange
0x427360|0.18434670116429497|InitializeIndustryOverviewPlacardsAndTradeStatusTags
0x429330|0.375|TInfoBarText::TInfoBarText
0x4293c0|0.9090909090909091|TInfoBarText::`scalar deleting destructor'
0x429410|0.38095238095238093|TView::CopyRectFromBuildRectFromSlot158
0x429450|1.0|TControl::QuerySelectedIndexSlotBC
0x429470|1.0|TControl::AssertCityProductionGlobalStateInitialized
0x4294a0|1.0|TControl::LogUnhandledDialogMethodAndReturnFalse
0x4294d0|1.0|TStaticText::CopyTextTo
0x429500|1.0|TNumberText::TNumberText
0x429530|0.9090909090909091|TNumberText::`scalar deleting destructor'
0x4295a0|0.3811405478221823|BuildTurnEventDialogResourcesForEvent547Or7D8
0x42d240|0.006711409395973154|InitializeCityTradeDiplomacyUiEntries
0x42e0b5|0.00625|BuildOrderStateStaticTextUiResourceEntries
0x42e494|0.00625|BuildUiResourceTree_MultiTextOptionComposite_0042e494
0x42e864|0.011904761904761904|BuildUiResourceTree_TextPictureCursorComposite_0042e864
0x430250|0.8235294117647058|TBook::TBook
0x430280|0.9090909090909091|TBook::`scalar deleting destructor'
0x4302d0|0.9090909090909091|TPageCorner::`scalar deleting destructor'
0x430320|0.2|ConstructUiResourceEntry_Vtbl0063f878
0x430350|0.9090909090909091|TTreatiesView::`scalar deleting destructor'
0x4303a0|0.2|ConstructUiResourceEntry_Vtbl0063fa70
0x4303d0|0.9090909090909091|TGrantsView::`scalar deleting destructor'
0x430420|0.2|ConstructUiResourceEntry_Vtbl0063fc68
0x430450|0.9090909090909091|TTradePanelView::`scalar deleting destructor'
0x4304a0|0.2|ConstructUiResourceEntry_Vtbl0063fe60
0x4304d0|0.9090909090909091|TInfoPanelView::`scalar deleting destructor'
0x430520|0.2|ConstructUiResourceEntry_Vtbl00640060
0x430550|1.0|TPanelView::Setup
0x430570|0.9090909090909091|TCouncilPanelView::`scalar deleting destructor'
0x4305c0|0.6666666666666666|TNominationView::OrphanRetStub_004305c0
0x4305e0|0.9090909090909091|TNominationView::`scalar deleting destructor'
0x430630|0.2222222222222222|ConstructPictureResourceEntry_Vtbl00640258
0x430660|0.9090909090909091|TCouncilView::`scalar deleting destructor'
0x430690|0.06060606060606061|WrapperFor_FreeHeapBufferIfNotNull_At00430660_Impl
0x430730|1.0|DiplomacyMaskBufferRun::~DiplomacyMaskBufferRun
0x430750|0.7777777777777778|StrategicMapCallbackRecord::~StrategicMapCallbackRecord
0x4307a0|0.0|WrapperFor_ReallocateHeapBlockWithAllocatorTracking_At004307a0
0x430830|0.0|WrapperFor_ReallocateHeapBlockWithAllocatorTracking_At00430830
0x4308d0|0.2|ConstructPictureResourceEntry_Vtbl006404b0
0x430900|0.9090909090909091|TMapKey::`scalar deleting destructor'
0x430950|0.3333333333333333|TDeluxeText::TDeluxeText
0x4309e0|0.9090909090909091|TDeluxeText::`scalar deleting destructor'
0x430a30|1.0|TBattleReportView::`scalar deleting destructor'
0x430a60|0.9841269841269841|TBattleReportView::~TBattleReportView
0x430b00|0.9090909090909091|TBattleDetailBook::`scalar deleting destructor'
0x430b50|0.2|ConstructUiResourceEntry_Vtbl00640940
0x430b80|0.9090909090909091|TBattleUnitsView::`scalar deleting destructor'
0x430bd0|1.0|TView::QuerySelectedIndexSlotBC
0x430bf0|1.0|TView::ApplyRectSlot110
0x430c10|1.0|TView::BeginMouseCaptureAndStartRepeatTimer
0x430c50|0.17773491319922843|InitializeDealBookScreenControlsAndCommandTags
0x435540|0.9090909090909091|TDealTabControl::`scalar deleting destructor'
0x435590|0.2|TPageView::WrapperFor_ConstructTPageViewBaseState_At00435590
0x4355c0|0.9090909090909091|TTradePageSellView::`scalar deleting destructor'
0x435610|0.2|TPageView::WrapperFor_ConstructTPageViewBaseState_At00435610
0x435640|0.9090909090909091|TTradePageBuyView::`scalar deleting destructor'
0x435690|0.9090909090909091|TTradeBookView::`scalar deleting destructor'
0x4356e0|0.2222222222222222|WrapperFor_thunk_ConstructPictureResourceEntryBase_At004356e0
0x435710|0.9090909090909091|TNewspaperView::`scalar deleting destructor'
0x435760|1.0|TControl::ShallowClone
0x4357b0|0.4798337338442554|BuildTurnEventDialogUiByCode
0x43d590|1.0|TMapPreviewView::TMapPreviewView
0x43d5c0|0.9090909090909091|TMapPreviewView::`scalar deleting destructor'
0x43d610|0.2857142857142857|TControl::WrapperFor_thunk_ConstructUiCommandTagResourceEntryBase_At0043d610
0x43d650|0.9090909090909091|TTwoPicSlider::`scalar deleting destructor'
0x43d6a0|0.9090909090909091|TQueryFloater::`scalar deleting destructor'
0x43d6f0|0.2|TCzechBox::WrapperFor_ConstructTCzechBoxBaseState_At0043d6f0
0x43d720|0.9090909090909091|TMadnessButton::`scalar deleting destructor'
0x43d770|0.2222222222222222|WrapperFor_thunk_ConstructPictureResourceEntryBase_At0043d770
0x43d7a0|0.9090909090909091|TTerrainHelpPicture::`scalar deleting destructor'
0x43d7f0|0.9090909090909091|TScrollView::`scalar deleting destructor'
0x43d840|0.2|ConstructTurnEventMainPictureEntry_10CC
0x43d870|0.9090909090909091|TStatusPicture::`scalar deleting destructor'
0x43d8c0|0.2222222222222222|WrapperFor_thunk_ConstructPictureResourceEntryBase_At0043d8c0
0x43d8f0|0.1111111111111111|ConstructUiBaseBackdropPictureEntry
0x43d960|0.2222222222222222|ConstructTurnEventMainPictureEntry_1036
0x43d990|1.0|TRadioText::TRadioText
0x43d9c0|0.2222222222222222|ConstructTurnEventMainPictureEntry_104F
0x43d9f0|0.6666666666666666|TCreditsPicture::OrphanRetStub_0043d9f0
0x43da10|0.9090909090909091|TFlagOptionsPicture::`scalar deleting destructor'
0x43da40|0.9090909090909091|TLoadSavePicture::`scalar deleting destructor'
0x43da70|0.9090909090909091|TGamePreferencesPicture::`scalar deleting destructor'
0x43daa0|0.9090909090909091|TRadioText::`scalar deleting destructor'
0x43dad0|0.9090909090909091|TCreditsPicture::`scalar deleting destructor'
0x43dbc0|0.4122961657117673|InitializeArmyNavyReportViewsAndCommandTags
0x4472bb|0.041666666666666664|InitializeTNavyRosterBitmapAndControlResources
0x447353|0.009615384615384616|TNavyRoster::BuildNavyRosterDialogUiResourceTree
0x44a6c0|1.0|TPageCorner::TPageCorner
0x44a6f0|1.0|TShipFractionCluster::TShipFractionCluster
0x44a720|0.9090909090909091|TShipFractionCluster::`scalar deleting destructor'
0x44a770|1.0|TCivDescription::TCivDescription
0x44a7a0|0.9090909090909091|TCivDescription::`scalar deleting destructor'
0x44a7f0|0.3333333333333333|WrapperFor_thunk_RegisterDialogFactoryCallback_At0044a7f0
0x44a810|0.08956796628029505|BuildTurnEventDialogResources_2508
0x44af90|0.2152599594868332|InitializeJoinSelectorDialogControlsAndNationSlots
0x44fa80|0.2222222222222222|WrapperFor_thunk_ConstructPictureResourceEntryBase_At0044fa80
0x44fab0|0.9090909090909091|TJoinSelectorDialog::`scalar deleting destructor'
0x44fae0|0.9090909090909091|TLoungeDialog::`scalar deleting destructor'
0x44fb10|0.9090909090909091|TMultiMessagePicture::`scalar deleting destructor'
0x44fba0|0.3333333333333333|WrapperFor_thunk_RegisterDialogFactoryCallback_At0044fba0
0x44fbc0|0.2761181434599156|BuildUiResourceTreeByTemplateIdAndBindScreenContext
0x453800|1.0|TOverlayRadioButton::TOverlayRadioButton
0x453830|0.9090909090909091|TOverlayRadioButton::`scalar deleting destructor'
0x4538a0|0.20981546917942678|InitializeGameSetupScreenControlsAndModeTags
0x456ba3|0.002366863905325444|BuildDifficultyAndNamesSetupUiResources
0x45762e|0.00558659217877095|BuildUiResourceTreeWithPlanetListAndCursorEntries_0045762e
0x457aee|0.0|thunk_BuildMainStatsScoreboardAndDoneUiResourceTree
0x457af2|0.0013477088948787063|BuildMainStatsScoreboardAndDoneUiResourceTree
0x458ced|0.0|AllocateAndConstructTViewDerivedState_00458ced
0x458d10|0.0|thunk_InitializeOrderStateUiResourceTreeAndControlEntries
0x458d14|0.0065252854812398045|InitializeOrderStateUiResourceTreeAndControlEntries
0x45acb0|1.0|TSpecialQuitPicture::Hilite
0x45acd0|0.9090909090909091|TSpecialQuitPicture::`scalar deleting destructor'
0x45ad20|1.0|TTEView::TTEView
0x45ad70|0.9090909090909091|TTEView::`scalar deleting destructor'
0x45ada0|1.0|THighScoresPicture::Hilite
0x45adc0|0.9090909090909091|THighScoresPicture::`scalar deleting destructor'
0x45ae10|0.9090909090909091|TNetSelectPicture::`scalar deleting destructor'
0x45ae60|1.0|TScenarioChooser::TScenarioChooser
0x45ae90|0.9090909090909091|TScenarioChooser::`scalar deleting destructor'
0x45aee0|1.0|TTextList::TTextList
0x45af30|0.9090909090909091|TTextList::`scalar deleting destructor'
0x45af80|1.0|TGameScorePicture::TGameScorePicture
0x45afb0|0.9090909090909091|TGameScorePicture::`scalar deleting destructor'
0x45b000|1.0|TGWorldPartView::TGWorldPartView
0x45b030|0.9090909090909091|TGWorldPartView::`scalar deleting destructor'
0x45b080|0.2222222222222222|ClearColorRgbaBytes
0x45b0a0|0.0|SetColorRgbAndClearAlphaByte
0x45b100|0.2560638624501075|InitializeTacticalBattleViewToolbarAndDialogControls
0x45d270|0.2222222222222222|TOffLimitsPicture::WrapperFor_ConstructTOffLimitsPictureBaseState_At0045d270
0x45d2a0|1.0|TMapUberUberPicture::AutoScrollByEdgeMask
0x45d2c0|0.9090909090909091|TMapUberUberPicture::`scalar deleting destructor'
0x45d310|0.9090909090909091|TTacArmyView::`scalar deleting destructor'
0x45d360|0.9090909090909091|TTacticalToolbar::`scalar deleting destructor'
0x45d3b0|1.0|TTacMapUberPicture::AutoScrollByEdgeMask
0x45d3e0|0.9090909090909091|TTacMapUberPicture::`scalar deleting destructor'
0x45d430|0.9090909090909091|TTacticalAdiosPicture::`scalar deleting destructor'
0x45d480|0.2222222222222222|WrapperFor_thunk_ConstructPictureResourceEntryBase_At0045d480
0x45d4b0|0.9090909090909091|TTacticalHolaPicture::`scalar deleting destructor'
0x45d520|0.23015165031222123|BuildTurnEventDialogResourcesForEvent898
0x45e0b0|0.24640919246728377|BuildTurnEventDialogResourcesForEvent8FC
0x4600c0|1.0|TTechStorePage::TTechStorePage
0x4600f0|0.9090909090909091|TTechStorePage::`scalar deleting destructor'
0x460140|0.9090909090909091|TTechHistoryView::`scalar deleting destructor'
0x4601b0|0.5448594392115503|InitializeTradeScreenBitmapControls
0x46baa7|0.00322061191626409|BuildTradeBoardDialogUiLayoutVariantB
0x46fd10|0.21087314662273476|BuildTurnEventDialogResourcesForEvent7DE
0x4749a0|0.19512858892366308|BuildUniversityDialogShell
0x4793c0|1.0|CAmbitDocument::CreateObject
0x479440|0.5|CAmbitDocument::GetRuntimeClass
0x479460|0.5|CAmbitDocument::GetMessageMap
0x479480|0.6056338028169014|CAmbitDocument::CAmbitDocument
0x4796a0|1.0|CAmbitDocument::IsModified
0x4796c0|1.0|CAmbitDocument::SetModifiedFlag
0x4796e0|1.0|CAmbitDocument::`scalar deleting destructor'
0x479710|1.0|CAmbitDocument::~CAmbitDocument
0x4797a0|1.0|CAmbitDocument::OnNewDocument
0x4797d0|0.9629629629629629|CAmbitDocument::Serialize
0x4798b0|1.0|TObject::Free
0x4798d0|1.0|TObject::ShallowClone
0x4798f0|0.9090909090909091|ArchiveStreamAdapter::`scalar deleting destructor'
0x479920|0.5|WrapperFor_FreeHeapBufferIfNotNull_At004798f0_Impl
0x479960|1.0|CAmbitDocument::OnOpenDocument
0x479990|1.0|CAmbitDocument::OnSaveDocument
0x479a80|1.0|CList<TView *,TView *>::RemoveTail
0x479b00|1.0|CList<TView *,TView *>::AddTail
0x479ba0|0.5|InitializeJoinSelectorDialogControlsAndNationSlots_Impl
0x479bc0|0.0|InitializeJoinSelectorDialogControlsAndNationSlots_Impl_At00479bc0
0x479be0|1.0|CList<TView *,TView *>::Serialize
0x479e10|0.2222222222222222|RegisterUiResourceEntry_Impl
0x479e40|0.43636363636363634|CDib::CreateObject
0x479ed0|1.0|CDib::GetRuntimeClass
0x479ef0|0.3333333333333333|WrapperFor_AFX_CLASSINIT_At00479ef0
0x479f40|1.0|CDib::CDib(void)
0x479fb0|1.0|CDib::`scalar deleting destructor'
0x479fe0|0.662020905923345|CDib::CDib(int, int, int)
0x47a200|0.0|ConstructBitmapBlitBufferFromSourceDescriptor
0x47a370|1.0|CDib::~CDib
0x47a3e0|0.8148148148148148|CDib::CopyBitmapDimensionsToPoint
0x47a420|0.016129032258064516|BuildPaletteAndReleaseBitmapSurfaceResources
0x47a630|0.013422818791946308|Helper_Uses_BuildPaletteFromRgbQuadBuffer_At0047a630
0x47a8a0|0.0|Helper_Uses_BuildPaletteFromRgbQuadBuffer_At0047a8a0
0x47aa00|0.7547169811320755|CDib::SelectAndRealizeDibPalette
0x47aa70|0.9375|CDib::StretchDibitsFromStoredBitmapToHdcSimple
0x47aae0|0.0|BlitDibBitsWithStretchDIBits
0x47ab60|0.9166666666666666|CDib::StretchDibitsFromStoredBitmapToHdc
0x47abe0|1.0|CDib::StretchDibitsRectToDc
0x47ac50|0.9169675090252708|CDib::StretchDibitsWithCopiedPaletteTable
0x47ae20|0.9333333333333333|CDib::EnsureDibSectionCreated
0x47ae90|1.0|CDib::BuildPaletteFromRgbQuadBuffer
0x47af60|0.0625|ReinitializeIncludeViewMainPaneAndRedrawWindow_Impl
0x47b0c0|0.4727272727272727|CDib::CopyRgbQuadTableFrom
0x47b130|0.05555555555555555|OrphanDeadLeaf_NoRefs_0047b130
0x47b280|1.0|CDib::CreateDibBitmapFromStoredInfo
0x47b53b|0.0|thunk_WrapperFor_BuildPaletteFromRgbQuadBuffer_At0047b55d_At0047b53b
0x47b544|0.0|thunk_WrapperFor_BuildPaletteFromRgbQuadBuffer_At0047b55d_At0047b544
0x47b54d|0.0|thunk_WrapperFor_BuildPaletteFromRgbQuadBuffer_At0047b55d_At0047b54d
0x47b55d|0.0|WrapperFor_BuildPaletteFromRgbQuadBuffer_At0047b55d
0x47b6d0|0.3663663663663664|CDib::Read
0x47b9f0|0.37777777777777777|CDib::Write
0x47bb10|1.0|CDib::Serialize
0x47bca0|1.0|CDib::Release
0x47bd90|0.09090909090909091|OrphanCallChain_C3_I20_0047bd90
0x47bde0|0.1793103448275862|CDib::BlitSurfaceRectSkippingTransparentColor
0x47bf90|0.05405405405405406|LoadBmpResourceByIdCached_Impl
0x47c080|0.6073298429319371|CDib::LoadBitmapResourceAndInitializeSurfaceState
0x47c1f0|0.025477707006369428|LoadAndPreviewDibFromDialogInput_Impl
0x47c3d0|0.22411347517730495|CDib::BuildNonTransparentOutlinePolygon
0x47c980|0.022988505747126436|RebuildSurfaceRowsWithTemporaryRowBuffer
0x47cac0|0.1|WrapperFor_DeleteRegionHandleFromClipState_At0047cac0
0x47cb60|0.1|WrapperFor_DeleteRegionHandleFromClipState_At0047cb60
0x47cca0|1.0|TCdAudioDevice::ResetAndOpenCdAudioDeviceHandle
0x47ccd0|1.0|TCdAudioDevice::SendMciCommand804IfDeviceOpenAndClearHandle
0x47cd00|1.0|TCdAudioDevice::EnsureCdAudioDeviceHandleInitialized
0x47cd30|0.16666666666666666|SendMciCommand804IfDeviceOpenAndClearHandle_FastcallBridge
0x47cd60|1.0|TCdAudioDevice::ApplyMciPlaybackRangeFromAudioManager
0x47cd80|0.3333333333333333|ForwardMciCommand808ToDevice
0x47cdd0|1.0|ApplyAuxOutputVolumeFromScalar
0x47cdf0|1.0|TCdAudioDevice::ForwardMciStatusCommand814IgnoreFailure
0x47cfa0|0.25|WrapperFor_ftol_At0047cfa0
0x47cfd0|0.9459459459459459|TC2TemplateDialog::TC2TemplateDialog
0x47d090|0.9090909090909091|TC2TemplateDialog::`scalar deleting destructor'
0x47d0c0|0.0625|DestroyDialogWithListBoxAndHotKeyControl_Alias
0x47d160|1.0|TC2TemplateDialog::DoDataExchange
0x47d1a0|0.5|TC2TemplateDialog::GetMessageMap
0x47d1c0|0.96875|TD2TemplateDialog::TD2TemplateDialog
0x47d250|0.9090909090909091|TD2TemplateDialog::`scalar deleting destructor'
0x47d280|0.06896551724137931|WrapperFor_FreeHeapBufferIfNotNull_At0047d250_Impl
0x47d310|1.0|TD2TemplateDialog::DoDataExchange
0x47d340|0.5|TD2TemplateDialog::GetMessageMap
0x47d360|0.96875|TDBTemplateDialog::TDBTemplateDialog
0x47d3f0|0.9090909090909091|TDBTemplateDialog::`scalar deleting destructor'
0x47d420|1.0|TDBTemplateDialog::DoDataExchange
0x47d450|0.5|TDBTemplateDialog::GetMessageMap
0x47d470|1.0|TDCTemplateDialog::TDCTemplateDialog
0x47d4b0|0.9090909090909091|TDCTemplateDialog::`scalar deleting destructor'
0x47d4e0|0.9411764705882353|TDCTemplateDialog::DoDataExchange
0x47d520|0.5|TDCTemplateDialog::GetMessageMap
0x47d540|1.0|TDDTemplateDialog::TDDTemplateDialog
0x47d5b0|1.0|TDDTemplateDialog::DoDataExchange
0x47d5d0|0.5|TDDTemplateDialog::GetMessageMap
0x47d5f0|0.701123595505618|TDDTemplateDialog::OnPaint
0x47d960|0.9444444444444444|CGdiObject::~CGdiObject
0x47d9d0|0.1|WrapperFor_DeleteRegionHandleFromClipState_At0047d9d0
0x47da70|0.1|WrapperFor_DeleteRegionHandleFromClipState_At0047da70
0x47dae0|0.7674418604651163|TDDTemplateDialog::OnInitDialog
0x47db80|1.0|TDDTemplateDialog::OnLButtonDblClk
0x47dba0|0.9444444444444444|TDETemplateDialog::TDETemplateDialog
0x47dc40|0.9090909090909091|TDETemplateDialog::`scalar deleting destructor'
0x47dc70|0.9090909090909091|TDETemplateDialog::DoDataExchange
0x47dcc0|0.5|TDETemplateDialog::GetMessageMap
0x47dce0|1.0|TDFTemplateDialog::TDFTemplateDialog
0x47dd30|0.9090909090909091|TDFTemplateDialog::`scalar deleting destructor'
0x47dd60|1.0|TDFTemplateDialog::DoDataExchange
0x47ddf0|0.5|TDFTemplateDialog::GetMessageMap
0x47de10|0.8888888888888888|TDFTemplateDialog::OnInitDialog
0x47de40|0.96875|TFATemplateDialog::TFATemplateDialog
0x47ded0|0.9090909090909091|TFATemplateDialog::`scalar deleting destructor'
0x47df00|0.06896551724137931|WrapperFor_FreeHeapBufferIfNotNull_At0047ded0_Impl
0x47df90|1.0|TFATemplateDialog::DoDataExchange
0x47dfb0|0.5|TFATemplateDialog::GetMessageMap
0x47dfd0|0.5945945945945946|TAutoResolutionDialog::TAutoResolutionDialog
0x47e090|0.9090909090909091|TAutoResolutionDialog::`scalar deleting destructor'
0x47e0c0|1.0|TAutoResolutionDialog::DoDataExchange
0x47e100|0.5|TAutoResolutionDialog::GetMessageMap
0x47e120|0.9772727272727273|TAutoResolutionDialog::OnInitDialog
0x47e360|1.0|CDibPal::CDibPal
0x47e390|1.0|CDibPal::`scalar deleting destructor'
0x47e3c0|0.9615384615384616|CDibPal::~CDibPal
0x47e440|0.6111111111111112|CDibPal::BuildPaletteFromBitmapColorTable
0x47e590|0.0|DrawPalettePreviewGridRectanglesToViewDc
0x47e930|1.0|CDibPal::SelectIntoDcAndRealize
0x47e960|0.014492753623188406|OpenPaletteFileDialogAndLoadPaletteFromMmio
0x47ec00|0.1|WrapperFor_FreeHeapBufferIfNotNull_At005ff5c5_Impl
0x47ec70|0.05|Helper_Uses_thunk_Cluster_MapTileHint_0047ed70_At0047ec70
0x47ecf0|0.05128205128205128|Helper_Uses_thunk_Cluster_MapTileHint_0047ed70_At0047ecf0
0x47ed70|0.018867924528301886|LoadPaletteChunkFromMmioAndRegisterPaletteHandle
0x47eea0|0.05|Helper_Uses_thunk_WritePaletteChunkToMmioFromPaletteHandle_At0047eea0
0x47ef20|0.05128205128205128|Helper_Uses_thunk_WritePaletteChunkToMmioFromPaletteHandle_At0047ef20
0x47efa0|0.018867924528301886|WritePaletteChunkToMmioFromPaletteHandle
0x47f250|0.25|WrapperFor_ftol_At0047f250
0x47f2b0|0.0|OrphanRetStub_0047f2b0
0x47f320|0.0|OrphanRetStub_0047f320
0x47f340|0.5|OrphanVtableAssignStub_0047f340
0x47f3e0|0.0|AssertDiplomacyDialogsLine61
0x47f410|0.0|OrphanRetStub_0047f410
0x47f430|0.5|OrphanVtableAssignStub_0047f430
0x47f450|0.96875|TADTemplateDialog::TADTemplateDialog
0x47f4e0|0.9090909090909091|TADTemplateDialog::`scalar deleting destructor'
0x47f510|0.06896551724137931|WrapperFor_FreeHeapBufferIfNotNull_At0047f4e0_Impl
0x47f5d0|1.0|TADTemplateDialog::DoDataExchange
0x47f600|0.5|TADTemplateDialog::GetMessageMap
0x47f620|1.0|TADTemplateDialog::OnInitDialog
0x47f710|0.25|InitializeRuntimeSelectionRecordArrayStateAndRegisterAtExit
0x47f740|0.0|DestroyRuntimeSelectionRecordArrayStateAtExit
0x47f7f0|1.0|RuntimeSelectionRecord::~RuntimeSelectionRecord
0x47f810|1.0|ForwardEnumSessionToCallbackTable
0x47f870|0.0|OrphanCallChain_C2_I17_0047f870
0x47f8b0|0.7123287671232876|TDirectPlaySessionManagerBase::OnEnumerateServiceProvider
0x47fb20|1.0|TDirectPlaySessionManagerBase::OnDirectPlayAssertion111
0x47fb50|1.0|TDirectPlaySessionManagerBase::OnEnumerateJoinableSession
0x47fb80|0.1111111111111111|WrapperFor_Ordinal_4_At0047fb80
0x47fcb0|0.4745762711864407|TWNetSessionManager::CreatePlayerAndStoreResult
0x47fd30|1.0|TWNetSessionManager::DestroyPlayerAndStoreResult
0x47fd70|1.0|TDirectPlaySessionManagerBase::GetRuntimeSelectionAuxStatus
0x47fd90|0.9523809523809523|TWNetSessionManager::RebuildRuntimeSelectionSource
0x47fe50|0.3252032520325203|OpenRuntimeSelectionSourceWithOptionalSeed
0x480030|0.3275862068965517|TWNetSessionManager::OpenRuntimeSelectionSourceFromCurrentContext
0x480150|0.011363636363636364|TWNetSessionManager::OpenRuntimeSelectionSourceWithUserChoice
0x4803d0|0.1111111111111111|CheckConnectivityOrShowLocalizedWarningAndReturnReady_Impl
0x480400|1.0|TWNetSessionManager::ResetRuntimeSelectionRecordBuffer
0x4804c0|1.0|TDirectPlaySessionManagerBase::ApplyCtrlScrollAcceleration
0x480500|0.40559440559440557|TDirectPlaySessionManagerBase::SelectRuntimeProvider
0x4805e6|0.0|CopyListBoxItemDataStructByIndex
0x480750|0.1111111111111111|InitializeDialogTemplateBaseState
0x480790|0.06896551724137931|WrapperFor_FreeHeapBufferIfNotNull_At00480aa0_Impl
0x480820|1.0|TDirectPlaySessionManagerBase::ShowJoinGameSelectionDialogAndCaptureChoice
0x480850|0.8679245283018868|TWNetSessionManager::TrySendNetworkPacket
0x4808a0|0.7189542483660131|TWNetSessionManager::TryReceiveNetworkPacketIntoResizableBuffer
0x480990|0.9|TWNetSessionManager::SetLocalPlayerDataAndStoreResult
0x4809d0|0.0|WrapperFor_thunk_ReportWNetManagerErrorCodeAndNotifyUi_At005e2900_Impl
0x480a10|0.96875|T104TemplateDialog::T104TemplateDialog
0x480aa0|0.9090909090909091|T104TemplateDialog::`scalar deleting destructor'
0x480ad0|1.0|T104TemplateDialog::DoDataExchange
0x480b00|0.5|T104TemplateDialog::GetMessageMap
0x480b20|1.0|CArray<RuntimeSelectionRecord *,RuntimeSelectionRecord *>::CArray<RuntimeSelectionRecord *,RuntimeSelectionRecord *>
0x480b50|1.0|CArray<RuntimeSelectionRecord *,RuntimeSelectionRecord *>::~CArray<RuntimeSelectionRecord *,RuntimeSelectionRecord *>
0x480bd0|1.0|CArray<RuntimeSelectionRecord *,RuntimeSelectionRecord *>::Serialize
0x480dd0|1.0|CArray<RuntimeSelectionRecord *,RuntimeSelectionRecord *>::`scalar deleting destructor'
0x480e00|0.015873015873015872|ResizeDynamicPointerArrayWithGrowthStep
0x4810c0|0.25|WrapperFor_ftol_At004810c0
0x481130|0.0|WrapperFor_FreeHeapBufferIfNotNull_At00481130
0x481160|0.08|WrapperFor_CDialog_At00481160
0x4811e0|0.0|OrphanRetStub_004811e0
0x481200|0.5|OrphanVtableAssignStub_00481200
0x481220|0.4|WrapperFor_UpdateCursorHelperWindowVisibilityFromControllerState_At00481220
0x481370|0.25|WrapperFor_ftol_At00481370
0x4813a0|0.8974358974358975|TA1TemplateDialog::TA1TemplateDialog
0x481480|0.9090909090909091|TA1TemplateDialog::`scalar deleting destructor'
0x4814b0|0.07142857142857142|WrapperFor_FreeHeapBufferIfNotNull_At00481480_Impl
0x481540|1.0|TA1TemplateDialog::DoDataExchange
0x4815d0|0.5|TA1TemplateDialog::GetMessageMap
0x481670|0.0|OrphanRetStub_00481670
0x481690|0.5|OrphanVtableAssignStub_00481690
0x481730|0.0|OrphanRetStub_00481730
0x481750|0.5|OrphanVtableAssignStub_00481750
0x481770|0.9666666666666667|TA7TemplateDialog::TA7TemplateDialog
0x481800|0.9090909090909091|TA7TemplateDialog::`scalar deleting destructor'
0x481830|0.1|WrapperFor_FreeHeapBufferIfNotNull_At00481800_Impl
0x4818a0|1.0|TA7TemplateDialog::DoDataExchange
0x4818d0|0.5|TA7TemplateDialog::GetMessageMap
0x481970|0.0|OrphanRetStub_00481970
0x481990|0.5|OrphanVtableAssignStub_00481990
0x481a30|0.0|OrphanRetStub_00481a30
0x481a50|0.5|OrphanVtableAssignStub_00481a50
0x481af0|0.0|OrphanRetStub_00481af0
0x481b10|0.5|OrphanVtableAssignStub_00481b10
0x481b30|0.9487179487179487|TABTemplateDialog::TABTemplateDialog
0x481bf0|0.9090909090909091|TABTemplateDialog::`scalar deleting destructor'
0x481c20|0.08|WrapperFor_FreeHeapBufferIfNotNull_At00481bf0_Impl
0x481ca0|1.0|TABTemplateDialog::DoDataExchange
0x481ce0|0.5|TABTemplateDialog::GetMessageMap
0x481d80|0.0|OrphanRetStub_00481d80
0x481da0|0.5|OrphanVtableAssignStub_00481da0
0x481dc0|0.9487179487179487|TAETemplateDialog::TAETemplateDialog
0x481e80|0.9090909090909091|TAETemplateDialog::`scalar deleting destructor'
0x481eb0|0.08|WrapperFor_FreeHeapBufferIfNotNull_At00481e80_Impl
0x481f30|1.0|TAETemplateDialog::DoDataExchange
0x481f70|0.5|TAETemplateDialog::GetMessageMap
0x482010|0.0|OrphanRetStub_00482010
0x482030|0.5|OrphanVtableAssignStub_00482030
0x482050|0.9666666666666667|TB1TemplateDialog::TB1TemplateDialog
0x4820e0|0.9090909090909091|TB1TemplateDialog::`scalar deleting destructor'
0x482110|0.1|WrapperFor_FreeHeapBufferIfNotNull_At004820e0_Impl
0x482180|1.0|TB1TemplateDialog::DoDataExchange
0x4821b0|0.5|TB1TemplateDialog::GetMessageMap
0x4821d0|1.0|TA1TemplateDialog::SetGameSetupValues
0x4821f0|0.9821428571428571|TA1TemplateDialog::OnInitDialog
0x4822e0|0.6666666666666666|OrphanRetStub_004822e0
0x482300|0.7692307692307693|TA1TemplateDialog::OnOK
0x482420|0.0|OrphanRetStub_00482420
0x482440|0.5|OrphanVtableAssignStub_00482440
0x482730|0.25|WrapperFor_ftol_At00482730
0x482760|0.7804878048780488|UiCursorTickTimerProc
0x482820|0.0|InitializeChildWindowSurfaceAndTickTimer_Impl_At00482820
0x482850|0.4444444444444444|CIncludeView::CreateObject
0x482930|0.5|CIncludeView::GetRuntimeClass
0x482950|0.9545454545454546|CIncludeView::CIncludeView
0x4829c0|1.0|CIncludeView::`scalar deleting destructor'
0x4829f0|1.0|CList<IncludeViewOverlayRectRecord,IncludeViewOverlayRectRecord &>::`scalar deleting destructor'(unsigned int)
0x482a20|0.9696969696969697|CList<IncludeViewOverlayRectRecord,IncludeViewOverlayRectRecord &>::~CList<IncludeViewOverlayRectRecord,IncludeViewOverlayRectRecord &>
0x482ab0|0.927536231884058|CIncludeView::~CIncludeView
0x482bd0|0.5|CIncludeView::GetMessageMap
0x482bf0|1.0|CIncludeView::OnDialogTreeHostMsg4EF
0x482c90|1.0|CIncludeView::OnDraw
0x482d00|0.014925373134328358|BlitMapDialogSurfaceToHdcWithClipBounds
0x482ed0|0.04|Helper_Uses_BlitSurfaceRectSkippingTransparentColor_At00482ed0
0x482fc0|0.011627906976744186|CIncludeView::UpdateAndRenderMapTileHintOverlayQueue
0x483220|0.0|ComputeRectSpanFromStoredBounds
0x483340|1.0|CIncludeView::SetUiRuntimeContextAndActivateMain
0x483380|0.0|WrapperFor_thunk_PropagateUiResourceContextRecursive_At00483380
0x4833b0|0.0|ReinitializeIncludeViewMainPaneAndRedrawWindow
0x483530|0.08|WrapperFor_thunk_SetGlobalUiInvalidationFlagAndReturnPrevious_At00483530
0x4835a0|1.0|CIncludeView::OnEraseBkgnd
0x4835e0|0.0|SelectPaletteAndResolveHandleMapEntry_004835e0
0x483720|1.0|CIncludeView::OnActivateView
0x483750|0.9120879120879121|CIncludeView::OnInitialUpdate
0x4838b0|0.9487179487179487|CIncludeView::OnMouseMove
0x4839e0|0.27906976744186046|CIncludeView::OnLButtonDown
0x483ab0|0.5|WrapperFor_FreeHeapBufferIfNotNull_At00483ad0_Impl
0x483ad0|0.9090909090909091|TUiEvent::`scalar deleting destructor'
0x483b00|0.84375|CIncludeView::OnLButtonUp
0x483ba0|0.017543859649122806|WrapperFor_AllocateAndLinkBlockHead_At00483ba0
0x483db0|1.0|CIncludeView::PreCreateWindow
0x483e80|1.0|CIncludeView::OnCommand
0x484060|1.0|CIncludeView::GetUiInteractiveFlag90
0x484080|1.0|CIncludeView::SetUiInteractiveFlag90
0x4840b0|1.0|CIncludeView::OnChar
0x4840d0|1.0|CIncludeView::CalcWindowRect
0x484190|0.6938775510204082|CIncludeView::OnParentNotify
0x484230|1.0|CIncludeView::OnMciNotifyMode
0x484260|0.1728395061728395|CIncludeView::OnKeyDown
0x4845a0|0.875|TUiEvent::TUiEvent
0x4845f0|1.0|DereferencePointerCellInPlace
0x484610|1.0|CList<IncludeViewOverlayRectRecord,IncludeViewOverlayRectRecord &>::Serialize
0x484860|0.0|WrapperFor_FreeLinkedBlockChain_At00484860
0x484970|0.4|InitializeRefCountedObjectBaseVtable
0x484990|0.9090909090909091|TObject::`scalar deleting destructor'
0x4849c0|0.5|WrapperFor_FreeHeapBufferIfNotNull_At00484990_Impl
0x4849e0|0.0|ForwardBlitSurfaceRectSkippingTransparentColor
0x484ac0|0.25|WrapperFor_ftol_At00484ac0
0x484af0|0.5517241379310345|CMainFrame::CreateObject
0x484bb0|1.0|CMainFrame::GetRuntimeClass
0x484bd0|0.5|CMainFrame::GetMessageMap
0x484bf0|0.631578947368421|CMainFrame::CMainFrame
0x484c10|0.2857142857142857|OrphanDeadLeaf_NoRefs_00484c10
0x484c40|1.0|CMainFrame::`scalar deleting destructor'
0x484c70|0.6896551724137931|CMainFrame::~CMainFrame
0x484d00|0.0|CMainFrame::OnCreate
0x484d70|0.8516129032258064|CMainFrame::ConfigureTopLevelWindowStyleAndPlacement
0x484f70|0.75|CMainFrame::PreCreateWindow
0x484fb0|1.0|CMainFrame::OnMsg0464
0x484fd0|1.0|CMainFrame::OnStartupCommand100
0x484ff0|0.7210884353741497|CMainFrame::OnQueryNewPalette
0x485110|0.0|CMainFrame::OnPaletteChanged
0x485150|0.0|TMacViewMgr::WrapperFor_TMacViewMgr_OnMsg_MSG_030F_At00485150
0x485180|1.0|CMainFrame::OnCommand8009
0x4851b0|0.6036745406824147|TMacViewMgr_OnCommand_ID_800C_ShowCityViewSelectionDialog
0x485590|1.0|CMainFrame::OnCommand800D
0x4855b0|0.49032258064516127|TMacViewMgr_OnCommand_ID_8013_ShowTerrainOverlayDialog
0x485920|0.8148148148148148|CMainFrame::HandleCustomMessage2420DispatchTurnEvent
0x485960|1.0|CMainFrame::OnMsg0BC0
0x485990|1.0|CMainFrame::SetFieldC0AndInvalidateWindowIfChanged
0x4859d0|0.8852459016393442|CMainFrame::OnEraseBkgnd
0x485bd0|1.0|CMainFrame::OnPaint
0x485c00|1.0|CMainFrame::OnChar
0x485c20|0.8181818181818182|CMainFrame::WinHelp
0x485c60|1.0|CMainFrame::OnActivate
0x485c90|0.75|CMainFrame::OnActivateApp
0x485df0|1.0|TObject::CreateObject
0x485e20|1.0|TObject::GetRuntimeClass
0x485e40|0.3333333333333333|WrapperFor_AFX_CLASSINIT_At00485e40
0x485e90|0.7142857142857143|TObject::Serialize
0x485f50|0.5|TObject::RestoreConstructionSentinelVtable
0x485f70|1.0|TObject::WriteTo
0x485f90|1.0|TObject::ReadFrom
0x485fb0|0.4897959183673469|TTEView::CreateObject
0x486030|1.0|TTEView::GetRuntimeClass
0x486050|0.7733333333333333|TTEView::ConstructTTEViewBaseState
0x4860e0|0.8032786885245902|TTEView::MeasureCurrentTextWidthInLayoutRect
0x4861f0|0.0|AssignTextFromResourceIdAndMaybeInvalidate
0x486290|1.0|TStaticText::SetText
0x4862b0|0.5|NoOpUiStyleBridge_004862b0
0x4862d0|0.0|CallThisVslot1B4NoArgs
0x486300|0.0|NoOpTextPostLayoutHook
0x486320|0.42424242424242425|TDocument::CreateObject
0x486350|0.9090909090909091|TDocument::`scalar deleting destructor'
0x486380|0.5|TDocument::CreateTDocumentInstance
0x4863a0|1.0|TDocument::GetRuntimeClass
0x4863c0|0.42424242424242425|TFileBasedDocument::CreateObject
0x4863f0|0.9090909090909091|TFileBasedDocument::`scalar deleting destructor'
0x486420|0.5|TFileBasedDocument::CreateTFileBasedDocumentInstance
0x486440|1.0|TFileBasedDocument::GetRuntimeClass
0x486530|0.6666666666666666|TDocument::OrphanRetStub_00486530
0x486550|0.6666666666666666|TDocument::OrphanRetStub_00486550
0x486570|0.4897959183673469|TCommandHandler::CreateObject
0x4865e0|0.9090909090909091|TCommandHandler::`scalar deleting destructor'
0x486610|0.5|TCommandHandler::CreateTCommandHandlerInstance
0x486630|1.0|TCommandHandler::GetRuntimeClass
0x486650|1.0|TCommandHandler::ConstructTCommandHandlerBaseState
0x486680|0.47058823529411764|TApplication::CreateObject
0x486740|1.0|TApplication::GetRuntimeClass
0x486760|0.8648648648648649|TApplication::TApplication
0x4867b0|1.0|TApplication::`scalar deleting destructor'
0x4867e0|0.9|TApplication::~TApplication
0x486880|1.0|TApplication::SetActiveView
0x4868a0|1.0|TApplication::GetActiveView
0x4868c0|0.32786885245901637|PumpUiMessagesAndBackgroundTasks
0x486960|1.0|TApplication::InModalState
0x486990|1.0|TApplication::GetDefaultCursorRegion
0x4869b0|1.0|TApplication::InstallCohandler
0x486b10|1.0|TApplication::Idle
0x486b50|1.0|TApplication::DispatchQueuedUiCommandAndRelease
0x486ba0|0.015151515151515152|TApplication::vmethod_0017
0x486df0|1.0|CList<void *,void *>::Serialize(class CArchive &)
0x486f60|1.0|CList<void *,void *>::`scalar deleting destructor'(unsigned int)
0x486f90|0.9696969696969697|CList<void *,void *>::~CList<void *,void *>
0x487150|0.25|WrapperFor_ftol_At00487150
0x487180|0.3888888888888889|TBehavior::CreateObject
0x4871c0|1.0|TBehavior::GetRuntimeClass
0x4871e0|1.0|TBehavior::TBehavior
0x487210|0.9090909090909091|TBehavior::`scalar deleting destructor'
0x487240|0.5|DestructTBehaviorAndMaybeFree_Impl
0x487280|1.0|TBehavior::SetOwner
0x4872a0|1.0|TBehavior::IsEnabled
0x4872c0|1.0|TBehavior::SetEnabled
0x4872e0|1.0|TBehavior::Draw
0x487300|0.32558139534883723|TDialogBehavior::CreateObject
0x487350|1.0|TDialogBehavior::GetRuntimeClass
0x487370|0.07692307692307693|TDialogBehavior::TDialogBehavior
0x4873b0|0.9090909090909091|TDialogBehavior::`scalar deleting destructor'
0x4873e0|0.5|DestructTDialogBehaviorAndMaybeFree_Impl
0x487400|1.0|TDialogBehavior::SetUiColorDescriptorGoldTriplet
0x487430|0.75|TDialogBehavior::Dismiss
0x487470|1.0|TDialogBehavior::DoEvent
0x4874b0|0.22818791946308725|TDialogBehavior::DoKeyEvent
0x4875d0|0.6938775510204082|TDialogBehavior::DoCommandKeyEvent
0x487660|0.972972972972973|TDialogBehavior::PoseModally
0x4877c0|0.358974358974359|TCommand::CreateObject
0x487800|1.0|TCommand::GetRuntimeClass
0x487820|1.0|TCommand::TCommand
0x487850|0.9090909090909091|TCommand::`scalar deleting destructor'
0x487880|0.5|DestructTCommandAndMaybeFree_Impl
0x4878a0|1.0|TCommand::InitializeRangePair
0x4878e0|1.0|TCommand::Free
0x487900|1.0|TCommand::NextDiplomacyCommandVtableSlotE8_NotifyOwnerSlot94
0x487a00|1.0|TCommand::DoIt
0x487a60|1.0|DispatchTSortedListDefaultCompare
0x487a90|1.0|TSortedList::CreateObject
0x487b10|1.0|TSortedList::GetRuntimeClass
0x487b30|1.0|TSortedList::Compare
0x487b60|1.0|TSortedList::QuickSort
0x487bd0|0.8554216867469879|TSortedList::QSPartitionCore
0x487cc0|0.42857142857142855|TSortedList::QSPartition
0x487d90|1.0|TSortedList::Sort
0x487dd0|1.0|TSortedList::SortBy
0x487e10|0.13333333333333333|FindOneBasedNodeIndexByValueInLinkedList
0x487e50|1.0|TList::CreateObject
0x487ed0|1.0|TList::GetRuntimeClass
0x487ef0|0.9230769230769231|CIterator::Reset
0x487f20|1.0|CIterator::More
0x487f40|0.9090909090909091|CIterator::Advance
0x487f70|1.0|TLongintList::NoOpWriteTo
0x487f90|1.0|TLongintList::NoOpReadFrom
0x487fb0|0.13333333333333333|ClearInvalidArmyTileSelectionsAndCycleInteraction_Impl_At00487fb0
0x487fe0|0.5714285714285714|ClearInvalidArmyTileSelectionsAndCycleInteraction_Impl_At00487fe0
0x488000|0.15384615384615385|ClearInvalidArmyTileSelectionsAndCycleInteraction_Impl
0x488030|0.4897959183673469|TSortedPtrList::CreateObject
0x4880a0|1.0|TSortedPtrList::ClearAndFreeAllPtrListRecords
0x4880f0|1.0|TSortedPtrList::InvokePtrListResetHook
0x488110|1.0|TSortedPtrList::ReleasePtrList
0x488140|1.0|TSortedPtrList::SelfDelete
0x488160|1.0|TSortedPtrList::GetPtrListEntryByOneBasedIndex
0x488190|1.0|TSortedPtrList::RemovePtrListEntryByOneBasedIndexAndFree
0x4881d0|1.0|TSortedPtrList::PeekFirstPtrListEntry
0x4881f0|0.7361111111111112|TSortedPtrList::InsertCopiedRecordSortedByComparator
0x4882c0|1.0|TSortedPtrList::AppendCopiedRecordToPtrList
0x488310|1.0|TSortedPtrList::InsertCopiedRecordAtFrontOfPtrList
0x488360|1.0|TSortedPtrList::Compare
0x488390|0.9090909090909091|TSortedPtrList::`scalar deleting destructor'
0x4883e0|1.0|TSortedPtrList::GetRuntimeClass
0x488400|0.4897959183673469|TPtrList::CreateObject
0x488470|1.0|TPtrList::InsertCopiedRecordAtFrontOfPtrListAlt
0x4884c0|0.9090909090909091|TPtrList::`scalar deleting destructor'
0x488510|1.0|TPtrList::GetRuntimeClass
0x4885d0|1.0|TSortedList::AddHead
0x4885f0|1.0|TSortedList::AddHeadEx
0x488610|1.0|TSortedList::AddTail
0x488630|1.0|TSortedList::AddTailEx
0x488650|1.0|TSortedList::AddTailSlot38
0x488670|1.0|TSortedList::RemoveTail
0x488690|1.0|TSortedList::AddTailSlot40
0x4886b0|1.0|TSortedList::RemoveHead
0x4886d0|1.0|TSortedList::GetCount
0x4886f0|0.7777777777777778|TSortedList::GetEntryByOrdinal
0x488720|0.9230769230769231|TSortedList::RemoveAtOrdinal
0x488750|0.42105263157894735|TSortedList::FreePayloads
0x488790|1.0|TSortedList::Free
0x4887b0|1.0|TSortedList::FreePayloadsAndDestroy
0x4887e0|1.0|TSortedList::RemoveAll
0x488800|1.0|TSortedList::ReadFrom
0x488820|1.0|TSortedList::WriteTo
0x488840|0.9|TSortedList::SetAtOrdinal
0x488870|0.9090909090909091|TList::`scalar deleting destructor'
0x4888a0|0.1111111111111111|WrapperFor_DestructCPtrListBaseState_At004888a0
0x4888f0|0.9090909090909091|TSortedList::`scalar deleting destructor'
0x488920|0.1111111111111111|TStream::CreateTStreamInstance
0x4889a0|0.0|TStream::CreateObject
0x4889d0|1.0|TStream::GetRuntimeClass
0x488a10|0.9090909090909091|TStream::`scalar deleting destructor'
0x488a40|0.5|TStream::DestructTStreamAndMaybeFree
0x488a80|0.6875|TStream::streamSlot38
0x488ab0|1.0|TStream::Free
0x488ad0|1.0|TStream::streamSlot28
0x488af0|1.0|TStream::streamSlot30
0x488b10|0.2|TStream::AssertMcAppStreamLine304
0x488b40|1.0|TStream::ReadBytes
0x488b60|1.0|TStream::ReadInteger
0x488b90|1.0|TStream::streamSlot44
0x488bc0|1.0|TStream::streamSlot48
0x488bf0|1.0|TStream::ReadShort
0x488c20|1.0|TStream::streamSlot50
0x488c50|1.0|TStream::streamSlot70
0x488ca0|1.0|TStream::streamSlot6c
0x488ce0|1.0|TStream::streamSlot54
0x488d20|1.0|TStream::streamSlot58
0x488d40|1.0|TStream::streamSlot5c
0x488d60|1.0|TStream::streamSlot60
0x488d80|1.0|TStream::streamSlot64
0x488da0|1.0|TStream::streamSlot68
0x488dd0|1.0|TStream::streamSlot74
0x488e00|0.2222222222222222|TStream::AssertMcAppStreamLine596
0x488e30|1.0|TStream::streamSlot2c
0x488e50|1.0|TStream::streamSlot34
0x488e70|1.0|TStream::WriteBytesSlot78
0x488e90|1.0|TStream::streamSlot7c
0x488eb0|1.0|TStream::streamSlot80
0x488ed0|1.0|TStream::streamSlot84
0x488ef0|1.0|TStream::WriteCountSlot88
0x488f10|1.0|TStream::streamSlot8c
0x488f30|1.0|TStream::streamSlot90
0x488f50|1.0|TStream::streamSlot94
0x488f70|1.0|TStream::streamSlot98
0x488f90|1.0|TStream::streamSlot9c
0x488fb0|1.0|TStream::streamSlotA0
0x488fd0|1.0|TStream::streamSlotA4
0x488ff0|0.10526315789473684|TStream::OrphanCallChain_C2_I18_00488ff0
0x489030|1.0|TStream::streamSlotAc
0x489070|1.0|TStream::WriteLengthPrefixedCString
0x4890c0|0.0|TFileStream::CreateObject
0x4890f0|1.0|TFileStream::GetRuntimeClass
0x489110|0.16666666666666666|TFileStream::TFileStream
0x489130|0.9090909090909091|TFileStream::`scalar deleting destructor'
0x489160|1.0|TFileStream::SetBackingArchive
0x489180|0.0|TFileStream::streamSlot28
0x4891a0|0.0|TFileStream::streamSlot30
0x4891c0|0.2|TFileStream::streamSlot2c
0x4891f0|0.2222222222222222|TFileStream::streamSlot34
0x489220|1.0|TFileStream::ReadBytes
0x489290|1.0|TFileStream::WriteBytesSlot78
0x489300|1.0|TFileStream::ReadByte
0x489330|1.0|TFileStream::WriteObjectSlotB4
0x489360|1.0|TFileStream::streamSlot70
0x489390|0.25|TFileStream::streamSlotAc
0x4893c0|0.0|TCountingStream::CreateObject
0x4893f0|1.0|TCountingStream::GetRuntimeClass
0x489410|0.125|TCountingStream::TCountingStream
0x489440|1.0|TCountingStream::`scalar deleting destructor'
0x489470|0.0|TCountingStream::~TCountingStream
0x489490|1.0|TCountingStream::PrepareForUse
0x4894b0|1.0|TCountingStream::streamSlot28
0x4894d0|1.0|TCountingStream::streamSlot2c
0x489500|1.0|TCountingStream::streamSlot30
0x489520|1.0|TCountingStream::streamSlot34
0x489550|1.0|TCountingStream::WriteBytesSlot78
0x489580|0.0|THandleStream::CreateObject
0x4895c0|1.0|THandleStream::GetRuntimeClass
0x4895e0|0.09090909090909091|THandleStream::THandleStream
0x489610|1.0|THandleStream::`scalar deleting destructor'
0x489640|0.0|THandleStream::~THandleStream
0x489660|1.0|THandleStream::AttachGlobalMemoryHandleAndResetPosition
0x4896a0|0.09523809523809523|THandleStream::Free
0x4896e0|1.0|THandleStream::streamSlot28
0x489700|1.0|THandleStream::streamSlot30
0x489720|1.0|THandleStream::GrowthSize
0x489740|1.0|THandleStream::streamSlot2c
0x489760|0.11764705882352941|THandleStream::streamSlot34
0x4897a0|0.06451612903225806|THandleStream::ReadBytes
0x489810|0.041666666666666664|THandleStream::WriteBytesSlot78
0x489980|1.0|TStream::ReadByte
0x4899a0|1.0|TStream::WriteObjectSlotB4
0x489a20|0.25|WrapperFor_ftol_At00489a20
0x489a50|1.0|SetGlobalUiInvalidationFlagAndReturnPrevious
0x489a70|1.0|GetMcAppUiActiveFlag
0x489a90|1.0|ClearGlobalUiInvalidationFlagAndReturnPrevious
0x489ab0|0.2857142857142857|WrapperFor_AppendPointerToGlobalVectorAsStatus_At00489ab0
0x489b60|0.2909090909090909|NotifyGlobalCaptureOwnerState1WithCachedCoords
0x489bf0|0.86|TMouseCaptureState::BeginMouseCaptureForControlAndStartRepeatTimer
0x489cb0|0.95|TMouseCaptureState::NotifyCaptureOwnerState1AndMaybeUpdateCoords
0x489d40|0.8367346938775511|TMouseCaptureState::EndMouseCaptureAndStopRepeatTimer
0x489e40|0.6666666666666666|RenderMapOrderEntryTilePreview_Impl
0x489ee0|0.5|TEvent::CreateTEventInstance
0x489f00|1.0|TEvent::CreateObject
0x489f40|1.0|TEvent::GetRuntimeClass
0x489f90|0.0|RemoveUiListEntryByOwnerIdAndRecycleStorage
0x48a070|1.0|TEventHandler::CreateTEventHandlerInstance
0x48a0a0|0.3157894736842105|TEventHandler::CreateObject
0x48a0e0|1.0|TEventHandler::GetRuntimeClass
0x48a100|0.15384615384615385|TEventHandler::InitializeUiResourceEntryBaseHeaderDefaults
0x48a130|0.9090909090909091|TEventHandler::`scalar deleting destructor'
0x48a160|0.5|DestructTEventHandlerAndMaybeFree_Impl
0x48a180|1.0|TEventHandler::InitializePacketHeaderFields_Tag20202020
0x48a1b0|1.0|TEventHandler::Free
0x48a240|1.0|TEventHandler::GetBoolSlot28
0x48a260|1.0|TEventHandler::SetControlValue
0x48a280|1.0|TEventHandler::HandleEvent
0x48a2c0|1.0|TEventHandler::QueryStepValue
0x48a2e0|1.0|TEventHandler::DispatchEvent
0x48a310|1.0|TEventHandler::vmethod_0017
0x48a380|1.0|TEventHandler::ForwardParam
0x48a3b0|1.0|TEventHandler::DispatchQueuedUiCommandAndRelease
0x48a3f0|1.0|TEventHandler::DispatchUiSelectionToHandler
0x48a410|1.0|TEventHandler::HandleIdle
0x48a480|1.0|TEventHandler::DoIdle
0x48a4a0|1.0|TEventHandler::RemoveBehavior
0x48a4d0|1.0|TEventHandler::AddBehavior
0x48a500|1.0|TEventHandler::IsActiveView
0x48a530|1.0|TEventHandler::vmethod_0023
0x48a550|0.5|TEventHandler::GetDeactivateVetoCode
0x48a570|0.8518518518518519|TEventHandler::ActivateCityProductionViewIfAllowed
0x48a5e0|0.8524590163934426|TEventHandler::TryDeactivateActiveView
0x48a650|1.0|TEventHandler::HandleCityProductionNoOp
0x48a670|1.0|TEventHandler::DispatchCityProductionAction1A
0x48a690|1.0|TEventHandler::OnDeactivated
0x48a6b0|1.0|TEventHandler::OnDeactivateVetoed
0x48a6d0|1.0|TEventHandler::DispatchUiCommand19ToParent
0x48a6f0|0.2727272727272727|TEventHandler::ContinueModal
0x48a710|1.0|TEventHandler::vmethod_0081
0x48a730|1.0|TEventHandler::OwnerPanel
0x48a7c0|0.5277777777777778|TEventHandler::ShallowClone
0x48a840|1.0|TView::CreateObject
0x48a8c0|1.0|TView::GetRuntimeClass
0x48a8e0|0.7894736842105263|TView::TView
0x48a9a0|1.0|TView::`scalar deleting destructor'
0x48a9d0|0.9032258064516129|TView::~TView(void)
0x48aa60|1.0|TView::InitializeUiResourceEntryFrameAndParent
0x48aaf0|0.5915492957746479|TView::DispatchControlEventToChildrenAndSelf
0x48ab70|1.0|TView::DoPostCreate
0x48ab90|1.0|TView::ForwardMapViewVirtualC4IfPresent
0x48abc0|1.0|TView::NoOpUiCallback
0x48abe0|0.9925925925925926|TView::AttachChildControl
0x48ae60|0.519774011299435|TView::DetachChildFromOwnerList
0x48af80|1.0|TView::SwitchActiveChildAndNotify
0x48afd0|0.4666666666666667|TView::ResolveControlByTag
0x48b070|0.7096774193548387|TView::SetState
0x48b0b0|1.0|TView::Free
0x48b180|0.5714285714285714|TView::OwnerPanel
0x48b1a0|0.5714285714285714|TView::QueryOwnerContextPanel
0x48b1c0|1.0|TView::SetEnabled
0x48b200|1.0|TView::IsActionable
0x48b250|0.918918918918919|TView::CaptureLayoutF0
0x48b2d0|0.19130434782608696|TView::RecomputeAbsolutePositionRecursive
0x48b3f0|0.75|TView::CaptureLayout
0x48b4b0|0.2814814814814815|TView::InvalidateOffsetRegionUsingChildClipRect
0x48b5f0|0.4819277108433735|TView::InvalidateCityDialogRectRegion
0x48b690|1.0|TView::ValidateControlRectIfWindowActive
0x48b6d0|1.0|TView::RefreshControl
0x48b700|1.0|TView::InvokeSlot13C
0x48b770|1.0|TView::PrepareForDrawing
0x48b7b0|1.0|TView::BindMapQuickDrawDc
0x48b7e0|1.0|TView::ReleaseMapQuickDrawDc
0x48b810|1.0|TView::EnsureField48Buffer
0x48b860|1.0|TView::PaintOrInvalidateControl
0x48b8d0|1.0|TView::PaintVisibleChildrenIntersectingClipRect
0x48ba40|1.0|TView::TranslatePointToParentChain4E
0x48ba80|0.6666666666666666|TView::TranslatePointToParentChain4D
0x48bac0|0.6666666666666666|TView::SubtractPosAndDispatchToOwnerSlot19C
0x48bb00|0.375|TView::OffsetRectByControlPosition
0x48bb30|1.0|TView::GetCachedPosPoint
0x48bb60|1.0|TView::TransformPointViaSlot138
0x48bbb0|0.4117647058823529|TView::TransformRectViaSlot148
0x48bc30|1.0|TView::AddControlPosToPoint
0x48bc60|0.2413793103448276|TView::OffsetRectByCachedPos
0x48bce0|0.6818181818181818|TView::BuildRectFromSlot158
0x48bd30|0.017094017094017096|TCityDialogModalState_00649A50::CopyCityDialogStateFromSourceAndCloneChildLinks
0x48bef0|1.0|TView::CopyViewStateFromSource
0x48bfd0|1.0|TView::ShallowClone
0x48c000|0.8|TView::EvaluateControlInputGate
0x48c050|0.6153846153846154|TView::HasRenderableParentAndContent
0x48c080|0.6242774566473989|TView::HandleCursorHoverSelectionByChildHitTestAndFallback
0x48c1c0|1.0|TView::NoOpClipRegionSlot2D
0x48c1e0|1.0|TView::RefreshCityProductionViewStateFromContext
0x48c220|0.4166666666666667|TView::SetHoverHelpText
0x48c250|0.6666666666666666|TView::HandleCursorHoverFallback
0x48c380|0.6608695652173913|TView::ApplyBounds
0x48c450|0.6918918918918919|TView::DispatchUiMouseMoveToChildren
0x48c590|0.6185567010309279|TView::HandleMouseUp
0x48c6d0|0.875|TView::PointInBoundsAndActionable
0x48c750|1.0|TView::DrawRectangleInCurrentUiContext
0x48c7a0|1.0|TView::AssertMcAppUiLine1914
0x48c7d0|1.0|TView::AssertMcAppUiLine1922
0x48c820|0.52|TView::Open
0x48c890|0.4897959183673469|TView::Close
0x48c900|0.5614035087719298|TView::PropagateUiResourceContextRecursive
0x48c970|1.0|TView::GetHelpState
0x48c990|0.9473684210526315|TView::TestPointInBounds
0x48c9e0|1.0|TView::ReturnFromUiSlot60
0x48ca00|1.0|TView::ReturnFromUiSlot61
0x48ca20|1.0|TView::ReturnFromUiSlot62
0x48ca40|1.0|TView::ReturnFromUiSlot63
0x48ca60|0.4897959183673469|TScroller::CreateObject
0x48cad0|0.9090909090909091|TScroller::`scalar deleting destructor'
0x48cb00|0.0625|TView::~TView(void)
0x48cb90|1.0|TScroller::GetRuntimeClass
0x48cbb0|0.8888888888888888|TScroller::InitializeScrollerPlacement
0x48cc40|0.3291139240506329|TIncludeView::CreateObject
0x48cd50|1.0|TIncludeView::GetRuntimeClass
0x48cd70|0.5747126436781609|TIncludeView::TIncludeView
0x48ce40|0.9090909090909091|TIncludeView::`scalar deleting destructor'
0x48ce70|0.05714285714285714|DestructTIncludeViewAndMaybeFree_Impl
0x48cf10|1.0|TIncludeView::BuildTurnEventFactoryPacket
0x48cfd0|0.7238095238095238|TIncludeView::DoPostCreate
0x48d090|0.27586206896551724|TWindow::CreateObject
0x48d220|1.0|TWindow::GetRuntimeClass
0x48d240|0.2222222222222222|InitializeViewModalStateNodeBlockChainHeadAndRegisterAtExit
0x48d270|0.0|DestroyViewModalStateNodeBlockChainAtExit
0x48d290|0.9285714285714286|GetModalStackTopHostView
0x48d4a0|0.2222222222222222|InitializeTWindowUnlinkDestructState_006A1A40_AndRegisterAtExit
0x48d4d0|0.0|DestroyTWindowUnlinkDestructState_006A1A40_AtExitOnce
0x48d500|0.3793103448275862|TWindow::TWindow
0x48d640|1.0|TWindow::`scalar deleting destructor'
0x48d670|0.2085889570552147|TWindow::~TWindow
0x48d840|1.0|GetLiveRegistryHeadHostView
0x48d8a0|1.0|TWindow::SetField88And8c
0x48d8d0|1.0|TWindow::AssertMcAppUILine2358
0x48d900|0.6756756756756757|TWindow::OrphanCallChain_C2_I39_0048d900
0x48d980|1.0|TWindow::IsActionable
0x48d9c0|0.9230769230769231|TWindow::SetWindowText
0x48d9f0|0.9090909090909091|TWindow::GetWindowText
0x48da10|1.0|TWindow::IsModal
0x48da40|1.0|TWindow::SetModality
0x48da60|0.3786407766990291|TWindow::PoseModally
0x48dc60|1.0|TWindow::IsDismissed
0x48dc90|1.0|TWindow::Dismiss
0x48dcc0|1.0|TWindow::GetDialogBehavior
0x48dce0|1.0|TWindow::AssertMcAppUILine2554
0x48dd10|1.0|TWindow::DispatchEvent
0x48dd50|0.5925925925925926|TWindow::HandleEvent
0x48ddc0|1.0|TWindow::SetWindowTarget
0x48de00|0.1940928270042194|TWindow::Open
0x48e060|0.5052631578947369|TWindow::Close
0x48e120|1.0|TWindow::CloseAndFree
0x48e150|0.9310344827586207|TWindow::CenterWindowOrPositionWithinWorkArea
0x48e1c0|0.5|TWindow::TestPointInBounds
0x48e1e0|1.0|TWindow::ReturnFromUiSlot60
0x48e210|1.0|TWindow::ReturnFromUiSlot61
0x48e240|1.0|TWindow::ReturnFromUiSlot62
0x48e270|1.0|TWindow::ReturnFromUiSlot63
0x48e2a0|0.9166666666666666|TWindow::Free
0x48e430|0.4507042253521127|TControl::CreateObject
0x48e500|1.0|TControl::GetRuntimeClass
0x48e520|0.8571428571428571|TControl::TControl
0x48e590|0.9090909090909091|TControl::`scalar deleting destructor'
0x48e640|0.8372093023255814|TControl::BeginMouseCaptureAndStartRepeatTimer
0x48e710|0.3469387755102041|TControl::HandleEvent
0x48e7a0|1.0|TControl::SetTextColorAndMaybeRefresh
0x48e7d0|1.0|TControl::SetTextStyleAndMaybeRefresh
0x48e810|1.0|TControl::HiliteState
0x48e850|0.4457831325301205|TControl::DispatchPictureResourceCommand
0x48e940|1.0|TControl::PointInBoundsAndActionable
0x48e980|1.0|TControl::BuildInsetContentRect
0x48e9c0|1.0|TControl::NoOpUiViewSlotHandler
0x48e9e0|0.6666666666666666|TControl::ReturnZeroFromUiSlot6C
0x48ea00|0.4155844155844156|TCtlMgr::CreateObject
0x48eaf0|1.0|TCtlMgr::GetRuntimeClass
0x48eb10|0.41025641025641024|TButton::CreateObject
0x48ec00|0.9090909090909091|TButton::`scalar deleting destructor'
0x48ec30|0.0625|TView::~TView(void)
0x48ecc0|1.0|TButton::GetRuntimeClass
0x48ece0|0.41025641025641024|TRadio::CreateObject
0x48edd0|0.9090909090909091|TRadio::`scalar deleting destructor'
0x48ee00|0.0625|TView::~TView(void)
0x48ee90|1.0|TRadio::GetRuntimeClass
0x48eeb0|0.4266666666666667|TPicture::CreateObject
0x48efa0|1.0|TPicture::GetRuntimeClass
0x48efc0|0.42105263157894735|TPicture::TPicture
0x48f050|1.0|TPicture::`scalar deleting destructor'
0x48f080|0.0|TRadio::Helper_Uses_thunk_CopyCityDialogStateFromSourceAndCloneChildLinks_At0048f080
0x48f250|0.547945205479452|TPicture::~TPicture
0x48f330|1.0|TPicture::InitializePictureEntryBaseAndRefresh
0x48f3c0|1.0|TPicture::ApplyRectSlot110
0x48f520|0.896551724137931|TPicture::ResetPictureResourceEntry
0x48f570|0.7654320987654321|TPicture::SetPictureResourceIdAndRefresh
0x48f610|0.36363636363636365|PictureFallbackSizeScratch::Set
0x48f640|0.7766990291262136|TPicture::ShallowClone
0x48f710|0.28865979381443296|TStaticText::CreateObject
0x48f870|1.0|TStaticText::GetRuntimeClass
0x48f890|0.5617977528089888|TStaticText::TStaticText
0x48f9a0|1.0|TStaticText::`scalar deleting destructor'
0x48f9d0|0.028169014084507043|TMyNumberText::CloneCityDialogStateWithSharedStringInit
0x48fb10|1.0|TStaticText::CopyViewStateFromSource
0x48fc00|0.9285714285714286|TStaticText::ShallowClone
0x48fc30|0.7323943661971831|TStaticText::~TStaticText
0x48fd00|0.631578947368421|TStaticText::InitializeTextEntryBaseAndOptionalStringResource
0x48fe60|0.9056603773584906|TStaticText::SetTextAndMaybeRefresh
0x48fed0|1.0|TStaticText::SetTextFromStringResource
0x48ff70|1.0|TStaticText::SetTextAlignmentAndMaybeRefresh
0x48ffb0|0.624113475177305|TStaticText::ApplyRectSlot110
0x4900a0|0.45977011494252873|TStaticText::DrawTextAligned
0x490210|0.2916666666666667|TEditText::CreateObject
0x490380|1.0|TEditText::GetRuntimeClass
0x4903a0|0.2|TEditText::TEditText
0x4904d0|0.4943820224719101|TEditText::~TEditText
0x4905e0|0.0|WrapperFor_thunk_InitializeTextEntryBaseAndOptionalStringResource_At004905e0
0x490650|1.0|TEditText::Close
0x4906a0|0.6956521739130435|TEditText::ApplyRectSlot110
0x4906d0|1.0|TEditText::GetBoolSlot28
0x4906f0|0.45454545454545453|TEditText::SetControlValue
0x490730|1.0|TEditText::SetEnabled
0x4907a0|0.0136986301369863|TEditText::Open
0x490a50|0.5|TEditText::SetEditSelectionAndScrollCaret
0x490aa0|1.0|TEditText::ActivateCityProductionViewIfAllowed
0x490ad0|0.3076923076923077|TEditText::Free
0x490bc0|0.06896551724137931|TEditText::DispatchUiMouseMoveToChildren
0x490c10|1.0|TEditText::HandleCityProductionNoOp
0x490c30|1.0|TEditText::vmethod_0081
0x490c70|1.0|TEditText::GetCurrentText
0x490cb0|1.0|TEditText::SetTextAlignmentAndMaybeRefresh
0x490cf0|0.02531645569620253|TEditText::InitDialogWindowAndSyncTitleIfChanged
0x490e50|0.625|TEditText::RecomputeAbsolutePositionRecursive
0x490ed0|0.28865979381443296|TNumberText::CreateObject
0x491040|1.0|TNumberText::GetRuntimeClass
0x491060|0.875|TNumberText::ConstructTNumberTextBaseState
0x4910e0|0.5569620253164557|TNumberText::SetControlValue
0x4911c0|1.0|TNumberText::UpdateControlCachedIntFromWindowText
0x4912b0|1.0|TNumberText::ShallowClone
0x491300|0.4383561643835616|TCluster::CreateObject
0x4913e0|1.0|TCluster::GetRuntimeClass
0x491400|0.4375|TCluster::TCluster
0x491480|0.9090909090909091|TCluster::`scalar deleting destructor'
0x4914b0|0.0625|DestructTClusterAndMaybeFree_Impl
0x4915d0|0.0|OrphanCallChain_C1_I31_004915d0
0x491650|0.5076142131979695|TCluster::HandleEvent
0x491770|1.0|TCluster::GetSelectedChildTag
0x491790|0.6436781609195402|TCluster::SetSelectedChildTagAndRefresh
0x4918a0|0.52|TCluster::ShallowClone
0x4919a0|1.0|CSubViewIterator::CSubViewIterator
0x491a00|1.0|CSubViewIterator::FirstSubView
0x491a70|1.0|CSubViewIterator::NextSubView
0x491ab0|1.0|CSubViewIterator::MoreSubViews
0x491ad0|0.9090909090909091|TTurnEventDialogFactoryRegistry::TTurnEventDialogFactoryRegistry
0x491b10|1.0|TTurnEventDialogFactoryRegistry::`scalar deleting destructor'
0x491b40|0.6666666666666666|TTurnEventDialogFactoryRegistry::~TTurnEventDialogFactoryRegistry
0x491be0|1.0|TTurnEventDialogFactoryRegistry::RegisterDialogFactoryCallback
0x491c80|1.0|TTurnEventDialogFactoryRegistry::ResolveDialogNodeByMessageContext
0x491cc0|0.9259259259259259|TTurnEventDialogFactoryRegistry::RunRegisteredDialogFactoriesByEventCode
0x491d80|1.0|TTurnEventDialogFactoryRegistry::InvokeDialogFactoryFromPacket
0x491e00|0.27350427350427353|TFloatWindow::CreateObject
0x491f90|1.0|TFloatWindow::GetRuntimeClass
0x491fb0|0.13953488372093023|TFloatWindow::TFloatWindow
0x492110|0.9090909090909091|TFloatWindow::`scalar deleting destructor'
0x492140|0.04081632653061224|DestructTWindowAndUnlinkGlobalWindowNode
0x492310|1.0|TFloatWindow::GetWindowTypeTag
0x492330|0.5052631578947369|TFloatWindow::Close
0x4923f0|1.0|CWMgrIterator::Reset
0x492440|1.0|CWMgrIterator::FirstWindow
0x492470|1.0|CWMgrIterator::NextWindow
0x4924a0|1.0|CWMgrIterator::More
0x4924c0|1.0|PopSinglyLinkedListHeadPointer
0x4924e0|0.0|EnsureChildResourceWindowAndNotify_Impl
0x492510|0.0|InitializeViewModalStateNodeBlockChainRuntimeClassFields
0x492550|0.0|UnlinkNodeFromDoublyLinkedListAndRecycle
0x4925e0|0.05714285714285714|DestructViewModalStateNodeBlockChainAndRestoreBaseRuntimeClass
0x492670|0.0|TCluster::SerializeRecordList_0x0C_WithBlockPool_C
0x4927e0|1.0|CList<TView * (__cdecl*)(CWnd *,int),TView * (__cdecl*)(CWnd *,int)>::Serialize
0x492950|0.0|TCluster::WrapperFor_FreeHeapBufferIfNotNull_At00492950
0x4929b0|0.9696969696969697|CList<TView * (__cdecl*)(CWnd *,int),TView * (__cdecl*)(CWnd *,int)>::~CList<TView * (__cdecl*)(CWnd *,int),TView * (__cdecl*)(CWnd *,int)>
0x492a40|0.0|WrapperFor_AllocateAndLinkBlockHead_At00492a40
0x492ac0|0.09090909090909091|WrapperFor_FreeLinkedBlockChain_At00492ac0
0x492b00|0.0|WrapperFor_FreeLinkedBlockChain_At00492b00
0x492b70|0.0|WrapperFor_StringSharedRef_AssignFromPtr_At00492b70
0x492c70|0.9090909090909091|TEvent::`scalar deleting destructor'
0x492ca0|0.5|WrapperFor_FreeHeapBufferIfNotNull_At00492c70_Impl
0x492cc0|1.0|TWindow::OwnerPanel
0x492ce0|1.0|TWindow::QueryOwnerContextPanel
0x492d00|1.0|TWindow::TranslatePointToParentChain4E
0x492d20|1.0|TWindow::TranslatePointToParentChain4D
0x492d40|1.0|TWindow::DispatchVslot134WithRectAndRectPlus8_Impl
0x492d60|1.0|TWindow::SubtractPosAndDispatchToOwnerSlot19C
0x492d80|1.0|TWindow::ShallowClone
0x492db0|0.0|WrapperFor_thunk_TemporarilyClearAndRestoreUiInvalidationFlag_At00492db0
0x492de0|0.9090909090909091|TCtlMgr::`scalar deleting destructor'
0x492e10|0.0625|TControl::DestructTControlBaseState
0x492ea0|0.0625|WrapperFor_FreeHeapBufferIfNotNull_At00492de0_Impl
0x492f30|1.0|TEditText::`scalar deleting destructor'
0x492f60|0.8|MciMovieWindowState::MciMovieWindowState
0x492fa0|1.0|MciMovieWindowState::Close
0x492fc0|1.0|MciMovieWindowState::OpenAndCenter
0x493090|1.0|MciMovieWindowState::Play
0x4930d0|1.0|MciMovieWindowState::Stop
0x4931e0|0.4|PlayDefaultMessageBeep
0x493200|0.08333333333333333|BusyWaitUntilShiftedTickDeadline
0x493250|0.6666666666666666|GetTickCountDiv16
0x4933a0|0.25|WrapperFor_ftol_At004933a0
0x4933d0|1.0|CMcWindow::CreateObject
0x493450|1.0|CMcWindow::GetRuntimeClass
0x493470|0.4189189189189189|CMcWindow::CMcWindow
0x493730|1.0|CMcWindow::`scalar deleting destructor'
0x493760|1.0|CMcWindow::~CMcWindow
0x4937e0|0.5|CMcWindow::GetMessageMap
0x493800|0.5277777777777778|CMcWindow::OnWindowStateMsg468
0x493819|0.2222222222222222|WrapperFor_ShowWindowOrForwardToSite_At00493819
0x493829|0.2222222222222222|WrapperFor_ShowWindowOrForwardToSite_At00493829
0x493839|0.11764705882352941|DestructObjectAndReleaseWithFlag_Field0F
0x4938c0|1.0|CMcWindow::OnPaint
0x493990|0.6086956521739131|CMcWindow::OnLButtonDown
0x493a00|1.0|CMcWindow::OnLButtonUp
0x493a70|1.0|CMcWindow::OnMouseMove
0x493b00|1.0|CMcWindow::OnClose
0x493b30|1.0|CMcWindow::OnKeyDown
0x493b50|1.0|CMcWindow::OnKeyUp
0x493c30|1.0|CMcWindow::OnCommand
0x493ca0|1.0|CMcWindow::OnQueryNewPalette
0x493cc0|1.0|CMcWindow::OnPaletteChanged
0x493ce0|0.0|AppendStatusPointerAndDispatchMessageFallback
0x493d30|0.0|thunk_WrapperFor_FreeHeapBufferIfNotNull_At00483ad0_Impl_At00493d30
0x493d80|1.0|CMcWindow::PreCreateWindow
0x493f30|0.25|WrapperFor_ftol_At00493f30
0x493f90|0.25|InitializeDefaultQuickDrawSurfaceContextAndRegisterAtExit
0x493fc0|0.0|DestroyDefaultQuickDrawSurfaceContextAtExit
0x493fe0|0.25|InitStub_thunk_InitializeGlobalClipRegionHandleState_At00493fe0
0x494040|0.6274509803921569|TQuickDrawClipStateInitializer
0x494130|0.47533632286995514|CreateFontFromPresetAndAttachRegionHandle
0x494370|0.1|WrapperFor_DeleteRegionHandleFromClipState_At00494370
0x4944e0|0.4266666666666667|UpdateGlobalFontPresetAndRebuildCachedFontIfDirty
0x4945f0|0.8461538461538461|BindScopedMapQuickDrawDcHandle
0x494660|1.0|GetActiveQuickDrawDc
0x494680|1.0|GetActiveQuickDrawSurfaceDib
0x4946b0|0.5714285714285714|ReleaseScopedMapQuickDrawDcHandle
0x494700|0.6306306306306306|ScopedMapQuickDrawContext::ScopedMapQuickDrawContext(class TView *)
0x4947e0|0.7578947368421053|ScopedMapQuickDrawContext::ScopedMapQuickDrawContext(class TView *, struct tagRECT *)
0x4948b0|0.7666666666666667|ScopedMapQuickDrawContext::~ScopedMapQuickDrawContext
0x494950|0.9259259259259259|RenderTacticalBattleSelectionAndUnitOverlayPass_Impl
0x494a90|0.7142857142857143|DrawTextWithCachedQuickDrawStyleState
0x494bf0|0.8947368421052632|RenderTradeScreenCommoditySummaryRows_Impl
0x494d20|0.03636363636363636|WrapperFor_CreateFontFromPresetAndAttachRegionHandle_At00494d20
0x494e00|0.2297872340425532|MeasureTextExtentWithCachedQuickDrawStyle
0x495000|0.5714285714285714|SetQuickDrawFillColor
0x495030|0.8888888888888888|SetQuickDrawColorAndPropagateIfChanged
0x495070|0.6666666666666666|SetQuickDrawStrokeColor
0x4950a0|0.8333333333333334|SetQuickDrawColorAndSyncGlobals
0x4950d0|1.0|SetGlobalBlitTransparentColorRaw
0x4950f0|0.275|SetQuickDrawFillColorFromPaletteIndex
0x4951e0|0.5555555555555556|UpdatePaletteIndexWithDefaultFallback
0x495230|1.0|SetQuickDrawTextFont
0x495260|1.0|SetQuickDrawTextSize
0x495290|1.0|SetQuickDrawTextFace
0x495310|1.0|SetQuickDrawStylePair_1D08_1D0C_AndMarkDirty
0x4953a0|1.0|ResetQuickDrawStrokeState
0x4953e0|0.3333333333333333|RenderUiBitmapOnRuntimeSurfaceContext_Impl
0x495400|0.1111111111111111|RenderUiBitmapOnRuntimeSurfaceContext_Impl_At00495400
0x495460|0.0|OrphanCallChain_C1_I15_00495460
0x4954a0|0.11764705882352941|WrapperFor_AttachRegionHandleToClipStateAndRegister_At004954a0
0x495520|0.9629629629629629|Region::~Region
0x4955b0|0.0|CBrush::Helper_Uses_AttachRegionHandleToClipStateAndRegister_At004955b0
0x4955f0|0.2857142857142857|BuildDiplomacyNationOverlayGeometryAndHitMasks_Impl
0x495610|1.0|DisposeRgn
0x495650|0.4943820224719101|PtInRgn
0x4956e0|0.038461538461538464|OrphanCallChain_C4_I50_004956e0
0x495780|0.038461538461538464|OrphanCallChain_C4_I50_00495780
0x495820|0.9787234042553191|NewRgn
0x4958e0|1.0|RectRgn
0x495920|0.40601503759398494|GetClip
0x495a30|0.5555555555555556|SetClip
0x495a80|0.9444444444444444|ClipRect
0x495b40|1.0|SetGlobalQuickDrawOrigin
0x495b70|0.6052631578947368|TBitmapResourceLoader::EnsureBitmapResourceLoadedAndCopyRectSize
0x495c00|1.0|TBitmapResourceLoader::ReleaseBitmapResource
0x495c40|0.22950819672131148|BlitBitmapResourceLoaderToActiveDc
0x495d00|0.6567164179104478|TBitmapSurfaceNode::TBitmapSurfaceNode
0x495e20|0.046511627906976744|TBitmapSurfaceContextDescriptor::Reset
0x495eb0|0.6712328767123288|TBitmapSurfaceContextDescriptor::InitializeSurfaceNode
0x495fd0|0.4578313253012048|TBitmapSurfaceContextDescriptor::ReleaseSurfaceNode
0x496090|0.5869565217391305|SetActiveQuickDrawSurfaceContext_Impl
0x4961b0|0.5333333333333333|SetActiveQuickDrawSurfaceContext
0x496270|1.0|GetActiveQuickDrawSurfaceContextAndFlags
0x4962a0|1.0|GetSurfaceNodeSlot
0x4962c0|0.16666666666666666|InitializeBitmapDescriptorRecordAndLoadSurfaceNode
0x496420|0.15384615384615385|WrapperFor_FreeHeapBufferIfNotNull_At00496420
0x496450|1.0|TransparentBlitBitmapUsingMaskedRasterOps
0x4967e0|1.0|TransparentBlitBitmapRegionUsingMaskedRasterOps
0x496b80|0.03333333333333333|BlitBitmapResourceToTemporaryCompatibleDcAndPresent
0x496d40|0.09071274298056156|BlitRectWithOptionalTransparency
0x497230|0.27586206896551724|InitializeGlobalRectDefaultsIfUninitialized
0x4972a0|1.0|InitializeTurnOrderNavigationDialogByViewportSize_Impl
0x4972c0|1.0|ReturnConstantTrueQuickDrawFlag
0x4972e0|1.0|NoOpQuickDrawLifecycleHookB
0x497300|1.0|GetSurfaceNodePixelBits
0x497320|0.9615384615384616|CTemporaryRegion::CTemporaryRegion
0x497390|1.0|CTemporaryRegion::~CTemporaryRegion
0x4974f0|0.09090909090909091|ReleaseGlobalClipRegionHandleListAndReset_006a1c98
0x497540|0.010050251256281407|Helper_Uses_AttachRegionHandleToClipStateAndRegister_At00497540
0x4977a0|1.0|UnionRgn
0x497810|0.6222222222222222|SetEmptyRgn
0x497860|0.038461538461538464|TDiplomacyMapView::FrameRegionOnHdcAndReleaseBrushState
0x497940|0.04|Helper_Uses_CBrush_At00497940
0x497a10|0.037037037037037035|Helper_Uses_AttachRegionHandleToClipStateAndRegister_At00497a10
0x497b30|0.10526315789473684|InitializeCityBuildingControlRegions_Impl
0x497bb0|1.0|CopyRgn
0x497c00|1.0|QDLoadResource
0x497c80|0.5185185185185185|SetQuickDrawTextOriginWithContextOffset
0x497d10|0.3781094527363184|DrawCenteredGuideLineOnMapDc
0x497ef0|0.9152542372881356|BitMapToRegion
0x497f60|1.0|OpenRgn
0x497f90|0.6666666666666666|CloseRgn
0x498070|0.03225806451612903|IntersectClipRegionWithRectAndUpdateBounds
0x498180|0.6790123456790124|QDFrameRect
0x4985b0|0.3333333333333333|InitializeBrushStateVtableAndClearHandle
0x498610|0.06666666666666667|WrapperFor_DeleteRegionHandleFromClipState_At00498610
0x498980|0.3181818181818182|FillRectWithQuickDrawBrushAndContextOffset
0x498aa0|0.5901639344262295|EmptyRgn
0x498b10|1.0|ProbeRectEmptyAfterCopyToLocal
0x498b50|0.2222222222222222|AssertQuickDrawFlag6A1DC8NonZero
0x498b80|0.36363636363636365|AssertQuickDrawFlag6A1DCCNonZero
0x498bb0|1.0|SectRect
0x498be0|0.48484848484848486|SetRectRgn
0x498c60|1.0|NoOpModalAnimWaitBracketHookA_00498c60
0x498c80|1.0|NoOpModalAnimWaitBracketHookB_00498c80
0x498ca0|1.0|HiliteColor
0x498cc0|0.07692307692307693|ShowDialogTemplateE0ModalAndReleaseCapture
0x498d60|1.0|TE0TemplateDialog::~TE0TemplateDialog
0x498dd0|1.0|TE0TemplateDialog::`scalar deleting destructor'
0x498e00|0.14285714285714285|WrapperFor_thunk_ResolveBmpResourceHandleWithDefault3B6_At00498e00
0x498f60|0.6938775510204082|TModuleLibraryCacheTableStateB::TModuleLibraryCacheTableStateB
0x498fe0|0.5166240409207161|TModuleLibraryCacheTableStateB::~TModuleLibraryCacheTableStateB
0x4992a0|1.0|TModuleLibraryCacheTableStateB::LoadModuleLibrarySlotWithErrorDialog
0x499380|0.8181818181818182|TModuleLibraryCacheTableStateB::LoadPrimaryDataLibraryWithErrorDialog
0x499440|0.967741935483871|TModuleLibraryCacheTableStateB::LoadUiStringResourceById
0x4994c0|0.8297872340425532|TModuleLibraryCacheTableStateB::LoadUiStringResourceByGroupAndIndex
0x4995a0|1.0|TModuleLibraryCacheTableStateB::ResolveDefaultLogPalette
0x4995c0|0.23076923076923078|TModuleLibraryCacheTableStateB::EnsureDefaultDibPalette
0x4997e0|0.31721470019342357|TModuleLibraryCacheTableStateB::LoadBmpResourceByIdCached
0x499b40|0.2857142857142857|TModuleLibraryCacheTableStateB::BuildIndexedBmpResourceById
0x499e80|0.012422360248447204|AllocateAndLinkBlockHeadPair_00499e80
0x49a0b0|0.7931034482758621|TModuleLibraryCacheTableStateB::IncrementDialogResourceRefCountByShortIdInRegistry
0x49a190|0.8990825688073395|TModuleLibraryCacheTableStateB::ReleaseRecordById
0x49a390|0.9244712990936556|TModuleLibraryCacheTableStateB::ReleaseRecordByHandle
0x49a590|0.0|LoadLocalizedStringByGroupAndIndexToSharedRef
0x49a6c0|0.0|TToolBarCluster::LoadStringOrThrow
0x49a7f0|0.027777777777777776|FilterStringByCharacterTypeFlag4AndAppend
0x49a910|0.019417475728155338|renderTemplateOrExpandTokens
0x49ad50|0.02666666666666667|RemoveHashIndexedRecordByShortKey
0x49ae30|0.9791666666666666|CMap<unsigned short,unsigned short,CacheRecord *,CacheRecord *>::~CMap<unsigned short,unsigned short,CacheRecord *,CacheRecord *>
0x49aef0|0.01015228426395939|TNetMgr::SerializeNodeMapEntries_Key16Value32_WithArchive
0x49b190|0.02666666666666667|BuildIndexedBmpResourceById_Impl
0x49b270|0.9791666666666666|CMap<void *,void *,CacheRecord *,CacheRecord *>::~CMap<void *,void *,CacheRecord *,CacheRecord *>
0x49b330|0.01015228426395939|TNetMgr::SerializeNodeMapEntries_Key32Value32_WithArchive
0x49b5d0|0.0|WrapperFor_FreeHeapBufferIfNotNull_At0049b5d0
0x49b600|0.0|WrapperFor_FreeHeapBufferIfNotNull_At0049b600
0x49b630|0.05405405405405406|ResolveBmpResourceHandleWithDefault3B6_Impl
0x49b6a0|0.05263157894736842|ResizePointerArrayAndZeroEntries_Simple
0x49b720|0.05405405405405406|WrapperFor_AllocateAndLinkBlockHead_At0049b720
0x49b7a0|0.08333333333333333|FindShortKeyHashNodeAndOutputBucketIndex
0x49b7f0|0.05263157894736842|ResizePointerArrayAndZeroEntries
0x49b870|0.05405405405405406|WrapperFor_AllocateAndLinkBlockHead_At0049b870
0x49b8f0|0.0|DestructModuleLibraryCacheAndHashTables_Impl
0x49b980|0.08333333333333333|ComputeBucketIndexAndScanNodeByKey
0x49b9d0|1.0|ResetGlobalPair6A1E20And6A1E24
0x49b9f0|1.0|ResetGlobalPair6A1E48And6A1E4C
0x49ba10|0.5|ResetGlobalQuad6A1E28To6A1E34
0x49ba40|0.5|ResetGlobalQuad6A1E38To6A1E44
0x49ba70|0.16666666666666666|ResetGlobalDword6A1E18
0x49baa0|0.2222222222222222|InitializeStaticDialogTemplateD0AndRegisterAtExit
0x49bad0|0.0|CleanupStaticDialogTemplateD0AtExit
0x49baf0|0.1|DestructStaticDialogTemplateD0Object
0x49bc00|1.0|ResetGlobalPair6A1E70And6A1E74
0x49bc20|1.0|ResetGlobalPair6A1F38And6A1F3C
0x49bc40|0.5|ResetGlobalQuad6A1F18To6A1F24
0x49bc70|0.5|ResetGlobalQuad6A1F28To6A1F34
0x49bca0|0.16666666666666666|ResetGlobalDword6A1E68
0x49bcd0|0.9454545454545454|TD0TemplateDialog::TD0TemplateDialog
0x49bd60|0.9090909090909091|TD0TemplateDialog::`scalar deleting destructor'
0x49bd90|0.0|PopulateListBoxFromDelimitedText
0x49bf60|1.0|TD0TemplateDialog::DoDataExchange
0x49bf90|0.5|TD0TemplateDialog::GetMessageMap
0x49bfb0|1.0|TD0TemplateDialog::OnOK
0x49bfd0|1.0|TD0TemplateDialog::OnCancel
0x49bff0|0.6666666666666666|ResetGlobalPair6A1F78And6A1F7C
0x49c010|0.6666666666666666|ResetGlobalPair6A1FA8And6A1FAC
0x49c030|0.5|ResetGlobalQuad6A1F88To6A1F94
0x49c060|0.5|ResetGlobalQuad6A1F98To6A1FA4
0x49c090|0.16666666666666666|ResetGlobalDword6A1F70
0x49c0c0|1.0|InitializeGlobalPair6A1FE8And6A1FECDefault
0x49c0f0|1.0|InitializeGlobalPair6A1FC0And6A1FC4Default
0x49c120|0.25|UpdateGlobalWord6A2008FromScaled6A1FC0
0x49c150|0.42857142857142855|TSoundResourceManager::CreateChannelBuffer
0x49c240|1.0|TSoundResourceManager::UpdateLocalizationAudioSlot
0x49c290|0.9733333333333334|TSoundResourceManager::LoadWaveFileByPathAndBuildBuffer
0x49c430|0.2743362831858407|TSoundResourceManager::LoadWaveResourceByNumericIdAndBuildBuffer
0x49c720|1.0|TSoundResourceManager::ReadWaveDataAndFormatViaLoaderWithRetry
0x49c850|1.0|TSoundResourceManager::SetChannelVolumesUntilAccepted
0x49c8e0|1.0|TSoundResourceManager::ReleaseDirectSoundDeviceAndChannels
0x49c970|0.6870229007633588|TSoundResourceManager::InitializeDirectSoundDeviceAndChannels
0x49ca50|0.05714285714285714|ReleaseRuntimeSelectionPeersAndResetOwner_Impl
0x49cac0|0.6666666666666666|ResetGlobalPair6A1FD0And6A1FD4
0x49cae0|0.6666666666666666|ResetGlobalPair6A2000And6A2004
0x49cb00|0.5|ResetGlobalQuad6A1FD8To6A1FE4
0x49cb30|0.5|ResetGlobalQuad6A1FF0To6A1FFC
0x49cb60|0.16666666666666666|ResetGlobalDword6A1FC8
0x49cbc0|1.0|TBackdropWindow::`scalar deleting destructor'
0x49cbf0|0.6666666666666666|TBackdropWindow::~TBackdropWindow
0x49cc20|0.5|OrphanVtableAssignStub_0049cc20
0x49cc40|1.0|SetCachedShowSplashFlag
0x49cc60|0.0|Function_0049cc60
0x49cca0|0.3106796116504854|CreateGlobalBackdropWindowWithDefaultBmp3B6
0x49cdf0|0.7466666666666667|RefreshBackdropOnInputMessages
0x49ce90|0.7878787878787878|TBackdropWindow::InitializeDefaultBackdropWindowFromBmp3B6
0x49cfa0|0.6593406593406593|TBackdropWindow::PostNcDestroy
0x49d090|0.5869565217391305|TBackdropWindow::OnCreate
0x49d180|0.8048780487804879|TBackdropWindow::OnPaint
0x49d290|0.6666666666666666|ResetGlobalPair6A2020And6A2024
0x49d360|0.4966442953020134|TModalDialogBase::PrepareAndCreateModalFromTemplate
0x49d450|0.4657534246575342|TModalDialogBase::DoModal
0x49d510|1.0|TModalDialogBase::CleanupModalCreateState
0x49d620|0.9333333333333333|TemporarilyClearAndRestoreUiInvalidationFlag
0x49d650|0.4444444444444444|TAdorner::CreateObject
0x49d6d0|1.0|TAdorner::GetRuntimeClass
0x49d6f0|0.5245901639344263|TDialogView::CreateObject
0x49d790|1.0|TDialogView::GetRuntimeClass
0x49d880|1.0|TDialogView::EnsureField48Buffer
0x49d8b0|0.9090909090909091|TDialogView::`scalar deleting destructor'
0x49d900|1.0|TAdorner::AddedToView
0x49d930|1.0|TAdorner::RemovedFromView
0x49d960|1.0|TAdorner::ReadFrom
0x49d990|1.0|TAdorner::WriteTo
0x49d9c0|1.0|TAdorner::Draw
0x49d9f0|1.0|TAdorner::ViewChangedFrame
0x49da20|1.0|TAdorner::InvalidateAdorner
0x49da50|1.0|TAdorner::DrawLine
0x49da80|1.0|TAdorner::DoesAdorn
0x49dab0|0.9090909090909091|TAdorner::`scalar deleting destructor'
0x49dae0|0.5|WrapperFor_FreeHeapBufferIfNotNull_At0049dab0_Impl
0x49db60|0.25|WrapperFor_ftol_At0049db60
0x49dd40|1.0|TNewGameCommand::CreateObject
0x49ddb0|0.4|TNewGameCommand::DoIt
0x49ddd0|0.9090909090909091|TNewGameCommand::`scalar deleting destructor'
0x49de00|0.5|TNewGameCommand::CreateTNewGameCommandInstance
0x49de20|1.0|TNewGameCommand::GetRuntimeClass
0x49de40|0.4897959183673469|TAmbitApplication::CreateObject
0x49deb0|1.0|TAmbitApplication::GetRuntimeClass
0x49ded0|0.8463768115942029|TAmbitApplication::InitializeGlobalRuntimeSystems
0x49e1a0|1.0|TAmbitApplication::Free
0x49e280|0.9629629629629629|TAmbitApplication::ReadFrom
0x49e2f0|1.0|TAmbitApplication::WriteTo
0x49e320|1.0|TAmbitApplication::HandleCursor
0x49e4b0|1.0|TAmbitApplication::ForwardParam
0x49e4e0|1.0|TAmbitApplication::CloseAndFreeWindow
0x49e500|1.0|TApplication::CreateAndQueueTurnEventPacketTagGWEN
0x49e5a0|0.42424242424242425|TAmbitFileBasedDocument::CreateObject
0x49e5d0|1.0|TAmbitFileBasedDocument::GetRuntimeClass
0x49e5f0|0.2|TAmbitFileBasedDocument::TAmbitFileBasedDocument
0x49e610|0.9090909090909091|TAmbitFileBasedDocument::`scalar deleting destructor'
0x49e640|0.5|DestructTAmbitFileBasedDocumentAndMaybeFree_Impl
0x49e660|0.6666666666666666|TAmbitFileBasedDocument::OrphanRetStub_0049e660
0x49e680|0.6666666666666666|TAmbitFileBasedDocument::OrphanRetStub_0049e680
0x49e6a0|0.0|TAmbitFileBasedDocument::OrphanRetStub_00486530
0x49eb30|0.009433962264150943|TAmbitFileBasedDocument::OrphanRetStub_00486550
0x49ee70|0.2|TAmbitFileBasedDocument::AssertUAmbitLine1335
0x49efd0|0.25|WrapperFor_ftol_At0049efd0
0x49f020|1.0|TAnimation::CreateObject
0x49f050|0.9090909090909091|TAnimation::`scalar deleting destructor'
0x49f080|0.5|TAnimation::CreateTAnimationInstance
0x49f0a0|1.0|TAnimation::GetRuntimeClass
0x49f0c0|0.7307692307692307|TAnimation::ConstructTAnimationBaseState
0x49f140|1.0|TAnimation::Tick
0x49f190|0.2978723404255319|TAnimation::DrawNextFrame
0x49f2d0|0.30851063829787234|TAnimation::LoadFrameIntoBuffer
0x49f450|0.42424242424242425|TCivAnimation::CreateObject
0x49f480|0.9090909090909091|TCivAnimation::`scalar deleting destructor'
0x49f4b0|0.5|TCivAnimation::CreateTCivAnimationInstance
0x49f4d0|1.0|TCivAnimation::GetRuntimeClass
0x49f580|1.0|TCivAnimation::Tick
0x49f600|0.42424242424242425|TCivAnimation2::CreateObject
0x49f630|0.9090909090909091|TCivAnimation2::`scalar deleting destructor'
0x49f660|0.5|TCivAnimation2::CreateTCivAnimation2Instance
0x49f680|1.0|TCivAnimation2::GetRuntimeClass
0x49f6a0|0.07142857142857142|TCivAnimation2::TCivAnimation2(class TView *, struct tagRECT *, int, int)
0x49f7c0|0.6751592356687898|TCivAnimation2::Tick
0x49f8e0|0.18666666666666668|TCivAnimation2::DrawNextFrame
0x49fcc0|1.0|TOneTimeAnimation::CreateObject
0x49fcf0|1.0|TOneTimeAnimation::`scalar deleting destructor'
0x49fd20|0.0|TOneTimeAnimation::~TOneTimeAnimation
0x49fd40|1.0|TOneTimeAnimation::GetRuntimeClass
0x49fd60|0.8148148148148148|TOneTimeAnimation::ConstructTOneTimeAnimationBaseState
0x49fde0|0.9256198347107438|TOneTimeAnimation::Tick
0x49fef0|0.42424242424242425|TCouncilTickerAnimation::CreateObject
0x49ff20|0.9090909090909091|TCouncilTickerAnimation::`scalar deleting destructor'
0x49ff50|0.5|TCouncilTickerAnimation::CreateTCouncilTickerAnimationInstance
0x49ff70|1.0|TCouncilTickerAnimation::GetRuntimeClass
0x49ff90|0.4|TCouncilTickerAnimation::ConstructTCouncilTickerAnimationBaseState
0x49ffe0|0.7407407407407407|TCouncilTickerAnimation::Tick
0x4a0020|0.4117647058823529|TFocusAnimation::CreateObject
0x4a0050|0.9090909090909091|TFocusAnimation::`scalar deleting destructor'
0x4a0080|0.5|TFocusAnimation::CreateTFocusAnimationInstance
0x4a00a0|0.5|TFocusAnimation::GetRuntimeClass
0x4a0140|1.0|TFocusAnimation::Tick
0x4a0190|1.0|TFocusAnimation::IdleDraw
0x4a0250|1.0|TFocusAnimation::DrawNextFrame
0x4a0280|0.25125628140703515|TFocusAnimation::ClipAndPaste
0x4a03f0|0.32432432432432434|TTransFocusAnimation::CreateObject
0x4a0430|0.9090909090909091|TTransFocusAnimation::`scalar deleting destructor'
0x4a0460|0.5|TTransFocusAnimation::CreateTTransFocusAnimationInstance
0x4a0480|0.5|TTransFocusAnimation::GetRuntimeClass
0x4a04a0|0.3089430894308943|TTransFocusAnimation::TTransFocusAnimation(class TView *, struct tagRECT *, short, short, int, int)
0x4a0570|1.0|TTransFocusAnimation::Free
0x4a05c0|0.6285714285714286|TTransFocusAnimation::UpdateBackground
0x4a0770|0.0625|TTransFocusAnimation::IdleDraw
0x4a0810|0.5228215767634855|TTransFocusAnimation::DrawNextFrame
0x4a09f0|0.5245901639344263|TAnimator::CreateObject
0x4a0a80|1.0|TAnimator::GetRuntimeClass
0x4a0aa0|0.8181818181818182|TAnimator::TAnimator
0x4a0ad0|0.9090909090909091|TAnimator::`scalar deleting destructor'
0x4a0b00|0.5|DestructTAnimatorAndMaybeFree_Impl
0x4a0b20|1.0|TAnimator::InitializeUiTransientObjectRegistry
0x4a0c00|0.13333333333333333|TAnimator::OrphanCallChain_C2_I13_004a0c00
0x4a0c30|0.06779661016949153|TAnimator::DoIdle
0x4a0d10|1.0|TAnimator::AddObjectToUiTransientRegistry
0x4a0d30|1.0|TAnimator::FindRegisteredAnimationByTag
0x4a0dc0|1.0|TAnimator::Free
0x4a0e10|1.0|TAnimator::ReadFrom
0x4a0e50|1.0|TAnimator::WriteTo
0x4a0e90|0.7794117647058824|TAnimator::TranslateListRectsAndDropNonIntersectingEntries
0x4a0f80|0.25|CallObjectOffset24Vslot54IfPresent
0x4a0fa0|0.28205128205128205|TAnimator::RemoveUiTransientRegistryObjectByTag
0x4a1100|1.0|TBitmapResourceLoader::ReportUnimplementedResourceVirtualSlot02
0x4a1130|1.0|CreateBitmapResourceLoaderHandle
0x4a1260|0.25|WrapperFor_ftol_At004a1260
0x4a13c0|0.010416666666666666|ResetMapActionSelectionAndLoadContextByNodeId
0x4a1640|0.014492753623188406|TArmyMgr::CreateTArmyMgrInstance
0x4a1810|0.4|TArmyMgr::CreateObject
0x4a1850|1.0|TArmyMgr::GetRuntimeClass
0x4a1870|1.0|TArmyMgr::TArmyMgr
0x4a18a0|0.9090909090909091|TArmyMgr::`scalar deleting destructor'
0x4a18d0|0.5|DestructTArmyMgrAndMaybeFree_Impl
0x4a18f0|0.8245614035087719|TArmyMgr::InitializeMapContextActionManager
0x4a1a00|0.019417475728155338|TArmyMgr::Free
0x4a1b80|0.017857142857142856|TArmyMgr::ReadFrom
0x4a1d90|0.14285714285714285|WrapperFor_FreeHeapBufferIfNotNull_At004a1d90
0x4a1dd0|0.058823529411764705|TArmyMgr::WriteTo
0x4a1e40|0.8163265306122449|TArmyMgr::DoCombatMoves
0x4a1eb0|0.98|TArmyMgr::EndBattlePhase
0x4a1f80|0.5675146771037182|TArmyMgr::FormStacks
0x4a2390|0.8266666666666667|TArmyMgr::ResolveNextMove
0x4a2500|0.984375|TArmyMgr::ClearPendingStacksAndFinalizeMilitaryUnits
0x4a2610|0.011976047904191617|BuildArmyActionLabelFromLocalizationAndCounts
0x4a2900|0.13063763608087092|BuildArmyContextActionRecordsAndDispatchLabel
0x4a31c0|0.4|OrphanVtableAssignStub_004a31c0
0x4a31e0|0.4|OrphanVtableAssignStub_004a31e0
0x4a3200|0.7047244094488189|TArmyMgr::TryCreateTacticalBattleViewForTileArmies
0x4a35e0|0.5966101694915255|TArmyMgr::RedistributeUnitOrderQueueToRandomAdjacentRegion
0x4a37b0|0.9024390243902439|TArmyMgr::ResetAndRelocateUnitOrderQueue_004a37b0
0x4a3830|0.4844124700239808|TArmyMgr::UpdateDualLinkedEntryMetersAndBlinkState
0x4a3b30|1.0|TMilitaryUnit::SetOrClearWordMaskBits3a
0x4a3b70|1.0|TArmyStack::ResetCursorAndGetHeadUnit
0x4a3b90|1.0|TArmyStack::AdvanceCursorAndGetUnit
0x4a3bc0|0.26785714285714285|TArmyMgr::DoOwnershipChanges
0x4a3d90|0.5849056603773585|TArmyMgr::DispatchTileActionByKind_004a3d90
0x4a3e50|0.85|TArmyMgr::SelectMovableUnitOnCurrentTileAndPlaySfx
0x4a3f30|0.5745454545454546|TArmyMgr::CommitCityActionGateCostIfAffordable
0x4a4190|1.0|TMapMgr::ValidateGridIndexRange0To17F
0x4a41d0|0.88|TArmyMgr::ComputeSelectedTileCityActionGateSum
0x4a4260|0.8529411764705882|TArmyMgr::OrphanCallChain_C1_I34_004a4260
0x4a43f0|0.8387096774193549|TArmyMgr::ActivateFirstIdleTacticalUnitByCategoryAtTile
0x4a4490|0.912621359223301|TArmyMgr::ActivateFirstActiveTacticalUnitByCategoryAtTile
0x4a4550|0.8831168831168831|TArmyMgr::HasEligibleStationedUnitInRegion
0x4a45e0|0.5473684210526316|TArmyMgr::SetActiveProvinceSelection
0x4a46d0|0.0|ClearProvinceSelectionHighlightsForNation
0x4a4760|0.0|FindNextSelectableProvinceForNation
0x4a4870|0.6956521739130435|TArmyMgr::HandleMapClickByComputedCursorState
0x4a4930|0.7142857142857143|TArmyMgr::LookupMapCursorTokenByStateIndex
0x4a4960|0.28368794326241137|ComputeMapCursorStateIndex
0x4a4aa0|1.0|TArmyMgr::LookupCivilianMapCursorTokenByStateIndex
0x4a4ad0|0.4608695652173913|TArmyMgr::HandleMapClickByCivilianCursorState
0x4a4c80|0.33640552995391704|TArmyMgr::ComputeCivilianMapCursorStateIndex
0x4a4fc0|0.0|TArmyMgr::OrphanCallChain_C2_I54_004a4fc0
0x4a5080|0.2768166089965398|TArmyMgr::ValidateOrderPlacementPrerequisitesForSelectedTile
0x4a5760|0.5985401459854015|TArmyMgr::SetActiveProvinceAndBuildDirectionalOrderOverlays
0x4a5aa0|1.0|TArmyMgr::ComputeWeightedNeighborLinkScoreForNodeIndex
0x4a5b10|0.7114093959731543|TArmyMgr::CreateTacticalBattleViewAndInitializeBattleSetup
0x4a5c50|0.9090909090909091|TArmyBattle::`scalar deleting destructor'
0x4a5c80|0.5|WrapperFor_FreeHeapBufferIfNotNull_At004a5c50_Impl
0x4a5ca0|0.5432098765432098|TArmyMgr::ApplyPostBattleStackOutcomeAndGrowUnitMeters
0x4a5ec0|0.41333333333333333|TArmyMgr::BuildMapOrderContextSummaryStringForNation
0x4a6680|0.16806722689075632|TArmyMgr::BuildMapHintOverlayTextAndDispatchUiMessages
0x4a6d40|0.38202247191011235|TArmyMgr::ScanMapContextActionEntriesForCodeMatch
0x4a6dd0|1.0|TArmyMgr::GetByteFlagAtOffset8
0x4a6df0|1.0|TArmyMgr::CleanUpStacks
0x4a6e80|1.0|TArmyMgr::AppendMapContextActionRecordAndResetWorkingFields
0x4a6ef0|0.36764705882352944|TArmyMgr::TrimExcessNavyOrderSupportAndRebuildOrderBuffer
0x4a7370|0.0|ValidateOrderSupportDeltaAndMarkDirectionalOverlays
0x4a7590|0.0|TArmyStack::CreateTArmyStackInstance
0x4a76a0|0.3333333333333333|TArmyStack::CreateObject
0x4a76d0|1.0|TArmyStack::GetRuntimeClass
0x4a76f0|1.0|TArmyStack::TArmyStack
0x4a7720|0.9090909090909091|TArmyStack::`scalar deleting destructor'
0x4a7750|0.5|DestructTArmyStackAndMaybeFree_Impl
0x4a7770|0.6666666666666666|TArmyStack::InitializeSideAndTile
0x4a77b0|0.8311688311688312|TArmyStack::ReadFrom
0x4a7960|0.9367088607594937|TArmyStack::WriteTo
0x4a7a40|0.0|InitializeLinkedListCursorContainerAndIterate_004a7a40
0x4a7b20|1.0|TArmyStack::AddUnitToChainHead
0x4a7ba0|0.8|TArmyStack::RemoveUnitFromChain
0x4a7c20|0.08695652173913043|TArmyStack::Free
0x4a7c60|0.0851063829787234|WrapperFor_GenerateThreadLocalRandom15_At004a7c60
0x4a7d20|0.05|OrphanCallChain_C2_I38_004a7d20
0x4a7e70|0.45161290322580644|TArmyStack::AccumulateWeightedMeterAndCountFromEligibleLinkedEntries
0x4a8040|0.17886178861788618|TArmyStack::ApplyRandomizedMeterDecayToEligibleLinkedEntries
0x4a82b0|0.25|TArmyStack::ApplyMeterGrowthToEligibleUnits
0x4a83b0|0.46153846153846156|TArmyStackList::CreateObject
0x4a8430|1.0|TArmyStackList::GetRuntimeClass
0x4a8450|0.8695652173913043|TArmyStackList::TArmyStackList
0x4a84c0|0.9090909090909091|TArmyStackList::`scalar deleting destructor'
0x4a84f0|0.1111111111111111|TArmyStackList::WrapperFor_DestructCPtrListBaseState_At004a84f0
0x4a8560|1.0|TArmyStackList::Compare
0x4a8640|0.08695652173913043|WrapperFor_InitializeLinkedListSentinelNodeWithOwnerContext_At004a8640
0x4a8740|0.25|WrapperFor_ftol_At004a8740
0x4a8770|0.48|TGarrisonView::CreateObject
0x4a87f0|1.0|TGarrisonView::GetRuntimeClass
0x4a8810|0.9333333333333333|TGarrisonView::TGarrisonView
0x4a8840|0.9090909090909091|TGarrisonView::`scalar deleting destructor'
0x4a8890|0.7931034482758621|TGarrisonView::StuffValues
0x4a8a20|0.013422818791946308|TGarrisonView::Close
0x4a8ca0|0.4897959183673469|TArmyUnitLine::CreateObject
0x4a8d10|1.0|TArmyUnitLine::GetRuntimeClass
0x4a8d30|1.0|TArmyUnitLine::TArmyUnitLine
0x4a8d60|0.9090909090909091|TArmyUnitLine::`scalar deleting destructor'
0x4a8d90|0.5|DestructTArmyUnitLineAndMaybeFree_Impl
0x4a8df0|0.005813953488372093|TArmyUnitLine::CreateLineItemView
0x4a9400|0.9090909090909091|TArmyCheckBox::`scalar deleting destructor'
0x4a9450|0.4897959183673469|TArmyUnitView::CreateObject
0x4a94c0|1.0|TArmyUnitView::GetRuntimeClass
0x4a94e0|1.0|TArmyUnitView::TArmyUnitView
0x4a9510|0.9090909090909091|TArmyUnitView::`scalar deleting destructor'
0x4a95b0|0.5529953917050692|TArmyUnitView::ApplyRectSlot110
0x4a9990|0.6237942122186495|TArmyUnitView::HandleEvent
0x4a9ca0|0.5112781954887218|TArmyUnitView::HandleCrossUArmyViewsNameCommand
0x4a9f20|0.5161290322580645|TArmyCheckBox::CreateObject
0x4a9fc0|1.0|TArmyCheckBox::GetRuntimeClass
0x4a9fe0|0.5185185185185185|TArmyCheckBox::TArmyCheckBox(class TView *, int *, int *, int, int, struct TQuickDrawSurfaceContext *, int)
0x4aa030|1.0|TArmyCheckBox::CheckTheLook
0x4aa100|0.4948453608247423|TArmyCheckBox::ApplyRectSlot110
0x4aa280|0.9629629629629629|TArmyCheckBox::HandleEvent
0x4aa2f0|1.0|TArmyCheckBox::DoPostCreate
0x4aa310|1.0|TArmyCheckBox::HiliteState
0x4aa340|1.0|TArmyCheckBox::IsOn
0x4aa360|1.0|TArmyCheckBox::SetState
0x4aa3a0|1.0|TArmyCheckBox::Toggle
0x4aa3e0|1.0|TArmyCheckBox::ToggleIf
0x4aa430|1.0|TArmyCheckBox::DrawImmediate
0x4aa450|0.48|TSuperArmyRoster::CreateObject
0x4aa4d0|0.9090909090909091|TSuperArmyRoster::`scalar deleting destructor'
0x4aa520|1.0|TSuperArmyRoster::GetRuntimeClass
0x4aa540|0.39436619718309857|TSuperArmyRoster::PopulateArmyOrderPageEntries
0x4aa840|0.9090909090909091|TMiniArmyLine::`scalar deleting destructor'
0x4aa870|0.5|ResetObjectToCObjectSentinelVtable_Impl
0x4aa890|0.4897959183673469|TMiniArmyLine::CreateObject
0x4aa900|1.0|TMiniArmyLine::GetRuntimeClass
0x4aa960|0.009523809523809525|TMiniArmyLine::CreateLineItemView
0x4aad20|0.6666666666666666|TMiniArmyView::OrphanRetStub_004aad20
0x4aad40|0.9090909090909091|TMiniArmyView::`scalar deleting destructor'
0x4aad90|0.4897959183673469|TMiniArmyView::CreateObject
0x4aae10|1.0|TMiniArmyView::GetRuntimeClass
0x4aaeb0|0.7387387387387387|TMiniArmyView::ApplyRectSlot110
0x4ab1d0|0.8253968253968254|TMiniArmyView::HandleEvent
0x4ab380|1.0|TSuperCivRoster::CreateObject
0x4ab400|0.9090909090909091|TSuperCivRoster::`scalar deleting destructor'
0x4ab450|1.0|TSuperCivRoster::GetRuntimeClass
0x4ab470|0.7525773195876289|TSuperCivRoster::InitializeLedgerRosterPages
0x4ab620|0.9090909090909091|TMiniCivLine::`scalar deleting destructor'
0x4ab650|0.5|DestructTSuperCivRosterAndMaybeFree_Impl
0x4ab670|0.4897959183673469|TMiniCivLine::CreateObject
0x4ab6e0|1.0|TMiniCivLine::GetRuntimeClass
0x4ab740|1.0|TMiniCivLine::CreateLineItemView
0x4ab800|0.6666666666666666|TMiniCivView::OrphanRetStub_004ab800
0x4ab820|0.9090909090909091|TMiniCivView::`scalar deleting destructor'
0x4ab850|0.1|DestructTMiniCivLineAndMaybeFree_Impl
0x4ab8c0|1.0|TMiniCivView::CreateObject
0x4ab950|1.0|TMiniCivView::GetRuntimeClass
0x4ab970|0.4985754985754986|TMiniCivView::ConstructTMiniCivViewBaseState
0x4ac000|0.7446153846153846|TMiniCivView::ApplyRectSlot110
0x4ac320|0.3181818181818182|TMiniCivView::HandleEvent
0x4ac3a0|0.0|AssignSharedStringFromMidSubstring
0x4ac570|0.25|WrapperFor_ftol_At004ac570
0x4ac5c0|0.5818181818181818|TSwapperDaddyView::CreateObject
0x4ac650|0.9090909090909091|TSwapperDaddyView::`scalar deleting destructor'
0x4ac6a0|1.0|TSwapperDaddyView::GetRuntimeClass
0x4ac6c0|1.0|TSwapperDaddyView::SelectSwapperItemByTag
0x4ac7d0|0.5818181818181818|TGWorldPartView::CreateObject
0x4ac860|1.0|TGWorldPartView::GetRuntimeClass
0x4ac880|0.64|TGWorldPartView::ApplyRectSlot110
0x4ac920|1.0|TIdleMeAnimation::CreateObject
0x4ac950|0.9090909090909091|TIdleMeAnimation::`scalar deleting destructor'
0x4ac980|0.5|TIdleMeAnimation::CreateTIdleMeAnimationInstance
0x4ac9a0|1.0|TIdleMeAnimation::GetRuntimeClass
0x4ac9c0|0.5454545454545454|TIdleMeAnimation::ConstructTIdleMeAnimationBaseState
0x4aca60|1.0|TIdleMeAnimation::Tick
0x4acaa0|0.5714285714285714|TBattleReportView::CreateObject
0x4acb40|1.0|TBattleReportView::GetRuntimeClass
0x4acb60|0.5122918318794607|TBattleReportView::DoPostCreate
0x4ad560|1.0|TBattleReportView::Free
0x4ad5a0|0.036036036036036036|TBattleReportView::DoIdle
0x4ad7a0|0.006825938566552901|TBattleReportView::HandleEvent
0x4adc40|0.0|InitializeOutSharedStringWithEmptyRefAndCopyBuffer
0x4adc80|0.2857142857142857|TBattleReportView::HandleCursorHoverSelectionByChildHitTestAndFallback
0x4adcb0|0.04081632653061224|TBattleReportView::BeginMouseCaptureAndStartRepeatTimer
0x4ade00|1.0|TBattleReportView::ApplyRectSlot110
0x4ade30|0.8888888888888888|TBattleReportView::RenderMapContextActionMarkers
0x4adfc0|0.0034662045060658577|TBattleReportView::RefreshMapContextSelectionPanelAndInfoLabels
0x4ae990|0.0|RefreshMapContextSelectionPanelAndInfoLabels_Impl
0x4ae9d0|0.5714285714285714|TBattleDetailBook::CreateObject
0x4aea70|1.0|TBattleDetailBook::GetRuntimeClass
0x4aea90|1.0|TBattleDetailBook::HandleEvent
0x4aeae0|0.4897959183673469|TArmyBoyView::CreateObject
0x4aeb50|0.9090909090909091|TArmyBoyView::`scalar deleting destructor'
0x4aeba0|1.0|TArmyBoyView::GetRuntimeClass
0x4aebc0|0.5303370786516854|TArmyBoyView::ApplyRectSlot110
0x4aefd0|0.4897959183673469|TNavyBoyView::CreateObject
0x4af040|0.9090909090909091|TNavyBoyView::`scalar deleting destructor'
0x4af090|1.0|TNavyBoyView::GetRuntimeClass
0x4af0b0|0.7014681892332789|TNavyBoyView::ApplyRectSlot110
0x4af6a0|0.4897959183673469|TMerchantBoyView::CreateObject
0x4af710|0.9090909090909091|TMerchantBoyView::`scalar deleting destructor'
0x4af760|1.0|TMerchantBoyView::GetRuntimeClass
0x4af780|0.8522727272727273|TMerchantBoyView::ApplyRectSlot110
0x4af910|0.4897959183673469|TItemBoyView::CreateObject
0x4af980|0.9090909090909091|TItemBoyView::`scalar deleting destructor'
0x4af9d0|1.0|TItemBoyView::GetRuntimeClass
0x4af9f0|1.0|TItemBoyView::ApplyRectSlot110
0x4afb60|0.7160493827160493|TItemBoyView::DrawItemHeaderAndIconRows
0x4afcc0|0.4897959183673469|TInterruptusView::CreateObject
0x4afd30|0.9090909090909091|TInterruptusView::`scalar deleting destructor'
0x4afd80|1.0|TInterruptusView::GetRuntimeClass
0x4afda0|0.9888888888888889|TInterruptusView::ApplyRectSlot110
0x4aff60|0.4897959183673469|TBatRepDetLine::CreateObject
0x4affd0|0.9090909090909091|TBatRepDetLine::`scalar deleting destructor'
0x4b0000|0.5|TBatRepDetLine::CreateTBatRepDetLineInstance
0x4b0020|1.0|TBatRepDetLine::GetRuntimeClass
0x4b0040|0.005970149253731343|TBatRepDetLine::CreateLineItemView
0x4b0630|0.5818181818181818|TBattleUnitsView::CreateObject
0x4b06d0|1.0|TBattleUnitsView::GetRuntimeClass
0x4b06f0|0.01904761904761905|TBattleUnitsView::StuffValues
0x4b0900|0.38095238095238093|TBattleUnitsView::Close
0x4b0ac0|0.25|WrapperFor_ftol_At004b0ac0
0x4b0af0|0.4897959183673469|THotspotBehavior::CreateObject
0x4b0b60|1.0|THotspotBehavior::GetRuntimeClass
0x4b0b80|1.0|THotspotBehavior::THotspotBehavior
0x4b0bb0|0.9090909090909091|THotspotBehavior::`scalar deleting destructor'
0x4b0be0|0.5|DestructTHotspotBehaviorAndMaybeFree_Impl
0x4b0c00|0.8648648648648649|THotspotBehavior::DoSetCursor
0x4b0c90|0.46153846153846156|TInfoBarBehavior::CreateObject
0x4b0d10|1.0|TInfoBarBehavior::GetRuntimeClass
0x4b0d30|1.0|TInfoBarBehavior::TInfoBarBehavior
0x4b0da0|0.9090909090909091|TInfoBarBehavior::`scalar deleting destructor'
0x4b0dd0|0.1111111111111111|WrapperFor_ReleaseSharedStringRefIfNotEmpty_At004b0dd0
0x4b0e20|1.0|TInfoBarBehavior::IInfoBarBehavior
0x4b0f50|1.0|TInfoBarBehavior::DoSetCursor
0x4b0fe0|0.5161290322580645|TDropShadowTextBehavior::CreateObject
0x4b1080|1.0|TDropShadowTextBehavior::GetRuntimeClass
0x4b10a0|1.0|TDropShadowTextBehavior::TDropShadowTextBehavior
0x4b10d0|0.9090909090909091|TDropShadowTextBehavior::`scalar deleting destructor'
0x4b1100|0.5|DestructTDropShadowTextBehaviorAndMaybeFree_Impl
0x4b1150|0.03508771929824561|TDropShadowTextBehavior::Draw
0x4b1370|0.25|WrapperFor_ftol_At004b1370
0x4b13a0|0.4897959183673469|TCheater::CreateObject
0x4b1410|0.6666666666666666|TCheater::OrphanRetStub_004b1410
0x4b1430|0.9090909090909091|TCheater::`scalar deleting destructor'
0x4b1480|1.0|TCheater::GetRuntimeClass
0x4b14a0|0.02040816326530612|TCheater::ConstructTCheaterBaseState
0x4b1670|0.0|TCheater::DestructTCheaterAndMaybeFree
0x4b1710|0.024096385542168676|TGPCheater::ConstructNumericEntryDialogCoreAndValueLabel
0x4b1880|0.4897959183673469|TTechCheater::CreateObject
0x4b18f0|0.9090909090909091|TTechCheater::`scalar deleting destructor'
0x4b1940|1.0|TTechCheater::GetRuntimeClass
0x4b1990|0.6666666666666666|TTechCheater::OrphanRetStub_004b1410
0x4b19b0|0.4897959183673469|TGPCheater::CreateObject
0x4b1a20|0.9090909090909091|TGPCheater::`scalar deleting destructor'
0x4b1a70|1.0|TGPCheater::GetRuntimeClass
0x4b1a90|0.0|TGPCheater::ConstructTGPCheaterBaseState
0x4b1cb0|0.012121212121212121|TLaborPool::CreateTLaborPoolInstance
0x4b20a0|0.25|WrapperFor_ftol_At004b20a0
0x4b20d0|0.32432432432432434|TLaborPool::CreateObject
0x4b2110|1.0|TLaborPool::GetRuntimeClass
0x4b2160|0.9090909090909091|TLaborPool::`scalar deleting destructor'
0x4b2190|0.5|TLaborPool::DestructTLaborPoolAndMaybeFree
0x4b21d0|0.06896551724137931|TLaborPool::WriteTo
0x4b2220|0.06896551724137931|TLaborPool::ReadFrom
0x4b2270|0.043478260869565216|TLaborPool::OrphanLeaf_NoCall_Ins44_004b2270
0x4b2340|0.043478260869565216|TLaborPool::CreateTCityInstance
0x4b2410|0.23076923076923078|TCity::CreateObject
0x4b2490|1.0|TCity::GetRuntimeClass
0x4b24b0|1.0|TCity::TCity
0x4b2520|1.0|TCity::`scalar deleting destructor'
0x4b2550|1.0|TCity::~TCity
0x4b2570|0.002962962962962963|TCity::InitializeCityProductionState
0x4b3050|0.9090909090909091|TPopGrowthOrder::`scalar deleting destructor'
0x4b3080|0.5|WrapperFor_FreeHeapBufferIfNotNull_At004b3050_Impl
0x4b30a0|0.00516795865633075|TCity::ReadFrom
0x4b35d0|0.006578947368421052|TCity::WriteTo
0x4b3a60|0.9195402298850575|TCity::Free
0x4b3b20|1.0|TCity::SetSelectedTownMarker
0x4b3b40|0.012345679012345678|TCity::EndCityPhase
0x4b3de0|0.7241379310344828|TCity::PredictedNeeds
0x4b3e70|0.7770700636942676|TCity::ProduceUnits
0x4b3fb0|0.6285714285714286|TCity::AddPurchasedItems
0x4b4040|0.6470588235294118|TCity::AddTransportedItems(short *)
0x4b4090|0.6486486486486487|TCity::AddTransportedItems(void)
0x4b40e0|0.3939393939393939|TCity::DirectTransport
0x4b4180|0.6197183098591549|TCity::VerifyStocks
0x4b4210|1.0|TCity::MouseTrap
0x4b4230|1.0|TCity::GetOwnerNeedCapA6
0x4b4260|1.0|TCity::SetOwnerNeedCapA6
0x4b4290|0.7674418604651163|TCity::ComputeAverageWeightWord1TimesTenFromResourceCounts
0x4b4310|0.8842105263157894|TCity::ComputeAverageWeightWord0TimesTenFromResourceCounts
0x4b4390|0.5054945054945055|TCity::AllocateRandomResourceCountsWithinWeightBudget
0x4b44d0|0.8363636363636363|TCity::GetCitySummaryRecordSlot74
0x4b4540|0.43478260869565216|TCity::AddTransportRequest
0x4b4580|0.75177304964539|TCity::MakeTown
0x4b46c0|0.5714285714285714|TCity::TransferTransportRequests
0x4b46e0|0.26804123711340205|TCity::GetMaxBuildingCapacity
0x4b48a0|0.6222222222222222|TCity::GetNextBuildingLevel
0x4b4940|0.00909090909090909|TCity::GetActiveNationBuildingMetricSlot5C
0x4b4c80|1.0|TCity::SetBuildingWindowState
0x4b4cc0|1.0|TCity::GetBuildingWindowState
0x4b4d00|0.5238095238095238|TCity::IsCapacityCenter
0x4b4d50|0.07407407407407407|TCity::BuildPowerPlant
0x4b4dc0|0.48333333333333334|TCity::GetBuildingType
0x4b4eb0|0.42424242424242425|TProductionOrder::CreateObject
0x4b4ee0|1.0|TProductionOrder::GetRuntimeClass
0x4b4f00|0.4|TProductionOrder::ConstructTProductionOrderBaseState
0x4b4f20|0.9090909090909091|TProductionOrder::`scalar deleting destructor'
0x4b4f50|0.5|DestructTProductionOrderAndMaybeFree_Impl
0x4b4f70|1.0|TProductionOrder::IProductionOrder
0x4b4fe0|1.0|TProductionOrder::WriteTo
0x4b5060|1.0|TProductionOrder::ReadFrom
0x4b50e0|1.0|TProductionOrder::MaxOrder
0x4b5100|0.1111111111111111|TProductionOrder::SetQuantity
0x4b5140|1.0|TProductionOrder::Restock
0x4b5160|1.0|TProductionOrder::Produce
0x4b5180|1.0|TProductionOrder::ResetOrderSheet
0x4b51b0|1.0|TProductionOrder::FillOrderSheet
0x4b51d0|0.4117647058823529|TItemOrder::CreateObject
0x4b5200|1.0|TItemOrder::GetRuntimeClass
0x4b5240|0.9090909090909091|TItemOrder::`scalar deleting destructor'
0x4b5270|0.5|TItemOrder::DestructTItemOrderAndMaybeFree
0x4b5290|1.0|TItemOrder::InitializeItemOrderContext
0x4b5310|0.0392156862745098|TItemOrder::MaxOrder
0x4b53d0|0.05333333333333334|TItemOrder::SetQuantity
0x4b5510|0.43636363636363634|TItemOrder::FillOrderSheet
0x4b5580|0.9428571428571428|TItemOrder::Produce
0x4b5620|1.0|TItemOrder::Restock
0x4b5670|1.0|TItemOrder::WriteTo
0x4b5710|1.0|TItemOrder::ReadFrom
0x4b57b0|0.4117647058823529|TOrItemOrder::CreateObject
0x4b57e0|1.0|TOrItemOrder::GetRuntimeClass
0x4b5820|0.9090909090909091|TOrItemOrder::`scalar deleting destructor'
0x4b5850|0.5|TOrItemOrder::DestructTOrItemOrderAndMaybeFree
0x4b5870|1.0|TOrItemOrder::IOrItemOrder
0x4b58f0|0.046511627906976744|TOrItemOrder::MaxOrder
0x4b5990|0.03773584905660377|TOrItemOrder::SetQuantity
0x4b5b40|0.42424242424242425|TPopulationMgr::CreateObject
0x4b5b70|1.0|TPopulationMgr::GetRuntimeClass
0x4b5bb0|0.9090909090909091|TPopulationMgr::`scalar deleting destructor'
0x4b5be0|0.5|TPopulationMgr::DestructTPopulationMgrAndMaybeFree
0x4b5c00|0.03125|WrapperFor_AllocateWithFallbackHandler_At004b5c00
0x4b5d10|0.18181818181818182|TPopulationMgr::OrphanLeaf_NoCall_Ins09_004b5d10
0x4b5d50|0.09090909090909091|TPopulationMgr::OrphanLeaf_NoCall_Ins20_004b5d50
0x4b5dc0|0.9263157894736842|TPopulationMgr::OrphanLeaf_NoCall_Ins47_004b5dc0
0x4b5e80|0.07692307692307693|TPopulationMgr::OrphanCallChain_C2_I24_004b5e80
0x4b5ed0|0.008264462809917356|TPopulationMgr::PopulationMgrSlot0E
0x4b6260|0.017699115044247787|TPopulationMgr::GetRecentStormImpactMetrics
0x4b63e0|0.038461538461538464|TPopulationMgr::OrphanLeaf_NoCall_Ins50_004b63e0
0x4b64c0|0.03076923076923077|TPopulationMgr::OrphanLeaf_NoCall_Ins63_004b64c0
0x4b65b0|0.031746031746031744|TPopulationMgr::OrphanCallChain_C2_I61_004b65b0
0x4b66a0|0.02247191011235955|TPopulationMgr::OrphanLeaf_NoCall_Ins87_004b66a0
0x4b67e0|0.07142857142857142|TPopulationMgr::OrphanLeaf_NoCall_Ins26_004b67e0
0x4b6850|0.03571428571428571|TPopulationMgr::WriteTo
0x4b68f0|0.03571428571428571|TPopulationMgr::ReadFrom
0x4b6990|0.06896551724137931|TPopulationMgr::Free
0x4b6a30|0.0|TTrainingOrder::CreateTTrainingOrderInstance
0x4b6a60|0.42424242424242425|TTrainingOrder::CreateObject
0x4b6a90|1.0|TTrainingOrder::GetRuntimeClass
0x4b6ad0|0.9090909090909091|TTrainingOrder::`scalar deleting destructor'
0x4b6b00|0.5|TTrainingOrder::DestructTTrainingOrderAndMaybeFree
0x4b6b20|1.0|TTrainingOrder::ITrainingOrder
0x4b6b90|0.02247191011235955|TTrainingOrder::MaxOrder
0x4b6cd0|0.05405405405405406|TTrainingOrder::SetQuantity
0x4b6de0|1.0|TTrainingOrder::FillOrderSheet
0x4b6e30|0.7916666666666666|TTrainingOrder::Produce
0x4b6f00|1.0|TTrainingOrder::Restock
0x4b6f20|0.42424242424242425|TUnitOrder::CreateObject
0x4b6f50|1.0|TUnitOrder::GetRuntimeClass
0x4b6f90|0.9090909090909091|TUnitOrder::`scalar deleting destructor'
0x4b6fc0|0.5|TUnitOrder::DestructTUnitOrderAndMaybeFree
0x4b6fe0|1.0|TUnitOrder::InitializeCityRecruitmentOrderContext
0x4b7080|0.017094017094017096|TUnitOrder::MaxOrder
0x4b7210|0.057971014492753624|TUnitOrder::SetQuantity
0x4b7320|1.0|TUnitOrder::FillOrderSheet
0x4b73b0|0.23214285714285715|TUnitOrder::Produce
0x4b77e0|1.0|TUnitOrder::SetOrderCostProfile
0x4b7850|1.0|TUnitOrder::WriteTo
0x4b7920|1.0|TUnitOrder::ReadFrom
0x4b79f0|0.42424242424242425|TPowerPlantOrder::CreateObject
0x4b7a20|1.0|TPowerPlantOrder::GetRuntimeClass
0x4b7a60|0.9090909090909091|TPowerPlantOrder::`scalar deleting destructor'
0x4b7a90|0.5|TPowerPlantOrder::DestructTPowerPlantOrderAndMaybeFree
0x4b7ab0|1.0|TPowerPlantOrder::IPowerPlantOrder
0x4b7b00|0.25|TPowerPlantOrder::MaxOrder
0x4b7b30|0.06153846153846154|TPowerPlantOrder::SetQuantity
0x4b7c20|1.0|TPowerPlantOrder::Produce
0x4b7c40|1.0|TPowerPlantOrder::Restock
0x4b7c90|1.0|TPowerPlantOrder::FillOrderSheet
0x4b7cc0|1.0|TPowerPlantOrder::WriteTo
0x4b7d40|1.0|TPowerPlantOrder::ReadFrom
0x4b7dc0|0.42424242424242425|TFoodProcessingOrder::CreateObject
0x4b7df0|1.0|TFoodProcessingOrder::GetRuntimeClass
0x4b7e30|0.9090909090909091|TFoodProcessingOrder::`scalar deleting destructor'
0x4b7e60|0.5|TFoodProcessingOrder::DestructTFoodProcessingOrderAndMaybeFree
0x4b7e80|1.0|TFoodProcessingOrder::IFoodProcessingOrder
0x4b7ed0|0.058823529411764705|TFoodProcessingOrder::MaxOrder
0x4b7f50|0.05970149253731343|TFoodProcessingOrder::SetQuantity
0x4b8060|1.0|TFoodProcessingOrder::Produce
0x4b80a0|1.0|TFoodProcessingOrder::Restock
0x4b80c0|1.0|TFoodProcessingOrder::FillOrderSheet
0x4b8110|0.42424242424242425|TPopGrowthOrder::CreateObject
0x4b8140|1.0|TPopGrowthOrder::GetRuntimeClass
0x4b8160|0.36363636363636365|TPopGrowthOrder::ConstructTPopGrowthOrderBaseState
0x4b81b0|0.06451612903225806|TPopGrowthOrder::MaxOrder
0x4b8230|0.0851063829787234|TPopGrowthOrder::SetQuantity
0x4b82f0|0.6056338028169014|TPopGrowthOrder::Produce
0x4b8420|1.0|TPopGrowthOrder::Restock
0x4b8440|1.0|TPopGrowthOrder::FillOrderSheet
0x4b8470|0.42424242424242425|TShipOrder::CreateObject
0x4b84a0|1.0|TShipOrder::GetRuntimeClass
0x4b84e0|0.9090909090909091|TShipOrder::`scalar deleting destructor'
0x4b8510|0.5|TShipOrder::DestructTShipOrderAndMaybeFree
0x4b85a0|1.0|TShipOrder::CanMakeFromCityStock
0x4b8630|0.20618556701030927|TShipOrder::CanFillOrderSheet
0x4b86d0|0.6233766233766234|TShipOrder::MaxOrder
0x4b8800|0.17518248175182483|TShipOrder::SetQuantity
0x4b8970|1.0|TShipOrder::Produce
0x4b89a0|0.20532319391634982|TShipOrder::CommitQueuedNavyOrdersAndUpdateTierByCapability
0x4b8b80|1.0|TShipOrder::FillOrderSheet
0x4b8c90|0.4117647058823529|TCapacityOrder::CreateObject
0x4b8cc0|1.0|TCapacityOrder::GetRuntimeClass
0x4b8d00|0.9090909090909091|TCapacityOrder::`scalar deleting destructor'
0x4b8d30|0.5|TCapacityOrder::DestructTCapacityOrderAndMaybeFree
0x4b8d50|1.0|TCapacityOrder::ICapacityOrder
0x4b8dd0|0.21390374331550802|TCapacityOrder::Produce
0x4b8f50|0.4117647058823529|TExpansionOrder::CreateObject
0x4b8f80|1.0|TExpansionOrder::GetRuntimeClass
0x4b8fc0|0.9090909090909091|TExpansionOrder::`scalar deleting destructor'
0x4b8ff0|0.5|TExpansionOrder::DestructTExpansionOrderAndMaybeFree
0x4b9010|1.0|TExpansionOrder::IExpansionOrder
0x4b9090|0.6125|TExpansionOrder::Produce
0x4b91f0|0.08333333333333333|TExpansionOrder::MaxOrder
0x4b9260|0.07272727272727272|TExpansionOrder::SetQuantity
0x4b9340|1.0|SwapFirstTwoBytesInBuffer
0x4b9360|1.0|TExpansionOrder::FillOrderSheet
0x4b94a0|1.0|WriteWordArrayToOutputCallbackLE
0x4b9570|0.25|WrapperFor_ftol_At004b9570
0x4b95c0|0.2542372881355932|InitializeCityBuildingHoverSelectionRects_004b95c0
0x4b98b0|0.25257731958762886|InitializeCityBuildingLayoutData
0x4ba240|0.9583333333333334|TCityProductionView::CreateObject
0x4ba2c0|1.0|TCityProductionView::GetRuntimeClass
0x4ba2e0|0.16|InitializeCityProductionView
0x4ba360|0.9090909090909091|TCityProductionView::`scalar deleting destructor'
0x4ba3b0|0.00909090909090909|TCityProductionView::DoPostCreate
0x4ba740|0.08|TCityProductionView::Free
0x4ba7b0|0.006666666666666667|TCityProductionView::ApplyRectSlot110
0x4bac50|0.018691588785046728|TCityProductionView::BlitBitmapResourceRectWithScreenOffsetAndPalette
0x4badd0|0.8285714285714286|TCityProductionView::RenderNationHeaderDateLabelWithPeriodicRefresh
0x4bafa0|0.004395604395604396|TCityProductionView::HandleCursorHoverSelectionByChildHitTestAndFallback
0x4bb7a0|0.0034904013961605585|TCityProductionView::InitializeCityProductionDialog
0x4bc0b0|0.007326007326007326|TCityProductionView::UpdateCityProductionDialogCommodityValueControls
0x4bc500|0.02857142857142857|TCityProductionView::RefreshCityBuildingActionAvailabilityIndicators
0x4bc610|0.08695652173913043|TCityProductionView::HandleEvent
0x4bc660|0.014388489208633094|TCityProductionView::BeginMouseCaptureAndStartRepeatTimer
0x4bc870|0.041666666666666664|TCityProductionView::DispatchPictureResourceCommand
0x4bc910|0.04|TCityProductionView::OrphanCallChain_C5_I49_004bc910
0x4bc9b0|0.9436619718309859|TCityProductionView::RenderViewIntoPrimaryRenderContextWithTemporaryClip
0x4bcaf0|0.008064516129032258|TCityProductionView::RefreshCityDialogSummaryValues
0x4bcf40|0.43636363636363634|TRailheadDialog::CreateObject
0x4bcfd0|0.9090909090909091|TRailheadDialog::`scalar deleting destructor'
0x4bd020|1.0|TRailheadDialog::GetRuntimeClass
0x4bd040|0.8401486988847584|TRailheadDialog::StuffValues
0x4bd260|1.0|TRailheadDialog::DoClosingAction
0x4bd300|0.4897959183673469|TTransportView::CreateObject
0x4bd370|0.9090909090909091|TTransportView::`scalar deleting destructor'
0x4bd3c0|1.0|TTransportView::GetRuntimeClass
0x4bd3e0|0.6377708978328174|TTransportView::StuffValues
0x4bd690|0.029850746268656716|TTransportView::Close
0x4bd7a0|0.4897959183673469|TNewTownView::CreateObject
0x4bd810|0.9090909090909091|TNewTownView::`scalar deleting destructor'
0x4bd860|1.0|TNewTownView::GetRuntimeClass
0x4bd880|0.7443946188340808|TNewTownView::StuffValues
0x4bdc10|0.04|TNewTownView::Close
0x4bde50|0.25|WrapperFor_ftol_At004bde50
0x4be000|0.03278688524590164|InsertScoredTileCandidateWithRandomTieBreak
0x4be0d0|0.46153846153846156|TInteriorMinister::CreateObject
0x4be150|1.0|TInteriorMinister::InteriorSlot1D
0x4be170|1.0|TInteriorMinister::InteriorSlot1E
0x4be190|1.0|TInteriorMinister::InteriorSlot1F
0x4be1b0|1.0|TInteriorMinister::GetRuntimeClass
0x4be1d0|0.8235294117647058|TInteriorMinister::TInteriorMinister
0x4be200|0.9090909090909091|TInteriorMinister::`scalar deleting destructor'
0x4be230|0.5|DestructTInteriorMinisterAndMaybeFree_Impl
0x4be290|1.0|TInteriorMinister::ReadFrom
0x4be320|0.07272727272727272|TInteriorMinister::WriteTo
0x4be3c0|0.2|TInteriorMinister::DispatchNationStateEventCode10
0x4be3f0|1.0|TInteriorMinister::InteriorSlot1A
0x4be410|1.0|TInteriorMinister::InteriorSlot1B
0x4be430|1.0|TInteriorMinister::InteriorSlot1C
0x4be450|1.0|TInteriorMinister::MinisterSlot12
0x4be480|0.9090909090909091|TInteriorMinister::InteriorSlot16
0x4be4c0|1.0|TInteriorMinister::InteriorSlot17
0x4be4f0|0.14285714285714285|TInteriorMinister::Call4C
0x4be520|0.4444444444444444|TInteriorMinister::MinisterSlot14
0x4be5b0|0.6306306306306306|TInteriorMinister::Call54
0x4be650|0.8108108108108109|TInteriorMinister::InteriorSlot18
0x4be690|0.8461538461538461|TInteriorMinister::InteriorSlot19
0x4be6d0|1.0|TInteriorMinister::NoOpForeignMinisterUtilityStub
0x4be6f0|1.0|TCityInteriorMinister::GetAiDevelopmentResourceBudgetScale
0x4be710|0.5517241379310345|TCityInteriorMinister::CreateObject
0x4be7b0|1.0|TCityInteriorMinister::InteriorSlot1D
0x4be7d0|1.0|TCityInteriorMinister::InteriorSlot1E
0x4be7f0|1.0|TCityInteriorMinister::InteriorSlot1F
0x4be820|1.0|TCityInteriorMinister::GetRuntimeClass
0x4be840|0.7272727272727273|TCityInteriorMinister::TCityInteriorMinister
0x4be880|0.9090909090909091|TCityInteriorMinister::`scalar deleting destructor'
0x4be8b0|0.5|DestroyTCityInteriorMinister_Impl
0x4be8d0|0.95|TCityInteriorMinister::InitializeCityInteriorState
0x4bec10|0.9090909090909091|TLongintList::`scalar deleting destructor'
0x4bec40|0.05714285714285714|TLinkedBlockChainState_00650A50::DestructLinkedBlockChainState_00650A50_AndFreeChain_At004bec40
0x4becd0|0.05714285714285714|TCityInteriorMinister::Free
0x4bed60|0.03508771929824561|TCityInteriorMinister::CityInteriorSlot20
0x4bee20|0.046511627906976744|TCityInteriorMinister::DispatchNationStateEventCode10
0x4beeb0|0.2222222222222222|TCityInteriorMinister::InteriorSlot1A
0x4beee0|0.25|TCityInteriorMinister::InteriorSlot1B
0x4bef10|1.0|TCityInteriorMinister::VTableSlot2D
0x4bef30|1.0|TCityInteriorMinister::InteriorSlot1C
0x4bef60|0.006557377049180328|TCityInteriorMinister::WriteTo
0x4bf390|0.006430868167202572|TCityInteriorMinister::ReadFrom
0x4bf770|0.023809523809523808|TCityInteriorMinister::Call54
0x4bf8a0|0.43564356435643564|TCityInteriorMinister::EvaluateCityShortagesAndNotifyForeignMinister
0x4bfa50|1.0|TCityInteriorMinister::GetTEventHandlerClassNamePointer_22
0x4bfb20|0.007017543859649123|TCityInteriorMinister::QueueCityProductionRebalanceCommandsByThresholds
0x4bff60|1.0|TCityInteriorMinister::NoOpProductionCommandHook24
0x4bff80|0.02702702702702703|TCityInteriorMinister::QueueCityProductionCommand33FromAccumulatedDeficit
0x4c0090|0.014492753623188406|TCityInteriorMinister::DistributeCityProductionCommandBudgetAndQueueOrders
0x4c02c0|0.014084507042253521|TCityInteriorMinister::QueueCityProductionCommand17Or18FromSupportRatio
0x4c04e0|0.043478260869565216|TCityInteriorMinister::QueueRandomCityProductionCommand19To1C
0x4c05a0|0.02857142857142857|TCityInteriorMinister::QueueCityProductionCommand2BIfMissingAndResetValue
0x4c0690|0.046511627906976744|TCityInteriorMinister::QueueSingleCityProductionCommandFromField36
0x4c0730|0.046511627906976744|TCityInteriorMinister::QueueSingleCityProductionCommandFromField38
0x4c07d0|0.00558659217877095|TCityInteriorMinister::DistributeCityProductionAcrossOrderTemplatesAndBackfillDeficits
0x4c0d90|0.16666666666666666|TCityInteriorMinister::NoOpForeignMinisterUtilityStub
0x4c0de0|0.07407407407407407|TCityInteriorMinister::SetForeignMinisterReadyFlag14_2e
0x4c0e50|0.008583690987124463|TCityInteriorMinister::ReconcileCityProductionQueueAgainstTargetsAndAdjustOrders
0x4c11c0|0.018957345971563982|TCityInteriorMinister::GetHomeCityRecordIndexSlotC0
0x4c1510|0.008968609865470852|TCityInteriorMinister::CallD4
0x4c18a0|0.0|AppendInteriorMinisterValueGrowShortBuffer
0x4c1990|0.022727272727272728|WrapperFor_ComputeBestNationTileDevelopmentScore_At004c1990
0x4c1ac0|0.006514657980456026|TCityInteriorMinister::RebuildMapTileNeighborBucketsForInteriorMinister
0x4c1fc0|0.08333333333333333|WrapperFor_ReallocateHeapBlockWithAllocatorTracking_At004c1fc0
0x4c2010|0.025974025974025976|TCityInteriorMinister::GetTEventHandlerClassNamePointer_32
0x4c2120|0.0035149384885764497|TCityInteriorMinister::AutoAssignProspectingOrdersByTileHeuristics
0x4c2a30|0.0196078431372549|TCityInteriorMinister::AutoAssignProspectingOrdersFromSeedTileNeighbors
0x4c2d50|0.038461538461538464|TCityInteriorMinister::IterateLinkedListCursorEntries_004c2d50
0x4c2e10|0.01098901098901099|TCityInteriorMinister::HandleFrogCityTileSelectionAndDispatchOrders
0x4c30b0|0.0|TraceDescendingTileScoreGradientToSource
0x4c3170|0.01|TCityInteriorMinister::SelectBestFrogCityTileFromCandidateSet
0x4c3490|0.019230769230769232|TCityInteriorMinister::ComputeFrogCityCandidateScoreFromNationNeeds
0x4c3620|0.3333333333333333|TCityInteriorMinister::GetTEventHandlerClassNamePointer_3a
0x4c3640|0.011049723756906077|TCityInteriorMinister::BuildFrogCityDistanceMapFromPrimarySeedSet
0x4c3910|0.0106951871657754|TCityInteriorMinister::BuildFrogCityDistanceMapFromReachableSeaCandidates
0x4c3c00|0.01694915254237288|TCityInteriorMinister::RebalanceCityOrderAllocationTargets
0x4c3d60|0.010050251256281407|TCityInteriorMinister::ProcessCityOrderStateTickAndApplyCapabilitySelection
0x4c40c0|0.011904761904761904|TCityInteriorMinister::RebalanceCitySupportAndLaborAllocations
0x4c4370|0.009900990099009901|TCityInteriorMinister::ChooseAndMarkNextCityProductionCommand
0x4c4690|0.016666666666666666|TCityInteriorMinister::ComputeCityProductionCommandLimitsFromBuildingOutputs
0x4c4840|0.015625|TCityInteriorMinister::RebuildCityOrderCommandAvailabilityAndPriorityCycle
0x4c49f0|0.0|TCityInteriorMinister::UpdateMinisterProductionMetricsForResourceIndex
0x4c4c4c|0.0|OrphanCallChain_C1_I20_004c4c4c
0x4c4d40|0.0|TCityInteriorMinister::CityMinisterSlot44
0x4c4e60|0.024691358024691357|TCityInteriorMinister::CityMinisterSlot45
0x4c4f90|0.9473684210526315|TCityInteriorMinister::GetAverageDevelopmentOrderAllocation
0x4c4fe0|0.0|TCityInteriorMinister::CityMinisterSlot46
0x4c5240|0.0|TCityInteriorMinister::BuildFrogCityTerrainCountsAndOverlayStats
0x4c56e0|0.0|TryApplyCityOrderCapabilitySelectionBySlot
0x4c5900|0.5423728813559322|TSteelCityMinister::CreateObject
0x4c59c0|1.0|TSteelCityMinister::GetRuntimeClass
0x4c59e0|0.782608695652174|TSteelCityMinister::TSteelCityMinister
0x4c5a20|0.9090909090909091|TSteelCityMinister::`scalar deleting destructor'
0x4c5a50|0.5|DestructTSteelCityMinisterAndMaybeFree_Impl
0x4c5a70|1.0|TSteelCityMinister::InitializeCityInteriorState
0x4c5a90|0.017094017094017096|TSteelCityMinister::CityInteriorSlot20
0x4c5c00|0.5423728813559322|TShipBuilderCityMinister::CreateObject
0x4c5cc0|1.0|TShipBuilderCityMinister::GetRuntimeClass
0x4c5ce0|0.7272727272727273|TShipBuilderCityMinister::TShipBuilderCityMinister
0x4c5d20|0.9090909090909091|TShipBuilderCityMinister::`scalar deleting destructor'
0x4c5d50|0.5|DestructTShipBuilderCityMinisterAndMaybeFree_Impl
0x4c5d70|1.0|TShipBuilderCityMinister::InitializeCityInteriorState
0x4c5d90|0.017094017094017096|TShipBuilderCityMinister::CityInteriorSlot20
0x4c5f00|0.5423728813559322|TEvenCityMinister::CreateObject
0x4c5fc0|1.0|TEvenCityMinister::GetRuntimeClass
0x4c5fe0|0.7272727272727273|TEvenCityMinister::TEvenCityMinister
0x4c6020|0.9090909090909091|TEvenCityMinister::`scalar deleting destructor'
0x4c6050|0.5|DestructTEvenCityMinisterAndMaybeFree_Impl
0x4c6070|1.0|TEvenCityMinister::InitializeCityInteriorState
0x4c6090|0.01652892561983471|TEvenCityMinister::CityInteriorSlot20
0x4c6210|0.5423728813559322|TRailCityMinister::CreateObject
0x4c62d0|1.0|TRailCityMinister::GetRuntimeClass
0x4c62f0|0.7272727272727273|TRailCityMinister::TRailCityMinister
0x4c6330|0.9090909090909091|TRailCityMinister::`scalar deleting destructor'
0x4c6360|0.5|DestructTRailCityMinisterAndMaybeFree_Impl
0x4c6380|1.0|TRailCityMinister::InitializeCityInteriorState
0x4c63a0|0.015503875968992248|TRailCityMinister::CityInteriorSlot20
0x4c65d0|1.0|CList<long,long>::Serialize
0x4c6740|1.0|TLongintList::InsertLast
0x4c67e0|1.0|TLongintList::InsertLastEx
0x4c6880|1.0|TLongintList::At
0x4c68c0|1.0|TLongintList::GetSize
0x4c68e0|1.0|TLongintList::AtDelete
0x4c69a0|1.0|TLongintList::RemoveAll
0x4c69e0|1.0|TLongintList::Delete
0x4c6aa0|0.0|WrapperFor_FreeHeapBufferIfNotNull_At004c6aa0
0x4c6ad0|0.05714285714285714|TLinkedBlockChainState_00650A50::DestructLinkedBlockChainState_00650A50_AndFreeChain_At004c6ad0
0x4c6b60|1.0|TLongintList::Dump
0x4c6bf0|1.0|TLongintList::Free
0x4c6cb0|0.25|WrapperFor_ftol_At004c6cb0
0x4c6df0|0.5818181818181818|TBuildingView::CreateObject
0x4c6e90|1.0|TBuildingView::GetRuntimeClass
0x4c6eb0|1.0|TBuildingView::TBuildingView
0x4c6ee0|0.9090909090909091|TBuildingView::`scalar deleting destructor'
0x4c6f30|1.0|TBuildingView::ApplyCityViewSelectionPayloadAndRefreshControls
0x4c6fb0|1.0|TBuildingView::UpdateFields
0x4c6fd0|1.0|TBuildingView::DoStartup
0x4c6ff0|0.06896551724137931|TBuildingView::SetUniversityDialogTextAndRefresh
0x4c70e0|0.046511627906976744|TBuildingView::SetUniversityDialogLocalizedTextAndRefresh
0x4c7180|1.0|TBuildingView::Close
0x4c71f0|0.5818181818181818|TWarehouseView::CreateObject
0x4c7290|1.0|TWarehouseView::GetRuntimeClass
0x4c72b0|0.8|TWarehouseView::TWarehouseView
0x4c72e0|0.9090909090909091|TWarehouseView::`scalar deleting destructor'
0x4c7330|1.0|TWarehouseView::BeginMouseCaptureAndStartRepeatTimer
0x4c7360|0.003430531732418525|TWarehouseView::DoStartup
0x4c7d90|0.24836601307189543|TWarehouseView::UpdateFields
0x4c7f10|0.5818181818181818|TUnitsView::CreateObject
0x4c7fb0|1.0|TUnitsView::GetRuntimeClass
0x4c7fd0|0.8|TUnitsView::TUnitsView
0x4c8000|0.9090909090909091|TUnitsView::`scalar deleting destructor'
0x4c8050|0.7868852459016393|TUnitsView::DoStartup
0x4c8200|0.5714285714285714|TShipyardView::CreateObject
0x4c82a0|1.0|TShipyardView::GetRuntimeClass
0x4c82c0|0.3333333333333333|TShipyardView::ConstructTShipyardViewBaseState
0x4c82f0|0.9090909090909091|TShipyardView::`scalar deleting destructor'
0x4c8340|1.0|TShipyardView::Free
0x4c8390|0.16387959866220736|TShipyardView::DoStartup
0x4c8a20|0.2|WrapperFor_thunk_LoadBitmapResourceSurfaceAndRestoreQuickDrawContext_At004c8a20
0x4c8a50|1.0|TShipyardView::UpdateFields
0x4c8ac0|0.04040404040404041|TShipyardView::HandleEvent
0x4c8c09|0.0|UpdateCityViewCountControlAndRefreshSelection
0x4c8c3f|0.0|UpdateCityViewCountControlAndRefreshSelectionAlt
0x4c8d70|0.009708737864077669|TShipyardView::SetShip
0x4c9150|0.4590690208667737|TShipyardView::ApplyRectSlot110
0x4c97c0|0.013333333333333334|TShipyardView::GetCostString
0x4c9a60|0.012269938650306749|TShipyardView::SetStats(short)
0x4c9d20|1.0|TShipyardView::SetStats(class TView *)
0x4c9d70|0.5714285714285714|TBuildingConstructionView::CreateObject
0x4c9e10|1.0|TBuildingConstructionView::GetRuntimeClass
0x4c9e30|1.0|TBuildingConstructionView::TBuildingConstructionView
0x4c9e60|0.9090909090909091|TBuildingConstructionView::`scalar deleting destructor'
0x4c9eb0|0.0032679738562091504|TBuildingConstructionView::StuffValues
0x4ca8f0|0.02531645569620253|TBuildingConstructionView::DoClosingAction
0x4caa50|0.5818181818181818|TOverlayRadioButton::CreateObject
0x4caaf0|1.0|TOverlayRadioButton::GetRuntimeClass
0x4cab10|0.9|TOverlayRadioButton::ApplyRectSlot110
0x4caba0|0.5714285714285714|TUniversityView::CreateObject
0x4cac40|1.0|TUniversityView::GetRuntimeClass
0x4cac60|0.7058823529411765|TUniversityView::TUniversityView
0x4cac90|0.9090909090909091|TUniversityView::`scalar deleting destructor'
0x4cace0|0.0049382716049382715|TUniversityView::DoStartup
0x4cb320|0.006269592476489028|TUniversityView::SetUnit
0x4cb8a0|0.5138888888888888|TUniversityView::HandleEvent
0x4cb9cd|0.0|UpdateUniversityCountControlAndRefreshView
0x4cba03|0.0|UpdateUniversityCountControlAndRefreshViewAlt
0x4cbb20|0.3258145363408521|TUniversityView::UpdateFields
0x4cbf30|1.0|TUniversityView::Free
0x4cbf70|0.2753246753246753|TUniversityView::ApplyRectSlot110
0x4cc300|0.5818181818181818|TPurchaseCluster::CreateObject
0x4cc3a0|1.0|TPurchaseCluster::GetRuntimeClass
0x4cc3c0|1.0|TPurchaseCluster::TPurchaseCluster
0x4cc3f0|0.9090909090909091|TPurchaseCluster::`scalar deleting destructor'
0x4cc440|0.2|TPurchaseCluster::OrphanCallChain_C1_I08_004cc440
0x4cc470|1.0|TPurchaseCluster::BeginMouseCaptureAndStartRepeatTimer
0x4cc490|0.35051546391752575|TPurchaseCluster::HandleEvent
0x4cc550|0.6666666666666666|TPurchaseCluster::SetCityViewValueControlAmount
0x4cc640|0.08695652173913043|TPurchaseCluster::UpdateCityViewValueControl
0x4cc6b0|0.5614035087719298|TIndustryView::CreateObject
0x4cc770|1.0|TIndustryView::GetRuntimeClass
0x4cc790|0.6|TIndustryView::TIndustryView
0x4cc7d0|0.9090909090909091|TIndustryView::`scalar deleting destructor'
0x4cc820|0.5605095541401274|TIndustryView::DoStartup
0x4ccf30|0.33962264150943394|TIndustryView::HandleEvent
0x4ccfa2|0.0|DispatchCityViewSelectionChangeAndRefresh
0x4cd040|0.2696335078534031|TIndustryView::UpdateFields
0x4cd760|0.5614035087719298|TTradeSchoolView::CreateObject
0x4cd820|1.0|TTradeSchoolView::GetRuntimeClass
0x4cd840|0.6666666666666666|TTradeSchoolView::TTradeSchoolView
0x4cd880|0.9090909090909091|TTradeSchoolView::`scalar deleting destructor'
0x4cd8d0|0.2820143884892086|TTradeSchoolView::DoStartup
0x4ce070|0.10101010101010101|TTradeSchoolView::UpdateFields
0x4ce480|0.4897959183673469|TBuildingExpansionView::CreateObject
0x4ce500|1.0|TBuildingExpansionView::GetRuntimeClass
0x4ce520|0.2222222222222222|ConstructBuildingExpansionView
0x4ce550|0.9090909090909091|TBuildingExpansionView::`scalar deleting destructor'
0x4ce5a0|0.0056022408963585435|TBuildingExpansionView::StuffValues
0x4cebb0|0.02857142857142857|TBuildingExpansionView::DoClosingAction
0x4cece0|0.5714285714285714|TArmoryView::CreateObject
0x4ced80|1.0|TArmoryView::GetRuntimeClass
0x4ceda0|0.3333333333333333|ConstructArmoryView
0x4cedd0|0.9090909090909091|TArmoryView::`scalar deleting destructor'
0x4cee20|0.006060606060606061|TArmoryView::DoStartup
0x4cf350|0.5779816513761468|TArmoryView::HandleEvent
0x4cf46f|0.0|UpdateUniversitySpecialistCountControlAndRefreshView
0x4cf4a5|0.0|UpdateUniversitySpecialistCountControlAndRefreshViewAlt
0x4cf5c0|0.2440677966101695|TArmoryView::UpdateFields
0x4cfbd0|0.004016064257028112|TArmoryView::RefreshCityViewProductionDetails
0x4d0470|1.0|TArmoryView::Free
0x4d04b0|0.5245901639344263|TEngineerDialog::CreateObject
0x4d0540|1.0|TEngineerDialog::GetRuntimeClass
0x4d0560|1.0|TEngineerDialog::TEngineerDialog
0x4d0590|0.9090909090909091|TEngineerDialog::`scalar deleting destructor'
0x4d05e0|1.0|TEngineerDialog::Free
0x4d0650|0.25120772946859904|TEngineerDialog::ApplyRectSlot110
0x4d0810|0.0023837902264600714|TEngineerDialog::BuildCityViewProductionControls
0x4d1760|0.4897959183673469|TPlaceCityDialog::CreateObject
0x4d17e0|1.0|TPlaceCityDialog::GetRuntimeClass
0x4d1800|1.0|TPlaceCityDialog::TPlaceCityDialog
0x4d1830|0.9090909090909091|TPlaceCityDialog::`scalar deleting destructor'
0x4d1880|0.3802612481857765|TPlaceCityDialog::StuffValues
0x4d1e40|1.0|TPlaceCityDialog::ApplyRectSlot110
0x4d1e60|1.0|TPlaceCityDialog::Close
0x4d1fb0|0.25|WrapperFor_ftol_At004d1fb0
0x4d2000|0.42424242424242425|TCivMgr::CreateObject
0x4d2030|1.0|TCivMgr::GetRuntimeClass
0x4d2050|1.0|TCivMgr::TCivMgr
0x4d2070|1.0|TCivMgr::`scalar deleting destructor'
0x4d20a0|1.0|TCivMgr::~TCivMgr
0x4d20c0|1.0|TCivMgr::ICivMgr
0x4d20e0|0.0|ClearCivilianSelectionHighlightsForNation
0x4d2160|0.0|SelectFirstAvailableCivilianForNation
0x4d2270|0.043478260869565216|TCivMgr::DispatchSelectedUnitToGlobalMapStateHandler
0x4d2380|0.01834862385321101|TCivMgr::HandleCivilianTileSelectionOrReportClick
0x4d2540|0.8041237113402062|TCivMgr::ResolveCivilianTileSelectionOrReportActionCode
0x4d26d0|0.012345679012345678|TCivMgr::HandleCivilianTileOrderAction
0x4d2930|1.0|TCivMgr::LookupCivilianTileOrderCursorTokenByActionIndex
0x4d2960|0.41379310344827586|TCivMgr::ResolveCivilianTileOrderActionCode
0x4d2c60|0.7352941176470589|TCivMgr::SetActiveCivilianSelection
0x4d2cf0|1.0|TCivMgr::QueueImmediateCivilianCommandAndCycleSelection
0x4d2d30|0.7461139896373057|TCivMgr::ShowDisbandCivilianConfirmationDialog
0x4d2ef0|0.4|TCivMgr::TryQueueCivilianMoveOrderToTile
0x4d2f60|0.4566929133858268|TCivMgr::CanAssignCivilianOrderToTile
0x4d3070|0.5096774193548387|TCivMgr::HandleCivilianReportDecision
0x4d3310|0.3202416918429003|TCivMgr::QueueCivilianWorkOrderWithCostCheck
0x4d3610|0.0|TCivToolbar::PromptAndQueueDeveloperTilePurchaseOrder
0x4d39d0|0.0|QueueProspectingOrderAndPlayFeedback
0x4d3a60|0.5654885654885655|TCivMgr::HandleEngineerConstructionAction
0x4d4310|0.06666666666666667|TCivMgr::RelinkCivilianOrderTileAndInvalidateMapTiles
0x4d4390|0.3222748815165877|ApplyCompletedCivWorkOrderToMapState
0x4d4740|0.4305555555555556|TCivMgr::ResolveCivilianDisputes
0x4d49a0|0.9090909090909091|TLandSaleEvent::`scalar deleting destructor'
0x4d49d0|0.5|DestructLandSaleEventToBase
0x4d49f0|0.0|HandleMapHotkeyW_ResetSelectedActionableObjects
0x4d4b90|0.8666666666666667|StrategicMapCallbackRecord::StrategicMapCallbackRecord
0x4d4bd0|0.0|DiscardTileTokenArgumentAndReturn
0x4d4bf0|0.24644549763033174|StrategicMapCallbackRecord::AppendPackedColorDword
0x4d4dd0|0.0|WrapperFor_ReallocateHeapBlockWithAllocatorTracking_At004d4dd0
0x4d4e40|0.23404255319148937|StrategicMapCallbackRecord::EnsureOpcodeBufferByteAtIndex
0x4d4ed0|0.0|WrapperFor_ReallocateHeapBlockWithAllocatorTracking_At004d4ed0
0x4d4f50|0.0|WrapperFor_ReallocateHeapBlockWithAllocatorTracking_At004d4f50
0x4d4ff0|0.0|AppendCallbackGeneratedByteToGrowableBuffer
0x4d5090|0.14388489208633093|StrategicMapCallbackRecord::BuildBitmapMaskOpcodeBufferFromResourceRows
0x4d5580|1.0|StrategicMapCallbackRecord::AppendOpcodeByte
0x4d5610|0.16842105263157894|StrategicMapCallbackRecord::AppendOpcodeBytePair
0x4d5720|0.11827956989247312|StrategicMapCallbackRecord::FinalizeOpcodeBufferAlignment
0x4d5970|0.0|WrapperFor_ReallocateHeapBlockWithAllocatorTracking_At004d5970
0x4d59a0|0.0273972602739726|WrapperFor_IsPointInsideHitRegion_At004d59a0
0x4d5cf0|0.35294117647058826|StreamOverlayHitMaskToSurfaceDib
0x4d5d30|0.0|BuildDiplomacyOverlayHitMaskOpcodeStream
0x4d62d0|0.10526315789473684|WrapperFor_ReallocateHeapBlockWithAllocatorTracking_At004d62d0
0x4d6310|0.0|BuildDiplomacyOverlayHitMaskOpcodeStream_Impl
0x4d64d0|0.25|WrapperFor_ftol_At004d64d0
0x4d6500|0.4897959183673469|TProvinceDesirabilityList::CreateObject
0x4d6570|1.0|TProvinceDesirabilityList::GetRuntimeClass
0x4d6590|0.8571428571428571|TProvinceDesirabilityList::TProvinceDesirabilityList
0x4d65c0|0.9090909090909091|TProvinceDesirabilityList::`scalar deleting destructor'
0x4d6610|1.0|TProvinceDesirabilityList::InitializeProvinceRecordSize
0x4d6630|1.0|TProvinceDesirabilityList::Compare
0x4d66a0|0.4444444444444444|TCountry::CreateObject
0x4d6730|1.0|TCountry::ReturnFalseNationStateCapabilityFlag98
0x4d6750|1.0|TCountry::ReturnFalseNationStateCapabilityFlag9C
0x4d6770|1.0|TCountry::ShouldDispatchImmediatelySlot28
0x4d6790|1.0|TCountry::SetNationSelectedRegionAndMapCellLabel
0x4d67b0|1.0|TCountry::GetRuntimeClass
0x4d67d0|1.0|TCountry::TCountry
0x4d6850|0.9090909090909091|TCountry::`scalar deleting destructor'
0x4d6880|0.08695652173913043|WrapperFor_ReleaseSharedStringRefIfNotEmpty_At004d6880
0x4d68f0|0.6206896551724138|TCountry::InitializeNationStateIdentityAndOwnedRegionList
0x4d6b70|0.0|CString::operator=(class CString const &)
0x4d6ba0|1.0|TCountry::Free
0x4d6bf0|0.554945054945055|TCountry::ReadFrom
0x4d6e60|0.3408360128617363|TCountry::WriteTo
0x4d7070|1.0|TCountry::ReadCoreFieldsFromStream
0x4d70e0|1.0|TCountry::WriteCoreFieldsToStream
0x4d7150|1.0|TCountry::SetSerializedField8c
0x4d7170|1.0|TCountry::GetOrComputeOverlayAnchorTileIndex
0x4d71b0|0.8805555555555555|TCountry::SeedInitialMilitaryAndNavyOrdersForOwnedRegions
0x4d7770|0.7903225806451613|TCountry::CreateMilitaryRecruitOrderForNode
0x4d7860|1.0|TCountry::FormatOverlayTerrainLabelText
0x4d7930|1.0|TCountry::AssignSharedStringFromDescriptorNameOrDefault
0x4d7a00|1.0|TCountry::SetNationDisplayNameAndLocalizationSlotRef
0x4d7a40|1.0|TCountry::LoadNationDisplayNameSharedRefFromField8
0x4d7ae0|1.0|TCountry::AddToNationMetricAtField10
0x4d7b00|1.0|TCountry::TryDispatchNationActionViaUiContextOrFallback
0x4d7b20|0.6356589147286822|TCountry::ApplyJoinEmpireModeForTargetNation
0x4d7c00|0.6410256410256411|TCountry::SetNationTransferTargetCodeAndNotifyEligiblePeers
0x4d7c90|0.6744186046511628|TCountry::ApplyJoinEmpireMode1TargetTransition
0x4d7d20|1.0|TCountry::IsEncodedNationSlotMinus200Equal
0x4d7d50|1.0|TCountry::ApplyJoinEmpireMode2FinalizeNationNameState
0x4d7d70|1.0|TCountry::RemoveRegionIdFromNationOwnedRegionList
0x4d7da0|1.0|TCountry::AddRegionIdToNationOwnedRegionList
0x4d7dd0|0.30985915492957744|TCountry::SetNationPercentFieldByModeAndDescriptorLinks
0x4d7e90|1.0|TCountry::DecrementDiplomacyCounterA2ByValue
0x4d7eb0|0.6153846153846154|TAdmiral::GenerateMappedFlavorTextByNationSlotField0C
0x4d7ee0|0.5|TCountry::SumDiplomacyState1c6AndRelationDeltaSnapshot
0x4d7f00|1.0|TCountry::GetDiplomacyCounterA2
0x4d7f20|1.0|TCountry::GetDiplomacyExternalStateByTarget
0x4d7f40|1.0|TCountry::QueryNationMetricBySlot7C
0x4d7f60|1.0|TCountry::ReturnFalseNationStateCapabilityFlag90
0x4d7f80|1.0|TCountry::NotifyActionSlot94
0x4d7fa0|1.0|TCountry::ApplyIndexedResourceDeltaAndAdjustNationTotals
0x4d7fc0|1.0|TCountry::IsDiplomacyState1C6UnsetAndCounterPositiveForTarget
0x4d7fe0|1.0|TCountry::QueueDiplomacyProposalCodeForTargetNation
0x4d8000|0.3237597911227154|TCountry::AssignDisplayNamesToUnnamedMilitaryUnits
0x4d8390|1.0|TCountry::ComputeWeightedNeighborLinkScoreForNode
0x4d83c0|1.0|TCountry::SumWeightedNeighborLinkScoreForLinkedNodes
0x4d8430|0.967741935483871|TCountry::ComputeSelectedMilitaryPowerScore
0x4d84b0|0.6701298701298701|TGreatPower::ClassifyNationMilitaryPowerBandAgainstGlobalMean
0x4d87b0|1.0|TCountry::GetHomeRegionCityRecordIndex
0x4d87e0|0.5116279069767442|TCountry::QueueRecruitOrdersForUndergarrisonedRegions
0x4d8920|1.0|TCountry::ResetDiplomacyLevelForNationSlot12
0x4d8950|1.0|TGreatPower::CreateObject
0x4d89d0|1.0|TGreatPower::GetRuntimeClass
0x4d89f0|0.20652173913043478|TGreatPower::TGreatPower(void)
0x4d8bc0|1.0|TGreatPower::RecomputeAiExpansionAndMissionPressureScores
0x4d8be0|1.0|TGreatPower::RefreshTrackedEntriesAndReplanAiDevelopment
0x4d8c00|1.0|TGreatPower::GetDiplomacyCounterA2
0x4d8c20|1.0|TGreatPower::`scalar deleting destructor'
0x4d8c50|0.0|TGreatPower::~TGreatPower
0x4d8cc0|0.44924406047516197|TGreatPower::InitializeNationStateRuntimeSubsystems
0x4d9160|1.0|TGreatPower::Free
0x4d92e0|0.4366412213740458|TGreatPower::ReadFrom
0x4d9c70|0.8169014084507042|TGreatPower::WriteTo
0x4da3e0|0.6308724832214765|TGreatPower::ReadCoreFieldsFromStream
0x4da500|0.3917525773195876|TGreatPower::WriteCoreFieldsToStream
0x4da5c0|1.0|TGreatPower::NoOpNationPendingActionHook
0x4da5e0|0.6289752650176679|TGreatPower::DispatchPendingStatusPrompts
0x4da860|1.0|TGreatPower::MarkStatusFlag5HandledIfCapabilityActive
0x4da8a0|0.9645390070921985|TGreatPower::MarkAllPendingStatusFlagsHandled
0x4daa10|1.0|TGreatPower::SetNationPendingActionStateAndPayload
0x4daa50|1.0|TGreatPower::AddNodeToMissionNodeQueue
0x4daa80|1.0|TGreatPower::DispatchMissionNodeCallbacksAndClearQueue
0x4dab00|1.0|TGreatPower::NoOpNationQueuedOrderHook
0x4dab20|0.5535248041775457|TGreatPower::ExecuteNationPendingActionStateMachine
0x4dae70|0.8433734939759037|TGreatPower::HasTrackedOrderOfType7
0x4daf00|1.0|TGreatPower::HandleNationLost
0x4daf30|0.22686567164179106|TGreatPower::CompileGreatPowerRelationshipDeltaLinesAndDispatchMessage
0x4db380|0.6141078838174274|TGreatPower::UpdateGreatPowerPressureStateAndDispatchEscalationMessage
0x4db7d0|0.7043010752688172|TGreatPower::BuildTransportLinkedInfluenceMap
0x4dbac0|1.0|TGreatPower::MarkConnectedOwnedRegionsFrom
0x4dbbb0|0.872093023255814|TGreatPower::BuildCityInfluenceLevelMap
0x4dbd20|0.211864406779661|TGreatPower::RebuildNationResourceYieldCountersAndDevelopmentTargets
0x4dbf00|0.23510971786833856|TGreatPower::AdvanceOwnedRegionDevelopmentCountersAndDispatchEvents
0x4dc3f0|0.34782608695652173|TGreatPower::AnyNeedCurrentExceedsTargetWhenCapMismatch
0x4dc440|1.0|TGreatPower::HasAnyCommodityRecordBelowStepValue
0x4dc4c0|0.8888888888888888|TGreatPower::ComputeTreasuryStatusPromptCode
0x4dc540|0.775|TGreatPower::CompareMissionScoreVariantsByMode
0x4dc660|0.851063829787234|TGreatPower::BuildGreatPowerMapContextTriggeredNationEventMessages
0x4dc840|0.9484536082474226|TGreatPower::BuildGreatPowerEligibleNationEventMessagesFromLinkedList
0x4dc9f0|1.0|TGreatPower::RefreshGreatPowerRelationPanelsAndDispatchDeltaSummary
0x4dca60|1.0|TGreatPower::NotifyCitySlot2C
0x4dca80|1.0|TGreatPower::AbsorbCityNeedVectorSlotFC
0x4dcaa0|0.5714285714285714|TGreatPower::GetEffectiveDiplomacyCounterA2ForCode
0x4dcc30|1.0|TGreatPower::OrphanRetStub_004dcc30
0x4dcc50|1.0|TGreatPower::ApplyDiplomacyState222ToCityStockAndClear
0x4dcca0|0.8387096774193549|TGreatPower::ApplyRelationDeltaToCityStockAndUpdateState1f4
0x4dcd10|0.7010309278350515|TGreatPower::ApplyNationResourceNeedTargetsToOrderState
0x4dcdd0|1.0|TGreatPower::UpdateNeedTargetAndAccumulateOverCap
0x4dce10|1.0|TGreatPower::SetNationResourceNeedCurrentByType
0x4dce40|1.0|TGreatPower::IsNeedTargetEqualCurrent
0x4dce70|1.0|TGreatPower::GetNeedTargetByType
0x4dce90|0.22727272727272727|TGreatPower::TryIncrementNationResourceNeedTargetTowardCurrent
0x4dcf10|0.3673469387755102|TGreatPower::IsNationResourceNeedCurrentSumExceedingCapA6
0x4dcf60|0.8857142857142857|TGreatPower::TryDecayRelationNeedScores9AndB
0x4dcfd0|0.8571428571428571|TGreatPower::TryDecayRelationNeedScores9And8
0x4dd040|0.7272727272727273|TGreatPower::ResetDiplomacyLevelForNationSlot12
0x4dd0c0|0.30985915492957744|TGreatPower::SetDiplomacyColonyBoycottFlagForTargetAndRefreshMinorNations
0x4dd140|0.8461538461538461|TGreatPower::RecomputeDiplomacyAidBudgetScoreFromResourceWeights
0x4dd1b0|0.9787234042553191|TGreatPower::ResetDiplomacyNeedScoresAndClearAidAllocationMatrix
0x4dd270|0.9302325581395349|TGreatPower::RefreshDiplomacyNeedScoresAndClearAidAllocationMatrix
0x4dd310|1.0|TGreatPower::ReleaseDiplomacyTrackedObjectSlots850
0x4dd340|0.6222222222222222|TGreatPower::AddAmountToAidAllocationMatrixCellAndTotal
0x4dd3b0|1.0|TGreatPower::SumAidAllocationMatrixColumnForTarget
0x4dd3f0|1.0|TGreatPower::SumAidAllocationMatrixAllCells
0x4dd430|0.5714285714285714|TGreatPower::ComputeRemainingDiplomacyAidBudget
0x4dd470|1.0|TGreatPower::ResetDiplomacyNeedSlots7012AndRefreshIfModeGateMatches
0x4dd4e0|0.4585987261146497|TGreatPower::AssignFallbackNationsToUnfilledDiplomacyNeedSlots
0x4dd740|1.0|TGreatPower::GetDiplomacyExternalStateByTarget
0x4dd770|1.0|TGreatPower::SetCityStockCounterAndRefresh
0x4dd7b0|1.0|TGreatPower::AddToCityStockCounterAndRefresh
0x4dd7f0|0.647887323943662|TGreatPower::ComputeProductionMetricForOrderKind
0x4dd810|0.0|GetCityProductionValueTimesTwoCallbackA
0x4dd823|0.0|GetCityProductionValueTimesTwoCallbackB
0x4dd836|0.0|GetCityProductionValueCallbackBase
0x4dd847|0.0|GetCityProductionValueTimesTwoCallbackC
0x4dd85a|0.0|GetCityProductionValueTimesTwoCallbackD
0x4dd86d|0.0|GetCityProductionValueTimesTwoCallbackE
0x4dd880|0.0|GetCityProductionValueTimesTwoCallbackF
0x4dd893|0.0|GetCityProductionValueTimesTwoCallbackG
0x4dda20|1.0|TGreatPower::DecrementDiplomacyCounterA2ByValue
0x4dda40|1.0|TGreatPower::DecrementDiplomacyCounterA2Slot66
0x4dda60|0.6|TGreatPower::SumDiplomacyState1c6AndRelationDeltaSnapshot
0x4dda90|0.34782608695652173|TGreatPower::AssignNeedSlotFromSourceSlot19C
0x4ddad0|0.7916666666666666|TGreatPower::AreDiplomacyState1c6Slots13To16AllNonPositive
0x4ddb20|1.0|TGreatPower::QueryNationMetricBySlot7C
0x4ddb40|1.0|TGreatPower::SetDiplomacyState1c6ClampedToCounterA4
0x4ddb80|1.0|TGreatPower::SnapshotDiplomacyState1c6Into250
0x4ddbb0|0.975|TGreatPower::TryDispatchNationActionViaUiContextOrFallback
0x4ddc30|0.9894736842105263|TGreatPower::ApplyIndexedResourceDeltaAndAdjustNationTotals
0x4ddcf0|1.0|TGreatPower::AddShortDeltaToNationCounterAtOffset198
0x4ddd20|1.0|TGreatPower::ClearDiplomacyState1c6ForTarget
0x4ddd50|1.0|TGreatPower::IsDiplomacyState1C6UnsetAndCounterPositiveForTarget
0x4ddd90|0.8484848484848485|TGreatPower::AppendTrackedSlotEntry
0x4dde30|1.0|TGreatPower::AnyTrackedSlotEntryHasZeroField4
0x4dde80|1.0|TGreatPower::GetTrackedSlotEntryCountLow
0x4ddeb0|1.0|TGreatPower::ReadTrackedSlotEntryFields
0x4ddf20|1.0|TGreatPower::AssignPayloadToTrackedSlotEntryMatchingField2
0x4ddf90|1.0|TGreatPower::ClearDiplomacyState1c6Block
0x4ddfc0|0.39882697947214074|TGreatPower::ApplyDiplomacyPolicyStateForTargetWithCostChecks
0x4de2b0|1.0|TGreatPower::BeginTurnDiplomacyPrePassSlot1c8
0x4de2d0|0.7619047619047619|TGreatPower::ResetDiplomacyPolicyAndGrantEntriesPreserveRecurringGrants
0x4de340|0.5034965034965035|TGreatPower::SetDiplomacyGrantEntryForTargetAndUpdateTreasury
0x4de5e0|0.3867403314917127|TGreatPower::RevokeDiplomacyGrantForTargetAndAdjustInfluenceSlot1d8
0x4de700|0.7297297297297297|TGreatPower::CanAffordDiplomacyGrantEntryForTarget
0x4de790|0.7317073170731707|TGreatPower::CanAffordAdditionalDiplomacyCostAfterCommitments
0x4de7e0|1.0|TGreatPower::ApplyTurnDiplomacyStateSlot1e0
0x4de810|1.0|TGreatPower::NotifyWarResetSlotA5
0x4de860|0.7172675521821632|TGreatPower::SetNationTransferTargetCodeAndNotifyEligiblePeers
0x4deca0|0.35714285714285715|TGreatPower::DecrementNeedLevelByNationStep
0x4dedf0|0.39245283018867927|TGreatPower::NotifyActionSlot94
0x4defd0|0.5|TGreatPower::QueueDiplomacyProposalCodeForTargetNation
0x4df010|0.6407322654462243|TGreatPower::ApplyAcceptedDiplomacyProposalCode
0x4df370|0.5108695652173914|TGreatPower::QueueInterNationEventForProposalCode12D_130
0x4df4b0|0.6355140186915887|TGreatPower::IsEventCodeAllowedForRelationTier
0x4df580|0.6666666666666666|TGreatPower::ResetNationDiplomacyProposalQueue
0x4df5a0|0.6666666666666666|TGreatPower::ReleaseProposalQueueSlot7F
0x4df5c0|0.3333333333333333|TGreatPower::DispatchTurnEvent2103WithNationFromRecord
0x4df5f0|0.3271375464684015|TGreatPower::ProcessPendingDiplomacyProposalQueue
0x4df810|0.6|TGreatPower::ApplyScenarioRelationPresetAndSpawnFrogCity
0x4dfa20|1.0|TGreatPower::CreateFrogCityTownMarkerAndAttach
0x4dfae0|0.8093385214007782|TGreatPower::CreateFrogCityAtHomeRegionAndAttach
0x4dfd30|0.5740740740740741|TGreatPower::SetHomeCityTileAndDisplayName
0x4e00d0|1.0|TGreatPower::DispatchGreatPowerQuarterlyStatusMessageLevel2
0x4e0140|1.0|TGreatPower::DispatchGreatPowerQuarterlyStatusMessageLevel1
0x4e01b0|1.0|TGreatPower::DispatchGreatPowerQuarterlyStatusMessageLevel0
0x4e0220|1.0|TGreatPower::DispatchTrackedOrderSlot2CCallbacks
0x4e0290|1.0|TGreatPower::SortTrackedOrdersByTypePriority
0x4e03a0|1.0|TGreatPower::RunSlot4CThenSortTrackedOrders
0x4e03d0|1.0|TGreatPower::ResetField900FromNeedCapA6
0x4e0400|1.0|TGreatPower::HasActiveCandidateNationSlots
0x4e0420|1.0|TGreatPower::SetCandidateNationFlagAndPortZoneState
0x4e0440|1.0|TGreatPower::NotifyAllianceSlot214
0x4e0460|1.0|TGreatPower::SumNavyOrderPriorityForNationAndNodeType
0x4e04b0|1.0|TGreatPower::SumNavyOrderPriorityForNation
0x4e0500|1.0|TGreatPower::SumNavyOrderPriorityForNationSlot86
0x4e0550|0.45714285714285713|TGreatPower::CountMapActionContextNodesWithNationBit
0x4e0590|1.0|TGreatPower::ComputeMinisterSkillFloatSlot88
0x4e05d0|1.0|TGreatPower::ComputeMinisterSkillFloatSlot89
0x4e0610|1.0|TGreatPower::ComputeMinisterSkillFloatSlot8A
0x4e0650|1.0|TGreatPower::ComputeMinisterSkillFloatSlot8B
0x4e0690|1.0|TGreatPower::ComputeMinisterSkillFloatSlot8C
0x4e06d0|1.0|TGreatPower::SumCommodityRecordAccumulatedValues
0x4e0740|1.0|TGreatPower::GetCityBuildingProductionSlot8D
0x4e0770|1.0|TGreatPower::ComputeNationRuntimeAdvisoryMetricCase6
0x4e07b0|0.35294117647058826|TGreatPower::ComputeArmyCommitBudgetSlot8E
0x4e0890|0.26262626262626265|TGreatPower::GetScoreFactorSlot23C
0x4e09a0|0.5903614457831325|TGreatPower::GetScoreFactorSlot240
0x4e0b20|0.43902439024390244|TGreatPower::ComputeArmyScoreRatioVsNation
0x4e0c10|0.24806201550387597|TGreatPower::ComputeArmyScoreStandingRatioVsNation
0x4e0d80|0.43902439024390244|TGreatPower::ComputeNavyScoreRatioVsNation
0x4e0e70|0.24806201550387597|TGreatPower::ComputeNavyScoreStandingRatioVsNation
0x4e0fe0|0.3076923076923077|TGreatPower::ComputeArmyScoreRatioVsNationWithSecondary
0x4e1170|0.4276729559748428|TGreatPower::ComputeArmyScoreStandingRatioVsNationPair
0x4e1300|0.3076923076923077|TGreatPower::ComputeNavyScoreRatioVsNationWithSecondary
0x4e1490|0.4276729559748428|TGreatPower::ComputeNavyScoreStandingRatioVsNationPair
0x4e1620|0.45217391304347826|TGreatPower::ComputeArmyScoreRatioForNationPair
0x4e1750|0.3411764705882353|TGreatPower::ComputeArmyScoreStandingRatioForNationPair
0x4e1910|0.45217391304347826|TGreatPower::ComputeNavyScoreRatioForNationPair
0x4e1a40|0.3411764705882353|TGreatPower::ComputeNavyScoreStandingRatioForNationPair
0x4e1c00|1.0|TGreatPower::ReturnZeroSlot9D
0x4e1c20|0.5697674418604651|TGreatPower::EvaluateJoinWarAgainstNationAndQueueEvent
0x4e1d50|0.5408805031446541|TGreatPower::CheckTransitionSlot27C
0x4e1e40|0.19148936170212766|TGreatPower::PropagateWarTransitionSlot280
0x4e1f20|1.0|TGreatPower::SelectAndQueueAdvisoryMapMissionsCase16
0x4e1f40|0.34726688102893893|TGreatPower::ComputeWarThresholdSlotA3
0x4e2190|1.0|TGreatPower::PruneInvalidTrackedEntriesAndNotifyOwner
0x4e21b0|0.6923076923076923|TGreatPower::ApplyJoinEmpireModeForTargetNation
0x4e2270|1.0|TGreatPower::RemoveRegionIdFromNationOwnedRegionList
0x4e22b0|0.7868852459016393|TGreatPower::AddRegionIdToNationOwnedRegionList
0x4e2330|0.4864864864864865|TGreatPower::SetNationPercentFieldByModeAndDescriptorLinks
0x4e2500|0.37606837606837606|TGreatPower::NotifyRegionEventSlot298
0x4e25c0|1.0|TGreatPower::ResetNationDiplomacySlotsAndMarkRelatedNations
0x4e2630|0.38095238095238093|TGreatPower::CallSlotA8
0x4e2720|0.3950617283950617|TGreatPower::CallSlotA9
0x4e27b0|0.6666666666666666|TGreatPower::DispatchNationDiplomacySlotActionByMode
0x4e27f0|0.5|TGreatPower::ApplyDiplomacyRelationCodeAndNotifyThirdPartySlot284
0x4e2880|0.8793103448275862|TGreatPower::ClassifyNationProductionTierVsPeers
0x4e2b00|0.7659574468085106|TGreatPower::DispatchTurnOrderActionSlotB0
0x4e2b70|0.08955223880597014|TGreatPower::BuildGreatPowerTurnMessageSummaryAndDispatch
0x4e3060|1.0|TGreatPower::ComputeNationNavyOrderWeightedMovementScore
0x4e3220|0.972972972972973|TGreatPower::RecomputeNationComparativePowerMetrics_Impl
0x4e32a0|0.8013029315960912|TGreatPower::RecomputeNationEconomyAndDiplomacySummaryMetrics
0x4e3560|0.9347826086956522|TGreatPower::PayForMilitary
0x4e3620|0.35714285714285715|TGreatPower::SumDiplomacyGrantEntriesMaskedToValueBits
0x4e3660|0.4444444444444444|TMinor::CreateObject
0x4e36f0|1.0|TMinor::GetRuntimeClass
0x4e3710|0.3333333333333333|TMinor::TMinor
0x4e3790|0.9090909090909091|TMinor::`scalar deleting destructor'
0x4e37c0|0.08695652173913043|WrapperFor_ReleaseSharedStringRefIfNotEmpty_At004e37c0
0x4e3830|0.9719350073855244|TMinor::InitializeSecondaryNationStateAndSelectHomeTile
0x4e41c0|0.5615384615384615|TMinor::ReadFrom
0x4e4390|0.81875|TMinor::WriteTo
0x4e45f0|1.0|TMinor::ReturnFalseNationStateCapabilityFlag90
0x4e4630|0.9333333333333333|TMinor::SumDiplomacyState1c6AndRelationDeltaSnapshot
0x4e4660|1.0|TMinor::GetDiplomacyExternalStateByTarget
0x4e4680|1.0|TMinor::QueryNationMetricBySlot7C
0x4e46a0|0.04|TMinor::RebuildDiplomacyEconomicPressureFromMapState
0x4e49b0|0.265625|TMinor::ApplyIndexedResourceDeltaAndAdjustNationTotals
0x4e4bd0|0.7104477611940299|TMinor::SeedRandomDiplomacyPolicyThresholds
0x4e4ee0|0.3783783783783784|TMinor::IsDiplomacyState1C6UnsetAndCounterPositiveForTarget
0x4e4f50|0.9629629629629629|TMinor::TryDispatchNationActionViaUiContextOrFallback
0x4e4fa0|0.6451612903225806|TMinor::ResetDiplomacyLevelForNationSlot12
0x4e4ff0|0.3008849557522124|TMinor::CanInitiateJoinEmpireProposalToTarget
0x4e50d0|0.18855218855218855|TMinor::QueueDiplomacyProposalCodeForTargetNation
0x4e5300|0.46153846153846156|TMinor::NotifyActionSlot94
0x4e5340|0.4166666666666667|TMinor::SetNationTransferTargetCodeAndNotifyEligiblePeers
0x4e5730|0.7317073170731707|TMinor::HandleNetworkPortConstructionOrder
0x4e5840|0.17543859649122806|TMinor::ApplyJoinEmpireMode1TargetTransition
0x4e59d0|0.5263157894736842|TMinor::ApplyJoinEmpireMode2FinalizeNationNameState
0x4e5a40|0.810126582278481|TMinor::SetNationRowDisplayValueByDiplomacyPredicate
0x4e5ac0|0.525|TMinor::ClearTileActivityOverlayByProvinceId
0x4e5be0|0.4411764705882353|TMinor::QueueInterNationEvent17ForState300AffectedNations
0x4e5d90|0.2376237623762376|TMinor::ApplyDiplomacyRelationMaskToProvinceLinkedObjects
0x4e6040|0.5063291139240507|TMinor::ReassignTileObjectOwnerAndNotifyForSelectedCells
0x4e6150|0.18888888888888888|TMinor::ReassignUnitOrdersForCountryTargetChange
0x4e64a0|0.6808510638297872|TMinor::RemoveRegionIdFromNationOwnedRegionList
0x4e64f0|0.7142857142857143|TMinor::AddRegionIdToNationOwnedRegionList
0x4e6520|0.6346153846153846|TMinor::RelinkTileUnitsToCountryOrderManager
0x4e65e0|1.0|TTurnStartEvent::CreateObject
0x4e6610|0.6666666666666666|TTurnStartEvent::ApplyJoinEmpireMode2FinalizeNationNameState
0x4e6630|0.9090909090909091|TTurnStartEvent::`scalar deleting destructor'
0x4e6660|0.5|TTurnStartEvent::CreateTTurnStartEventInstance
0x4e6680|1.0|TTurnStartEvent::GetRuntimeClass
0x4e66c0|1.0|TLandSaleEvent::CreateObject
0x4e66f0|1.0|TLandSaleEvent::GetRuntimeClass
0x4e6710|1.0|TLandSaleEvent::ILandSaleEvent
0x4e6740|0.013793103448275862|TLandSaleEvent::ApplyJoinEmpireMode2FinalizeNationNameState
0x4e6a40|0.25|WrapperFor_ftol_At004e6a40
0x4e6a70|0.5818181818181818|TAutoGreatPower::CreateObject
0x4e6b10|1.0|TAutoGreatPower::UpdateGreatPowerPressureStateAndDispatchEscalationMessage
0x4e6b30|1.0|TAutoGreatPower::GetRuntimeClass
0x4e6b50|1.0|TAutoGreatPower::TAutoGreatPower
0x4e6b80|1.0|TAutoGreatPower::`scalar deleting destructor'
0x4e6bb0|0.0|TAutoGreatPower::~TAutoGreatPower
0x4e6c20|0.9415292353823088|TAutoGreatPower::InitializeNationMinisterSubsystemsByPolicyIds
0x4e7230|1.0|TAutoGreatPower::Free
0x4e72c0|0.4277456647398844|TAutoGreatPower::ReadFrom
0x4e73f0|0.5324675324675324|TAutoGreatPower::WriteTo
0x4e7510|0.37037037037037035|TAutoGreatPower::HandleNationLost
0x4e7550|1.0|TAutoGreatPower::RefreshGreatPowerRelationPanelsAndDispatchDeltaSummary
0x4e7590|1.0|TAutoGreatPower::OrphanRetStub_004dcc30
0x4e75c0|0.06666666666666667|TAutoGreatPower::OrphanCallChain_C4_I28_004e75c0
0x4e7630|0.3333333333333333|TAutoGreatPower::ApplyIndexedResourceDeltaAndAdjustNationTotals
0x4e7680|0.6991150442477876|TAutoGreatPower::AssignNeedSlotFromSourceSlot19C
0x4e7810|0.9090909090909091|TAutoGreatPower::ResetDiplomacyNeedScoresAndClearAidAllocationMatrix
0x4e78d0|1.0|TAutoGreatPower::RunSlot4CThenSortTrackedOrders
0x4e78f0|1.0|TAutoGreatPower::ResetField900FromNeedCapA6
0x4e7910|1.0|TAutoGreatPower::DispatchGreatPowerQuarterlyStatusMessageLevel2
0x4e7930|1.0|TAutoGreatPower::DispatchGreatPowerQuarterlyStatusMessageLevel1
0x4e7950|1.0|TAutoGreatPower::DispatchGreatPowerQuarterlyStatusMessageLevel0
0x4e7970|1.0|TAutoGreatPower::SnapshotDiplomacyState1c6Into250
0x4e7990|1.0|TAutoGreatPower::ResetDiplomacyNeedSlots7012AndRefreshIfModeGateMatches
0x4e79d0|1.0|TAutoGreatPower::TryDispatchNationActionViaUiContextOrFallback
0x4e7a50|0.43478260869565216|TAutoGreatPower::ClearDiplomacyState1c6Block
0x4e7af0|1.0|TAutoGreatPower::BeginTurnDiplomacyPrePassSlot1c8
0x4e7b20|1.0|TAutoGreatPower::ApplyDiplomacyPolicyStateForTargetWithCostChecks
0x4e7b50|0.5783132530120482|TAutoGreatPower::QueueDiplomacyProposalCodeForTargetNation
0x4e7be0|0.8163265306122449|TAutoGreatPower::ProcessPendingDiplomacyProposalQueue
0x4e7c50|0.5909090909090909|TAutoGreatPower::NotifyActionSlot94
0x4e7ca0|1.0|TAutoGreatPower::DispatchTurnEvent2103WithNationFromRecord
0x4e7cc0|0.7286821705426356|TAutoGreatPower::CheckTransitionSlot27C
0x4e7ec0|0.921161825726141|TAutoGreatPower::PropagateWarTransitionSlot280
0x4e8040|0.8347826086956521|TAutoGreatPower::ReturnZeroSlot9D
0x4e83d0|0.5619047619047619|TAutoGreatPower::QueueMapActionMissionsForPortZoneCandidates
0x4e8540|0.5157232704402516|TAutoGreatPower::QueueMapActionMissionFromCandidateAndMarkState
0x4e8680|0.0|TAutoGreatPower::DispatchToFirstMatchingListNodeAndRemove
0x4e8750|0.8927038626609443|TGreatPower::ComputeAdvisoryMapNodeScoreFactorByCaseMetric
0x4e8b50|0.8888888888888888|TAutoGreatPower::SetMapStateByteFlag970WithRuntimeGate
0x4e8bf0|1.0|TAutoGreatPower::SetByteFlagAtOffsetAF0ByIndex
0x4e8c20|1.0|TGreatPower::ComputeAdvisoryMapNodeCompositeScore
0x4e8c50|0.8744326777609682|TGreatPower::ComputeAdvisoryMapNodeCompositeScoreByMode
0x4e9060|0.5032679738562091|TGreatPower::ComputeMapActionContextCompositeScoreForNation
0x4e92b0|0.4961580680570801|TAutoGreatPower::PopulateCase16AdvisoryMapNodeCandidateState
0x4e9a50|0.8576104746317512|TAutoGreatPower::SelectAndQueueAdvisoryMapMissionsCase16
0x4e9ed0|1.0|TAutoGreatPower::ApplyDiplomacyRelationCodeAndNotifyThirdPartySlot284
0x4e9f10|0.6|TAutoGreatPower::HasActiveCandidateNationSlots
0x4e9ff0|0.873015873015873|TAutoGreatPower::SetCandidateNationFlagAndPortZoneState
0x4ea0e0|0.723404255319149|TAutoGreatPower::NotifyAllianceSlot214
0x4ea150|0.8372093023255814|TAutoGreatPower::SetNationTransferTargetCodeAndNotifyEligiblePeers
0x4ea1c0|1.0|TAutoGreatPower::RemoveRegionIdFromNationOwnedRegionList
0x4ea290|0.4166666666666667|TAutoGreatPower::AddRegionIdToNationOwnedRegionList
0x4ea300|0.891566265060241|TAutoGreatPower::ResetNationDiplomacySlotsAndMarkRelatedNations
0x4ea430|1.0|TAutoGreatPower::DispatchTurnOrderActionSlotB0
0x4ea450|1.0|TAutoGreatPower::BuildGreatPowerTurnMessageSummaryAndDispatch
0x4ea470|1.0|TAutoGreatPower::RebuildNationResourceYieldCountersAndDevelopmentTargets
0x4ea5e0|0.25|WrapperFor_ftol_At004ea5e0
0x4ea610|1.0|TAutoGreatPower::ComputeAiIndustryActionCostFromSlot
0x4ea700|0.29411764705882354|TAutoGreatPower::ComputeAiCityActionCostFromSlotAndMode
0x4ea830|0.4900662251655629|TAutoGreatPower::GetCachedAiCityActionContextBias
0x4ea990|0.04878048780487805|TAutoGreatPower::IterateLinkedListCursorAndRelinkNodeOwners_004ea990
0x4eaa20|0.7817836812144212|TAutoGreatPower::RecomputeAiExpansionAndMissionPressureScores
0x4eae70|0.8774193548387097|TAutoGreatPower::RefreshTrackedEntriesAndReplanAiDevelopment
0x4eafa0|1.0|TAutoGreatPower::SeedTrackedEntryAssignmentsFromEligibleUnits
0x4eb040|0.07692307692307693|IterateLinkedListCursorEntries_004eb040
0x4eb0d0|0.9607843137254902|TAutoGreatPower::PruneInvalidTrackedEntriesAndNotifyOwner
0x4eb190|0.5878136200716846|TAutoGreatPower::PlanAiDevelopmentActionsFromResourcePools
0x4eb5d0|0.025974025974025976|OrphanCallChain_C4_I75_004eb5d0
0x4eb6b0|0.5078125|TAutoGreatPower::UpdateTrackedEntryEligibilityByClassMaskAndRatio
0x4eb8b0|0.6575|TAutoGreatPower::AssignTrackedEntryActionsByProfileToOrdersOrUnits
0x4ebff0|0.25|WrapperFor_ftol_At004ebff0
0x4ec020|0.4897959183673469|TDefenseMinister::CreateObject
0x4ec0a0|1.0|TDefenseMinister::GetPersonalityWeightByFlag
0x4ec0c0|1.0|TDefenseMinister::GetRuntimeClass
0x4ec0e0|1.0|TDefenseMinister::TDefenseMinister
0x4ec110|0.9090909090909091|TDefenseMinister::`scalar deleting destructor'
0x4ec140|0.5|DestructTDefenseMinisterAndMaybeFree_Impl
0x4ec160|1.0|TDefenseMinister::InitializeBaseOrderArrayMetrics
0x4ec1d0|0.8902439024390244|TDefenseMinister::WriteTo
0x4ec2f0|1.0|TDefenseMinister::ReadFrom
0x4ec3d0|0.05|TDefenseMinister::DispatchNationStateEventCode10
0x4ec450|0.06666666666666667|TDefenseMinister::MinisterSlot12
0x4ec4c0|1.0|TDefenseMinister::Call4C
0x4ec540|0.5034965034965035|TDefenseMinister::AssignDefenseUnitsToHomeAndBorderRegions
0x4ecbb0|0.3755274261603376|TDefenseMinister::BuildTileRingPriorityMapForNationTileList
0x4ecf20|0.5212121212121212|TDefenseMinister::BuildStrategicTilePriorityHeatmap
0x4ed050|0.4092827004219409|TDefenseMinister::BuildHexAreaTileIndexListIntoAllocatedBuffer
0x4ed400|0.5818181818181818|TNapoleonMinister::CreateObject
0x4ed490|1.0|TNapoleonMinister::GetPersonalityWeightByFlag
0x4ed4c0|1.0|TNapoleonMinister::GetRuntimeClass
0x4ed4e0|0.8|TNapoleonMinister::TNapoleonMinister
0x4ed510|0.9090909090909091|TNapoleonMinister::`scalar deleting destructor'
0x4ed540|0.5|DestructTNapoleonMinisterAndMaybeFree_Impl
0x4ed560|1.0|TDefenseMinister::InitializeOrderArrayPreset50_0_10_50
0x4ed620|0.025974025974025976|TNapoleonMinister::NoOpForeignMinisterUtilityStub
0x4ed740|0.48|TBismarckMinister::CreateObject
0x4ed7c0|1.0|TBismarckMinister::GetPersonalityWeightByFlag
0x4ed7f0|1.0|TBismarckMinister::GetRuntimeClass
0x4ed810|0.8|TBismarckMinister::TBismarckMinister
0x4ed840|0.9090909090909091|TBismarckMinister::`scalar deleting destructor'
0x4ed870|0.5|DestructTBismarckMinisterAndMaybeFree_Impl
0x4ed890|1.0|TDefenseMinister::InitializeOrderArrayPreset10_10_10_50
0x4ed950|0.034482758620689655|TBismarckMinister::NoOpForeignMinisterUtilityStub
0x4eda30|0.48|TPirateMinister::CreateObject
0x4edab0|1.0|TPirateMinister::GetPersonalityWeightByFlag
0x4edae0|1.0|TPirateMinister::GetRuntimeClass
0x4edb00|0.8|TPirateMinister::TPirateMinister
0x4edb30|0.9090909090909091|TPirateMinister::`scalar deleting destructor'
0x4edb60|0.5|DestructTPirateMinisterAndMaybeFree_Impl
0x4edb80|1.0|TDefenseMinister::InitializeOrderArrayPreset15_20_50_75
0x4edc40|0.034482758620689655|TPirateMinister::NoOpForeignMinisterUtilityStub
0x4edd20|0.48|TDefenderMinister::CreateObject
0x4edda0|1.0|TDefenderMinister::GetPersonalityWeightByFlag
0x4eddc0|1.0|TDefenderMinister::GetRuntimeClass
0x4edde0|0.8|TDefenderMinister::TDefenderMinister
0x4ede10|0.9090909090909091|TDefenderMinister::`scalar deleting destructor'
0x4ede40|0.5|DestructTDefenderMinisterAndMaybeFree_Impl
0x4ede60|1.0|TDefenseMinister::InitializeOrderArrayPreset20_10_10_50
0x4edf20|0.034482758620689655|TDefenderMinister::NoOpForeignMinisterUtilityStub
0x4ee000|0.48|TBullyMinister::CreateObject
0x4ee080|1.0|TBullyMinister::GetPersonalityWeightByFlag
0x4ee0b0|1.0|TBullyMinister::GetRuntimeClass
0x4ee0d0|0.8|TBullyMinister::TBullyMinister
0x4ee100|0.9090909090909091|TBullyMinister::`scalar deleting destructor'
0x4ee130|0.5|DestructTBullyMinisterAndMaybeFree_Impl
0x4ee150|1.0|TDefenseMinister::InitializeOrderArrayPreset25_10_20_50
0x4ee210|0.024390243902439025|TBullyMinister::NoOpForeignMinisterUtilityStub
0x4ee480|0.25|WrapperFor_ftol_At004ee480
0x4ee4b0|0.4897959183673469|TSortedByRelationshipList::CreateObject
0x4ee520|1.0|TSortedByRelationshipList::GetRuntimeClass
0x4ee540|0.8571428571428571|TSortedByRelationshipList::TSortedByRelationshipList
0x4ee570|0.9090909090909091|TSortedByRelationshipList::`scalar deleting destructor'
0x4ee5c0|1.0|TSortedByRelationshipList::InitializeRelationshipRecordSize
0x4ee5e0|1.0|TSortedByRelationshipList::Compare
0x4ee650|0.3157894736842105|TDiplomacyMgr::CreateObject
0x4ee6a0|1.0|TDiplomacyMgr::GetRuntimeClass
0x4ee6c0|1.0|TDiplomacyMgr::TDiplomacyMgr
0x4ee700|0.9090909090909091|TDiplomacyMgr::`scalar deleting destructor'
0x4ee730|0.09090909090909091|WrapperFor_FreeHeapBufferIfNotNull_At004ee730
0x4ee7a0|0.6942148760330579|TDiplomacyMgr::InitializeTDiplomacyTurnStateManagerDefaults
0x4ee8c0|0.2777777777777778|TDiplomacyMgr::RebuildCivilianOrderCompatibilityMatrices
0x4eee60|0.7692307692307693|TDiplomacyMgr::RemoveNationSlotAndNotifyPeers_Impl
0x4eef50|0.24489795918367346|TDiplomacyMgr::ResetTerrainAdjacencyMatrixRowAndSymmetricLink
0x4ef040|0.6923076923076923|TDiplomacyMgr::Free
0x4ef080|0.12290502793296089|TDiplomacyMgr::ReadFrom
0x4ef2a0|0.06060606060606061|TDiplomacyMgr::WriteTo
0x4ef540|0.8461538461538461|TDiplomacyMgr::IsNationPairAtWar
0x4ef590|0.7384615384615385|TDiplomacyMgr::IsNationPairRelationTurnStampOutOfDate
0x4ef600|0.59375|TDiplomacyMgr::HasAnyWarRelationForNation
0x4ef650|0.59375|TDiplomacyMgr::HasAnyWarRelationTurnStampOutOfDateForNation
0x4ef6a0|0.2857142857142857|TDiplomacyMgr::IsNationSlotInPrimaryGroupA
0x4ef6d0|0.2857142857142857|TDiplomacyMgr::IsNationSlotInPrimaryGroupB
0x4ef700|0.6158357771260997|TDiplomacyMgr::ValidateDiplomacyActionTypeAgainstTargetAndSetRejectCode
0x4efc30|0.6808510638297872|TDiplomacyMgr::HasAllianceGuardSlot60
0x4efcb0|0.3944954128440367|TDiplomacyMgr::SetStandingScoreSlot28
0x4efe30|0.36065573770491804|TDiplomacyMgr::CopyDiplomacyStandingMatrixRowAndColumnSlot2c
0x4efeb0|1.0|TDiplomacyMgr::ApplyRelationCode4AndQueueEvent18ForTargetNation
0x4eff40|0.2857142857142857|TDiplomacyMgr::PropagateRelationSideEffectSlot80
0x4f01e0|0.473551637279597|TDiplomacyMgr::ApplyDiplomacyInterNationStatesForTurn
0x4f0590|1.0|TDiplomacyMgr::SyncNationField790FromLocalizationStateId
0x4f05c0|0.006968641114982578|TDiplomacyMgr::SelectPriorityNationIndicesForMinorCapabilityRows
0x4f09c0|1.0|TDiplomacyMgr::QueueNationPairWarTransition
0x4f0a10|0.8676789587852495|TDiplomacyMgr::ProcessQueuedWarTransitions
0x4f0db0|1.0|TNextDiplomationCommand::DoIt
0x4f0dd0|1.0|TNextDiplomationCommand::`scalar deleting destructor'
0x4f0e00|0.0|TNextDiplomationCommand::~TNextDiplomationCommand
0x4f0e20|0.1889400921658986|TDiplomacyMgr::RebuildDiplomacyStandingAndInfluenceMatrices
0x4f1570|0.7578947368421053|TDiplomacyMgr::InitializeDiplomacyStandingBaselineRandom
0x4f1630|0.7108433734939759|TDiplomacyMgr::BuildMajorNationDiplomacyStandingRanking
0x4f1760|0.7320754716981132|TDiplomacyMgr::RecomputeNationComparativePowerMetrics
0x4f1970|0.2222222222222222|TDiplomacyMgr::HasState300LinkBetweenNationPair
0x4f19c0|1.0|TDiplomacyMgr::GetNationPairDiplomacyStandingTierCode
0x4f1a80|0.09090909090909091|TDiplomacyMgr::ShowRelationCodeNoticeForNationPairIfRelevant
0x4f1b10|1.0|TDiplomacyMgr::GetNationPairDiplomacyRelationCode
0x4f1b40|1.0|TDiplomacyMgr::SetNationPairDiplomacyRelationCodeFinal
0x4f1b70|0.23788546255506607|TDiplomacyMgr::SetNationPairDiplomacyRelationCode
0x4f1f20|0.75|TDiplomacyMgr::LookupOrderCompatibilityMatrixValue
0x4f1f50|0.8571428571428571|TDiplomacyMgr::IsPrimaryNationSlotIndex
0x4f1f70|0.7592592592592593|TDiplomacyMgr::BuildRelationshipListSlot88
0x4f2050|1.0|TDiplomacyMgr::CountMajorAllianceRelationsSlot8c
0x4f2090|0.35714285714285715|TDiplomacyMgr::GetNthAlliedMajorNationSlot90
0x4f2100|0.8760330578512396|TDiplomacyMgr::SelectNationSlotFromCollectedStandingEntriesSlot98
0x4f21f0|0.31952662721893493|TDiplomacyMgr::SelectDiplomacyTargetNationFromCandidateSetSlot94
0x4f24a0|0.14788732394366197|TDiplomacyMgr::RebuildMinorNationDispositionLookupTables
0x4f2760|1.0|BuildTurnEvent2ArraySyncPacketFromBufferAndRefreshBaselineCopy
0x4f27f0|1.0|TDiplomacyMgr::ApplyTurnEvent2SyncPacketToRelationMatrix
0x4f2820|0.0|SetNationPairSpecialRelationFlagAndQueueEvent14Or16
0x4f28a0|1.0|TNextDiplomationCommand::CreateObject
0x4f2910|0.5|TNextDiplomationCommand::GetRuntimeClass
0x4f2930|1.0|TNextDiplomationCommand::DispatchUiPacketWithTagNEXT
0x4f2970|0.25|TNextDiplomationCommand::DestructTNextDiplomationCommandAndMaybeFree
0x4f2a60|0.08|DeserializeRelationshipSortedListBuffersFromStreamSwapBytes_Impl
0x4f2b10|0.25|WrapperFor_ftol_At004f2b10
0x4f2bb0|0.5818181818181818|TMinisterView::CreateObject
0x4f2c40|1.0|TMinisterView::GetRuntimeClass
0x4f2c60|1.0|TMinisterView::TMinisterView
0x4f2c90|0.9090909090909091|TMinisterView::`scalar deleting destructor'
0x4f2ce0|1.0|TMinisterView::StuffValues
0x4f2d10|1.0|TMinisterView::HandleMouseUp
0x4f2e00|0.6436781609195402|TMinisterView::HandleEvent
0x4f2ea0|1.0|TMinisterView::CloseBooks
0x4f2ec0|1.0|TMinisterView::OpenBook
0x4f2ef0|1.0|TMinisterView::FreeDisplayArea
0x4f2f20|0.5818181818181818|TForeignMinisterView::CreateObject
0x4f2fb0|1.0|TForeignMinisterView::GetRuntimeClass
0x4f2fd0|0.8|TForeignMinisterView::TForeignMinisterView
0x4f3000|0.9090909090909091|TForeignMinisterView::`scalar deleting destructor'
0x4f3050|0.3781094527363184|TForeignMinisterView::HandleEvent
0x4f31d0|1.0|TForeignMinisterView::ShowWorldMap
0x4f3220|1.0|TForeignMinisterView::ShowWorldExports
0x4f3240|0.5818181818181818|TDefenseMinisterView::CreateObject
0x4f32d0|1.0|TDefenseMinisterView::GetRuntimeClass
0x4f32f0|0.8|TDefenseMinisterView::TDefenseMinisterView
0x4f3320|0.9090909090909091|TDefenseMinisterView::`scalar deleting destructor'
0x4f3370|0.41198501872659177|TDefenseMinisterView::HandleEvent
0x4f35e0|0.5818181818181818|TInteriorMinisterView::CreateObject
0x4f3670|1.0|TInteriorMinisterView::GetRuntimeClass
0x4f3690|0.8|TInteriorMinisterView::TInteriorMinisterView
0x4f36c0|0.9090909090909091|TInteriorMinisterView::`scalar deleting destructor'
0x4f3710|0.5534591194968553|TInteriorMinisterView::HandleEvent
0x4f3840|0.4897959183673469|TRearFloatWindow::CreateObject
0x4f38c0|1.0|TRearFloatWindow::GetRuntimeClass
0x4f38e0|1.0|TRearFloatWindow::TRearFloatWindow
0x4f3910|0.9090909090909091|TRearFloatWindow::`scalar deleting destructor'
0x4f3960|0.6222222222222222|TRearFloatWindow::DispatchUiMouseMoveToChildren
0x4f3a50|0.2978723404255319|ClampRectWithinBoundsPreservingSize
0x4f3ae0|1.0|TDiplomacyMapView::CreateObject
0x4f3b60|1.0|TDiplomacyMapView::GetRuntimeClass
0x4f3b80|0.9318181818181818|TDiplomacyMapView::TDiplomacyMapView
0x4f3c70|1.0|DiplomacyMaskBufferRun::DiplomacyMaskBufferRun
0x4f3c90|1.0|TDiplomacyMapView::`scalar deleting destructor'
0x4f3cc0|0.9841269841269841|TDiplomacyMapView::~TDiplomacyMapView
0x4f3d60|0.9380530973451328|TDiplomacyMapView::DoPostCreate
0x4f3e30|0.0|TDiplomacyMapView::Close
0x4f3e60|1.0|TDiplomacyMapView::Free
0x4f3ea0|0.22195985832349469|TDiplomacyMapView::BuildDiplomacyNationOverlayGeometryAndHitMasks
0x4f4620|0.8553459119496856|TDiplomacyMapView::InitializeDiplomacyMinisterActionControlsAndLabels
0x4f48c0|0.6274509803921569|TDiplomacyMapView::ApplyRectSlot110
0x4f4a30|0.34108527131782945|TDiplomacyMapView::DrawNames
0x4f4ec0|0.5482233502538071|TDiplomacyMapView::DrawIcons
0x4f5410|0.015625|TDiplomacyMapView::BeginMouseCaptureAndStartRepeatTimer
0x4f5e00|0.56353591160221|TDiplomacyMapView::ResolveDiplomacyActionFromClickAndUpdateTarget
0x4f5f90|1.0|TDiplomacyMapView::HandleCursorHoverFallback
0x4f5fb0|0.42|TDiplomacyMapView::HandleCursorHoverSelectionByChildHitTestAndFallback
0x4f6170|0.5705882352941176|TDiplomacyMapView::RenderDiplomacyLegendSurfaceAndPresent
0x4f6440|0.7777777777777778|TDiplomacyMapView::BuildCombinedTerrainTypeRegionMaskAndDispatch
0x4f64c0|0.6294820717131474|TDiplomacyMapView::RebuildDiplomacyLegendPaletteMode4AndBlit
0x4f66c0|0.1509433962264151|DiplomacyMaskBufferRun::BlitMonochromeMaskBytePatternToSurface
0x4f6820|0.3333333333333333|TDiplomacyMapView::VisitNationSlotsForOverlay
0x4f6840|0.61198738170347|TDiplomacyMapView::RebuildDiplomacyLegendPaletteMode1AndBlit
0x4f6b10|0.5128205128205128|TDiplomacyMapView::BuildTurnEventMonochromeMaskBuffers
0x4f6bd0|0.23293172690763053|TDiplomacyMapView::BlitDiplomacyMapEventPaletteMaskToSurface
0x4f6d90|0.7412587412587412|TDiplomacyMapView::ChangeSelectedActionTopic
0x4f7040|0.9696969696969697|TDiplomacyMapView::InvalidateAndRunChildWaitSheet
0x4f7080|0.7692307692307693|TDiplomacyMapView::InvalidateAndForwardTabSwitchToChild
0x4f70c0|0.5483870967741935|TDiplomacyMapView::HandleEvent
0x4f7130|1.0|TDiplomacyMapView::ForwardParam
0x4f71a0|0.6071428571428571|TDiplomacyMapView::DrawVoteNuggets
0x4f7400|0.0425531914893617|ShowDiplomacyActionRejectedNotice
0x4f74f0|0.0|TToolBarCluster::ValidateDiplomacyProposalTargetAndShowBlockedDetails
0x4f78e0|0.5818181818181818|TPanelView::CreateObject
0x4f7970|0.9090909090909091|TPanelView::`scalar deleting destructor'
0x4f79c0|1.0|TPanelView::GetRuntimeClass
0x4f79e0|1.0|TPanelView::DoPostCreate
0x4f7a10|0.5818181818181818|TTreatiesView::CreateObject
0x4f7aa0|1.0|TTreatiesView::GetRuntimeClass
0x4f7ac0|0.6493506493506493|TTreatiesView::DoPostCreate
0x4f7c00|0.7358490566037735|TTreatiesView::ApplyRectSlot110
0x4f7f10|1.0|TTreatiesView::Setup
0x4f7f80|0.5909090909090909|TTreatiesView::HandleEvent
0x4f7fd0|0.5818181818181818|TGrantsView::CreateObject
0x4f8060|1.0|TGrantsView::GetRuntimeClass
0x4f8080|0.025|TGrantsView::DoPostCreate
0x4f81c0|0.4470588235294118|TGrantsView::ApplyRectSlot110
0x4f85d0|1.0|TGrantsView::Setup
0x4f8650|0.8214285714285714|TGrantsView::HandleEvent
0x4f86d0|0.5818181818181818|TTradePanelView::CreateObject
0x4f8760|1.0|TTradePanelView::GetRuntimeClass
0x4f8780|0.018518518518518517|TTradePanelView::DoPostCreate
0x4f8940|0.6878048780487804|TTradePanelView::ApplyRectSlot110
0x4f8d50|1.0|TTradePanelView::Setup
0x4f8dd0|0.03508771929824561|TTradePanelView::HandleEvent
0x4f8ec0|0.5245901639344263|TOffersPanelView::CreateObject
0x4f8f50|1.0|TOffersPanelView::GetRuntimeClass
0x4f8f70|0.8571428571428571|TOffersPanelView::TOffersPanelView
0x4f8fa0|0.9090909090909091|TOffersPanelView::`scalar deleting destructor'
0x4f8ff0|0.4506172839506173|TOffersPanelView::DoPostCreate
0x4f9300|0.95|TOffersPanelView::HandleEvent
0x4f9350|0.03636363636363636|TOffersPanelView::ForwardParam
0x4f9420|0.16666666666666666|TOffersPanelView::HandleMouseUp
0x4f9450|0.14102564102564102|TOffersPanelView::PoseOffer
0x4f9a60|0.0|TToolBarCluster::RunDiplomacyWaitSheetPopupAndAwaitResponse
0x4f9f60|0.5818181818181818|TInfoPanelView::CreateObject
0x4f9ff0|1.0|TInfoPanelView::GetRuntimeClass
0x4fa010|0.45348837209302323|TInfoPanelView::DoPostCreate
0x4fa190|0.0030534351145038168|TInfoPanelView::ApplyRectSlot110
0x4facc0|1.0|TInfoPanelView::Setup
0x4fad60|0.5581395348837209|TInfoPanelView::HandleEvent
0x4fae00|0.06818181818181818|TInfoPanelView::SetInfoCountry
0x4faf80|0.5818181818181818|TCouncilPanelView::CreateObject
0x4fb010|1.0|TCouncilPanelView::GetRuntimeClass
0x4fb030|0.6926829268292682|TCouncilPanelView::ApplyRectSlot110
0x4fb6e0|0.4897959183673469|TNominationView::CreateObject
0x4fb760|1.0|TNominationView::GetRuntimeClass
0x4fb780|0.8536585365853658|TNominationView::DoPostCreate
0x4fb990|1.0|TNominationView::HandleEvent
0x4fb9d0|0.4897959183673469|TCouncilView::CreateObject
0x4fba50|1.0|TCouncilView::GetRuntimeClass
0x4fba70|0.5365853658536586|TCouncilView::DoPostCreate
0x4fbd60|0.5569620253164557|TCouncilView::HandleEvent
0x4fbdf0|0.013468013468013467|BuildDiplomacyMapHintOverlayTextAndMetrics
0x4fc2e0|0.32432432432432434|TCouncilView::InitializeDiplomacyCouncilViewControlsAndTicker
0x4fc630|0.4046920821114369|TCouncilView::AdvanceCivilianTerrainSelectionStep
0x4fc950|1.0|TCouncilView::HandleCursorHoverSelectionByChildHitTestAndFallback
0x4fc9c0|0.5818181818181818|TMapKey::CreateObject
0x4fca70|1.0|TMapKey::GetRuntimeClass
0x4fcac0|0.41317365269461076|TMapKey::DoPostCreate
0x4fcea0|0.3486238532110092|TControl::SetDiplomacyNationSelectionFilterAndRefreshRows
0x4fcf80|0.75|TMapKey::ApplyRectSlot110
0x4fd000|0.848|TMapKey::RenderMapHintOverlayMode0
0x4fd220|0.2955145118733509|TMapKey::RenderMapHintOverlayMode4
0x4fd5c0|0.3055555555555556|TMapKey::RenderMapHintOverlayMode1
0x4fd910|0.5506216696269982|TMapKey::RenderMapHintOverlayMode2
0x4fded0|0.4897959183673469|TFrameRadioView::CreateObject
0x4fdf50|0.9090909090909091|TFrameRadioView::`scalar deleting destructor'
0x4fdfa0|1.0|TFrameRadioView::GetRuntimeClass
0x4fdfc0|0.30985915492957744|TFrameRadioView::ApplyRectSlot110
0x4fe060|0.8393782383419689|TFrameRadioView::HandleEvent
0x4fe190|1.0|TFrameRadioView::HiliteState
0x4fe1d0|0.4897959183673469|TScoreGraph::CreateObject
0x4fe240|0.9090909090909091|TScoreGraph::`scalar deleting destructor'
0x4fe290|1.0|TScoreGraph::GetRuntimeClass
0x4fe2b0|1.0|TScoreGraph::DoPostCreate
0x4fe390|0.41295546558704455|TScoreGraph::ApplyRectSlot110
0x4fe670|0.25|WrapperFor_ftol_At004fe670
0x4fe6a0|0.16666666666666666|InitializeSharedStringRefBatch_006A3060_AndRegisterAtExit
0x4fe6e0|0.0|DestroySharedStringRefBatch_006A3060_AtExit
0x4fe710|0.25|TDisplayMgr::CreateObject
0x4fe780|1.0|TDisplayMgr::GetRuntimeClass
0x4fe7a0|0.5641025641025641|TDisplayMgr::TDisplayMgr
0x4fe7f0|0.9090909090909091|TDisplayMgr::`scalar deleting destructor'
0x4fe820|0.5|DestructTDisplayMgrAndMaybeFree_Impl
0x4fe840|0.5092592592592593|TDisplayMgr::InitializeWindowAndMBarSize
0x4fea60|0.7222222222222222|TDisplayMgr::Free
0x4feab0|1.0|TDisplayMgr::MakeNewGWorld
0x4feb50|0.8888888888888888|TDisplayMgr::RemoveGWorld
0x4feb80|1.0|TDisplayMgr::ExamineGWorld
0x4febd0|0.8205128205128205|TDisplayMgr::AboutToLoseControl
0x4fec20|0.7058823529411765|TDisplayMgr::CloseBooks
0x4fec50|0.7058823529411765|TDisplayMgr::DismissTouchyFloaters
0x4fec80|1.0|TDisplayMgr::ModalMessage
0x4fed00|0.6046511627906976|TDisplayMgr::RegainControl
0x4fed50|1.0|TDisplayMgr::SetMenuHeight
0x4fed70|0.6875|TDisplayMgr::SetBitDepth
0x4fedc0|0.5851528384279476|TDisplayMgr::UpdateTheGWorld
0x4fefc0|1.0|TDisplayMgr::SetHiliteColor
0x4ff000|1.0|TDisplayMgr::CloseFloaters
0x4ff0c0|0.4528301886792453|TColorFill::CreateObject
0x4ff150|0.9090909090909091|TColorFill::`scalar deleting destructor'
0x4ff180|0.5|TColorFill::CreateTColorFillInstance
0x4ff1a0|1.0|TColorFill::GetRuntimeClass
0x4ff1c0|1.0|TColorFill::Draw
0x4ff1f0|0.5818181818181818|TGWorldPeeker::CreateObject
0x4ff280|0.9090909090909091|TGWorldPeeker::`scalar deleting destructor'
0x4ff2d0|1.0|TGWorldPeeker::GetRuntimeClass
0x4ff2f0|0.3870967741935484|TGWorldPeeker::ApplyRectSlot110
0x4ff460|1.0|TFuzzyVar::CreateObject
0x4ff490|1.0|TFuzzyVar::GetRuntimeClass
0x4ff4d0|1.0|TFuzzyVar::`scalar deleting destructor'
0x4ff500|1.0|TFuzzyVar::~TFuzzyVar
0x4ff690|0.42424242424242425|TFuzzySet::CreateObject
0x4ff6c0|1.0|TFuzzySet::GetRuntimeClass
0x4ff6e0|1.0|TFuzzySet::TFuzzySet
0x4ff700|1.0|TFuzzySet::`scalar deleting destructor'
0x4ff730|1.0|TFuzzySet::~TFuzzySet
0x4ff750|1.0|TFuzzySet::Clear
0x4ff780|1.0|TFuzzySet::Free
0x4ff7d0|1.0|TFuzzySet::AllocateAndAppendRecord
0x4ff840|0.0|WrapperFor_GenerateThreadLocalRandom15_At004ff840
0x4ffb00|0.25|WrapperFor_ftol_At004ffb00
0x4ffb30|0.5079365079365079|TGameWindow::CreateObject
0x4ffbf0|1.0|TGameWindow::GetRuntimeClass
0x4ffc10|0.9230769230769231|TGameWindow::TGameWindow
0x4ffc60|0.9090909090909091|TGameWindow::`scalar deleting destructor'
0x4ffcb0|1.0|TGameWindow::Open
0x4ffd10|1.0|TGameWindow::DispatchUiMouseMoveToChildren
0x4ffd40|1.0|TGameWindow::HandleMouseUp
0x4ffd70|0.4260089686098655|TGameWindow::ForwardParam
0x500160|1.0|TGameWindow::UpdateTurnOrderNavigationWindowLayout
0x500200|1.0|TGameWindow::NoOpTurnOrderNavigationVtableSlotA
0x500220|1.0|TGameWindow::NoOpTurnOrderNavigationVtableSlotB
0x500240|0.7272727272727273|TGameWindow::Free
0x500280|0.4897959183673469|TDlgWindow::CreateObject
0x500300|1.0|TDlgWindow::GetRuntimeClass
0x500320|1.0|TDlgWindow::TDlgWindow
0x500350|0.9090909090909091|TDlgWindow::`scalar deleting destructor'
0x5003a0|0.34782608695652173|TDlgWindow::AssertMcAppUILine2358
0x500520|0.25|WrapperFor_ftol_At00500520
0x500550|0.25|THelpMgr::CreateObject
0x5005c0|1.0|THelpMgr::GetRuntimeClass
0x5005e0|0.45714285714285713|THelpMgr::THelpMgr
0x500630|0.9090909090909091|THelpMgr::`scalar deleting destructor'
0x500660|0.5|DestructTHelpMgrAndMaybeFree_Impl
0x500680|0.09051724137931035|THelpMgr::InitializeHelpManagerIndexArrayAndState
0x500f10|1.0|THelpMgr::ResetHelpSetRanksAndFlags
0x500f50|0.045454545454545456|THelpMgr::ReadFrom
0x500fe0|0.044444444444444446|THelpMgr::WriteTo
0x501070|0.11764705882352941|THelpMgr::Free
0x5010b0|0.30434782608695654|THelpMgr::SelectAndActivatePendingEventForCurrentView
0x5011a0|1.0|THelpMgr::HandlePostDispatchTurnStateEventUpdates
0x501270|0.9093023255813953|THelpMgr::DispatchTurnStateSpecialAdvisoriesAndReturnCount
0x501a20|1.0|THelpMgr::ShowPeriodicCapabilityReminderIfNeeded
0x501be0|0.7204359673024523|THelpMgr::ShowPeriodicNationComparisonAdvisoryIfNeeded
0x502b60|1.0|ShowTurnAlertsForActiveNation
0x5031c0|0.30434782608695654|THelpMgr::HandlePendingEventActivationByCode
0x503320|0.44776119402985076|THelpMgr::SelectAndActivatePendingEventType1A0A
0x503370|0.37681159420289856|THelpMgr::SelectAndActivatePendingEventTypeOffsetFrom1A0B
0x5033e0|1.0|THelpMgr::NoOpDiplomacyPolicyStateChangedHook
0x503400|1.0|THelpMgr::HandlePostPendingEventActivationNoOp
0x503420|0.046296296296296294|THelpMgr::ActivatePendingEventAndRefreshView
0x5038b0|0.0|TryShowCivilianCompletionMilestoneNotification
0x503ac0|1.0|THelpMgr::EnsureMapActionContextViewAndBuildDefaultTileMenu
0x503b90|0.15384615384615385|THelpMgr::CycleTradeScreenMode0To2
0x503bd0|0.5714285714285714|THelpPicture::CreateObject
0x503c70|1.0|THelpPicture::GetRuntimeClass
0x503c90|0.3333333333333333|THelpPicture::ConstructPictureResourceEntryType57080
0x503cc0|0.9090909090909091|THelpPicture::`scalar deleting destructor'
0x503d10|0.0196078431372549|THelpPicture::DoPostCreate
0x503ed0|0.013605442176870748|THelpPicture::HandleEvent
0x504120|0.12244897959183673|THelpPicture::ShowNextHelpSet
0x5041a0|0.12244897959183673|THelpPicture::ShowPreviousHelpSet
0x504220|0.14948453608247422|THelpPicture::ShowTopic
0x5046c0|0.15463917525773196|THelpPicture::ShowTopicList
0x504b50|0.4897959183673469|THelpWindow::CreateObject
0x504bd0|1.0|THelpWindow::GetRuntimeClass
0x504bf0|1.0|THelpWindow::THelpWindow
0x504c20|0.9090909090909091|THelpWindow::`scalar deleting destructor'
0x504c70|1.0|THelpWindow::Close
0x504ca0|0.4897959183673469|TTerrainHelpWindow::CreateObject
0x504d20|1.0|TTerrainHelpWindow::GetRuntimeClass
0x504d40|1.0|TTerrainHelpWindow::TTerrainHelpWindow
0x504d70|0.9090909090909091|TTerrainHelpWindow::`scalar deleting destructor'
0x504dc0|1.0|TTerrainHelpWindow::Close
0x504df0|0.4897959183673469|TTerrainHelpPicture::CreateObject
0x504e70|1.0|TTerrainHelpPicture::GetRuntimeClass
0x504e90|0.677134445534838|TTerrainHelpPicture::BuildMapTileActionContextMenu
0x5057a0|0.35658914728682173|TTerrainHelpPicture::HighlightSelectedMenuItemAndRefreshDetailText
0x5059d0|0.8695652173913043|TTerrainHelpPicture::HandleEvent
0x505a50|0.4897959183673469|TLonelyTileView::CreateObject
0x505ac0|1.0|TLonelyTileView::GetRuntimeClass
0x505ae0|1.0|TLonelyTileView::TLonelyTileView
0x505b10|0.9090909090909091|TLonelyTileView::`scalar deleting destructor'
0x505b60|0.24644549763033174|TLonelyTileView::ApplyRectSlot110
0x505f20|0.25|WrapperFor_ftol_At00505f20
0x505f50|0.4897959183673469|TIconBar::CreateObject
0x505fd0|1.0|TIconBar::GetRuntimeClass
0x505ff0|1.0|TIconBar::TIconBar
0x506020|0.9090909090909091|TIconBar::`scalar deleting destructor'
0x506070|1.0|TIconBar::IIconBar
0x5060c0|1.0|TIconBar::SetPictureResourceIdAndRefresh
0x5060f0|1.0|TIconBar::SetNumIcons(short)
0x506110|1.0|TIconBar::SetNumIcons(short, unsigned char)
0x506150|0.5316455696202531|TIconBar::ApplyRectSlot110
0x5062d0|0.4444444444444444|TIconSlider::CreateObject
0x5063a0|1.0|TIconSlider::GetRuntimeClass
0x5063c0|0.5|TIconSlider::TIconSlider
0x506430|0.9090909090909091|TIconSlider::`scalar deleting destructor'
0x506480|0.4883720930232558|TIconSlider::DoPostCreate
0x506560|1.0|TIconSlider::SetMax
0x506590|1.0|TIconSlider::SetNumIcons
0x5065b0|0.7333333333333333|TIconSlider::KnobContainsMouse
0x5065f0|1.0|TIconSlider::DispatchUiMouseMoveToChildren
0x506690|1.0|TIconSlider::ApplyRectSlot110
0x5066c0|1.0|TIconSlider::DrawKnob
0x506710|1.0|TIconSlider::GetKnobRect
0x5067a0|0.5454545454545454|TIconSlider::DispatchPictureResourceCommand
0x5069d0|0.5818181818181818|TOrderView::CreateObject
0x506a60|1.0|TOrderView::GetRuntimeClass
0x506a80|1.0|TOrderView::TOrderView
0x506ab0|0.9090909090909091|TOrderView::`scalar deleting destructor'
0x506b00|0.6654676258992805|TOrderView::StuffValues
0x506f90|1.0|TOrderView::UpdateFields
0x507240|1.0|TOrderView::HandleEvent
0x5072e0|0.5818181818181818|TNumberedIcon::CreateObject
0x507380|1.0|TNumberedIcon::GetRuntimeClass
0x5073a0|1.0|TNumberedIcon::TNumberedIcon
0x5073d0|0.9090909090909091|TNumberedIcon::`scalar deleting destructor'
0x5074e0|0.64|TNumberedIcon::DoPostCreate
0x507570|0.6153846153846154|TNumberedIcon::InstallNumberText
0x5076d0|0.8571428571428571|TNumberedIcon::SetValue
0x507700|0.5714285714285714|TNumberedItem::CreateObject
0x5077a0|1.0|TNumberedItem::GetRuntimeClass
0x5077c0|0.8235294117647058|TNumberedItem::TNumberedItem
0x507800|0.9090909090909091|TNumberedItem::`scalar deleting destructor'
0x507850|1.0|TNumberedItem::InitializeNumberedResourceItem
0x5078a0|0.6808510638297872|TNumberedItem::ApplyRectSlot110
0x507b90|0.25|WrapperFor_ftol_At00507b90
0x507bc0|1.0|TLanguageMgr::CreateObject
0x507c40|1.0|TLanguageMgr::GetRuntimeClass
0x507c60|0.6111111111111112|TLanguageMgr::TLanguageMgr
0x507d80|0.9090909090909091|TLanguageMgr::`scalar deleting destructor'
0x507db0|0.08695652173913043|WrapperFor_ReleaseSharedStringRefIfNotEmpty_At00507db0
0x507e20|0.16666666666666666|TLanguageMgr::Free
0x507e50|0.3558897243107769|TLanguageMgr::LoadNewsTabTexResourcesAndBuildEntries
0x5082b0|0.35348837209302325|TLanguageMgr::ParseNewsTableRow
0x5083f0|0.4037854889589905|TLanguageMgr::Localize
0x5086a0|0.8108108108108109|TLanguageMgr::ReloadPreplutNewsTableAndResources
0x508760|0.5714285714285714|TLanguageMgr::FreeNestedPointerTableRowsAndResetDimensions
0x508800|0.6923076923076923|TLanguageMgr::BuildNewsTableDimensions
0x508910|0.49238578680203043|TLanguageMgr::PickGender
0x508c50|0.49079754601226994|TLanguageMgr::NormalizeRuntimeCredentialNameToken
0x508ee0|0.25|WrapperFor_ftol_At00508ee0
0x508f30|0.31334622823984526|BuildHexNeighborHighlightPolygonForTile
0x509c00|1.0|TMacViewMgr::CreateObject
0x509c80|1.0|TMacViewMgr::GetRuntimeClass
0x509ca0|0.9166666666666666|TMacViewMgr::TMacViewMgr
0x509e10|1.0|TMacViewMgr::GetClipRegionSlotByIndex
0x509e30|0.9090909090909091|TMacViewMgr::`scalar deleting destructor'
0x509e60|0.05263157894736842|WrapperFor_InvokeCallbackNTimesWithSehGuard_At00509e60
0x509f20|1.0|TMacViewMgr::InitializeStrategicMapViewSystem
0x509f70|0.7171717171717171|TMacViewMgr::Free
0x50a140|1.0|TMacViewMgr::ReadFrom
0x50a180|1.0|TMacViewMgr::WriteTo
0x50a1a0|0.48507462686567165|TMacViewMgr::BuildStrategicMapCommodityIconAtlasFrom700To722
0x50a3b0|1.0|TMacViewMgr::LoadStrategicMapUnitIconAtlas750
0x50a3e0|1.0|TMacViewMgr::LoadStrategicMapUnitOverlayAtlas751
0x50a410|1.0|TMacViewMgr::LoadStrategicMapOverlayAtlas8699
0x50a440|1.0|TMacViewMgr::LoadStrategicMapMarkerAtlas1372
0x50a470|0.30985915492957744|TMacViewMgr::BuildStrategicMapGaugeAtlasFrom1422And1423
0x50a6a0|0.7757575757575758|TMacViewMgr::RefreshCityCapabilityUiHandlesForActiveNation
0x50a820|0.4890829694323144|TMacViewMgr::BuildStrategicMapTileOverlayStripSurfaces800To807
0x50a9f0|0.1920260374288039|TMacViewMgr::RenderOffscreenBitmapGridStripAndRestoreContext
0x50b5b0|0.9354838709677419|TMacViewMgr::ReloadBitmap244AndRefreshUiCaches
0x50b640|0.4766355140186916|TMacViewMgr::RenderTurnEventPalettePreviewSurfaceAndProgress
0x50b9e0|0.34375|TMacViewMgr::RebuildMapTileNeighborHighlightPolygonsForAllTiles
0x50bad0|0.6616541353383458|TMacViewMgr::RebuildNationClipRegionsAndDispatchMapEvent
0x50bbc0|0.8888888888888888|TMacViewMgr::OrphanCallChain_C4_I35_0050bbc0
0x50bc50|0.6026200873362445|TMacViewMgr::SyncSellTaggedChildControlWithNationState
0x50be30|1.0|TMacViewMgr::MakeBookDialog
0x50bea0|0.21172194457064972|TMacViewMgr::RefreshCityProductionDetailPanelAndArrowWidgets
0x50d310|0.5625|TMacViewMgr::DispatchTurnEvent3B8AndWaitForCompletionFlag
0x50d360|0.46551724137931033|TMacViewMgr::CreateCityBuildingDialogBySlot
0x50d470|0.3880597014925373|TMacViewMgr::OrphanCallChain_C10_I80_0050d470
0x50d5b0|0.6792452830188679|TMacViewMgr::OrphanCallChain_C9_I49_0050d5b0
0x50d680|1.0|TMacViewMgr::EnsureClipRegionWrapperAtSlotAndMergeSourceRegion
0x50d6c0|0.5925925925925926|TMacViewMgr::MacViewMgrSlot24
0x50d700|0.5714285714285714|TMacViewMgr::RenderOffscreenBitmapTileSpanAndRestoreContext
0x50d8d0|0.6153846153846154|TMacViewMgr::OrphanLeaf_NoCall_Ins06_0050d8d0
0x50d8f0|1.0|TMacViewMgr::OrphanLeaf_NoCall_Ins06_0050d8f0
0x50d920|0.7619047619047619|TMacViewMgr::OrphanCallChain_C1_I10_0050d920
0x50d950|0.75|TMacViewMgr::MacViewMgrSlot1B
0x50d9e0|0.1981981981981982|TMacViewMgr::CopySpriteSurfaceToStrideBuffer
0x50da80|0.30666666666666664|TMacViewMgr::BlitMapOverlayGlyphStrip32x24SkipMask10
0x50dd40|0.32450331125827814|TMacViewMgr::DrawStrategicMapUnitIcon
0x50df40|0.2727272727272727|TMacViewMgr::DrawStrategicMapUnitIconOverlay
0x50e070|0.0|BlitStrategicMapUnitActivityOverlayFrame
0x50e290|0.25|WrapperFor_ftol_At0050e290
0x50e2c0|1.0|GetCityIndexFromCityStatePointer
0x50e2f0|0.47761194029850745|TMapMgr::CreateObject
0x50e3b0|1.0|TMapMgr::GetRuntimeClass
0x50e3d0|1.0|TMapMgr::TMapMgr
0x50e460|1.0|TMapMgr::`scalar deleting destructor'
0x50e490|0.9696969696969697|TMapMgr::~TMapMgr
0x50e4e0|1.0|TMapMgr::InitializeGlobalMapState
0x50e510|0.9|TMapMgr::Free
0x50e600|0.0|OrphanTiny_ThisAdjustJump_a4_0050e600
0x50e620|0.9174311926605505|TMapMgr::ReadFrom
0x50e7a0|1.0|TMapMgr::WriteTo
0x50e8b0|0.18994413407821228|TMapMgr::AllocateAndResetTerrainAndCityScoreTables
0x50e901|0.020618556701030927|InitializeUMapPrimaryTileRecordDefaultsAndEnsureAuxBuffer
0x50ea56|0.022988505747126436|InitializeUMapAuxEntryDefaultsAndSharedNameFields
0x50ec60|1.0|NationStateRecordA8::NationStateRecordA8
0x50ec90|0.48066298342541436|TMapMgr::BuildOrLoadGlobalMapStateForSession
0x50ed4d|0.0|RebuildGlobalMapStateAndMaybeDispatchTurnEvent3C0
0x50f200|0.020202020202020204|TMapMgr::LoadPoliticalMapRegionSubtypeTableFromResourceStream
0x50f3c0|0.02666666666666667|VerifyMapDataAndWriteReport
0x50f5f0|0.03773584905660377|WrapperFor_thunk_SetMapRecordFlagA3AndPropagateToChildren_At0050f5f0
0x50f6b0|1.0|TMapMgr::SetMapRecordFlagA3AndPropagateToChildren
0x50f740|0.7681159420289855|TMapMgr::RefreshMapContextRotatingStatusStrings
0x50f860|0.5076335877862596|TMapMgr::RebuildTileOwnerNeighborCachesAndFallbackAssignments
0x50fca0|0.5520833333333334|TMapMgr::UpdateTilePrimaryAndSecondaryNeighborLinksByPriority
0x50fe10|0.13513513513513514|TMapMgr::UpdateTileNeighborBorderInfluenceCounters
0x510210|0.2793733681462141|TMapMgr::UpdateMapTileAdjacencyMasksAndVariantForTile
0x5107e0|0.3728813559322034|TMapMgr::InitializeTileNeighborConnectionMaskIfNeeded
0x5108d0|0.320265780730897|TMapMgr::ResolveMapTileVariantSpriteFromAdjacencyState
0x5112f0|1.0|TMapMgr::CheckTileVariantCodeMembershipSetA
0x511360|1.0|TMapMgr::CheckTileVariantCodeMembershipSetB
0x5113d0|1.0|TMapMgr::CheckTileVariantCodeMembershipSetC
0x511440|1.0|TMapMgr::CheckTileVariantCodeMembershipSetD
0x5114b0|0.025|CheckTilePatternMaskAllowedByModeFlag
0x511610|0.2504970178926441|TMapMgr::UpdateStrategicMapTileIconVariantState
0x511a70|0.23433242506811988|TMapMgr::TMapMaker_EnsureRegionClassHasSubtype3And4AssignmentsWithRng
0x511e80|1.0|TMapMgr::TMapMaker_EnsureMapDataStreamOpenedAndMaybeTickUiProgress
0x511ed0|0.6666666666666666|TMapMgr::DispatchTurnEvent7DDForActiveNation
0x511f10|1.0|TMapMgr::ForwardComputeRepresentativeTileIndexForTerrainTypeWithWrapBias
0x511f30|0.17100371747211895|TMapMgr::TMapMaker_CheckTerrainTypePairReachabilityByRegionClassMask
0x5121d0|0.3111111111111111|TMapMgr::IsNodeTypeLinkUnavailableAndNoActiveMapActionContext
0x5122b0|1.0|TMapMgr::IsShiftKeyDown
0x5122d0|1.0|TMapMgr::IsAltKeyDown
0x5123e0|1.0|ComputeStridedRecordAddress6C
0x512440|0.8155339805825242|ProjectTileIndexToWrappedScreenOffsetByScale
0x5125a0|1.0|SplitTileIndexToRowAndColumn
0x5127e0|0.6551724137931034|SplitTileIndexToHexRasterColumnX2AndRow
0x512850|0.3157894736842105|ComputeTileIndexFromHexColumnX2AndRow
0x5128f0|1.0|LookupHexNeighborRowDeltaByDirection
0x512930|0.26334519572953735|BuildHexAreaTileIndexList
0x512b50|0.4375|TMapMgr::ComputeHexNeighborTileIndices
0x512cc0|0.4647887323943662|TMapMgr::GetWrappedHexNeighborTileIndexByDirection
0x512dd0|0.5435897435897435|GetHexDirectionBetweenTiles
0x513050|0.85|NormalizeWrappedMapCoord108x60
0x513120|0.95|NormalizeWrappedMapCoord217x60
0x513170|0.4444444444444444|TMapMgr::FindTownMarkerForTileByOwnerNation
0x513200|0.5074626865671642|TMapMgr::SetTileTransportFlags
0x513290|0.4146341463414634|TMapMgr::DispatchFormationEntryActionsAndMaybeCreateTurnEvent12
0x5133f0|0.4818181818181818|TMapMgr::SetTileOwnerAndInvalidateNeighborState
0x5135a0|0.45614035087719296|TMapMgr::FindResourceCapabilityRequirementLevelByType
0x513610|0.896551724137931|TMapMgr::FindResourceCapabilityRequirementLevel
0x513660|0.7142857142857143|TMapMgr::GetTileCivilianWorkOrderCostClassNibble
0x5136a0|0.8888888888888888|TMapMgr::SetCivilianDevelopmentClassNibble
0x513720|0.4155844155844156|TMapMgr::FindMaxResourceCapabilityValueForTile
0x5137b0|0.0|TDeluxeText::CanBuildPortAtTile
0x513980|0.5513784461152882|TMapMgr::IsValidSecondaryNationHomeTileCandidate
0x513ca0|0.7986348122866894|TMapMgr::HasReachableSeaTileOutsideActiveType3Or4DiplomaticMask
0x513ed0|0.6111111111111112|TMapMgr::CheckTileProspectingDiscoveryCandidate
0x513f60|0.9722222222222222|TMapMgr::SetHexAdjacencyDirectionFlagsForTilePair
0x513ff0|0.647887323943662|TMapMgr::ApplyRailSectionEndpointDirectionFlags
0x514080|0.647887323943662|TMapMgr::ApplyEngineerRailCostDeltaForConnectedTiles
0x514110|0.6751592356687898|TMapMgr::ResolveRegionTileSubtypeCodeForTileIndex
0x514250|1.0|TMapMgr::GetTileUnitEntryByOwner
0x514290|0.47058823529411764|TMapMgr::ResolveTileOwnerNationCodeNormalized
0x514310|1.0|TMapMgr::TileHasCivilianOrderOfType
0x514360|1.0|TMapMgr::TileHasCivilianOrderOfTypeAndField8
0x5143d0|0.5087719298245614|TMapMgr::FloodFillTileRegionMarker
0x5145b0|0.016129032258064516|TMapMgr::QueueDepotConstructionOrder
0x5147d0|0.01680672268907563|TMapMgr::QueuePortConstructionOrder
0x5149d0|0.918918918918919|TMapMgr::SetProvinceCapitalTileFlagBit08
0x514a20|0.25296442687747034|TMapMgr::SetTileTransportFlagsTo0x37AndRefreshNeighbors
0x514c80|0.7450980392156863|TMapMgr::FindReachableRecruitSpawnTileWithVisitedReset
0x514cd0|0.0|FindReachableRecruitSpawnTileRecursive
0x514dc0|0.6666666666666666|TMapMgr::MapMgrSlot1F
0x514e40|0.2222222222222222|TMapMgr::SeedRecruitSearchVisitedStateExcludingNation
0x514e80|0.20833333333333334|TMapMgr::SeedRecruitSearchVisitedStateFromSelectedCivilianOrder
0x514ef0|0.2|TMapMgr::ResetRecruitSearchVisitedState
0x514f20|0.375|TMapMgr::SeedRecruitSearchVisitedStateAndClearAlliedTerritory
0x5150e0|0.38016528925619836|TMapMgr::SeedRecruitSearchVisitedStateFromMilitaryUnitCandidates
0x515330|0.2804878048780488|TMapMgr::MapMgrSlot23
0x515460|0.3707865168539326|TMapMgr::MapMgrSlot24
0x5155c0|0.3236994219653179|TMapMgr::SeedRecruitSearchVisitedStateByCapabilityThreshold
0x515720|0.4067796610169492|TMapMgr::MarkType5NeighborTilesUnavailableByNationCapability
0x515890|0.1958041958041958|TMapMgr::SeedRecruitSearchVisitedStateByCapabilityThresholdAlt
0x5159b0|0.378698224852071|TMapMgr::MarkSeedNeighborTilesUnavailableByCapabilityMaskProfileA
0x515b10|0.3378995433789954|TMapMgr::MarkSeedNeighborTilesUnavailableByCapabilityMaskProfileB
0x515d60|1.0|TMapMgr::ApplyUnitMovementClassForTileIfValid
0x515db0|0.5217391304347826|TMapMgr::ClearPerTileByte0FForAllMapTiles
0x515de0|1.0|TMapMgr::NoOpVirtualSlot2D
0x515e00|0.4444444444444444|NotifyMapUberPictureTileMarker
0x515e50|1.0|TMapMgr::TileHasMovementClassId
0x515ec0|1.0|TMapMgr::AssignCityRecordDisplayName
0x515f40|1.0|TMapMgr::SetGlobalMapCellSharedLabel
0x515f80|0.4888888888888889|TMapMgr::SetRegionTileSubtypeAndRefreshNeighborFlags
0x516090|1.0|TMapMgr::FindLinkedRegionIdForAdjacentRegion
0x516100|0.8888888888888888|TMapMgr::SetCapitalCityDevelopmentStageIfValidNationSlot
0x516150|1.0|TMapMgr::LookupTileSpriteVariantOffsetByTerrainAndGate
0x5161a0|1.0|TMapMgr::LookupTileSpriteVariantOffsetByAdjacencyMaskB
0x5161e0|1.0|TMapMgr::LookupTileSpriteVariantOffsetByGateAndVariant
0x516220|1.0|TMapMgr::LookupTileSpriteVariantOffsetByGateAndVariantAlt
0x516260|1.0|TMapMgr::LookupAdjacencyBitmaskVariantByDirection
0x517410|0.9176470588235294|TMapMgr::MapImprovementOffsetFromAdjacencyVariant
0x517480|0.7628865979381443|TMapMgr::MapImprovementOffsetFromAdjacencyVariantTriple
0x517520|1.0|TMapMgr::GetFixedConstant0xc80
0x517540|0.24489795918367346|TMapMgr::GetMapImprovementOffsetByActiveFlagsAndCityStage
0x517600|0.9782608695652174|TMapMgr::GetMapImprovementOffsetByTownTransportLink
0x5176a0|1.0|TMapMgr::GetMapImprovementBitmapRowOffsetForIndex
0x5176c0|1.0|TMapMgr::ComputeTerrainRecordByteOffsetForIndex
0x5176e0|1.0|TMapMgr::GetMapImprovementTierBucketOffset
0x517710|0.4|TMapMgr::ApplyMapImprovementSelectionState
0x517780|0.6923076923076923|TMapMgr::GetMapImprovementSpriteBaseOffset
0x5177d0|1.0|TMapMgr::GetMapImprovementTileOffsetFromClass
0x5177f0|0.25806451612903225|TMapMgr::GetMapImprovementTileSpriteOffset
0x5178c0|0.2222222222222222|TMapMgr::ResetAllTileSpriteVariantIndexToSentinel
0x5178f0|0.3260340632603406|TMapMgr::ComputeRepresentativeTileIndexForTerrainTypeWithWrapBias
0x517c30|0.358974358974359|TMapMgr::AreNationsBorderLinked
0x517d40|0.0|OrphanDeadLeaf_NoRefs_00517d40
0x517dd0|0.40963855421686746|TMapMgr::HasDirectOrFallbackLinkedNodeType
0x517f80|0.21794871794871795|TMapMgr::CollectSecondDegreeLinksMatchingNodeType
0x518090|0.6213592233009708|TMapMgr::CollectSecondDegreeLinksWithMinorNationFallback
0x518130|0.33714285714285713|TMapMgr::RecomputeTileStrategicScoreHeatmap
0x518470|0.8928571428571429|TMapMgr::ApplyJoinEmpireMode0GlobalDiplomacyReset
0x5184e0|1.0|GetProvinceUnitOrderWeight
0x518540|0.9675324675324676|TMapMgr::LoadScenarioMapStateFromTableResource
0x5187f0|0.07407407407407407|LoadScenarioMetadataByIndexIntoUiControlCore_Impl
0x518840|0.7575757575757576|ByteSwapCityScoreTableShortFields
0x518960|1.0|TMapMgr::SetRegionDevelopmentStageByte
0x518990|1.0|TMapMgr::ResetTileToBaseTransportFlag
0x518a20|0.5974025974025974|TMapMgr::AreAllLinkedEntriesTerrainFlagBit2Clear
0x518aa0|0.0|WrapperFor_thunk_HasReachableSeaTileOutsideActiveType3Or4DiplomaticMask_At00518aa0
0x518b40|0.9523809523809523|TMapMgr::CalculateDeveloperTilePurchaseCost
0x518bd0|0.6530612244897959|TMapMgr::MarkAdjacentHexOrderDirectionAndSelectTile
0x518d90|0.40707964601769914|TMapMgr::MarkDirectionalMapOverlayFlagsForNationOrders
0x519010|0.3821656050955414|TMapMgr::ClassifyCityGateTerrainComposition
0x519140|0.5647058823529412|TMapMgr::DumpAndResetMapScriptState
0x519610|0.4939759036144578|TMapMgr::ChooseNationSetupProfilesForOpenSlots
0x519970|0.25|WrapperFor_ftol_At00519970
0x5199c0|0.2988505747126437|TMapDialog::CreateObject
0x519af0|1.0|TWorldView::QueryMinusOneWordSlot77
0x519b30|1.0|TMapDialog::GetRuntimeClass
0x519b50|0.8210526315789474|TMapDialog::TMapDialog
0x519c40|0.9090909090909091|TMapDialog::`scalar deleting destructor'
0x519c90|0.38461538461538464|TMapDialog::Free
0x519d30|0.8604651162790697|TMapDialog::DoPostCreate
0x519e00|0.007407407407407408|TMapDialog::RenderStrategicTileSelectionAndNeighborHighlights
0x51a2a0|0.7175925925925926|TMapDialog::DrawHexNeighborOutlineFromTileArray
0x51a900|0.6486486486486487|TMapDialog::InvalidateTile
0x51a990|1.0|TMapDialog::ComputeWrappedMapCellAndRegionBandFromScreenCoord
0x51aad0|0.045454545454545456|TMapDialog::OrphanRetStub_005966c0
0x51ab60|0.03333333333333333|TMapDialog::OrphanLeaf_NoCall_Ins02_005966e0
0x51ac40|1.0|TMapDialog::CenterOn
0x51ace0|0.647887323943662|TMapDialog::GetCenterTile
0x51ad70|1.0|TMapDialog::SetMapViewTileIndex
0x51adc0|1.0|TMapDialog::SetMapViewCellCoordinates
0x51adf0|0.8387096774193549|TMapDialog::SetMapDialogCellCoordinatesAndRefresh
0x51af60|0.023255813953488372|TMapDialog::UpdateMapInteractionPreviewParityAndRenderTransientSprites
0x51b0a0|0.4897959183673469|TTerrainInfoDialog::CreateObject
0x51b120|1.0|TTerrainInfoDialog::GetRuntimeClass
0x51b140|1.0|TTerrainInfoDialog::TTerrainInfoDialog
0x51b170|0.9090909090909091|TTerrainInfoDialog::`scalar deleting destructor'
0x51b1c0|0.6809421841541756|TMapDialog::PopulateMapContextInfoPanelStringsByTileSelection
0x51ba70|0.4897959183673469|TTownNameDialog::CreateObject
0x51baf0|1.0|TTownNameDialog::GetRuntimeClass
0x51bb10|1.0|TTownNameDialog::TTownNameDialog
0x51bb40|0.9090909090909091|TTownNameDialog::`scalar deleting destructor'
0x51bb90|0.9436619718309859|TTownNameDialog::DoPostCreate
0x51bcc0|0.7428571428571429|TTownNameDialog::ApplyRectSlot110
0x51bd60|0.29545454545454547|TCitySiteView::CreateObject
0x51be90|1.0|TCitySiteView::GetRuntimeClass
0x51beb0|0.21052631578947367|TCitySiteView::TCitySiteView
0x51bfa0|0.9090909090909091|TCitySiteView::`scalar deleting destructor'
0x51bff0|0.7162162162162162|TCitySiteView::DoPostCreate
0x51c2a0|0.09090909090909091|TCitySiteView::SetMapViewTileIndex
0x51c2f0|1.0|TCitySiteView::SetMapViewCellCoordinates
0x51c320|0.8484848484848485|TCitySiteView::SetMapDialogCellCoordinatesAndRefresh
0x51c3b0|0.008928571428571428|TCitySiteView::RenderStrategicTileSelectionAndNeighborHighlights
0x51c760|0.01098901098901099|TCitySiteView::HandleMapClickByInteractionMode
0x51cab0|0.2857142857142857|TMapEditView::CreateObject
0x51cbf0|0.9090909090909091|TMapEditView::`scalar deleting destructor'
0x51cc40|1.0|TMapEditView::GetRuntimeClass
0x51cc60|0.019417475728155338|TMapEditView::DoPostCreate
0x51ce60|0.02531645569620253|TMapEditView::HandleMapClickByInteractionMode
0x51cfa0|0.0392156862745098|TMapEditView::InvokeDialogHooks1D8ThenE4
0x51d060|0.018518518518518517|TMapEditView::DispatchOverlayEvent78FromStridedRecord
0x51d210|0.022222222222222223|TMapEditView::HandleMapTileClickSetOrderContextAndDispatchEvent79
0x51d380|0.0|MarkHexTileAndNeighborsDirtyAndNotify
0x51d4f0|0.0|ApplyTileIconProfileFromEditorSelection
0x51d7e0|0.0|ApplyTileCityIdAndInvalidateLocalOverlays
0x51d970|0.0|ApplyTileIconOverlayFromEditorSelection
0x51da60|0.13114754098360656|OrphanDeadLeaf_NoRefs_0051da60
0x51db30|0.0|ApplyTileOrderOverlayMaskAndInvalidate
0x51dba0|0.0|ApplyTileTerrainIndexAndInvalidateAdjacency
0x51dc90|0.0|PromoteTileToCityAndRefreshNeighbors
0x51deb0|0.03333333333333333|TMapEditView::ForwardParam
0x51e0b0|1.0|InitializeMapInteractionPreviewScaleXDefault
0x51e0e0|1.0|InitializeMapInteractionPreviewScaleYDefault
0x51e110|0.25|RecomputeMapInteractionPreviewVerticalOffsetFromScale
0x51e160|0.11764705882352941|WrapperFor_SetQuickDrawFillColor_At0051e160
0x51e1a0|1.0|TMapDialog::ResetAllTileMarkersToSentinel
0x51e1f0|0.2777777777777778|TMapDialog::ReleaseTileMarkerForTile
0x51e260|0.007858546168958742|TMapDialog::ApplyRectSlot110
0x51eb40|0.0012795905310300703|TMapDialog::RenderStrategicMapTileCell
0x520670|0.860125260960334|TMapDialog::RenderMapDialogBilateralRelationMarkers
0x520970|0.7682926829268293|TMapDialog::DrawMapDialogGuidePatternSetA_00520970
0x520a90|1.0|TMapDialog::DrawMapDialogGuidePatternSetB_00520a90
0x520c10|0.5945945945945946|TMapDialog::DrawMapDialogGuidePatternSetC_00520c10
0x520d20|1.0|TMapDialog::DrawMapDialogGuidePatternSetD_00520d20
0x520de0|1.0|TMapDialog::DrawMapDialogTileGuidePatternByVariant
0x520fc0|1.0|TMapDialog::DrawMapDialogGuidePatternSetE_00520fc0
0x521090|0.40476190476190477|TMapDialog::DrawMapDialogGuidePatternSetF_00521090
0x5211c0|1.0|TMapDialog::DrawMapDialogGuidePatternSetG_005211c0
0x521340|1.0|TMapDialog::DrawMapDialogGuidePatternSetH_00521340
0x521540|0.6444444444444445|TMapDialog::DrawMapDialogGuidePatternSetI_00521540
0x521680|0.00784313725490196|TMapDialog::DrawHexEdgeConnectionGlyphsByMask
0x521a40|0.005376344086021506|TMapDialog::EmitHexAdjacencyTransitionEventsByBitmask
0x522000|1.0|TMapDialog::DrawMapDialogOwnershipMarkerForNation_00522000
0x5220f0|0.002894356005788712|TMapDialog::RenderMapDialogDiplomacyNeighborRelationHints
0x522c10|1.0|TMapDialog::DrawMapDialogWrappedTileConnectionMarker_00522c10
0x522cf0|0.6458333333333334|TMapDialog::DrawHexNeighborConnectionMask
0x523060|0.02631578947368421|TMapDialog::MapDialogSetFillColor
0x523170|0.013888888888888888|TMapDialog::UpdateMapOrderEntryTilePreviewSlot
0x523640|0.006369426751592357|TMapDialog::RenderMapOrderEntryTilePreview
0x523b70|0.006825938566552901|TMapDialog::RenderTacticalStackCountIndicatorAndUnitBadge
0x523ff0|0.3444976076555024|TMapDialog::RenderMapDialogTerrainOverlayFrameByTileOwner
0x5241b0|0.0196078431372549|TMapDialog::OrphanLeaf_NoCall_Ins100_005241b0
0x5242f0|0.011560693641618497|TMapDialog::GetTEventHandlerClassNamePointer
0x524540|0.02040816326530612|TMapDialog::VTableSlot97
0x524670|0.020833333333333332|TMapDialog::InitializeForeignMinisterStateFlags
0x5247a0|0.0111731843575419|TMapDialog::AddToForeignMinisterCounterAtIndex
0x5249f0|0.020618556701030927|TMapDialog::SetForeignMinisterReadyFlag14
0x524b30|0.02040816326530612|TMapDialog::SelectCandidateTilesWithLowGroundUnitCount
0x524c60|0.012578616352201259|TMapDialog::OrphanLeaf_NoCall_Ins07_004d8920_9c
0x524e70|0.0111731843575419|TMapDialog::OrphanLeaf_NoCall_Ins07_004d8920_9d
0x5250a0|0.011049723756906077|TMapDialog::CopyDiamondMaskBlockKernel
0x5252d0|0.012903225806451613|TMapDialog::CopyDiagonalMaskNarrowingBlockKernel
0x5254a0|0.012903225806451613|TMapDialog::CopyDiagonalMaskWideningBlockKernel
0x525670|0.29906542056074764|TMapDialog::Copy64x64TileBlockWithStrideAdjustment
0x525730|1.0|TMapDialog::ForwardProjectTileIndexToWrappedScreenOffsetByScale
0x5258c0|0.25|WrapperFor_ftol_At005258c0
0x525910|0.3333333333333333|TMapMaker::CreateObject
0x525950|0.5|TMapMaker::GetRuntimeClass
0x525970|0.8571428571428571|TMapMaker::TMapMaker
0x525990|1.0|TMapMaker::`scalar deleting destructor'
0x5259c0|1.0|TMapMaker::~TMapMaker
0x525a30|0.7480719794344473|TMapMaker::GenerateMapFromTuningStringAndApplyScenarioOverrides
0x526710|0.3076923076923077|TMapMaker::ValidateAllColumnsHaveAssignedRegionClass
0x526760|1.0|TMapMaker::ValidateTerrainClassAdjacencyCoverageMask
0x5267f0|0.17982456140350878|TMapMaker::ValidateSeedCandidateExistsForEachTerrainClass
0x526ba0|0.08333333333333333|TMapMaker::PickRandomRegionGridCell
0x526c20|0.3181818181818182|TMapMaker::RunMapGenerationAttempt
0x527040|0.3037974683544304|TMapMaker::AssignRegionClassToCellAndNeighbors
0x527300|0.27802690582959644|TMapMaker::TryMergeRegionGroupWithNeighborsRestrictedToMajors
0x5274d0|0.37593984962406013|TMapMaker::TryMergeRegionGroupWithNeighbors
0x5275a0|0.3783783783783784|TMapMaker::MapGenPassSlot0E
0x527730|0.29577464788732394|TMapMaker::MapGenPassSlot0F
0x527d00|0.4268774703557312|TMapMaker::CreateRivers
0x527ed0|0.3742690058479532|TMapMaker::GrowRiver
0x528140|0.32954545454545453|TMapMaker::PlaceCityMarkerAndSpreadNeighbors
0x5283c0|0.296875|TMapMaker::ForwardParam
0x528670|0.5844155844155844|TMapMaker::CreateDeserts
0x528780|0.8554913294797688|TMapMaker::TundraBand
0x5288a0|0.40969162995594716|TMapMaker::DesertBand
0x528c10|0.27350427350427353|GetNeighborTileIndexOnMap108x60
0x528ce0|0.8089887640449438|TMapMaker::GetAdjacentRegionGridCell
0x528e50|0.1515650741350906|TMapMaker::SmoothCityRegionOwnershipByNeighborSampling
0x5292f0|1.0|TMapMaker::MapGenPassSlot1E
0x5293d0|0.10309278350515463|TMapMaker::RandomizeRegionTemplateBanksForMismatchedNeighborClasses
0x5296a0|0.028985507246376812|TMapMaker::CopyRegionTemplateBankWithRandomVariant
0x5297e0|0.0425531914893617|TMapMaker::CopyRegionTemplateBankToNeighborCell
0x5298a0|0.5172413793103449|TMapMaker::GetFineGridCellBasePointerFromCoarseIndex
0x529960|0.242152466367713|TMapMaker::RotateMapColumnsByPeakCityTileDensity
0x529d90|0.0|OrphanDeadLeaf_NoRefs_00529d90
0x529f60|0.6068965517241379|TMapMaker::MapGenFinalizePassSlot19
0x52a0a0|0.08163265306122448|OrphanDeadLeaf_NoRefs_0052a0a0
0x52a160|0.26161790017211706|TMapMaker::GenerateCityRegionIdsBySeedAndNeighborPropagation
0x52a670|0.7586206896551724|TMapMaker::GetCityRegionIdAtTileIndex
0x52a6e0|0.3125|WrapExtendedMapXCoordinateInPlace
0x52a720|0.36363636363636365|WrapperFor_AppendPointerToGlobalVectorAsStatus_At0052a720
0x52a760|0.9320388349514563|SeaSegmentStretch::GetOrAppendUnique
0x52a820|0.2|WrapperFor_FreeHeapBlockWithAllocatorTracking_At0052a820
0x52ab00|0.2893081761006289|SeaSegment::RecomputeEndpointsAndAngle
0x52b1e0|0.2962962962962963|Seapoint::InitSorted
0x52b220|0.34234234234234234|SeaSegment::InitFromPoints
0x52b3e0|1.0|SeaSegmentStretch::OverStretch
0x52b460|0.7526881720430108|GetOrCreateOverlaySpanRecordArray18Entry
0x52b500|1.0|SeaSegmentStretch::Detach
0x52b9b0|0.17478991596638654|TMapMaker::AssignCityRegionIdsFromOverlayScanlineIntersections
0x52bef0|0.21359223300970873|SeaSegment::ExtractWrappedEndpoint
0x52c000|1.0|SeaSegment::SelectAttrByAngle
0x52c030|1.0|SeaSegmentStretch::At
0x52c060|0.36363636363636365|WrapperFor_AppendPointerToGlobalVectorAsStatus_At0052c060
0x52c0a0|0.9391304347826087|SeapointStretch::GetOrAppendUnique
0x52c170|0.2|WrapperFor_FreeHeapBlockWithAllocatorTracking_At0052c170
0x52c1a0|0.40605520926090827|TMapMaker::BuildCityRegionBorderOverlaySegments
0x52c990|1.0|ConvertTileIndexToOverlayCoord216BySide
0x52ca00|1.0|SeapointStretch::Detach
0x52ca20|0.20202020202020202|EmitOverlaySegmentFromTileEdgeSorted
0x52cae0|0.3054662379421222|TMapMaker::BuildOverlaySpanRecordsFromQuadBorderLinks
0x52d030|1.0|Seapoint::WrappedDeltaMetric
0x52d0d0|0.6666666666666666|SeapointStretch::OverStretch
0x52d150|0.7021276595744681|GetOrCreateOverlayQuadRecordByIndex
0x52d1f0|0.2621082621082621|TMapMaker::ReindexContiguousCityRegionIds
0x52d4b0|0.0|OrphanDeadLeaf_NoRefs_0052d4b0
0x52d6b0|0.043478260869565216|OrphanDeadLeaf_NoRefs_0052d6b0
0x52d750|0.2253968253968254|TMapMaker::MergeSmallCityRegionsAndCompactIds
0x52e310|1.0|SeaSegmentStretch::ReallocExact
0x52e350|0.4962121212121212|TMapMaker::RebuildUMapperRouteRecordsAndActiveMapRects
0x52e7b0|0.6956521739130435|TOcean::AllocateRouteNodeStateBufferByCount
0x52e840|0.46808510638297873|TMapMaker::ErrorCheck
0x52e890|0.75|TMapMaker::EraseZones
0x52e900|0.046511627906976744|TMapMaker::HandleCityProductionNoOp
0x52e990|1.0|MapEdgePoint::Equals
0x52eb00|0.25|WrapperFor_ftol_At0052eb00
0x52eb30|0.4117647058823529|TMinister::CreateObject
0x52eb60|1.0|TMinister::GetRuntimeClass
0x52eb80|0.5454545454545454|TMinister::TMinister
0x52eba0|1.0|TMinister::`scalar deleting destructor'
0x52ebd0|1.0|TMinister::~TMinister
0x52ebf0|0.5263157894736842|TMinister::InitializeBaseOrderArray
0x52ec80|1.0|TMinister::Free
0x52ecc0|1.0|TMinister::ReadFrom
0x52ecf0|1.0|TMinister::WriteTo
0x52ed20|1.0|TMinister::DispatchNationStateEventCode10
0x52ed50|0.4666666666666667|TMinister::RebuildTerrainPreferenceEntriesAndAssignRanks
0x52ee20|0.34782608695652173|TMinister::MapTerrainTypeToPreferenceRank
0x52eea0|0.34782608695652173|TMinister::MapPreferenceRankToTerrainType
0x52ef20|1.0|TMinister::GetPreferenceGroupRankByEntryIndex
0x52ef50|1.0|TMinister::GetPreferenceScoreByEntryIndex
0x52ef80|1.0|TMinister::GetPreferenceTerrainTypeByEntryIndex
0x52efb0|1.0|TMinister::NoOpForeignMinisterUtilityStub
0x52efd0|0.19607843137254902|TForeignMinister::CreateObject
0x52f050|1.0|TForeignMinister::GetRuntimeClass
0x52f070|0.2926829268292683|TForeignMinister::TForeignMinister
0x52f0e0|0.9090909090909091|TForeignMinister::`scalar deleting destructor'
0x52f110|0.5|TForeignMinister::DestructTForeignMinister
0x52f130|0.5106382978723404|TForeignMinister::InitializeStateAndCounters
0x52f180|0.035398230088495575|TForeignMinister::ReadFrom
0x52f2b0|0.032520325203252036|TForeignMinister::WriteTo
0x52f430|0.05|TForeignMinister::DispatchNationStateEventCode10
0x52f4b0|0.43478260869565216|TForeignMinister::InitializeForeignMinisterStateFlags
0x52f4f0|1.0|TForeignMinister::AddToForeignMinisterCounterAtIndex
0x52f520|1.0|TForeignMinister::SetForeignMinisterReadyFlag14
0x52f540|1.0|TForeignMinister::SetForeignMinisterPrimaryAndSecondaryTargets
0x52f570|0.016666666666666666|TForeignMinister::MinisterSlot21
0x52f730|1.0|TForeignMinister::HasAnyOptionDToFMeetingNationThreshold
0x52f7b0|0.5561497326203209|TForeignMinister::Call8C
0x52f940|0.5526315789473685|TForeignMinister::Call90
0x52f9d0|0.391304347826087|TForeignMinister::Call94
0x52fba0|0.19883040935672514|TForeignMinister::DispatchProposalSlot98
0x52fcc0|0.7619047619047619|TForeignMinister::RecomputeOrderStateSlot9C
0x52fd10|1.0|TForeignMinister::RefreshForeignMinisterStateByLocalizationMode
0x52fd80|1.0|TForeignMinister::MinisterSlot18
0x52fda0|1.0|TForeignMinister::MinisterSlot19
0x52fdc0|0.512396694214876|TForeignMinister::UpdateNationInteractionEnableFlagsByTerrainAndRelation
0x52fe90|0.009433962264150943|TForeignMinister::MinisterSlot17
0x530200|0.004784688995215311|TForeignMinister::QueueTurnEventHintActionsByNationMetricsAndCompatibility
0x5308b0|0.3125|TForeignMinister::EvaluateLocalizedScoreThresholdPredicateForNationValue
0x530b30|1.0|TForeignMinister::DispatchAction210ToFirstEligibleNationIfIdle
0x530bb0|0.007874015748031496|TForeignMinister::MinisterSlot1B
0x530fa0|0.2727272727272727|TForeignMinister::ValidateProposalSelectionAndQueueEvent1C
0x531110|1.0|TForeignMinister::Call80
0x531130|0.19607843137254902|TTedForeignMinister::CreateObject
0x5311b0|1.0|TTedForeignMinister::GetRuntimeClass
0x5311d0|0.06666666666666667|TTedForeignMinister::TTedForeignMinister
0x531240|0.9090909090909091|TTedForeignMinister::`scalar deleting destructor'
0x531270|0.5|TTedForeignMinister::DestructTTedForeignMinister
0x531290|0.010416666666666666|TTedForeignMinister::MinisterSlot21
0x531550|0.013071895424836602|TTedForeignMinister::Call90
0x531770|0.010256410256410256|TTedForeignMinister::DispatchProposalSlot98
0x531a10|0.03225806451612903|TTedForeignMinister::MinisterSlot18
0x531af0|1.0|TTedForeignMinister::MinisterSlot19
0x531b10|1.0|TTedForeignMinister::NoOpForeignMinisterUtilityStub
0x531b30|0.18518518518518517|TBillForeignMinister::CreateObject
0x531bc0|1.0|TBillForeignMinister::GetRuntimeClass
0x531be0|0.06451612903225806|TBillForeignMinister::TBillForeignMinister
0x531c50|0.9090909090909091|TBillForeignMinister::`scalar deleting destructor'
0x531c80|0.5|TBillForeignMinister::DestructTBillForeignMinister
0x531ca0|0.10526315789473684|TBillForeignMinister::ReadFrom
0x531ce0|0.10526315789473684|TBillForeignMinister::WriteTo
0x531d20|0.02702702702702703|TBillForeignMinister::MinisterSlot21
0x531e50|0.009478672985781991|TBillForeignMinister::Call90
0x532190|0.007272727272727273|TBillForeignMinister::DispatchProposalSlot98
0x532520|0.03571428571428571|TBillForeignMinister::MinisterSlot18
0x5325e0|0.06451612903225806|TBillForeignMinister::MinisterSlot19
0x532650|0.06060606060606061|TBillForeignMinister::NoOpForeignMinisterUtilityStub
0x5326e0|0.19607843137254902|TDiplomatForeignMinister::CreateObject
0x532760|1.0|TDiplomatForeignMinister::GetRuntimeClass
0x532780|0.07142857142857142|TDiplomatForeignMinister::TDiplomatForeignMinister
0x5327f0|0.9090909090909091|TDiplomatForeignMinister::`scalar deleting destructor'
0x532820|0.5|TDiplomatForeignMinister::DestructTDiplomatForeignMinister
0x532840|0.04878048780487805|TDiplomatForeignMinister::MinisterSlot18
0x5328d0|1.0|TDiplomatForeignMinister::MinisterSlot19
0x5328f0|0.007547169811320755|TDiplomatForeignMinister::MinisterSlot21
0x532c60|0.010362694300518135|TDiplomatForeignMinister::Call90
0x532f70|0.029850746268656716|TDiplomatForeignMinister::DispatchProposalSlot98
0x533050|1.0|TDiplomatForeignMinister::NoOpForeignMinisterUtilityStub
0x533070|0.19230769230769232|TTextileForeignMinister::CreateObject
0x5330f0|1.0|TTextileForeignMinister::GetRuntimeClass
0x533110|0.07142857142857142|TTextileForeignMinister::TTextileForeignMinister
0x533180|0.9090909090909091|TTextileForeignMinister::`scalar deleting destructor'
0x5331b0|0.5|TTextileForeignMinister::DestructTTextileForeignMinister
0x5331d0|0.018867924528301886|TTextileForeignMinister::MinisterSlot21
0x533380|0.009433962264150943|TTextileForeignMinister::Call90
0x533670|0.024691358024691357|TTextileForeignMinister::DispatchProposalSlot98
0x533780|0.07692307692307693|TTextileForeignMinister::NoOpForeignMinisterUtilityStub
0x533800|0.19607843137254902|TTraderForeignMinister::CreateObject
0x533880|1.0|TTraderForeignMinister::GetRuntimeClass
0x5338a0|0.07142857142857142|TTraderForeignMinister::TTraderForeignMinister
0x533910|0.9090909090909091|TTraderForeignMinister::`scalar deleting destructor'
0x533940|0.5|TTraderForeignMinister::DestructTTraderForeignMinister
0x533960|0.01904761904761905|TTraderForeignMinister::MinisterSlot21
0x533b10|0.011363636363636364|TTraderForeignMinister::Call90
0x533db0|0.028985507246376812|TTraderForeignMinister::DispatchProposalSlot98
0x533e90|0.038461538461538464|TTraderForeignMinister::MinisterSlot18
0x533f50|1.0|TTraderForeignMinister::NoOpForeignMinisterUtilityStub
0x533f70|0.19230769230769232|TArmsForeignMinister::CreateObject
0x533ff0|1.0|TArmsForeignMinister::GetRuntimeClass
0x534010|0.0625|TArmsForeignMinister::TArmsForeignMinister
0x534080|0.9090909090909091|TArmsForeignMinister::`scalar deleting destructor'
0x5340b0|0.5|TArmsForeignMinister::DestructTArmsForeignMinister
0x5340d0|0.047619047619047616|TArmsForeignMinister::MinisterSlot21
0x534190|0.010416666666666666|TArmsForeignMinister::Call90
0x534450|0.013793103448275862|TArmsForeignMinister::DispatchProposalSlot98
0x534660|1.0|TArmsForeignMinister::NoOpForeignMinisterUtilityStub
0x534680|0.4897959183673469|TSortByPriceList::CreateObject
0x5346f0|1.0|TSortByPriceList::GetRuntimeClass
0x534710|0.8571428571428571|TSortByPriceList::TSortByPriceList
0x534740|1.0|TSortByPriceList::`scalar deleting destructor'
0x534770|0.0|TSortByPriceList::~TSortByPriceList
0x5347b0|1.0|TSortByPriceList::Compare
0x5347e0|0.4897959183673469|TIndexAndRankList::CreateObject
0x534850|1.0|TIndexAndRankList::GetRuntimeClass
0x534870|0.8571428571428571|TIndexAndRankList::TIndexAndRankList
0x5348a0|0.9090909090909091|TIndexAndRankList::`scalar deleting destructor'
0x5348d0|0.0|TIndexAndRankList::DestructTIndexAndRankList
0x534910|0.8125|TIndexAndRankList::Compare
0x534a80|0.25|WrapperFor_ftol_At00534a80
0x534bc0|0.4444444444444444|TMission::CreateObject
0x534c00|1.0|TMission::ReturnFalseSlot28
0x534c20|1.0|TMission::ReturnZeroSlot2C
0x534c40|1.0|TMission::Call30
0x534c60|1.0|TMission::SetStateByte8To2
0x534c80|1.0|TMission::ResetValue0CToZero
0x534ca0|1.0|TMission::NoOpSlot3C
0x534cc0|1.0|TMission::RefreshSlot40
0x534cf0|1.0|TMission::MissionSlot44
0x534d10|1.0|TMission::GetReplacementSlot48
0x534d30|1.0|TMission::MatchesMissionKeySlot4C
0x534d50|1.0|TMission::ReturnFalseSlot50
0x534d70|1.0|TMission::ReturnFalseSlot54
0x534d90|1.0|TMission::ReturnZeroSlot58
0x534db0|1.0|TMission::ReturnZeroSlot5C
0x534dd0|1.0|TMission::ReturnFalseSlot60
0x534df0|1.0|TMission::ReturnFalseSlot64
0x534e10|1.0|TMission::ReturnZeroFloatSlot68
0x534e30|1.0|TMission::ReturnZeroFloatSlot6C
0x534e50|1.0|TMission::ReturnZeroFloatSlot74
0x534e70|1.0|TMission::ReturnZeroFloatSlot70
0x534e90|1.0|TMission::ReturnZeroFloatSlot7C
0x534eb0|1.0|TMission::ReturnZeroFloatSlot78
0x534ed0|1.0|TMission::NoOpSlot84
0x534ef0|1.0|TMission::NoOpSlot80
0x534f10|1.0|TMission::NoOpSlot8C
0x534f30|1.0|TMission::NoOpSlot88
0x534f50|1.0|TMission::NoOpSlot90
0x534f70|1.0|TMission::SetFlag10FromArgSlot94
0x534f90|1.0|TMission::ReturnFalseSlot98
0x534fb0|1.0|TMission::GetRuntimeClass
0x534fd0|0.3333333333333333|WrapperFor_AFX_CLASSINIT_At00534fd0
0x535020|1.0|TMission::TMission
0x535050|1.0|TMission::`scalar deleting destructor'
0x535080|1.0|TMission::~TMission
0x5350a0|0.0|InitializeMissionWithNationIdAndResetPathMarker
0x5350d0|0.26595744680851063|CreateMissionObjectByKindAndNodeContext
0x535470|0.10526315789473684|TNavyMission::TNavyMission(class TZone *)
0x5354c0|1.0|TNavyMission::NoOpSlot9C
0x5354e0|1.0|TNavyMission::ReturnFalseSlot54
0x535500|1.0|TNavyMission::ReturnFalseSlot28
0x535520|1.0|TNavyMission::ReturnZeroSlot58
0x535540|1.0|TNavyMission::ReturnZeroSlot5C
0x535560|1.0|TNavyMission::`scalar deleting destructor'
0x535590|0.0|TNavyMission::~TNavyMission
0x5355b0|1.0|TControlSeaZoneMission::ReturnFalseSlot64
0x5355d0|1.0|TControlSeaZoneMission::ReturnFalseSlot60
0x5355f0|1.0|TControlSeaZoneMission::`scalar deleting destructor'
0x535620|0.0|TControlSeaZoneMission::~TControlSeaZoneMission
0x535640|1.0|TScatteredShipsMission::ReturnFalseSlot64
0x535660|1.0|TScatteredShipsMission::ReturnFalseSlot60
0x535680|1.0|TScatteredShipsMission::ReturnFalseSlot28
0x5356a0|0.9090909090909091|TScatteredShipsMission::`scalar deleting destructor'
0x5356d0|0.5|ResetTScatteredShipsMissionToSentinelVtable
0x5356f0|1.0|TArmyMission::ReturnFalseSlot50
0x535710|1.0|TArmyMission::ReturnZeroSlot58
0x535730|1.0|TArmyMission::ReturnZeroSlot5C
0x535750|1.0|TArmyMission::GetMissionTargetContextIdFromField14
0x535770|1.0|TDefendProvinceMission::MissionSlot44
0x535790|1.0|TDefendProvinceMission::ReturnFalseSlot64
0x5357b0|1.0|TDefendProvinceMission::ReturnFalseSlot28
0x5357d0|1.0|TDefendProvinceMission::`scalar deleting destructor'
0x535800|0.0|TDefendProvinceMission::~TDefendProvinceMission
0x535820|1.0|TMission::WriteTo
0x5358a0|1.0|TMission::ReadFrom
0x535940|1.0|FindFirstTrackedHandlerMatchingModeAndShortKey
0x5359e0|0.4470588235294118|IsMapTileCompatibleWithCurrentTerrainOrActionContext
0x535b00|0.4798657718120805|SelectBestCityDevelopmentFromResourcePools
0x535f80|0.4074074074074074|CompareMissionOrderEntriesByMovementClassThenEfficiency
0x536090|0.6567164179104478|CompareMissionOrderEntriesByPriorityScore
0x536290|0.25|WrapperFor_ftol_At00536290
0x5362c0|0.9504950495049505|ComputeDistributionSimilarityScoreFromVectorAndReferenceProfile
0x536390|0.463768115942029|TNavyMission::CreateObject
0x536450|1.0|TNavyMission::GetRuntimeClass
0x536470|0.3333333333333333|WrapperFor_AFX_CLASSINIT_At00536470
0x5364c0|0.5714285714285714|TNavyMission::Free
0x536530|0.2893081761006289|TNavyMission::WriteTo
0x536650|0.5925925925925926|TNavyMission::ReadFrom
0x536740|0.5454545454545454|TNavyMission::ReturnFalseSlot98
0x536780|1.0|TNavyMission::NoOpSlot84
0x5367d0|0.4|TNavyMission::NoOpSlot8C
0x536810|1.0|TNavyMission::NoOpSlot90
0x536840|0.15476190476190477|TNavyMission::ReturnZeroSlot2C
0x536b30|0.3181818181818182|TNavyMission::RefreshSlot40
0x536d60|0.031746031746031744|RebuildMapOrderEntryChildrenForContext
0x536e40|0.021052631578947368|TNavyMission::MissionSlot44
0x536f70|1.0|TMapOrderChildLinkNode::SetChainActiveFlag
0x536fa0|0.8|TNavyMission::RefreshMissionPortZoneContextForNation
0x536fc0|0.7692307692307693|TNavyMission::GetReplacementSlot48
0x537060|1.0|TNavyMission::GetActiveTargetZoneByState28
0x537090|0.43283582089552236|TNavyMission::QueueMissionOrdersByPriorityForContext
0x5370f0|0.0|QueueMissionOrderEntriesAcrossSelectionRange
0x53714f|0.0|QueueMissionOrderEntryAndPropagateSelectionRange
0x5371d0|1.0|TNavyMission::ConsolidateMissionOrderEntriesByTargetAndQueue
0x537270|0.7950310559006211|TNavyMission::ReturnZeroFloatSlot74
0x537610|0.8285714285714286|TNavyMission::ReturnZeroFloatSlot7C
0x5378c0|0.21052631578947367|TNavyMission::ReturnZeroFloatSlot6C
0x537900|0.2719298245614035|TNavyMission::BuildNavyOrderCategoryVectorForNationWithExclusion
0x537c60|0.9818181818181818|AccumulateNavyOrderCategoryVectorWithScale
0x537d40|0.7891891891891892|TNavyMission::BuildMissionQueuedOrderCategoryVector
0x537eb0|0.56|TNavyMission::ComputeMissionQueuedOrderSimilarityForTargetNation
0x537f40|0.015384615384615385|TNavyMission::ReturnZeroFloatSlot68
0x538120|0.26666666666666666|TNavyMission::ComputeMissionOrderMatchScoreWithCandidateNavyOrder
0x5383f0|0.27129337539432175|TNavyMission::ComputeMissionOrderMatchScoreWithScaledCandidateNavyOrder
0x5386c0|0.463768115942029|TControlSeaZoneMission::CreateObject
0x538780|0.5|TControlSeaZoneMission::GetRuntimeClass
0x5387a0|0.3333333333333333|WrapperFor_AFX_CLASSINIT_At005387a0
0x5387f0|0.21739130434782608|TControlSeaZoneMission::Call30
0x538900|0.45161290322580644|TControlSeaZoneMission::GetReplacementSlot48
0x5389f0|0.29714285714285715|TNavyMission::ComputeOrderDistributionSimilarityScoreWithDiplomacyFilter
0x538bf0|0.294478527607362|TNavyMission::ComputeOrderDistributionSimilarityScoreForExactSourceNation
0x538dd0|0.3577981651376147|TNavyMission::ComputeOrderDistributionSimilarityScoreForZoneWithBaseProfile
0x538fe0|0.011834319526627219|TControlSeaZoneMission::SetStateByte8To2
0x539290|0.2222222222222222|TControlSeaZoneMission::ResetValue0CToZero
0x5393a0|0.4072727272727273|TControlSeaZoneMission::NoOpSlot3C
0x539600|0.6153846153846154|TControlSeaZoneMission::MatchesMissionKeySlot4C
0x539640|0.43312101910828027|TControlSeaZoneMission::NoOpSlot9C
0x539780|0.3561643835616438|TControlSeaZoneMission::RefreshMissionPortZoneContextForNation
0x539840|0.463768115942029|TEscortMission::CreateObject
0x539900|1.0|TEscortMission::GetReplacementSlot48
0x539920|1.0|TEscortMission::ReturnFalseSlot64
0x539940|1.0|TEscortMission::ReturnFalseSlot60
0x539960|1.0|TEscortMission::`scalar deleting destructor'
0x539990|0.0|TEscortMission::~TEscortMission
0x5399b0|0.5|TEscortMission::GetRuntimeClass
0x5399d0|0.3333333333333333|WrapperFor_AFX_CLASSINIT_At005399d0
0x539a20|0.3448275862068966|TEscortMission::TEscortMission(class TZone *)
0x539a70|1.0|TEscortMission::Call30
0x539a90|0.3926940639269406|TNavyMission::ComputeOrderDistributionSimilarityScoreForZone
0x539ca0|0.3015075376884422|TEscortMission::ResetValue0CToZero
0x539e70|0.35714285714285715|TEscortMission::NoOpSlot3C
0x53a250|0.6153846153846154|TEscortMission::MatchesMissionKeySlot4C
0x53a290|0.5454545454545454|TEscortMission::MissionSlot44
0x53a2d0|0.45714285714285713|TBeachheadMission::CreateObject
0x53a390|1.0|TBeachheadMission::ReturnFalseSlot64
0x53a3b0|1.0|TBeachheadMission::ReturnFalseSlot60
0x53a3d0|0.9090909090909091|TBeachheadMission::`scalar deleting destructor'
0x53a400|0.5|ResetTBeachheadMissionToSentinelVtable
0x53a420|0.5|TBeachheadMission::GetRuntimeClass
0x53a440|0.3333333333333333|WrapperFor_AFX_CLASSINIT_At0053a440
0x53a490|0.08333333333333333|TBeachheadMission::ConstructTBeachheadMissionWithNodeAndParent
0x53a500|0.3771043771043771|TBeachheadMission::NoOpSlot3C
0x53a7b0|0.1935483870967742|TBeachheadMission::MatchesMissionKeySlot4C
0x53a800|0.3779527559055118|TBeachheadMission::NoOpSlot9C
0x53a920|1.0|TBeachheadMission::ReturnZeroSlot58
0x53a940|0.2702702702702703|TBeachheadMission::ReturnFalseSlot98
0x53a990|0.463768115942029|TBlockadePortMission::CreateObject
0x53aa50|1.0|TBlockadePortMission::ReturnFalseSlot64
0x53aa70|1.0|TBlockadePortMission::ReturnFalseSlot60
0x53aa90|0.9090909090909091|TBlockadePortMission::`scalar deleting destructor'
0x53aac0|0.5|ResetTBlockadePortMissionToSentinelVtable
0x53aae0|0.5|TBlockadePortMission::GetRuntimeClass
0x53ab00|0.3333333333333333|WrapperFor_AFX_CLASSINIT_At0053ab00
0x53ab50|0.3838383838383838|TBlockadePortMission::TBlockadePortMission(class TZone *)
0x53ac60|0.9714285714285714|TBlockadePortMission::WriteTo
0x53aca0|1.0|TBlockadePortMission::ReadFrom
0x53ace0|0.21739130434782608|TBlockadePortMission::Call30
0x53adf0|0.6990291262135923|TBlockadePortMission::GetReplacementSlot48
0x53ae90|1.0|TBlockadePortMission::SetStateByte8To2
0x53aeb0|0.5800711743772242|TBlockadePortMission::NoOpSlot3C
0x53b350|0.288|TNavyMission::ComputeMissionNavyOrderDistributionScoreForPortOwnerOrAllies
0x53b800|0.29107981220657275|ComputeNavyOrderDistributionScoreForNation
0x53ba10|0.6|TBlockadePortMission::MatchesMissionKeySlot4C
0x53ba40|1.0|TBlockadePortMission::NoOpSlot9C
0x53ba60|0.463768115942029|TScatteredShipsMission::CreateObject
0x53bb20|0.5|TScatteredShipsMission::GetRuntimeClass
0x53bb40|0.3333333333333333|WrapperFor_AFX_CLASSINIT_At0053bb40
0x53bb90|0.75|TScatteredShipsMission::Call30
0x53bbb0|1.0|TScatteredShipsMission::RefreshSlot40
0x53bbe0|1.0|TScatteredShipsMission::GetReplacementSlot48
0x53bc00|1.0|TScatteredShipsMission::SetStateByte8To2
0x53bc20|1.0|TScatteredShipsMission::ResetValue0CToZero
0x53bc40|0.8928571428571429|TScatteredShipsMission::NoOpSlot3C
0x53bcc0|0.125|TScatteredShipsMission::MatchesMissionKeySlot4C
0x53bdd0|0.46774193548387094|TScatteredShipsMission::MissionSlot44
0x53bf90|1.0|TScatteredShipsMission::RefreshMissionPortZoneContextForNation
0x53bfb0|0.8979591836734694|TArmyMission::CreateObject
0x53c030|0.5|TArmyMission::GetRuntimeClass
0x53c050|0.3333333333333333|WrapperFor_AFX_CLASSINIT_At0053c050
0x53c0a0|0.4444444444444444|TArmyMission::TArmyMission(int)
0x53c1b0|1.0|TArmyMission::ReturnFalseSlot28
0x53c1d0|0.9090909090909091|TArmyMission::`scalar deleting destructor'
0x53c200|0.5|ResetTArmyMissionToSentinelVtable
0x53c220|0.8837209302325582|TArmyMission::Free
0x53c2b0|0.3473053892215569|TArmyMission::WriteTo
0x53c3d0|0.23668639053254437|TArmyMission::ReadFrom
0x53c4f0|0.7142857142857143|TArmyMission::ReturnFalseSlot98
0x53c570|0.7017543859649122|TArmyMission::NoOpSlot80
0x53c5e0|0.6666666666666666|TArmyMission::NoOpSlot88
0x53c620|0.4088397790055249|TArmyMission::ReturnZeroSlot2C
0x53c950|0.7936507936507936|TDefendProvinceMission::PropagateTargetTileToLinkedUnitsIfDifferent
0x53c9d0|0.9457364341085271|TArmyMission::AccumulateMissionUnitPriorityVectorWithOptionalFilter
0x53cac0|0.0|ComputeMissionPrioritySimilarityScoreForFilter
0x53cb50|0.8695652173913043|TArmyMission::AccumulateMissionUnitPriorityContributionWithScaleMode
0x53cc10|0.4731182795698925|AccumulateUnitOrderPriorityVectorContribution
0x53cda0|0.02857142857142857|AccumulateMissionUnitPriorityVector
0x53ceb0|0.4479166666666667|TArmyMission::ReturnZeroFloatSlot68
0x53d020|0.38247011952191234|TArmyMission::ComputeArmyMissionScoreDeltaWithCandidateUnit
0x53d200|0.3686274509803922|TArmyMission::ComputeArmyMissionScoreDeltaWithScaledCandidateUnit
0x53d3e0|0.7272727272727273|TArmyMission::ReturnZeroFloatSlot6C
0x53d420|1.0|TArmyMission::ReturnZeroFloatSlot70
0x53d4a0|0.6923076923076923|TArmyMission::ReturnZeroFloatSlot78
0x53d630|0.5925925925925926|TArmyMission::GetReplacementSlot48
0x53d670|0.46153846153846156|TAttackProvinceMission::CreateObject
0x53d6f0|1.0|TAttackProvinceMission::ReturnFalseSlot64
0x53d710|0.5|TAttackProvinceMission::GetRuntimeClass
0x53d730|0.3333333333333333|WrapperFor_AFX_CLASSINIT_At0053d730
0x53d780|0.5217391304347826|TAttackProvinceMission::TAttackProvinceMission(void)
0x53d7c0|0.9090909090909091|TAttackProvinceMission::`scalar deleting destructor'
0x53d7f0|0.5|ResetTAttackProvinceMissionToSentinelVtable
0x53d810|1.0|TAttackProvinceMission::WriteTo
0x53d850|1.0|TAttackProvinceMission::ReadFrom
0x53d890|0.6792452830188679|TAttackProvinceMission::Free
0x53d950|0.0|TAttackProvinceMission::ReturnFalseSlot98
0x53db60|0.3805668016194332|TAttackProvinceMission::TryResolveTargetTerrainClass
0x53de00|0.3076923076923077|TAttackProvinceMission::MissionSlot44
0x53e050|0.5128205128205128|TAttackProvinceMission::GetReplacementSlot48
0x53e180|1.0|TAttackProvinceMission::SetStateByte8To2
0x53e1a0|0.3302752293577982|TAttackProvinceMission::ResetValue0CToZero
0x53e290|0.14218009478672985|TAttackProvinceMission::NoOpSlot3C
0x53e500|0.9310344827586207|TAttackProvinceMission::ReturnZeroFloatSlot78
0x53e570|0.9285714285714286|TAttackProvinceMission::Call30
0x53e5b0|0.6666666666666666|TAttackProvinceMission::MatchesMissionKeySlot4C
0x53e5f0|0.48|TDefendProvinceMission::CreateObject
0x53e670|1.0|TDefendProvinceMission::GetRuntimeClass
0x53e690|0.3333333333333333|WrapperFor_AFX_CLASSINIT_At0053e690
0x53e6e0|0.23267326732673269|TDefendProvinceMission::ComputeCrossNationSupportVectorScore
0x53ea70|0.3835616438356164|TDefendProvinceMission::ComputeLocalSupportVectorScore
0x53ebe0|0.9433962264150944|TDefendProvinceMission::Free
0x53ecc0|0.896551724137931|TDefendProvinceMission::SetStateByte8To2
0x53ed00|0.336283185840708|TDefendProvinceMission::ResetValue0CToZero
0x53edf0|0.43956043956043955|TDefendProvinceMission::NoOpSlot3C
0x53eff0|1.0|TDefendProvinceMission::Call30
0x53f010|0.5555555555555556|TDefendProvinceMission::MatchesMissionKeySlot4C
0x53f040|0.5925925925925926|TDefendProvinceMission::GetReplacementSlot48
0x53f080|0.5517241379310345|TInvadeMission::CreateObject
0x53f120|1.0|TInvadeMission::ReturnZeroSlot5C
0x53f140|1.0|TInvadeMission::ReturnFalseSlot54
0x53f160|0.7142857142857143|TInvadeMission::NoOpSlot90
0x53f190|0.6666666666666666|TInvadeMission::NoOpSlot84
0x53f1c0|0.6666666666666666|TInvadeMission::NoOpSlot8C
0x53f1f0|0.26666666666666666|TInvadeMission::ReturnZeroFloatSlot6C
0x53f240|1.0|TInvadeMission::ReturnFalseSlot64
0x53f260|0.5|TInvadeMission::GetRuntimeClass
0x53f280|0.3333333333333333|WrapperFor_AFX_CLASSINIT_At0053f280
0x53f2d0|0.3|TInvadeMission::TInvadeMission(short, class TZone *)
0x53f3c0|0.9090909090909091|TInvadeMission::`scalar deleting destructor'
0x53f3f0|0.5|ResetTInvadeMissionToSentinelVtable
0x53f410|0.23529411764705882|TInvadeMission::Free
0x53f4e0|0.8705882352941177|TInvadeMission::ReturnFalseSlot98
0x53f580|0.15789473684210525|TInvadeMission::Call30
0x53f5f0|1.0|TInvadeMission::SetStateByte8To2
0x53f610|0.8888888888888888|TInvadeMission::NoOpSlot3C
0x53f640|0.47619047619047616|TInvadeMission::WriteTo
0x53f690|0.1411764705882353|TInvadeMission::ReadFrom
0x53f780|0.8163265306122449|TInvadeMission::MissionSlot44
0x53f7d0|1.0|TInvadeMission::RefreshSlot40
0x53f800|0.023121387283236993|ComputeInvadeMissionPriorityScore
0x53faa0|1.0|TInvadeMission::ReturnFalseSlot50
0x53fac0|0.8780487804878049|TInvadeMission::ReturnZeroFloatSlot70
0x53fb60|1.0|TInvadeMission::ReturnZeroFloatSlot74
0x53fb90|0.75|TInvadeMission::SetFlag10FromArgSlot94
0x53fbc0|0.76|TInvadeMission::MatchesMissionKeySlot4C
0x53fc10|0.34|TInvadeMission::ReturnZeroSlot2C
0x53fdc0|1.0|TInvadeMission::TryResolveTargetTerrainClass
0x53fe10|1.0|TInvadeMission::GetReplacementSlot48
0x53fe30|0.34421364985163205|RecomputeNationOrderPriorityMetrics
0x540440|0.012578616352201259|ComputeBestNationTileDevelopmentScore
0x540810|0.25|WrapperFor_ftol_At00540810
0x540840|1.0|TProxyGreatPower::CreateObject
0x5408c0|0.5|TProxyGreatPower::ReturnFalseNationStateCapabilityFlag98
0x5408e0|0.5|TProxyGreatPower::ShouldDispatchImmediatelySlot28
0x540900|0.0|TProxyGreatPower::ProcessPendingDiplomacyProposalQueue
0x540920|1.0|TProxyGreatPower::UpdateGreatPowerPressureStateAndDispatchEscalationMessage
0x540940|0.9090909090909091|TProxyGreatPower::`scalar deleting destructor'
0x540970|0.08695652173913043|TProxyGreatPower::DestructTProxyGreatPower
0x5409e0|1.0|TProxyGreatPower::GetRuntimeClass
0x540a00|0.05714285714285714|TProxyGreatPower::AddToNationMetricAtField10
0x540aa0|1.0|TProxyGreatPower::DispatchTurnEvent2103WithNationFromRecord
0x540ac0|0.5205479452054794|TProxyGreatPower::QueueDiplomacyProposalCodeForTargetNation
0x540b80|1.0|TProxyGreatPower::RefreshGreatPowerRelationPanelsAndDispatchDeltaSummary
0x540ba0|0.04878048780487805|TProxyGreatPower::TryDispatchNationActionViaUiContextOrFallback
0x540c20|0.08|TProxyGreatPower::ResetDiplomacyLevelForNationSlot12
0x540c70|0.14285714285714285|TProxyGreatPower::AddNodeToMissionNodeQueue
0x540cb0|0.13333333333333333|TProxyGreatPower::HandleNationLost
0x540cf0|0.10810810810810811|TProxyGreatPower::CheckTransitionSlot27C
0x540dc0|0.10256410256410256|TProxyGreatPower::PropagateWarTransitionSlot280
0x540e90|1.0|THostGreatPower::CreateObject
0x540f20|0.5|THostGreatPower::ReturnFalseNationStateCapabilityFlag9C
0x540f40|0.9090909090909091|THostGreatPower::`scalar deleting destructor'
0x540f70|0.08695652173913043|THostGreatPower::DestructTHostGreatPower
0x540fe0|1.0|THostGreatPower::GetRuntimeClass
0x541000|1.0|THostGreatPower::ReadFrom
0x541040|1.0|THostGreatPower::WriteTo
0x541080|0.05128205128205128|THostGreatPower::TryDispatchNationActionViaUiContextOrFallback
0x5410f0|0.06060606060606061|THostGreatPower::ProcessPendingDiplomacyProposalQueue
0x541170|1.0|THostGreatPower::HandleNationLost
0x541230|1.0|TClientGreatPower::CreateObject
0x5412b0|0.5|TClientGreatPower::ReturnFalseNationStateCapabilityFlag98
0x5412d0|1.0|TClientGreatPower::ShouldDispatchImmediatelySlot28
0x5412f0|0.9090909090909091|TClientGreatPower::`scalar deleting destructor'
0x541320|0.08695652173913043|TClientGreatPower::DestructTClientGreatPower
0x541390|1.0|TClientGreatPower::GetRuntimeClass
0x5413b0|0.06896551724137931|TClientGreatPower::ApplyAcceptedDiplomacyProposalCode
0x541450|0.06896551724137931|TClientGreatPower::QueueInterNationEventForProposalCode12D_130
0x5414f0|0.0|TClientGreatPower::ProcessPendingDiplomacyProposalQueue
0x5415c0|0.14285714285714285|TClientGreatPower::PropagateWarTransitionSlot280
0x5416b0|0.6746987951807228|TClientGreatPower::CheckTransitionSlot27C
0x541790|0.25|TClientGreatPower::HandleNationLost
0x5417c0|1.0|TRemoteGreatPower::CreateObject
0x541840|0.5|TRemoteGreatPower::ShouldDispatchImmediatelySlot28
0x541860|1.0|TRemoteGreatPower::UpdateGreatPowerPressureStateAndDispatchEscalationMessage
0x541880|1.0|TRemoteGreatPower::RefreshGreatPowerRelationPanelsAndDispatchDeltaSummary
0x5418a0|1.0|TRemoteGreatPower::NotifyCitySlot2C
0x5418c0|1.0|TRemoteGreatPower::OrphanRetStub_004dcc30
0x5418e0|1.0|TRemoteGreatPower::OrphanRetStub_005418e0
0x541900|1.0|TRemoteGreatPower::SortTrackedOrdersByTypePriority
0x541920|1.0|TRemoteGreatPower::ClearDiplomacyState1c6Block
0x541940|1.0|TRemoteGreatPower::ClearDiplomacyState1c6ForTarget
0x541960|1.0|TRemoteGreatPower::BeginTurnDiplomacyPrePassSlot1c8
0x541980|1.0|TRemoteGreatPower::ApplyTurnDiplomacyStateSlot1e0
0x5419a0|1.0|TRemoteGreatPower::ResetNationDiplomacyProposalQueue
0x5419c0|1.0|TRemoteGreatPower::ReleaseProposalQueueSlot7F
0x5419e0|0.0|TRemoteGreatPower::ProcessPendingDiplomacyProposalQueue
0x541a00|1.0|TRemoteGreatPower::SetCandidateNationFlagAndPortZoneState
0x541a20|1.0|TRemoteGreatPower::CallSlotA8
0x541a40|1.0|TRemoteGreatPower::RecomputeAiExpansionAndMissionPressureScores
0x541a60|1.0|TRemoteGreatPower::RefreshTrackedEntriesAndReplanAiDevelopment
0x541a80|0.9090909090909091|TRemoteGreatPower::`scalar deleting destructor'
0x541ab0|0.08695652173913043|TRemoteGreatPower::DestructTRemoteGreatPower
0x541b20|1.0|TRemoteGreatPower::GetRuntimeClass
0x541b40|1.0|TRemoteGreatPower::SetNationSelectedRegionAndMapCellLabel
0x541be0|1.0|TRemoteGreatPower::HandleNationLost
0x541c10|1.0|TRemoteMinor::CreateObject
0x541c90|1.0|TRemoteMinor::ShouldDispatchImmediatelySlot28
0x541cb0|1.0|TRemoteMinor::ApplyIndexedResourceDeltaAndAdjustNationTotals
0x541cd0|1.0|TRemoteMinor::`scalar deleting destructor'
0x541d00|0.0|TRemoteMinor::~TRemoteMinor
0x541d70|1.0|TRemoteMinor::GetRuntimeClass
0x541d90|1.0|TRemoteMinor::SetNationSelectedRegionAndMapCellLabel
0x541f60|0.25|WrapperFor_ftol_At00541f60
0x5420a0|1.0|NetMessage::DestinateToGP
0x5420d0|1.0|NetMessage::DestinateTo
0x542120|1.0|TimelyNetMessagePrefix::SetTimeEmitPacketGameFlowTurnId
0x5421a0|0.2857142857142857|FindActiveNationSlotIndexInGameFlowList
0x5424b0|1.0|TCancelGameOptionsCommand::CreateObject
0x542520|0.16666666666666666|TCancelGameOptionsCommand::DoIt
0x542560|0.9090909090909091|TCancelGameOptionsCommand::`scalar deleting destructor'
0x542590|0.5|DestructCancelGameOptionsCommand
0x5425b0|1.0|TCancelGameOptionsCommand::GetRuntimeClass
0x5425d0|1.0|TMultiplayerMgr::CreateObject
0x542650|1.0|TMultiplayerMgr::GetRuntimeClass
0x542670|0.5528455284552846|TMultiplayerMgr::TMultiplayerMgr
0x5427a0|0.3333333333333333|InitializePointerPairToNull
0x5427c0|0.2222222222222222|FreePointerIfNotNull
0x5427e0|1.0|TMultiplayerMgr::`scalar deleting destructor'
0x542810|0.8686868686868687|TMultiplayerMgr::~TMultiplayerMgr
0x542900|0.7671232876712328|TMultiplayerMgr::InitializeMultiplayerManagerForSessionContext
0x542b10|0.046511627906976744|TMultiplayerMgr::Free
0x542be0|0.00904977375565611|TMultiplayerMgr::ReadFrom
0x542ff0|0.03225806451612903|TMultiplayerMgr::WriteTo
0x5430c0|1.0|TMultiplayerMgr::EnableDiplomacyQueueRoutingAndSetContextField44
0x543120|0.9583333333333334|TMultiplayerMgr::ConfigureTurnResumeStateAndNationMask
0x5431a0|0.7380952380952381|TMultiplayerMgr::ClearTurnResumeNationPendingBitAndMaybeFlushTelemetry
0x543280|0.4340836012861736|TMultiplayerMgr::HandleTurnResumeStateTelemetry
0x5438e0|1.0|TimelyMessageHeader::InitializeEmitEventHeaderWithActiveNation
0x543910|0.3557446808510638|TMultiplayerMgr::HandleDiplomacyTurnEventPacketByCode
0x544540|0.66|TMultiplayerMgr::EnsureGameFlowStateAndPostTurnEvent5E5
0x544630|1.0|TMultiplayerMgr::ResetDiplomacyRuntimeSelectionAndSetModeNada
0x5446a0|0.6486486486486487|TMultiplayerMgr::EmitTurnEvent3Mode18WithActiveNation
0x544720|0.627906976744186|TMultiplayerMgr::EmitTurnEvent10ForFlaggedNationSlots
0x5449b0|0.44036697247706424|BuildTurnEvent2ArraySyncPacketDeltaOrFull
0x544cd0|0.391304347826087|TurnEvent2SyncPacket::ApplyEncodedDeltaPayloadToBufferByMode
0x544e30|0.25|TMultiplayerMgr::DoIdle
0x544e70|0.8541666666666666|TMultiplayerMgr::InitializeProtocolOptionControlFromProvider
0x544f30|1.0|TMultiplayerMgr::ResetGameFlowStateAndPostTurnEvent5DC
0x544fc0|1.0|TMultiplayerMgr::ValidateGameFlowNameAndSelectionContext
0x544ff0|0.8181818181818182|TMultiplayerMgr::ValidateAndPrepareGameFlowNameForDispatch
0x545110|0.6282051282051282|InitializeRuntimeSelectionCredentialsFromProviderAndConnect
0x545290|1.0|TMultiplayerMgr::ResetGameFlowStateAndPostTurnEvent5DCAlt
0x545320|0.6557377049180327|TMultiplayerMgr::ApplyJoinGameSelectionAndPostTurnEvent5E4
0x545480|1.0|TMultiplayerMgr::AssignStringAtB4FromB0AndResetState40
0x5454b0|0.6298342541436464|TMultiplayerMgr::ResetNationStatusSlotsAndInitializeNameControls
0x545660|1.0|TMultiplayerMgr::ResetLocalUiStateAndPostTurnEvent5E5
0x5456a0|0.14814814814814814|ResetDialogContextField40AndEmitTurnEvent3Mode18
0x545730|0.016666666666666666|TMultiplayerMgr::RouteAndProcessDiplomacyTurnStateEventQueue
0x545940|0.43558282208588955|TMultiplayerMgr::ProcessDiplomacyTurnStateEventStateMachine
0x549240|0.6666666666666666|TouchSessionActiveNationId
0x549280|1.0|TMultiplayerMgr::AppendNodeToTurnEventLinkedListAt6C
0x5493c0|0.3516483516483517|TMultiplayerMgr::CreateAndSendTurnEvent11_MapOffsetAndFlags
0x5494b0|0.4090909090909091|TMultiplayerMgr::CreateAndSendTurnEvent12_TwoShorts
0x549540|0.43333333333333335|TMultiplayerMgr::CreateAndSendTurnEvent13_NationAndNineDwords
0x5495e0|0.3673469387755102|TMultiplayerMgr::CreateAndSendTurnEvent20_ShortAndTwoBytes
0x549680|0.3673469387755102|TMultiplayerMgr::CreateAndSendTurnEvent21_ThreeBytes
0x549720|0.4444444444444444|TMultiplayerMgr::CreateAndSendTurnEvent22_ByteAndShort
0x5497b0|0.44660194174757284|TMultiplayerMgr::DispatchTurnEvent1AWithNationActionPayload
0x5498d0|0.05405405405405406|CreateAndSendTurnEvent1B_FiveShortsAndDword
0x5499b0|0.4444444444444444|TMultiplayerMgr::CreateAndSendTurnEvent1C_BoolAndSixShorts
0x549a90|0.0|DispatchTurnEvent31TaggedPayload
0x549ad0|1.0|TMultiplayerMgr::DispatchTurnEventPacketWithCodeAndPayloadBuffer
0x549c60|0.5416666666666666|TMultiplayerMgr::SerializeOrderDataIntoTurnEventByTag
0x549ff0|0.8727272727272727|TMultiplayerMgr::HandleTurnEventCodes28_2E_2F_30_31_32
0x54a340|0.4155844155844156|TMultiplayerMgr::DispatchTaggedGameStateEvent1F20
0x54a410|0.03333333333333333|DispatchTextPairEvent8FromContext
0x54a500|0.5692307692307692|TMultiplayerMgr::PublishTerrainDescriptorAndNotifyOrderListeners
0x54a5e0|0.5038167938931297|TMultiplayerMgr::PublishNationDescriptorAndNotifyOrderListeners
0x54a6d0|0.8315789473684211|TMultiplayerMgr::CreateMilitaryRecruitOrdersForSelectedTerrain
0x54a840|0.7685185185185185|TMultiplayerMgr::CreateCivilianWorkOrdersForSelectedNations
0x54a9d0|1.0|TMultiplayerMgr::IsSpecialNationDialogModeActive
0x54aa10|0.0392156862745098|CreateAndSendTurnEvent0C_Text256AndTwoFlags
0x54ab20|0.4|DispatchTileRedrawInvalidateEvent
0x54abf0|0.1752988047808765|TMultiplayerMgr::DispatchCityRedrawInvalidateEvent
0x54ae90|1.0|NationStateRecordA8::operator=
0x54aff0|0.3333333333333333|TPoseMessageDialog::DoIt
0x54b010|0.9090909090909091|TPoseMessageDialog::`scalar deleting destructor'
0x54b040|0.5|DestructPoseMessageDialogTurnEventPacket
0x54b060|1.0|TPoseMessageDialog::CreateObject
0x54b0d0|1.0|TPoseMessageDialog::GetRuntimeClass
0x54b0f0|0.047619047619047616|DispatchSimpleTurnEventEsopWithParam
0x54b1b0|0.30716723549488056|TMultiplayerMgr::RefreshPoseMessageDialogNationSelectionControls
0x54b4c0|0.6788990825688074|TMultiplayerMgr::DispatchTurnEventCode9WithTwoTextTokens
0x54b5b0|1.0|TMultiplayerMgr::SendTradeBook
0x54b5d0|0.9101123595505618|TMultiplayerMgr::EmitNationDiplomacyNeedStateSnapshotEvent15
0x54b7e0|0.044444444444444446|SetNationStatusCodeForSlotOrActiveAndEmitEvent25
0x54b8c0|0.7407407407407407|TMultiplayerMgr::GetNationStatusCodeForSlotOrActiveNation
0x54b930|0.8923884514435696|TMultiplayerMgr::SetNationStatusAwolByNationIdAndDispatchNotices
0x54bce0|0.6666666666666666|NationStatusEvent25Packet::InitializeNationStatusEvent25PayloadDefaults
0x54bd20|0.7352941176470589|TMultiplayerMgr::ReplaceNationStateForSlotAndRefreshStatus
0x54c480|0.6041666666666666|TMultiplayerMgr::EmitTurnEvent26DiplomacyMatrixSnapshot
0x54c5a0|0.5306122448979592|TMultiplayerMgr::DispatchJoinEmpireModeEventPacket24_27
0x54c630|1.0|TMultiplayerMgr::SetDialogModeTagInitAndInvokeNoOpHook
0x54c660|1.0|TMultiplayerMgr::NoOpCallbackRet4
0x54c680|1.0|TMultiplayerMgr::EmitTacticalCommandPacket
0x54c6a0|1.0|TMultiplayerMgr::EmitTacticalFireCommandPacket
0x54c6e0|1.0|TMultiplayerMgr::ResetNationStatusArraysAndTurnEventContext
0x54c800|0.04|HandleActiveNationAwolTransitionOrRecovery
0x54c8e0|0.7194719471947195|TMultiplayerMgr::EmitTurnEventEAnd9SessionContextPackets
0x54cc00|0.9514563106796117|TMultiplayerMgr::RefreshNationStatusLabelsAndCodesForSlotOrAll
0x54cde0|0.05|CreateAndQueueTurnEventPacketTagPOGC
0x54ce80|0.8200589970501475|TMultiplayerMgr::EmitTurnEvent2CNationStateCompositeForSlot
0x54d1f0|0.6111111111111112|TMultiplayerMgr::EmitTurnEvent19NationStateArraysForSlot
0x54d3d0|0.03389830508474576|CreateAndSendTurnEvent2D_TableRowShortArray
0x54d4e0|1.0|TMultiplayerMgr::TrySaveGameAndMaybeShowFailureDialog
0x54d620|0.25|WrapperFor_ftol_At0054d620
0x54d650|0.4897959183673469|TLoungeDialog::CreateObject
0x54d6d0|1.0|TLoungeDialog::GetRuntimeClass
0x54d6f0|0.14285714285714285|TLoungeDialog::Free
0x54d730|0.5783783783783784|TLoungeDialog::DoPostCreate
0x54db40|0.015873015873015872|TLoungeDialog::DoIdle
0x54dfc0|0.0|TryInvokeNationStateReplacementForSlot
0x54e1f0|0.1827956989247312|TLoungeDialog::HandleEvent
0x54e4c0|1.0|TLoungeDialog::RefreshMapAndMessageControlsForCurrentContext
0x54e690|0.4897959183673469|TJoinSelectorDialog::CreateObject
0x54e710|1.0|TJoinSelectorDialog::GetRuntimeClass
0x54e730|1.0|TJoinSelectorDialog::DoPostCreate
0x54e8e0|1.0|TJoinSelectorDialog::AddJoinableGameOptionEntry
0x54e970|1.0|TJoinSelectorDialog::GetSelectedJoinableGame
0x54e9a0|1.0|TJoinSelectorDialog::HandleEvent
0x54ea30|0.5818181818181818|TMadnessButton::CreateObject
0x54ead0|1.0|TMadnessButton::GetRuntimeClass
0x54eaf0|1.0|TMadnessButton::DoPostCreate
0x54eb30|0.03333333333333333|TMadnessButton::OrphanCallChain_C4_I45_00571d40
0x54ec20|0.4897959183673469|TMultiMessagePicture::CreateObject
0x54eca0|1.0|TMultiMessagePicture::GetRuntimeClass
0x54ecc0|0.018867924528301886|TMultiMessagePicture::HandleEvent
0x54efb0|0.25|WrapperFor_ftol_At0054efb0
0x54f110|0.2846153846153846|BuildMapOrderBattleSideSnapshot
0x54f340|0.35714285714285715|RefreshMapOrderBattleSideSnapshot
0x54f460|1.0|TShip::CreateObject
0x54f4e0|1.0|TShip::GetRuntimeClass
0x54f500|0.9523809523809523|TShip::TShip
0x54f5c0|0.9090909090909091|TShip::`scalar deleting destructor'
0x54f5f0|0.1111111111111111|TShip::DestructTShip
0x54f640|0.2564102564102564|TShip::Free
0x54f8e0|0.45614035087719296|CreateNavyPrimaryOrderNodeAndAssignDisplayName
0x54fab0|1.0|TShip::WriteTo
0x54fb50|0.5714285714285714|TShip::ReadFrom
0x54fbf0|0.711864406779661|RegenerateNavyPrimaryOrderDisplayNameUntilUnique
0x54fd50|0.6292134831460674|RecomputeGlobalCapabilityAverages
0x54fee0|1.0|GetNavyContextPointerFromGlobalTableByIndex
0x54ff00|0.6108374384236454|TShip::ComputeNavyOrderPriorityContributionPercentByCategory
0x550090|0.6356589147286822|GetNormalizedIndustryActionResourceCostPercent
0x5501b0|0.46296296296296297|TShip::CalculateMissionOrderPriorityScore
0x550370|0.6153846153846154|TShip::AdjustMapOrderNodeStatCapped499
0x5503a0|0.5050505050505051|TShip::GetOrCreateMissionOrderEntryForNode
0x550510|0.75|TShip::GetOrderNodeDescriptorWord20ByResourceType
0x550550|0.6875|TShip::ComputeOrderNodeDistanceQuotientByDescriptorWord24
0x5505a0|0.5|GetNavyOrderNormalizationBaseByResourceType
0x5505c0|1.0|GetNavyPrimaryOrderListHead
0x550610|1.0|TShip::GetIndexInPrimaryOrderList
0x550640|1.0|GetNavyPrimaryOrderNodeByIndex
0x550670|0.7124463519313304|TShip::SelectPreferredMapOrderEntryByPriorityRules
0x550820|0.75|TShip::GetOrderNodeDescriptorWord0CByResourceType
0x550840|0.2727272727272727|TShip::ComputeOrderNodeDerivedScoreFromQuantityAndWord18
0x550970|1.0|GetIndustryActionCostWeightByResourceType
0x5509c0|0.7575757575757576|TShip::PruneOrPromoteOrderNodeWhenChildCostDepleted
0x550aa0|0.5773195876288659|TShip::ComputeMapOrderEntryHeuristicScore
0x550b60|0.6804123711340206|TShip::ComputeOrderNodeCompositeEconomicScore
0x550c20|0.6142857142857143|FormatLocalizedCommodityCountLabelByIndex
0x550d80|1.0|GetResourceTypeRandomDrawBlockFlag
0x550db0|0.75|GetResourceDescriptorWord0CByType
0x550de0|0.75|GetResourceDescriptorWord10ByType
0x550e10|0.75|GetResourceDescriptorWord14ByType
0x550e40|0.75|GetResourceDescriptorWord18ByType
0x550e70|0.75|GetResourceDescriptorWeightWord0ByType
0x550ea0|0.75|GetResourceDescriptorWord20ByType
0x550ed0|0.75|GetResourceDescriptorWeightWord1ByType
0x550f30|1.0|GetResourceDescriptorWord08ByTypeOffset
0x550f60|0.0|InvokeOrderNodeOwnerVfunc38
0x550f80|1.0|TShip::DecrementRequiredCount
0x550ff0|0.5112781954887218|TShip::RemoveNode
0x551100|0.8028169014084507|TShip::ReassignOrderNodeNationAndRebindParentCounters
0x551220|1.0|TShip::SetOwnerOrderEntryAndCacheType
0x5512d0|0.3018867924528302|TAdmiral::CreateObject
0x551410|1.0|TAdmiral::GetRuntimeClass
0x551430|0.7851851851851852|TAdmiral::TAdmiral
0x551550|1.0|TAdmiral::`scalar deleting destructor'
0x551580|0.9696969696969697|TAdmiral::~TAdmiral
0x5515d0|0.6046511627906976|TAdmiral::Free
0x551670|0.8421052631578947|TAdmiral::WriteTo
0x551700|0.7005649717514124|TAdmiral::ReadFrom
0x551850|0.7291666666666666|TAdmiral::SelectNavyPrimaryOrderByNationAndRecomputePreferredChild
0x5519d0|1.0|FindCumulativeWeightBucketIndex
0x551a00|0.0|AccumulateRandomizedNavyOrderResourceDeltasByNationAndOwner
0x551be0|0.006289308176100629|BuildNavyOrderResourceDeltaSummaryText
0x552250|0.8543689320388349|TAdmiral::SetTaskForcePrimaryOrderLinkAndRefreshChildBacklinks
0x552336|0.0|OrphanRecovered_00552336_SelectPreferredOrderLoop
0x552340|0.0|ObjectPool::OrphanRecovered_00552340_OverlappingStub
0x552349|0.0|RecomputeNavyOrderSelectionPriorityChain_00552349
0x552450|0.7692307692307693|TAdmiral::RemoveDuplicateNavySecondaryOrdersByDisplayName
0x552510|0.6153846153846154|TMapOrderChildLinkNode::FindNodeMatching
0x552590|1.0|TMapOrderChildLinkNode::DeleteMapOrderChildLinkAndReturnNext
0x5525d0|1.0|RemoveLinkedOrderNodeByValueRecursive
0x552650|1.0|TMapOrderChildLinkNode::CreateLinkedOrderNode
0x5526e0|0.7789473684210526|TMapOrderChildLinkNode::PruneDefeatedMapOrderChildrenAndReturnHead
0x552770|0.25|TTaskForce::CreateObject
0x5527e0|1.0|TTaskForce::GetRuntimeClass
0x552800|0.7222222222222222|TTaskForce::TTaskForce(int, short)
0x552870|1.0|TTaskForce::`scalar deleting destructor'
0x5528a0|1.0|TTaskForce::~TTaskForce
0x5528c0|1.0|TTaskForce::NoOpTaskForceInitSlot
0x5528e0|0.7142857142857143|TTaskForce::RelinkMapOrderQueueNodeBetween
0x552930|0.5205479452054794|TTaskForce::Free
0x552a70|0.024390243902439025|TTaskForce::RemoveTaskForceOrderNodesByNationAndClearSelectionState
0x552b90|0.611764705882353|TTaskForce::WriteTo
0x552d10|0.5988372093023255|TTaskForce::ReadFrom
0x552f60|1.0|TTaskForce::ResetOrderTypeAndStrengthDword
0x552f80|0.6572769953051644|TTaskForce::SetMapOrderType9AndQueue
0x5530f0|0.6517857142857143|TTaskForce::SetMapOrderType3Or4AndQueue
0x5533f0|0.375|TTaskForce::PromoteMapOrderChainAndQueue
0x5536c0|0.6697247706422018|TTaskForce::SetMapOrderType6AndQueue
0x553840|0.6697247706422018|TTaskForce::SetMapOrderType5AndQueue
0x5539c0|1.0|TTaskForce::RefreshTaskForceSelectionFlagsForCurrentNationOrders
0x553a50|1.0|TTaskForce::ApplyTaskForceSelectionModeForCurrentNationOrders
0x553b10|0.41379310344827586|TTaskForce::HasNoMapOrderEntryChildrenQueued
0x553b50|0.5454545454545454|TTaskForce::HasActiveMapOrderEntryChildren
0x553bc0|0.6536585365853659|TTaskForce::FindOrCreateChildOrderLink
0x553d40|0.02857142857142857|ObjectPool::RemoveTaskForceOrderNodeById
0x553e30|1.0|TTaskForce::RecomputeMapOrderChildAggregateMetric
0x553f10|0.7652173913043478|TTaskForce::RebuildMapOrderEntryChildren
0x553fe0|0.7777777777777778|TTaskForce::PruneInactiveTaskForceOrderHead
0x5540b0|0.0|TScatteredShipsMission::ApplyMapOrderTypeAndQueue
0x554300|0.5416666666666666|TTaskForce::ResolveMapOrderCommandFromActionContext
0x554460|0.8125|TTaskForce::ResolveMapOrderCommandFromProvinceContext
0x554590|0.5822784810126582|TTaskForce::CanQueueMapOrderForProvinceContext
0x554660|0.9026548672566371|TTaskForce::RequeueMapOrderEntry
0x5547d0|0.02702702702702703|CancelMapOrderEntryAndRestoreActive
0x5548e0|0.9565217391304348|TTaskForce::RecomputeTaskForceAverageOrderScore
0x554930|0.5555555555555556|TTaskForce::SetTaskForceOrderSelectionByNationClassAndFlag
0x5549a0|1.0|TTaskForce::SetTaskForceOrderSelectionByNodeId
0x554a30|0.95|TTaskForce::CountTaskForceSelectedOrdersByNationClass
0x554a80|0.9565217391304348|TTaskForce::GetMinActionThresholdFromEntryChildren
0x554ad0|0.8275862068965517|TTaskForce::CalculateMapOrderEntryAverageChildRatingX10
0x554b20|0.022727272727272728|BuildTaskForceOrderBreakdownSummaryText
0x554c90|1.0|TTaskForce::BuildTaskForceSelectionOverlayLabelText
0x554e70|0.0|TToolBarCluster::BuildNavyOrderStatusLineText
0x555090|0.3829787234042553|TTaskForce::PruneNavyOrderIfUnserviceableOrNoChildren
0x5551d0|0.0|BuildTaskForcePrimaryObjectiveDescriptionText
0x555420|0.5546666666666666|TTaskForce::ResolveTaskForceOrderConflictAndPickCandidate
0x555720|0.24899598393574296|TTaskForce::ShouldAttemptMapOrderPairResolution
0x555920|0.39009287925696595|TTaskForce::TryMarkLosingMapOrderEntryFromForceBalance
0x555c20|0.5945945945945946|TTaskForce::ComputeTaskForceOrderTieBreakScore
0x555d10|0.3404255319148936|TTaskForce::TryResolveMapOrderEntryPairExecution
0x555de0|0.09210526315789473|TTaskForce::IsTaskForceOrderMixWithinPriorityThresholds
0x556010|0.2|TTaskForce::ComputeTaskForceOrderAggregateScore
0x556100|0.8117647058823529|TTaskForce::ApplyMapOrderTypeExecutionEffects
0x5562c0|0.8461538461538461|TTaskForce::GetMapOrderEntryChildCount
0x5563d0|1.0|TTaskForce::GetNavyOrderRankWithinNationBucket
0x556410|0.5686274509803921|TTaskForce::UpdateNavyOrderMapMarkerByOrderType
0x5564f0|0.8|TTaskForce::ClearNavyOrderMapMarker
0x556530|0.32432432432432434|TNavyMgr::CreateObject
0x556570|1.0|TNavyMgr::GetRuntimeClass
0x556590|1.0|TNavyMgr::TNavyMgr
0x5565c0|1.0|TNavyMgr::`scalar deleting destructor'
0x5565f0|1.0|TNavyMgr::~TNavyMgr
0x556610|0.7123287671232876|TNavyMgr::INavyMgr
0x5567a0|0.05405405405405406|TNavyMgr::Free
0x556820|1.0|TTaskForce::DestroyNavyOrderAndChildren
0x556850|0.06666666666666667|ResetNavyOrderListsAndManagerOwner
0x5568c0|0.14285714285714285|TNavyMgr::WriteTo
0x5568f0|0.78125|TNavyMgr::SerializeNavyOrderListsByNation
0x556aa0|0.14285714285714285|TNavyMgr::ReadFrom
0x556ad0|0.6381461675579323|TNavyMgr::DeserializeNavyOrderListsByNation
0x556f60|0.0|CancelNationOrdersAndResetPrimaryFlags
0x556fd0|0.48|TNavyMgr::ResetPrimaryOrderActiveFlagsAndClearManagerState
0x557040|1.0|TNavyMgr::ClearAllTransientOrders
0x557080|0.7058823529411765|TNavyMgr::MoveMapOrderEntryToQueueHeadIfValid
0x557170|0.35789473684210527|TNavyMgr::ComputeAggregateWeightedChildCostForMatchingType5NavyOrders
0x557210|0.2826086956521739|TNavyMgr::RemoveOrdersByNationFromPrimarySecondaryAndTaskForceLists
0x5572d0|0.9302325581395349|GetEnabledIndustryCapabilitySlotByClass
0x557320|0.04878048780487805|BuildNavyOrderPromptTextByLocalizationMode
0x5573f0|0.0|CreateNavySecondaryOrderEntryAndDeduplicateDisplayName
0x557560|0.9866666666666667|RevalidateAndRequeueMapOrdersForTurn
0x5577b0|0.7333333333333333|TNavyMgr::PrepareMapOrdersForExecutionPhase
0x557870|1.0|TTaskForce::ClearMapOrderProcessedFlagsChain
0x5578a0|0.44594594594594594|TNavyMgr::ResolveMapOrderChainsForTurnPhase
0x557e10|0.6078431372549019|TNavyMgr::UpdateType7NavyOrderChildSelectionByChanceThreshold
0x557f10|0.20558659217877095|TNavyMgr::SelectEligibleMapOrderInteractionForNationAndContext
0x558860|0.7126436781609196|TZonePrimaryNeighborStretch::EnsureSlotAllocatedAndReturnPointer
0x558960|0.0847457627118644|TNavyMgr::ProcessNationMapOrderInteractionsAndApplyOutcomes
0x559a70|0.3867403314917127|GetMapContextActionCode
0x559dd0|0.6666666666666666|TNavyMgr::GetMapContextActionLabelTokenByActionCode
0x559e00|0.39464882943143814|TNavyMgr::GetMapContextActionLabelToken
0x55a020|0.6557377049180327|TNavyMgr::TryHandleMapContextAction
0x55a160|0.41604010025062654|TNavyMgr::TryQueueMapOrderFromTileAction
0x55a780|0.11241217798594848|TNavyMgr::ResolveMapOrderPairConflictStep
0x55b640|0.25|WrapperFor_ftol_At0055b640
0x55b670|1.0|TNewsMgr::CreateObject
0x55b6a0|0.9090909090909091|TNewsMgr::`scalar deleting destructor'
0x55b6d0|0.5|ResetTNewsMgrToSentinelVtable
0x55b6f0|1.0|TNewsMgr::GetRuntimeClass
0x55b710|0.5689655172413793|TNewsMgr::InitializeInterNationEventQueueManager
0x55b820|1.0|TNewsMgr::Free
0x55b8a0|1.0|TNewsMgr::ReadFrom
0x55b8c0|1.0|TNewsMgr::WriteTo
0x55b8e0|0.7975460122699386|TNewsMgr::StartNewsPhase
0x55ba10|1.0|TLanguageMgr::GetNewsTexPath
0x55ba30|0.45263157894736844|TNewsMgr::LoadNewsTable
0x55bbf0|1.0|TLanguageMgr::GetNewsTabPath
0x55bc10|0.5684647302904564|TNewsMgr::CreateNewspaper
0x55c010|0.2482638888888889|TNewsMgr::CreateEventStories
0x55c970|0.4482758620689655|TNewsMgr::QueueInterNationEventIntoNationBucket
0x55c9f0|0.48905109489051096|TNewsMgr::QueueInterNationEventRecordDeduped
0x55cbd0|0.3699421965317919|TNewsMgr::QueueInterNationEventType0FWithBitmaskMerge
0x55cd00|0.6486486486486487|TNewsMgr::QueueInterNationEventType11
0x55cda0|0.5865384615384616|TNewsMgr::AddOrUpdateBilateralActionRelationEntry
0x55d160|0.4897959183673469|TNewspaperView::CreateObject
0x55d1e0|1.0|TNewspaperView::GetRuntimeClass
0x55d200|0.6301369863013698|TNewspaperView::BuildInterNationEventSummaryRowsForAdvisorDialog
0x55d910|0.75|TNewspaperView::FormatInterNationEventRowTokensToSharedStrings
0x55da80|0.9454545454545454|TNewspaperView::BuildLocalizedTokenListFromBitmaskWithConjunction
0x55dcd0|0.9383886255924171|TNewspaperView::BuildLocalizedNationListFromBitmaskWithConjunction
0x55de90|0.0|AssignLocalizedIndexedNameFromA8Entry
0x55df50|0.5087108013937283|TNewspaperView::AppendInterNationEventSummaryTextEntry
0x55e330|0.25|WrapperFor_ftol_At0055e330
0x55e360|0.7329192546583851|TMapMgr::StepHexTileIndexByDirectionWithWrapRules
0x55e550|0.543046357615894|TMapMgr::StepHexRowColByDirectionWithWrapRules
0x55e660|1.0|TZone::CreateObject
0x55e6e0|1.0|TZone::GetRuntimeClass
0x55e700|0.7166666666666667|TZone::TZone
0x55e820|1.0|TZone::QueryZoneCapabilityFlagA
0x55e840|1.0|TZone::QueryPortZoneCapability
0x55e860|1.0|TZone::QueryZoneCapabilityFlagC
0x55e880|1.0|TZone::QueryZoneCapabilityFlagD
0x55e8a0|1.0|TZone::QueryZoneCapabilityFlagE
0x55e8c0|1.0|TZone::HasZoneActiveChildCount
0x55e8e0|0.7384615384615385|TZonePrimaryNeighborStretch::GetOrAppendUnique
0x55e9c0|0.7384615384615385|TZoneSecondaryNeighborStretch::GetOrAppendUnique
0x55ead0|0.6956521739130435|TZonePrimaryNeighborStretch::Add
0x55eba0|0.6956521739130435|TZoneSecondaryNeighborStretch::Add
0x55ec60|0.84|TZone::Free
0x55ed20|0.32142857142857145|TZone::ReadFrom
0x55eff0|1.0|TZone::WriteTo
0x55f070|1.0|TZone::AssignZoneDisplayNameToOutputRef
0x55f090|1.0|TZone::AssignZoneDisplayNameAliasToOutputRef
0x55f0b0|1.0|TZone::GetContextOrdinalOrInvalid
0x55f100|0.8484848484848485|FindMapActionContextByNodeId
0x55f140|1.0|TZone::ComputeMapActionContextNodeValueAverage
0x55f300|1.0|TZone::AppendUniquePrimaryNeighbor
0x55f440|0.2823529411764706|TZone::ContainsCityStatePointerInZoneArrayByCityIndex
0x55f4d0|0.676056338028169|TZone::HasSecondaryNeighborWithNationTag
0x55f540|0.3855421686746988|TZone::IsZoneMaskOrArrayEntryPresentForKey
0x55f5c0|0.5726872246696035|TZone::GenerateZoneStatusCodeIfUnset
0x55f780|0.4054794520547945|TZone::GenerateMapActionContextDisplayNameAndHeadline
0x55fae0|0.647887323943662|TZoneSecondaryNeighborStretch::ResizePointerArrayCapacityByRequestedCount
0x55fb60|0.7037037037037037|TZone::SetMapActionContextTargetTileAndRefreshMarkers
0x55fc40|0.3269230769230769|TZone::HandleKeyDown
0x55fe60|0.5|TZone::FindNearestActiveSeaContextTileFromOffset216
0x55fef0|0.46153846153846156|TZone::GetActiveNationSlotTile
0x55ff70|0.39655172413793105|TZone::ScoreCoastalTileForContextAndCityStateAffinity
0x560150|0.5263157894736842|TZone::FindBestCoastalTileForContextAndCityStateByHeuristic
0x560470|0.5373134328358209|TMapMgr::AdvanceSpiralSearchStateAndStepHexCoordinates
0x560580|0.3263157894736842|TZone::SetMapOrderUiFlag
0x5606f0|0.0|BuildMapOrderObjectiveDescriptionTextForNation
0x560970|0.05|GetMapOrderContextPointerForNationAndTarget
0x5609e0|0.9863013698630136|TZone::CreateTaskForceFromNavyOrdersForNationIfEligible
0x560b00|0.7047619047619048|TZone::CanDisplayMapOrderEntryInCurrentContext
0x560ba0|0.0|ExpandTaskForceTraversalDepthAndMarkDeferredNodes
0x560e20|0.2222222222222222|ResetMapActionContextActivityAndNationFlags
0x560e70|0.4027777777777778|TZone::SelectBestPrimaryNeighborForNationDiplomacyMask
0x560f80|0.36065573770491804|TZone::PropagateMapActionContextDistanceLevelsRecursive
0x5610b0|0.2074074074074074|TZone::GetCachedMapActionContextDistanceOrRecompute
0x561300|0.647887323943662|TZonePrimaryNeighborStretch::EnsureCapacityAtLeast
0x561400|0.6666666666666666|TZone::BuildNationBitmaskForActiveType3Or4OrdersIncludingNation
0x561490|0.7058823529411765|TZone::BuildNationBitmaskForActiveType3Or4Orders
0x561510|0.5970149253731343|TZone::HasDiplomaticallyRelatedNationInActiveType3Or4OrderMask
0x5615e0|1.0|TPortZone::CreateObject
0x561660|1.0|TPortZone::QueryZoneCapabilityFlagA
0x561680|1.0|TPortZone::QueryPortZoneCapability
0x5616a0|1.0|TPortZone::QueryZoneCapabilityFlagC
0x5616c0|1.0|TPortZone::`scalar deleting destructor'
0x5616f0|0.0|TPortZone::~TPortZone
0x5617d0|1.0|TPortZone::GetRuntimeClass
0x5617f0|0.125|TPortZone::ReadFrom
0x561820|0.041666666666666664|TPortZone::WriteTo
0x5618b0|0.030303030303030304|TPortZone::GenerateMapActionContextDisplayNameAndHeadline
0x5619e0|0.9433962264150944|TZone::ResolvePortZoneOwnerContextAndDispatch
0x561a70|0.046511627906976744|TPortZone::Free
0x561b10|0.16666666666666666|TPortZone::QueryZoneCapabilityFlagD
0x561b50|0.11764705882352941|TPortZone::QueryZoneCapabilityFlagE
0x561b90|1.0|TZone::GetPortZoneOwnerNationCodeFromMissionField48
0x561bf0|0.6666666666666666|TZone::FindPortZoneByTile
0x561c80|1.0|TZone::GetFirstPortZone
0x561d40|1.0|TZone::GetNextPortZone
0x561dc0|0.0625|TPortZone::HasZoneActiveChildCount
0x561e40|0.011363636363636364|TPortZone::FindNearestActiveSeaContextTileFromOffset216
0x5620c0|0.0|ReallocatePortZoneContextArrayBuffer
0x562100|1.0|TOcean::CreateObject
0x562140|0.9090909090909091|TOcean::`scalar deleting destructor'
0x562170|0.5|ResetTPortZoneManagerToSentinelVtable
0x562190|1.0|TOcean::GetRuntimeClass
0x5621b0|1.0|ResetPortZoneGlobalContextCounters
0x5621e0|0.020618556701030927|TOcean::Free
0x562340|0.006514657980456026|TOcean::ReadFrom
0x5627a0|0.9583333333333334|TZone::~TZone
0x562880|1.0|TZone::`vector deleting destructor'
0x5628f0|0.012422360248447204|TOcean::WriteTo
0x562af0|0.7785234899328859|RelaxMapTileCostFieldByNeighborTerrain
0x562c00|0.02|SelectBestSeedTileForNationFromCostField
0x562d90|0.6237623762376238|TOcean::InitializeMapActionContextsForNationCountUsingCostField
0x562f20|0.514745308310992|TOcean::RefreshMapActionContextNationOverlaysAndOrderRanks
0x563220|1.0|RegenerateAllMapActionContextStatusCodes
0x563300|1.0|TOcean::GetMapActionContextEntryByNationCodeOffset17
0x563330|1.0|TOcean::GetMapActionContextEntryByIndex
0x563360|1.0|GetProvinceByTileIndex
0x5633b0|0.21505376344086022|TOcean::GetLinkedZoneForSeaTile
0x5634a0|0.8163265306122449|TOcean::FindPortZoneBySelectedTile
0x563540|0.4117647058823529|TOcean::FindFirstPortZoneContextByNation
0x5635e0|0.3057324840764331|TOcean::EnsurePortZoneForTile
0x563990|0.6147186147186147|TraceTerrainFlowToNearestSeaTile
0x563b70|0.5468164794007491|EvaluateTerrainFlowCrossNationBoundaryToSea
0x563da0|0.6200873362445415|PopulatePortZoneAdjacencyToNearbyCityContexts
0x563f50|0.019801980198019802|RefreshPortZoneNeighborContextLinksAndFallbacks
0x564240|0.6136363636363636|TOcean::RemovePortZoneByTile
0x5642e0|0.6277372262773723|TOcean::FinalizeQueuedMapOrderEntry
0x564400|0.0|HandleNavyOrderNodeRemovalAndSelectionRefresh
0x564530|1.0|TOcean::ComputeGlobalMapActionContextNodeValueAverage
0x564570|1.0|TOcean::FindMapActionContextContainingNodeByIndex
0x564600|1.0|TOcean::EnsureSelectedTaskForceForOrderOwnerAndRefresh
0x5647d0|0.25|WrapperFor_ftol_At005647d0
0x564800|0.2857142857142857|WrapperFor_thunk_MapTurnEventCodeToPaletteIndex_At00564800
0x564830|0.2857142857142857|WrapperFor_thunk_MapTurnEventCodeToPaletteIndex_At00564830
0x564860|0.5818181818181818|TMilitaryPageView::CreateObject
0x564900|1.0|TMilitaryPageView::GetRuntimeClass
0x564920|1.0|TMilitaryPageView::TMilitaryPageView
0x564950|0.9090909090909091|TMilitaryPageView::`scalar deleting destructor'
0x5649a0|0.6153846153846154|TMilitaryPageView::DoPostCreate
0x564a10|1.0|TMilitaryPageView::AfterStuffValues
0x564a60|0.3939393939393939|TMilitaryPageView::PrepareUnitCache
0x564bf0|0.0|TMilitaryPageView::Close
0x564c30|0.48484848484848486|TNavyRoster::CreateObject
0x564d00|1.0|TNavyRoster::GetRuntimeClass
0x564d20|0.9333333333333333|TNavyRoster::TNavyRoster
0x564d70|0.9090909090909091|TNavyRoster::`scalar deleting destructor'
0x564dc0|0.018691588785046728|TNavyRoster::StuffValues
0x564f90|0.9090909090909091|TShipLine::`scalar deleting destructor'
0x564fc0|0.5|WrapperFor_FreeHeapBufferIfNotNull_At00564f90_Impl
0x564fe0|0.5454545454545454|TNavyRoster::Close
0x565030|0.4897959183673469|TShipLine::CreateObject
0x5650a0|1.0|TShipLine::GetRuntimeClass
0x565100|0.012987012987012988|TShipLine::CreateLineItemView
0x5653b0|0.9090909090909091|TShipView::`scalar deleting destructor'
0x565400|0.4897959183673469|TShipView::CreateObject
0x565470|1.0|TShipView::GetRuntimeClass
0x5654e0|0.7031963470319634|TShipView::ApplyRectSlot110
0x5658d0|0.5780346820809249|TShipView::HandleEvent
0x565a40|0.6746031746031746|TShipView::RunEngineerOrderNameEditDialogAndApply
0x565d20|0.813953488372093|ComputeWrappedIsometricScreenOffsetFromTile
0x565db0|0.5161290322580645|TOceanDialog::CreateObject
0x565e70|1.0|TOceanDialog::GetRuntimeClass
0x565e90|1.0|TOceanDialog::TOceanDialog
0x565ee0|0.9090909090909091|TOceanDialog::`scalar deleting destructor'
0x565f50|1.0|TOceanDialog::DoPostCreate
0x565f80|0.0|InvalidateMapRegionForOrderEntry
0x565fc0|0.8235294117647058|TOceanDialog::InvalidateTile
0x566060|0.45|TOceanDialog::ComputeTileClassBoundsInViewport
0x5661d0|0.028985507246376812|TOceanDialog::ComputeWrappedMapCellAndRegionBandFromScreenCoord
0x5663c0|0.0|Helper_Uses_thunk_DrawCenteredGuideLineOnMapDc_At005663c0
0x5665e0|0.021052631578947368|TOceanDialog::RenderStrategicTileSelectionAndNeighborHighlights
0x566750|0.045454545454545456|TOceanDialog::OrphanRetStub_005966c0
0x5667f0|0.0015313935681470138|TOceanDialog::ApplyRectSlot110
0x567fa0|0.024390243902439025|TOceanDialog::RenderMapOrderEntryTilePreview
0x568120|0.02040816326530612|TOceanDialog::RenderTacticalStackCountIndicatorAndUnitBadge
0x5682d0|0.009569377990430622|TOceanDialog::RenderMapDialogTerrainOverlayFrameByTileOwner
0x568640|0.04878048780487805|TOceanDialog::ForwardProjectTileIndexToWrappedScreenOffsetByScale
0x5687b0|0.04878048780487805|TOceanDialog::OrphanLeaf_NoCall_Ins02_005966e0
0x5688d0|0.029411764705882353|TOceanDialog::SetMapViewCellCoordinates
0x5689f0|0.45454545454545453|TOceanDialog::CenterOn
0x568a40|0.9285714285714286|TOceanDialog::ApplyDirectionalNudgeAndRefreshDisplay
0x568ab0|0.85|TOceanDialog::ComputeWrappedTileIndexFromObjectOffset7C7E
0x568b20|0.4897959183673469|TDisappearingButton::CreateObject
0x568ba0|1.0|TDisappearingButton::GetRuntimeClass
0x568bc0|1.0|TDisappearingButton::TDisappearingButton
0x568bf0|0.9090909090909091|TDisappearingButton::`scalar deleting destructor'
0x568c40|0.08|TDisappearingButton::HiliteState
0x568c90|0.1|TDisappearingButton::OrphanCallChain_C2_I18_00568c90
0x568cd0|0.4897959183673469|TShipFractionCluster::CreateObject
0x568d50|1.0|TShipFractionCluster::GetRuntimeClass
0x568d70|0.7012987012987013|TShipFractionCluster::DoPostCreate
0x568eb0|0.6947368421052632|TShipFractionCluster::HandleEvent
0x568f90|0.7484662576687117|TShipFractionCluster::SetAvailableAndSelectedShipCounts
0x5690d0|0.0|WrapperFor_thunk_SetTaskForceOrderSelectionByNationClassAndFlag_At005690d0
0x569150|0.0|WrapperFor_thunk_SetTaskForceOrderSelectionByNationClassAndFlag_At00569150
0x5691d0|0.4897959183673469|TShipPlacard::CreateObject
0x569250|1.0|TShipPlacard::GetRuntimeClass
0x569270|1.0|TShipPlacard::TShipPlacard
0x5692a0|0.9090909090909091|TShipPlacard::`scalar deleting destructor'
0x5692f0|1.0|TShipPlacard::ApplyRectSlot110
0x569430|0.4897959183673469|TNavyToolbarCluster::CreateObject
0x5694b0|1.0|TNavyToolbarCluster::GetRuntimeClass
0x5694d0|1.0|TNavyToolbarCluster::TNavyToolbarCluster
0x569500|0.9090909090909091|TNavyToolbarCluster::`scalar deleting destructor'
0x569550|0.4578313253012048|TNavyToolbarCluster::HandleEvent
0x5696d0|0.5|TNavyToolbarCluster::IsTradeControlAtMinimum
0x5696f0|0.029850746268656716|TNavyToolbarCluster::SetSelectedChildTagAndRefresh
0x5697d0|0.5714285714285714|TSuperNavyRoster::CreateObject
0x569870|0.9090909090909091|TSuperNavyRoster::`scalar deleting destructor'
0x5698c0|1.0|TSuperNavyRoster::GetRuntimeClass
0x5698e0|0.2903225806451613|TSuperNavyRoster::PopulateNavyOrderPageEntriesByMapContext
0x569b60|0.9090909090909091|TMiniShipLine::`scalar deleting destructor'
0x569b90|0.5|DestructTSuperNavyRosterAndMaybeFree_Impl
0x569bb0|0.4897959183673469|TMiniShipLine::CreateObject
0x569c20|1.0|TMiniShipLine::GetRuntimeClass
0x569c80|0.6292134831460674|TMiniShipLine::CreateLineItemView
0x569d50|0.6666666666666666|TMiniShipView::OrphanRetStub_00569d50
0x569d70|0.9090909090909091|TMiniShipView::`scalar deleting destructor'
0x569dc0|0.4897959183673469|TMiniShipView::CreateObject
0x569e40|1.0|TMiniShipView::GetRuntimeClass
0x569eb0|0.5398773006134969|TMiniShipView::ApplyRectSlot110
0x56a330|0.06060606060606061|TMiniShipView::BeginMouseCaptureAndStartRepeatTimer
0x56a4e0|0.25|WrapperFor_ftol_At0056a4e0
0x56a510|0.4897959183673469|TGamePreferencesPicture::CreateObject
0x56a590|1.0|TGamePreferencesPicture::GetRuntimeClass
0x56a5b0|0.00398406374501992|TGamePreferencesPicture::DoPostCreate
0x56ae10|0.14093959731543623|TGamePreferencesPicture::HandleEvent
0x56af74|0.05|HandleOptionsTagApplyFragmentAndMaybePostTurnEvent5DC
0x56b021|0.0|HandleOptionsTagAudioRefreshFragmentAndMaybePostTurnEvent5DC
0x56b210|0.4897959183673469|TFlagOptionsPicture::CreateObject
0x56b290|1.0|TFlagOptionsPicture::GetRuntimeClass
0x56b2b0|0.5577889447236181|TFlagOptionsPicture::HandleEvent
0x56b640|0.9230769230769231|TFlagOptionsPicture::DoPostCreate
0x56b780|0.4897959183673469|TGameInfoPicture::CreateObject
0x56b800|0.9090909090909091|TGameInfoPicture::`scalar deleting destructor'
0x56b850|1.0|TGameInfoPicture::GetRuntimeClass
0x56b870|1.0|TGameInfoPicture::DoPostCreate
0x56b9b0|0.016|TGameInfoPicture::HandleEvent
0x56bbd0|0.48484848484848486|TLoadSavePicture::CreateObject
0x56bca0|1.0|TLoadSavePicture::GetRuntimeClass
0x56bcc0|0.009787928221859706|TLoadSavePicture::DoPostCreate
0x56c740|0.2974559686888454|TLoadSavePicture::RefreshSlotPreviewFromSaveFile
0x56cd10|0.579476861167002|TLoadSavePicture::HandleEvent
0x56d190|0.10526315789473684|TLoadSavePicture::HandleTurnFlowStateTickOrPostTurnEvent5DC
0x56d1e0|0.038461538461538464|TLoadSavePicture::ForwardParam
0x56d2a0|0.7349081364829396|TLoadSavePicture::HandleSaveGameSlotSelectionAndPromptFlow
0x56d5c0|1.0|BuildSharedStringFromMappedFlavorTextIndex
0x56d660|1.0|BuildSavePathStringForMode
0x56d7d0|1.0|ReadScenarioIndexFromSaveHeader
0x56d840|0.03361344537815126|LoadAndFormatMappedFlavorTextRecordsFromStream
0x56da50|0.9731663685152058|SaveGameWithModeAndOptionalLabel
0x56df40|0.8846153846153846|BuildSaveSlotPathAndProbeMetadata
0x56e120|0.5161290322580645|TTwoPicSlider::CreateObject
0x56e1e0|0.5|TTwoPicSlider::GetRuntimeClass
0x56e200|0.6|TTwoPicSlider::InitializePictureSurfaces
0x56e2f0|1.0|TTwoPicSlider::Free
0x56e370|0.5806451612903226|TTwoPicSlider::ApplyRectSlot110
0x56e640|0.5688073394495413|TTwoPicSlider::DispatchPictureResourceCommand
0x56e840|0.4897959183673469|TQueryFloater::CreateObject
0x56e8c0|1.0|TQueryFloater::GetRuntimeClass
0x56e8e0|0.7906976744186046|TQueryFloater::DoPostCreate
0x56ea20|0.6161879895561357|TQueryFloater::HandleEvent
0x56edb0|0.4897959183673469|TCreditsPicture::CreateObject
0x56ee30|1.0|TCreditsPicture::GetRuntimeClass
0x56ee50|0.6878980891719745|TCreditsPicture::DoPostCreate
0x56efc0|0.8629441624365483|TCreditsPicture::HandleEvent
0x56f190|1.0|TCreditsPicture::ApplyRectSlot110
0x56f330|0.25|WrapperFor_ftol_At0056f330
0x56f360|0.42424242424242425|TLineData::CreateObject
0x56f390|1.0|TLineData::GetRuntimeClass
0x56f3b0|1.0|TLineData::TLineData
0x56f3d0|0.9090909090909091|TLineData::`scalar deleting destructor'
0x56f400|0.5|DestructTLineDataAndMaybeFree_Impl
0x56f420|1.0|TLineData::SetLineDataRowAndBounds
0x56f460|1.0|TLineData::CreateLineItemView
0x56f480|0.6666666666666666|TLineData::OrphanRetStub_0056f480
0x56f4a0|0.5714285714285714|TBook::CreateObject
0x56f540|1.0|TBook::GetRuntimeClass
0x56f560|1.0|TBook::DoPostCreate
0x56f5e0|0.26153846153846155|TBook::HandleEvent
0x56f6c0|0.8|TBook::UpdatePagedListNavigationButtonState
0x56f7b0|0.4897959183673469|TPageCorner::CreateObject
0x56f830|1.0|TPageCorner::GetRuntimeClass
0x56f850|0.04878048780487805|TPageCorner::DispatchUiMouseMoveToChildren
0x56f8e0|0.5517241379310345|TPageView::CreateObject
0x56f9a0|1.0|TPageView::GetRuntimeClass
0x56f9c0|1.0|TPageView::TPageView
0x56fa00|0.9090909090909091|TPageView::`scalar deleting destructor'
0x56fa50|0.5222929936305732|TPageView::DoPostCreate
0x56fbb0|1.0|TPageView::AddOrderedEntry
0x56fbd0|1.0|TPageView::AddOptionEntry
0x56fbf0|1.0|TPageView::ResetSelectableOptionEntriesExceptColorAndOkay
0x56fc80|0.5317919075144508|TPageView::BuildPageLayout
0x56fdb0|0.301255230125523|TPageView::ShowPage
0x56ff90|1.0|TPageView::ResetPageLayout
0x56ffe0|1.0|TPageView::Free
0x570030|0.42424242424242425|TPictureLine::CreateObject
0x570060|1.0|TPictureLine::GetRuntimeClass
0x5700a0|0.9090909090909091|TPictureLine::`scalar deleting destructor'
0x5700d0|0.5|TPictureLine::DestructTPictureLineAndMaybeFree
0x570130|0.05263157894736842|TPictureLine::CreateLineItemView
0x5701d0|0.5|TTextLine::CreateObject
0x570270|1.0|TTextLine::GetRuntimeClass
0x570290|0.625|TTextLine::TTextLine
0x570310|0.9090909090909091|TTextLine::`scalar deleting destructor'
0x570340|0.1111111111111111|WrapperFor_ReleaseSharedStringRefIfNotEmpty_At00570340
0x570390|1.0|TTextLine::SetTextLineRowBoundsAndStyle
0x570420|0.0|WrapperFor_StringShared_AssignFromPtr_At00570420
0x570440|1.0|TTextLine::SetTextLineStyleDescriptor
0x5704e0|1.0|TTextLine::SetField1E
0x570500|0.03278688524590164|TTextLine::CreateLineItemView
0x570720|0.25|WrapperFor_ftol_At00570720
0x570750|0.48|TPictureButton::CreateObject
0x5707d0|1.0|TPictureButton::GetRuntimeClass
0x5707f0|1.0|TPictureButton::TPictureButton
0x570820|0.9090909090909091|TPictureButton::`scalar deleting destructor'
0x570870|0.7555555555555555|TPictureButton::HiliteState
0x5708c0|0.75|TPictureButton::IsSelected
0x570900|1.0|TPictureButton::BeginMouseCaptureAndStartRepeatTimer
0x570950|0.48|TAlwaysPictureButton::CreateObject
0x5709d0|1.0|TAlwaysPictureButton::GetRuntimeClass
0x5709f0|0.8|TAlwaysPictureButton::TAlwaysPictureButton
0x570a20|0.9090909090909091|TAlwaysPictureButton::`scalar deleting destructor'
0x570a70|0.7037037037037037|TAlwaysPictureButton::HiliteState
0x570ae0|0.26666666666666666|TAlwaysPictureButton::Select
0x570b10|0.48|T2PictureButton::CreateObject
0x570b90|1.0|T2PictureButton::GetRuntimeClass
0x570bb0|0.8|T2PictureButton::T2PictureButton
0x570be0|0.9090909090909091|T2PictureButton::`scalar deleting destructor'
0x570c30|1.0|T2PictureButton::SetAvailability
0x570cc0|0.52|TPictureRadioButton::CreateObject
0x570d40|1.0|TPictureRadioButton::GetRuntimeClass
0x570d60|0.8|TPictureRadioButton::TPictureRadioButton
0x570d90|0.9090909090909091|TPictureRadioButton::`scalar deleting destructor'
0x570de0|1.0|TPictureRadioButton::ViewEnable
0x570ea0|0.5057471264367817|TPictureRadioButton::DefaultSize
0x570f40|0.0625|TPictureRadioButton::Select
0x570fb0|0.031746031746031744|TPictureRadioButton::DispatchUiMouseMoveToChildren
0x571050|0.4897959183673469|TToggleButton::CreateObject
0x5710d0|1.0|TToggleButton::GetRuntimeClass
0x5710f0|1.0|TToggleButton::TToggleButton
0x571120|0.9090909090909091|TToggleButton::`scalar deleting destructor'
0x571170|0.17777777777777778|TToggleButton::HandleEvent
0x5712a0|0.6915887850467289|TToggleButton::DispatchUiMouseMoveToChildren
0x571330|0.25|TToggleButton::IsSelected
0x571350|1.0|TToggleButton::Select
0x5713c0|0.4897959183673469|TUberCluster::CreateObject
0x571440|1.0|TUberCluster::GetRuntimeClass
0x571460|1.0|TUberCluster::TUberCluster
0x571490|0.9090909090909091|TUberCluster::`scalar deleting destructor'
0x5714e0|0.5|TUberCluster::IsTradeControlAtMinimum
0x571500|0.48|TUpDownPictureButton::CreateObject
0x571580|1.0|TUpDownPictureButton::GetRuntimeClass
0x5715a0|1.0|TUpDownPictureButton::TUpDownPictureButton
0x5715d0|0.9090909090909091|TUpDownPictureButton::`scalar deleting destructor'
0x571620|0.38596491228070173|TUpDownPictureButton::HiliteState
0x571690|0.6666666666666666|TUpDownPictureButton::IsSelected
0x5716b0|1.0|TUpDownPictureButton::BeginMouseCaptureAndStartRepeatTimer
0x571700|0.5614035087719298|TRadioPictureButton::CreateObject
0x5717a0|1.0|TRadioPictureButton::GetRuntimeClass
0x5717c0|0.7|TRadioPictureButton::TRadioPictureButton
0x571800|0.9090909090909091|TRadioPictureButton::`scalar deleting destructor'
0x571850|0.21052631578947367|TRadioPictureButton::HandleEvent
0x5718f0|0.1111111111111111|TRadioPictureButton::OrphanCallChain_C2_I16_005718f0
0x571930|0.5614035087719298|TOnOffRadioButton::CreateObject
0x5719d0|1.0|TOnOffRadioButton::GetRuntimeClass
0x5719f0|0.7058823529411765|TOnOffRadioButton::TOnOffRadioButton
0x571a30|0.9090909090909091|TOnOffRadioButton::`scalar deleting destructor'
0x571a80|1.0|TOnOffRadioButton::HandleEvent
0x571b20|1.0|TOnOffRadioButton::SetState
0x571b60|0.5714285714285714|TCzechBox::CreateObject
0x571c00|1.0|TCzechBox::GetRuntimeClass
0x571c20|0.75|TCzechBox::TCzechBox
0x571c60|0.9090909090909091|TCzechBox::`scalar deleting destructor'
0x571cb0|1.0|TCzechBox::HandleEvent
0x571cf0|1.0|TCzechBox::DoPostCreate
0x571d10|0.18181818181818182|TCzechBox::HiliteState
0x571d40|0.0425531914893617|TCzechBox::OrphanCallChain_C4_I45_00571d40
0x571de0|1.0|TCzechBox::GetCheckedStateByte
0x571e00|0.16666666666666666|TCzechBox::OrphanCallChain_C1_I10_00571e00
0x571e40|0.1111111111111111|TCzechBox::OrphanCallChain_C2_I16_00571e40
0x571e80|0.08|TCzechBox::OrphanCallChain_C3_I23_00571e80
0x571ed0|0.4897959183673469|TColorKeyButton::CreateObject
0x571f50|1.0|TColorKeyButton::GetRuntimeClass
0x571f70|1.0|TColorKeyButton::TColorKeyButton
0x571fa0|0.9090909090909091|TColorKeyButton::`scalar deleting destructor'
0x571ff0|0.06896551724137931|TColorKeyButton::HiliteState
0x572060|0.0|TColorKeyButton::OrphanCallChain_C1_I05_00572060
0x572080|0.5818181818181818|TGWorldButton::CreateObject
0x572110|1.0|TGWorldButton::GetRuntimeClass
0x572130|1.0|TGWorldButton::TGWorldButton
0x572160|0.9090909090909091|TGWorldButton::`scalar deleting destructor'
0x5721b0|0.0|WrapperFor_thunk_InitializeUiResourceEntryFrameAndParent_At005721b0
0x572200|0.88|TGWorldButton::HiliteState
0x572270|0.5054945054945055|TGWorldButton::ApplyRectSlot110
0x572350|0.48|TClickZone::CreateObject
0x5723d0|1.0|TClickZone::Hilite
0x5723f0|1.0|TClickZone::GetRuntimeClass
0x572410|1.0|TClickZone::TClickZone
0x572440|0.9090909090909091|TClickZone::`scalar deleting destructor'
0x572490|0.09090909090909091|TClickZone::BeginMouseCaptureAndStartRepeatTimer
0x5724e0|0.48484848484848486|TTextPictureButton::CreateObject
0x5725b0|1.0|TTextPictureButton::GetRuntimeClass
0x5725d0|0.9259259259259259|TTextPictureButton::TTextPictureButton
0x572670|0.9090909090909091|TTextPictureButton::`scalar deleting destructor'
0x5726a0|0.1|DestructTTextPictureButtonAndMaybeFree_Impl
0x572710|1.0|TTextPictureButton::InitializeTextPictureButtonAndTextStyle
0x572790|0.5344827586206896|TTextPictureButton::ApplyRectSlot110
0x572a50|0.25|WrapperFor_ftol_At00572a50
0x572a80|0.5818181818181818|TNoHilitePicture::CreateObject
0x572b10|1.0|TNoHilitePicture::GetRuntimeClass
0x572b30|1.0|TNoHilitePicture::TNoHilitePicture
0x572b60|0.9090909090909091|TNoHilitePicture::`scalar deleting destructor'
0x572bb0|1.0|TNoHilitePicture::Hilite
0x572bd0|0.5818181818181818|TBackgroundPicture::CreateObject
0x572c60|1.0|TBackgroundPicture::GetRuntimeClass
0x572c80|0.8|TBackgroundPicture::TBackgroundPicture
0x572cb0|0.9090909090909091|TBackgroundPicture::`scalar deleting destructor'
0x572d00|1.0|TBackgroundPicture::ApplyRectSlot110
0x572d20|0.5714285714285714|TColorKeyPicture::CreateObject
0x572dc0|1.0|TColorKeyPicture::GetRuntimeClass
0x572de0|0.6666666666666666|TColorKeyPicture::TColorKeyPicture
0x572e10|0.9090909090909091|TColorKeyPicture::`scalar deleting destructor'
0x572e60|0.015873015873015872|TColorKeyPicture::ApplyRectSlot110
0x573040|0.09523809523809523|TColorKeyPicture::SetPictureResourceIdAndRefresh
0x573090|0.11764705882352941|TColorKeyPicture::Free
0x5730d0|0.5245901639344263|TMegaPicture::CreateObject
0x573170|1.0|TMegaPicture::GetRuntimeClass
0x573190|0.6666666666666666|TMegaPicture::TMegaPicture
0x5731d0|0.9090909090909091|TMegaPicture::`scalar deleting destructor'
0x573270|0.4215686274509804|TMegaPicture::ApplyRectSlot110
0x573430|0.014388489208633094|TMegaPicture::SetPictureResourceIdAndRefresh
0x573650|0.11764705882352941|TMegaPicture::Free
0x573690|1.0|TMegaPicture::AssignFlags98AndMaybeRefresh
0x5736c0|1.0|TMegaPicture::ClearOrSubtractFlags98AndMaybeRefresh
0x573710|0.5818181818181818|TOffLimitsPicture::CreateObject
0x5737b0|1.0|TOffLimitsPicture::GetRuntimeClass
0x5737d0|1.0|TOffLimitsPicture::TOffLimitsPicture
0x573800|0.9090909090909091|TOffLimitsPicture::`scalar deleting destructor'
0x573850|1.0|TOffLimitsPicture::DoPostCreate
0x573890|1.0|TOffLimitsPicture::ApplyRectSlot110
0x573900|1.0|TOffLimitsPicture::Free
0x573940|0.9333333333333333|TOffLimitsPicture::ForwardCopyRgn
0x573970|0.5818181818181818|TSliderPicture::CreateObject
0x573a00|1.0|TSliderPicture::GetRuntimeClass
0x573a20|0.8|TSliderPicture::TSliderPicture
0x573a50|0.9090909090909091|TSliderPicture::`scalar deleting destructor'
0x573aa0|1.0|TSliderPicture::ApplyRectSlot110
0x573bf0|0.25|WrapperFor_ftol_At00573bf0
0x573c20|1.0|TScrollView::CreateObject
0x573c90|1.0|TScrollView::GetRuntimeClass
0x573cb0|1.0|TScrollView::ConstructTScrollViewBaseState
0x573ce0|1.0|TScrollView::DoPostCreate
0x573df0|0.9090909090909091|TScrollBarView::`scalar deleting destructor'
0x573e55|0.0|WrapperFor_AdjustCityDialogScrollRangeByDeltaAndClamp_At00573e55
0x573e65|0.0|WrapperFor_AdjustCityDialogScrollRangeByDeltaAndClamp_At00573e65
0x573e75|0.0|WrapperFor_AdjustCityDialogScrollRangeByDeltaAndClamp_At00573e75
0x573e85|0.0|WrapperFor_AdjustCityDialogScrollRangeByDeltaAndClamp_At00573e85
0x573ee5|0.0|WrapperFor_AdjustCityDialogScrollRangeByDeltaAndClamp_At00573ee5
0x573ef7|0.0|WrapperFor_AdjustCityDialogScrollRangeByDeltaAndClamp_At00573ef7
0x573f06|0.0|WrapperFor_AdjustCityDialogScrollRangeByDeltaAndClamp_At00573f06
0x573f16|0.0|WrapperFor_AdjustCityDialogScrollRangeByDeltaAndClamp_At00573f16
0x573f60|0.5679012345679012|TScrollView::AdjustCityDialogScrollRangeByDeltaAndClamp
0x5740a0|1.0|TScrollBarView::RefreshCityDialogScrollableViewportWithQuickDrawContext
0x5741e0|1.0|TScrollView::SyncBoundedValueAndToggleControlStates
0x5742b0|0.6612903225806451|TScrollView::PaintVisibleChildrenIntersectingClipRect
0x5743f0|1.0|TScrollBarView::CreateObject
0x574490|1.0|TScrollBarView::GetRuntimeClass
0x5744b0|1.0|TScrollBarView::ConstructTScrollBarViewBaseState
0x5746e0|1.0|TScrollBarView::Free
0x574720|0.7352941176470589|TScrollBarView::DoPostCreate
0x5747c0|0.847457627118644|TScrollBarView::HandleEvent
0x574830|0.6794871794871795|TScrollBarView::BeginMouseCaptureAndStartRepeatTimer
0x574970|0.2237442922374429|TScrollBarView::ApplyRectSlot110
0x574d10|0.8617886178861789|TScrollBarView::DispatchPictureResourceCommand
0x574ea0|0.4897959183673469|TScrollerButton::CreateObject
0x574f20|1.0|TScrollerButton::GetRuntimeClass
0x574f40|1.0|TScrollerButton::TScrollerButton
0x574f70|0.9090909090909091|TScrollerButton::`scalar deleting destructor'
0x574fc0|1.0|TScrollerButton::DispatchPictureResourceCommand
0x575080|1.0|CDib::GetAbsoluteHeight
0x575130|0.25|WrapperFor_ftol_At00575130
0x575180|0.4897959183673469|TSpaceCommand::CreateObject
0x5751f0|1.0|TSpaceCommand::DoIt
0x575210|0.9090909090909091|TSpaceCommand::`scalar deleting destructor'
0x575240|0.5|TSpaceCommand::CreateTSpaceCommandInstance
0x575260|1.0|TSpaceCommand::GetRuntimeClass
0x575280|1.0|THighScoresPicture::CreateObject
0x575300|1.0|THighScoresPicture::GetRuntimeClass
0x575320|0.88|THighScoresPicture::DoPostCreate
0x575460|0.011494252873563218|THighScoresPicture::ApplyRectSlot110
0x575770|1.0|THighScoresPicture::HandleEvent
0x5757c0|0.4897959183673469|TGameSetupPicture::CreateObject
0x575840|1.0|TGameSetupPicture::GetRuntimeClass
0x575860|1.0|TGameSetupPicture::TGameSetupPicture
0x575890|0.9090909090909091|TGameSetupPicture::`scalar deleting destructor'
0x5758e0|1.0|TGameSetupPicture::DoPostCreate
0x575900|0.40476190476190477|TGameSetupPicture::HandleEvent
0x575e90|0.4897959183673469|TGameSetupMultiplayerPicture::CreateObject
0x575f10|1.0|TGameSetupMultiplayerPicture::GetRuntimeClass
0x575f30|1.0|TGameSetupMultiplayerPicture::TGameSetupMultiplayerPicture
0x575f60|0.9090909090909091|TGameSetupMultiplayerPicture::`scalar deleting destructor'
0x575fb0|0.6556291390728477|TGameSetupMultiplayerPicture::DoPostCreate
0x576230|0.39267886855241263|TGameSetupMultiplayerPicture::HandleEvent
0x576900|1.0|TNetSelectPicture::CreateObject
0x576980|1.0|TNetSelectPicture::GetRuntimeClass
0x5769a0|1.0|TNetSelectPicture::DoPostCreate
0x5769c0|0.9166666666666666|TNetSelectPicture::HandleEvent
0x576aa0|0.4897959183673469|TNetGameSelectPicture::CreateObject
0x576b20|0.9090909090909091|TNetGameSelectPicture::`scalar deleting destructor'
0x576b70|1.0|TNetGameSelectPicture::GetRuntimeClass
0x576b90|1.0|TNetGameSelectPicture::DoPostCreate
0x576bc0|0.8421052631578947|TNetGameSelectPicture::HandleEvent
0x576ca0|0.5423728813559322|TSetupRandomMapPicture::CreateObject
0x576d60|1.0|TSetupRandomMapPicture::GetRuntimeClass
0x576d80|1.0|TSetupRandomMapPicture::TSetupRandomMapPicture
0x576e00|1.0|TSetupRandomMapPicture::`scalar deleting destructor'
0x576e30|0.918918918918919|TSetupRandomMapPicture::~TSetupRandomMapPicture
0x576ea0|0.25|InitializeSharedStringRef_006A4220_AndRegisterAtExit
0x576ed0|0.0|DestroySharedStringRef_006A4220_AtExit
0x576fe0|1.0|TSetupRandomMapPicture::RecheckCountryName
0x577030|0.5611374407582939|TSetupRandomMapPicture::DoPostCreate
0x5779c0|0.8739130434782608|TSetupRandomMapPicture::HandleEvent
0x577df0|0.32653061224489793|TGWorldPartView::SetSourceRectFromGridCell
0x577e40|0.616580310880829|TSetupRandomMapPicture::StartGame
0x5781f0|1.0|TSetupRandomMapPicture::ExitScreen
0x578230|0.8275862068965517|TSetupRandomMapPicture::GroundControlToMajorTom
0x5782f0|1.0|TSetupRandomMapPicture::ForwardParam
0x578330|0.7262872628726287|TSetupRandomMapPicture::MajorTomToGroundControl
0x578680|1.0|TSetupRandomMapPicture::SpinYourGlobe
0x5787b0|0.52|TMapPreviewView::CreateObject
0x578830|1.0|TMapPreviewView::GetRuntimeClass
0x578850|0.49645390070921985|TMapPreviewView::DoPostCreate
0x5789b0|1.0|TMapPreviewView::Free
0x5789e0|0.6976744186046512|TMapPreviewView::BeginMouseCaptureAndStartRepeatTimer
0x578a80|0.4970414201183432|TMapPreviewView::ApplyRectSlot110
0x578c10|0.7365911799761621|TMapPreviewView::TakeSatellitePhoto
0x579270|0.5560975609756098|TMapPreviewView::EnhancePhoto
0x5793f0|0.4897959183673469|TRadioText::CreateObject
0x579470|1.0|TRadioText::GetRuntimeClass
0x579490|1.0|TRadioText::DoPostCreate
0x5794b0|0.6336633663366337|TRadioText::ApplyRectSlot110
0x579580|1.0|TRadioText::RefreshAndNotifyOwnerSlot13C
0x5795b0|0.5423728813559322|TRadioTextCluster::CreateObject
0x579680|1.0|TRadioTextCluster::GetRuntimeClass
0x5796a0|1.0|TRadioTextCluster::TRadioTextCluster
0x5796f0|0.9090909090909091|TRadioTextCluster::`scalar deleting destructor'
0x579740|1.0|TRadioTextCluster::DoPostCreate
0x579770|1.0|TRadioTextCluster::HandleEvent
0x5797c0|1.0|TRadioTextCluster::SetSelectedTextOptionByTag
0x5798a0|0.5865384615384616|TRadioTextCluster::AddItem
0x579a60|0.5106382978723404|TRadioTextCluster::ApplyRectSlot110
0x579ae0|0.4897959183673469|TScenarioChooser::CreateObject
0x579b60|1.0|TScenarioChooser::GetRuntimeClass
0x579b80|0.020618556701030927|TScenarioChooser::DoPostCreate
0x57a050|0.6187050359712231|TScenarioChooser::HandleEvent
0x57a2d0|0.38461538461538464|TScenarioChooser::PostTurnEvent5DCOrResetScenarioSelectionState
0x57a310|0.13333333333333333|TScenarioChooser::ForwardParam
0x57a350|0.24489795918367346|TScenarioChooser::ApplyScenarioSelectionAndPostTurnEvent5E4
0x57a6e0|0.10457516339869281|TScenarioChooser::LoadScenarioMetadataByIndexIntoUiControlCore
0x57ab30|0.09090909090909091|TScenarioChooser::Free
0x57ab70|0.5517241379310345|TTextList::CreateObject
0x57ac30|1.0|TTextList::GetRuntimeClass
0x57acc0|0.5448028673835126|TTextList::ApplyRectSlot110
0x57af20|0.7010309278350515|TTextList::BeginMouseCaptureAndStartRepeatTimer
0x57b000|0.4897959183673469|TGameScorePicture::CreateObject
0x57b080|1.0|TGameScorePicture::GetRuntimeClass
0x57b0a0|0.018691588785046728|TGameScorePicture::DoPostCreate
0x57b620|1.0|TGameScorePicture::HandleEvent
0x57b670|0.4897959183673469|TSelectoText::CreateObject
0x57b6f0|0.9090909090909091|TSelectoText::`scalar deleting destructor'
0x57b720|0.0|TSelectoText::CreateTSelectoTextInstance
0x57b740|1.0|TSelectoText::GetRuntimeClass
0x57b760|1.0|TSelectoText::OrphanRetStub_0057b760
0x57b8b0|0.25|WrapperFor_ftol_At0057b8b0
0x57b900|0.4|IsTurnCooldownCounterActiveOrResetFlag
0x57b940|1.0|TSimMgr::CreateObject
0x57b9c0|1.0|TSimMgr::GetRuntimeClass
0x57b9e0|0.7261146496815286|TSimMgr::TSimMgr
0x57bb50|0.9090909090909091|TSimMgr::`scalar deleting destructor'
0x57bb80|0.09090909090909091|WrapperFor_InvokeCallbackNTimesWithSehGuard_At0057bb80
0x57bbf0|0.7368421052631579|TSimMgr::InitializeTurnFlowStateDefaults
0x57bd20|1.0|TSimMgr::Free
0x57bea0|0.944|TSimMgr::ReadFrom
0x57c230|0.875|TSimMgr::WriteTo
0x57c390|1.0|TSimMgr::RebuildNationStateSlotsNoOp
0x57c3b0|0.9873949579831933|TSimMgr::RebuildGlobalOrderManagersAndCapabilityState
0x57c7c0|0.8744588744588745|TSimMgr::RebuildMapContextAndGlobalMapState
0x57c9a0|0.9230769230769231|TSimMgr::RecreateActiveMapContextAndInitializeGlobalMapState
0x57cad0|0.7278481012658228|TSimMgr::RebuildNationStateSlotsAndAvailability
0x57cda0|0.532319391634981|TSimMgr::RebuildPrimaryNationStateForSlot
0x57d520|0.797153024911032|TSimMgr::RebuildSecondaryNationStateForSlot
0x57d830|1.0|TSimMgr::GetSeason
0x57d870|0.5517241379310345|TSimMgr::SetDifficultyLevel
0x57d8b0|1.0|TSimMgr::GetEconomicTurn
0x57d8d0|1.0|TSimMgr::SetGameSetupValues
0x57d950|1.0|TSimMgr::AdvanceSeason
0x57d970|1.0|TSimMgr::StartNextPhase
0x57d990|0.2803738317757009|TSimMgr::EnterOptionalPhase
0x57da70|0.282981267437226|TSimMgr::AdvanceGlobalTurnStateMachine
0x57f0e0|1.0|TCountry::IsNationProfileInMinorRange100To199
0x57f110|0.3333333333333333|TSimMgr::InLinearPhase
0x57f140|0.7663551401869159|TSimMgr::DoCityAndTransport
0x57f200|0.8|TSimMgr::DoCivilians
0x57f280|0.4810126582278481|TSimMgr::DoMilitary
0x57f3c0|0.9072164948453608|TSimMgr::DoTrade
0x57f490|1.0|TSimMgr::ReturnZeroSlot6c
0x57f4b0|1.0|TSimMgr::SetFlags
0x57f4d0|1.0|TSimMgr::TestTurnFlowStatusFlagMask
0x57f4f0|0.1875|TSimMgr::AllHumansFinished
0x57f530|0.9|TSimMgr::ResetTurnFlags
0x57f570|0.21052631578947367|WrapperFor_ConfigureTurnResumeStateAndNationMask_At0057f570
0x57f5b0|0.3146067415730337|TSimMgr::NumToCurrency
0x57f8f0|0.5866666666666667|TSimMgr::NumToOrdinal
0x57fa30|0.49056603773584906|FormatFloatToLocalizedSharedString
0x57fe90|1.0|TSimMgr::GetStringPrelude
0x57fec0|1.0|TSimMgr::ReinitializeRandomSeed
0x57fef0|0.631578947368421|scanBracketExpressions
0x580060|0.2868217054263566|BuildUiMessageTextFromBracketTemplate
0x580280|0.48672566371681414|AppendInterNationEventSummaryTextEntry_Impl
0x580460|0.7865168539325843|TResizableByteSink::AppendByteToResizableBuffer
0x5804f0|0.012987012987012988|ExpandBracketMappedStringToSinkCallback
0x580760|1.0|TSimMgr::GetString
0x580790|0.24938875305623473|TSimMgr::DiplomacyNoticeString
0x5811e0|1.0|TSimMgr::GetNumGPs
0x581200|1.0|TSimMgr::ReduceNumGPs
0x581240|1.0|TSimMgr::GetNumCountries
0x581260|1.0|TSimMgr::GetActiveNationId
0x581280|0.8148148148148148|TSimMgr::IsNationSlotEligibleForEventProcessing
0x581300|0.6238532110091743|TSimMgr::RemoveNationSlotAndNotifyPeers
0x581400|0.5362318840579711|TSimMgr::InitializeOrLoadEntryArray14AndClampLimits
0x581510|0.9781021897810219|TSimMgr::UpdatePersistentTopTenNationScores
0x581870|0.5555555555555556|ReinitializeGameFlowAndPostTurnEventCode
0x581ae0|1.0|TSimMgr::SetSelectedIndex6AAndTriggerRefresh
0x581b20|1.0|TSimMgr::LoadNormalizedCredentialName
0x581bc0|1.0|TSimMgr::AssignSharedStringFromIndexedSlot7C
0x581c00|0.34146341463414637|TSimMgr::NameCapitals
0x581e60|0.7021943573667712|TSimMgr::ProcessScenarioScript
0x582120|1.0|TSimMgr::HandleTurnInstruction_Labo_SetNationLaborTierCounts
0x5822c0|0.7346938775510204|TSimMgr::HandleTurnInstruction_Capa_ApplyNationSlotValueWithDelta
0x5823e0|0.723404255319149|TSimMgr::HandleTurnInstruction_Ware_ApplyNationIndexedShortAndRefresh
0x5824c0|1.0|TSimMgr::HandleTurnInstruction_Army_DeserializeAndCreateRecruitOrders
0x582630|1.0|TSimMgr::HandleTurnInstruction_Civi_DeserializeAndCreateWorkOrder
0x582720|0.975|TSimMgr::HandleTurnInstruction_Ship_DeserializeAndCreatePrimaryOrders
0x582860|1.0|TSimMgr::HandleTurnInstruction_Tran_SetNationTransportStat
0x5828f0|1.0|TSimMgr::HandleTurnInstruction_Deve_ApplyMapDevelopmentEntry
0x5829b0|1.0|TSimMgr::HandleTurnInstruction_Rail_ApplyRailPlacementAndCashBonus
0x582a40|1.0|TSimMgr::HandleTurnInstruction_Port_ApplyPortPlacementAndCashBonus
0x582ad0|1.0|TSimMgr::HandleTurnInstruction_Tech_ApplyTechUnlockAndNotifyNations
0x582b70|1.0|TSimMgr::HandleTurnInstruction_Pric_ApplyDiplomacyPriceEntry
0x582bf0|1.0|TSimMgr::HandleTurnInstruction_Emba_SetEmbassyRelationFlags
0x582ce0|1.0|TSimMgr::HandleTurnInstruction_Subs_ApplyNationSubsidyEntry
0x582da0|1.0|TSimMgr::HandleTurnInstruction_Trea_ApplyTreatyAndRelationEntry
0x582ed0|1.0|TSimMgr::HandleTurnInstruction_Year_UpdateScenarioYearFieldScaledBy4
0x582f20|1.0|TSimMgr::HandleTurnInstruction_Prov_ApplyProvinceAssignmentEntry
0x582fa0|1.0|TSimMgr::HandleTurnInstruction_Zone_AssignMapActionContextNameByNodeId
0x583070|1.0|TSimMgr::HandleTurnInstruction_Cnam_AssignCountryName
0x5831d0|1.0|TSimMgr::HandleTurnInstruction_Rela_SetNationRelationValue
0x583270|1.0|TSimMgr::HandleTurnInstruction_Pnam_AssignProvinceName
0x583360|1.0|TSimMgr::HandleTurnInstruction_Cash_SetNationCash
0x583400|1.0|TSimMgr::HandleTurnInstruction_Flag_SetNationFlagAndRefresh
0x583470|1.0|TSimMgr::HandleTurnInstruction_Tyer_SetCityOrderCapabilityTierValue
0x583510|1.0|TSimMgr::HandleTurnInstruction_Tbar_SetNationRelationBarValue
0x583670|1.0|TSimMgr::HandleTurnInstruction_Tclr_ResetNationRelationBars
0x583700|1.0|TSimMgr::HandleTurnInstruction_Coun_SetCountrySlotState
0x5837c0|1.0|TSimMgr::SetActiveNationSlotAndRefreshCityCapabilityUiHandles
0x583880|0.25|WrapperFor_ftol_At00583880
0x5838b0|0.5818181818181818|TArrowsControl::CreateObject
0x583950|1.0|TArrowsControl::GetRuntimeClass
0x583970|1.0|TArrowsControl::TArrowsControl
0x5839a0|0.9090909090909091|TArrowsControl::`scalar deleting destructor'
0x5839f0|1.0|TArrowsControl::DispatchPictureResourceCommand
0x583a90|0.5818181818181818|TSidewaysArrow::CreateObject
0x583b30|1.0|TSidewaysArrow::GetRuntimeClass
0x583b50|1.0|TSidewaysArrow::TSidewaysArrow
0x583b80|0.9090909090909091|TSidewaysArrow::`scalar deleting destructor'
0x583bd0|1.0|TSidewaysArrow::DispatchPictureResourceCommand
0x583c90|0.5818181818181818|TUpDownView::CreateObject
0x583d30|1.0|TUpDownView::GetRuntimeClass
0x583d50|1.0|TUpDownView::TUpDownView
0x583d80|0.9090909090909091|TUpDownView::`scalar deleting destructor'
0x583dd0|1.0|TUpDownView::DispatchPictureResourceCommand
0x583e70|0.5818181818181818|TRightLeftView::CreateObject
0x583f10|1.0|TRightLeftView::GetRuntimeClass
0x583f30|1.0|TRightLeftView::TRightLeftView
0x583f60|0.9090909090909091|TRightLeftView::`scalar deleting destructor'
0x583fb0|1.0|TRightLeftView::DispatchPictureResourceCommand
0x584040|0.4897959183673469|TDipDlgCluster::CreateObject
0x5840c0|1.0|TDipDlgCluster::GetRuntimeClass
0x5840e0|1.0|TDipDlgCluster::TDipDlgCluster
0x584110|0.9090909090909091|TDipDlgCluster::`scalar deleting destructor'
0x584160|0.04081632653061224|TDipDlgCluster::IsTradeControlAtMinimum
0x584200|0.4897959183673469|TTradePolicyCluster::CreateObject
0x584280|1.0|TTradePolicyCluster::GetRuntimeClass
0x5842a0|1.0|TTradePolicyCluster::TTradePolicyCluster
0x5842d0|0.9090909090909091|TTradePolicyCluster::`scalar deleting destructor'
0x584320|1.0|TTradePolicyCluster::HandleEvent
0x5843e0|0.4897959183673469|TTradeOrderPicture::CreateObject
0x584460|1.0|TTradeOrderPicture::GetRuntimeClass
0x584480|1.0|TTradeOrderPicture::TTradeOrderPicture
0x5844b0|0.9090909090909091|TTradeOrderPicture::`scalar deleting destructor'
0x584500|1.0|TTradeOrderPicture::DoPostCreate
0x584520|0.017699115044247787|TTradeOrderPicture::BeginMouseCaptureAndStartRepeatTimer
0x5846e0|0.4897959183673469|TBoycottButton::CreateObject
0x584760|1.0|TBoycottButton::GetRuntimeClass
0x584780|1.0|TBoycottButton::TBoycottButton
0x5847b0|0.9090909090909091|TBoycottButton::`scalar deleting destructor'
0x584800|0.8888888888888888|TBoycottButton::Select
0x584890|0.4897959183673469|T2PictToggleButton::CreateObject
0x584910|1.0|T2PictToggleButton::GetRuntimeClass
0x584930|1.0|T2PictToggleButton::T2PictToggleButton
0x584960|0.9090909090909091|T2PictToggleButton::`scalar deleting destructor'
0x5849b0|0.3076923076923077|T2PictToggleButton::IsSelected
0x5849d0|0.375|T2PictToggleButton::Select
0x584a50|0.4897959183673469|TCloseButton::CreateObject
0x584ad0|1.0|TCloseButton::GetRuntimeClass
0x584af0|1.0|TCloseButton::TCloseButton
0x584b20|0.9090909090909091|TCloseButton::`scalar deleting destructor'
0x584b70|0.1111111111111111|TCloseButton::DispatchUiMouseMoveToChildren
0x584bb0|0.43636363636363634|TCloseParentButton::CreateObject
0x584c40|1.0|TCloseParentButton::GetRuntimeClass
0x584c60|0.4|TCloseParentButton::TCloseParentButton
0x584ce0|0.9090909090909091|TCloseParentButton::`scalar deleting destructor'
0x584d30|1.0|TCloseParentButton::HandleEvent
0x584d80|0.4897959183673469|TToolBarCluster::CreateObject
0x584e00|1.0|TToolBarCluster::GetRuntimeClass
0x584e20|1.0|TToolBarCluster::TToolBarCluster
0x584e50|0.9090909090909091|TToolBarCluster::`scalar deleting destructor'
0x584ea0|0.4186046511627907|TToolBarCluster::HandleEvent
0x584f27|0.0|TToolBarCluster::HandleCrossUSmallViewsCommandTagDispatch
0x5851c0|0.014598540145985401|TToolBarCluster::HandleCursorHoverSelectionByChildHitTestAndFallback
0x5853f0|0.004098360655737705|TToolBarCluster::RefreshTurnOrderStatusPanelTextsAndControls
0x585ba0|0.481994459833795|TToolBarCluster::UpdateControlTagTreaTextFromNationAndMapContext
0x585ee0|0.975609756097561|TToolBarCluster::SehCleanup_ReleaseTwoTempSharedStringRefs
0x585f70|0.4897959183673469|TUnitToolbarCluster::CreateObject
0x585ff0|1.0|TUnitToolbarCluster::GetRuntimeClass
0x586010|1.0|TUnitToolbarCluster::TUnitToolbarCluster
0x586040|0.9090909090909091|TUnitToolbarCluster::`scalar deleting destructor'
0x586090|0.49504950495049505|TUnitToolbarCluster::HandleEvent
0x586150|0.5|TUnitToolbarCluster::IsTradeControlAtMinimum
0x586170|0.16666666666666666|TUnitToolbarCluster::SetSelectedChildTagAndRefresh
0x586280|0.43636363636363634|TStatusButton::CreateObject
0x586310|1.0|TStatusButton::GetRuntimeClass
0x586330|0.4|TStatusButton::TStatusButton
0x5863b0|0.9090909090909091|TStatusButton::`scalar deleting destructor'
0x586400|1.0|TStatusButton::HandleEvent
0x586590|0.4897959183673469|TCityBarCluster::CreateObject
0x586610|1.0|TCityBarCluster::GetRuntimeClass
0x586630|1.0|TCityBarCluster::TCityBarCluster
0x586660|0.9090909090909091|TCityBarCluster::`scalar deleting destructor'
0x5866b0|0.3783783783783784|TCityBarCluster::ApplyMoveValue
0x586840|0.5079365079365079|TProductionCluster::CreateObject
0x586900|1.0|TProductionCluster::GetRuntimeClass
0x586920|1.0|TProductionCluster::TProductionCluster
0x586970|0.9090909090909091|TProductionCluster::`scalar deleting destructor'
0x5869c0|0.5151515151515151|TProductionCluster::HandleEvent
0x586a60|1.0|TProductionCluster::SetLaborRate
0x586a80|1.0|TProductionCluster::SetStockpiles
0x586ab0|1.0|TProductionCluster::SetStockpileRate
0x586ad0|0.4897959183673469|TClosePicture::CreateObject
0x586b50|1.0|TClosePicture::GetRuntimeClass
0x586b70|1.0|TClosePicture::TClosePicture
0x586ba0|0.9090909090909091|TClosePicture::`scalar deleting destructor'
0x586bf0|0.9090909090909091|TClosePicture::HandleMouseUp
0x586c40|0.4897959183673469|TAmtBarCluster::CreateObject
0x586cc0|1.0|TAmtBarCluster::GetRuntimeClass
0x586ce0|1.0|TAmtBarCluster::TAmtBarCluster
0x586d10|0.9090909090909091|TAmtBarCluster::`scalar deleting destructor'
0x586d60|0.05970149253731343|TAmtBarCluster::DoPostCreate
0x586e50|0.5|TAmtBar::ApplyMoveClamp
0x586e70|0.07692307692307693|TAmtBarCluster::HandleEvent
0x586ff0|1.0|TAmtBarCluster::ApplyMoveValue
0x587010|0.4897959183673469|TTradeCluster::CreateObject
0x587090|1.0|TTradeCluster::GetRuntimeClass
0x5870b0|1.0|TTradeCluster::TTradeCluster
0x5870e0|0.9090909090909091|TTradeCluster::`scalar deleting destructor'
0x587130|0.27184466019417475|TTradeCluster::DoPostCreate
0x5873e0|0.2682119205298013|TTradeCluster::HandleEvent
0x587900|0.6511627906976745|TTradeCluster::IsTradeControlAtMinimum
0x587950|0.6666666666666666|TTradeCluster::NotifyControlSelectionChange
0x587980|0.5263157894736842|TTradeCluster::IsSelectionAllowed
0x587a10|0.4745762711864407|TTradeCluster::GetBoolSlot1DC
0x587aa0|0.8688524590163934|TTradeCluster::DoControlAction
0x587bb0|0.46473029045643155|TTradeCluster::SetTradeBidControlBitmap
0x587dd0|0.6875|TTradeCluster::SetTradeOfferControlBitmap
0x588030|0.5418060200668896|TTradeCluster::SetTradeOfferSecondaryBitmap
0x5882f0|0.2882882882882883|TTradeCluster::ApplyMoveValue
0x5884c0|0.5161290322580645|TAmtBar::CreateObject
0x588560|1.0|TAmtBar::GetRuntimeClass
0x588580|1.0|TAmtBar::TAmtBar
0x5885c0|0.9090909090909091|TAmtBar::`scalar deleting destructor'
0x588610|1.0|TAmtBar::DoPostCreate
0x588630|0.8666666666666667|TAmtBar::UpdateBarValuesAndRefresh
0x588670|0.4|TAmtBar::ApplyRectSlot110
0x588690|0.5386996904024768|TAmtBar::RenderPrimarySurfaceOverlayPanelWithClipCache
0x588950|0.05970149253731343|TAmtBar::BeginMouseCaptureAndStartRepeatTimer
0x588a30|0.5818181818181818|TIndustryCluster::CreateObject
0x588ad0|1.0|TIndustryCluster::GetRuntimeClass
0x588af0|0.7368421052631579|TIndustryCluster::TIndustryCluster
0x588b20|0.9090909090909091|TIndustryCluster::`scalar deleting destructor'
0x588b70|0.2736842105263158|TIndustryCluster::DoPostCreate
0x588c30|1.0|TIndustryCluster::ApplyMoveValue
0x588c60|0.23367697594501718|TIndustryCluster::NotifyControlSelectionChange
0x588f60|0.7096774193548387|TIndustryCluster::RefreshBarFromSelectedMetric
0x588ff0|0.4057971014492754|TIndustryCluster::HandleEvent
0x589110|0.5161290322580645|TIndustryAmtBar::CreateObject
0x5891b0|1.0|TIndustryAmtBar::GetRuntimeClass
0x5891d0|0.6|TIndustryAmtBar::TIndustryAmtBar
0x589210|0.9090909090909091|TIndustryAmtBar::`scalar deleting destructor'
0x589260|0.34146341463414637|TIndustryAmtBar::DoPostCreate
0x589340|0.4954954954954955|TIndustryAmtBar::RenderPrimarySurfaceOverlayPanelWithClipCache
0x589540|0.41935483870967744|TIndustryAmtBar::RenderQuickDrawOverlayWithHitRegion
0x589660|0.5714285714285714|TRailCluster::CreateObject
0x589700|1.0|TRailCluster::GetRuntimeClass
0x589720|1.0|TRailCluster::TRailCluster
0x589760|0.9090909090909091|TRailCluster::`scalar deleting destructor'
0x5897b0|0.1111111111111111|TRailCluster::DoPostCreate
0x5899c0|1.0|TRailCluster::SetMoveAmount(short)
0x5899f0|0.22580645161290322|TRailCluster::SetMoveAmount(short, unsigned char)
0x589d10|0.7096774193548387|TRailCluster::UpdateMax
0x589da0|0.2962962962962963|TRailCluster::HandleEvent
0x589ed0|0.5161290322580645|TRailAmtBar::CreateObject
0x589f70|0.5|TRailAmtBar::GetRuntimeClass
0x589f90|0.631578947368421|TRailAmtBar::TRailAmtBar
0x589fd0|0.9090909090909091|TRailAmtBar::`scalar deleting destructor'
0x58a020|0.45685279187817257|TRailAmtBar::DoPostCreate
0x58a1b0|0.4954954954954955|TRailAmtBar::RenderPrimarySurfaceOverlayPanelWithClipCache
0x58a3b0|0.4|TRailAmtBar::RenderQuickDrawOverlayWithHitRegion
0x58a4d0|0.5818181818181818|TShipyardCluster::CreateObject
0x58a570|1.0|TShipyardCluster::GetRuntimeClass
0x58a590|0.7368421052631579|TShipyardCluster::TShipyardCluster
0x58a5c0|0.9090909090909091|TShipyardCluster::`scalar deleting destructor'
0x58a610|0.64|TShipyardCluster::DoPostCreate
0x58a690|0.43986254295532645|TShipyardCluster::ApplyMoveValue
0x58a940|0.47058823529411764|TShipyardCluster::HandleEvent
0x58aaa0|0.5161290322580645|TShipAmtBar::CreateObject
0x58ab40|0.5|TShipAmtBar::GetRuntimeClass
0x58ab60|0.9166666666666666|TShipAmtBar::TShipAmtBar
0x58aba0|0.9090909090909091|TShipAmtBar::`scalar deleting destructor'
0x58abf0|0.9122807017543859|TShipAmtBar::DoPostCreate
0x58ac80|0.5073170731707317|TShipAmtBar::RenderPrimarySurfaceOverlayPanelWithClipCache
0x58ae30|0.5161290322580645|TTraderAmtBar::CreateObject
0x58aed0|1.0|TTraderAmtBar::GetRuntimeClass
0x58aef0|0.631578947368421|TTraderAmtBar::TTraderAmtBar
0x58af30|0.9090909090909091|TTraderAmtBar::`scalar deleting destructor'
0x58af80|0.4251968503937008|TTraderAmtBar::DoPostCreate
0x58b040|0.0|TTraderAmtBar::UpdateFromScaleOrRatio
0x58b070|0.5573770491803278|TTraderAmtBar::ApplyMoveClamp
0x58b0f0|0.43946188340807174|TTraderAmtBar::RenderPrimarySurfaceOverlayPanelWithClipCache
0x58b340|0.52|TCivilianButton::CreateObject
0x58b3c0|1.0|TCivilianButton::GetRuntimeClass
0x58b3e0|1.0|TCivilianButton::TCivilianButton
0x58b410|0.9090909090909091|TCivilianButton::`scalar deleting destructor'
0x58b460|0.8059701492537313|TCivilianButton::SetSelectionAndEnableByMappedValue
0x58b4f0|0.4835164835164835|TCivilianButton::ApplyRectSlot110
0x58b5c0|0.4897959183673469|THQButton::CreateObject
0x58b640|1.0|THQButton::GetRuntimeClass
0x58b660|1.0|THQButton::THQButton
0x58b690|0.9090909090909091|THQButton::`scalar deleting destructor'
0x58b6e0|0.6111111111111112|THQButton::DoPostCreate
0x58b750|0.35294117647058826|THQButton::HiliteState
0x58b7f0|0.21052631578947367|THQButton::HandleEvent
0x58b890|0.7368421052631579|THQButton::IsSelected
0x58b8d0|0.5507246376811594|THQButton::SetSelectionStateAndRefreshBitmap
0x58b960|0.5818181818181818|TPlacard::CreateObject
0x58b9f0|1.0|TPlacard::GetRuntimeClass
0x58ba10|1.0|TPlacard::TPlacard
0x58ba40|0.9090909090909091|TPlacard::`scalar deleting destructor'
0x58bab0|0.9047619047619048|TPlacard::DoPostCreate
0x58bb50|0.559322033898305|TPlacard::IsSelected
0x58bc60|0.23684210526315788|TPlacard::ApplyRectSlot110
0x58be30|0.48|TArmyPlacard::CreateObject
0x58beb0|1.0|TArmyPlacard::GetRuntimeClass
0x58bed0|1.0|TArmyPlacard::TArmyPlacard
0x58bf00|0.9090909090909091|TArmyPlacard::`scalar deleting destructor'
0x58bf50|0.7647058823529411|TArmyPlacard::SetValue
0x58bfe0|0.6527777777777778|TArmyPlacard::ApplyRectSlot110
0x58c140|1.0|TArmyPlacard::HandleEvent
0x58c1e0|0.5714285714285714|TNumberedArrowButton::CreateObject
0x58c280|1.0|TNumberedArrowButton::GetRuntimeClass
0x58c2a0|1.0|TNumberedArrowButton::TNumberedArrowButton
0x58c2e0|0.9090909090909091|TNumberedArrowButton::`scalar deleting destructor'
0x58c330|1.0|TNumberedArrowButton::SetValue
0x58c360|1.0|TNumberedArrowButton::SetState
0x58c3d0|0.21428571428571427|TNumberedArrowButton::ApplyRectSlot110
0x58c640|0.14285714285714285|TNumberedArrowButton::DispatchPictureResourceCommand
0x58c7c0|1.0|TNumberedArrowButton::HandleCursorHoverSelectionByChildHitTestAndFallback
0x58c830|0.4897959183673469|TCombatReportView::CreateObject
0x58c8b0|1.0|TCombatReportView::GetRuntimeClass
0x58c8d0|1.0|TCombatReportView::TCombatReportView
0x58c900|0.9090909090909091|TCombatReportView::`scalar deleting destructor'
0x58c950|0.4074074074074074|TCombatReportView::StuffValues
0x58d2b0|0.3697478991596639|TCombatReportView::ApplyRectSlot110
0x58d950|0.6575342465753424|TCombatReportView::HandleEvent
0x58de40|0.4897959183673469|TArmyToolbar::CreateObject
0x58dec0|1.0|TArmyToolbar::GetRuntimeClass
0x58dee0|0.6666666666666666|TArmyToolbar::ConstructTArmyToolbarBaseState
0x58df10|0.9090909090909091|TArmyToolbar::`scalar deleting destructor'
0x58df60|0.013422818791946308|Helper_Uses_WrapperFor_ResolveEraCapabilityFallbackSlot_At005c3650_At0058df60
0x58e1c0|0.6086956521739131|TArmyToolbar::HandleEvent
0x58e330|0.4897959183673469|TStratReportView::CreateObject
0x58e3a0|1.0|TStratReportView::GetRuntimeClass
0x58e3c0|1.0|TStratReportView::TStratReportView
0x58e3f0|0.9090909090909091|TStratReportView::`scalar deleting destructor'
0x58e440|1.0|TControl::SetFrameStyle60
0x58e460|0.40955631399317405|TStratReportView::ApplyRectSlot110
0x58ea00|0.4897959183673469|TCivToolbar::CreateObject
0x58ea80|1.0|TCivToolbar::GetRuntimeClass
0x58eaa0|1.0|TCivToolbar::TCivToolbar
0x58ead0|0.9090909090909091|TCivToolbar::`scalar deleting destructor'
0x58eb20|0.46540880503144655|TCivToolbar::RefreshCivilianCommandPanelForSelection
0x58ec50|0.5861027190332326|TCivToolbar::RefreshCivilianStackButtonsForTile
0x58eed0|0.47533632286995514|TCivToolbar::HandleEvent
0x58f050|0.5714285714285714|TCivDescription::CreateObject
0x58f0f0|1.0|TCivDescription::GetRuntimeClass
0x58f110|0.782608695652174|TCivDescription::UpdateCivilianOrderClassAndRefreshTargetCounts
0x58f1a0|0.22310756972111553|TCivDescription::BeginMouseCaptureAndStartRepeatTimer
0x58f3c0|1.0|TCivDescription::UpdateCivilianOrderTargetTileCountsForOwnerNation
0x58f550|0.5664335664335665|TCivDescription::ApplyRectSlot110
0x58f7b0|0.5814266487213997|TCivDescription::DrawEngineer
0x58fec0|0.007067137809187279|TCivDescription::DrawProspector
0x5903c0|0.004514672686230248|TCivDescription::DrawDeveloper
0x590b90|0.4897959183673469|TCivReport::CreateObject
0x590c10|1.0|TCivReport::GetRuntimeClass
0x590c30|1.0|TCivReport::TCivReport
0x590c60|0.9090909090909091|TCivReport::`scalar deleting destructor'
0x590cb0|0.00425531914893617|TCivReport::IsSelected
0x591500|0.4897959183673469|TArmyInfoView::CreateObject
0x591580|1.0|TArmyInfoView::GetRuntimeClass
0x5915a0|1.0|TArmyInfoView::TArmyInfoView
0x5915d0|0.9090909090909091|TArmyInfoView::`scalar deleting destructor'
0x591620|0.004739336492890996|TArmyInfoView::IsSelected
0x591d90|0.5517241379310345|TTransportPicture::CreateObject
0x591e50|1.0|TTransportPicture::GetRuntimeClass
0x591e70|0.8333333333333334|TTransportPicture::TTransportPicture
0x591ec0|0.9090909090909091|TTransportPicture::`scalar deleting destructor'
0x591f10|0.1875|TTransportPicture::HandleEvent
0x5921c0|0.24719101123595505|TTransportPicture::Refresh
0x592830|0.9|TTransportPicture::ApplyRectSlot110
0x592860|0.4897959183673469|TWarningView::CreateObject
0x5928e0|1.0|TWarningView::GetRuntimeClass
0x592900|1.0|TWarningView::TWarningView
0x592930|0.9090909090909091|TWarningView::`scalar deleting destructor'
0x592980|0.11235955056179775|TWarningView::HandleEvent
0x592a70|0.013953488372093023|TWarningView::DoPostCreate
0x5931e0|0.25|WrapperFor_ftol_At005931e0
0x593210|0.0425531914893617|Function_00593210
0x5932b0|0.5|TSoundPlayer::CreateObject
0x593350|1.0|TSoundPlayer::GetRuntimeClass
0x593370|0.9285714285714286|TSoundPlayer::TSoundPlayer
0x5933b0|1.0|TSoundPlayer::`scalar deleting destructor'
0x5933e0|0.0|TSoundPlayer::~TSoundPlayer
0x593400|0.6257668711656442|TSoundPlayer::DoIdle
0x5935c0|0.020618556701030927|UpdateTurnAudioPlaybackStateAndScheduleCue
0x593730|1.0|TSoundPlayer::ResetDualAudioCuePools
0x593760|1.0|TSoundPlayer::PushCueToDualAudioCuePools
0x593790|0.6181818181818182|TSoundPlayer::SelectAndScheduleRandomAudioCue
0x593920|0.7572815533980582|TSoundPlayer::RequestAudioPresetChangeWithDeferredApply
0x593a10|0.6693227091633466|TSoundPlayer::SetActiveAudioCueAndResetQueue
0x593c10|0.7887323943661971|TSoundPlayer::HandleBlinkStateAndScheduleTimerTick
0x593cb0|0.9090909090909091|TSoundPlayer::ScaleAndApplyAuxOutputVolume
0x593ce0|0.125|Helper_Uses_thunk_GetTickCountDiv16_At00593ce0
0x593e50|0.25|WrapperFor_ftol_At00593e50
0x593e80|0.48|TStatusPicture::CreateObject
0x593f00|1.0|TStatusPicture::GetRuntimeClass
0x593f20|0.3780487804878049|TStatusPicture::DoPostCreate
0x5942f0|0.2857142857142857|TStatusPicture::HandleEvent
0x594540|0.7003891050583657|TStatusPicture::ApplyRectSlot110
0x594790|0.0|Helper_Uses_SetQuickDrawFillColor_At00594790
0x594900|0.2789317507418398|TStatusPicture::RecomputeNationComparisonValuesAndNormalizeScale
0x594c00|0.7948717948717948|TStatusPicture::SortSevenEntriesAndUpdatePictureWidgets
0x594ed0|0.25|WrapperFor_ftol_At00594ed0
0x594f20|0.5079365079365079|TWorldView::CreateObject
0x594fc0|1.0|TWorldView::CenterOn
0x594fe0|1.0|TWorldView::GetRuntimeClass
0x595000|0.7|TWorldView::TWorldView
0x595040|0.9090909090909091|TWorldView::`scalar deleting destructor'
0x595090|1.0|TWorldView::DoPostCreate
0x5950b0|0.2702702702702703|TWorldView::HandleEvent
0x595130|0.011461318051575931|TWorldView::ForwardParam
0x595810|0.12|TWorldView::HandleCursorHoverFallback
0x5958b0|0.4166666666666667|TWorldView::HandleCursorHoverSelectionByChildHitTestAndFallback
0x595c40|1.0|TWorldView::SetFlagByteAndInvokeVslot1A4
0x595c70|0.30303030303030304|TWorldView::RenderMapContextOverlayWithScopedClipAndSurface
0x596020|1.0|TWorldView::RenderMapOrderEntryTilePreview
0x596040|1.0|TWorldView::RenderTacticalStackCountIndicatorAndUnitBadge
0x596060|1.0|TWorldView::RenderMapDialogTerrainOverlayFrameByTileOwner
0x596080|1.0|TWorldView::RenderStrategicTileSelectionAndNeighborHighlights
0x5960a0|1.0|TWorldView::QueryMinusOneWordSlot1BC
0x5960c0|1.0|TWorldView::ComputeWrappedMapCellAndRegionBandFromScreenCoord
0x5960e0|1.0|TWorldView::ForwardProjectTileIndexToWrappedScreenOffsetByScale
0x596100|0.47668393782383417|TWorldView::DispatchUiMouseMoveToChildren
0x596270|0.47619047619047616|TWorldView::InvokeDialogHooks1D8ThenE4
0x5962a0|0.3389830508474576|TWorldView::HandleMapTileClickSetOrderContextAndDispatchEvent79
0x5963d0|1.0|TWorldView::DispatchOverlayEvent78FromStridedRecord
0x596440|1.0|TWorldView::DispatchOverlayEvent78RootHighFromStridedRecord
0x5964b0|0.8451882845188284|TWorldView::HandleMapClickByInteractionMode
0x596680|1.0|TWorldView::SetMapViewCellCoordinates
0x5966a0|1.0|TWorldView::SetMapViewTileIndex
0x5966c0|1.0|TWorldView::OrphanRetStub_005966c0
0x5966e0|1.0|TWorldView::OrphanLeaf_NoCall_Ins02_005966e0
0x596700|1.0|TWorldView::OrphanCallChain_C6_I29_00596700
0x596770|0.4897959183673469|TMapUberUberPicture::CreateObject
0x5967f0|1.0|TMapUberUberPicture::GetRuntimeClass
0x596810|1.0|TMapUberUberPicture::DoPostCreate
0x596840|1.0|TMapUberUberPicture::Free
0x596900|0.5|TMapUberPicture::CreateObject
0x5969c0|1.0|TMapUberPicture::GetRuntimeClass
0x5969e0|0.896551724137931|TMapUberPicture::TMapUberPicture
0x596a30|0.9090909090909091|TMapUberPicture::`scalar deleting destructor'
0x596a80|0.9285714285714286|TMapUberPicture::DoPostCreate
0x596c60|1.0|TMapUberPicture::Free
0x596cb0|0.16101694915254236|TMapUberPicture::SetMapInteractionMode
0x597020|0.3049095607235142|ComposeAndDispatchTurnSummaryLocalizedMessage
0x597340|0.32941176470588235|TMapUberPicture::HandleEvent
0x5974eb|0.0|ReinitializeGameFlowAndPostTurnEvent5DD
0x597600|0.022222222222222223|TMapUberPicture::vmethod_0017
0x597770|0.2222222222222222|TMapUberPicture::ForwardParam
0x5977a0|0.8636363636363636|TMapUberPicture::AutoScrollByEdgeMask
0x597810|0.32653061224489793|TMapUberPicture::RefreshMapOrderEntryPanel
0x597950|0.5862068965517241|TMapUberPicture::SetActiveMapOrderEntry
0x5979f0|1.0|GetActiveMapOrderEntry
0x597a10|0.24489795918367346|TMapUberPicture::OrphanLeaf_NoCall_Ins23_00597a10
0x597a80|0.006779661016949152|TMapUberPicture::CycleMapInteractionSelectionAfterHandledClick
0x597f80|0.0038240917782026767|TMapUberPicture::OpenMapEntryOrderDialog
0x598840|0.0|TToolBarCluster::InvalidateMapRegionForEntryIfUiPassive
0x598870|1.0|TMapUberPicture::InvalidateTile
0x5988c0|1.0|TMapUberPicture::RedrawTile
0x598910|0.26666666666666666|TMapUberPicture::OrphanCallChain_C2_I11_00598910
0x598950|1.0|TMapUberPicture::InvalidateMap
0x598990|1.0|TMapUberPicture::CenterOn
0x5989d0|1.0|TMapUberPicture::SetUpperLeft
0x598a20|1.0|TMapUberPicture::NoticeTile
0x598a50|0.01015228426395939|PromptAndQueueMilitaryProvincePurgeOrders
0x598d70|0.05128205128205128|CreateCivilianWorkOrderAndRegisterSelection
0x598e10|0.0|RunNavyPrimaryOrderCreationDialogAndApplyResults
0x599090|0.004651162790697674|TMapUberPicture::OpenMapContextActionDialogByType
0x599770|0.0|TBuildingConstructionView::SelectNextValidMapOrderEntryFromCursor
0x5998a0|0.0|TToolBarCluster::TrySelectNextValidMapOrderEntry
0x5999f0|1.0|TMapUberPicture::ResetMapInteractionToCivilianMode
0x599a20|0.2|NotifyTaskForceSelectionListenerByWord62
0x599a50|0.6666666666666666|TMapUberPicture::EnterMapInteractionOverlayMode
0x599b90|0.5957446808510638|TMapUberPicture::CommitPendingUiModeChangeAndRefreshViews
0x599cf0|0.5878378378378378|TMapUberPicture::DisplayMiniMap
0x599fa0|1.0|TMapUberPicture::InvalidateMiniMap
0x599fd0|0.7291666666666666|TMapUberPicture::RemoveMiniMap
0x59a180|0.8309859154929577|TMapUberPicture::SetTradeToolSubcontrolEnabledStateByFlag
0x59a290|0.49230769230769234|TMiniMapView::CreateObject
0x59a360|1.0|TMiniMapView::GetRuntimeClass
0x59a380|0.7741935483870968|TMiniMapView::TMiniMapView
0x59a3f0|0.9090909090909091|TMiniMapView::`scalar deleting destructor'
0x59a540|0.0078125|TMiniMapView::ApplyRectSlot110
0x59a920|0.019230769230769232|TMiniMapView::DispatchPictureResourceCommand
0x59acf0|0.25|WrapperFor_ftol_At0059acf0
0x59ad40|1.0|TTacticalPlayer::CreateObject
0x59ad70|1.0|TTacticalPlayer::StartBattle
0x59ad90|1.0|TTacticalPlayer::AdvanceTacticalTurnPulse
0x59adb0|1.0|TTacticalPlayer::NoOpTacticalPlayerHook0C
0x59add0|1.0|TTacticalPlayer::CommitTacticalResultsToSourceUnits
0x59adf0|1.0|TTacticalPlayer::AlwaysTrueTacticalPredicate10
0x59ae10|1.0|TTacticalPlayer::ProceedAfterBattleIntroAccepted
0x59ae30|1.0|TTacticalPlayer::`scalar deleting destructor'
0x59ae60|1.0|TTacticalPlayer::~TTacticalPlayer
0x59ae80|1.0|TTacticalPlayer::GetRuntimeClass
0x59aee0|1.0|TTacticalPlayer::Free
0x59af20|1.0|TTacticalPlayer::SelectNextTacticalUnitForDoneCommand
0x59afa0|0.8666666666666667|TTacticalPlayer::RemoveTacticalUnitFromUnitList
0x59afe0|1.0|TTacticalPlayer::AddTacticalUnitToUnitListHead
0x59b010|1.0|TTacticalPlayer::IsTacticalControllerOwnedByActiveNation
0x59b040|1.0|TTacticalPlayer::HandleTacticalCommandTag_skip
0x59b070|0.8947368421052632|CompareTacticalCursorEntriesByActionClassPriority
0x59b110|1.0|TArmyPlayer::CreateObject
0x59b140|0.9090909090909091|TArmyPlayer::`scalar deleting destructor'
0x59b170|0.5|TArmyPlayer::CreateTArmyPlayerInstance
0x59b190|1.0|TArmyPlayer::GetRuntimeClass
0x59b1b0|0.9606299212598425|TArmyPlayer::InitializeTacticalSideFromArmyUnitList
0x59b390|0.9090909090909091|TArmyTacUnit::`scalar deleting destructor'
0x59b3c0|0.5|DestructTArmyPlayerAndMaybeFree_Impl
0x59b3e0|0.7761194029850746|TArmyPlayer::CommitTacticalResultsToSourceUnits
0x59b4f0|0.5217391304347826|TArmyPlayer::RemoveTacticalUnitFromUnitList
0x59b540|0.7666666666666667|TArmyPlayer::AddTacticalUnitToUnitListHead
0x59b5b0|0.6018518518518519|TArmyPlayer::AccumulateTacticalProjectionMetricsAndUnitRanges
0x59b740|0.7464788732394366|TTacticalPlayer::RetireUndeployedUnitsToReserveList
0x59b830|0.87|TArmyPlayer::StartBattle
0x59b990|0.6635071090047393|TArmyPlayer::RecomputeTacticalCursorProjectionScoresAndPruneList
0x59bc80|1.0|TArmyPlayer::AutoDeploySideUnitsAndMarkReady
0x59bcf0|1.0|TArmyPlayer::BuildTacticalActionPriorityBucketsWithGridGuard
0x59bf20|1.0|TArmyPlayer::DispatchTacticalActionClassSelectionAcrossCursorList
0x59bfe0|0.9247311827956989|TArmyPlayer::SelectTacticalTileIndexByColumnPriorityVariantA
0x59c140|0.8777777777777778|TArmyPlayer::SelectTacticalTileByActionClassAdjacencyPriority
0x59c2a0|0.88|TArmyPlayer::SelectTacticalTileIndexByColumnPriorityVariantB
0x59c3c0|0.6813186813186813|TArmyPlayer::DeploymentClick
0x59c440|0.6836581709145427|TArmyPlayer::SelectAndApplyTacticalCursorModeProfile
0x59c970|0.9904761904761905|TArmyPlayer::ApplyTacticalStanceProfileForCurrentCursorMode
0x59caf0|0.5714285714285714|TArmyPlayer::ApplyDefenderHoldLineStanceByActionClass
0x59cc70|0.05714285714285714|IterateLinkedListCursorEntries_0059cc70
0x59cd00|0.7741935483870968|TArmyPlayer::ApplyDefenderBombardStanceByActionClass
0x59ce90|0.967032967032967|TArmyPlayer::ApplyAttackerSiegeStanceByActionClass
0x59d020|0.8187134502923976|TArmyPlayer::ApplyAttackerAssaultStanceByActionClass
0x59d1a0|0.8187134502923976|TArmyPlayer::ApplyAttackerStandoffStanceByActionClass
0x59d320|0.7254901960784313|TArmyPlayer::ApplyUnopposedAdvanceStanceByActionClass
0x59d400|1.0|TArmyPlayer::SetAllUnitAiStateCodesTo13
0x59d470|1.0|TArmyPlayer::OpponentHasDeployedActiveArtilleryUnit
0x59d530|0.7461139896373057|TArmyPlayer::SelectBestTacticalTileByWeightedHeuristics
0x59d6b0|1.0|TArmyPlayer::ScoreTacticalTileHoldPositionBonus
0x59d6e0|0.8|TArmyPlayer::ScoreTacticalTileFireOpportunityAndTargetApproach
0x59d810|1.0|TArmyPlayer::ScoreTacticalTileSapperWallApproachColumn
0x59d8a0|1.0|TArmyPlayer::ScoreTacticalTileAdjacentEnemyContact
0x59d940|0.7166666666666667|TArmyPlayer::ScoreTacticalTileEnemyEngagementExposureCount
0x59da20|0.8247422680412371|TArmyPlayer::ScoreTacticalTileRetreatEdgeRowProximity
0x59dac0|1.0|TArmyPlayer::ScoreTacticalTileCoverTerrainBonus
0x59db00|1.0|TArmyPlayer::ScoreTacticalTileAdjacentRallyTargetBonus
0x59dba0|1.0|TArmyPlayer::ScoreTacticalTileDistanceFieldAdvance
0x59dbe0|0.855072463768116|TArmyPlayer::ScoreTacticalTileFriendlyArtillerySpacing
0x59dcd0|0.3684210526315789|TArmyPlayer::ScoreTacticalTileArtilleryFiringLaneColumn
0x59dd40|0.7142857142857143|TArmyPlayer::ScoreTacticalTileEnemyArtilleryExposureCount
0x59de30|0.6473029045643154|TArmyPlayer::ScoreTacticalTileEngageableEnemyStandoff
0x59dfe0|1.0|TArmyPlayer::ScoreTacticalTileEnemyArtilleryHuntBonus
0x59e0d0|1.0|TArmyPlayer::ScoreTacticalTileEnemyEdgeColumnZoneBonus
0x59e110|0.5191740412979351|TArmyPlayer::SelectBestTacticalTargetTileByActionHeuristics
0x59e3e0|1.0|TArmyPlayer::AdvanceTacticalTurnPulse
0x59e4f0|0.9422382671480144|TArmyPlayer::RunTacticalAutoTurnControllerForActiveUnit
0x59e8a0|0.0|BuildTacticalActionClassAndPositionFlags
0x59e9c0|0.043478260869565216|IterateLinkedListCursorEntries_0059e9c0
0x59ea60|0.041666666666666664|TArmyPlayer::TArmyTacUnit_VtblSlot09
0x59eb40|1.0|TArmyPlayer::ProceedAfterBattleIntroAccepted
0x59eb80|0.42424242424242425|TNavyPlayer::CreateObject
0x59ebb0|0.9090909090909091|TNavyPlayer::`scalar deleting destructor'
0x59ebe0|0.5|TNavyPlayer::CreateTNavyPlayerInstance
0x59ec00|1.0|TNavyPlayer::GetRuntimeClass
0x59ed60|1.0|TNavyTacUnit::GetSourceTaskForce
0x59ed80|0.9090909090909091|TNavyTacUnit::`scalar deleting destructor'
0x59edb0|0.5|DestructTNavyPlayerAndMaybeFree_Impl
0x59edd0|0.9041095890410958|TNavyPlayer::CommitTacticalResultsToSourceUnits
0x59ee60|0.8666666666666667|TNavyPlayer::RemoveTacticalUnitFromUnitList
0x59eea0|0.9090909090909091|TNavyPlayer::AddTacticalUnitToUnitListHead
0x59eef0|0.42424242424242425|TNavyHumanPlayer::CreateObject
0x59ef20|0.9090909090909091|TNavyHumanPlayer::`scalar deleting destructor'
0x59ef50|0.5|TNavyHumanPlayer::CreateTNavyHumanPlayerInstance
0x59ef70|1.0|TNavyHumanPlayer::GetRuntimeClass
0x59efc0|0.6813186813186813|TNavyHumanPlayer::DeploymentClick
0x59f040|0.42424242424242425|TNavyAutoPlayer::CreateObject
0x59f070|0.9090909090909091|TNavyAutoPlayer::`scalar deleting destructor'
0x59f0a0|0.5|TNavyAutoPlayer::CreateTNavyAutoPlayerInstance
0x59f0c0|1.0|TNavyAutoPlayer::GetRuntimeClass
0x59f110|0.8421052631578947|TNavyAutoPlayer::StartBattle
0x59f160|0.38977635782747605|TNavyAutoPlayer::AdvanceTacticalTurnPulse
0x59f5c0|0.25|WrapperFor_ftol_At0059f5c0
0x59f610|0.9142857142857143|CompareTacticalUnitsForTurnOrder
0x59f6d0|0.2926829268292683|TTacticalBattle::CreateObject
0x59f710|1.0|TTacticalBattle::DeployTacticalUnitToTile
0x59f730|0.5|TTacticalBattle::FinalizeTacticalBattleOutcome
0x59f750|1.0|TTacticalBattle::GetRuntimeClass
0x59f770|1.0|TTacticalBattle::TTacticalBattle
0x59f7a0|0.9090909090909091|TTacticalBattle::`scalar deleting destructor'
0x59f7d0|0.5|DestructTTacticalBattleAndMaybeFree_Impl
0x59f7f0|1.0|TArmyBattle::AllocateRecordList
0x59f890|1.0|TTacticalBattle::BuildTacticalBattleStateFromBothSides
0x59fb50|1.0|TTacticalBattle::Free
0x59fc20|1.0|TTacticalBattle::StartBattle
0x59fc40|0.047619047619047616|IterateLinkedListCursorEntries_0059fc40
0x59fcd0|0.1111111111111111|OrphanCallChain_C2_I16_0059fcd0
0x59fd10|1.0|TTacticalBattle::HandleTacticalCommandTag_retr
0x59fdb0|1.0|TTacticalBattle::FinalizeTacticalTurnStateAndQueueEvent232A
0x59fe40|1.0|TTacticalBattle::ApplyTacticalDoneSelectionAndRefreshUi
0x59ff20|0.44776119402985076|TTacticalBattle::ComputeTacticalReachableTileCostsByUnitCategory
0x5a02e0|0.17616580310880828|TTacticalBattle::PropagateTileAccessibilityStrengthLevels
0x5a0420|1.0|TTacticalBattle::ComputeHexNeighborTileIndices_005A0420
0x5a0550|0.08695652173913043|IsHexNeighborTileIndex
0x5a05a0|0.39285714285714285|TTacticalBattle::ComputeTacticalHoverCursorStateIndex
0x5a0a90|0.0|ResolveTacticalHoverCursorToken
0x5a0c50|1.0|TTacticalBattle::HandleTacticalBattleCommandTag
0x5a0d60|1.0|TTacticalBattle::QueueTacticalEventPacket232A
0x5a0ea0|0.6339285714285714|TTacticalBattle::AdvanceToNextTacticalUnitTurnStep
0x5a1010|1.0|TTacticalBattle::SetCurrentTacticalUnitSelection
0x5a10e0|0.28125|TTacticalBattle::ProcessTacticalUnitState1TurnStep
0x5a1400|1.0|TTacticalBattle::HasEnemyUnitOnTilesFlankingHexDirection
0x5a1520|0.48148148148148145|TTacticalBattle::MoveTacticalUnitTowardTile
0x5a16e0|0.7192429022082019|TTacticalBattle::BuildPathToTargetByDistanceField
0x5a1910|1.0|TTacticalBattle::MoveTacticalUnitBetweenTiles
0x5a1a20|0.7931034482758621|TTacticalBattle::ResolveTacticalReactionChecksForTile
0x5a1b50|0.05|WrapperFor_thunk_ComputeHexNeighborTileIndices_At005a1b50
0x5a1bd0|1.0|TTacticalBattle::MoveTacticalUnitAndQueueEvent232AIfNoAdjacentReachableTarget
0x5a1ca0|1.0|TTacticalBattle::ExecuteTacticalActionAndQueueEventIfNoAdjacentValidTarget
0x5a1d70|0.5662100456621004|TTacticalBattle::HasValidTacticalFollowupTargetForCurrentAction
0x5a1ee0|0.5649867374005305|TTacticalBattle::EvaluateAndResolveTacticalActionAgainstTileOccupant
0x5a24a0|1.0|TTacticalBattle::ApplyTacticalActionEffectsAndMaybeRemoveUnit
0x5a2630|0.0|Helper_Uses_thunk_AdvanceLinkedListCursor_At005a2630
0x5a2700|0.6|TTacticalBattle::TransferTacticalUnitToOpposingSide
0x5a2750|0.7524752475247525|TTacticalBattle::EvaluateTacticalSideStateAndShowBattleSummaryDialog
0x5a3190|1.0|TTacticalBattle::MarkTacticalTileStateQueuedAndMaybeDispatchPacket
0x5a3210|0.33121019108280253|TTacticalBattle::AdvanceOrResetTacticalTileStateRunAndMaybeDispatchPacket
0x5a3320|1.0|TTacticalBattle::ClearTacticalTileStateRunByStride
0x5a3370|0.0|DispatchTacticalActionByHoverStateIndex
0x5a34d0|0.7924528301886793|TTacticalBattle::ExecuteTacticalMineActionAndQueuePacket
0x5a35a0|1.0|TTacticalBattle::HandleTacticalCommandTag_mine
0x5a3640|1.0|TTacticalBattle::ExecuteTacticalDigActionAndConsumeUnitActionPoints
0x5a36d0|0.8342245989304813|TTacticalBattle::HandleTacticalCommandTag_digg
0x5a3810|0.7107438016528925|TTacticalBattle::ComputeRallyStrengthAndQueueTacticalRallyCommand
0x5a38e0|1.0|TTacticalBattle::HandleTacticalCommandTag_raly
0x5a39a0|0.9393939393939394|ComputeHexTileDistanceFromIndices
0x5a3a70|0.4|TTacticalBattle::FindFortWallTileCrossedByFiringLine
0x5a3c20|0.8723404255319149|TTacticalBattle::ConsumeFortStrengthPointsAndInvalidateIfDepleted
0x5a3d30|0.8104956268221575|TTacticalBattle::IsTacticalTargetTileReachableForAction
0x5a3f10|0.3389830508474576|TTacticalBattle::HandleTacticalCommandTag_targ
0x5a41c0|0.6|TTacticalBattle::ApplyGridColumnSelectionGuard
0x5a4240|0.48695652173913045|TTacticalBattle::CountFreeDeploymentZoneTilesForCurrentSide
0x5a42e0|0.5|TTacticalBattle::HasFortWallGarrison
0x5a4330|1.0|TTacticalBattle::IsTacticalSideCategoryCoverageIncompleteOrFlagOff
0x5a4370|1.0|TTacticalBattle::HandleTacticalCommandTag_depl
0x5a4460|0.7147540983606557|TTacticalBattle::BuildTacticalDistanceFieldForSide
0x5a4690|1.0|TTacticalBattle::IsTacticalTileAtFortWallSectionSlot
0x5a4710|0.19047619047619047|TArmyBattle::CreateObject
0x5a4750|1.0|TArmyBattle::GetRuntimeClass
0x5a4770|0.0|TArmyBattle::ConstructTArmyBattleBaseState
0x5a4790|0.873015873015873|TArmyBattle::InitializeBattleSetupAndMaybeDispatchTurnEventED8
0x5a4990|0.767402376910017|TArmyBattle::ReadFrom
0x5a4da0|0.783625730994152|TArmyBattle::WriteTo
0x5a4fc0|0.8550185873605948|TArmyBattle::LoadBattleSetupTabDataByIndex
0x5a51e0|0.783068783068783|TArmyBattle::DeployTacticalUnitToTile
0x5a5320|0.6732673267326733|TArmyBattle::FinalizeTacticalBattleOutcome
0x5a53e0|1.0|TTacticalBattle::SeekLinkedListCursorByNestedId
0x5a5480|0.2926829268292683|TNavyBattle::CreateObject
0x5a54d0|0.9090909090909091|TNavyBattle::`scalar deleting destructor'
0x5a5500|0.5|TNavyBattle::CreateTNavyBattleInstance
0x5a5520|1.0|TNavyBattle::GetRuntimeClass
0x5a55c0|1.0|TNavyBattle::DeployTacticalUnitToTile
0x5a5730|0.6686046511627907|TNavyBattle::EvaluateAndResolveTacticalActionAgainstTileOccupant
0x5a59a0|1.0|ConvertHexTileIndexToRowAndDoubleColumn
0x5a59f0|0.020618556701030927|TNavyBattle::ComputeTacticalReachableTileCostsByUnitCategory
0x5a5b70|0.8571428571428571|TNavyBattle::FinalizeTacticalBattleOutcome
0x5a5b90|1.0|TTacticalBattle::SetCurrentSideNavyShipDisplayMode
0x5a5bc0|0.044444444444444446|TNavyBattle::ExecuteTacticalActionAndQueueEventIfNoAdjacentValidTarget
0x5a5c50|0.034482758620689655|TNavyBattle::MoveTacticalUnitAndQueueEvent232AIfNoAdjacentReachableTarget
0x5a5d10|1.0|TTacticalUnit::CreateObject
0x5a5d40|1.0|TTacticalUnit::GetBaseActionPoints
0x5a5d60|1.0|TTacticalUnit::GetUnitRange
0x5a5d80|1.0|TTacticalUnit::GetBaseAttackPower
0x5a5da0|1.0|TTacticalUnit::GetDamageScale
0x5a5dc0|0.9090909090909091|TTacticalUnit::`scalar deleting destructor'
0x5a5df0|0.5|TTacticalUnit::CreateTTacticalUnitInstance
0x5a5e10|1.0|TTacticalUnit::GetRuntimeClass
0x5a5e30|1.0|TTacticalUnit::ConstructTTacticalUnitBaseState
0x5a5e70|1.0|TTacticalUnit::ApplyTacticalDamage
0x5a5eb0|1.0|TTacticalUnit::FlipUnitSideAffiliation
0x5a5ed0|1.0|TArmyTacUnit::CreateObject
0x5a5f00|1.0|TArmyTacUnit::GetRuntimeClass
0x5a5f20|0.8539325842696629|TArmyTacUnit::ConstructTArmyTacUnitBaseState
0x5a5fe0|0.7571428571428571|TArmyTacUnit::ComputeTacticalProjectionScoreVector
0x5a6120|1.0|TArmyTacUnit::GetBaseActionPoints
0x5a6140|0.9090909090909091|TArmyTacUnit::GetUnitRange
0x5a6180|1.0|TArmyTacUnit::GetBaseAttackPower
0x5a61a0|1.0|TArmyTacUnit::GetDamageScale
0x5a61c0|1.0|TArmyTacUnit::ApplyTacticalDamage
0x5a6240|0.42424242424242425|TNavyTacUnit::CreateObject
0x5a6270|1.0|TNavyTacUnit::GetRuntimeClass
0x5a6290|0.0|WrapperFor_ComputeOrderNodeDerivedScoreFromQuantityAndWord18_At005a6290
0x5a6310|1.0|TNavyTacUnit::GetBaseActionPoints
0x5a6330|1.0|TNavyTacUnit::GetUnitRange
0x5a6350|1.0|TNavyTacUnit::GetBaseAttackPower
0x5a6370|1.0|TNavyTacUnit::GetDamageScale
0x5a63c0|0.8309859154929577|TNavyTacUnit::ApplyTacticalDamageAndDeathState
0x5a64d0|1.0|TNextMoveCommand::CreateObject
0x5a6540|1.0|TNextMoveCommand::GetRuntimeClass
0x5a6560|0.2222222222222222|TNextMoveCommand::ConstructTNextMoveCommandBaseState
0x5a6590|0.9090909090909091|TNextMoveCommand::`scalar deleting destructor'
0x5a65c0|0.5|DestructTNextMoveCommandAndMaybeFree_Impl
0x5a6620|0.43478260869565216|TNextMoveCommand::DoIt
0x5a67e0|0.25|WrapperFor_ftol_At005a67e0
0x5a6940|0.819672131147541|ClipSrcRectToBoundsAndOffsetDstRect
0x5a6a20|0.927933293627159|InitializeTacticalUnitFacingOffsetTable
0x5a82b0|1.0|TTacticalBattleView::CreateObject
0x5a8330|1.0|TTacticalBattleView::GetRuntimeClass
0x5a8350|1.0|TTacticalBattleView::TTacticalBattleView
0x5a83c0|0.6666666666666666|TTacticalBattleView::DrawTacticalTileInClipRect
0x5a83e0|0.9090909090909091|TTacticalBattleView::`scalar deleting destructor'
0x5a8430|0.06060606060606061|TTacticalBattleView::Free
0x5a84d0|0.6388888888888888|TTacticalBattleView::DoPostCreate
0x5a8550|0.08695652173913043|TTacticalBattleView::ForwardParam
0x5a8660|0.08|TTacticalBattleView::BeginMouseCaptureAndStartRepeatTimer
0x5a86d0|0.7115384615384616|TTacticalBattleView::ConvertScreenPointToHexGridCoordClamped
0x5a8790|1.0|TTacticalBattleView::SyncStatusPanelBounds
0x5a87d0|1.0|TTacticalBattleView::ComputeTacticalHexTileScreenRect
0x5a8860|0.8791208791208791|TTacticalBattleView::InvalidateTacticalHexTileRect
0x5a8900|0.0425531914893617|TTacticalBattleView::TacticalBattleViewSlot68
0x5a89a0|1.0|TTacticalBattleView::InvalidateTacticalUnitTileRect
0x5a89f0|0.42105263157894735|TTacticalBattleView::ComputeTacticalUnitTileScreenRect
0x5a8ac0|0.6867469879518072|TTacticalBattleView::CenterViewportAroundGridIndexAndSnap
0x5a8be0|1.0|TTacticalBattleView::AdjustTacticalUnitVerticalOffsetAndRefreshMarker
0x5a8ca0|0.044444444444444446|TTacticalBattleView::HandleCursorHoverFallback
0x5a8d40|0.009950248756218905|TTacticalBattleView::HandleCursorHoverSelectionByChildHitTestAndFallback
0x5a9090|0.8208955223880597|TTacticalBattleView::PlayTacticalTileEffect
0x5a9170|0.9454545454545454|TTacticalBattleView::RunOneTimeAnimationModalWaitAndInvalidateCityDialog
0x5a9240|0.563855421686747|TTacticalBattleView::AnimateTacticalUnitMoveBetweenTiles
0x5a9550|0.22984562607204118|TTacticalBattleView::DrawUiTilesAndOverlay
0x5a99e0|1.0|DrawHexSelectionOutlineSegments
0x5a9b40|0.92|TTacticalBattleView::UpdateTacticalActionControlBitmapForCurrentUnit
0x5a9bb0|0.7310344827586207|TTacticalBattleView::SpawnTacticalUiMarkerAtUnitTile
0x5a9cc0|1.0|TTacticalBattleView::TriggerTacticalUiUpdate2711
0x5a9cf0|0.4897959183673469|TTacArmyView::CreateObject
0x5a9d70|1.0|TTacArmyView::GetRuntimeClass
0x5a9d90|0.6260032102728732|TTacArmyView::ConstructTTacArmyViewBaseState
0x5aa2e0|0.2877030162412993|TTacArmyView::ApplyRectSlot110
0x5aa670|1.0|TTacticalBattleView::ComputeTacticalUnitSpriteOrientationIndexByAdjacentType1Occupancy
0x5aa7d0|0.5798816568047337|TTacticalBattleView::ComputeTacticalUnitSpriteDrawRectAndApplyFacingOffset
0x5aa900|0.29157862964080894|TTacArmyView::DrawTacticalTileInClipRect
0x5ac780|0.5161290322580645|TTacticalToolbar::CreateObject
0x5ac820|1.0|TTacticalToolbar::GetRuntimeClass
0x5ac840|0.7577639751552795|TTacticalToolbar::DoPostCreate
0x5ac950|0.21296296296296297|TTacticalToolbar::ApplyRectSlot110
0x5acb50|0.7466666666666667|TTacticalToolbar::UpdateTacticalCurrentUnitControlAndDialogLabel
0x5acc90|0.041666666666666664|TTacticalToolbar::TacticalToolbarSlot74
0x5acd60|1.0|TTacticalToolbar::ConfigureTacticalTargetDoneRetreatAutoControls
0x5acf90|1.0|TTacticalToolbar::HandleEvent
0x5ad030|0.5161290322580645|TTacNavyToolbar::CreateObject
0x5ad0d0|0.6666666666666666|TTacNavyToolbar::UpdateTacticalCurrentUnitControlAndDialogLabel
0x5ad0f0|0.6666666666666666|TTacNavyToolbar::TacticalToolbarSlot74
0x5ad110|0.9090909090909091|TTacNavyToolbar::`scalar deleting destructor'
0x5ad160|1.0|TTacNavyToolbar::GetRuntimeClass
0x5ad180|1.0|TTacNavyToolbar::DoPostCreate
0x5ad1b0|1.0|TTacNavyToolbar::HandleEvent
0x5ad2e0|0.5818181818181818|TTacMapUberPicture::CreateObject
0x5ad380|1.0|TTacMapUberPicture::GetRuntimeClass
0x5ad3a0|0.6666666666666666|TTacMapUberPicture::DoPostCreate
0x5ad3f0|0.11764705882352941|TTacMapUberPicture::ForwardParam
0x5ad430|0.4897959183673469|TTacticalAdiosPicture::CreateObject
0x5ad4b0|1.0|TTacticalAdiosPicture::GetRuntimeClass
0x5ad4d0|0.7586206896551724|TTacticalAdiosPicture::DoPostCreate
0x5ad650|1.0|TTacticalAdiosPicture::HandleEvent
0x5ad6c0|0.4897959183673469|TTacticalHolaPicture::CreateObject
0x5ad740|1.0|TTacticalHolaPicture::GetRuntimeClass
0x5ad760|1.0|TTacticalHolaPicture::ConfigureBattleIntroCoatsAndSiteLabels
0x5ad9e0|1.0|ResetUiFrameClipOrigin
0x5adb10|0.25|WrapperFor_ftol_At005adb10
0x5adb40|0.42424242424242425|TTask::CreateObject
0x5adb70|1.0|TTask::GetRuntimeClass
0x5adbb0|0.9090909090909091|TTask::`scalar deleting destructor'
0x5adbe0|0.5|TTask::DestructTTaskAndMaybeFree
0x5adc30|0.6|TTask::Tick
0x5adc50|1.0|TTask::WriteTo
0x5adc90|1.0|TTask::ReadFrom
0x5adcd0|0.42424242424242425|TCityTask::CreateObject
0x5add00|1.0|TCityTask::GetRuntimeClass
0x5add20|0.2|TCityTask::TCityTask
0x5add40|0.9090909090909091|TCityTask::`scalar deleting destructor'
0x5add70|0.5|DestroyTCityTask_Impl
0x5add90|0.7692307692307693|TCityTask::InitializeCityProductionQueueCommand
0x5adde0|0.673469387755102|TCityTask::Tick
0x5ae010|0.5309734513274337|TCityTask::QueueCityOrderType10CommandIfReady
0x5ae0e0|0.5348837209302325|TCityTask::QueueCityRecruitmentSupportCommandsIfDeficit
0x5ae240|0.3125|TCityTask::QueueCityOrderInputDeltaCommands
0x5ae420|0.4943820224719101|TCityTask::ApplyProductionDistributionToCitySlots
0x5ae4b0|0.6391752577319587|TCityTask::QueueCityProductionOrderCommand
0x5ae570|1.0|TCityTask::WriteTo
0x5ae5e0|1.0|TCityTask::ReadFrom
0x5ae650|0.42424242424242425|TShipBuildingTask::CreateObject
0x5ae680|1.0|TShipBuildingTask::GetRuntimeClass
0x5ae6a0|0.2|TShipBuildingTask::TShipBuildingTask
0x5ae6c0|0.9090909090909091|TShipBuildingTask::`scalar deleting destructor'
0x5ae6f0|0.5|DestroyTShipBuildingTask_Impl
0x5ae710|0.0|InitializeOrderRecordFieldsFromArgs
0x5ae780|0.027586206896551724|TShipBuildingTask::Tick
0x5ae9e0|0.04|TShipBuildingTask::WriteTo
0x5aea70|0.045454545454545456|TShipBuildingTask::ReadFrom
0x5aeaf0|0.46153846153846156|TTaskList::CreateObject
0x5aeb70|1.0|TTaskList::GetRuntimeClass
0x5aeb90|0.8695652173913043|TTaskList::TTaskList
0x5aec00|0.9090909090909091|TTaskList::`scalar deleting destructor'
0x5aec30|0.1111111111111111|TaskList::WrapperFor_DestructCPtrListBaseState_At005aec30
0x5aec80|0.6666666666666666|InitializeCityProductionState_Impl_At005aec80
0x5aeca0|0.0|DispatchCityProductionQueueCommand
0x5aecc0|0.04081632653061224|OrphanCallChain_C6_I47_005aecc0
0x5aed50|0.723404255319149|TTaskList::ContainsTask
0x5aef00|0.25|WrapperFor_ftol_At005aef00
0x5aef30|0.42424242424242425|TTechMgr::CreateObject
0x5aef60|1.0|TTechMgr::GetRuntimeClass
0x5aef80|1.0|TTechMgr::TTechMgr
0x5aefa0|0.9090909090909091|TTechMgr::`scalar deleting destructor'
0x5aefd0|0.5|DestructTTechMgrAndMaybeFree_Impl
0x5aeff0|0.6985915492957746|TTechMgr::InitializeCityOrderCapabilityStateDefaults
0x5af330|0.4936708860759494|TTechMgr::GenerateRandomCapabilityPrioritySlots
0x5af460|0.01|TTechMgr::ReadFrom
0x5af710|0.011904761904761904|TTechMgr::WriteTo
0x5af980|0.37158469945355194|TTechMgr::CheckForAdvances
0x5afb10|1.0|TTechMgr::ApplyTechUnlockAndQueueNationAbilityNotices
0x5afba0|0.71875|TTechMgr::ApplyCityOrderCapabilityUnlockByTechId
0x5afd00|0.962059620596206|TTechMgr::HandleAbilityUnlock
0x5b0340|0.8787878787878788|TTechMgr::ActivateSlotAndUpdateUI
0x5b0500|0.6409807355516638|TTechMgr::UpdateSelectionAndRecalculateScores
0x5b0a20|0.7619047619047619|TTechMgr::AreTechItemPrerequisitePairCompleted
0x5b0a90|0.38235294117647056|TTechMgr::SelectMissingTechItemPrerequisitesFromPair
0x5b0b30|1.0|TTechMgr::ApplyTechItemPurchaseCostAndState
0x5b0bb0|1.0|TTechMgr::RefundTechItemPurchaseCostAndClearState
0x5b0c20|1.0|TTechMgr::ConsumeFirstPendingAbilityUnlock
0x5b0c70|1.0|TTechMgr::SetCityOrderCapabilityTierScaledValueByIndex
0x5b0ca0|1.0|TTechMgr::GetNationFortLevelCap
0x5b0e40|0.25|WrapperFor_ftol_At005b0e40
0x5b0e70|0.4897959183673469|TTechStorePage::CreateObject
0x5b0ef0|1.0|TTechStorePage::GetRuntimeClass
0x5b0f10|0.0|TTechStorePage::ConstructTTechStorePageBaseState
0x5b1040|0.9090909090909091|TTechItemLine::`scalar deleting destructor'
0x5b1070|0.5|DestructTTechStorePageAndMaybeFree_Impl
0x5b1090|0.4897959183673469|TTechItemLine::CreateObject
0x5b1100|1.0|TTechItemLine::GetRuntimeClass
0x5b1160|1.0|TTechItemLine::CreateLineItemView
0x5b1200|0.9090909090909091|TTechItemView::`scalar deleting destructor'
0x5b1250|1.0|TTechItemView::CreateObject
0x5b12c0|1.0|TTechItemView::GetRuntimeClass
0x5b12e0|0.4858369098712446|TTechItemView::ConstructTTechItemViewBaseState
0x5b1e20|0.5635103926096998|TTechItemView::HandleEvent
0x5b2230|0.4897959183673469|TTechHistoryView::CreateObject
0x5b22a0|1.0|TTechHistoryView::GetRuntimeClass
0x5b22c0|0.3342776203966006|TTechHistoryView::ConstructTTechHistoryViewBaseState
0x5b2710|0.25|WrapperFor_ftol_At005b2710
0x5b2740|0.43636363636363634|TGameSetupDialog::CreateObject
0x5b27d0|0.9090909090909091|TGameSetupDialog::`scalar deleting destructor'
0x5b2820|1.0|TGameSetupDialog::GetRuntimeClass
0x5b2860|0.6666666666666666|TGameSetupDialog::OrphanRetStub_005b2860
0x5b2880|0.4897959183673469|TMapEditCluster::CreateObject
0x5b2900|0.9090909090909091|TMapEditCluster::`scalar deleting destructor'
0x5b2950|1.0|TMapEditCluster::GetRuntimeClass
0x5b2970|1.0|TMapEditCluster::HandleEvent
0x5b29a0|0.43636363636363634|TMinorTradeBidsDialog::CreateObject
0x5b2a30|0.9090909090909091|TMinorTradeBidsDialog::`scalar deleting destructor'
0x5b2a80|1.0|TMinorTradeBidsDialog::GetRuntimeClass
0x5b2aa0|0.016|TMinorTradeBidsDialog::ConstructTMinorTradeBidsDialogBaseState
0x5b2ca0|0.43636363636363634|TRelationshipDialog::CreateObject
0x5b2d30|0.9090909090909091|TRelationshipDialog::`scalar deleting destructor'
0x5b2d80|1.0|TRelationshipDialog::GetRuntimeClass
0x5b2da0|0.022988505747126436|TRelationshipDialog::Close
0x5b2f10|0.00909090909090909|TRelationshipDialog::VTableSlot68
0x5b3300|0.43636363636363634|TMinorRelationshipDialog::CreateObject
0x5b3390|0.9090909090909091|TMinorRelationshipDialog::`scalar deleting destructor'
0x5b33e0|1.0|TMinorRelationshipDialog::GetRuntimeClass
0x5b3400|0.022988505747126436|TMinorRelationshipDialog::Close
0x5b3570|0.0064516129032258064|TMinorRelationshipDialog::VTableSlot68
0x5b3ae0|0.43636363636363634|TGPTreatyDialog::CreateObject
0x5b3b70|0.9090909090909091|TGPTreatyDialog::`scalar deleting destructor'
0x5b3bc0|1.0|TGPTreatyDialog::GetRuntimeClass
0x5b3be0|0.009433962264150943|TGPTreatyDialog::ConstructTGPTreatyDialogBaseState
0x5b3f90|0.43636363636363634|TMinorTreatyDialog::CreateObject
0x5b4020|0.9090909090909091|TMinorTreatyDialog::`scalar deleting destructor'
0x5b4070|1.0|TMinorTreatyDialog::GetRuntimeClass
0x5b4090|0.006600660066006601|TMinorTreatyDialog::ConstructTMinorTreatyDialogBaseState
0x5b45c0|0.43636363636363634|TAutomatedPlayDialog::CreateObject
0x5b4650|0.9090909090909091|TAutomatedPlayDialog::`scalar deleting destructor'
0x5b46a0|1.0|TAutomatedPlayDialog::GetRuntimeClass
0x5b46c0|0.05714285714285714|TAutomatedPlayDialog::Close
0x5b4760|0.7142857142857143|TSpecialQuitPicture::CreateObject
0x5b47f0|1.0|TSpecialQuitPicture::GetRuntimeClass
0x5b4810|0.8032786885245902|TSpecialQuitPicture::DoPostCreate
0x5b4a10|0.7313432835820896|TSpecialQuitPicture::HandleEvent
0x5b4bd0|0.0|WrapperFor_ReleaseSharedStringRefIfNotEmpty_At005b4bd0
0x5b4cd0|0.0|HandleCitySiteShowAnimation_TailEpilogueRetC
0x5b4ee0|0.25|WrapperFor_ftol_At005b4ee0
0x5b4f10|0.5818181818181818|TMyNumberText::CreateObject
0x5b4fb0|1.0|TMyNumberText::GetRuntimeClass
0x5b4fd0|0.8|TMyNumberText::TMyNumberText
0x5b5000|0.9090909090909091|TMyNumberText::`scalar deleting destructor'
0x5b5050|0.12244897959183673|TMyNumberText::UpdateControlCachedIntFromWindowText
0x5b5120|0.5818181818181818|TPictureNumberText::CreateObject
0x5b51c0|1.0|TPictureNumberText::GetRuntimeClass
0x5b51e0|0.75|TPictureNumberText::TPictureNumberText
0x5b5210|0.9090909090909091|TPictureNumberText::`scalar deleting destructor'
0x5b5260|0.4897959183673469|TPictureText::CreateObject
0x5b52e0|1.0|TPictureText::GetRuntimeClass
0x5b5300|1.0|TPictureText::TPictureText
0x5b5330|0.9090909090909091|TPictureText::`scalar deleting destructor'
0x5b5380|0.4897959183673469|TMyStaticText::CreateObject
0x5b5400|1.0|TMyStaticText::GetRuntimeClass
0x5b5420|1.0|TMyStaticText::TMyStaticText
0x5b5450|0.9090909090909091|TMyStaticText::`scalar deleting destructor'
0x5b54a0|0.47058823529411764|TDropShadowText::CreateObject
0x5b5570|1.0|TDropShadowText::GetRuntimeClass
0x5b5590|0.42857142857142855|TDropShadowText::TDropShadowText
0x5b5600|0.9090909090909091|TDropShadowText::`scalar deleting destructor'
0x5b5650|0.39408866995073893|TDropShadowText::ApplyRectSlot110
0x5b5820|0.49230769230769234|TDropShadowNumberText::CreateObject
0x5b58f0|1.0|TDropShadowNumberText::GetRuntimeClass
0x5b5910|0.6666666666666666|TDropShadowNumberText::TDropShadowNumberText
0x5b5960|0.9090909090909091|TDropShadowNumberText::`scalar deleting destructor'
0x5b59b0|0.09523809523809523|TDropShadowNumberText::ApplyRectSlot110
0x5b5ac0|0.4383561643835616|TInfoBarPictureText::CreateObject
0x5b5bb0|1.0|TInfoBarPictureText::GetRuntimeClass
0x5b5c60|0.9090909090909091|TInfoBarPictureText::`scalar deleting destructor'
0x5b5c90|0.0|TInfoBarPictureText::DestructTInfoBarPictureTextAndMaybeFree
0x5b5cb0|0.48214285714285715|TInfoBarPictureText::SetTextAndLayoutRect
0x5b5dd0|0.35514018691588783|TInfoBarPictureText::ClearTextAndLayoutRect
0x5b5ee0|0.4383561643835616|TDeluxeText::CreateObject
0x5b5fd0|1.0|TDeluxeText::GetRuntimeClass
0x5b5ff0|1.0|TDeluxeText::ConstructTDeluxeTextBaseState
0x5b6060|1.0|TDeluxeText::DoPostCreate
0x5b60a0|1.0|TDeluxeText::SetSelectedFlagAndState
0x5b60d0|1.0|TDeluxeText::SetTextFromUiStringResourceId
0x5b6170|1.0|TDeluxeText::ApplyRectSlot110
0x5b62a0|0.35714285714285715|TDeluxeText::ApplyTextStyleDescriptorAndMaybeRefresh
0x5b62e0|0.4838709677419355|TDeluxeText::BuildAndApplyTextStyleDescriptor
0x5b6360|1.0|TDeluxeText::SetTextEntryFromChars
0x5b63e0|0.647887323943662|TDeluxeText::RecenterTextFromMeasuredWidthAndMaybeInvalidate
0x5b6480|1.0|TDeluxeText::UpdateTextEntrySharedString
0x5b64a0|1.0|TDeluxeText::UpdateTextEntrySharedStringAndMaybeNotify
0x5b64e0|1.0|TDeluxeText::BuildCityViewProductionControls_Impl
0x5b65a0|0.4383561643835616|TInfoBarText::CreateObject
0x5b6690|1.0|TInfoBarText::GetRuntimeClass
0x5b66b0|0.6976744186046512|TInfoBarText::SetTextAndLayoutRect
0x5b6770|0.5352112676056338|TInfoBarText::ClearTextAndLayoutRect
0x5b6810|1.0|TInfoBarText::OrphanCallChain_C1_I05_005b6810
0x5b6840|0.5042016806722689|TInfoBarText::InitializeMapHintTextStyleAndThemeFlags
0x5b6930|1.0|TInfoBarText::Free
0x5b6960|0.4897959183673469|TNoHiliteText::CreateObject
0x5b69e0|1.0|TNoHiliteText::GetRuntimeClass
0x5b6a00|1.0|TNoHiliteText::TNoHiliteText
0x5b6a30|0.9090909090909091|TNoHiliteText::`scalar deleting destructor'
0x5b6a80|0.0|TTown::CreateTTownInstance
0x5b6be0|0.25|WrapperFor_ftol_At005b6be0
0x5b6c10|0.42424242424242425|TTown::CreateObject
0x5b6c40|1.0|TTown::GetRuntimeClass
0x5b6c60|1.0|TTown::TTown
0x5b6c80|0.9090909090909091|TTown::`scalar deleting destructor'
0x5b6cb0|0.5|DestructTTownAndMaybeFree_Impl
0x5b6cd0|0.5714285714285714|TTown::InitializeTownMarker
0x5b6d70|0.5897435897435898|TTown::ReadFrom
0x5b6e60|0.36|TTown::WriteTo
0x5b6f70|0.5132743362831859|TTown::CalculateRawResources
0x5b7140|0.3935483870967742|TTown::CalculateResources
0x5b73e0|0.5212765957446809|TTown::CalculateCityResources
0x5b7570|0.7251461988304093|TTown::Grow
0x5b77e0|1.0|TTown::SetName
0x5b7830|1.0|TTown::IsUnblockedPort
0x5b79a0|0.25|WrapperFor_ftol_At005b79a0
0x5b79d0|0.42424242424242425|TTradeMgr::CreateObject
0x5b7a00|0.5|TTradeMgr::GetRuntimeClass
0x5b7a20|1.0|TTradeMgr::TTradeMgr
0x5b7a40|1.0|TTradeMgr::`scalar deleting destructor'
0x5b7a70|1.0|TTradeMgr::~TTradeMgr
0x5b7a90|0.7058823529411765|TTradeMgr::InitializeNationInteractionStateManagerDefaults
0x5b7bc0|1.0|TTradeMgr::Free
0x5b7c10|0.3373493975903614|TTradeMgr::ReadFrom
0x5b7d90|0.35390946502057613|TTradeMgr::WriteTo
0x5b7f50|1.0|IsSpecialNationInteractionResource
0x5b7fc0|0.5309734513274337|TTradeMgr::OrphanCallChain_C3_I50_005b7fc0
0x5b8080|0.17547169811320754|TTradeMgr::AccumulateDiplomacyRelationChangesAndQueueEvents
0x5b8aa0|1.0|TTradeMgr::DispatchNationMetricUpdatePassForAllSlots
0x5b8ad0|0.5|TTradeMgr::ComputeNationMetricBaselineValueForSlot
0x5b8d40|1.0|TTradeMgr::GetNationMetricWeightedScoreForSlot
0x5b8d70|1.0|TTradeMgr::IsCapabilityCategoryActiveSlot3C
0x5b8da0|0.552|TTradeMgr::ComputeNationMetricDispatchScoreAndResolveScale
0x5b8f80|1.0|TTradeMgr::GetNationMetricRosterWordAtOffset0E
0x5b8fb0|1.0|TTradeMgr::GetNationMetricRosterWordAtOffset0C
0x5b8fe0|0.6428571428571429|TTradeMgr::QueryProposalWeightSlot4C
0x5b9030|1.0|TTradeMgr::GetNationMetricBucketValueByIndex
0x5b9060|0.6363636363636364|TTradeMgr::ApplyDiplomacyTransferEffectsAcrossNationMetricRoster
0x5b9190|0.2777777777777778|TTradeMgr::ProcessPendingDiplomacyTransferEntriesUntilBlockedWrapper
0x5b91e0|0.38|TTradeMgr::ProcessPendingDiplomacyTransferEntriesUntilBlocked
0x5b9370|0.5238095238095238|TTradeMgr::RefreshNationStateAndEmitTurnEvent3Mode18
0x5b9410|0.6486486486486487|TTradeMgr::RebuildNationMetricPassesAndClampRowsByBaseline
0x5b94d0|0.4945652173913043|TTradeMgr::DispatchProposalAmountSlot60
0x5b9790|1.0|TTradeMgr::SetNationMetricCellValueByIndex
0x5b97c0|0.9807692307692307|TTradeMgr::RunNationUpdatePassesAndResetTransitionFlags
0x5b9890|0.6829268292682927|TTradeMgr::RunNationMetricPreUpdatePassAcrossSecondaryNations
0x5b98d0|0.34686346863468637|TTradeMgr::BuildEligibleNationMetricBucketsAndWeightedTrendScores
0x5b9b30|0.5507900677200903|TTradeMgr::BuildSecondaryNationMetricBucketsAndWeightedTrendScores
0x5b9f30|0.9230769230769231|TTradeMgr::ComputeNationMetricPowerScale
0x5b9f70|0.6666666666666666|TTradeMgr::IsNationMetricCellNegative
0x5b9fa0|0.6666666666666666|TTradeMgr::IsNationMetricCellPositive
0x5b9fd0|0.8|TTradeMgr::AllocateAndPopulateLinkedValueCollectionFromRosterFilter
0x5ba090|0.5405405405405406|TTradeMgr::ResolveProposalCodeForCategorySlot84
0x5ba0e0|1.0|TTradeMgr::ComputeAverageProposalWeightDeltaAcrossCategoryRows
0x5ba130|0.4897959183673469|TDealList::CreateObject
0x5ba1a0|1.0|TDealList::GetRuntimeClass
0x5ba1c0|0.8571428571428571|TDealList::TDealList
0x5ba1f0|0.9090909090909091|TDealList::`scalar deleting destructor'
0x5ba260|0.49673202614379086|TDealList::Compare
0x5ba370|0.4897959183673469|TNextTradeCommand::CreateObject
0x5ba3e0|1.0|TNextTradeCommand::GetRuntimeClass
0x5ba400|1.0|TNextTradeCommand::TNextTradeCommand
0x5ba430|0.9090909090909091|TNextTradeCommand::`scalar deleting destructor'
0x5ba460|0.5|TNextTradeCommand::DestructTNextTradeCommandAndMaybeFree_Impl
0x5ba480|1.0|TNextTradeCommand::InitializeRangePairFromDiplomacyConstants
0x5ba4b0|0.0|TNextTradeCommand::DoIt
0x5ba600|0.25|WrapperFor_ftol_At005ba600
0x5ba680|0.4897959183673469|TTradeScreenPicture::CreateObject
0x5ba700|1.0|TTradeScreenPicture::GetRuntimeClass
0x5ba720|1.0|TTradeScreenPicture::TTradeScreenPicture
0x5ba750|0.9090909090909091|TTradeScreenPicture::`scalar deleting destructor'
0x5ba7a0|0.6649746192893401|TTradeScreenPicture::ApplyRectSlot110
0x5bab00|0.5714285714285714|TDealBookPicture::CreateObject
0x5baba0|1.0|TDealBookPicture::GetRuntimeClass
0x5babc0|1.0|TDealBookPicture::TDealBookPicture
0x5bac00|0.9090909090909091|TDealBookPicture::`scalar deleting destructor'
0x5bac50|0.8432432432432433|TDealBookPicture::Startup
0x5baf70|0.48205128205128206|TDealBookPicture::ShowPage
0x5bb2e0|0.17110799438990182|TDealBookPicture::CalculatePages
0x5bbc30|0.26763990267639903|TDealBookPicture::HandleEvent
0x5bc0d0|0.5084745762711864|TDealBookPicture::SwitchPages
0x5bc690|0.5423728813559322|TDealTabControl::CreateObject
0x5bc760|1.0|TDealTabControl::GetRuntimeClass
0x5bc780|1.0|TDealTabControl::Setup
0x5bc7f0|0.19383259911894274|TDealTabControl::ApplyRectSlot110
0x5bc9f0|0.023529411764705882|TDealTabControl::DispatchPictureResourceCommand
0x5bcb20|0.09523809523809523|TDealTabControl::Free
0x5bcb90|0.48|TTradePageSellView::CreateObject
0x5bcc10|1.0|TTradePageSellView::GetRuntimeClass
0x5bcc30|0.5775401069518716|TTradePageSellView::RebuildNationOfferRowsForCategory
0x5bcf70|0.9090909090909091|TTradeOfferNationLine::`scalar deleting destructor'
0x5bcfa0|0.5|TTradePageSellView::DestructTTradePageSellViewAndMaybeFree_Impl
0x5bcfc0|0.4897959183673469|TTradeOfferNationLine::CreateObject
0x5bd030|1.0|TTradeOfferNationLine::GetRuntimeClass
0x5bd090|0.029411764705882353|TTradeOfferNationLine::CreateLineItemView
0x5bd1a0|0.9090909090909091|TTradeOfferNationView::`scalar deleting destructor'
0x5bd1f0|0.4897959183673469|TTradeOfferNationView::CreateObject
0x5bd260|1.0|TTradeOfferNationView::GetRuntimeClass
0x5bd2d0|0.5490196078431373|TTradeOfferNationView::ApplyRectSlot110
0x5bd5f0|0.48|TTradePageBuyView::CreateObject
0x5bd670|1.0|TTradePageBuyView::GetRuntimeClass
0x5bd690|0.6431095406360424|TTradePageBuyView::RebuildNationBidRowsForCategory
0x5bd900|0.9090909090909091|TTradeBidNationLine::`scalar deleting destructor'
0x5bd930|0.5|TTradePageBuyView::DestructTTradePageBuyViewAndMaybeFree_Impl
0x5bd950|0.4897959183673469|TTradeBidNationLine::CreateObject
0x5bd9c0|1.0|TTradeBidNationLine::GetRuntimeClass
0x5bda20|0.0392156862745098|TTradeBidNationLine::CreateLineItemView
0x5bdaf0|0.9090909090909091|TTradeBidNationView::`scalar deleting destructor'
0x5bdb40|0.4897959183673469|TTradeBidNationView::CreateObject
0x5bdbb0|1.0|TTradeBidNationView::GetRuntimeClass
0x5bdc20|0.7181818181818181|TTradeBidNationView::ApplyRectSlot110
0x5bde30|0.5714285714285714|TTradeBookView::CreateObject
0x5bded0|1.0|TTradeBookView::GetRuntimeClass
0x5bdef0|0.8623188405797102|TTradeBookView::DoPostCreate
0x5be150|0.01652892561983471|TControl::UpdateSelectionRect
0x5be370|1.0|TTradeBookView::HandleEvent
0x5be3e0|0.5048543689320388|TTradeBookView::UpdatePagerButtonStatesAndRefreshPanels
0x5be4b0|0.5245901639344263|TOfferDeskPicture::CreateObject
0x5be550|1.0|TOfferDeskPicture::GetRuntimeClass
0x5be570|1.0|TOfferDeskPicture::TOfferDeskPicture
0x5be5b0|0.9090909090909091|TOfferDeskPicture::`scalar deleting destructor'
0x5be600|0.022641509433962263|TOfferDeskPicture::DoPostCreate
0x5bea00|0.0970414201183432|TOfferDeskPicture::PoseOfferSheet
0x5bf740|0.6442953020134228|TOfferDeskPicture::HandleEvent
0x5bf860|0.03636363636363636|TOfferDeskPicture::ForwardParam
0x5bf930|0.7907361455748553|TOfferDeskPicture::RefreshSelectedNationOrderCompatibilityInfo
0x5c04f0|0.8066528066528067|TOfferDeskPicture::CreateNextTradeCommandAndFormatPrompt
0x5c0930|0.05|TOfferDeskPicture::HandleMouseUp
0x5c09d0|0.010309278350515464|TOfferDeskPicture::UpdateTradeSelectionStateAndRefreshUiIfChanged
0x5c0cf0|0.4897959183673469|TDealLine::CreateObject
0x5c0d60|1.0|TDealLine::GetRuntimeClass
0x5c0d80|1.0|TDealLine::TDealLine
0x5c0db0|0.9090909090909091|TDealLine::`scalar deleting destructor'
0x5c0de0|0.5|DestructTDealLineAndMaybeFree_Impl
0x5c0e50|0.005649717514124294|TDealLine::CreateLineItemView
0x5c1430|0.4897959183673469|TCommodityLine::CreateObject
0x5c14a0|1.0|TCommodityLine::GetRuntimeClass
0x5c14c0|1.0|TCommodityLine::TCommodityLine
0x5c14f0|0.9090909090909091|TCommodityLine::`scalar deleting destructor'
0x5c1520|0.5|DestructTCommodityLineAndMaybeFree_Impl
0x5c1580|0.011428571428571429|TCommodityLine::CreateLineItemView
0x5c1870|0.4897959183673469|TTradeTotalsLine::CreateObject
0x5c18e0|1.0|TTradeTotalsLine::GetRuntimeClass
0x5c1900|1.0|TTradeTotalsLine::TTradeTotalsLine
0x5c1930|0.9090909090909091|TTradeTotalsLine::`scalar deleting destructor'
0x5c1960|0.5|TTradeTotalsLine::DestructTTradeTotalsLineAndMaybeFree_Impl
0x5c19c0|0.043478260869565216|TTradeTotalsLine::CreateLineItemView
0x5c1a80|0.4897959183673469|TTradeTotalsView::CreateObject
0x5c1af0|1.0|TTradeTotalsView::GetRuntimeClass
0x5c1b10|1.0|TTradeTotalsView::TTradeTotalsView
0x5c1b40|0.9090909090909091|TTradeTotalsView::`scalar deleting destructor'
0x5c1bd0|0.5509433962264151|TTradeTotalsView::ApplyRectSlot110
0x5c2400|0.25|WrapperFor_ftol_At005c2400
0x5c2430|0.3684210526315789|TUnit::CreateObject
0x5c2470|1.0|TUnit::DetachUnitOrderFromOwnerAndReset
0x5c2490|1.0|TUnit::GetRuntimeClass
0x5c24e0|1.0|TUnit::`scalar deleting destructor'
0x5c2510|1.0|TUnit::~TUnit
0x5c2530|1.0|TUnit::RegisterUnitOrderWithOwnerManager
0x5c2610|1.0|TUnit::VTableSlot10
0x5c2630|1.0|TUnit::SetOrderModeSlot34
0x5c2660|0.6666666666666666|TUnit::DispatchSlot2C
0x5c2680|0.8235294117647058|TUnit::Free
0x5c2700|0.920863309352518|TUnit::ReadFrom
0x5c27d0|1.0|TUnit::WriteTo
0x5c2860|0.3076923076923077|TCivUnit::CreateObject
0x5c28a0|1.0|TCivUnit::GetRuntimeClass
0x5c28c0|0.125|TCivUnit::TCivUnit
0x5c28f0|1.0|TCivUnit::`scalar deleting destructor'
0x5c2920|0.0|TCivUnit::~TCivUnit
0x5c2940|1.0|TCivUnit::InitializeCivWorkOrderState
0x5c2980|0.6363636363636364|TCivUnit::IsInIdleSelectionState
0x5c29b0|0.15384615384615385|TickCivWorkOrderCountdownAndComplete
0x5c29f0|1.0|TCivUnit::SetOrderModeSlot34
0x5c2a90|0.10526315789473684|TCivUnit::DispatchSlot2C
0x5c2b10|1.0|TCivUnit::ReadFrom
0x5c2b40|1.0|TCivUnit::WriteTo
0x5c2b70|0.9787234042553191|TCivUnit::VTableSlot10
0x5c2c40|0.4|TCivUnit::DetachUnitOrderFromOwnerAndReset
0x5c2c60|0.08695652173913043|TCivUnit::ResetCivWorkOrderAndRefreshCounters
0x5c2cb0|0.3023255813953488|TMilitaryUnit::CreateObject
0x5c2dd0|0.5|TMilitaryUnit::GetRuntimeClass
0x5c2df0|0.7446808510638298|TMilitaryUnit::TMilitaryUnit
0x5c2ed0|1.0|TMilitaryUnit::`scalar deleting destructor'
0x5c2f00|0.8|TMilitaryUnit::~TMilitaryUnit
0x5c2f50|0.8333333333333334|TMilitaryUnit::InitializeRecruitOrderState
0x5c2fd0|0.6666666666666666|TMilitaryUnit::ReadFrom
0x5c30a0|0.9078947368421053|TMilitaryUnit::WriteTo
0x5c3190|0.25|TMilitaryUnit::CopyUnitCurrentTileIntoOrderTargets
0x5c31c0|1.0|TMilitaryUnit::DetachUnitOrderFromOwnerAndReset
0x5c3200|0.366412213740458|TMilitaryUnit::VTableSlot10
0x5c3400|0.7|TMilitaryUnit::GetUnitTypeCostPoints
0x5c3450|0.8181818181818182|GetCityActionGateValueBySlot
0x5c3490|1.0|TMilitaryUnit::GetUnitMovementClassId
0x5c34b0|1.0|GetCityActionCategoryCodeBySlot
0x5c34d0|1.0|TMilitaryUnit::IsNotStationedInProvince
0x5c3500|1.0|TMilitaryUnit::MatchesTargetTileOrBypass
0x5c3530|0.8571428571428571|TMilitaryUnit::GetUnitTypeStatPercent
0x5c3580|0.8571428571428571|GetNormalizedCityActionResourceCostPercent
0x5c35c0|0.7027027027027027|TMilitaryUnit::ResolveEraCapabilityFallbackSlot
0x5c3650|0.6|TMilitaryUnit::HasEraCapabilityFallbackSlot
0x5c3670|0.6825396825396826|TMilitaryUnit::ApplyEraCapabilityCostAndSetSelection
0x5c3840|0.0|WrapperFor_ResolveEraCapabilityFallbackSlot_At005c3840
0x5c38e0|0.9636363636363636|FindMilitaryUnitByIdAcrossTerrainDescriptors
0x5c3ad0|0.25|WrapperFor_ftol_At005c3ad0
0x5c3b00|0.2857142857142857|WrapperFor_thunk_GetTickCountDiv16_At005c3b00
0x5c3b40|0.2222222222222222|Function_005c3b40
0x5c3b70|0.15384615384615385|LoadBitmapResourceSurfaceAndRestoreQuickDrawContext
0x5c3d20|0.8617886178861789|MapUiThemeCodeToStyleFlags
0x5c3e80|0.4444444444444444|BuildUiTextStyleDescriptor
0x5c3f50|0.5066666666666667|InitializeUiTextStyleDescriptor
0x5c4020|0.5|ApplyControlThemeStyleAndOptionalCaption
0x5c4180|0.5063291139240507|ConfigureUiControlStyleValueAndCaptionFromStringResource
0x5c4310|1.0|RefreshActiveControlThenApplyThemeStyleAndCaption
0x5c43b0|0.9166666666666666|DispatchToSelectableTextOptionEntries
0x5c4470|0.875|ApplyUiTextStyleDescriptorToQuickDrawAndSyncColor
0x5c4500|0.8823529411764706|InitializeUiTextStyleDescriptorAndApplyQuickDraw
0x5c4590|0.71875|ApplyUiTextStyleAndThemeFlags
0x5c4620|0.05405405405405406|ApplyControlTextStyleDescriptorFromThemeCode
0x5c46b0|1.0|LoadUiStringByGroupAndIndexToGlobalControlTagAndApply
0x5c4780|1.0|LoadUiStringByGroupAndIndexToGlobalControlTag
0x5c4850|1.0|LoadUiStringByGroupAndIndexToControlObject
0x5c4910|1.0|LoadUiStringAndDispatchSharedMessageCommand
0x5c49d0|0.46153846153846156|SetControlHoverHelpText
0x5c4a40|0.46153846153846156|SetControlHoverHelpTextAltEntry
0x5c4ab0|0.8648648648648649|ApplySharedStringToGlobalControlTag
0x5c4b70|1.0|AssignSharedStringToTaggedControlAndProcessState
0x5c4c60|0.7222222222222222|BuildMapContextStatusStringVariantA
0x5c57f0|0.30446927374301674|BuildMapContextStatusStringVariantB
0x5c61a0|0.6325581395348837|BuildMapContextStatusStringVariantC
0x5c6c40|0.6804374240583232|BuildMapContextStatusStringVariantD
0x5c77f0|0.6116373477672531|BuildMapContextStatusStringVariantE
0x5c81f0|0.5088757396449705|BuildMapContextStatusStringVariantF
0x5c8ae0|0.2313167259786477|BuildMapContextStatusStringVariantG
0x5c9b20|0.6839012925969448|BuildMapContextStatusStringVariantH
0x5ca860|0.6128048780487805|BuildMapContextStatusStringVariantI
0x5cb100|0.6032689450222882|BuildMapContextStatusStringVariantJ
0x5cb960|0.6283704572098476|BuildMapContextStatusStringVariantK
0x5cc590|0.5829145728643216|BuildMapContextStatusStringVariantL
0x5ccce0|0.5209677419354839|GenerateMappedFlavorTextVariantE_005ccce0
0x5ce110|0.7241379310344828|GenerateMappedFlavorTextVariantEToSharedString
0x5ce1b0|0.3658269441401972|BuildRandomMapContextStatusBaseString
0x5cef20|1.0|AssignRandomMapContextStatusBaseString
0x5cefc0|1.0|AppendRandomMapContextStatusSuffixWithProbability
0x5cf090|0.8245614035087719|BuildMapContextStatusStringWithRandomSuffix
0x5cf1b0|0.45861601085481685|GenerateMappedFlavorTextVariantC_005cf1b0
0x5cfba0|0.7241379310344828|GenerateMappedFlavorTextVariantCToSharedString
0x5cfc40|0.27113480578827115|GenerateMappedFlavorTextVariantB_005cfc40
0x5d1330|0.7241379310344828|GenerateMappedFlavorTextVariantBToSharedString
0x5d13d0|0.5028901734104047|GenerateMappedFlavorTextVariantA_005d13d0
0x5d3300|0.7241379310344828|GenerateMappedFlavorTextVariantAToSharedString
0x5d33a0|0.5725888324873096|GenerateMappedFlavorTextVariantD_005d33a0
0x5d41a0|0.7241379310344828|GenerateMappedFlavorTextVariantDToSharedString
0x5d4240|0.9701492537313433|ShouldRetryMappedFlavorTextGeneration
0x5d4410|0.4788732394366197|SetSharedStringFromMappedFlavorTextWithLengthClamp
0x5d4550|0.05263157894736842|SetSharedStringFromRotatingFlavorTextBySlot
0x5d46b0|0.875|GenerateMappedFlavorTextByTableSlot
0x5d46e0|0.7142857142857143|GenerateMappedFlavorTextByCurrentContextNation
0x5d4720|0.874251497005988|GenerateMappedFlavorTextUntilValidationPasses
0x5d4890|1.0|IsMappedShortcutKeyPressed(short)
0x5d48c0|0.01652892561983471|FormatAndAssignTurnStateSharedTextFromTemplate
0x5d4b30|0.8333333333333334|QueueDeferredUiEventPacket
0x5d4c10|1.0|TryGetFileMetadataForPath
0x5d4c40|1.0|DeleteFileWithErrorReporting
0x5d4c60|0.7692307692307693|TruncateTextToFitWidthWithEllipsis
0x5d4f00|0.25|WrapperFor_ftol_At005d4f00
0x5d5040|1.0|TViewMgr::GetRuntimeClass
0x5d5060|1.0|TViewMgr::TViewMgr
0x5d50b0|1.0|TViewMgr::`scalar deleting destructor'
0x5d50e0|1.0|TViewMgr::~TViewMgr
0x5d5100|1.0|TViewMgr::LoadTurnEventCursorTable
0x5d5140|0.835820895522388|LoadTurnEventCursorByResourceIdOffset1000
0x5d51e0|1.0|TViewMgr::Free
0x5d5200|1.0|TViewMgr::ReadFrom
0x5d5250|1.0|TViewMgr::WriteTo
0x5d5270|0.31890660592255127|TViewMgr::GetColor
0x5d5710|1.0|TViewMgr::SetColor
0x5d5750|1.0|TViewMgr::SetForeColor
0x5d5780|1.0|TViewMgr::SetBackColor
0x5d57b0|0.5603864734299517|TViewMgr::HandleTurnEventVtableSlot40RefreshGoldDialog
0x5d5960|0.18439716312056736|TViewMgr::ClassifyTurnStateForOverlayMode
0x5d5a70|1.0|TViewMgr::ModalMessage(class CString, struct tagPOINT const &)
0x5d5b00|1.0|TViewMgr::ModalMessage(class CString, struct tagPOINT const &, short, unsigned char)
0x5d5c40|0.9333333333333333|TViewMgr::ModalMessage(long, class CString, class CString, struct tagPOINT const &, short, unsigned char)
0x5d5d30|0.908235294117647|TViewMgr::RunNationInfoModalAndReturnNonCancel
0x5d6480|0.924187725631769|TViewMgr::BuildAndShowTurnOverlayByMode
0x5d69b0|0.35294117647058826|TViewMgr::ComputeTurnEventDialogPlacementByCode
0x5d6b70|1.0|TViewMgr::RefreshMainViewNationIndicatorForCurrentTurnEvent
0x5d6bf0|1.0|TViewMgr::AddPendingTurnOverlayCode
0x5d6c10|1.0|TViewMgr::GetPendingTurnOverlayCode
0x5d6c30|0.5|TViewMgr::UiRuntimeSlot58
0x5d6cd0|1.0|TViewMgr::HandleTurnEventDialogFactorySlot70
0x5d6d70|1.0|TViewMgr::HandleTurnEventDialogFactorySlot74
0x5d6e30|1.0|TViewMgr::UiRuntimeSlot8C
0x5d6e50|1.0|TViewMgr::HandleTurnEventDialogFactorySlot78
0x5d6f10|1.0|TViewMgr::HandleTurnEventDialogFactorySlot7C
0x5d6fd0|1.0|TViewMgr::HandleTurnEventDialogFactorySlot80
0x5d7090|0.9830508474576272|TViewMgr::RequestDiplomacyDecisionSlot90
0x5d7100|0.9873417721518988|TViewMgr::RequestDecisionSlot94
0x5d7190|1.0|TViewMgr::UiRuntimeSlotD4
0x5d71b0|1.0|TViewMgr::DispatchDecisionSlot98
0x5d7240|0.15503875968992248|TViewMgr::DispatchTurnEventSlot4C
0x5d7c40|0.6666666666666666|TViewMgr::UiRuntimeSlotA4
0x5d7cb0|0.1471861471861472|TViewMgr::UiRuntimeSlotA8
0x5d7f70|1.0|TViewMgr::InvokeStrategicMapViewMethod5C
0x5d7f90|1.0|TViewMgr::InvokeStrategicMapViewMethod60
0x5d7fc0|0.53125|TViewMgr::UiRuntimeSlot50
0x5d8040|0.13445378151260504|TViewMgr::UiRuntimeSlot6C
0x5d83b0|0.12811387900355872|TViewMgr::UiRuntimeSlot84
0x5d8750|0.0|HandleTurnEvent8FC_RebuildPageTabsAndTitles
0x5d8980|0.6728971962616822|TViewMgr::UiRuntimeSlot88
0x5d8c40|1.0|TViewMgr::UiRuntimeSlot9C
0x5d8cc0|1.0|TViewMgr::UiRuntimeSlotA0
0x5d8dd0|0.028823058446757407|TViewMgr::UiRuntimeSlot5C
0x5da040|0.5483870967741935|TViewMgr::HandleTurnEventVtableSlot60ActivateMainDialog
0x5da180|0.6919431279620853|TViewMgr::HandleTurnEvent2260_RefreshMainHudTitles
0x5da360|0.046598322460391424|TViewMgr::HandleTurnEvent7DD_RefreshOrderStatusPanelsAndIcons
0x5db2f0|1.0|CString::GetLength
0x5db3b0|0.2422145328719723|TViewMgr::HandleTurnEventDialogFactorySlotF4
0x5db620|0.7692307692307693|TViewMgr::HandleTurnStateExitAndPostFollowupEventCode
0x5db780|0.266384778012685|TViewMgr::UiRuntimeSlotF8
0x5dbd10|1.0|TViewMgr::NoOpTurnEventStateVtableSlotFC
0x5dbd30|1.0|TViewMgr::HandleTurnEvent5DE_RefreshMainView
0x5dbdd0|1.0|TViewMgr::HandleTurnEvent5DF_RefreshMainView
0x5dbe10|1.0|TViewMgr::UiRuntimeSlot108
0x5dbe50|0.010582010582010581|BuildTurnStateStyledTextAndDispatchMainRoutine
0x5dc160|1.0|TViewMgr::InvokeStrategicMapViewMethod6C
0x5dc180|1.0|TViewMgr::InvokeStrategicMapViewMethod68
0x5dc1a0|1.0|TViewMgr::InvokeStrategicMapViewMethod74
0x5dc1c0|1.0|TViewMgr::InvokeStrategicMapViewMethod70
0x5dc1e0|0.11347517730496454|TViewMgr::UiRuntimeSlotD0
0x5dc3f0|1.0|TViewMgr::HandleTurnEventTable66F220_Slot0C_InvokeGoldViewSlots0C_1E4_14x14
0x5dc430|1.0|TViewMgr::HandleTurnEventDialogFactorySlotB8
0x5dc560|1.0|DispatchUiRuntimeMessage102CAndRefreshActiveView
0x5dc690|0.009433962264150943|TViewMgr::HandleTurnEventF3D_PopulateRecentTurnMessages
0x5dcaa0|0.7567567567567568|TViewMgr::MakeGameSetupDialog
0x5dcc60|0.25|WrapperFor_ftol_At005dcc60
0x5dcc90|1.0|TModalMessageCommand::CreateObject
0x5dcd10|1.0|TModalMessageCommand::DoIt
0x5dcd50|1.0|TModalMessageCommand::`scalar deleting destructor'
0x5dcd80|0.8|TModalMessageCommand::~TModalMessageCommand
0x5dcdd0|1.0|TModalMessageCommand::GetRuntimeClass
0x5dcdf0|1.0|TViewMgr::UiRuntimeSlotB4
0x5dcf20|0.7103825136612022|TViewMgr::HandleTurnEventDialogFactorySlotD8
0x5dd0a0|1.0|TViewMgr::ShowConstructionOptionsDialog
0x5dd180|1.0|TViewMgr::UiRuntimeSlotE0
0x5dd220|1.0|TViewMgr::HandleTurnEventDialogFactorySlotE4
0x5dd340|0.84375|TViewMgr::HandleTurnEventDialogFactorySlotF0
0x5dd450|0.022222222222222223|RunMapOrderPageSelectionDialogAndApplyResult
0x5dd770|1.0|TViewMgr::UiRuntimeSlotE8
0x5dd900|0.7552447552447552|TViewMgr::HandleTurnEventDialogFactorySlotEC
0x5dda30|0.012048192771084338|OpenSuperArmyRosterPageAndActivateProvinceSelection
0x5ddd20|0.835820895522388|TViewMgr::ShowCivilianLedgerDialogAndSelectUnit
0x5de010|0.7357512953367875|TViewMgr::MakePlanetSeedDialog
0x5de4f0|0.9743589743589743|TViewMgr::ShowCivilianReportDialogAndReturnConfirm
0x5de5d0|0.03225806451612903|TViewMgr::DispatchProvinceOrderOverlayConfirmDialog
0x5de8f0|1.0|TViewMgr::DispatchUiRuntimeMessage101AAndRefreshActiveView
0x5de990|1.0|TViewMgr::ShowLocalizedUiPromptByGroupAndIndex
0x5dea60|1.0|TViewMgr::CreateModalMessageCommandAndQueue
0x5deb40|0.8497409326424871|TViewMgr::DispatchGameStateEventIfLocalizedPromptAccepted
0x5dee20|0.25|WrapperFor_ftol_At005dee20
0x5dee50|1.0|TE0TemplateDialog::TE0TemplateDialog
0x5dee80|1.0|TE0TemplateDialog::DoDataExchange
0x5deea0|0.5|TE0TemplateDialog::GetMessageMap
0x5deec0|1.0|TE0TemplateDialog::OnChar
0x5deee0|1.0|TE0TemplateDialog::OnKeyDown
0x5def00|1.0|TE0TemplateDialog::OnLButtonDown
0x5def20|1.0|TE0TemplateDialog::OnRButtonDown
0x5def40|0.7142857142857143|TE0TemplateDialog::PreCreateWindow
0x5def70|1.0|TE0TemplateDialog::OnInitDialog
0x5defe0|1.0|TE0TemplateDialog::OnSetCursor
0x5df020|1.0|TE0TemplateDialog::OnNcPaint
0x5df040|1.0|TE0TemplateDialog::OnPaint
0x5df1a0|0.25|WrapperFor_ftol_At005df1a0
0x5df1d0|0.42857142857142855|TAssetMgr::CreateObject
0x5df260|1.0|TAssetMgr::GetRuntimeClass
0x5df280|0.92|TAssetMgr::TAssetMgr
0x5df300|0.9090909090909091|TAssetMgr::`scalar deleting destructor'
0x5df330|0.09090909090909091|TAssetMgr::WrapperFor_InvokeCallbackNTimesWithSehGuard_At005df330
0x5df3a0|1.0|TAssetMgr::ForwardEnsurePictWvDataGobLoadedBySlot
0x5df3c0|1.0|TAssetMgr::ResolveTurnEventDialogNodeByMessageContext
0x5df3f0|1.0|TAssetMgr::OpenFilesFor
0x5df410|1.0|TAssetMgr::CloseFilesFor
0x5df430|0.7168141592920354|TAssetMgr::LoadTableResourceStreamByName
0x5df610|0.5|InitializeRuntimeClassVtablePointer_0066FEC4
0x5df630|0.0|WrapperFor_FreeHeapBufferIfNotNull_At005df630
0x5df660|0.10526315789473684|WrapperFor_ReleaseSharedStringRefIfNotEmpty_At005df660
0x5df6d0|1.0|TAssetMgr::ReleaseResourceStreamIfNotNull
0x5df700|1.0|TAssetMgr::ReadResourceStreamIntoBufferAndAdvance
0x5df730|1.0|TAssetMgr::InvokeVtableSlot30OnTargetObject
0x5df760|1.0|TAssetMgr::GetResourceStreamSize
0x5df780|1.0|TAssetMgr::OpenFilesForView
0x5df7a0|0.3106796116504854|QueryVolumeInformationForDriveIndex
0x5df890|0.27586206896551724|QueryDriveTypeByDriveIndex
0x5df8d0|1.0|ReturnTrueStub
0x5dfc10|0.4567901234567901|TAssetMgr::PlayMovieClipAndDispatchTurnStateFollowup
0x5dfd70|0.8521739130434782|TAssetMgr::BuildScenarioPathForModeAndIndex
0x5dfea0|0.975609756097561|AssignScoresDatPathToSharedString
0x5dff20|1.0|TAssetMgr::EnsurePictWvDataGobLoadedBySlot
0x5e0030|1.0|TAssetMgr::SaveMainDocumentToPathAndMarkSaved
0x5e0150|1.0|TAssetMgr::OpenMainDocumentFromPathAndMarkLoaded
0x5e01a0|0.4406779661016949|LoadProfileStringAndAssignSharedRef
0x5e0260|0.875|SaveSettingValueFromPointerByKey
0x5e0290|0.5263157894736842|TAssetMgr::LoadSettingValueByKeyIntoOut
0x5e02c0|0.0|WrapperFor_WriteProfileInt_At005e02c0
0x5e02f0|0.9142857142857143|TAssetMgr::HasPendingClientSaveFile
0x5e0340|0.7575757575757576|TAssetMgr::DeleteLegacyCliSaveImpFiles
0x5e0460|0.8205128205128205|DispatchWAssetMgrPeriodicCallbackAndStopInactiveTimerSlot
0x5e0520|0.9130434782608695|ScheduleTimerSlotCallbackWithInterval
0x5e0590|0.3225806451612903|TAssetMgr::FormatVersionStringFromVersionResource
0x5e0780|0.9688581314878892|WaveOpenFile
0x5e09f0|0.9047619047619048|WaveReadFile
0x5e0b50|0.8858447488584474|WaveCreateFile
0x5e0fb0|0.6428571428571429|CopyMmioChunkByFourCCViaGlobalBuffer
0x5e10c0|0.6701570680628273|WaveLoadFile
0x5e1430|0.08333333333333333|ProbeAuxOutputDeviceIndexByPidMask
0x5e1500|1.0|SetAuxOutputVolumeFromScalar
0x5e1590|0.5777777777777777|SetAuxOutputVolumeAcrossCompatibleDevices
0x5e1620|0.5636363636363636|GetAuxOutputVolumeFromFirstCompatibleDevice
0x5e16f0|0.95|SendMciStatusCommand814AndIgnoreFailure
0x5e1760|0.6666666666666666|QueryMciStatusField5ViaCommand814
0x5e17b0|0.6666666666666666|QueryMciStatusField8ViaCommand814
0x5e1800|0.6666666666666666|QueryMciStatusField3ViaCommand814
0x5e1850|0.9487179487179487|SetMciPlaybackRangeByTrackIndexAndDevice
0x5e18f0|0.0547945205479452|OpenCdAudioAndProbeAuxOutputDevice
0x5e19e0|1.0|SendMciCommand804ToDevice
0x5e1a10|0.0|SendMciCommand808ToDeviceWithParam
0x5e1b90|0.25|WrapperFor_ftol_At005e1b90
0x5e1bc0|0.7164179104477612|TLowDiskWarningDialog::TLowDiskWarningDialog
0x5e1c60|0.9090909090909091|TLowDiskWarningDialog::`scalar deleting destructor'
0x5e1c90|1.0|TLowDiskWarningDialog::DoDataExchange
0x5e1cc0|0.5|TLowDiskWarningDialog::GetMessageMap
0x5e1ce0|1.0|TLowDiskWarningDialog::OnInitDialog
0x5e1e50|1.0|TSortedPtrList::ReadFrom
0x5e1f10|1.0|TSortedPtrList::WriteTo
0x5e1fa0|1.0|TPlaybackWalkState::Begin
0x5e1fd0|1.0|TPlaybackWalkState::IsValid
0x5e2000|1.0|TPlaybackWalkState::Next
0x5e2100|0.4444444444444444|TMovieView::CreateObject
0x5e2210|1.0|TMovieView::GetRuntimeClass
0x5e2230|1.0|TMovieView::TMovieView
0x5e22f0|1.0|TMovieView::`scalar deleting destructor'
0x5e2320|0.6666666666666666|TMovieView::~TMovieView
0x5e23f0|0.935064935064935|TMovieView::DoPostCreate
0x5e2490|1.0|TMovieView::ApplyRectSlot110
0x5e24b0|1.0|TMovieView::OpenMoviePathAndDetachOnSuccess
0x5e24e0|1.0|TMovieView::PlayMovieIfActive
0x5e2500|1.0|TMovieView::StopMovieIfActive
0x5e2520|1.0|TMovieView::DispatchUiMouseMoveToChildren
0x5e26a0|0.25|WrapperFor_ftol_At005e26a0
0x5e26d0|0.2222222222222222|InitializeRuntimeClassState_0066FA50_AndRegisterAtExit
0x5e2700|0.0|DestroyRuntimeClassState_0066FA50_AtExit
0x5e2720|0.25|InitStub_thunk_InitializeRuntimeClassVtablePointer_0066FA68_State_At00406da7_At005e2720
0x5e2770|0.25|InitStub_thunk_InitializeRuntimeClassVtablePointer_0066FA68_State_At00406da7_At005e2770
0x5e2850|0.0|ReleaseSharedStringRefOnly_005e2850
0x5e2900|0.05555555555555555|WrapperFor_thunk_ReportWNetManagerErrorCodeAndNotifyUi_At005e2900
0x5e2980|0.08|StartAsyncWNetOperationWithErrorCallback
0x5e29d0|0.25|InitializeNetManagerInstanceAndRegisterAtExit
0x5e2a00|0.0|DestroyGlobalState_006A5F60_AtExit
0x5e2a20|0.028169014084507043|DestructRuntimeSelectionRecordBufferState
0x5e2b50|1.0|TDirectPlaySessionManagerBase::InitializeSessionDescription
0x5e2b70|1.0|TDirectPlaySessionManagerBase::ResetSessionDescription
0x5e2bb0|0.9782608695652174|TWNetSessionManager::ResetSessionDescription
0x5e2c80|1.0|TWNetSessionManager::InitializeSessionDescription
0x5e2cf0|0.7186440677966102|TWNetSessionManager::OnEnumerateJoinableSession
0x5e2f60|0.37735849056603776|TWNetSessionManager::OnEnumerateServiceProvider
0x5e30c0|0.459546925566343|TWNetSessionManager::ShowJoinGameSelectionDialogAndCaptureChoice
0x5e3310|0.6285714285714286|TWNetSessionManager::TWNetSessionManager
0x5e3390|0.42424242424242425|TNetMgr::CreateObject
0x5e33c0|1.0|TNetMgr::GetRuntimeClass
0x5e33e0|1.0|TNetMgr::TNetMgr
0x5e3400|0.9090909090909091|TNetMgr::`scalar deleting destructor'
0x5e3430|0.5|InitializeRuntimeClassVtablePointer_0066FEC4_Secondary
0x5e3450|0.6666666666666666|NoOpInitializeGlobalTurnEventQueueManager
0x5e3470|0.2857142857142857|TNetMgr::Free
0x5e3490|0.0|DefaultUnhandledTurnEventHookReturnsFalse
0x5e34b0|1.0|ReturnTrueRuntimeCredentialInitStub
0x5e34d0|1.0|TNetMgr::ResetRuntimeSelectionRecordBufferAndReturnTrue
0x5e34f0|0.2753623188405797|TNetMgr::HandleError
0x5e39a0|0.9777777777777777|TNetMgr::ResetRuntimeProtocolOptionsAndRebuildSelectionSource
0x5e3a60|0.9056603773584906|TNetMgr::OpenRuntimeSelectionSourceByIndexAndCopyPath
0x5e3ad0|0.5915492957746479|TNetMgr::OpenRuntimeSelectionSourceAndApplyActiveNationState
0x5e3c00|1.0|TNetMgr::ReturnTrueRuntimeCredentialFinalizeStub
0x5e3c20|0.704225352112676|TNetMgr::OpenJoinGameRuntimeSelectionAndStartSession
0x5e3d40|0.6576576576576577|TNetMgr::Send
0x5e3ef0|1.0|TNetMgr::ResetTurnEventQueueRuntimeRecordBuffer
0x5e3f10|0.0|FreeTurnEventPacketBuffer
0x5e3f30|0.027210884353741496|PopNextTurnEventPacketOrProcessSpecialQueueRecords
0x5e4280|1.0|GetSessionActiveNationId
0x5e42a0|1.0|TNetMgr::NoOpDialogModeTagChangedHook
0x5e42c0|1.0|TNetMgr::NotifyIfNationMatchesSessionActiveNation
0x5e42f0|0.07692307692307693|CheckConnectivityOrShowLocalizedWarningAndReturnReady
0x5e43e0|0.7564102564102564|TNetMgr::ProbeNationReachabilityAndMarkAwolBitmask
0x5e4540|0.9090909090909091|CList<void *,void *>::CList<void *,void *>
0x5e4780|0.875|CArray<void *,void *>::CArray<void *,void *>
0x5e47b0|0.9565217391304348|CArray<void *,void *>::~CArray<void *,void *>
0x5e4830|1.0|CArray<void *,void *>::Serialize
0x5e4a60|0.0|TNetMgr::WrapperFor_FreeHeapBufferIfNotNull_At005e4a60
0x5e4a90|0.015873015873015872|ResizeDwordPointerArrayAndZeroNewSlots
0x5e4d50|0.25|WrapperFor_ftol_At005e4d50
0x5e4d80|0.2857142857142857|WrapperFor_AppendPointerToGlobalVectorAsStatus_At005e4d80
0x5e4dc0|0.0|thunk_ReleaseRuntimeSelectionPeersAndResetOwner_Impl_At005e4dc0
0x5e4de0|0.25|InitStub_ResetAndOpenCdAudioDeviceHandle_At005e4de0
0x5e4e70|0.9180327868852459|TSoundPlayer::InitializeSoundSubsystemAndAllocateChannelLists
0x5e4f60|1.0|TSoundPlayer::ReturnConstantTrue_SoundPredicate
0x5e4f80|0.8571428571428571|TSoundPlayer::RequestDirectSoundInitIfAllowed
0x5e4fb0|1.0|TSoundPlayer::ReturnConstantFalse_SoundPredicate
0x5e4fd0|1.0|TSoundPlayer::ClearDirectSoundInitPendingAndResetState
0x5e4ff0|0.6363636363636364|TSoundPlayer::StopAllSoundChannels
0x5e5020|0.6545454545454545|TSoundPlayer::SetMasterVolumeFromPercent
0x5e50a0|1.0|TSoundPlayer::PriorityOverride
0x5e50c0|1.0|TSoundPlayer::UpdateLocalizationAudioSlotAndMaybeRefreshVoiceState
0x5e5140|1.0|TSoundPlayer::PlaySoundEffect
0x5e5170|0.5|TSoundPlayer::ReturnConstantZero_005e5170
0x5e5190|0.5|TSoundPlayer::ReturnConstantZero_005e5190
0x5e51b0|0.3333333333333333|TSoundPlayer::VTableSlot31
0x5e51d0|0.8837209302325582|TSoundPlayer::Free
0x5e539c|1.0|AfxGetMainWnd
0x5e53d8|1.0|CThreadLocal<AFX_MODULE_THREAD_STATE>::CreateObject
0x5e540c|1.0|CThreadLocal<_AFX_THREAD_STATE>::CreateObject
0x5e5440|0.875|CProcessLocal<_AFX_CTL3D_STATE>::CreateObject
0x5e5455|1.0|_AFX_CTL3D_STATE::`scalar deleting destructor'
0x5e5470|0.875|CThreadLocal<_AFX_CTL3D_THREAD>::CreateObject
0x5e5485|1.0|_AFX_CTL3D_THREAD::`scalar deleting destructor'
0x5e54a0|0.9375|CProcessLocal<_AFX_WIN_STATE>::CreateObject
0x5e54d1|1.0|CWnd::GetOwner
0x5e54e8|1.0|CHandleMap::~CHandleMap
0x5e5529|0.8823529411764706|CDragListBox::~CDragListBox
0x5e5561|1.0|CDragListBox::PreSubclassWindow
0x5e556b|1.0|CDragListBox::BeginDrag
0x5e5597|1.0|CDragListBox::CancelDrag
0x5e55a4|1.0|CDragListBox::Dragging
0x5e55ee|0.6607142857142857|CDragListBox::Dropped
0x5e5661|0.0|MoveListBoxEntryPreserveItemData
0x5e56cd|1.0|CDragListBox::DrawInsert
0x5e56f2|0.9466666666666667|CDragListBox::DrawSingle
0x5e57e9|0.9871794871794872|CDragListBox::OnChildNotify
0x5e58ab|1.0|CToolBarCtrl::Create
0x5e58e4|0.9411764705882353|CProgressCtrl::~CProgressCtrl(void)
0x5e591c|1.0|CToolBarCtrl::AddBitmap(int, class CBitmap *)
0x5e5950|1.0|CToolBarCtrl::AddBitmap(int, unsigned int)
0x5e5987|1.0|CToolBarCtrl::SaveState
0x5e59b7|1.0|CToolBarCtrl::RestoreState
0x5e59e7|1.0|CToolBarCtrl::AddString
0x5e5a0d|1.0|CToolBarCtrl::OnCreate
0x5e5a36|1.0|CStatusBarCtrl::Create
0x5e5ad2|1.0|CStatusBarCtrl::GetText(int, int *)
0x5e5b9a|1.0|CStatusBarCtrl::GetBorders
0x5e5bd7|1.0|CListCtrl::OnChildNotify(unsigned int, unsigned int, long, long *)
0x5e5c0b|1.0|CListCtrl::Create
0x5e5c9c|1.0|CListCtrl::InsertColumn
0x5e5cef|1.0|CListCtrl::InsertItem
0x5e5d3b|1.0|CListCtrl::HitTest
0x5e5d71|1.0|CListCtrl::SetItem
0x5e5dbf|1.0|CListCtrl::GetItemText(int, int)
0x5e5e64|1.0|CListCtrl::GetItemText(int, int, char *, int)
0x5e5ea9|1.0|CListCtrl::GetItemData
0x5e5f1c|0.9523809523809523|CListCtrl::RemoveImageList
0x5e5f55|1.0|CListCtrl::OnNcDestroy
0x5e5fe5|1.0|CTreeCtrl::Create
0x5e6076|1.0|CTreeCtrl::GetItemText
0x5e6116|1.0|CTreeCtrl::GetItemImage
0x5e6155|1.0|CTreeCtrl::GetItemState
0x5e618d|1.0|CTreeCtrl::GetItemData
0x5e61bb|1.0|CTreeCtrl::ItemHasChildren
0x5e61e9|1.0|CTreeCtrl::SetItem
0x5e6237|1.0|CTreeCtrl::InsertItem
0x5e628b|1.0|CTreeCtrl::HitTest
0x5e62c1|0.9523809523809523|CTreeCtrl::RemoveImageList
0x5e62fa|1.0|CTreeCtrl::OnDestroy
0x5e6379|1.0|CSpinButtonCtrl::Create
0x5e6416|1.0|CSliderCtrl::Create
0x5e64be|1.0|CSliderCtrl::SetRange
0x5e6557|1.0|CProgressCtrl::Create
0x5e65c8|1.0|CHeaderCtrl::Create
0x5e666a|1.0|CHotKeyCtrl::Create
0x5e6710|1.0|CTabCtrl::Create
0x5e67ec|1.0|CAnimateCtrl::Create
0x5e68a2|0.7272727272727273|CGdiObject::`scalar deleting destructor'
0x5e68be|0.42424242424242425|CBrush::~CBrush(void)
0x5e68f1|1.0|CMenu::Detach(void)
0x5e691b|0.868421052631579|afxMapHMENU(int)
0x5e698b|0.875|CMenu::DestroyMenu
0x5e69a1|1.0|CMenu::DeleteTempMap(void)
0x5e69cb|1.0|CMenu::FromHandlePermanent(struct HMENU__*)
0x5e69e7|1.0|CImageList::Create(int, int, unsigned int, int, int)
0x5e6a0f|1.0|CImageList::Create(unsigned int, int, int, unsigned long)
0x5e6a41|1.0|CImageList::Create(char const *, int, int, unsigned long)
0x5e6a73|1.0|CImageList::Create(class CImageList &, int, class CImageList &, int, int, int)
0x5e6aa4|0.9523809523809523|CImageList::Attach
0x5e6ad1|0.95|CImageList::Read
0x5e6afe|0.9375|CImageList::Write
0x5e6b22|1.0|CListBox::GetCurSel
0x5e6cf5|1.0|CFile::SetFilePath
0x5e6d04|1.0|CArchive::operator<<(unsigned char)
0x5e6d27|1.0|CArchive::operator<<(unsigned short)
0x5e6d4e|1.0|CArchive::operator<<(unsigned long)
0x5e6d74|1.0|CArchive::operator>>(unsigned char &)
0x5e6da3|1.0|CArchive::operator>>(unsigned short &)
0x5e6dd6|1.0|CArchive::operator>>(unsigned long &)
0x5e6e08|0.9166666666666666|CMemoryException::CMemoryException(int, unsigned int)
0x5e6e32|0.0|WrapperFor_FreeHeapBufferIfNotNull_At005e6e32
0x5e6e4e|0.5|InitializeRuntimeClassVtablePointer_0066FEC4_VariantA
0x5e6e7f|0.0|WrapperFor_FreeHeapBufferIfNotNull_At005e6e7f
0x5e6e9b|0.5|InitializeRuntimeClassVtablePointer_0066FEC4_VariantB
0x5e6ea2|0.7272727272727273|CBrush::`scalar deleting destructor'
0x5e6ebe|0.0|WrapperFor_PtVisible_FromDcField04_At005e6ebe
0x5e6ed2|0.0|WrapperFor_RectVisible_FromDcField04_At005e6ed2
0x5e6ee2|0.0|WrapperFor_TextOutA_FromDcField04_At005e6ee2
0x5e6efe|1.0|CDC::ExtTextOutA
0x5e6f23|1.0|CDC::TabbedTextOutA
0x5e6f5b|0.0|WrapperFor_DrawTextA_FromDcField04_At005e6f5b
0x5e6f77|1.0|CDC::GrayStringA
0x5e6fa7|0.0|WrapperFor_Escape_FromDcField04_At005e6fa7
0x5e6fc3|0.0|WrapperFor_FreeHeapBufferIfNotNull_At005e6fc3
0x5e7009|0.0|WrapperFor_FreeHeapBufferIfNotNull_At005e7009
0x5e7025|0.5|InitializeRuntimeClassVtablePointer_0066FEC4_VariantC
0x5e7056|0.0|WrapperFor_FreeHeapBufferIfNotNull_At005e7056
0x5e7072|0.5|InitializeRuntimeClassVtablePointer_0066FEC4_VariantD
0x5e711d|0.8|CArchiveStream::CArchiveStream
0x5e713a|0.0|WrapperFor_memcmp_At005e713a
0x5e716d|0.0|thunk_NoOpRuntimeCallback_005e717b
0x5e717b|0.0|NoOpRuntimeCallback_005e717b
0x5e717e|0.8571428571428571|CArchiveStream::Read
0x5e71d6|0.8620689655172413|CArchiveStream::Write
0x5e722f|0.9047619047619048|CArchiveStream::Seek
0x5e7350|0.47619047619047616|__fpmath
0x5e7370|0.6666666666666666|NoOpCrtThreadLifecycleHook
0x5e7380|0.25|__cfltcvt_init
0x5e73d0|1.0|__ftol
0x5e7400|0.85|?_JumpToContinuation@@YGXPAXPAUEHRegistrationNode@@@Z
0x5e7440|1.0|?_CallMemberFunction0@@YGXPAX0@Z
0x5e7450|1.0|?_CallMemberFunction2@@YGXPAX00H@Z
0x5e7470|0.96875|?_UnwindNestedFrames@@YGXPAUEHRegistrationNode@@PAUEHExceptionRecord@@@Z
0x5e74d0|1.0|___CxxFrameHandler
0x5e7530|0.8888888888888888|?_CallCatchBlock2@@YAPAXPAUEHRegistrationNode@@PBU_s_FuncInfo@@PAXHK@Z
0x5e75c0|0.9655172413793104|?_CallSETranslator@@YAHPAUEHExceptionRecord@@PAUEHRegistrationNode@@PAX2PBU_s_FuncInfo@@H1@Z
0x5e7720|1.0|?_GetRangeOfTrysToCheck@@YAPBU_s_TryBlockMapEntry@@PBU_s_FuncInfo@@HHPAI1@Z
0x5e77a0|0.7555555555555555|__global_unwind2
0x5e77e2|0.8813559322033898|__local_unwind2
0x5e784a|0.9|__abnormal_termination
0x5e786d|0.75|__NLG_Notify1
0x5e7876|0.7058823529411765|__NLG_Notify
0x5e7890|0.7640449438202247|__onexit
0x5e7920|1.0|_atexit
0x5e7980|0.9502262443438914|__mbscmp
0x5e7a80|0.6470588235294118|?_set_new_handler@@YAP6AHI@ZP6AHI@Z@Z
0x5e7ac0|0.9230769230769231|__callnewh
0x5e7ae0|0.8217821782178217|__findfirst
0x5e7c10|0.8461538461538461|__findnext
0x5e7d30|1.0|__findclose
0x5e7d60|1.0|___timet_from_ft
0x5e7df0|1.0|__aullshr
0x5e7e10|0.6428571428571429|??_M@YGXPAXIHP6EX0@Z@Z
0x5e7ec0|0.7323943661971831|?__ArrayUnwind@@YGXPAXIHP6EX0@Z@Z
0x5e7f50|0.8888888888888888|_free
0x5e7fc0|0.9766081871345029|_realloc
0x5e8170|0.9142857142857143|??1type_info@@UAE@XZ
0x5e81a0|1.0|??_Gtype_info@@UAEPAXI@Z
0x5e8310|0.46153846153846156|_malloc
0x5e8330|1.0|__nh_malloc
0x5e8380|0.810126582278481|__heap_alloc
0x5e83e0|1.0|_srand
0x5e83f0|1.0|_rand
0x5e8420|1.0|_memmove
0x5e8760|0.8905109489051095|_atol
0x5e8800|1.0|_atoi
0x5e8bb0|1.0|_vsprintf
0x5e8c20|0.10526315789473684|ProbeStackPagesForLargeFrameAllocation
0x5e8cf0|0.9421965317919075|_localtime
0x5e8ee0|1.0|_time
0x5e9010|1.0|_fclose
0x5e9050|1.0|__fclose_lk
0x5e90c0|1.0|__fsopen
0x5e9100|1.0|_fopen
0x5e9120|1.0|_fprintf
0x5e9170|1.0|_fwrite
0x5e91b0|1.0|__fwrite_lk
0x5e9340|1.0|_strncpy
0x5e9440|1.0|_fread
0x5e9480|1.0|__fread_lk
0x5e9620|0.8771929824561403|__itoa
0x5e9840|1.0|_sprintf
0x5e98b0|0.8120300751879699|_WinMainCRTStartup
0x5e9a60|0.0|amsg_exit
0x5e9a90|1.0|_memset
0x5e9ae8|1.0|__EH_prolog
0x5e9b10|1.0|__strdup
0x5e9b60|0.46153846153846156|__cinit
0x5e9b90|0.42857142857142855|_exit
0x5e9bb0|0.42857142857142855|__exit
0x5e9bf0|0.03773584905660377|RunCrtExitHandlersAndTerminate
0x5e9cb0|1.0|__lockexit
0x5e9cc0|1.0|__unlockexit
0x5e9cf0|1.0|_memcpy
0x5ea030|1.0|_wcslen
0x5ea050|0.9047619047619048|__mbschr
0x5ea120|0.9664429530201343|__mbspbrk
0x5ea1d0|0.9583333333333334|__mbsupr
0x5ea280|0.9583333333333334|__mbslwr
0x5ea330|0.9411764705882353|__mbsrev
0x5ea3b0|0.9263157894736842|__beginthreadex
0x5ea4e0|0.0|CrtThreadExitWithTlsCleanup
0x5ea520|1.0|_memcmp
0x5ea5d0|0.8070175438596491|__CxxThrowException@8
0x5ea620|0.9795918367346939|__mbsspn
0x5ea6d0|0.9795918367346939|__mbscspn
0x5ea780|0.9830508474576272|__mbsrchr
0x5ea810|0.9634146341463414|__mbsstr
0x5ea8b0|1.0|__mbclen
0x5ea8d0|0.8305084745762712|__ismbcdigit
0x5ea970|1.0|__mbsinc
0x5ea990|0.8305084745762712|__ismbcspace
0x5eaa30|0.2857142857142857|ComputeAbsoluteIntValue
0x5eaa40|0.6923076923076923|_strtol
0x5eacf0|0.6923076923076923|_strtoul
0x5ead10|0.46153846153846156|__purecall
0x5ead20|0.7816091954022989|__dosmaperr
0x5eada0|1.0|__errno
0x5eadb0|1.0|___doserrno
0x5eadc0|0.15384615384615385|WrapperFor_EnterIndexedCriticalSectionWithLazyInit_At005eadc0
0x5eadfd|0.0625|ReallocateHeapBlockWithAllocatorTrimFallback_005eadfd
0x5eae44|0.125|WrapperFor_LeaveIndexedCriticalSection_At005eae44
0x5eae70|0.8314606741573034|__msize
0x5eaee0|0.8617886178861789|__setmbcp
0x5eb1f0|1.0|___initmbctable
0x5eb200|0.8333333333333334|_mktime
0x5eb460|0.9477611940298507|_gmtime
0x5ebb20|1.0|_strftime
0x5ebb40|0.8571428571428571|__Strftime
0x5ec6c0|1.0|__setdefaultprecision
0x5ec6e0|0.96|__ms_p5_test_fdiv
0x5ec730|1.0|__ms_p5_mp_test_fdiv
0x5ec760|0.8831168831168831|__forcdecpt
0x5ec850|0.10526315789473684|WrapperFor_ParseDecimalTextAndConvertWithProfileA_At005ec850
0x5ec882|0.15384615384615385|WrapperFor_ParseDecimalTextAndConvertWithProfileB_At005ec882
0x5ec8b0|0.8598130841121495|__cftoe
0x5ec930|0.039603960396039604|AppendExponentSuffixToNumericBuffer
0x5eca30|0.8695652173913043|__cftof
0x5ecaa0|0.02531645569620253|AppendFractionalDigitsAndPadNumericBuffer
0x5ecb60|0.9176470588235294|__cftog
0x5ecc20|0.1111111111111111|WrapperFor_FormatNumericStringAndAppend_At005ecc20
0x5ecc4b|0.15384615384615385|WrapperFor_FormatNumericStringWithWidthAndTrimRules_At005ecc4b
0x5ecc68|0.15384615384615385|WrapperFor_FormatNumericStringAndAppendWithFlags_At005ecc68
0x5ecc90|0.18181818181818182|WrapperFor_MoveMemoryOverlapSafe_At005ecc90
0x5eccc0|0.9290322580645162|___InternalCxxFrameHandler
0x5ed130|0.7068965517241379|___FrameUnwindToState
0x5ed640|0.6976744186046512|?_DestructExceptionObject@@YAXPAUEHExceptionRecord@@E@Z
0x5ed6f0|0.6666666666666666|__CallSettingFrame@12
0x5ed740|0.8787878787878788|__mtinit
0x5ed7d0|0.2857142857142857|__initptd
0x5ed7f0|0.8723404255319149|__getptd
0x5ed870|0.9401709401709402|__freeptd
0x5ed930|0.07142857142857142|AbortWithThreadAbortHookIfPresent
0x5ed9e0|0.5609756097560976|?_inconsistency@@YAXXZ
0x5eda4e|0.5|WrapperFor_AbortWithThreadAbortHookIfPresent_At005eda4e
0x5eda70|1.0|__mtinitlocks
0x5edb20|0.7727272727272727|__lock
0x5edba0|0.5384615384615384|__unlock
0x5edbc0|0.68|__lock_file
0x5edc00|1.0|__lock_file2
0x5edc30|0.68|__unlock_file
0x5edc70|1.0|__unlock_file2
0x5edcc0|0.8823529411764706|___loctotime_t
0x5eddeb|0.0|RunLocalExceptionFilterChainAndUnwind
0x5ede75|1.0|__seh_longjmp_unwind@4
0x5ede90|0.7111111111111111|__heap_init
0x5edf40|0.8632478632478633|___sbh_new_region
0x5ee0b0|0.8571428571428571|___sbh_release_region
0x5ee110|1.0|___sbh_decommit_pages
0x5ee1e0|0.8307692307692308|___sbh_find_block
0x5ee240|1.0|___sbh_free_block
0x5ee2a0|0.9607390300230947|___sbh_alloc_block
0x5ee4e0|1.0|___sbh_alloc_block_from_page
0x5ee660|1.0|___sbh_resize_block
0x5ee900|0.8521739130434782|__isctype
0x5ee9a0|1.0|__allmul
0x5ee9e0|0.9661016949152542|__flsbuf
0x5eeb10|0.8466257668711656|__output
0x5ef5d0|0.6363636363636364|___tzset
0x5ef910|0.7368421052631579|__isindst
0x5efd50|0.85|__close
0x5efdc0|0.9814814814814815|__close_lk
0x5efe50|1.0|__freebuf
0x5efe90|0.8070175438596491|_fflush
0x5efed0|1.0|__fflush_lk
0x5eff10|1.0|__flush
0x5f0050|0.7197640117994101|__openfile
0x5f0220|0.8553459119496856|__getstream
0x5f0300|0.8421052631578947|__stbuf
0x5f03a0|1.0|__ftbuf
0x5f03e0|0.8085106382978723|__write
0x5f0460|0.9749303621169917|__write_lk
0x5f1490|0.9723756906077348|__filbuf
0x5f1580|0.8085106382978723|__read
0x5f1600|0.9645390070921985|__read_lk
0x5f1830|1.0|__aulldiv
0x5f18a0|1.0|__aullrem
0x5f1c70|0.42857142857142855|__ismbblead
0x5f1d20|0.9139784946236559|__setenvp
0x5f1e10|0.8113207547169812|__setargv
0x5f22c0|1.0|___crtGetEnvironmentStringsA
0x5f2420|0.9195402298850575|__ioinit
0x5f2690|0.7692307692307693|__FF_MSGBANNER
0x5f26d0|0.9156626506024096|__NMSG_WRITE
0x5f28f0|0.045454545454545456|_strchr
0x5f29b0|1.0|_strpbrk
0x5f29f0|0.9594272076372315|___crtLCMapStringW
0x5f2c40|0.971830985915493|___crtLCMapStringA
0x5f2e90|1.0|__strrev
0x5f2ec0|0.9261744966442953|_calloc
0x5f2f70|0.782608695652174|?__CxxUnhandledExceptionFilter@@YGJPAU_EXCEPTION_POINTERS@@@Z
0x5f3000|1.0|_strspn
0x5f3040|1.0|_strcspn
0x5f3080|1.0|_strrchr
0x5f30b0|0.9848484848484849|_strstr
0x5f3130|0.9430379746835443|___crtGetStringTypeW
0x5f32c0|0.9647058823529412|___crtGetStringTypeA
0x5f3400|0.8035714285714286|_toupper
0x5f3490|0.9404761904761905|__toupper_lk
0x5f3ec0|0.9411764705882353|__strcmpi
0x5f3f90|0.6875|__statusfp
0x5f3fb0|0.7096774193548387|__clearfp
0x5f3fd0|0.847457627118644|__control87
0x5f4010|1.0|__controlfp
0x5f4060|0.0784313725490196|MapFpControlWordToRuntimeControlBits
0x5f4100|0.08333333333333333|StoreMappedFpControlBits_NoOp
0x5f4190|0.17391304347826086|MapFpControlLowByteToRuntimeBits
0x5f41e0|0.8035714285714286|_tolower
0x5f4270|0.9404761904761905|__tolower_lk
0x5f4370|1.0|__ZeroTail
0x5f43e0|1.0|__IncMan
0x5f4450|1.0|__RoundMan
0x5f44f0|1.0|__CopyMan
0x5f4510|1.0|__FillZeroMan
0x5f4520|1.0|__IsZeroMan
0x5f4540|1.0|__ShrMan
0x5f4600|1.0|__ld12cvt
0x5f47d0|0.5833333333333334|__ld12tod
0x5f47f0|0.5833333333333334|__ld12tof
0x5f4890|1.0|__atodbl
0x5f4910|1.0|__atoflt
0x5f4950|1.0|__fptostr
0x5f49f0|1.0|__fltout2
0x5f4a80|1.0|___dtold
0x5f4b40|0.46153846153846156|__fptrap
0x5f4b50|1.0|?_ValidateRead@@YAHPBXI@Z
0x5f4b70|1.0|?_ValidateWrite@@YAHPAXI@Z
0x5f4b90|1.0|?_ValidateExecute@@YAHP6GHXZ@Z
0x5f4bb0|0.7368421052631579|_abort
0x5f4cb0|0.8085106382978723|__lseek
0x5f4d30|0.9795918367346939|__lseek_lk
0x5f4db0|0.8771929824561403|__getbuf
0x5f4e10|0.7272727272727273|__isatty
0x5f4e40|0.8604651162790697|_wctomb
0x5f4eb0|0.7906976744186046|__wctomb_lk
0x5f4f30|0.7722772277227723|_wcstombs
0x5f4fb0|0.9507389162561576|__wcstombs_lk
0x5f5210|0.9428571428571428|__getenv_lk
0x5f52a0|0.9122807017543859|__alloc_osfhnd
0x5f5410|0.8571428571428571|__set_osfhnd
0x5f54c0|0.8455284552845529|__free_osfhnd
0x5f5560|0.7755102040816326|__get_osfhandle
0x5f5660|0.8192771084337349|__lock_fhandle
0x5f56d0|0.5294117647058824|__unlock_fhandle
0x5f5700|0.9473684210526315|__commit
0x5f57c0|0.8805237315875614|__sopen
0x5f5d00|0.0|ExecuteCallbackUnderStreamCriticalSection
0x5f5dc0|1.0|___crtMessageBoxA
0x5f5e50|0.125|RebuildActiveLocaleDateTimeNameTableAndAdoptOwnedBuffer
0x5f5e76|0.125|ReinitializeLocaleDayMonthNameTableAndResetSharedPointerArray
0x5f5e9c|0.26666666666666666|AdoptLocaleDateTimeNameTableAsActiveAndOwned
0x5f5ec9|0.26666666666666666|ResetActiveLocaleDateTimeNameTableToSharedDefault
0x5f65c0|0.034482758620689655|RebuildLocaleNumericFormattingTables_005f65c0
0x5f666e|0.0|WrapperFor_FreeHeapBlockWithAllocatorTracking_At005f666e
0x5f6797|0.3333333333333333|InitializeLocaleDecimalSeparatorFromRuntimeLocale
0x5f6827|0.05263157894736842|ReinitializeLocaleDateTimeFormattingFieldsAndResetSharedState
0x5f689b|0.18181818181818182|ResetLocaleDateTimeOwnedPointerCacheToStaticDefaults
0x5f6af9|0.021739130434782608|RebuildLocaleWideCharClassificationTables_005f6af9
0x5f6d2d|0.0|thunk_OrphanTail_FreeFourSavedPointersAndReturnTrue
0x5f6d33|0.09090909090909091|OrphanTail_FreeFourSavedPointersAndReturnTrue
0x5f6d68|0.18181818181818182|WrapperFor_FreeHeapBlockWithAllocatorTracking_At005f6d68
0x5f6dc0|1.0|_strncmp
0x5f7300|0.7989276139410187|_signal
0x5f7530|0.043478260869565216|ConsoleCtrlHandlerDispatchRuntimeSignalCallbacks
0x5f75c0|0.02631578947368421|RaiseRuntimeSignalAndInvokeHandler
0x5f7830|1.0|___addl
0x5f7860|1.0|___add_12
0x5f78d0|1.0|___shl_12
0x5f7900|1.0|___shr_12
0x5f7930|1.0|___mtold12
0x5f7a30|0.7869674185463659|___strgtold12
0x5f8210|1.0|_$I10_OUTPUT
0x5f8640|0.8235294117647058|__mbsnbicoll
0x5f8680|0.9402985074626866|___wtomb_environ
0x5f8770|0.9834710743801653|__chsize_lk
0x5f88c0|0.9539473684210527|___getlocaleinfo
0x5f8a80|0.9925925925925926|___crtGetLocaleInfoW
0x5f8bb0|0.9891696750902527|___crtGetLocaleInfoA
0x5f8f10|1.0|___ld12mul
0x5f91d0|0.9074074074074074|___multtenpow12
0x5f94b0|0.9590834697217676|___crtCompareStringA
0x5f97b0|0.908641975308642|___crtsetenv
0x5f9b20|0.8108108108108109|__setmode_lk
0x5f9b90|0.8490566037735849|_towupper
0x5f9c20|1.0|__towupper_lk
0x5f9ca0|0.8292682926829268|_iswctype
0x5fa7c2|1.0|WinMain
0x5fa7da|1.0|AfxInitialize
0x5fa7f8|1.0|_AFX_TERM_APP_STATE::_AFX_TERM_APP_STATE
0x5fa80b|1.0|_AFX_TERM_APP_STATE::~_AFX_TERM_APP_STATE
0x5fa815|0.0|WrapperFor_TerminateMfcApplicationState_At005fa815
0x5fa81f|0.0|TerminateMfcApplicationState
0x5fa829|0.3333333333333333|WrapperFor_AppendPointerToGlobalVectorAsStatus_At005fa829
0x5fa845|0.9444444444444444|CToolTipCtrl::CToolTipCtrl
0x5fa89a|1.0|CToolTipCtrl::Create
0x5fa8e5|0.95|CToolTipCtrl::~CToolTipCtrl
0x5fa92c|1.0|CToolTipCtrl::DestroyToolTipCtrl
0x5fa946|1.0|CToolTipCtrl::OnAddTool
0x5fa9d1|1.0|CToolTipCtrl::OnWindowFromPoint
0x5faa44|1.0|CToolTipCtrl::AddTool(class CWnd *, char const *, struct tagRECT const *, unsigned int)
0x5faa92|1.0|CToolTipCtrl::AddTool(class CWnd *, unsigned int, struct tagRECT const *, unsigned int)
0x5faaec|1.0|CToolTipCtrl::DelTool
0x5fab1d|1.0|CToolTipCtrl::GetText
0x5fab68|1.0|CToolTipCtrl::GetToolInfo
0x5fab9a|1.0|CToolTipCtrl::HitTest
0x5fac0d|1.0|CToolTipCtrl::SetToolRect
0x5fac4f|1.0|CToolTipCtrl::UpdateTipText(char const *, class CWnd *, unsigned int)
0x5fac86|1.0|CToolTipCtrl::UpdateTipText(unsigned int, class CWnd *, unsigned int)
0x5facd6|1.0|CToolTipCtrl::FillInToolInfo
0x5fad29|1.0|CWnd::EnableToolTips
0x5fadcb|1.0|CWnd::_FilterToolTipMessage
0x5faddb|1.0|CWnd::FilterToolTipMessage
0x5fb0d5|1.0|RelayToolTipMessage
0x5feb3b|0.9473684210526315|CString::CString(char, int)
0x5feb73|0.9444444444444444|CString::CString(char const *, int)
0x5feba9|1.0|CString::operator=(char)
0x5febbe|1.0|operator+(class CString const &, char)
0x5fec20|1.0|operator+(char, class CString const &)
0x5fec82|1.0|CString::Mid(int)
0x5feca5|1.0|CString::Mid(int, int)
0x5fed30|1.0|CString::Right
0x5fedad|1.0|CString::Left
0x5fee24|0.9473684210526315|CString::SpanExcluding(char const *)
0x5fee78|1.0|CString::ReverseFind
0x5fee99|0.9285714285714286|CString::FindOneOf(char const *)
0x5feeb8|1.0|CString::FormatV
0x5ff15e|1.0|CString::Format(char const *, ...)
0x5ff1ba|1.0|CString::FormatMessageA(char const *, ...)
0x5ff206|1.0|CString::FormatMessageA(unsigned int, ...)
0x5ff289|1.0|CString::TrimRight
0x5ff2d2|1.0|CString::TrimLeft
0x5ff36a|1.0|CopyElements
0x5ff3cd|1.0|CSimpleException::InitString
0x5ff3f6|0.0|WrapperFor_InitString_At005ff3f6
0x5ff429|0.0|thunk_GetThisField10Value
0x5ff432|0.0|GetThisField10Value
0x5ff439|0.8|AfxThrowMemoryException
0x5ff454|0.8|AfxThrowNotSupportedException
0x5ff46f|0.9789473684210527|CFileDialog::CFileDialog
0x5ff5c5|0.0|WrapperFor_FreeHeapBufferIfNotNull_At005ff5c5
0x5ff5e1|0.9710144927536232|CFileDialog::DoModal
0x5ff69e|1.0|CFileDialog::GetPathName
0x5ff7ac|1.0|CFileDialog::GetFileName
0x5ff976|1.0|CFileDialog::GetFileTitle
0x5ff9e2|1.0|CFileDialog::GetNextPathName
0x5ffc15|1.0|CFileDialog::GetFolderPath
0x5ffd2d|1.0|CFileDialog::OnInitDone
0x5ffd49|1.0|CFileDialog::OnNotify
0x5ffe2c|0.3333333333333333|RegisterCommdlgLbSelChangedNotifyMessage
0x5ffe42|0.3333333333333333|RegisterCommdlgShareViolationMessage
0x5ffe58|0.3333333333333333|RegisterCommdlgFileNameOkMessage
0x5ffe6e|0.3333333333333333|RegisterCommdlgColorOkMessage
0x5ffe84|0.3333333333333333|RegisterCommdlgHelpMessage
0x5ffe9a|0.3333333333333333|RegisterCommdlgSetRgbColorMessage
0x5ffeb1|0.9375|_AfxCommDlgProc
0x5fffe6|0.9|CCommonDialog::OnOK
0x60000a|1.0|CTime::CTime(int, int, int, int, int, int, int)
0x600056|1.0|CTime::CTime(unsigned short, unsigned short, int)
0x6000bf|1.0|CTime::CTime(struct _SYSTEMTIME const &, int)
0x60010b|1.0|CTime::CTime(struct _FILETIME const &, int)
0x600196|1.0|CTime::GetLocalTm
0x600205|1.0|CTimeSpan::Format(char const *)
0x600331|1.0|CTimeSpan::Format(unsigned int)
0x60038d|0.9615384615384616|CTime::FormatGmt(char const *)
0x60042f|1.0|CTime::FormatGmt(unsigned int)
0x601b74|1.0|CPlex::Create
0x601b94|1.0|CPlex::FreeDataChain
0x601baa|0.875|CPtrArray::CPtrArray
0x601bdd|0.9411764705882353|CPtrArray::~CPtrArray
0x601c14|1.0|CPtrArray::SetSize
0x601d71|0.0|Copy
0x601de3|1.0|CPtrArray::SetAtGrow
0x601e0a|1.0|CPtrArray::InsertAt(int, void *, int)
0x601e9f|1.0|CPtrArray::RemoveAt
0x601f1d|0.9090909090909091|CPtrList::CPtrList
0x601f40|1.0|CPtrList::`scalar deleting destructor'
0x601f5c|1.0|CPtrList::RemoveAll
0x601f7c|0.9333333333333333|CPtrList::~CPtrList
0x601faf|1.0|CPtrList::NewNode
0x602004|1.0|CPtrList::FreeNode
0x60201d|1.0|CPtrList::AddHead(void *)
0x602047|1.0|CPtrList::AddTail(void *)
0x6020b9|1.0|CPtrList::RemoveHead
0x6020dd|1.0|CPtrList::RemoveTail
0x602101|1.0|CPtrList::InsertBefore
0x602140|1.0|CPtrList::InsertAfter
0x60217d|1.0|CPtrList::RemoveAt
0x6021b4|1.0|CPtrList::FindIndex
0x6021d6|1.0|CPtrList::Find
0x60339a|0.9090909090909091|CMapPtrToPtr::CMapPtrToPtr
0x6033dd|1.0|CMapPtrToPtr::InitHashTable
0x603423|1.0|CMapPtrToPtr::RemoveAll
0x60344e|0.9333333333333333|CMapPtrToPtr::~CMapPtrToPtr
0x603481|1.0|CMapPtrToPtr::NewAssoc
0x6034cb|1.0|CMapPtrToPtr::FreeAssoc
0x6034e4|1.0|CMapPtrToPtr::GetAssocAt
0x603516|1.0|CMapPtrToPtr::GetValueAt
0x603549|1.0|CMapPtrToPtr::Lookup
0x60356b|1.0|CMapPtrToPtr::operator[]
0x6035bb|1.0|CMapPtrToPtr::RemoveKey
0x6035fd|1.0|CMapPtrToPtr::GetNextAssoc
0x60366f|0.9090909090909091|CMapStringToPtr::CMapStringToPtr
0x60374a|0.8666666666666667|CMapStringToPtr::~CMapStringToPtr
0x603860|0.9333333333333333|CMapStringToPtr::Lookup
0x603882|0.9333333333333333|CMapStringToPtr::LookupKey
0x6038a4|0.9230769230769231|CMapStringToPtr::operator[]
0x60396e|0.0|GetNextAssoc
0x604b68|0.95|AfxDlgProc
0x604ba2|0.5|CDialog::GetMessageMap
0x604ba8|0.4225352112676056|CDialog::PreTranslateMessage
0x604bcd|0.0|thunk_NoOpPaddingStub_00604c3c
0x604c32|0.0|thunk_NoOpPaddingStub_00604c3c_00604C32
0x604c3c|0.0|NoOpPaddingStub_00604c3c
0x604c41|1.0|CDialog::OnCmdMsg
0x604cc6|0.9230769230769231|CDialog::CDialog(void)
0x604d04|0.9473684210526315|CDialog::~CDialog
0x604d42|1.0|CDialog::Create
0x604da4|1.0|CDialog::CreateIndirect(void *, class CWnd *, struct HINSTANCE__*)
0x604ddd|1.0|CDialog::CreateIndirect(struct DLGTEMPLATE const *, class CWnd *, void *, struct HINSTANCE__*)
0x604e08|1.0|CWnd::CreateDlg
0x604e4c|1.0|CWnd::CreateDlgIndirect(struct DLGTEMPLATE const *, class CWnd *)
0x604e5e|0.9643835616438357|CWnd::CreateDlgIndirect(struct DLGTEMPLATE const *, class CWnd *, struct HINSTANCE__*)
0x60507c|1.0|CWnd::SetOccDialogInfo
0x605081|1.0|CDialog::SetOccDialogInfo
0x60508e|0.9583333333333334|CDialog::CDialog(char const *, class CWnd *)
0x6050d0|0.9523809523809523|CDialog::CDialog(unsigned int, class CWnd *)
0x605144|1.0|CDialog::PreModal
0x60517b|1.0|CDialog::PostModal
0x6051b9|0.9504132231404959|CDialog::DoModal
0x60531e|1.0|CDialog::EndDialog
0x605365|1.0|CDialog::PreInitDialog
0x605366|1.0|CDialog::HandleInitDialog
0x6053ee|1.0|AfxHelpEnabled
0x605442|1.0|CDialog::OnSetFont
0x605445|0.975609756097561|CDialog::OnInitDialog
0x6054aa|0.9090909090909091|CDialog::OnOK
0x6054c3|1.0|CDialog::OnCancel
0x6054cb|1.0|CDialog::CheckAutoCenter
0x6055ae|1.0|CWinApp::Run
0x6055d0|1.0|CWinApp::WinHelpA
0x605607|0.2222222222222222|CWinApp::ProcessWndProcException
0x605613|0.0|HandleWndProcExceptionWithNodeTypeDispatch_00605613
0x60564e|0.0|thunk_DispatchVirtualSlot18OnImplicitObject
0x605665|0.0|DispatchVirtualSlot18OnImplicitObject
0x60567e|1.0|CWinApp::OnIdle
0x6056e4|0.9384615384615385|CWinApp::DevModeChange
0x605797|0.875|CString::CString(void)
0x6057a7|0.9545454545454546|CString::CString(class CString const &)
0x6057de|0.9545454545454546|CString::AllocBuffer
0x605818|0.95|CString::Release(void)
0x60584a|1.0|CString::Release(struct CStringData *)
0x60586d|1.0|CString::Empty
0x60588b|1.0|CString::CopyBeforeWrite
0x6058b9|1.0|CString::AllocBeforeWrite
0x6058e2|1.0|CString::~CString
0x60590b|0.96875|CString::AllocCopy
0x605950|0.975609756097561|CString::CString(char const *)
0x6059ae|0.9714285714285714|CString::CString(unsigned short const *)
0x6059fc|1.0|CString::AssignCopy
0x605a29|1.0|CString::operator=(class CString const &)
0x605a78|1.0|CString::operator=(char const *)
0x605a9f|1.0|CString::operator=(unsigned short const *)
0x605ae0|1.0|CString::ConcatCopy
0x605b21|1.0|operator+(class CString const &, class CString const &)
0x605b87|1.0|operator+(class CString const &, char const *)
0x605bfb|1.0|operator+(char const *, class CString const &)
0x605c6f|1.0|CString::ConcatInPlace
0x605cce|1.0|CString::operator+=(char const *)
0x605cf5|1.0|CString::operator+=(char)
0x605d0a|1.0|CString::operator+=(class CString const &)
0x605d22|1.0|CString::GetBuffer
0x605d71|1.0|CString::ReleaseBuffer
0x605d99|1.0|CString::GetBufferSetLength
0x605dec|1.0|CString::LockBuffer
0x605e12|1.0|CString::Find(char)
0x605e52|1.0|CString::MakeUpper
0x605e64|0.875|CString::MakeReverse(void)
0x605e88|1.0|CString::SetAt
0x605ea1|0.8888888888888888|CString::OemToCharA(void)
0x605ec9|1.0|_wcstombsz
0x605eff|1.0|_mbstowcsz
0x605f34|1.0|AfxA2WHelper
0x605f87|0.907103825136612|_AfxThreadEntry
0x6060bc|1.0|AfxGetThread
0x606155|1.0|AfxBeginThread(struct CRuntimeClass *, int, unsigned int, unsigned long, struct _SECURITY_ATTRIBUTES *)
0x6061b7|0.9629629629629629|AfxEndThread
0x6061ff|0.9629629629629629|AfxInitThread
0x60625e|1.0|AfxTermThread
0x6062c2|1.0|CWinThread::CreateThread
0x6063b8|1.0|CWinThread::Delete
0x6063cd|1.0|CWinThread::Run
0x606451|1.0|CWinThread::IsIdleMessage
0x6064b0|1.0|CWinThread::OnIdle
0x6065c7|1.0|CWinThread::DispatchThreadMessageEx
0x606640|1.0|CWinThread::PreTranslateMessage
0x606725|1.0|CWinThread::ProcessWndProcException
0x60674a|1.0|_AfxMsgFilterHook
0x6067a2|1.0|CWinThread::ProcessMessageFilter
0x6068e9|1.0|IsHelpKey
0x606934|1.0|CWinThread::GetMainWnd
0x60694f|1.0|CWinThread::PumpMessage
0x60698f|0.9166666666666666|CCmdTarget::CCmdTarget
0x6069cb|0.9473684210526315|CCmdTarget::~CCmdTarget
0x606a07|1.0|CCmdTarget::OnCmdMsg
0x606b1f|0.9458128078817734|DispatchCmdMsg
0x606c4e|1.0|CCmdTarget::IsInvokeAllowed
0x606c54|1.0|CCmdTarget::GetDispatchIID
0x606c59|1.0|CCmdTarget::GetTypeInfoCount
0x606c5c|1.0|CCmdTarget::GetTypeLibCache
0x606c5f|1.0|CCmdTarget::GetTypeLib
0x606c67|1.0|CCmdTarget::BeginWaitCursor
0x606c7c|1.0|CCmdTarget::EndWaitCursor
0x606c91|1.0|CCmdTarget::RestoreWaitCursor
0x606ca6|0.5|GetCCmdTargetMessageMap
0x606cac|0.5|CCmdTarget::GetDispatchMap
0x606cb2|0.5|CCmdTarget::GetEventSinkMap
0x606cb8|0.5|CCmdTarget::GetInterfaceMap
0x606cbe|1.0|CCmdTarget::OnFinalRelease
0x606cf0|1.0|CCmdTarget::OnCreateAggregates
0x606cf4|1.0|CCmdTarget::GetInterfaceHook
0x606cf9|0.5|CCmdTarget::GetConnectionMap
0x606cff|1.0|CCmdTarget::GetConnectionHook
0x606d04|1.0|CCmdTarget::GetExtraConnectionPoints
0x606d09|0.5|CCmdTarget::GetCommandMap
0x606d1b|1.0|CCmdTarget::GetRoutingFrame
0x606d27|0.9230769230769231|CCmdUI::CCmdUI
0x606d4d|1.0|CCmdUI::Enable
0x606ddd|1.0|CCmdUI::SetCheck
0x606e3f|1.0|CCmdUI::SetRadio
0x606e91|1.0|CCmdUI::SetText
0x606ee7|1.0|CCmdUI::DoUpdate
0x606f4e|0.8|WrapperFor_ThrowMfcResourceException_At00606f4e
0x606f5f|1.0|AfxSetNewHandler
0x606f73|1.0|operator new
0x606faf|1.0|operator delete
0x606fba|0.5|CObject::GetRuntimeClass
0x606fc0|1.0|CObject::IsKindOf
0x606fd2|1.0|AfxDynamicDownCast
0x606ff2|0.9230769230769231|CRuntimeClass::CreateObject
0x60704b|1.0|AFX_CLASSINIT::AFX_CLASSINIT
0x607077|1.0|CRuntimeClass::IsDerivedFrom
0x607090|1.0|CWnd::OnAmbientProperty
0x6070df|1.0|CWnd::CheckRadioButton
0x607111|1.0|CWnd::GetDlgItem(int)
0x60713b|1.0|CWnd::GetDlgItem(int, struct HWND__**)
0x607169|1.0|CWnd::GetDlgItemInt
0x60719b|1.0|CWnd::GetDlgItemTextA(int, char *, int)
0x6071d0|1.0|CWnd::SendDlgItemMessageA
0x60720b|1.0|CWnd::SetDlgItemInt
0x60726f|1.0|CWnd::IsDlgButtonChecked
0x607296|1.0|CWnd::ScrollWindowEx
0x6072e5|1.0|CWnd::IsDialogMessageA
0x607318|1.0|CWnd::GetStyle
0x607332|1.0|CWnd::GetExStyle
0x60734c|1.0|CWnd::ModifyStyle(unsigned long, unsigned long, unsigned int)
0x607380|1.0|CWnd::ModifyStyleEx(unsigned long, unsigned long, unsigned int)
0x6073b4|1.0|CWnd::SetWindowTextA
0x607469|1.0|CWnd::MoveWindow
0x6074aa|1.0|CWnd::SetWindowPos
0x6074f9|1.0|CWnd::ShowWindow
0x607520|1.0|CWnd::IsWindowEnabled
0x60753b|1.0|CWnd::EnableWindow
0x607562|1.0|CWnd::SetFocus
0x6075ea|1.0|CWnd::GetDSCCursor
0x607643|1.0|CWnd::AttachControlSite(class CHandleMap *)
0x607673|1.0|CWnd::AttachControlSite(class CWnd *)
0x6076bd|0.3333333333333333|RegisterCommctrlDragListMessage
0x6076ce|0.0|WrapperFor_E361_At006076ce
0x6076e5|0.3333333333333333|WrapperFor_AppendPointerToGlobalVectorAsStatus_At006076e5
0x60770c|0.0|WrapperFor_E367_At0060770c
0x607723|0.3333333333333333|WrapperFor_AppendPointerToGlobalVectorAsStatus_At00607723
0x60774a|0.0|WrapperFor_E372_At0060774a
0x607761|0.3333333333333333|WrapperFor_AppendPointerToGlobalVectorAsStatus_At00607761
0x607788|0.0|WrapperFor_E377_At00607788
0x60779f|0.3333333333333333|WrapperFor_AppendPointerToGlobalVectorAsStatus_At0060779f
0x6077c6|0.9333333333333333|CWnd::CWnd(void)
0x6077f0|1.0|CWnd::`scalar deleting destructor'
0x60780c|0.9473684210526315|CWnd::CWnd(struct HWND__*)
0x607840|1.0|CWnd::ModifyStyle(struct HWND__*, unsigned long, unsigned long, unsigned int)
0x60785a|1.0|_AfxModifyStyle
0x6078a9|1.0|CWnd::ModifyStyleEx(struct HWND__*, unsigned long, unsigned long, unsigned int)
0x6078c3|0.89171974522293|AfxCallWndProc
0x6079b3|1.0|_AfxPreInitDialog
0x6079d6|1.0|_AfxPostInitDialog
0x607a4f|1.0|CWnd::GetCurrentMessage
0x607a84|1.0|CWnd::Default
0x607abf|0.9473684210526315|afxMapHWND
0x607b2f|1.0|CWnd::FromHandle
0x607b57|1.0|CWnd::FromHandlePermanent
0x607b73|1.0|CWnd::Attach
0x607bac|1.0|CWnd::Detach
0x607bda|1.0|CWnd::PreSubclassWindow
0x607bdb|1.0|AfxWndProc
0x607c0a|0.5|GetAfxSubclassWndProcEntry
0x607c10|0.9065420560747663|_AfxActivationWndProc
0x607d5d|1.0|_AfxHandleActivate
0x607dbe|1.0|_AfxHandleSetCursor
0x607e36|1.0|_AfxGrayBackgroundWndProc
0x607eb2|0.9854014598540146|_AfxCbtFilterHook
0x608040|1.0|AfxHookWindowCreate
0x60808c|1.0|AfxUnhookWindowCreate
0x6080ce|1.0|CWnd::CreateEx(unsigned long, char const *, char const *, unsigned long, struct tagRECT const &, class CWnd *, unsigned int, void *)
0x608115|1.0|CWnd::CreateEx(unsigned long, char const *, char const *, unsigned long, int, int, int, int, struct HWND__*, struct HMENU__*, void *)
0x6081d9|0.9444444444444444|CWnd::PreCreateWindow
0x60820b|1.0|CWnd::Create
0x608257|0.8974358974358975|CWnd::~CWnd
0x6082d3|1.0|CWnd::OnDestroy
0x6082f1|1.0|CWnd::OnNcDestroy
0x608408|1.0|CWnd::PostNcDestroy
0x608409|1.0|CWnd::OnFinalRelease
0x60841a|1.0|CWnd::DestroyWindow
0x608467|1.0|CWnd::DefWindowProcA
0x6084ae|1.0|CWnd::GetSuperWndProcAddr
0x6084b2|1.0|CWnd::PreTranslateMessage
0x6084d1|1.0|CWnd::CancelToolTips
0x60852e|1.0|CWnd::OnToolHitTest
0x60859f|1.0|CWnd::GetWindowTextA(class CString &)
0x608657|0.0|GetWindowPlacementFromThisHwnd
0x60866e|0.0|SetWindowPlacementFromThisHwnd
0x608685|1.0|CWnd::OnDrawItem
0x6086c2|1.0|CWnd::OnCompareItem
0x60870c|1.0|CWnd::OnCharToItem(unsigned int, class CListBox *, unsigned int)
0x608762|1.0|CMenu::TrackPopupMenu
0x6087b6|1.0|CWnd::OnMeasureItem
0x60882f|1.0|FindPopupMenuFromID
0x608892|0.9369369369369369|AfxRegisterClass
0x60893b|1.0|AfxRegisterWndClass
0x6089ef|1.0|CWnd::OnNTCtlColor
0x608a2b|1.0|CWnd::WinHelpA
0x608b11|1.0|AfxFindMessageEntry
0x608b66|1.0|CWnd::WindowProc
0x608ba8|0.9397321428571429|CWnd::OnWndMsg
0x60911a|0.875|CTestCmdUI::CTestCmdUI
0x60914d|1.0|CWnd::OnCommand
0x6091d9|1.0|CWnd::OnNotify
0x609253|1.0|CWnd::GetParentFrame
0x609297|1.0|AfxGetParentOwner
0x6092dc|1.0|CWnd::GetTopLevelParent
0x60933b|1.0|CWnd::GetParentOwner
0x609382|1.0|CWnd::IsTopParentActive
0x6093b6|1.0|CWnd::ActivateTopParent
0x6093f3|1.0|CWnd::GetTopLevelFrame
0x609437|1.0|CWnd::GetSafeOwner
0x6094d7|1.0|CWnd::GetDescendantWindow
0x609550|1.0|CWnd::SendMessageToDescendants
0x6095cd|1.0|CWnd::GetScrollBarCtrl
0x6095d2|1.0|CWnd::SetScrollPos
0x609602|1.0|CWnd::GetScrollPos
0x60962a|1.0|CWnd::SetScrollRange
0x60965d|1.0|CWnd::GetScrollRange
0x60968d|1.0|CWnd::EnableScrollBarCtrl
0x6096d0|1.0|CWnd::SetScrollInfo
0x60971d|1.0|CWnd::GetScrollInfo
0x60976a|1.0|CWnd::GetScrollLimit
0x6097ae|1.0|CWnd::ScrollWindow
0x60986b|1.0|CWnd::RepositionBars
0x6099a5|1.0|AfxRepositionWindow
0x609a3f|1.0|CWnd::CalcWindowRect
0x609a6a|1.0|CWnd::HandleFloatingSysCommand
0x609b24|1.0|CWnd::WalkPreTranslateTree
0x609b66|1.0|CWnd::SendChildNotifyLastMsg
0x609b93|1.0|CWnd::ReflectLastMsg
0x609c37|1.0|CWnd::OnChildNotify
0x609c92|1.0|CWnd::ReflectChildNotify
0x609d88|1.0|CWnd::OnParentNotify
0x609dd7|1.0|CWnd::OnSysColorChange
0x609e61|1.0|CWnd::OnSettingChange
0x609eb5|1.0|CWnd::OnWinIniChange
0x609f01|1.0|CWnd::OnDevModeChange
0x609f56|1.0|CWnd::OnHelpInfo
0x609fba|1.0|CWnd::OnDisplayChange
0x60a007|1.0|CWnd::OnDragList
0x60a031|1.0|CWnd::OnVScroll(unsigned int, unsigned int, class CScrollBar *)
0x60a073|1.0|CWnd::OnEnterIdle
0x60a0bd|1.0|CWnd::OnCtlColor
0x60a0e4|1.0|CWnd::OnGrayCtlColor
0x60a147|1.0|CWnd::GrayCtlColor
0x60a1c4|0.04878048780487805|UpdateData
0x60a267|1.0|CDataExchange::CDataExchange
0x60a27d|1.0|CWnd::CenterWindow
0x60a3f7|1.0|CWnd::CheckAutoCenter
0x60a3fb|1.0|CWnd::ExecuteDlgInit(char const *)
0x60a44b|1.0|CWnd::ExecuteDlgInit(void *)
0x60a4d5|1.0|CWnd::UpdateDialogControls
0x60a5da|1.0|CWnd::PreTranslateInput
0x60a60a|1.0|CWnd::RunModalLoop
0x60a769|1.0|CWnd::ContinueModal
0x60a770|1.0|CWnd::EndModalLoop
0x60a794|0.9387755102040817|AfxEndDeferRegisterClass
0x60a90f|1.0|CWnd::IsFrameWnd
0x60a912|1.0|CFrameWnd::IsFrameWnd
0x60a916|1.0|CFrameWnd::IsTracking
0x60a935|1.0|CWnd::SubclassCtl3d
0x60a97f|1.0|CWnd::SubclassDlg3d
0x60a9c4|0.9615384615384616|CWnd::SubclassWindow
0x60aa6e|1.0|CWnd::UnsubclassWindow
0x60aa96|0.75|CException::CException(void)
0x60aaa6|0.8|CException::CException(int)
0x60aab8|1.0|CException::Delete
0x60aaeb|1.0|CException::ReportError
0x60ab40|1.0|AFX_EXCEPTION_LINK::AFX_EXCEPTION_LINK
0x60ab56|1.0|AfxGetExceptionContext
0x60ab7e|1.0|AfxTryCleanup
0x60abac|0.9473684210526315|CFile::CFile(void)
0x60ac08|0.95|CFile::CFile(int)
0x60ac4c|0.96|CFile::CFile(char const *, unsigned int)
0x60acf6|0.9545454545454546|CFile::~CFile
0x60ad44|1.0|CFile::Duplicate
0x60add5|1.0|CFile::Open
0x60aefd|1.0|CFile::Read
0x60af37|1.0|CFile::Write
0x60af82|1.0|CFile::Seek
0x60afb1|1.0|CFile::GetPosition
0x60afda|1.0|CFile::Flush
0x60affb|1.0|CFile::Close
0x60b03c|1.0|CFile::Abort
0x60b05c|1.0|CFile::LockRange(unsigned long, unsigned long)
0x60b0ae|1.0|CFile::SetLength
0x60b0da|1.0|CFile::GetLength
0x60b10a|1.0|CFile::Rename
0x60b12c|1.0|CFile::Remove
0x60b14a|1.0|AFX_COM::~AFX_COM
0x60b158|0.9642857142857143|AFX_COM::CreateInstance
0x60b19a|1.0|AFX_COM::GetClassObject
0x60b266|1.0|AfxStringFromCLSID
0x60b2d5|0.9850746268656716|AfxGetInProcServer
0x60b381|0.9672131147540983|AfxResolveShortcut
0x60b4cb|1.0|AfxFullPath
0x60b5a4|1.0|AfxGetRoot
0x60b66a|1.0|AfxComparePath
0x60b72d|0.9696969696969697|AfxGetFileTitle
0x60b783|1.0|AfxGetModuleShortFileName
0x60b7dd|1.0|CFile::GetFileName
0x60b85f|1.0|CFile::GetFileTitle
0x60b8e1|1.0|CFile::GetFilePath
0x60b910|1.0|CFile::GetStatus(struct CFileStatus &)
0x60b9ea|1.0|CFile::GetStatus(char const *, struct CFileStatus &)
0x60ba9c|1.0|AfxTimeToFileTime
0x60bb4b|1.0|CFile::SetStatus
0x60bc98|1.0|CFileException::ThrowOsError
0x60bcdd|1.0|CFileException::GetErrorMessage
0x60bd7d|0.9534883720930233|AfxThrowFileException
0x60be52|0.7335092348284961|CFileException::OsErrorToException
0x60c087|1.0|CDialogTemplate::CDialogTemplate(struct DLGTEMPLATE const *)
0x60c0b6|1.0|CDialogTemplate::CDialogTemplate(void *)
0x60c0f7|1.0|CDialogTemplate::SetTemplate
0x60c157|1.0|CDialogTemplate::~CDialogTemplate
0x60c165|1.0|CDialogTemplate::Load
0x60c1ba|0.4|TakeAndClearPointerSlot
0x60c1c0|1.0|CDialogTemplate::HasFont
0x60c1eb|1.0|CDialogTemplate::GetFontSizeField
0x60c241|1.0|CDialogTemplate::GetTemplateSize
0x60c2f8|1.0|CDialogTemplate::GetFont(struct DLGTEMPLATE const *, class CString &, unsigned short &)
0x60c367|1.0|CDialogTemplate::GetFont(class CString &, unsigned short &)
0x60c395|1.0|CDialogTemplate::SetFont
0x60c4ac|0.9827586206896551|CDialogTemplate::SetSystemFont
0x60c53d|1.0|CDialogTemplate::GetSizeInDialogUnits
0x60c57d|1.0|CDialogTemplate::GetSizeInPixels
0x60c622|1.0|ConvertDialogUnitsToPixels
0x60c723|0.967741935483871|CRecentFileList::CRecentFileList
0x60c7fb|1.0|CString::`vector deleting destructor'
0x60c837|0.9629629629629629|CRecentFileList::~CRecentFileList
0x60c894|1.0|CRecentFileList::Add
0x60c900|1.0|CRecentFileList::Remove
0x60c93b|1.0|CRecentFileList::GetDisplayName
0x60ca44|1.0|CRecentFileList::UpdateMenu
0x60cc8e|1.0|CRecentFileList::WriteList
0x60cd0c|1.0|CRecentFileList::ReadList
0x60cda8|1.0|AbbreviateName
0x60ce85|1.0|CString::LoadStringA
0x60cf09|1.0|AfxLoadString
0x60cf30|1.0|AfxExtractSubString
0x60cfa8|1.0|AUX_DATA::UpdateSysColors
0x60cfec|1.0|AUX_DATA::UpdateSysMetrics
0x60d0c8|1.0|CMenu::FromHandle
0x60d127|0.09523809523809523|Detach
0x60d16d|1.0|AfxLockTempMaps
0x60d176|0.9534883720930233|AfxUnlockTempMaps
0x60d264|1.0|CHandleMap::CHandleMap
0x60d2c0|0.9064748201438849|CHandleMap::FromHandle
0x60d39b|1.0|CHandleMap::DeleteTemp
0x60d3fc|1.0|AfxWinMain
0x6106bd|0.9166666666666666|CSingleDocTemplate::CSingleDocTemplate
0x6106e5|0.0|WrapperFor_FreeHeapBufferIfNotNull_At006106e5
0x610701|0.0|InitVtable0067074cAndMapTileHint_0061499c
0x610728|1.0|CSingleDocTemplate::AddDocument
0x61073e|1.0|CSingleDocTemplate::RemoveDocument
0x610752|1.0|CSingleDocTemplate::OpenDocumentFile
0x6108fe|1.0|CSingleDocTemplate::SetDefaultTitle
0x610965|0.5|GetCDocumentMessageMap
0x61096b|0.9642857142857143|CDocument::CDocument
0x6109cf|1.0|CDocument::`scalar deleting destructor'
0x6109eb|0.96875|CDocument::~CDocument
0x610a57|1.0|CDocument::OnFinalRelease
0x610a5f|1.0|CDocument::DisconnectViews
0x610a80|1.0|CDocument::SetTitle
0x610a9d|1.0|CDocument::DeleteContents
0x610a9e|1.0|CDocument::OnChangedViewList
0x610aba|1.0|CDocument::UpdateFrameCounts
0x610bbd|1.0|CDocument::CanCloseFrame
0x610c08|1.0|CDocument::PreCloseFrame
0x610c0b|1.0|CDocument::SetPathName
0x610c87|1.0|CDocument::OnFileClose
0x610cb7|1.0|CDocument::DoFileSave
0x610ce5|0.9725490196078431|CDocument::DoSave
0x610e6f|1.0|CDocument::SaveModified
0x610f84|1.0|CDocument::GetDefaultMenu
0x610f87|1.0|CDocument::GetDefaultAccelerator
0x610f8a|0.9736842105263158|CDocument::ReportSaveLoadException
0x6110fa|1.0|CMirrorFile::Open
0x6112c1|1.0|CMirrorFile::Abort
0x6112da|1.0|CMirrorFile::Close
0x611334|0.9767441860465116|CDocument::GetFile
0x6113aa|0.9090909090909091|CCtrlView::`scalar deleting destructor'
0x6113c6|1.0|CMirrorFile::~CMirrorFile
0x6113f7|1.0|CDocument::ReleaseFile
0x611420|1.0|CDocument::OnNewDocument
0x611443|0.8653061224489796|CDocument::OnOpenDocument
0x61160e|0.8532110091743119|CDocument::OnSaveDocument
0x6117b5|1.0|CDocument::OnCloseDocument
0x61180f|1.0|CDocument::OnIdle
0x611810|1.0|CDocument::AddView
0x611830|1.0|CDocument::RemoveView
0x61185f|1.0|CDocument::GetFirstViewPosition
0x611863|1.0|CDocument::GetNextView
0x611877|1.0|CDocument::UpdateAllViews
0x6118ba|1.0|CDocument::SendInitialUpdate
0x6118ed|1.0|CDocument::OnCmdMsg
0x611930|1.0|operator<<(class CArchive &, class CString const &)
0x6119aa|0.9836065573770492|operator>>(class CArchive &, class CString &)
0x611a47|1.0|ReadStringLength
0x611a9e|1.0|SerializeElements
0x611aec|1.0|CRuntimeClass::Load
0x611b7c|1.0|CRuntimeClass::Store
0x611bb4|1.0|CArchive::CArchive
0x611c90|1.0|CArchive::~CArchive
0x611cd6|1.0|CArchive::Abort
0x611d18|1.0|CArchive::Close
0x611d26|1.0|CArchive::Read
0x611e34|1.0|CArchive::Write
0x611ec4|1.0|CArchive::Flush
0x611f3e|1.0|CArchive::FillBuffer
0x612000|1.0|CArchive::WriteCount
0x61202e|1.0|CArchive::ReadCount
0x61205e|1.0|CArchive::WriteString
0x61207b|0.8333333333333334|CArchive::ReadString(char *, unsigned int)
0x612132|1.0|CArchive::ReadString(class CString &)
0x6121cd|1.0|CArchive::CheckCount
0x6121e1|1.0|CArchive::WriteObject
0x61225e|1.0|CArchive::ReadObject
0x612315|1.0|CArchive::MapObject
0x61240d|1.0|CArchive::WriteClass
0x61249e|1.0|CArchive::ReadClass
0x612682|0.8571428571428571|CDC::CDC
0x612696|1.0|CDC::`scalar deleting destructor'
0x6126c6|0.9473684210526315|afxMapHDC
0x612736|0.0|FromHandle_612736
0x61274c|1.0|CDC::Attach
0x612783|1.0|CDC::Detach
0x6127ca|0.9473684210526315|CDC::~CDC
0x612828|1.0|CDC::StartDocA
0x612860|0.0|SaveDcStateForWindowAndBackupHdc_00612860
0x612878|0.0|thunk_CallDcCallbackIfPrimaryHdcDiffers
0x61287e|0.125|CallDcCallbackIfPrimaryHdcDiffers
0x612897|1.0|CDC::RestoreDC
0x6128ec|1.0|CDC::SelectStockObject
0x612931|0.04878048780487805|SelectObject
0x612984|1.0|CDC::SelectObject(class CBrush *)
0x6129d7|1.0|CDC::SelectObject(class CPen *)
0x612a78|0.5|CDC::SelectPalette
0x612a88|0.0|TOceanDialog::SelectPaletteThenLookupHandleMapEntryWithCreate
0x612a9a|0.9615384615384616|CDC::SetPolyFillMode(int)
0x612ad2|0.9615384615384616|CDC::SetMapperFlags(unsigned long)
0x612bea|1.0|CDC::SetMapMode
0x612c22|0.9714285714285714|CDC::OffsetWindowOrg(int, int)
0x612d06|0.9743589743589743|CDC::ScaleWindowExt(int, int, int, int)
0x612d5e|1.0|CDC::SetWindowOrg
0x612e9a|1.0|CDC::GetClipBox
0x612eaa|1.0|CDC::SelectClipRgn(class CRgn *)
0x612ef8|0.96875|CDC::IntersectClipRect(int, int, int, int)
0x612f42|0.3939393939393939|CDC::ExcludeClipRect(int, int, int, int)
0x612f8e|0.3939393939393939|CDC::IntersectClipRect(struct tagRECT const *)
0x613024|1.0|CDC::OffsetClipRgn(int, int)
0x613062|1.0|CDC::OffsetClipRgn(struct tagSIZE)
0x6130ec|1.0|CDC::LineTo
0x613121|1.0|CDC::SetTextAlign
0x613203|1.0|CDC::ArcTo
0x613293|1.0|CDC::PolyDraw
0x6132dc|0.9655172413793104|CDC::PolyBezierTo(struct tagPOINT const *, int)
0x6133a0|1.0|CDC::SelectClipPath
0x6133fe|1.0|CDC::SelectClipRgn(class CRgn *, int)
0x613452|1.0|AfxEnumMetaFileProc
0x613686|1.0|CDC::PlayMetaFile
0x6136bf|0.9047619047619048|CDC::LPtoDP
0x613728|0.9047619047619048|CDC::DPtoLP
0x613791|0.9642857142857143|CClientDC::CClientDC
0x6137e7|1.0|CClientDC::`scalar deleting destructor'
0x613803|0.95|CClientDC::~CClientDC
0x613845|0.9642857142857143|CWindowDC::CWindowDC
0x6138b7|0.95|CWindowDC::~CWindowDC
0x6138f9|0.9642857142857143|CPaintDC::CPaintDC
0x61394f|1.0|CPaintDC::`scalar deleting destructor'
0x61396b|0.9545454545454546|CPaintDC::~CPaintDC
0x6139c6|0.9473684210526315|afxMapHGDIOBJ
0x613a36|1.0|CGdiObject::FromHandle
0x613a4c|1.0|CGdiObject::Attach
0x613aa3|0.875|CGdiObject::DeleteObject
0x613ab9|0.96|CPen::CPen(int, int, unsigned long)
0x613b09|0.9629629629629629|CPen::CPen(int, int, struct tagLOGBRUSH const *, int, unsigned long const *)
0x613b5f|0.9565217391304348|CBrush::CBrush(unsigned long)
0x613ba9|0.9583333333333334|CBrush::CBrush(int, unsigned long)
0x613bf6|0.9583333333333334|CBrush::CBrush(class CBitmap *)
0x613c43|1.0|CBrush::CreateDIBPatternBrush
0x613c75|0.8|AfxThrowResourceException
0x613c90|0.8|AfxThrowUserException
0x613cb1|0.875|CView::CView
0x613ce3|0.9523809523809523|CView::~CView
0x613d23|1.0|CView::PreCreateWindow
0x613d76|1.0|CView::OnCreate
0x613da6|1.0|CView::OnDestroy
0x613dd5|1.0|CView::PostNcDestroy
0x613de1|0.0|AdjustWindowRectForClientAndScrollStyles
0x613e36|0.0|thunk_NoOpVirtualStub_00613e44
0x613e44|0.0|NoOpVirtualStub_00613e44
0x613e49|1.0|CView::OnCmdMsg
0x613eb0|1.0|CView::OnPaint
0x613f04|1.0|CView::OnInitialUpdate
0x613f12|1.0|CView::OnUpdate
0x613f22|1.0|CView::OnPrint
0x613f34|1.0|CView::IsSelected
0x613f39|1.0|CView::OnActivateView
0x613f57|1.0|CView::OnActivateFrame
0x613f5a|1.0|CView::OnMouseActivate
0x613fc7|1.0|CView::OnScroll
0x613fcc|1.0|CView::OnScrollBy
0x613fd1|1.0|CView::OnDragScroll
0x613fd9|1.0|CView::OnDragEnter
0x613fde|1.0|CView::OnDragOver
0x613fe3|1.0|CView::OnDrop
0x613fe8|1.0|CView::OnDropEx
0x613fee|1.0|CView::OnDragLeave
0x613fef|0.9722222222222222|CView::GetParentSplitter
0x61404d|1.0|CView::GetScrollBarCtrl
0x61416e|1.0|CView::OnPrepareDC
0x614193|1.0|CView::OnPreparePrinting
0x614199|1.0|CView::OnBeginPrinting
0x61419c|1.0|CView::OnEndPrinting
0x61419f|0.9859154929577465|CView::OnEndPrintPreview
0x6142dc|1.0|CCtrlView::PreCreateWindow
0x614331|1.0|AfxCustomLogFont
0x6143a9|0.9629629629629629|_AfxIsComboBoxControl
0x6143f3|1.0|_AfxCompareClassName
0x61441e|1.0|_AfxChildWindowFromPoint
0x614493|1.0|AfxSetWindowText
0x6144eb|1.0|AfxDeleteObject
0x614504|1.0|AfxCancelModes
0x61457b|1.0|AfxGlobalFree
0x6145b1|0.0|EnsureMfcModuleThreadBufferCapacity
0x6145e3|0.0|thunk_ReturnOneStub_006145f5
0x6145f5|0.3333333333333333|ReturnOneStub_006145f5
0x6145fa|0.6666666666666666|WrapperFor_ThrowMfcResourceException_At006145fa
0x614603|1.0|CDocManager::OpenDocumentFile
0x614744|1.0|CDocManager::GetOpenDocumentCount
0x614790|0.9878048780487805|CDocTemplate::CDocTemplate
0x6148af|1.0|CDocTemplate::LoadTemplate
0x61499c|0.972972972972973|CDocTemplate::~CDocTemplate
0x614a04|1.0|CDocTemplate::GetDocString
0x614a19|1.0|CDocTemplate::AddDocument
0x614a23|1.0|CDocTemplate::RemoveDocument
0x614a2e|1.0|CDocTemplate::MatchDocType
0x614aeb|1.0|CDocTemplate::CreateNewDocument
0x614b12|1.0|CDocTemplate::CreateNewFrame
0x614b7b|1.0|CDocTemplate::CreateOleFrame
0x614bef|1.0|CDocTemplate::InitialUpdateFrame
0x614c03|1.0|CDocTemplate::SaveAllModified
0x614c41|1.0|CDocTemplate::CloseAllDocuments
0x614c76|1.0|CDocTemplate::OnIdle
0x614ca9|0.9666666666666667|CDocTemplate::OnCmdMsg
0x614cfa|1.0|_AfxGetMouseScrollLines
0x614e71|0.9375|CScrollView::CScrollView
0x614e98|0.0|WrapperFor_FreeHeapBufferIfNotNull_At00614e98
0x614eb4|0.0|DestructCViewAndResetVtable_0067358c
0x614ebf|1.0|CScrollView::OnPrepareDC
0x614f95|1.0|CScrollView::SetScaleToFitSize
0x615020|1.0|CScrollView::SetScrollSizes
0x615152|1.0|CScrollView::GetScrollPosition
0x6151d6|1.0|CScrollView::ScrollToPosition
0x615277|1.0|CScrollView::GetDeviceScrollPosition
0x615329|1.0|CScrollView::ScrollToDevicePosition
0x61537b|1.0|CScrollView::FillOutsideRect
0x6153fe|1.0|CScrollView::ResizeParentToFit
0x615517|1.0|CScrollView::OnSize
0x61553f|1.0|CScrollView::CenterOnPoint
0x6155ed|1.0|CScrollView::GetScrollBarSizes
0x615647|1.0|CScrollView::GetTrueClientSize
0x6156bc|1.0|CScrollView::GetScrollBarState
0x615778|1.0|CScrollView::UpdateBars
0x6158ee|1.0|CScrollView::CalcWindowRect
0x615975|1.0|CScrollView::OnHScroll
0x6159b9|1.0|CScrollView::OnVScroll
0x615a00|1.0|CScrollView::OnMouseWheel
0x615a34|1.0|CScrollView::DoMouseWheel
0x615b58|1.0|CScrollView::OnScroll
0x615c28|1.0|CScrollView::OnScrollBy
0x615d2b|1.0|CArchiveException::GetErrorMessage
0x615dcb|0.9512195121951219|AfxThrowArchiveException
0x61842f|1.0|CWinApp::OnFileNew
0x61844a|1.0|CWinApp::DoPromptFileName
0x61846b|1.0|CWinApp::HideApplication
0x61849d|1.0|CWinApp::DoWaitCursor
0x6184fc|1.0|CWinApp::EnableModeless
0x61852a|1.0|CWinApp::DoMessageBox
0x6185e4|1.0|AfxMessageBox(char const *, unsigned int, unsigned int)
0x618605|1.0|AfxMessageBox(unsigned int, unsigned int, unsigned int)
0x6186a4|1.0|CWinApp::SaveAllModified
0x6186b7|1.0|CWinApp::AddToRecentFileList
0x6186f2|1.0|CWinApp::OpenDocumentFile
0x618704|1.0|CWinApp::CloseAllDocuments
0x61873c|0.8|CWinApp::OnDDECommand
0x61874f|0.0|thunk_NoOpVirtualStub_00618753
0x618753|0.0|NoOpVirtualStub_00618753
0x61878f|1.0|CWinApp::AddDocTemplate
0x6187eb|1.0|CWinApp::GetFirstDocTemplatePosition
0x6187fd|1.0|CWinApp::GetNextDocTemplate
0x61880f|0.9772727272727273|CWinApp::WriteProfileInt
0x618884|1.0|CWinApp::WriteProfileStringA
0x618924|1.0|CWinApp::WriteProfileBinary
0x6189c5|1.0|CDataExchange::PrepareEditCtrl
0x6189dc|1.0|CDataExchange::PrepareCtrl
0x618a0b|1.0|CDataExchange::Fail
0x618a40|1.0|DDX_Text(class CDataExchange *, int, unsigned char &)
0x618ab1|1.0|DDX_TextWithFormat
0x618b21|1.0|AfxSimpleScanf
0x618bc6|1.0|DDX_Text(class CDataExchange *, int, short &)
0x618c01|0.9411764705882353|DDX_Text(class CDataExchange *, int, long &)
0x618c30|0.9411764705882353|DDX_Text(class CDataExchange *, int, unsigned long &)
0x618c5f|0.9411764705882353|DDX_Text(class CDataExchange *, int, int &)
0x618c8e|0.9411764705882353|DDX_Text(class CDataExchange *, int, unsigned int &)
0x618cbd|1.0|DDX_Text(class CDataExchange *, int, class CString &)
0x618d0f|1.0|DDX_Check
0x618d61|1.0|DDX_Radio
0x618df2|1.0|DDX_LBString
0x618e72|0.7407407407407407|DDX_LBStringExact
0x618ea6|0.0|SelectListBoxStringExactIfPresent
0x618ec3|1.0|DDX_CBString
0x618f43|1.0|DDX_CBStringExact
0x618f94|1.0|DDX_LBIndex
0x618fd6|1.0|DDX_CBIndex
0x619018|1.0|DDX_Scroll
0x619053|1.0|DDV_MinMaxByte
0x619083|1.0|FailMinMaxWithFormat
0x619116|1.0|DDV_MinMaxShort
0x619149|1.0|DDV_MinMaxLong(class CDataExchange *, long, long, long)
0x6191a1|1.0|DDV_MinMaxUInt(class CDataExchange *, unsigned int, unsigned int, unsigned int)
0x6191f9|0.9827586206896551|DDV_MaxChars
0x6192a1|1.0|DDX_Control
0x6192ed|0.9722222222222222|AfxFailMaxChars
0x619365|1.0|AfxFailRadio
0x6193c5|1.0|CWnd::OnHelp
0x619467|1.0|CFrameWnd::OnHelp
0x6194df|1.0|CFrameWnd::CanEnterHelpMode
0x619539|1.0|CFrameWnd::OnContextHelp
0x6196e1|1.0|CFrameWnd::SetHelpCapture
0x6197f7|1.0|CFrameWnd::ProcessHelpMsg
0x6199fd|1.0|MapClientArea
0x619a92|1.0|MapNonClientArea
0x619aac|0.9333333333333333|CMemFile::CMemFile(unsigned int)
0x619af8|0.95|CMemFile::CMemFile(unsigned char *, unsigned int, unsigned int)
0x619b34|1.0|CMemFile::Attach
0x619b71|0.9615384615384616|CMemFile::~CMemFile
0x619bbd|0.0|WrapperFor_AllocateWithGlobalNewMode_At00619bbd
0x619bca|1.0|CMemFile::Realloc
0x619c01|0.0|WrapperFor_FreeHeapBlockWithAllocatorTracking_At00619c01
0x619c12|1.0|CMemFile::GrowFile
0x619c6b|1.0|CMemFile::SetLength
0x619ca0|0.4|CopyIntoStreamBufferFromSourceWithClamp_00619ca0
0x619ca6|0.0|thunk_NoOpVirtualStub_00619cca
0x619cca|0.0|NoOpVirtualStub_00619cca
0x619ccf|1.0|CMemFile::Write
0x619d11|1.0|CMemFile::Seek
0x619d58|1.0|CMemFile::Close
0x619d82|0.0|DispatchVirtualSlot54_NoArgs
0x619d87|0.0|WrapperFor_AfxThrowNotSupportedException_At00619d87
0x619d8f|0.0|WrapperFor_AfxThrowNotSupportedException_At00619d8f
0x619d97|0.8|WrapperFor_WrapperFor_RaiseMfcSehExceptionWithArgs_At005ff454_At00619d97
0x619d9f|1.0|CMemFile::GetBufferPtr
0x619e4e|0.0|OnInitDialog_619e4e
0x619f0e|0.0|SendMessage199Minus1AndRefreshSelection
0x619f62|0.0|WrapperFor_WrapperFor_GetOrCreateCWndFromHandle_At00607111_At00619f62
0x619f92|0.16666666666666666|SendMessage199AndFinalizeSelection
0x619faa|1.0|CDocManager::AddDocTemplate
0x61a027|1.0|CDocManager::SaveAllModified
0x61a04d|0.0|DispatchVslot84ForLinkedNodeChain
0x61a06a|1.0|CDocManager::DoPromptFileName
0x61a216|1.0|AppendFilterSuffix
0x61a2ef|1.0|CDocManager::OnDDECommand
0x61a8dd|0.9818181818181818|CDocManager::OnFileNew
0x61a982|0.0|DestructCDialogAndResetVtable_006732dc
0x61a98d|0.0|WrapperFor_FreeHeapBufferIfNotNull_At0061a98d
0x61a9a9|1.0|CDocManager::OnFileOpen
0x61aa0e|1.0|AfxFormatStrings(class CString &, unsigned int, char const *const *, int)
0x61aa48|1.0|AfxFormatStrings(class CString &, char const *, char const *const *, int)
0x61ab47|1.0|AfxFormatString1
0x61ab5e|1.0|AfxFormatString2
0x61c55e|0.25|ResetMouseWheelTrackingGlobals
0x61c581|0.058823529411764705|RegisterMouseWheelRollMessageForLegacyWindows
0x61c5dc|0.98|CFrameWnd::CFrameWnd
0x61c6a2|1.0|CFrameWnd::`scalar deleting destructor'
0x61c6be|0.9655172413793104|CFrameWnd::~CFrameWnd
0x61c725|1.0|CFrameWnd::AddFrameWnd
0x61c749|1.0|CFrameWnd::RemoveFrameWnd
0x61c76d|1.0|CFrameWnd::LoadAccelTable
0x61c793|1.0|CFrameWnd::GetDefaultAccelerator
0x61c7b7|1.0|CFrameWnd::PreTranslateMessage
0x61c82e|1.0|CFrameWnd::PostNcDestroy
0x61c83a|1.0|CFrameWnd::OnPaletteChanged
0x61c856|1.0|CFrameWnd::OnQueryNewPalette
0x61c877|1.0|CFrameWnd::ExitHelpMode
0x61c8e2|1.0|CFrameWnd::OnSetCursor
0x61c90c|1.0|CFrameWnd::OnCommandHelp
0x61c976|1.0|CFrameWnd::OnCommand
0x61c9ed|1.0|AfxIsDescendant
0x61ca0d|1.0|CFrameWnd::BeginModalState
0x61cb3a|1.0|CFrameWnd::EndModalState
0x61cba9|1.0|CFrameWnd::ShowOwnedWindows
0x61cc4b|1.0|CFrameWnd::OnEnable
0x61cd09|1.0|CFrameWnd::NotifyFloatingWindows
0x61cdb3|1.0|CFrameWnd::PreCreateWindow
0x61ce0b|1.0|CFrameWnd::Create
0x61cea3|1.0|CFrameWnd::CreateView
0x61cf1b|1.0|CFrameWnd::OnCreateClient
0x61cf3d|0.0|WrapperFor_PostSetMessageStringE001AfterCommand_At0061cf3d
0x61cf4c|1.0|CFrameWnd::OnCreateHelper
0x61cf9b|1.0|CFrameWnd::GetIconWndClass
0x61d01e|0.9878048780487805|CFrameWnd::LoadFrame
0x61d109|1.0|CFrameWnd::OnUpdateFrameMenu
0x61d143|0.9864864864864865|CFrameWnd::InitialUpdateFrame
0x61d205|1.0|CFrameWnd::OnClose
0x61d30e|1.0|CFrameWnd::OnDestroy
0x61d37e|1.0|CFrameWnd::OnCmdMsg
0x61d4b8|1.0|CFrameWnd::OnActivate
0x61d58c|1.0|CFrameWnd::OnNcActivate
0x61d5c3|1.0|CFrameWnd::OnSysCommand
0x61d65a|1.0|CFrameWnd::OnDropFiles
0x61d6d5|1.0|CFrameWnd::OnQueryEndSession
0x61d6f6|1.0|CFrameWnd::OnEndSession
0x61d72a|1.0|CFrameWnd::OnDDEInitiate
0x61d7e5|0.9622641509433962|CFrameWnd::OnDDEExecute
0x61d89b|0.5|CFrameWnd::GetActiveView(void)
0x61d8a2|1.0|CFrameWnd::SetActiveView
0x61d917|1.0|CFrameWnd::GetActiveDocument
0x61d927|1.0|CFrameWnd::ShowControlBar
0x61da22|1.0|CFrameWnd::OnInitMenuPopup
0x61db87|1.0|CFrameWnd::OnMenuSelect
0x61dc76|1.0|CFrameWnd::GetMessageString
0x61dcdd|1.0|CFrameWnd::OnSetMessageString
0x61ddb2|1.0|CFrameWnd::GetMessageBar
0x61ddc2|1.0|CFrameWnd::OnEnterIdle
0x61de0a|1.0|CFrameWnd::SetMessageText(unsigned int)
0x61de21|1.0|CFrameWnd::DestroyDockBars
0x61df4c|1.0|CFrameWnd::OnToolTipText
0x61e08e|1.0|CFrameWnd::OnUpdateContextHelp
0x61e0bd|1.0|CFrameWnd::OnUpdateFrameTitle
0x61e101|1.0|CFrameWnd::UpdateFrameTitleForDocument
0x61e1fe|1.0|CFrameWnd::OnSetPreviewMode
0x61e419|1.0|CFrameWnd::DelayUpdateFrameMenu
0x61e42d|1.0|CFrameWnd::OnIdleUpdateCmdUI
0x61e49c|1.0|CFrameWnd::GetActiveFrame
0x61e49f|1.0|CFrameWnd::RecalcLayout
0x61e58c|1.0|CFrameWnd::NegotiateBorderSpace
0x61e606|1.0|CFrameWnd::OnSize
0x61e63b|1.0|CFrameWnd::OnRegisteredMouseWheel
0x61e6e3|1.0|CFrameWnd::ActivateFrame
0x61e733|1.0|CFrameWnd::BringToTop
0x61e762|1.0|CControlBar::GetDockingFrame
0x61e773|1.0|CControlBar::IsFloating
0x61e79d|0.9230769230769231|CButton::Create(char const *, unsigned long, struct tagRECT const &, class CWnd *, unsigned int)
0x61e851|1.0|CWnd::GetCheckedRadioButton
0x61e911|0.0|WrapperFor_Default_At0061e911
0x61e919|0.0|WrapperFor_Default_At0061e919
0x61e921|1.0|CListBox::OnChildNotify
0x61e9ba|1.0|CListBox::GetText
0x61ea9c|1.0|CComboBox::OnChildNotify
0x61eb46|0.0|InvokeDialogCreateVslot5CWithTemplate45
0x61ebf8|0.0|WrapperFor_NoOpVirtualStub_0061ec02_At0061ebf8
0x61ec02|0.6666666666666666|NoOpVirtualStub_0061ec02
0x61ec03|0.3333333333333333|WrapperFor_AppendPointerToGlobalVectorAsStatus_At0061ec03
0x61ec0f|0.4|WrapperFor_AfxDeleteObject_At0061ec0f
0x61ec1a|1.0|CDC::DPtoHIMETRIC
0x61ecab|1.0|CDC::HIMETRICtoDP
0x61ed3c|1.0|CDC::LPtoHIMETRIC
0x61ed57|1.0|CDC::HIMETRICtoLP
0x61ed72|1.0|CDC::GetHalftoneBrush
0x61ede5|0.966789667896679|CDC::DrawDragRect
0x61f0fa|1.0|CDC::FillSolidRect(struct tagRECT const *, unsigned long)
0x61f124|1.0|CDC::FillSolidRect(int, int, int, int, unsigned long)
0x61f19b|1.0|CDC::Draw3dRect(int, int, int, int, unsigned long, unsigned long)
0x61f205|1.0|CFont::CreatePointFont
0x61f24a|0.9846153846153847|CFont::CreatePointFontIndirect
0x61f307|1.0|CRect::InflateRect(struct tagRECT const *)
0x61f342|1.0|CRect::DeflateRect(struct tagRECT const *)
0x61f37d|1.0|CRect::MulDiv
0x61f423|1.0|AfxOleCanExitApp
0x61f45c|1.0|AfxOleSetUserCtrl
0x61f46b|1.0|AfxOleGetUserCtrl
0x62103a|1.0|CDumpContext::OutputString
0x621089|1.0|CDumpContext::operator<<(char const *)
0x621112|0.95|CDumpContext::operator<<(unsigned char)
0x621144|1.0|CDumpContext::operator<<(unsigned short)
0x621176|0.9473684210526315|CDumpContext::operator<<(int)
0x6211a6|0.9473684210526315|CDumpContext::operator<<(unsigned int)
0x6211d6|0.9473684210526315|CDumpContext::operator<<(long)
0x621206|0.9473684210526315|CDumpContext::operator<<(unsigned long)
0x621236|1.0|CDumpContext::operator<<(class CObject const *)
0x621267|0.09090909090909091|CDumpContext::operator<<(class CObject const &)
0x621297|1.0|CDumpContext::HexDump
0x62132a|1.0|CDumpContext::operator<<(unsigned short const *)
0x622442|0.5|CDialog::GetRuntimeClass
0x622448|0.4|InitializeThreadObjectVtableProxy
0x622451|1.0|_AFX_WIN_STATE::`scalar deleting destructor'
0x62246c|0.9827586206896551|CWinApp::CWinApp
0x622572|1.0|CWinApp::InitApplication
0x622632|0.9047619047619048|CWinApp::ParseCommandLine
0x622690|0.9666666666666667|CCommandLineInfo::CCommandLineInfo
0x6226ff|1.0|CCommandLineInfo::`scalar deleting destructor'
0x62271b|0.96|CCommandLineInfo::~CCommandLineInfo
0x622778|1.0|CCommandLineInfo::ParseParam
0x6227a1|0.9696969696969697|CCommandLineInfo::ParseParamFlag
0x62285f|1.0|CCommandLineInfo::ParseParamNotFlag
0x6228af|1.0|CCommandLineInfo::ParseLast
0x6228de|0.99|CWinApp::~CWinApp
0x622a13|0.8888888888888888|CWinApp::SaveStdProfileSettings
0x622a4f|1.0|CWinApp::ExitInstance
0x622a85|0.5|CWinApp::GetRuntimeClass
0x622a8b|0.0|WrapperFor_NoOpThreadInitializationStub_At00622a8b
0x622a95|0.6666666666666666|NoOpThreadInitializationStub
0x622a96|0.3333333333333333|WrapperFor_AppendPointerToGlobalVectorAsStatus_At00622a96
0x622aa2|0.0|thunk_thunk_CProcessLocalObject_At00622aa2
0x622b58|0.95|CWinThread::CWinThread(void)
0x622b95|1.0|CWinThread::CommonConstruct
0x622bcd|0.9876543209876543|_AfxLoadDotBitmap
0x622cad|0.5|GetCCmdTargetRuntimeClass
0x622cb3|1.0|CWinApp::ProcessShellCommand
0x622dfc|1.0|CWinApp::Unregister
0x622f2b|1.0|CWinApp::DelRegTree
0x623006|0.9230769230769231|CWinApp::EnableShellOpen
0x623050|1.0|CWinApp::UnregisterShellFileTypes
0x623061|1.0|CWinApp::SetRegistryKey(char const *)
0x623099|1.0|CWinApp::SetRegistryKey(unsigned int)
0x6230cc|0.9846153846153847|CWinApp::GetAppRegistryKey
0x623160|1.0|CWinApp::GetSectionKey
0x6231a6|1.0|CWinApp::GetProfileIntA
0x623212|0.9887640449438202|CWinApp::GetProfileStringA
0x623324|1.0|CWinApp::GetProfileBinary
0x62343f|1.0|CWnd::CreateObject
0x623477|0.8|_AFX_THREAD_STATE::_AFX_THREAD_STATE
0x62348e|1.0|_AFX_THREAD_STATE::`scalar deleting destructor'
0x6234a9|0.9555555555555556|_AFX_THREAD_STATE::~_AFX_THREAD_STATE
0x623523|1.0|AfxGetThreadState
0x623559|0.9565217391304348|AFX_MODULE_STATE::AFX_MODULE_STATE
0x6235bd|0.9|_AFX_BASE_MODULE_STATE::`scalar deleting destructor'
0x6235d8|0.9642857142857143|AFX_MODULE_STATE::~AFX_MODULE_STATE
0x62368b|0.9032258064516129|AFX_MODULE_THREAD_STATE::AFX_MODULE_THREAD_STATE
0x6236f6|1.0|AFX_MODULE_THREAD_STATE::`scalar deleting destructor'
0x623711|0.9733333333333334|AFX_MODULE_THREAD_STATE::~AFX_MODULE_THREAD_STATE
0x623824|0.9545454545454546|CProcessLocal<_AFX_BASE_MODULE_STATE>::CreateObject
0x623886|0.9|AfxGetModuleState
0x6238ac|1.0|AfxGetModuleThreadState
0x6238c3|1.0|CTypeLibCache::Unlock
0x6239a2|0.5|GetCDocumentRuntimeClass
0x6239ae|0.0|WrapperFor_E350_At006239ae
0x6239ca|0.3333333333333333|WrapperFor_AppendPointerToGlobalVectorAsStatus_At006239ca
0x6239e6|0.0|WrapperFor_E355_At006239e6
0x623a02|0.3333333333333333|WrapperFor_AppendPointerToGlobalVectorAsStatus_At00623a02
0x623a9a|0.5|CPalette::GetRuntimeClass
0x623ab2|0.0|WrapperFor_E350_At00623ab2
0x623ace|0.3333333333333333|WrapperFor_AppendPointerToGlobalVectorAsStatus_At00623ace
0x623aea|0.0|WrapperFor_E355_At00623aea
0x623b06|0.3333333333333333|WrapperFor_AppendPointerToGlobalVectorAsStatus_At00623b06
0x623b3a|0.5|CPtrList::GetRuntimeClass
0x623b40|0.5|GetCFileExceptionRuntimeClass
0x623b46|0.5|GetCMemFileRuntimeClass
0x623b4c|1.0|CSimpleList::AddHead
0x623b5f|1.0|CSimpleList::Remove
0x623baa|1.0|CNoTrackObject::operator new
0x623bc8|1.0|CNoTrackObject::operator delete
0x623bdc|1.0|CThreadSlotData::CThreadSlotData
0x623c1e|1.0|CThreadSlotData::~CThreadSlotData
0x623c75|1.0|CThreadSlotData::AllocSlot
0x623d87|1.0|CThreadSlotData::FreeSlot
0x623de4|0.9864864864864865|CThreadSlotData::SetValue
0x623eb2|0.0|WrapperFor_Cluster_TurnStateCalleeHint_00623bc8_At00623eb2
0x623ecd|0.5|InitializeThreadObjectPrimaryVtable
0x623ed4|1.0|CThreadSlotData::AssignInstance
0x623f15|1.0|CThreadSlotData::DeleteValues(struct CThreadData *, struct HINSTANCE__*)
0x623f9d|1.0|CThreadSlotData::DeleteValues(struct HINSTANCE__*, int)
0x623ff6|0.9767441860465116|CThreadLocalObject::GetData
0x62406d|1.0|CThreadLocalObject::GetDataNA
0x62409a|1.0|CThreadLocalObject::~CThreadLocalObject
0x6240b8|0.8571428571428571|CProcessLocalObject::GetData
0x624123|1.0|CProcessLocalObject::~CProcessLocalObject
0x62415e|1.0|AfxTermLocalData
0x6241a7|0.0|WrapperFor_InitializeGlobalMfcVersionAndCursorState_At006241a7
0x6241b1|0.0|InitializeGlobalMfcVersionAndCursorState
0x6241bb|0.3333333333333333|WrapperFor_AppendPointerToGlobalVectorAsStatus_At006241bb
0x6241d1|1.0|AfxEnableWin40Compatibility
0x624201|1.0|AfxEnableWin31Compatibility
0x624223|1.0|AUX_DATA::AUX_DATA
0x6242de|0.9166666666666666|_AFX_CTL3D_STATE::~_AFX_CTL3D_STATE
0x624325|0.9047619047619048|_AFX_CTL3D_THREAD::~_AFX_CTL3D_THREAD
0x624487|0.0|WrapperFor_NoOpPaddingStub_00624491_At00624487
0x624491|0.6666666666666666|NoOpPaddingStub_00624491
0x624492|0.3333333333333333|WrapperFor_AppendPointerToGlobalVectorAsStatus_At00624492
0x62449e|0.0|Dtor_CThreadLocalObject_Global_006A7D70
0x6244a3|0.0|CThreadLocalObject
0x6244b7|0.6666666666666666|NoOpPaddingStub_006244b7
0x6244b8|0.3333333333333333|WrapperFor_AppendPointerToGlobalVectorAsStatus_At006244b8
0x6244c4|0.0|thunk_thunk_CProcessLocalObject_at_006244ce_At006244c4
0x6244d3|0.6666666666666666|AfxCriticalInit
0x62456f|0.8055555555555556|AfxLockGlobals
0x6245df|0.75|AfxUnlockGlobals
0x624606|1.0|_AfxDeleteRegKey
0x624693|0.9444444444444444|CDocManager::CDocManager
0x6246cd|1.0|CDocManager::`scalar deleting destructor'
0x6246e9|1.0|CDocManager::UnregisterShellFileTypes
0x62496b|0.9797101449275363|CDocManager::RegisterShellFileTypes
0x624dda|1.0|SetRegKey
0x624e73|1.0|AfxWinInit
0x624ed6|1.0|CWinApp::SetCurrentHandles
0x624ff3|1.0|AfxGetFileName
0x626b59|0.8823529411764706|_AFX_WIN_STATE::~_AFX_WIN_STATE
0x626b90|1.0|AfxPostQuitMessage
0x626bb3|0.96|CWinThread::~CWinThread
0x626c02|1.0|AUX_DATA::~AUX_DATA
0x626c0c|0.975609756097561|CDocManager::~CDocManager
0x626c7d|1.0|AfxWinTerm
