resource_file,resource_id,resource_id_hex,name,x,y,width,height,size,sha256
Armory.rsrc,7500,0x1d4c,7500 Armory Background.24.m3C,0,0,370,410,72484,983feefc47de1d2b432ad2fff8334ad3541dd3dfd3bc8219d213dc4157bfa085
Armory.rsrc,7501,0x1d4d,7501 Number Plac.24.m3C,0,0,18,20,2488,55de143cf8d491284f61a108197dc5f695155eb6279cc68ffbf3e8a58b35a8a3
Armory.rsrc,7503,0x1d4f,7503 Minus up.24.m3C,0,0,20,20,2606,0c11e55f1e03325771f6171bf9d25a78ac090dd09e56c511e5a8b2b4d3a58907
Armory.rsrc,7504,0x1d50,7504 Minus down.24.m3C,0,0,20,20,2610,db35242cfc2418161d325516e010b1036c71eef68edc922aaae414c9bc529794
Armory.rsrc,7505,0x1d51,7505 Plus up.24.m3C,0,0,20,20,2606,0eeecdb5157b7539205722277caadd342986da7dd9156acf3ec475691196275b
Armory.rsrc,7506,0x1d52,7506 plus down.24.m3C,0,0,20,20,2608,6699e27a740fac5e5a6c9acf007eb138e919493d5990744470787460b856aef3
Armory.rsrc,7522,0x1d62,7522 (1)LightInf Up.24.m3C,0,0,60,56,5558,254fabf08713878878ccf73bbc0be5b9971227c8f5244dac4467b01630833f05
Armory.rsrc,7523,0x1d63,7523 (1)Light Inf down.24.m3C,0,0,60,56,5408,29e9ffb5c0ba91dd876dc3b2c9c4ae8554bf39b21427f33369bbbb857ec7e29a
Armory.rsrc,7524,0x1d64,7524 (1) Regular Up.24.m3C,0,0,60,56,5566,428015a5aff0a574b60a224b9ad7bd38eee6f31c04c657a9f322c37b15482906
Armory.rsrc,7525,0x1d65,7525 (1) Regular down.24.m3C,0,0,60,56,5496,7dc05ee7f667e2df9697dc9c401c1ca6149cc9676b25862de027dad903b505bc
Armory.rsrc,7526,0x1d66,7526 (1) heavy Infup.24.m3C,0,0,60,56,5546,d48ec2c828aca985096c5011166d0a9b9bd517dffbfddaf5a8b20474ad69ecdd
Armory.rsrc,7527,0x1d67,7527 (1) Heavy Inf down.24.m3C,0,0,60,56,5476,ff893b7fa466264813836f6801445590841e8b82349aa9c808b6570d6f0b1068
Armory.rsrc,7528,0x1d68,7528 (1) LightCav up.24.m3C,0,0,60,56,5518,1607e5a99bfab7b7188ea0cff0b37f277ad138413d760f4953aaf50171a08622
Armory.rsrc,7529,0x1d69,7529 (1) Light cav down.24.m3C,0,0,60,56,5438,ad2d7fa7fbb3b0f88ce9c77859496de8fae9fbc44f1e4c05c611fa3be157078d
Armory.rsrc,7530,0x1d6a,7530 (1) Heavy cav up.24.m3C,0,0,60,56,5536,3d0fae172c81b5ae21c72dd93ce5ab991b04a8fcaa523e0da3fbd99834cad3c1
Armory.rsrc,7531,0x1d6b,7531 (1) heavy Cav down.24.m3C,0,0,60,56,5474,4249c934247e72afdb25d010f8825148540f72c01401d540e4050169004282c8
Armory.rsrc,7532,0x1d6c,7532 (1)Light Arty Up.24.m3C,0,0,60,56,5504,6045504743ce6cb57ddc2713f0b26c542617848a91ba090f9127a8e72e490661
Armory.rsrc,7533,0x1d6d,7533 (1) Light Artdown.24.m3C,0,0,60,56,5388,267367cfe1b916c2ba3700447083035eb9a6593f9ea99c0f028f248f8d449694
Armory.rsrc,7534,0x1d6e,7534 (1) Heavy Arty up.24.m3C,0,0,60,56,5526,93c8b12bb33fc3e65076f6e618f85098c36b0359e89e7e72b5af98e7af260b8d
Armory.rsrc,7535,0x1d6f,7535 (1) Heav ART down.24.m3C,0,0,60,56,5484,3bcd9829e7a2be688cb971145d0d687882db4b864643e73db94429c93152063e
Armory.rsrc,7536,0x1d70,7536 (1)Sapper Up.24.m3C,0,0,60,56,5592,27f435223bca74ee275606a8b1e855d0ccc2314097f06af4b91a5f25f7a47e8e
Armory.rsrc,7537,0x1d71,7537 (1) sapper down.24.m3C,0,0,60,56,5468,b0bfa118a14ea1ce9902243de576286ada821f7b25fb8900f3368b260bf75a75
Armory.rsrc,7538,0x1d72,7538 (2) Light inf up.24.m3C,0,0,60,56,5560,0eb931a1f494ca341911c24ffc4dd133f1813a12b44d550e398c0424dd761f1f
Armory.rsrc,7539,0x1d73,7539 (2) Light inf down.24.m3C,0,0,60,56,5396,160f68f8c3bc25893fc075ffca60a095abaf72124132a7ca15c11541237565f5
Armory.rsrc,7540,0x1d74,7540 (2) Regular up.24.m3C,0,0,60,56,5566,450ff18238f98bddac7a4981ebe2a553796963fb1bafd1f79b9dc88b18aff657
Armory.rsrc,7541,0x1d75,7541 (2) regular down.24.m3C,0,0,60,56,5496,af819717656861af96a959c16e18ebb80163b0b8e523712579ad33b71fac477b
Armory.rsrc,7542,0x1d76,7542 (2) Heavy Infup.24.m3C,0,0,60,56,5546,68644d2565acd3349a0b2a99218b2ec5111afde90b68155f3a0251875290cdb2
Armory.rsrc,7543,0x1d77,7543 (2) heavy Inf down.24.m3C,0,0,60,56,5474,1853cecae4f47c7bf2f06bde07b58a3e7c08dc088732b052c5935d3ef1261267
Armory.rsrc,7544,0x1d78,7544 (2) Light Cav up.24.m3C,0,0,60,56,5518,25bb2da5c70ac7b4f1eb5ea59a63d50943059a295f4db549ebc54cf5e8f6182c
Armory.rsrc,7545,0x1d79,7545 (2) light cav down.24.m3C,0,0,60,56,5438,90e5d99b88252cd2d92a9460aa842c2e012308db0e32725b7c7b7d16542838d7
Armory.rsrc,7546,0x1d7a,7546 (2) heavy cav up.24.m3C,0,0,60,56,5538,7795e40a79a58e959cc29ac433e075809505481d2af35bb654fe22e4226d29a5
Armory.rsrc,7547,0x1d7b,7547  (2) Heavy cav down.24.m3C,0,0,60,56,5472,ec29dbf8cc0a1cc4402f207a7a7548b32900b4eed50e977e4439fc81948527ba
Armory.rsrc,7548,0x1d7c,7548 (2) Light Art up.24.m3C,0,0,60,56,5504,ced0a63dad8008325fcd5645bcb9848a625db3dae57fc044247e49d53a57a7c6
Armory.rsrc,7549,0x1d7d,7549 (2) Light arty down.24.m3C,0,0,60,56,5412,f165498a7babac23d76d4b54229984aae8b6fc3743f7abf6cb509fe57f66113a
Armory.rsrc,7550,0x1d7e,7550 (2) heavy Art up.24.m3C,0,0,60,56,5528,dcea0fa194cb4d210dc26bb133f21cb4afaf86d564de06234b753b2134f599e7
Armory.rsrc,7551,0x1d7f,7551 (2) heavy Art down.24.m3C,0,0,60,56,5486,52dd7a1bcabd8a9f2345447c53184d08469f345da6cc70922b0f73d0a573c7ac
Armory.rsrc,7552,0x1d80,7552 (2) sapper up.24.m3C,0,0,60,56,5592,7b4c4124a1c6e691b714e938616ee8031dd165901e8adb3d3114fbe43f3e7985
Armory.rsrc,7553,0x1d81,7553 (2) Sapper down.24.m3C,0,0,60,56,5470,79d562454591a46e9ac3c35b700f950e10996dc119414413ba6c581c94705ac0
Armory.rsrc,7554,0x1d82,7554 (3) Light inf up.24.m3C,0,0,60,56,5558,10014fc781bd0168da39205a4492565fa64945484d0f9d9e5c6e9598dae77d1b
Armory.rsrc,7555,0x1d83,7555 (3) Light Inf down.24.m3C,0,0,60,56,5398,495b7717f8d56c42166da79dc735736f6db7ac0ef4ecf2840f49befcb31c40cf
Armory.rsrc,7556,0x1d84,7556 (3) Regular up.24.m3C,0,0,60,56,5566,b3abdd82852df7e0e1abce0169d774059a3c05fc5daeac8028c8dfd2a2b3d693
Armory.rsrc,7557,0x1d85,7557 (3) Regular down.24.m3C,0,0,60,56,5492,5dbb792e921f8415fd8e8ba5038b578f6fe69efff64d69638dcf77b1e179c717
Armory.rsrc,7558,0x1d86,7558 (3) heavy Inf up.24.m3C,0,0,60,56,5548,b2d38904e083790b198e5fce996f1de8571113271fe87b4709d2996735028335
Armory.rsrc,7559,0x1d87,7559 (3) Heavy inf down.24.m3C,0,0,60,56,5482,040f21dba87a850a1f330c8d5ae8f8834c212d4709e68f698c3544b2b63c083d
Armory.rsrc,7560,0x1d88,7560 (3) Mech up.24.m3C,0,0,60,56,5504,d08758b6909c9a2239185bae8793f8f714e1e4017bf4d46a8a152d484c696a73
Armory.rsrc,7561,0x1d89,7561 (3) mech down.24.m3C,0,0,60,56,5414,9448095b317cd5b19ff3d4714ce5aee40bc73df9c770fa9e6d8f1ebff6188324
Armory.rsrc,7562,0x1d8a,7562 (3) Tank up.24.m3C,0,0,60,56,5508,0775d64cea352dd1d3fdd512b0ba1387096e7013cff2eb923d6f02b755a38fb3
Armory.rsrc,7563,0x1d8b,7563 (3) Tank down.24,0,0,60,56,5448,9d86fe5945668acc0d1a9d5698342c7c73b3dd2646c4101fbcc713cc97a40c69
Armory.rsrc,7564,0x1d8c,7564 (3) Light Arty up.24.m3C,0,0,60,56,5498,e031bea556069c96d9cc44fafaf8cef95f3fcad38092e4b747f222fbb0ca3622
Armory.rsrc,7565,0x1d8d,7565 (3) Light Art down.24.m3C,0,0,60,56,5402,4bd9584a4e001979d81945d35d7b2894353e204322071731572bbe08281de672
Armory.rsrc,7566,0x1d8e,7566 (3) RR guns up.24.m3C,0,0,60,56,5532,882aefff557068c380ab1dfd3ddd49bbd09bc19a46823b910bfda1621a9b367d
Armory.rsrc,7567,0x1d8f,7567 (3) RR Gun down.24.m3C,0,0,60,56,5490,41ef71b36157b1ecf833d7788f7f5b79129f0e011047c5165b957aeab447b576
Armory.rsrc,7568,0x1d90,7568 (3) Sapper up.24.m3C,0,0,60,56,5584,6df5bed37887b90c5d85bae9ce13af0809acc1aac6e446df53572fb18e6e78e1
Armory.rsrc,7569,0x1d91,7569 (3) Sapper down.24.m3C,0,0,60,56,5476,f97d602a05ac17bcca829f8160e8db5ac5d823b309a59d76dcb6076fde513e68
Armory.rsrc,7581,0x1d9d,7581 Skirmisher Plac Paste.m3C,0,0,179,183,6626,9295d6a2ce6b8cf2b22015a334bd30d7fe99ca9fcde3bdd66ec2c599187b4988
Armory.rsrc,7582,0x1d9e,7582 Regular Plac Paste.m3C,0,0,179,183,6634,2c130f34cdecb067c3bf1f7cccbe230c804dcebe50492fc0dfa6f6a4f134ec4a
Armory.rsrc,7583,0x1d9f,7583 Grenadier Plac Paste.m3C,0,0,179,183,6584,b1609d1ceec31ec1f838e39e388a034d4536fcb3ab7ef0be97a497f9998205e1
Armory.rsrc,7584,0x1da0,7584 Hussar Plac Paste.m3C,0,0,179,183,7946,d6585fd853e82b06ff0dc8dc59d66d399ff6a92e704f2a7c9271367e8f4c22c8
Armory.rsrc,7585,0x1da1,7585 Cuirassier Plac Paste.m3C,0,0,179,183,7924,528546a2d10731c87f5ac87943bbd7ea1f6deec5555b20ed40416db0bb7394d7
Armory.rsrc,7586,0x1da2,7586 Horse Artill Plac Paste.m3,0,0,179,183,7870,71b36e41b280516cf90b2360faf05bb70553be4d9380bc1a83603c4b1dfe04fb
Armory.rsrc,7587,0x1da3,7587 Artillery Plac Paste.m3C,0,0,179,183,6988,22b31c5ce34fbdeedf608fab04874afd56b0f4db8ae0ae8b1f2ee3f70a285df7
Armory.rsrc,7589,0x1da5,7588 PlacP Era2 Lt Inf.24 .m3C,0,0,179,183,6636,d5216c3ad222c41576ead867d35aabb8f379dee35deab1ccdd44b6fc0cb46f49
Armory.rsrc,7590,0x1da6,7589 PlacP Era2Reg Inf.24 .m3C,0,0,179,183,6508,915bc9d25502d8bff56345b2645b01d5e11838b472e299a332d8fd71158d0498
Armory.rsrc,7591,0x1da7,7590 PlacP Era2 Hvy Inf.24 .m3C,0,0,179,183,6546,cc40a9ed6d47bae4b21781edb8c7fc314940034cce3bef9088431445fdf19490
Armory.rsrc,7592,0x1da8,7591 PlacP Era2 Lt Cav.24 .m3C,0,0,179,183,7908,33b1bcd9d5bbc5a575bc1b0a72b9ef595aeeb8e4a64acf1157723be0526f9887
Armory.rsrc,7593,0x1da9,7592 PlacP Era 2 H Cav.24.m3C,0,0,179,183,7874,087c61427201c921c63c7d9361652a165e0d5871f948a34a4994054eb9929dd3
Armory.rsrc,7594,0x1daa,7593 PlacP Era2 Lt art.24 .m3C,0,0,179,183,7760,cee3cc7238d08a00afdd594baa2cee3e049b517af3a0a2d46b3c6d4d38dd4d5f
Armory.rsrc,7595,0x1dab,7594 PlacP Era2 Hvy Art.24 .m3C,0,0,179,183,6980,2b2357d584ba820b524d4d0cd6657adc50692b6766abf5f267e10fdd74378df6
Armory.rsrc,7597,0x1dad,7595 Era 3 Light Inf Plac.24.m3,0,0,179,183,6610,4afc180ab4698e22e443c01c6bb83fadcf73b2e5075eaf60276b64a306bdb1a6
Armory.rsrc,7598,0x1dae,7596 Era 3 Regular Plac.24.m3C,0,0,179,183,6552,aaae315ba21ccb764566e749e50746a3daa5f2a8f0f785ea890b59241d9e5e01
Armory.rsrc,7599,0x1daf,7597 Era 3 heavy Inf Plac.24.m3,0,0,179,183,6632,e22f806d0db82b6ec1c18323ef497c05eab75442782f5abbede0c54b7812c739
Armory.rsrc,7600,0x1db0,7598 Era 3 Mech Inf Plac.24.m3C,0,0,179,183,8084,b78b4d96f680341364ce315376e9478b12cafb5b0ae1f226b7fcc4b33aa5172a
Armory.rsrc,7601,0x1db1,7599 Era 3 Armor Plac.24.m3C,0,0,179,183,7934,adebeeb928e4728cff27a13988972faa08bac5a64f4a3a575e1c2757f0e229d4
Armory.rsrc,7602,0x1db2,7600 Era 3 Light ArtPlac.24.m3C,0,0,179,183,8044,a35f4eadb786faf80eedafe56fa0a779216c466b386130cc692de942548745df
Armory.rsrc,7603,0x1db3,7601 Era 3 Heavy Art Plac.24.m3,0,0,179,183,6830,c80fda7054ca791efdf87f64188cf4c03b9efe01278aa7e4f6fc04e21bd42ad6
Armory.rsrc,7604,0x1db4,7604  Sapper Plac Paste.m3C,0,0,179,183,6682,6579269fcfd21961b44442b39cf3ddd3349b8a1ed3691a91a3cc7b4b779cc358
Armory.rsrc,7605,0x1db5,7605 PlacP Era2 Demol.24 .m3C,0,0,179,183,6668,e1eb6cddc2a470e2fad9cfbc94a75332190076123a11ae6fe0e6ced116d12d30
Armory.rsrc,7606,0x1db6,7606 Era 3 Sapper Plac.24.m3C,0,0,179,183,6638,bb1dc7ec1101e5f89ee2b594e9d5f45f15fb6c4a297be64ceab39f36fabda61e
Citydlog.rsrc,9200,0x23f0,9200 Textile Mill Int.m3C,0,0,270,120,12836,5ca2bd297a9146acf584a7b3cf888dcecf8d624727a0174403fc9b513907abdc
Citydlog.rsrc,9201,0x23f1,9201 Clothing Fac Int.m3C,0,0,270,120,12180,0f39aedd41937fb5de2432ab3c0c13c36305957b8a91b26ac399e0677427265e
Citydlog.rsrc,9202,0x23f2,9202 Steel Mill Int.m3C,0,0,270,120,11784,4a9cc358cce96f0bc2cb10f2413f1d4f99bfaf433d9ff532200744c2f4dd0d13
Citydlog.rsrc,9203,0x23f3,9203 Metalworks Int.m3C,0,0,270,160,13398,0db4b4944ba350d0ff34b96f09772aa925d8dc32cff701abd375707a4ed14bc3
Citydlog.rsrc,9204,0x23f4,9204 Lumberyard Int.m3C,0,0,270,160,13418,b5c81a2de2334f25ec9eeee831e7e0341d981855c88bb8a382fcb54857ee33dc
Citydlog.rsrc,9205,0x23f5,9205 Furniture Int.m3C,0,0,270,120,11556,9464ce586cfbd37d0b30aa4ca945f31263fa25d8b993e9f3627f13b6105896d0
Citydlog.rsrc,9206,0x23f6,9206 Refinery Int.m3C,0,0,270,120,11656,28d762e6802ddd9ded0b88e59802cfee265e4b915984013dcef187e5e58b53c2
Citydlog.rsrc,9209,0x23f9,9209 Alpha Trade school.m3C,0,0,270,270,24472,776cd5f5ae1f654a3eba2efb7214fd478db1dad1309d7291599bd00058769bae
Citydlog.rsrc,9211,0x23fb,9211 Power Int.m3C,0,0,270,120,13400,1d41b242eb62acdf8be5cad057278493c988347fb0386837e74af808692a524a
Citydlog.rsrc,9212,0x23fc,9212 6/17  Food Center Int.24 ,0,0,270,160,13908,093e200f26a6e868e0971f63375dd51aa702315619775dd8f6fc827d0f636a50
Citydlog.rsrc,9213,0x23fd,9213 Warehouse 6/17/.24,0,0,176,300,53818,b4185965940e46461609ac63a90c4133a2fc28f7ef9f6fb8f18492ddda5522d0
Citydlog.rsrc,9214,0x23fe,9214 RAILYARD INTERFACE.m3C,0,0,270,120,11616,90bf1e3d2288391200de6c123498d8e593e1b5c1fabadb68bc76faee2d62a289
Citydlog.rsrc,9215,0x23ff,9215 Warehouse(oil) 6/17.24,0,0,176,335,59766,0189a12e01d107050a11bfcaef50dbce4ea2b9fed5a97551225d8c66183f1404
Citydlog.rsrc,9216,0x2400,9216 SmallCap3/11.24.m3C,0,0,270,120,11402,05d3796a0b978114d07fc24231c30d8b28ba264ecd35c27e6fe43d0079b119f1
Citydlog.rsrc,9246,0x241e,9246 Construct icon.m3C,0,0,53,29,3442,852d2293f7cbe703e21221d9643497f2281fe5ffd5226053f1548ac6a964b969
Citydlog.rsrc,9250,0x2422,9250 Textile Creation.24,0,0,320,320,48218,2cdf03a6df51577c6b1c98c8703a7e69b6580548b8b86ba09efe822b29437d26
Citydlog.rsrc,9251,0x2423,9251 1 Textile +2.24,0,0,320,225,43082,3687eded924f6fb1001c11a43a8539b6f63b1ea9201aea5f68cbc02230289287
Citydlog.rsrc,9252,0x2424,9252 1 Textile +4.24,0,0,320,225,44242,31ab011ad35ff17f2c0bad5367ec97e188104d4bb11751aa0f059bf026fadd8a
Citydlog.rsrc,9253,0x2425,9253 2 Textile +8.24,0,0,320,225,47316,fb39a76e6cd96501dd4c69181e06c5f14e5a8b2850759e7ddef6e521575cf952
Citydlog.rsrc,9254,0x2426,9254 3 Textile +8.24,0,0,320,225,48032,1ea8a278dd601a0665946f5ca4f4e1fd85eea5bd9612b72a3eea0cc63cd39803
Citydlog.rsrc,9255,0x2427,9255 Clothing Create.24,0,0,320,320,46814,573b5700acd61c53c4d88d47cc76509ee51e4d0be5754bd55b6ed251fb9ed66c
Citydlog.rsrc,9256,0x2428,9256 1 Clothing +1.24,0,0,320,225,42352,ced5ce1807e4fc7a9560c1d29bfdb100af8ca205e9516ede283ade040290fd6d
Citydlog.rsrc,9257,0x2429,9257 1 Clothing +2.24,0,0,320,225,43080,9089f03f30316cb11a137350b4cb9b1efeb21b7f3c386fcad1f4e3b117e379c1
Citydlog.rsrc,9258,0x242a,9258 2 Clothing +4.24,0,0,320,225,43982,db27745a71c909d3ded5ff62d381b8e678134e4dc3b7ec6056a1b2976a03caf6
Citydlog.rsrc,9259,0x242b,9259 3 Clothing +4.24,0,0,320,225,45928,2c6cf728d8bda66f0f42c2162db5dbeb70c49f1e8f65a53171d0c830b738b13e
Citydlog.rsrc,9260,0x242c,9260 SteelMill Create.24,0,0,320,320,48110,74dc8e204b04488e96947c44c8e8781cb1e45dd41c3ae7d620cd287459ec82c8
Citydlog.rsrc,9261,0x242d,9261 1 SteelMill +2.24,0,0,320,225,43810,bcefbf7807ea45e9eb23830ff890442341ba3c788301f782ba969d89097e688f
Citydlog.rsrc,9262,0x242e,9262 1 SteelMill +4.24,0,0,320,225,44968,c5adb1d4c62596bba20c52a3b119d24b21f546f3a7188555aa6b2c36fd482b43
Citydlog.rsrc,9263,0x242f,9263 2 SteelMill +8.24,0,0,320,225,47206,780de56a91a7fb9756d9699c1c948eafc0ce6f527211be09ea5381e8b8ba032e
Citydlog.rsrc,9264,0x2430,9264 3 SteelMill +8.24,0,0,320,225,43334,33462a744cb8094be6cb9175231c9340855f68ad9b701f03aecd5ee8e8e53b9b
Citydlog.rsrc,9265,0x2431,9265 Metalworks Create.24,0,0,320,320,48016,264c021c7d699a20e85ffdc64852c3274fee45f5962325fa2f836a95d7ed4259
Citydlog.rsrc,9266,0x2432,9266 1 Metalworks +1.24,0,0,320,225,43542,a9a4eb6e1c811a154586ef14eebd57bbaa0551ed0104fa72b69ec09de6d992d1
Citydlog.rsrc,9267,0x2433,9267 1 Metalworks +2.24,0,0,320,225,44270,046b577235b06ab160acb46be9e6293797e252a43c8830a54774a7136f6dd2e0
Citydlog.rsrc,9268,0x2434,9268 2 Metalworks +4.24,0,0,320,225,45088,8ad4a1e5b27bfb2eddd29cdcf87bd401b26220ad31ffcdcec8e109ec0bfaf7a7
Citydlog.rsrc,9269,0x2435,9269 3 Metalworks +4.24,0,0,320,225,44970,e7f5e145558d9f263485b795a4608e27bcc6bc6d2eef22f34cd9960fabc09754
Citydlog.rsrc,9270,0x2436,9270 LumberMill Create.24,0,0,320,320,47618,855feba12bff933e2c20a8b30a780d47a52ed3fe1ac6da788225a2511da48850
Citydlog.rsrc,9271,0x2437,9271 1 LumberMill +2.24,0,0,320,225,43210,38d54e5b159bce959fb86da79772742e4fbba49283eded284464ca3fea5479ed
Citydlog.rsrc,9272,0x2438,9272 1 LumberMill +4.24,0,0,320,225,44368,d9c9cc33d5a45e213eaf322aa9714a86c795859dcdb0c6bb1d5a9168c435ac21
Citydlog.rsrc,9273,0x2439,9273 2 LumberMill +8.24,0,0,320,225,47952,9fb21a592d53cc3d1d02754275f2de195d067ae35c1803c59c6fb9a855bd2334
Citydlog.rsrc,9274,0x243a,9274 3 LumberMill +8.24,0,0,320,225,47310,26092bb830219341169bc14421759fc2e920393da210c86f79bc591bd6c2390c
Citydlog.rsrc,9275,0x243b,9275 Furniture Create.24,0,0,320,320,48672,6fb195ec614bfa74e549430b36404a894013af91844f564596b0bf8dc4967ec8
Citydlog.rsrc,9276,0x243c,9276 1 Furniture +1.24,0,0,320,225,44594,57986a455f89d2cdb7eecf8f637a28198deaa28b4177bcadc777b723e70f941c
Citydlog.rsrc,9277,0x243d,9277 1 Furniture +2.24,0,0,320,225,45322,149a605c1915ffe3c4904a316c7d21a4c2ad31a1c0238d3f2c7e219eedac16c7
Citydlog.rsrc,9278,0x243e,9278 2 Furniture +4.24,0,0,320,225,43996,abe4f50ece504a9e5368863849e2989f131952552e726fbbf8d6f86032cfe282
Citydlog.rsrc,9279,0x243f,9279 3 Furniture +4.24,0,0,320,225,44770,3627a08397a4d42a151a937678e0373a736c3f265c748dd22a64f5add2ea1a7e
Citydlog.rsrc,9280,0x2440,9280 Refinery Create.24,0,0,320,320,46064,00d0b97dafc4615d6d771e718b4b493b1b15eb5cbcfd7c70b127f466ffe1577a
Citydlog.rsrc,9281,0x2441,9281 Refinery +2.24,0,0,320,225,42300,600266ae2eab2de04f13d3fd2413b2cbef2e4786aaba55c65a441cd0dd7eb25c
Citydlog.rsrc,9282,0x2442,9282 Refinery +4.24,0,0,320,225,43460,7c16b605161d9f483827696bf9d31dfade3519494c72e28704e07fdca9c4bdf3
Citydlog.rsrc,9283,0x2443,9283 Refinery +8.24,0,0,320,225,46080,b364aa8945a8a3f00a5b5ea3628f64d9147e2c03373358c0905ed41e487d3593
Citydlog.rsrc,9284,0x2444,9284 Refinery +8.24,0,0,320,225,46080,b364aa8945a8a3f00a5b5ea3628f64d9147e2c03373358c0905ed41e487d3593
Citydlog.rsrc,9305,0x2459,9305  Power Plant Create.24,0,0,320,320,48706,de93a48b8f12fd8230617fcee1ea6cc5c8cd9fcdd2ccea738acb85fa8a95a1c1
Citymain.rsrc,6000,0x1770,6000 2/20 City Screen.m3C,0,0,640,480,302058,8801cbc4fc957fcc476f7aa920066e61e971704d629816cc10a452074fe0db72
Citymain.rsrc,6001,0x1771,6001 2/20 Untrained.m3C,0,0,39,35,3634,7d01ff083a5e799956d34c46c8c980bb871c542ef3ee7f11b46750a6d59331d4
Citymain.rsrc,6002,0x1772,6002 2/20 Trained.m3C,0,0,39,35,3638,29f56f17f2edb9b4fe063491fe442a21e5ba7b57f9cd193126533cead51ab986
Citymain.rsrc,6003,0x1773,6003 2/20 Expert.m3C,0,0,39,35,3628,3f0da9bdb374ef08419fc3c8ec4ac71e1957b8072d3c797027de6a61cd245650
Citymain.rsrc,6004,0x1774,6004 2/20 Hardware.m3C,0,0,39,35,3648,1efba4aa9080d4694c678b7e57c9579c7949468dbf592e5fdd524e5e6fb2309a
Citymain.rsrc,6005,0x1775,6005 2/20 Clothing.m3C,0,0,39,35,3642,e55ede7d8181e8bb90e6d6487f167a7870b56fff57e23480bb9fcf3502a15820
Citymain.rsrc,6006,0x1776,6006 2/20 Furniture.m3C,0,0,39,35,3640,d4d5a88405d965ba12859991e21cc67e5c8101a5e0aa448e13054f4855be3812
Citymain.rsrc,6007,0x1777,6007 2/20 Lightbulb.m3C,0,0,39,35,3646,671c58796114efae7012ca560562775c1d36244d496a9682c5a3917b36e0caa1
Citymain.rsrc,6008,0x1778,6008 2/20 Sick.m3C,0,0,39,35,3614,7462479a7a17091722e111aed67d711dd51776a1107f7e9eced71d9169eacf85
Citymain.rsrc,6009,0x1779,6009 2/20 Dead.m3C,0,0,39,35,3600,3500b1888e7b78c56e50af1f22399039e9c6ddf3e0152792e11cbff07c339d3f
Citymain.rsrc,6010,0x177a,6010 2/20 Grain.m3C,0,0,39,35,3642,2fa39f9516ad608388c4401e9c8ed910f2d933187bd20657e965a83a80c55e01
Citymain.rsrc,6011,0x177b,6011 2/20 Apple.m3C,0,0,39,35,3646,c7d66f64e5725e89f3a3516b8bdd5560c46e71f305ef65de1ad435efa214e383
Citymain.rsrc,6012,0x177c,6012 6/17 Fish/Cow.24,0,0,39,80,5514,680eee9c4bb39de403f2fa70b93322fe16068e256f7de7f764b4ecd4f429fdd8
Citymain.rsrc,6013,0x177d,6013 2/20 Muscle.m3C,0,0,39,35,3644,415d74d632b4b379a2fe04f01bb3320c0e874a459a7be2b5b144e92c5d6db1a5
Citymain.rsrc,6020,0x1784,6020 city Query dwn.m3C,0,0,27,37,3222,b094dedd35da0a88b422b7157103546fa5a59195817b38a098e936868e57418e
Citymain.rsrc,6021,0x1785,6021 City Rtrn dwn.m3C,0,0,27,37,3226,e9923fa6212d0d3e36a84bdd6ca64238199c82b2a0580cce01d8f6adbba95031
Citymain.rsrc,7000,0x1b58,7000 Textile Scaffold.m3C,0,0,250,165,6228,2be57303effd7c74223e668ba792787fb03ddd11b862aacb4f753468042c5c67
Citymain.rsrc,7001,0x1b59,7001 Clothing Scaffold.m3C,0,0,250,165,6614,617638497da09febdf933cddf3cdac95d6b79ea308e89c8337b2ff5c1ffc139b
Citymain.rsrc,7002,0x1b5a,7002 Steel Scaffols (Converted),0,0,250,165,14534,bef4e33291755de3cc4134db123b43cd9c6700c5d841848942b295204fe045f8
Citymain.rsrc,7003,0x1b5b,7003 Metal Scaffold.m3C,0,0,250,165,7608,591ff6a31a734af55dde4114bec8e9e324f9ad8827733a7d0595dc3b883cbc18
Citymain.rsrc,7004,0x1b5c,7004 Lumber Scaffold.scaf,0,0,250,165,21578,fe98cef302a012659d62505aa09d13bcc04358901e2fe810db66c8e7a59178e5
Citymain.rsrc,7005,0x1b5d,7005 Furniture Scaffold.m3C,0,0,250,165,8484,dbfec36009b5df0708efbaf6fe4d11e1cae6df84292b3a50a54c28539dca7bf9
Citymain.rsrc,7006,0x1b5e,7006 Ref Lot w/scaffold.m3C,0,0,250,165,7766,f38a1419d2230cda020c5db38e7176520a03b33b7054a6ba0f42ec93a0d6ac87
Citymain.rsrc,7011,0x1b63,7011 PP Lot w/Scaffold.m3C,0,0,250,165,9096,96bc8305dc8a34ca4e43e36291ed52a30322b903fc00f40ea7911c04461fc75a
Citymain.rsrc,7016,0x1b68,7016 Textile1.m3C,0,0,250,165,6652,2e39e1d5727e358b301ae0ab042decd13c4f2d541cc6d42d98b6f925e76080be
Citymain.rsrc,7017,0x1b69,7017 Clothing 1.m3C,0,0,250,165,7404,dfc522bb8fce56a32a4e4cd572c84421d54c9cdfc65d8fa31110fc3b9154ef12
Citymain.rsrc,7018,0x1b6a,7018 Steel 1.m3C,0,0,250,165,15568,682fa1caa02597bb0cd4464676e7fab40de0feae70f12974c9de0cd2c6c9b12d
Citymain.rsrc,7019,0x1b6b,7019 Metal 1.m3C,0,0,250,165,7626,176d75b10a9250c584cb0c77ca0fddd9c6fccd051d23bb77a4ee9081b3487760
Citymain.rsrc,7020,0x1b6c,7020 Lumber 1.m3C,0,0,250,165,9208,83c7a182ed0e96d8bc42304b0eb07bc6f8ed14580dd4355081f64c59adde67f5
Citymain.rsrc,7021,0x1b6d,7021 Furniture 1.m3C,0,0,250,165,7650,0a13e2ae71e8c8d56b14dad84f37780569e92022a8a69d8988b0710a115eef17
Citymain.rsrc,7022,0x1b6e,7022 Refinery.24,0,0,250,165,14814,2d7d8490ec4b5c031d58e74ef57d6888082ad77ae479a5fd72a948e515456da1
Citymain.rsrc,7023,0x1b6f,7023 Wood Shipyard.m3C,0,0,250,165,20306,0a84d2fd4cdefed55b5fcbc6db87d64a6afc9f4420e49bf7ac5aa546a04ed66f
Citymain.rsrc,7024,0x1b70,7024 Small Armory.m3C,0,0,250,165,8370,0c346e24820bf88b4de72b3bd10bd7b40c7d48332d4f19b2bcbee3d497d3349f
Citymain.rsrc,7026,0x1b72,7026 College.m3C,0,0,250,165,13216,45023d8a17a51b6fee2bdee9a4a8adaaa986c8aa32c94adc020a4cca6c88bbc8
Citymain.rsrc,7027,0x1b73,7027 Power Plant.m3C,0,0,250,165,11374,8b23c7efa249cc1a6bea2789fea201ebcadc85d7e71853d3150a52bf58fccf95
Citymain.rsrc,7030,0x1b76,7030 Small Railyard.24,0,0,250,165,14402,edcf87c9dfa66f654e73e7120a1588983034c9494db165dcab1ace32630b6cb1
Citymain.rsrc,7031,0x1b77,7031 Small Capital.24,0,0,250,165,10836,9dfcd5a46ee70991ba7748d8c99b57f5a3a8c25834285c21588f4f5eb28c52f5
Citymain.rsrc,7032,0x1b78,7032 Textile 2.m3C,0,0,250,165,12096,0025da5014c6497ae07d6449238d48980fb47a99535d60462ef5b458a42cb509
Citymain.rsrc,7033,0x1b79,7033 Clothing 2.m3C,0,0,250,165,11422,3e8e3b3a729643c78dcf7ef3ae85592061a5ce76688a36126726bf07830bdfb6
Citymain.rsrc,7034,0x1b7a,7034 Steel II.24,0,0,250,165,15254,a814197f7172e2ac24c65b0456c9319e426ae5f9d7218cb9f593c1674e1fba4a
Citymain.rsrc,7035,0x1b7b,7035 Metal 2.m3C,0,0,250,165,8664,c1ca7fc4dde1488cc2a5d5752cf9139e54bfd0a527c95ff3c4663e4a20a2a5d1
Citymain.rsrc,7036,0x1b7c,7036 Lumber 2.m3C,0,0,250,165,11572,35c11e0a26fe7084a1e5cbdd6da6da43c76b6aeb19b4c40aed06194bcc7ccc51
Citymain.rsrc,7037,0x1b7d,7037 Furniture 2.m3C,0,0,250,165,10254,c3aef92d488686bc99ae3593ed4e6856de0c923331393219cc034f20e9764a9a
Citymain.rsrc,7038,0x1b7e,7038 Refinery.24,0,0,250,165,14814,2d7d8490ec4b5c031d58e74ef57d6888082ad77ae479a5fd72a948e515456da1
Citymain.rsrc,7039,0x1b7f,7039 Ironclad Shipyard.24,0,0,250,165,19010,5d94b31fecfccf619142dae486417491c816e404a7f5f23fc17256a1efc6de27
Citymain.rsrc,7040,0x1b80,7040 Big Armory.m3C,0,0,250,165,13204,1b566698ea498256536bc9dde06fb9a874157fae5a08afa7482f0924d4ad6cda
Citymain.rsrc,7042,0x1b82,7042 Small Uni.24,0,0,250,165,14038,2eed1f4ff820102eaa1984a8ffb039633f8d61d634e76f39811f59bde63c3cf4
Citymain.rsrc,7046,0x1b86,7046 Large Railyard.24,0,0,250,165,16530,ec95b1b3b19f733433c9a5c788607c40eb944fe4b1b5a0592a8bc4314913ae68
Citymain.rsrc,7047,0x1b87,7047 Big Capital.24,0,0,250,165,14240,a05411a7fb1ab158546a487e0cb1499ae804bff2cb2130eb8e5a4132817c483c
Citymain.rsrc,7048,0x1b88,7048 Textile 3.m3C,0,0,250,165,16680,b613b7f117fb1d7164d49f873eadaf0ed4f97139c73bc9deb2518fdeee129417
Citymain.rsrc,7049,0x1b89,7049 Clothing 3.m3C,0,0,250,165,14678,f6000b85554a5e9940df635d645e14e52130370b2543ef140f5fba0a134fe5e6
Citymain.rsrc,7050,0x1b8a,7050 Steel 3.m3C,0,0,250,165,15084,8431c2098d0520dc88c1e42ca2c746e9c659c96db0531a2983b423d4a202408e
Citymain.rsrc,7051,0x1b8b,7051 Metal 3.m3C,0,0,250,165,12898,a24972958f2cd269389f3635a05ea191d36f234120f12b7d629f8f01cf04dfd8
Citymain.rsrc,7052,0x1b8c,7052 Lumber 3.m3C,0,0,250,165,14444,24aabadd46be60a02804371327caad08790d74f0d998f351879653e9e6d343dd
Citymain.rsrc,7053,0x1b8d,7053 Furniture 3.m3C,0,0,250,165,13632,2b8082c363bc9cfa4950cd46cf946cf9fb714f5da55e3421f5ce1ca24be4d982
Citymain.rsrc,7054,0x1b8e,7054  Refinery.24 ,0,0,250,165,14814,2d7d8490ec4b5c031d58e74ef57d6888082ad77ae479a5fd72a948e515456da1
Citymain.rsrc,7056,0x1b90,7056 Big Armory.m3C,0,0,250,165,13332,019c1efa1c05c19b22eba6b932ced446584c15ab5bf84516ab1d7c2fe8d2b833
Citymain.rsrc,7058,0x1b92,7058 Big Uni/w prom.m3C,0,0,250,165,19962,9ba8fc78619effbf89ce3e11413b3ed90e1dcc230b705ad2af25ddd9d3d23a68
Citymain.rsrc,7070,0x1b9e,7070  Park Monument.m3C,0,0,250,165,4216,5e268d9d3978ba2fed06a541291d60cc15d2f058049f8ca8b9b6a3f9a001a555
Citymain.rsrc,7071,0x1b9f,7071 Circle Monument.m3C,0,0,250,165,4382,afb47b91434c5b182c341513cb4cd8ec9161764c95bf426b85f7ab49f316c5d9
Citymain.rsrc,7100,0x1bbc,7100 Textile Mill Mask.m3C,0,0,250,165,3370,11b218a4a6753da9bcf23fed0d758a7b905906ca0dc8719a2229cae0dda15d83
Citymain.rsrc,7101,0x1bbd,7101 Clothing Mask.m3C,0,0,250,165,3396,db5d2e85943ae69c431bf95c0bc1992e86fb2197855f483d14a8807f16027ea2
Citymain.rsrc,7102,0x1bbe,7102 SteelMill Mask.m3C,0,0,250,165,3346,54040bae0e8a04bb6bd526165684e6d700e0a2ccf84438ea239627451ff1430a
Citymain.rsrc,7103,0x1bbf,7103 Metakworks Mask.m3C,0,0,250,165,3406,7fe961442e3b645d2cc5d46715ca4ef42286286344117a236be34eaf6c8eb0b7
Citymain.rsrc,7104,0x1bc0,7104 Lumberyard Mask.m3C,0,0,250,165,3358,7b29a3bd2f1e7e3ed40ba42ce4df822ff77d98f13879aa91bdacb04aeffbfe11
Citymain.rsrc,7105,0x1bc1,7105 Furniture Mask.m3C,0,0,250,165,3200,2bb936e7b1fbdfa7bc8879b74fc32130f2e2873e68b40a43e21de37e50f440ec
Citymain.rsrc,7106,0x1bc2,7106 Refinery Mask,0,0,250,165,3212,c7a9adf8906e7be0d2a640077a91caf5d9ad4f571e0dff03b06049a93c2c8a81
Citymain.rsrc,7109,0x1bc5,7109 School Mask.m3C,0,0,250,165,3184,8550c315bb2ba8332d50a73ab911427984697dcde30c5559b6e1ace5b33d442f
Citymain.rsrc,7111,0x1bc7,7111 Power Plant Mask.m3C,0,0,250,165,3370,3af06d0cef6cc5b36c813b06efc770c2f2d4cb46c57aa9488be52e81b99e5b7e
Citymain.rsrc,7112,0x1bc8,7112 Food Mask.m3C,0,0,250,165,3140,8bc8462d9371f915b63ecbc65e4f9879c45cf031e579ad58df446cc922ad9b72
Citymain.rsrc,7113,0x1bc9,7113 Warehouse Mask.m3C,0,0,250,165,3188,3206e361fee3f0989a6368a0ea5d06da93fc0d785930a3996c61cc8d91156886
Citymain.rsrc,7116,0x1bcc,7116 Textile 1 Mask.m3C,0,0,250,165,3218,87b9e598af204cebff90a87033f294363ae82f678336fc15bdd60418e23a5920
Citymain.rsrc,7117,0x1bcd,7117 Clothing 1 Mask.m3C,0,0,250,165,3184,7ce517fcb211887870152fa5e4b76e314626a7f3e96665210de6d39f3ce748bd
Citymain.rsrc,7118,0x1bce,7118 Steel 1 Mask.m3C,0,0,250,165,3442,c0e5810365cd7e6e37210194faeb1b0ee8906e4c6eb45d64a0446b839c8748f9
Citymain.rsrc,7119,0x1bcf,7119 Metal 1 Mask.m3C,0,0,250,165,3266,4eb063a368c3e7c508d5f80d65fb614dcf3dc84fe9bfd2ab5ac815252d3d85e7
Citymain.rsrc,7120,0x1bd0,7120 Lumber 1 Mask.m3C,0,0,250,165,3252,c98e5b918980857c87265b032bf8b855aa1ddecf3a98d2490cac24101a8a7625
Citymain.rsrc,7121,0x1bd1,7121 Furniture 1 Mask.m3C,0,0,250,165,3162,b0e5e125db9b4643ea00dbc135cae6bb85f9976e21cc4d2170fcf2b05328eb65
Citymain.rsrc,7122,0x1bd2,7122 Ref Mask.m3C,0,0,250,165,3276,470ae7197c5c61d7a7992aca699a70e2384f2b1e268d202e05fc71a9d4d8d0b4
Citymain.rsrc,7123,0x1bd3,7123 Shipyard Mask.m3C,0,0,250,165,3546,5d6b5e801562177a46e7b02dbf96f826267be8e533931bbf2d3da65a447e010d
Citymain.rsrc,7124,0x1bd4,7124 Armory Mask.m3C,0,0,250,165,3422,e068437317b326abd7a315c84932d275b5625a1f6d464339e1be7a502e33c30b
Citymain.rsrc,7126,0x1bd6,7126 University Mask.m3C,0,0,250,165,3480,1d545c49be03f0be70471903dcf8e9b3a510bc37b24ba45ecfeab63ef093594d
Citymain.rsrc,7127,0x1bd7,7127 PP Mask.m3C,0,0,250,165,3770,af5a89b7c0e02e7f71343e43583cedeb78832c61d728fd17bf0b70cd0d35f91c
Citymain.rsrc,7130,0x1bda,7130 small railyard 2 bit,0,0,250,165,1518,761a124e664a616a6ee088890b0f49567a65236f3cce5ed7faa175aa2e4d6e44
Citymain.rsrc,7131,0x1bdb,7131 Capitol Mask.m3C,0,0,250,165,3306,5fa4b28afe87b5af5b2e4e005e1b4ef6511ded3503dda01c8b6bc2d4bf5f3fbd
Citymain.rsrc,7132,0x1bdc,7132 Textile 2 Mask.m3C,0,0,250,165,3394,2fdfe77976720910408b85eaaca01878c89324715bb356dff306b4ff553f19cf
Citymain.rsrc,7133,0x1bdd,7133 Clothing 2 Mask.m3C,0,0,250,165,3424,09f47f6a2507a04518b270298ba68a8dc5cba18523b511be582d93c96b4e973b
Citymain.rsrc,7134,0x1bde,7134 Steel 2 Mask.m3C,0,0,250,165,3430,d45ddb8b3df1f776309f7bd1a34b579729a117d91f3855db8b9c812b3b142a81
Citymain.rsrc,7135,0x1bdf,7135 Metal 2 Mask.m3C,0,0,250,165,3332,9980adf6e0907955d901e35d584e679d0d23b0f06149a8ad21268e438d517903
Citymain.rsrc,7136,0x1be0,7136 Lumber 2 Mask.m3C,0,0,250,165,3300,829c06b3003011bcd53a398713c2c57a9e68c5ebe5c5ef9e25eead0faac80e26
Citymain.rsrc,7137,0x1be1,7137 Furniture 2 Mask.m3C,0,0,250,165,3244,ee0c589c4c8235ae9e447fda3f68bdd3163c38bfdb39e395223e0acd6caeda87
Citymain.rsrc,7138,0x1be2,7138  Ref Mask.m3C,0,0,250,165,3276,470ae7197c5c61d7a7992aca699a70e2384f2b1e268d202e05fc71a9d4d8d0b4
Citymain.rsrc,7139,0x1be3,7139 Ironclad Shipyard.m3C,0,0,250,165,3624,d86396f26192061127da4fbc5e72dc865af3b2181109b5d63b8bad10e1dd1049
Citymain.rsrc,7140,0x1be4,7140 Armory Mask.m3C,0,0,250,165,3422,e068437317b326abd7a315c84932d275b5625a1f6d464339e1be7a502e33c30b
Citymain.rsrc,7142,0x1be6,7142 Small Uni.m3C,0,0,250,165,3680,f6fee9cbeb07167f1e628009b52e2de9fc11ddae3a96e2964e2d2e9a81eb9557
Citymain.rsrc,7146,0x1bea,7146 large rail mask 2 bit,0,0,250,165,1652,d524a7f50894132c1ac9a0a16639c7484c025919debd4d2376787480397e537a
Citymain.rsrc,7147,0x1beb,7147  Big Capital.m3C,0,0,250,165,3766,aa5c608d1328cf8752f6828df3450f10257d2398dffc9ded194fce9ce96dc7ca
Citymain.rsrc,7148,0x1bec,7148 Textile 3 Mask.m3C,0,0,250,165,3550,1b00cbecf928fd0b7becea21aa36f6765072a39c643020390515fb210a29f02f
Citymain.rsrc,7149,0x1bed,7149 Clothing 3 Mask.m3C,0,0,250,165,3356,3348ec72cd1f2bb6956aaeaa098cf0578ab7c3318cfbc87b859f77841572cdc9
Citymain.rsrc,7150,0x1bee,7150 Steel 3 Mask.m3C,0,0,250,165,3432,0df2990901e2101d001a52482065f3cec7735be737736a44d0c64ac518b0bfd8
Citymain.rsrc,7151,0x1bef,7151 Metal 3 Mask.m3C,0,0,250,165,3390,9c4d7ccf9665f64990bc454b418c538347c14cf7785a6a4707c5c23389c94b9d
Citymain.rsrc,7152,0x1bf0,7152 Lumber 3 Mask.m3C,0,0,250,165,3486,4a13ca00f3eb39ac74919ec6b6c52b60b9c427af347e1ba535fb4812d28071a9
Citymain.rsrc,7153,0x1bf1,7153 Furniture 3 Mask.m3C,0,0,250,165,3352,a9b46c5fd0e9051236a06cbe08c2d61b3fd9356a1a4dd75d88d8e54c73eff028
Citymain.rsrc,7154,0x1bf2,7154  Ref Mask.m3C,0,0,250,165,3276,470ae7197c5c61d7a7992aca699a70e2384f2b1e268d202e05fc71a9d4d8d0b4
Citymain.rsrc,7156,0x1bf4,7156 Big Armory.m3C,0,0,250,165,3540,ae5f8a46c3f809ef2377675f7b89c537c61e8132f91a652ceb1420179eb966dd
Citymain.rsrc,7158,0x1bf6,7158 Big Uni/w prom.m3C,0,0,250,165,3450,6f34a082ac69b194834401675b81dcf45261ee15c1a2e69c4582d376a5a68142
Citymain.rsrc,7316,0x1c94,7316 TM Scaffold 1-2.m3C,0,0,250,165,10480,3642d48591fdcbf803d97b6213d03e3723dbf30f13f98142a60cd1905944955e
Citymain.rsrc,7317,0x1c95,7317 CF Scaffold 1-2.m3C,0,0,250,165,9956,f11e0eb6dfb343d8366976f9876770a7fa3e1e6611a332fd093ae9343ae65097
Citymain.rsrc,7318,0x1c96,7318 SM Scaffold 1-2.m3C,0,0,250,165,15604,b6e212b1cd64d56bd94dac081a9dc3b81da5c80c711a2572ec6349f6bb0fbeb1
Citymain.rsrc,7319,0x1c97,7319 MW Scaffold 1-2.m3C,0,0,250,165,7996,12655c04a3346fc205cd1603618228f78d4e84cfb08b3cab754cc74f002ac1dc
Citymain.rsrc,7320,0x1c98,7320 LM Scaffold 1-2.m3C,0,0,250,165,9744,7fdcd4dee6a936a27b1311051988db90991c5403785732f82718b37a33bbf416
Citymain.rsrc,7321,0x1c99,7321 FF Scaffold 1-2.m3C,0,0,250,165,9774,d324975505e2b7d40343f15131bd857cb3c9ef5529e2b7d10c1d50294d3b3411
Citymain.rsrc,7322,0x1c9a,7322 Ref with Scaffold.m3C,0,0,250,165,15708,e6a31d15bc1ce5ab906de4a0592435c8aa601350ae5545d0b983254d6b078b7c
Citymain.rsrc,7332,0x1ca4,7332 TM Scaffold 2-3.m3C,0,0,250,165,15180,ac15bee2f48c568084d8b0b2c8ac2612fef91720604cfbfe6265a04807925ac2
Citymain.rsrc,7333,0x1ca5,7333 CF Scaffold 2-3.m3C,0,0,250,165,13140,b0718fd86ad24a0ca391c6753c5868aab5975eb7b2490289c48824e9f292d476
Citymain.rsrc,7334,0x1ca6,7334 Steel II Scaff.24,0,0,250,165,15924,b0d1f94762d148a80ae7509b7d3a451b6eb98b8276f2f58342df9e21789dc042
Citymain.rsrc,7335,0x1ca7,7335 MW Scaffold 2-3.m3C,0,0,250,165,10050,77f8aaf71806ea166ae037865540fa989f11992befd98cf52d6086e067eac241
Citymain.rsrc,7336,0x1ca8,7336 LM Scaffold 2-3.m3C,0,0,250,165,12388,e19dcbcf876cad83f00716a18786fbd2e14dae05514e44923ed907021cfd0b78
Citymain.rsrc,7337,0x1ca9,7337 FF Scaffold 2-3.m3C,0,0,250,165,12436,e709437a9292fe213c5a6d893478765bef6ced92106b2096724847ec9aaa97b1
Citymain.rsrc,7338,0x1caa,7338 Ref with Scaffold.m3C,0,0,250,165,15708,e6a31d15bc1ce5ab906de4a0592435c8aa601350ae5545d0b983254d6b078b7c
Citymain.rsrc,7348,0x1cb4,7348 TM Scaffold 3+.m3C,0,0,250,165,17306,091a0153dc7bbc86ce695797009337bba47e7c88d7a8c711e955f78dff3b6a74
Citymain.rsrc,7349,0x1cb5,7349 CF Scaffold 3+.m3C,0,0,250,165,16126,ed862572b387566c72424787405c1ea2762c25f24b8cb521226c5aed8e2dade5
Citymain.rsrc,7350,0x1cb6,7350 SM Scaffold 3+.m3C,0,0,250,165,16210,55c7731cf20477eb91a76c07f92edac617c3b1b2b9a3cd612cccc16d51bd4760
Citymain.rsrc,7351,0x1cb7,7351 MW Scaffold 3+.m3C,0,0,250,165,13166,5eed4eaa8cd47024c51f34cc7f34269b2a7e4060bf8175ce87995d91bebce160
Citymain.rsrc,7352,0x1cb8,7352 LM Scaffold 3+.m3C,0,0,250,165,15514,13fbf64c8042cfdc70389b14131a1517013622effcce586e3470c2d681ad71c3
Citymain.rsrc,7353,0x1cb9,7353 FF Scaffold 3+.m3C,0,0,250,165,13846,ed390dc884b5577200043e2813fe0dd91b7785d54431fbc375ee37f6432c0dda
Citymain.rsrc,7354,0x1cba,7354  Ref with Scaffold.m3C,0,0,250,165,15708,e6a31d15bc1ce5ab906de4a0592435c8aa601350ae5545d0b983254d6b078b7c
Citymain.rsrc,15000,0x3a98,15000 Textile I strip.m3C,0,0,180,14,3222,689816d72eb4704b354713c4df47927112bdd258c483525a00f5f004b61735c0
Citymain.rsrc,15003,0x3a9b,"15003 Txtl II,i (1-12) strip.24",0,0,180,14,3226,b1084c0d588ab4420a0d3018310ddd343af6262893c0a3807efe8cfd68e161c0
Citymain.rsrc,15004,0x3a9c,"15004 Txtl II,ii (1-14) strp.24",0,0,238,15,4098,7b37d392e8346780f2b29d5f10735532fd829d2657bd4795fcd848d8e0f4715e
Citymain.rsrc,15006,0x3a9e,15006 11Aug Txtl III strip.24,0,0,682,60,8466,a55c548bb879c9c1cc53b9b00e13b38c339fd13d48db34e5a6d42e6fefb006a1
Citymain.rsrc,15010,0x3aa2,15010 Clothing Strip.m3C,0,0,180,15,3396,ea497f228fc2492aa0b6d225e7841007d642cd9159ecce6e5201ee713b34e441
Citymain.rsrc,15013,0x3aa5,"15013 Clth II,i (1-12) strp.24",0,0,312,29,4360,49ef3f7f31b9609e8d6208d54a26a925b47b3371807e94dcda95de83c362830e
Citymain.rsrc,15014,0x3aa6,"15014 Clth II,ii (1-12) strp.24",0,0,336,27,5062,f4a8a38ff50439e5580d15b81cdc28a0cd3e90063e791e571e3ff5796e708e8e
Citymain.rsrc,15016,0x3aa8,"15016 Clth III,i (1-12) strp.24",0,0,312,29,4352,7fedf87fd22a4660e820cd8ab9b3661e5174ee08ff7799a368eadb28918d1892
Citymain.rsrc,15017,0x3aa9,"15017 Clth III,ii 1-12 strp.24",0,0,456,40,5572,dcbe831897de3e9fa7d3349a54623775b983e3ae603af12173793324c2d09870
Citymain.rsrc,15020,0x3aac,"15020 Steel I,i strip.m3C",0,0,912,52,37922,98b32db9c2e540a0d9fd19ef33c337ae14b1c615646120ab783b3b20dd35f4cf
Citymain.rsrc,15021,0x3aad,"15021 Stl I,ii strp (1-24).24",0,0,1752,32,50130,9e4173f7d7196c04ea8824204c8c2910c5e26b5e3e146d1ea5f733aced997ffc
Citymain.rsrc,15023,0x3aaf,"15023 Steel II,i strip.24",0,0,1464,65,81242,c5b072a43eff41c75a971b13ae359712cf837ed6bfc249193e5d358973ce0bb9
Citymain.rsrc,15024,0x3ab0,"15024 Steel II,ii strip.24",0,0,2256,46,90214,967ccaf64d9d6da8c5c67d4b7e6201849ca0286f0686d89c6d4148f541740f8d
Citymain.rsrc,15026,0x3ab2,"15026 Stl III,i (1-9) strp.24",0,0,126,27,4014,33d406cbdd2e3fa39650e94757ccdb60486ddf7fab55e59751c64eef07b6d3a5
Citymain.rsrc,15027,0x3ab3,"15027 Stl III,ii (1-21) strp.24",0,0,168,8,3456,492181e967f32f573587cc2ff04e4b2f12f101ddae8bb54dd55fdad409169fca
Citymain.rsrc,15028,0x3ab4,"15028 Stl III,iii 1-11 strp.24",0,0,187,11,4202,cae0289434ae6167982be13732299cf785956e3b9183c3a4b21e136a650584f3
Citymain.rsrc,15030,0x3ab6,"15030 MetalW I,i strip.m3C",0,0,675,52,36538,d88627dd8b8153d327865fcb4cea735fb541f31ef4e0e48511e5cf49fff94020
Citymain.rsrc,15031,0x3ab7,"15031 Mtl I,ii (1-16) strip.24",0,0,352,9,5348,726c0f678387fb58a1e5b30b400bf1135f81e9667b7c761426cae6814e716fc1
Citymain.rsrc,15033,0x3ab9,"15033 Mtl II,i (1-12) strip.24",0,0,228,42,11422,31c06541837078673e3656238862f2d1a4198d148086f1b5b2ce64bc99fcba33
Citymain.rsrc,15034,0x3aba,"15034 Mtl II,ii (1-24).24",0,0,696,27,7756,0b0e817391d915f4ae591699d9a1a69ac227bdbcda452eb8a604b875a60ebb9d
Citymain.rsrc,15036,0x3abc,"15036 Mtl III,i (1-12) strip.24",0,0,768,62,12576,b06f55d2802ffa20045e196e7225075551d5f4e41f7bfb2a3d95e91c009fddac
Citymain.rsrc,15037,0x3abd,"15037 Mtl III,ii (1-26) strp.24",0,0,2002,43,63952,865a392527a4961e32b31d38f2ae1c05fd84deb6b20ba7cd0eea172d09a8bbae
Citymain.rsrc,15040,0x3ac0,"15040 Lumber I,i strip.m3C",0,0,192,18,3668,fe38b280a866f738c33e1f83b1b8f8366f8bf4c13edfe9426fefcaffd3352709
Citymain.rsrc,15041,0x3ac1,"15041 Lumber I,ii strip.m3C",0,0,690,21,14886,a7f2dc3cd0fcdc817eef4d9ce790f650524dc03c58f8de4f21aba9927f656a73
Citymain.rsrc,15043,0x3ac3,"15043 Lmbr II,i (1-24) strip.24",0,0,672,29,6326,4b9778d45f8e4d45574dd60b985e19d9dafc438334172f6d050e16f70956b6b0
Citymain.rsrc,15044,0x3ac4,"15044 Lmbr II,ii (1-25)strip.24",0,0,600,18,12404,28b187e9f5cd13db4c606227db88fd78e7a5c5dfae9fb6132b15bad0263005d7
Citymain.rsrc,15045,0x3ac5,"15045 Lmbr II,iii (1-25)strp.24",0,0,975,13,13784,123bd9804dd08ad730dd541d0c45ad4dcf612205e73a47eb907f9ac7a4f6b96a
Citymain.rsrc,15046,0x3ac6,"15046 Lmbr III,i(1-19).24",0,0,741,36,27606,fb6b1a5fba340bb287cae8da09a9b7e8af41ab63928a3cc484d250ab6df5ac48
Citymain.rsrc,15047,0x3ac7,"15047 Lmbr III,ii(1-19).24",0,0,988,42,38566,a11ecdf62aca29678cc9633eb6b778b34f6ec0f64f5499ae7499a82be53f3e87
Citymain.rsrc,15050,0x3aca,"15050 Furniture I,i strip.m3C",0,0,180,14,3164,148df52f8c4c67bd170edb88a0e01290588a8494f935822738c598cf86931993
Citymain.rsrc,15051,0x3acb,"15051 Furniture I,ii strip.m3C",0,0,588,37,21488,fc6d4e55570b3b1a300fc306ced3b732de462620b8d8bf35b59a80fffaaa757c
Citymain.rsrc,15053,0x3acd,15053 F II (1-13) strip.24,0,0,312,23,4928,8934cf0b8499995712d7227c1a878ed8286739535bf4446948af23e607b6c0f6
Citymain.rsrc,15056,0x3ad0,"15056 F III,i (1-12) strip.24",0,0,252,21,4296,ad024ca6e92c6439d79be89ec6db305489c4c1d30d29455b2c2813bcee384770
Citymain.rsrc,15057,0x3ad1,"15057 F III,ii (1-13) strip.24",0,0,312,23,4928,8934cf0b8499995712d7227c1a878ed8286739535bf4446948af23e607b6c0f6
Citymain.rsrc,15058,0x3ad2,"15058 F III,iii (1-11) strip.24",0,0,220,19,3948,e6757084abe405df04e54bb2ee2beb271fa124fe538ae0480a50f1ea5f264843
Citymain.rsrc,15060,0x3ad4,15060 Refinery Strip.m3C,0,0,154,18,4926,cb61b7055e5fd56a047a6346f9aaf2352460a113a08aa017bc4619a0f8d867cb
Citymain.rsrc,15070,0x3ade,15070 PowerP Smoke.24,0,0,312,23,4928,8934cf0b8499995712d7227c1a878ed8286739535bf4446948af23e607b6c0f6
Demo.rsrc,1001,0x03e9,4350 Tech-C Steam.24,0,0,640,480,257582,6e12706fbc9115615ecfa00871f465df9be082354764eb7d77e19d5b3ccac3c0
Demo.rsrc,1002,0x03ea,4351 Terrain.24 (Converted),0,0,640,480,280776,ce7c2ee832a9b25ed42d9c6cc8d3c09fcfc30cea9d7341af9573e2aa421dc7e3
Demo.rsrc,1003,0x03eb,4352 T Ledger.24,0,0,640,480,223500,1015602eb10494a173fa84a3057b56f14d048c4921e912a35e121d774d626a3a
Demo.rsrc,1004,0x03ec,4353 Rifle.24,0,0,640,480,265166,8ba78a136287280fffc9fc87c0849988a3d75b287a7d2723cbf5e58446bcf134
Demo.rsrc,1005,0x03ed,4354 Deal Book.24,0,0,640,480,228370,006d848caf0fa128409489bd1e291e424edb3ed44c4ae7c5d3455d3339e2f8d0
Demo.rsrc,1006,0x03ee,4355 City.24,0,0,640,480,282532,b0b88cd07b5d31d89902d8531e1defdd9c49c0b8ebdfc45e2dda9bf0851026e2
Demo.rsrc,1007,0x03ef,4356 Tactical.24,0,0,640,480,278844,e8716951189605dd4432bbf692364aeb086393d758d13e80ef19a2055c97bea0
Demo.rsrc,1008,0x03f0,4357 Losses 2.24,0,0,640,480,235468,31fdf2446732c366b678ee8c3def2eccc626a051ab54e73b92400871f78b3927
Demo.rsrc,1009,0x03f1,4358 Rewards ICBS.24,0,0,640,480,226092,c1ee2043daf23a31173b2ed20868a09e299174ca100d69652738b7d472f7b678
Demo.rsrc,4502,0x1196,4502 Restore Saved Disabled.24,0,0,640,480,252182,e7b3b9255957d869f47e2dd030c59a4bf639c64240d1bc670998f20bc078e2b7
Demo.rsrc,4503,0x1197,4503 Scenario Disabled.24,0,0,640,480,240544,fb1cc6baf289b87f72e716902821648e18af851214ebe8da057a491fe8f4d2db
Demo.rsrc,20000,0x4e20,20000 Buy This Backgr.24,0,0,640,480,192898,4d4b01566798de15f7aad1444011c6df6e3e18d60f60a1833ac458a66b290131
Demo.rsrc,20001,0x4e21,20001 Buy This Slideshow Dn.24,0,0,97,37,4910,991ede8af1b1ad2ead414f8b92fd42c320313993d87ec8b2ac74915a028b850e
Demo.rsrc,20002,0x4e22,20002 Buy This Quit Dn.24,0,0,97,37,4714,702659820d9ada905805a532d172210b8b2f440eda1f7ea789d9aec096f90ad4
Diplo.rsrc,600,0x0258,600 blue parch.24,0,0,540,300,154404,8c2cee75eea2fea16d16190ef84df5699bbdd6e37d2982db4f187545c622645d
Diplo.rsrc,601,0x0259,601 red parch.24,0,0,540,300,147418,5118e4ff174980531cf8f67a766b6be0cacfdde500824558f08e60a3ca3848eb
Diplo.rsrc,602,0x025a,602 purple parch.24 ,0,0,540,300,127438,29ccd6aaa6b4d7f4bce7c224a3ddabfe7d1665eb4b202532d64dce1f72fe88a1
Diplo.rsrc,603,0x025b,603 cyan parch v.2.24,0,0,540,300,129046,b436f98f8cc9cfe286b9b88e8e0bd7cb9f2e427bc252792069a1078cfe7dda8f
Diplo.rsrc,604,0x025c,604 Orange Map Parch.m3C,0,0,540,300,141198,37cb4e33a3668636b65361e44204d241e59b97c6c4c95f501c23aa542f4519e3
Diplo.rsrc,605,0x025d,605 green parch.24,0,0,540,300,157876,2504eb84b41215a6d23201f4981882e7d1562072535b97e7119bbdc917959627
Diplo.rsrc,606,0x025e,606 yellow parch.24,0,0,540,300,103822,2bb17c1c79ecaa92932766343f9ff2de023c5e292bfcf3af0842e8f64fdfc0da
Diplo.rsrc,2016,0x07e0,2016 Council and Arrow.m3C,0,0,640,480,255808,ed99862374b2268576a46dffaef16c04cd5dde69d29ba3d3c98869c96afc9f09
Diplo.rsrc,3515,0x0dbb,Garr. Merchants.24,0,0,400,45,27262,3845d44a54c3f5c1a222b1b13a8716ecc8c774acebe79d61175c46bf7022aaa0
Diplo.rsrc,4068,0x0fe4,4068 BR lft pg bk.24,0,0,37,35,3340,1caad99946b1fcc4d95a5f39cd23beb371042b69517152f7d1ccf957396c0c84
Diplo.rsrc,4069,0x0fe5,4069 BR Rt pg bk.24,0,0,40,35,3398,2eb2aec799a572d95774c7aeaa344fd1000de4010388e421197ff637626ece42
Diplo.rsrc,4070,0x0fe6,4070 BR Seal Dn.24,0,0,33,32,3178,87371d574f3a6fd4f785e362e3bd945a02cf884e5761a461bb7e93064297d5bb
Diplo.rsrc,4071,0x0fe7,4071 BattleR Garrison Bk.24,0,0,480,431,152822,4839a266fff76c90c76ca586bd3590f10da7ef47154b7cb2a64ed9c4bf15a1a3
Diplo.rsrc,4100,0x1004,4100 BR Backgr.24,0,0,640,480,260238,3e8dd9a062381e1de260f0cdb8a9640152dcce145ac8ca286e8aecc342c6d0e7
Diplo.rsrc,4101,0x1005,4101 BattleR Left Up.24,0,0,22,22,2654,ea188a26058874f9de70839117f32a816e11db0cb95aefd588687c8260908c1d
Diplo.rsrc,4102,0x1006,4102 BattleR Left Dn.24,0,0,22,22,2660,5eed89003a111c561dbfe9d47459833ffddb77e5a0022a5d65b03ae6a78f8be7
Diplo.rsrc,4103,0x1007,4103 BattleR Right Up.24,0,0,22,22,2654,1d9040d04b400d362dfa3183d9d477d5013dad7203885c67f4f68a2e840ed203
Diplo.rsrc,4104,0x1008,4104 BattleR Right Dn.24,0,0,22,22,2662,fdea9c8799b415b7dcb2b298ed46d982cee9da1106b56b5e50680a49fe75cfba
Diplo.rsrc,4106,0x100a,4106 BattleR Return Dn.24,0,0,31,51,3838,d8e5fc5f92e6c4b2640e94fc1a42d9b619f022418a8a0a954647907a21be36b4
Diplo.rsrc,4107,0x100b,4107 BattleR Query Dn.24,0,0,22,37,3056,9d58c9e82549e3163b8894c05261267e3fdf78f596056b51c1c2064144a8d642
Diplo.rsrc,4108,0x100c,4108 BR Info Up.24,0,0,53,57,4952,3f3cd8022f6396bd3945f29ef4d777fbcfb715636ed0ed02cf94eb8989fca66b
Diplo.rsrc,4109,0x100d,4109 BattleR Info Dn.24,0,0,53,57,5104,2f3e35f1605eed114862e31d88acf03a57d39151c28f2b85b9269e963253b527
Diplo.rsrc,4139,0x102b,4139 Guv'nors Backgr.24,0,0,640,480,259494,3125d5b6e7ce002e274b81a5b9f27a091a50c9e020697cb55ea992cafd82db08
Diplo.rsrc,4140,0x102c,4140 Guv Return Dn.24,0,0,31,51,3882,9188b7b65c9e36929bfdb57a9a5e960e7309894e05c0cff13ac160ac3c168d5a
Diplo.rsrc,4141,0x102d,4141 Guv Query Dn.24,0,0,23,39,3178,5bac2201ddd09e8958097502857b780e7c66fa2ab78232275291a9a77c66987b
Diplo.rsrc,5000,0x1388,5000 Dip Backgr.24 (Converted),0,0,640,480,260412,5bc783e07475dc4359a4e94e658d38ed6ad9b0b1e3e7d77fc1e6b9491cc44157
Diplo.rsrc,5001,0x1389,5001 Tabs info Up.m3C,0,0,40,120,6604,acde68966055da3f8fef12eaa521377f5975e11cd1cb3af06d86ba7329942325
Diplo.rsrc,5002,0x138a,5002 Tabs GovUp.m3C,0,0,40,120,6632,2b9e00b824f1ff912c39408c0f82b3aa21e680ee046e2cdd275f4c87933d9841
Diplo.rsrc,5003,0x138b,5003 Tabs OverT Up.m3C,0,0,40,120,6820,cfca0bc59d495ae1cdc79fab2588de3e32af3b59049cb15a833a7482a0a6d21f
Diplo.rsrc,5004,0x138c,5004 Tabs DevG Up.m3C,0,0,40,120,6866,14470a9a556fe576dadcf5aa7c989a3b47120b14c7ccbeec825780def8bde801
Diplo.rsrc,5005,0x138d,5005 Tabs Trade Up.m3C,0,0,40,120,6830,a837b8dd7d836490f880501641ac84669daf2c017eaf45d39ebe7f59484daf44
Diplo.rsrc,5006,0x138e,5006 Info Toolbar.m3C,0,0,25,117,5272,f162b9f6f6d477f4adbcb03900a58d3a4933070fbd37b126e5860ddfc92482c0
Diplo.rsrc,5013,0x1395,5013 Info OverT.24,0,0,241,117,26074,43ede7a6e769346daa1142b3f5fbaa1175323f47dc72f89f46f579ea51a84b06
Diplo.rsrc,5014,0x1396,5014 Info DevG.m3C,0,0,241,117,25670,0393c31b5c1c94b28dc860fa440ee9d4ef71ed4da35a96ec5e13250a2c236953
Diplo.rsrc,5015,0x1397,5015 Info Trade.24 (Converted),0,0,241,117,26380,bd583019b9585af3053d98147e6687b90d4a37152964d9861abf317c745bf13a
Diplo.rsrc,5016,0x1398,5016 OverT Peace Up.m3C,0,0,76,36,4642,3bcf5a232334b0ef2283cdaf30c6f0a06b5d81493a6f563b84239f485f6364a6
Diplo.rsrc,5017,0x1399,5017 OverT Peace Dn.m3C,0,0,75,36,4724,0965b21a050c2893ce88f65a2a2837fe156aa6ae7a191192b9917fe152c86714
Diplo.rsrc,5018,0x139a,5018 OverT War Up.m3C,0,0,75,36,4600,c555b26ca5224a4a01f440c7e87043bff27122b645798e3897362cf5a49c496c
Diplo.rsrc,5019,0x139b,5019 OverT War Dn.m3C,0,0,75,36,4696,627bda23fbe39fb938489d3f527bdb561378065b858463e33218d5b4492d89f1
Diplo.rsrc,5020,0x139c,5020 OverT Trade Up.m3C,0,0,75,36,4738,4dbaa053f28cbf731d04eef8904c28add93be72ebfd6aee4abd29817e027134e
Diplo.rsrc,5021,0x139d,5021 OverT Trade Dn.m3C,0,0,75,36,4786,075cf364c9190441a48e546a447c300f29d0ab29bb62020da773fe11b0624d18
Diplo.rsrc,5022,0x139e,5022 OverT Embassy Up.m3C,0,0,75,36,4624,85ad87dc46640a8ca8ba5dadaa376b68c3a1d650bfdf5ff50c655718978694ed
Diplo.rsrc,5023,0x139f,5023 OverT Embassy Dn.m3C,0,0,75,36,4694,16ecc3d191b3fbe921688ed135ef0f87282091904792ff8af0629225410c167d
Diplo.rsrc,5024,0x13a0,5024 OverT Non-Agg Up.m3C,0,0,75,36,4726,0fa002b64d9d7f8654f88e09d2bf59bd725a833be965fcb6f474eb860b513b63
Diplo.rsrc,5025,0x13a1,5025 OverT Non-Agg Dn.m3C,0,0,75,36,4768,029ab08aef13e1260d7f289ac984b5d86b2d27d5b8d4310a0315a6434ca0e9f0
Diplo.rsrc,5026,0x13a2,5026 OverT Alliance Up.m3C,0,0,75,36,4666,1204b16a1a580a3d0755af1bf5e4335bca4000f7689e3ab746a3989bbdd461e0
Diplo.rsrc,5027,0x13a3,5027 OverT Alliance Dn.m3C,0,0,75,36,4712,ff3c2a2d5aab0a45790db53c8e4281ed1262d147fcf2632663879d55d420d432
Diplo.rsrc,5028,0x13a4,5028 OverT Empire Up.m3C,0,0,75,36,4732,635344e2d2a10a7f045e0a1e4cb3e0007add18b5cdb91a655f31257584d6cf0c
Diplo.rsrc,5029,0x13a5,5029 OverT Empire Dn.m3C,0,0,75,36,4792,90ac12f4a8eca29fe06fb1d1e56b997619a1f9e0b0d28e563b45aa3b452ee2e8
Diplo.rsrc,5030,0x13a6,5030 DevG Colour Bar.m3C,0,0,135,15,3388,a2c3afa350b4dbd4ea23d12d72f6747b9f61be974690270beb62c3926d1e17df
Diplo.rsrc,5031,0x13a7,5031 DevG Grant Up.m3C,0,0,42,55,4026,9bb65e51047f11f8cc4813f78a07dafaf7163ae7fb68a40d24a0745dcb837a7b
Diplo.rsrc,5032,0x13a8,5032 DevG Grant Dn.m3C,0,0,42,55,3962,7f115cb929b2e4043e27064b80f055935c41527ce84fd2355394991f193923ca
Diplo.rsrc,5033,0x13a9,5033 DevG Lock Up.m3C,0,0,42,55,4328,fc8246dce80a672224f50c34afd0d72b5cf345bdcf6ecf0eae6a7d95b1d2806e
Diplo.rsrc,5034,0x13aa,5034 DevG Lock Dn.m3C,0,0,42,55,4282,32f0a54f5ec156b2845fa80701c3eb7c49c6c6edd54414e739e6c1a370d388f6
Diplo.rsrc,5035,0x13ab,5035 Trade 5% Up.m3C,0,0,43,50,4242,c2577b8dbb887b0426eddfe426952fedab852ae5a0eee22cd4d778a24905655a
Diplo.rsrc,5036,0x13ac,5036 Trade 5% Dn.m3C,0,0,43,50,4262,8a502396f9891761db7e30f1839b245d715fc9df362f7a3f2aef30a09fc469d1
Diplo.rsrc,5037,0x13ad,5037 Trade 10% Up.m3C,0,0,43,60,4656,131ba9e938103f313da254e8084e4291ecb5d8ca7722dd106773f66c2d58d78f
Diplo.rsrc,5038,0x13ae,5038 Trade 10% Dn.m3C,0,0,43,60,4666,140914263d3436861d87c1425305a72a43c7259ad70c6e036a5dd74922a7d496
Diplo.rsrc,5039,0x13af,5039 Trade 25% Up.m3C,0,0,43,50,4214,69cacab1e1a118857e73e425afb7f0dd4e726b6edd2408b90f659687da4c8d3f
Diplo.rsrc,5040,0x13b0,5040 Trade 25% Dn.m3C,0,0,43,50,4218,33f6490984aa59315d33b0ea81f22615343a675607a0338632403ee7401bca2f
Diplo.rsrc,5041,0x13b1,5041 Trade 50% Up.m3C,0,0,43,60,4552,9854f5d359feb60921f2b2ab50f30de4c8721bfb172bdf40f0c9ff5134f1cd33
Diplo.rsrc,5042,0x13b2,5042 Trade 50% Dn.m3C,0,0,43,60,4536,feadf59e5c9a505666fc14ad5ef4652bb80baf1ef182f699c060833dc7a88df3
Diplo.rsrc,5043,0x13b3,5043 Trade 75% Up.m3C,0,0,43,50,4118,3be37b1018385369366302222c780848402ff3053e771ac98e6f65b72efb9319
Diplo.rsrc,5044,0x13b4,5044 Trade 75% Dn.m3C,0,0,43,50,4108,90e1c2f5fb8ff64000931bedd8e036398fb1262f0a1a2815d00123c34b183b9e
Diplo.rsrc,5045,0x13b5,5045 Trade 100% Up.m3C,0,0,43,60,4548,3d48d230a8b283b7214555acc1ac6fa9dc3b127221ca1fab85ccb0eefa5d9eee
Diplo.rsrc,5046,0x13b6,5046 Trade 100% Dn.m3C,0,0,43,60,4540,12f35addb800ede84e4d17facb69cae8f0095bef5aa5113328f7a590fc6697b4
Diplo.rsrc,5047,0x13b7,5047 Trade Boycott Up.24,0,0,43,44,3954,5dee2e164acae54825f863723565528e10d5168fd710dde7c5a7338544d92b17
Diplo.rsrc,5048,0x13b8,5048 Trade Boycott Dn.24,0,0,43,44,3948,0a27f9ccad817f429079c0eb9dfad4ee7541619df754a9d7ad9c44fa143d0dff
Diplo.rsrc,5049,0x13b9,5049 Col Boycott Up.24,0,0,52,44,4202,e14e67f9213fadf04461681c02a3e552a63ae6cd9672d11dd18c31802b6494bd
Diplo.rsrc,5050,0x13ba,5050 Col Boycott Dn.24,0,0,52,44,4202,097cb877a1e9b9f83d6e5e1f3f64d21c684e4912b1e570008f0e482511a8e16d
Diplo.rsrc,5051,0x13bb,5051 Dip Return Dn.m3C,0,0,30,52,3794,d6fd903ad6376353c921fb1766bd25f57f69b241479b0fadf862344d8360fee5
Diplo.rsrc,5052,0x13bc,5052 Dip Query Dn.m3C,0,0,23,39,3176,1c7b7efb591ec37e8f2d8154226bc7bc50ded5c19cfc57ab7bc967b67012b072
Diplo.rsrc,5100,0x13ec,5100 Dip Info Info Up.24,0,0,25,45,3374,5dda889cef6446b8bf2f427ed9d587c20a8a2328c5e9d2cd146e2ecd6226b746
Diplo.rsrc,5101,0x13ed,5101 Dip Info Info Dn.24,0,0,25,45,3376,3d1ee20f6c5ba1d064510f116e9ae7c0bdfaf465d6db7a5365d41de032af94b0
Diplo.rsrc,5102,0x13ee,5102 Dip Info OverT Up.24,0,0,25,25,2860,6796ffe4e8943e856bec24b45561d7d13d66a35320520fdc32ac8042922f8e06
Diplo.rsrc,5103,0x13ef,5103 Dip Info OverT Dn.24,0,0,25,25,2860,492062f50592f80b23e6d6b57114b012f559783364f32adfc675c7b47ef755a0
Diplo.rsrc,5104,0x13f0,5104 Dip Info DevG Up.24,0,0,25,25,2812,ea8a7e11ffc478ed539e6dc4fd56bbebc65087d65e1ce83524684912c324e02a
Diplo.rsrc,5105,0x13f1,5105 Dip Info DevG Dn.24,0,0,25,25,2808,983f3974ee58b7ef2dc979c4b49f1db3dd86660df435db0b7dd05bfd4ea0da91
Diplo.rsrc,5106,0x13f2,5106 Dip Info Trade Up.24,0,0,25,25,2842,8fdb493d993dcf834c58504c99d941befefb13fa438632c539827a0d6a484d84
Diplo.rsrc,5107,0x13f3,5107 Dip Info Trade Dn.24,0,0,25,25,2836,4415dc978b37cea094784b8b9e09ea6804dea81d469f9ab3bf9e186342ef7964
Diplo.rsrc,8400,0x20d0,8400 Dip Offers BG.24,0,0,640,480,261156,f51f28f26d54c0ab795e9146b6df485d44655b0cb6497ab61145e2aab723b779
Diplo.rsrc,8410,0x20da,8410 OverT Tab Up.24,0,0,40,120,6678,35448dbb554d04865cf88d6b2af993733d5ecf6109c3d9f184af9ec87812453a
Embedded.rsrc,950,0x03b6,950 Splash.24 (Converted 4),0,0,550,357,181546,2d73b991c13d899f2ee3d26dd7a33e8d1256f08aef59e0d8651125a1afaf2265
Embedded.rsrc,1011,0x03f3,,0,0,112,19,3088,01865010f68b40b1f3218dc3a7f3dcaa36479d58978cbba4a7d3bcbeeb5c5062
Embedded.rsrc,1031,0x0407,1031 Toolbar for Terrain.24,0,0,640,480,80464,50de6c99f3df57f2c00b1d9f626b8f4cc9dd17fefc2eca8a293baf762908df30
Embedded.rsrc,1338,0x053a,1338 Reply Up 6/10.24,0,0,61,24,3228,7ebb1ab54fd0c93ce1cd1963b3dd0e8f88d2a4e3a06535f9a24a170724e2ffc9
Embedded.rsrc,1339,0x053b,1339 Reply Dn.24,0,0,61,24,3222,de2abbff0b4db59584972ea2d6264b08a69c7e72fee39e25aea499546cc9ac91
Embedded.rsrc,2111,0x083f,2111 Bid Out Reg.m3C,0,0,65,20,3340,0b97657cdfee03478f8e54cd3a2c3b187b9f29da73bb5d544a0afa033fecd4c5
Embedded.rsrc,2113,0x0841,2113 Offer Out Reg.m3C,0,0,65,20,3328,51b8509565ae5a74ec6d0cdb0ff00a88b3ecd5205211750db696d4cb266d295e
Embedded.rsrc,2125,0x084d,2125 Bid Out Top.m3C,0,0,65,20,3258,b1a1dc1fd6a07e90b12c9dd626742a5b64757a7202df8e7208a7355a3b3f5dfe
Embedded.rsrc,2127,0x084f,2127 Offer Out Top.m3C,0,0,65,20,3282,11c69f7eec927f0bae880e0d98d8284268300ce86d94ca48453df01538555d5a
Embedded.rsrc,4500,0x1194,4500 Screen One.24,0,0,640,480,209200,4285cec96d6a940b4d2110d7f19a02a2478c7d8560a2284507e67a2e30acd15e
Embedded.rsrc,4506,0x119a,4506 Start Game Button Dn.24,0,0,96,30,3524,74f7875138812d5491990712bb76892c168a0efc69fa20dfae882318abfabca2
Embedded.rsrc,4509,0x119d,4509 Canonical OK Up.24,0,0,61,24,3112,18a587292f216aaaacd056558ebead52f5319f70facfcf156a1cc73be2a3c2b2
Embedded.rsrc,4510,0x119e,4510 Canonical OK Dn.24,0,0,61,24,3646,4f2656c0d4afc6f0777592ee2cde55d369b7621ff6460c6359c21cb537053757
Embedded.rsrc,4511,0x119f,4511 Cancel Dn.24,0,0,61,24,3208,91f27cf36cf71bbd83409edfd05c46103125575469fd6a0c8af25ea5d82e2d3f
Embedded.rsrc,4512,0x11a0,4512 Canonical Start Game Up.24,0,0,96,30,3752,2c1334792c7fed2381fa40c48b2338d668f31860149eac7b34b555593ad5c5f1
Embedded.rsrc,4513,0x11a1,4513 Start Game Button Dn.24,0,0,96,30,3524,74f7875138812d5491990712bb76892c168a0efc69fa20dfae882318abfabca2
Embedded.rsrc,4522,0x11aa,4522 Save Game Up.24,0,0,96,30,3718,c9cca171998397f27b1aabdcb04090442bbdb2f99c435bb3f612b00a6fbffa5c
Embedded.rsrc,4523,0x11ab,4523 Save Game Dn.24,0,0,96,30,3496,16a2197cdb80a449c455b65ca15214c63af437b04d4abe702d958a07e3f0035f
Embedded.rsrc,4524,0x11ac,4524 Load Game Up.24,0,0,96,30,3738,a418a13b07230d1bc43d427534750c32ed70504fb7b006589e1056b5bcc062bd
Embedded.rsrc,4525,0x11ad,4525 Load Game Dn.24,0,0,96,30,3518,0245d4a85213ec8960848084133bf1185bb96610a504ec5ed98355d0dddd68b8
Embedded.rsrc,4540,0x11bc,4540 Random w/plates.24,0,0,640,480,230100,8eeb9f2471a32818fc459e3433f67c66ce3ed7acd542d830c712546e382cb060
Embedded.rsrc,8406,0x20d6,8406 DipOffs Accept Up.24,0,0,75,70,7252,68676f0c2fe965ddd10b5c4c0277b5d73aa0d81bfff3d704c1298ede3dccfb67
Embedded.rsrc,8407,0x20d7,8407 DipOffs Accept Dn.24,0,0,75,70,7206,f3427d10e770f64998986d1be2fa4eb1aabc604e4378b775d1d11cd8e439fcd9
Embedded.rsrc,8408,0x20d8,8408 DipOffs Reject Up.24,0,0,75,70,7290,f4d4a060083a0a43832f8737572489fa63088be501cc3a7e6d37c7c17d62f1f9
Embedded.rsrc,8409,0x20d9,8409 DipOffs Reject Dn.24,0,0,75,70,7390,09e748bb7b2402943a75eaeee7583c0b679ba5dd199ab363b506bdddfe4e7029
Embedded.rsrc,8452,0x2104,8452 Newspaper BG.24,0,0,640,480,304276,8ad6718c0cf84adaa0db8e0c13ea1d547ba70b5a1b154bd131beaecacf3bcac4
Embedded.rsrc,8530,0x2152,8530 Offer Book Closed BG.24,0,0,640,480,290056,90dc50da3597b9ba00f02e485b5de911c0ef9ef4bf356481863157db7e98bd95
Embedded.rsrc,8531,0x2153,8531 Trade Closed BG.24,0,0,640,480,290964,d4ea9f7ee0a52b6536311e778026cf634350ba913eeac1bf0bf4ef1482d1efb6
Embedded.rsrc,8532,0x2154,8532 Accept Seal Down.m3C,0,0,57,57,5530,79c5adf7afb47f8e640bfdf2c6f645e7a652ac85494b84aca9d26cca4dc8ca80
Embedded.rsrc,8533,0x2155,8533 Reject Button Down.m3C,0,0,57,57,5396,f8f2fcb5801b211b039f8769296d2f01309045388342d20d28c7bd6924205fa2
Embedded.rsrc,9410,0x24c2,9410 Ok up 1/24/24.m3C,0,0,61,24,3112,cf8164a97e0f477b9e45d6a206a70b11fb0b5e3dd63d3cf95e4548bd4e8d3a5f
Embedded.rsrc,9411,0x24c3,9411 Ok down.24.m3C,0,0,61,24,3636,bceffca9ac08843d3972d37515e4c2de3666731522ebce5c1508068408f61152
Embedded.rsrc,9412,0x24c4,9412 Cancel Up 1/24.24.m3C,0,0,61,24,3216,34f431289ffa3ac6ef46a8f75405fa75b6be3fdc5fcfbdb8ff9f4482e8e414cf
Embedded.rsrc,9413,0x24c5,9413 Cancel down 1/24.24.m3C,0,0,61,24,3208,3c83eb60cf5332ffdf2bca77faf333efdada9ea1ede1e5777715189587ae6e9a
FlagView.rsrc,8404,0x20d4,8404 Dip Offers Query Dn.24,0,0,23,39,3172,d7815425bbb66ec509573722b1b4a7e6c27a0499edfefe42670db45fe70617d2
FlagView.rsrc,8405,0x20d5,8405 Plain Paper Patch.24,0,0,220,290,62650,963813a2e58b3fdb7d61443e21054b6c4252d21f69509c4f2d5e6f8cedbc61b0
FlagView.rsrc,8453,0x2105,8453 Newspaper past (Converted),0,0,640,5,4112,21b67ffa555208de9ed7bc474dd2c80fdfc254329209062b6e6dfabb77e871eb
FlagView.rsrc,8454,0x2106,8454 Nwsppr Ret Lit (6 Mar).24.,0,0,22,33,2876,a6bd3418d60e246b2ccf2df63a8cbb26fda316aad2d6cdb6261fd49da8e7f3f0
FlagView.rsrc,8456,0x2108,8456 Nwsppr Query Dn (6 Mar).m3,0,0,22,33,2878,65414cb0364cbf0980b0e53db2bd437c1a5afc9adddf54e691fda787bbe07bb3
FlagView.rsrc,8501,0x2135,8501 trade check box.m3C,0,0,18,11,2398,f9eb8c782931ecfd5be65079e24eef05b2f6c06e4c5bf8daeaf11117b3614637
FlagView.rsrc,8535,0x2157,8535 Trade Offers blank.24,0,0,225,313,72230,7c47efcf081b128d99398708e2a30a0934151f2026edb535afc11c6ecaf89cdf
FlagView.rsrc,8800,0x2260,"8800 Deal Bk, no bkmark, oil.m3",0,0,640,480,235126,913fa40cea6aeef655281fd58c19be383f490a8ae9cd524d5ef7604fa81d83fa
FlagView.rsrc,8801,0x2261,8801 dealbk left corner.m3C,0,0,38,34,3284,7a7b1ff574686e74dd67d6b990da9dc928dffab1e26c4e6282aa8e86097a1a37
FlagView.rsrc,8802,0x2262,8802 dealbk right corner.m3C,0,0,41,36,3540,46c82f8f13d018c995ac4beb501e6729c264fc78fd8bf4f8a95832623b9802cd
FlagView.rsrc,8803,0x2263,"8803 Deal Bk, bookmark, oil.m3C",0,0,640,480,235258,b100fdca070bc00fbbf3bf14ddc679591fdccefd4036528e2cfa2244d6c2d0ba
FlagView.rsrc,8804,0x2264,8804 Offer Closed Lit-no oil.m3,0,0,31,425,16136,79dee3afb72b633a688d44b7525cf0ca959c73f9ff889867a7c93a7fc0258dd1
FlagView.rsrc,8805,0x2265,8805 Offer Closed Lit-oil.m3C,0,0,31,425,16124,f29f4f03f334bb18c098ee7785ef64ca65f1fbb57e7d577b82b267f0929ea07a
FlagView.rsrc,8806,0x2266,8806 Offer Open Lit-no oil.m3C,0,0,31,425,16136,664093ec9d3d590f6f41e7d9337c89ad91f017b9b0f3e7ea3c39d262d203bc85
FlagView.rsrc,8807,0x2267,8807 Offer Open Lit-Oil.m3C,0,0,31,425,16118,4d66f7a075f03129018bc22d008debc633cd0e1d6cf3100430ef305c53ab2098
FlagView.rsrc,8808,0x2268,8808 Offer Closed Unlit-no oil.,0,0,31,425,15186,7fe030d684d4706308606ae508353a3097844e4c828130a2428d88a8bd244332
FlagView.rsrc,8809,0x2269,8809 Offer Closed Unlit-Oil.m3C,0,0,31,425,15236,c4f483a34cc11ae73b66c23c602da595c52b1347efda845af7f08e1ec9ecda5f
FlagView.rsrc,8810,0x226a,8810 Offer Open Unlit-no oil.m3,0,0,31,425,15138,aa6d95ada325816ca0e5d3ae087fddb2c4cc1164d3d7ca04b5a33797511d87aa
FlagView.rsrc,8811,0x226b,8811 Offer Open Unlit-oil.m3C,0,0,31,425,15182,54a4980ba7649797e55559ed99265c0cae489d358e70c926a507921709aeac79
FlagView.rsrc,8812,0x226c,8812 Bkmark Dn.m3C,0,0,40,53,4342,28bc598cda2d145c4f6a1e0a380dbc3928002c2f7c23ff9c7a2c0ee5713828bb
FlagView.rsrc,8813,0x226d,8813 Dn OK.m3C,0,0,29,30,3028,4e21a146c864c5b5488ebcb11d5355fd4936a4a48d234c418899138052fcd676
FlagView.rsrc,8814,0x226e,8814 Return Dn.m3C,0,0,30,51,3780,6deb3cafb960b1c6eeafa7ec8ea225c16d08d1e685d0780b4ea53567146eb736
FlagView.rsrc,8815,0x226f,8815 Boat no bookmark.24,0,0,640,480,236914,382e8050b7334d323a146f212530fea2091a51baeaa833dae853d9f4fabe47a7
FlagView.rsrc,8816,0x2270,8816 Query Dn (Deal Bk).m3C,0,0,22,37,3058,466219194cb8f7069a48343508d87edc4ce6d8d44fdca3d7561177fcb9724d7d
FlagView.rsrc,8825,0x2279,8825 TrdOffs Metter-eyes.24,0,0,87,116,12340,01651d13a29631a45355189c3bf37a289fe3c2a667b6f79f12e95dd1cb7bd582
GWorld.rsrc,700,0x02bc,700 Cotton.m3C,0,0,32,24,2618,0e277434b25384b936f6031e5058a62c1db02cf14f33c79c443df1a79ea98bfe
GWorld.rsrc,701,0x02bd,701 Wool .m3C,0,0,32,24,2678,69420289e534923a4e3b5a95e3fd8d96226eed39dd110071cb2c85994f11a73d
GWorld.rsrc,702,0x02be,702 Timber.m3C,0,0,32,24,2504,45d6c63ec5cf1137b394f6fa9bfe3273e386915d6331d15b021b026e84029869
GWorld.rsrc,703,0x02bf,703 Coal.m3C,0,0,32,24,2668,8de87f8fe704eb439fbd3a42481566b1f45dbde7fd024f19b2b3a62e1441b663
GWorld.rsrc,704,0x02c0,704 Iron.m3C,0,0,32,24,2574,987b0396bbf20463f1eec4be792361ffc4cc1b5466af0555bf2ad80f9af5a4ba
GWorld.rsrc,705,0x02c1,705 Horses.m3C,0,0,32,24,2648,5130aeaa95328b276ef020f4dca3bfffce0f9ce000b4cef7cc67c96e1118bb04
GWorld.rsrc,706,0x02c2,706 Oil.m3C,0,0,32,24,2460,4c68b6cf18df856b8f67b0055593b42680ba3c9399ebfba42465065b8979e3cc
GWorld.rsrc,707,0x02c3,707 Canned Food.m3C,0,0,32,24,2596,872fec3d3823e04c406d64428d8166e15b0252dde6f08a3f7219793e7f841b86
GWorld.rsrc,708,0x02c4,708 Fabric.m3C,0,0,32,24,2680,e146d815990bbffedde4b4f26c4226404da10e777e40b480d24a4c205fcd1077
GWorld.rsrc,709,0x02c5,709 Lumber.m3C,0,0,32,24,2584,4dddadc091146ff4ed11d28ac7662b141e887d433667943f48d8c3b8449c3519
GWorld.rsrc,710,0x02c6,710 Paper.m3C,0,0,32,24,2660,96c8650a187c31c8044a7fb7ce4658c0308a585dd94fa10956afb07bcc02f60c
GWorld.rsrc,711,0x02c7,711 Steel.m3C,0,0,32,24,2632,5602e337c9c6f28df8442feede64be7a640ca1f33113aedd05fbb4e02782519f
GWorld.rsrc,712,0x02c8,712 Fuel.m3C,0,0,32,24,2734,90fca5f7dbcad0659f945ce496a86dd342ecc792fe43fdeef223f7bb97da617c
GWorld.rsrc,713,0x02c9,713 Clothing.m3C,0,0,32,24,2740,45676d3f22c305bcf031c4890fe0bc93ec88196fd6a310903bf5d3011a7ee940
GWorld.rsrc,714,0x02ca,714 Furniture.m3C,0,0,32,24,2584,ba61a2d7048e71a081bf31a5c73a786221e151c273647a17e9654fbcbdebab42
GWorld.rsrc,715,0x02cb,715 Hardware copy.m3C,0,0,32,24,2570,8a066c0ced81d2973e4241a5907d5e261fb1d5276cd51953ccea49b4e6785063
GWorld.rsrc,716,0x02cc,716 Armaments.m3C,0,0,32,24,2570,2a4d57416dced649c3a24a369fbe1471596e0464a2a67d64ea61b583b4e1c30d
GWorld.rsrc,717,0x02cd,717 Grain copy.m3C,0,0,32,24,2572,6c7ecaaf9dfb1201847c9bbf8ec24cc01b6b45499a26490f9ca6980c2863287c
GWorld.rsrc,718,0x02ce,718 Produce.m3C,0,0,32,24,2662,8cb90d5639a6a56a7bc16bfd4e67ad91a7c0bbe4148ae71b0fefadbd3f252156
GWorld.rsrc,719,0x02cf,719 Fish .m3C,0,0,32,24,2670,e52d89a627f37c67d250e35732e94419da1c477b8d730bd17fba235c11fd8f2d
GWorld.rsrc,720,0x02d0,720 6/17 Livestock,0,0,32,24,2730,3ea4a38c414925175a5cb241841163f3d6b9b3647a0ed690b2bb1b0f7fb0c59d
GWorld.rsrc,721,0x02d1,721 Gems.m3C,0,0,32,24,2630,ba61d00a52d505df033eb14027109abd9551b815445cfaada6444648167e311c
GWorld.rsrc,722,0x02d2,722 gold.m3C,0,0,32,24,2682,0917ead09883dc1d6c061222a2e0dd8af36025c2237ccf3d53d9c23e1c3ca915
GWorld.rsrc,750,0x02ee,750 All map icons.24,0,0,460,24,7566,8a12b4cd4bc71cbdf67d5cb111732020fbc1722ba4d804c9630f5dce17859040
GWorld.rsrc,751,0x02ef,751 7/23/97 Dev Strip.24,0,0,1292,26,12944,11ea68d18fb59f5cfecdb29d7262a61d0dfa52472222c0af8aeba0865d606240
GWorld.rsrc,800,0x0320,800 Garr stars/bars/arrows,0,0,85,60,5284,49d534c8398ff63be2f9edf78e1fc9bab8a477ed65030b98fc82b526b7c07301
GWorld.rsrc,801,0x0321,801 7/23 Bigger Baby Tiles.24,0,0,421,20,7742,94f52f679abdd264f0d0179f47a9376659f9d53e5d2fb1803efd32dc0179f933
GWorld.rsrc,802,0x0322,802 30Jul Dip Nuggets.24,0,0,416,16,6918,7fe444349da68ee289697adc81756935a92d5691287100839ac0c8c0be537099
GWorld.rsrc,803,0x0323,803 Complex BatStri (Converted),0,0,216,18,4916,17a0e8fc148fc6aa389ddcd32b2d4f1e4d3ab1ba48bf7c15c85cdf8bb1934684
GWorld.rsrc,804,0x0324,804 Arrows in strip.m3C,0,0,44,16,2740,a22655b89bc3786a4e17287f063bc03f948af776f24a120286c00ac3e97a5523
GWorld.rsrc,805,0x0325,805  Scroll Bar.24,0,0,25,318,10660,af8a5ebc42b75513c61620b980aa378ba6d2e312d3f5f58a7d7adacea0e7d0a8
GWorld.rsrc,806,0x0326,806 Arrow Strip.24 (Converted),0,0,768,64,7554,a4bf6006c39e3fd2ee6a646142111ef794c7ac00935a253b8c5c9195de55829f
GWorld.rsrc,807,0x0327,807 Arrow Strip ( (Converted 2),0,0,192,16,3280,b660432c0c623a2c950fa72fd4602048e36377b375de37ff6348a9bce40cc7f3
GWorld.rsrc,1372,0x055c,• placeholder till code is fixed,0,0,85,60,5614,6febb61a08d01c5e9d42282088a9bf840621764ca2f42cadf92f417e09ecc58b
GWorld.rsrc,1422,0x058e,1422 Temp Strip.24,0,0,1024,16,4776,c1b00feb964a0bceb03b64322e812d4292145e0180733802d48d58f5762a5384
Linger.rsrc,699,0x02bb,699 Plain Map Parch.m3C,0,0,540,300,163002,e3d54d8253ce9be81489018cff327dfd2348fe0b5deb70754f4c740d9fcef167
Linger.rsrc,700,0x02bc,700 Cotton.m3C,0,0,32,24,2618,0e277434b25384b936f6031e5058a62c1db02cf14f33c79c443df1a79ea98bfe
Linger.rsrc,701,0x02bd,701 Wool .m3C,0,0,32,24,2678,69420289e534923a4e3b5a95e3fd8d96226eed39dd110071cb2c85994f11a73d
Linger.rsrc,702,0x02be,702 Timber.m3C,0,0,32,24,2504,45d6c63ec5cf1137b394f6fa9bfe3273e386915d6331d15b021b026e84029869
Linger.rsrc,703,0x02bf,703 Coal.m3C,0,0,32,24,2668,8de87f8fe704eb439fbd3a42481566b1f45dbde7fd024f19b2b3a62e1441b663
Linger.rsrc,704,0x02c0,704 Iron.m3C,0,0,32,24,2574,987b0396bbf20463f1eec4be792361ffc4cc1b5466af0555bf2ad80f9af5a4ba
Linger.rsrc,705,0x02c1,705 Horses.m3C,0,0,32,24,2648,5130aeaa95328b276ef020f4dca3bfffce0f9ce000b4cef7cc67c96e1118bb04
Linger.rsrc,706,0x02c2,706 Oil.m3C,0,0,32,24,2460,4c68b6cf18df856b8f67b0055593b42680ba3c9399ebfba42465065b8979e3cc
Linger.rsrc,707,0x02c3,707 Canned Food.m3C,0,0,32,24,2596,872fec3d3823e04c406d64428d8166e15b0252dde6f08a3f7219793e7f841b86
Linger.rsrc,708,0x02c4,708 Fabric.m3C,0,0,32,24,2680,e146d815990bbffedde4b4f26c4226404da10e777e40b480d24a4c205fcd1077
Linger.rsrc,709,0x02c5,709 Lumber.m3C,0,0,32,24,2584,4dddadc091146ff4ed11d28ac7662b141e887d433667943f48d8c3b8449c3519
Linger.rsrc,710,0x02c6,710 Paper.m3C,0,0,32,24,2660,96c8650a187c31c8044a7fb7ce4658c0308a585dd94fa10956afb07bcc02f60c
Linger.rsrc,711,0x02c7,711 Steel.m3C,0,0,32,24,2632,5602e337c9c6f28df8442feede64be7a640ca1f33113aedd05fbb4e02782519f
Linger.rsrc,712,0x02c8,712 Fuel.m3C,0,0,32,24,2734,90fca5f7dbcad0659f945ce496a86dd342ecc792fe43fdeef223f7bb97da617c
Linger.rsrc,713,0x02c9,713 Clothing.m3C,0,0,32,24,2740,45676d3f22c305bcf031c4890fe0bc93ec88196fd6a310903bf5d3011a7ee940
Linger.rsrc,714,0x02ca,714 Furniture.m3C,0,0,32,24,2584,ba61a2d7048e71a081bf31a5c73a786221e151c273647a17e9654fbcbdebab42
Linger.rsrc,715,0x02cb,715 Hardware.m3C,0,0,32,24,2570,8a066c0ced81d2973e4241a5907d5e261fb1d5276cd51953ccea49b4e6785063
Linger.rsrc,716,0x02cc,716 Armaments.m3C,0,0,32,24,2570,2a4d57416dced649c3a24a369fbe1471596e0464a2a67d64ea61b583b4e1c30d
Linger.rsrc,717,0x02cd,717 Grain 3/14.m3C,0,0,32,24,2580,dcb26029e62c83223c47cec124d30491a11d96893ff34091a68beaa64de054b5
Linger.rsrc,718,0x02ce,718 Produce.m3C,0,0,32,24,2662,8cb90d5639a6a56a7bc16bfd4e67ad91a7c0bbe4148ae71b0fefadbd3f252156
Linger.rsrc,719,0x02cf,719 Fish .m3C,0,0,32,24,2670,e52d89a627f37c67d250e35732e94419da1c477b8d730bd17fba235c11fd8f2d
Linger.rsrc,720,0x02d0,720 6/17 Livestock,0,0,32,24,2730,3ea4a38c414925175a5cb241841163f3d6b9b3647a0ed690b2bb1b0f7fb0c59d
Linger.rsrc,721,0x02d1,721 Gems.m3C,0,0,32,24,2630,ba61d00a52d505df033eb14027109abd9551b815445cfaada6444648167e311c
Linger.rsrc,722,0x02d2,722 gold.m3C,0,0,32,24,2682,0917ead09883dc1d6c061222a2e0dd8af36025c2237ccf3d53d9c23e1c3ca915
Linger.rsrc,1300,0x0514,1300 Game Ctrl Dn.m3C,0,0,25,35,3042,bc8c6bed85253b61ec3ec5e36a78bfa9b1129204fcb4e0fe8d59d1d34b0733ba
Linger.rsrc,1301,0x0515,1301 Game Ctrl Dn.m3C,0,0,25,35,3042,bc8c6bed85253b61ec3ec5e36a78bfa9b1129204fcb4e0fe8d59d1d34b0733ba
Linger.rsrc,1307,0x051b,1307 Query Dn.m3C,0,0,25,35,3094,37a49c42e6ecefba6b91592009ac5dc6a7f3651500ff2ecd56a779927d8d1bcb
Linger.rsrc,1330,0x0532,1330 1May Game Cont (Converted),0,0,250,375,89976,a87cdc9d365ad4b123783e7a6fbfe801448ec43b68f8dd4b65a69d6345d5c230
Linger.rsrc,1331,0x0533,1331 GC Save Dn.24,0,0,97,37,5152,cae4f1b10f84e415fc2b13c3598dab29b5fb9f2e40fa60ba9d933d46b6dc3d1e
Linger.rsrc,1332,0x0534,1332 GC New Dn.24,0,0,65,27,3602,effd5a5558a57efd6de4e17f3e49ac18064952f493439b599b79cc97f42e3201
Linger.rsrc,1333,0x0535,1333 GC Load Dn.24,0,0,65,27,3590,793b268968e073b41e48ef90924638c2c023ba30edcfbda800385db5d676db6f
Linger.rsrc,1334,0x0536,1334 GC Preferences Dn.24,0,0,65,27,3614,6f3ab349f6800b6534d740a8d69adceb989f8299215a3156955621ac2e62b7e0
Linger.rsrc,1335,0x0537,1335 GC Credits Dn.24,0,0,65,27,3628,751ab7de2502e9cf3142cddabb5fecd863980049987d14757e6bf8a4c97a0754
Linger.rsrc,1336,0x0538,1336 GC Quit Dn.24,0,0,65,27,3538,514a6101ad2a4069133455a2314ff1d1259c4d0037ae6b3d88f55a6bea28640c
Linger.rsrc,1337,0x0539,1337 GC Cancel Dn.24,0,0,65,27,3618,2606f48495d894e52661da948dc0a1a0744f465f3636baad351ff48573b02ee6
Linger.rsrc,3000,0x0bb8,9421 Bigger Foreign Advice,0,0,390,315,41784,d9af0143ccb086dc6080935fc8f630820f4850a0a4c185330cee8d95d20eba73
Linger.rsrc,3001,0x0bb9,9423 Bigger Defense Advice,0,0,390,315,41744,c54e5e16a1c2fffa232c4c9346a283f487da1a991f94be38b4a3dd3241b22894
Linger.rsrc,3002,0x0bba,9425 Bigger Interior Advice,0,0,390,315,41492,eac38e1fac7f2144130a511ea44239cca3bba5dbd917e3e34e1db8195922e169
Linger.rsrc,3003,0x0bbb,3003 Up Arrow (Depressed).24,0,0,18,18,2446,0b29b16a8b14380f09d71b8f2b0e7cc4d61e62af610acb3bd26096de5c7704a2
Linger.rsrc,3004,0x0bbc,3004 Dn Arrow (Depressed).24,0,0,18,18,2432,7a19d0b9e103ed707a0a0c3e23877da1e011e4d0b30c24239c859b4bfcb6710f
Linger.rsrc,3005,0x0bbd,• 3001 6May Trrn Tile (Converted),0,0,390,300,55950,1d94b21a8de86251902bd17a6812fe7f986fafc6ae76b2b4164bde025e7792a9
Linger.rsrc,4122,0x101a,4122 Floating Query.24,0,0,250,375,89918,635bfe38a7ebb4aabb56ed40d9c2db7842ba4885c41c3679e64f8ab5cebe4d61
Linger.rsrc,4123,0x101b,4123 Advice Button Dn.24,0,0,97,37,5078,d03f56aef8074bfd5016a6090a623f463f8b65deb0318c6823785a3122228789
Linger.rsrc,4124,0x101c,4124 Reference Button Dn.24,0,0,65,27,3598,7646299e478cde5b767588bce88f3db9a80998c75633232b75a500a311b76649
Linger.rsrc,4125,0x101d,4125 Newspaper Button Dn.24,0,0,65,27,3548,2fcc4926c4f9bc1af40bde4182173ef4a31bb2e6e106b6c97b8d7d3e9030bde0
Linger.rsrc,4126,0x101e,4126 Deal Book Button Dn.24,0,0,65,27,3674,544390cb4ede489c289f93c1516a0ef8b8dcfdae2c4405cd7a5e62ec624a6ada
Linger.rsrc,4127,0x101f,4127 Battle Report Button Dn.24,0,0,65,27,3588,1ab98cf4070078587708295e20ca519ad7ddb5864a3e88aff922de03a5156800
Linger.rsrc,4128,0x1020,4128 Status Button Dn.24,0,0,65,27,3596,594accd2c483d152f21a9e2955c853d0e19539d2e9ed783c7279d11d837c256b
Linger.rsrc,4129,0x1021,4129 Query Cancel Dn.24,0,0,65,27,3618,d5db2241a93df7cf4c7753e5aabf7dc9288b47e492316e073b60cba9fd0ec36b
Linger.rsrc,4130,0x1022,4130 Reference Disabled.24,0,0,65,27,3674,2b35f36d12092000e9ec1f0253c6c3624a25a82f6c79faf697f1ae493d6a39dd
Linger.rsrc,4131,0x1023,4131 Newspaper Disabled.24,0,0,65,27,3506,4e8b6bb5147ccf6a27afd2c627f707b16ebf3dfba81b6b729161d562ed3cae9a
Linger.rsrc,4132,0x1024,4132 Deal Book Disabled.24,0,0,65,27,3730,86b9ad741d91985b891eb1945a7af63c36601f0f5e600f21d9cc6823f75f395c
Linger.rsrc,4133,0x1025,4133 Battle Report Disabled.24,0,0,65,27,3482,29ff2917f8d3ce27b32a4fb07ef35f5b621f9a13cdd4cab7242e40178a010505
Linger.rsrc,4134,0x1026,4134 Status Disabled.24,0,0,65,27,3682,feedce2198fe119e3a90da870405274f74303038dc9a2ebd5b799f7408fdb5dd
Linger.rsrc,4145,0x1031,4163 Prefs Query Dn.24,0,0,22,38,3078,a1af100e9e0284f4e6ebc9fe22c096f30ea3f488a780c66cc88d4e0ffaab86b5
Linger.rsrc,4146,0x1032,4162 Prefs Return Dn.24,0,0,31,51,3872,849b620995316c712f254b1faab3681137ca5f7db026139768e825e25fce8789
Linger.rsrc,4149,0x1035,4149 Prefs Backgr.24,0,0,640,480,246296,5c919f2541ef63051e4256b3cb675ccc281537c90439c75aec8d7ae9258642b5
Linger.rsrc,4150,0x1036,4150 Prefs Music Dark.24,0,0,102,91,8702,1955f270fd35477320e2d8335319e6de251a02ee8753c5f940a286866426d27b
Linger.rsrc,4151,0x1037,4151 Prefs Music Light.24,0,0,102,91,9700,4ece7978691a7cdc6ec2edcfae06e173ba15dfb858de9c820764fe422e6b7f3a
Linger.rsrc,4152,0x1038,4152 Prefs Sound fx Dark.24,0,0,102,91,9344,01eafe33f59ef92e27ebf90aaaff9a7fef46a336d3618263900c3b64f9c4deb2
Linger.rsrc,4153,0x1039,4153 Prefs Sound fx Light.24,0,0,102,91,9834,0cbdb0c8093e08f41c38009ab5fdbd764bdaceda508165f6df0914948b900c8d
Linger.rsrc,4154,0x103a,4154 Prefs Warnings Dark.24,0,0,102,91,8242,4363c1cbfde144b6cf0e4ce0c9fee1a1da75ef689125adea6fd4f6d8ad9069ce
Linger.rsrc,4155,0x103b,4155 Prefs Warnings Light.24,0,0,102,91,9050,db495df0bcf272f7b426b346d689d5adf0c986ab4ff8f8d8717cff5671d9cf04
Linger.rsrc,4156,0x103c,4156 Prefs Ministers Dark.24,0,0,102,91,8982,50e37652bfe10365d48c41272e57c583cd49051ec067b7c9376065e7ba0793c5
Linger.rsrc,4157,0x103d,4157 Prefs Ministers Light.24,0,0,102,91,9854,60838ce4b91639f275851365064d36bf5ba48ac5feee24db86f9c2757bdce542
Linger.rsrc,4158,0x103e,4158 Prefs Tactical Up.24,0,0,160,160,26162,b4d1a9f2912a321b31ae2a8d34c561d1c6b551893a83f47dcb33e808cc13e4e2
Linger.rsrc,4159,0x103f,4159 Prefs Tactical Dn.24,0,0,160,160,26316,8cccc9e551d971634080505a83a894f3027fd0bd12da5c86b4c179fd596ab985
Linger.rsrc,4160,0x1040,4160 Prefs Stategic Up.24,0,0,160,160,25414,97ddda8d90a77d0646488d3f863641d79b49f933eb8d7f955268d6cb43c52448
Linger.rsrc,4161,0x1041,4161 Prefs Stategic Dn.24,0,0,160,160,25656,721720cc158d78c05bfae8272c9eecb6ed1bb362ac8a1fc44cf082d8d2378121
Linger.rsrc,4300,0x10cc,4300 Status Backgr.24,0,0,640,480,267820,35239cba287fa00bbf720aaef438e4d065140f67fa2f129b8ff63218191a85f3
Linger.rsrc,4301,0x10cd,4301 Status Tab Winning.24,0,0,60,56,5184,77058763306a3c4ec22e1b3e8d2d8feb167df4924adecdde91a778f5b7ac456f
Linger.rsrc,4302,0x10ce,4302 Status Tab Interior.24,0,0,60,56,5240,701f2bc5ad45e538b2572fcc912a47faa042b8e8b2f3fdca50de235baac53ed5
Linger.rsrc,4303,0x10cf,4303 Status Tab Foreign.24,0,0,60,56,5002,2afb9689529c3c101bafc8f1515e821e5902ede66418ed7864a3c60abeeb373d
Linger.rsrc,4304,0x10d0,4304 Status Tab Defense.24,0,0,60,56,5042,81e6e88785ab6dafd2636c46019348f671a5f5d133cb3a56425e7dd0bf6f46fc
Linger.rsrc,4305,0x10d1,4305 Status Tab Merch Marine.24,0,0,60,56,5256,ffe81dbad2913d88aa18304ee735bc2ef6c9eb50d159517405f4bb2f610ce205
Linger.rsrc,4306,0x10d2,4306 Status Tab World Exp.24,0,0,60,56,5240,0f3a1f03dff095081ccf64927ca586a601230e8fed7a6aaf80f8231fad528753
Linger.rsrc,4307,0x10d3,4307 Status Tab Industry.24,0,0,60,56,5118,b4958c0a1acbff459b0b4f5577c0424052cf9decb085f72489c4438b820017b5
Linger.rsrc,4308,0x10d4,4308 Status Tab Workforce.24,0,0,60,56,5242,f0589ef5320d7f7dd5d83943e26cdf6c7b5cfcacf1dc4589cb4d6c4f48d9004e
Linger.rsrc,4309,0x10d5,4309 Status Tab Overseas.24,0,0,60,56,5308,22405e40bee2dd5987ff848f7e025240c44976f9f4bc6a8b11ebf975bb945e37
Linger.rsrc,4310,0x10d6,4310 Status Tab Transport.24,0,0,60,56,5148,59c8786dfab9ee22fdbfda707a619e0f2d9577e40e3864e99c940d4309935f48
Linger.rsrc,4325,0x10e5,4325 Status Return Dn.24,0,0,30,52,3766,dc2a7daedda724ff8f62ce6393bbbe0237b459babfcb547b6cd03b86294770e8
Linger.rsrc,4326,0x10e6,4326 Status Query Dn.24,0,0,23,39,3178,bf98d2e751f27ee55d538edba5fd4cca2c751a1d88ba43035a7b5dd625a8f17b
Linger.rsrc,4520,0x11a8,4520 24Apr Restore Saved.24,0,0,640,480,239644,d82f73f5e256c725dd7808c4d603a1a9d6880a7d50d5a9b91545de3b56b907a1
Linger.rsrc,4521,0x11a9,4521 24Apr Restore Map plate.24,0,0,350,255,72658,6e70d9cf0f322b4b45f1cc61b2e70f3f441b2af84ae09ed7cdfaa818a73fea73
Linger.rsrc,4535,0x11b7,4535 Generation plate.24,0,0,252,177,27994,62bdfb72c10d2d269637f410bd1c0e1feaa45c678d712282361277d5466207dc
Linger.rsrc,4590,0x11ee,4590 11Jul HS-2.24,0,0,640,480,255174,dcb58dfd643918b7e53eebfd063771db8d9773c384ba5c679ca234cf68ed8b41
Linger.rsrc,4592,0x11f0,4592 30 July Credit (Converted),0,0,640,480,286648,543f19c84166b0dddfa3eb65d96c3fda9cc91791c4f881948cb7e6e73c1b6f7a
Linger.rsrc,4599,0x11f7,4600 BlackScreen,0,0,640,480,7938,370b5b282ba8f49977df9a95c82dbd78772463f87790d45ff25184223adcce02
Linger.rsrc,9240,0x2418,9240 Left ArrowUp.m3C,0,0,13,13,2374,e9007f38485e595001625107fbeb5265945f10964f10b75c92c8decff3bba8c7
Linger.rsrc,9241,0x2419,9241 Leftarrowdown.m3C,0,0,13,13,2374,19704e7a036655d5889bee3da125c56ba56a8fbf2762ee088d72f0032bd2c472
Linger.rsrc,9242,0x241a,9242 RightArrowUp.m3C,0,0,13,13,2380,d98ea14b8559881d05632edb22d3e314441b6efdf2d61cbf11abb0ba23592403
Linger.rsrc,9243,0x241b,9243 RightArrowdown.m3C,0,0,13,13,2374,8d348b3e0e70f6d0d3bd53345000f4ac45f9d0046dd888c152001a7f2c763f28
Linger.rsrc,9244,0x241c,9244 Expand Up.m3C,0,0,61,24,3296,103172f13a33ee7fcc88240e939f13c1b4386948a3afe8689f165ecce24783a1
Linger.rsrc,9245,0x241d,9245 Expanddown.m3C,0,0,61,24,3278,40efb74512e6e0de3a9b45ad5bc42a420b6c9f13a17284e352657e9cd2c24ba7
Linger.rsrc,9285,0x2445,9285 sled easter egg A-12.m3C,0,0,32,18,2652,240fb7c27d311f6fd7d0f3a5a0db14c168efa61eab4f23192d0c7e456026e4ef
Linger.rsrc,9420,0x24cc,9420 Background for resize.m3C,0,0,328,426,12906,781e53b989c56ac3ec533d1674ee6d2efe062077fe0789e9ea9bffd6fd854148
Linger.rsrc,9421,0x24cd,9421 Foreign Advice.m3C,0,0,390,282,40728,5b29994113325eb31463b41d7116f2d64395ab1671726cf4b43b3b702a84baea
Linger.rsrc,9423,0x24cf,9423 Defense Advice.m3C,0,0,390,282,40688,ad279598336efa97fe76740c4bd229073dad08e44b811394bff529423c1af63b
Linger.rsrc,9424,0x24d0,9425 Interior Advice-Eric.24,0,0,390,282,40584,74adf5ccb470cd03ce92456fb68aefa4ba3b234f444a6228c8df676a7e7bcb5d
Linger.rsrc,9425,0x24d1,9425 Interior Advice.m3C,0,0,390,282,40436,d83a9beae1a5849b67e4d4ca5809cf667f75447d9906ebffbc84d9d5940db288
Linger.rsrc,9426,0x24d2,9426 01 Min Button Up.m3C,0,0,24,24,2604,c763e959a49f6aa0e017536252e7961125d5ba4e1c751864f779f157d591f204
Linger.rsrc,9427,0x24d3,9427 02 Mini Button down.m3C,0,0,24,24,2616,ce15deece3ae3e62f89b34f27257b3ed31720677a9ad4dd517a546019c85b6ff
Linger.rsrc,9430,0x24d6,9430 InteriorMindown.m3C,0,0,24,23,2734,5a62723c897b0ae19da02b5e5a481ff1c91e2ba00dcfc539e127c6002db64751
Linger.rsrc,9431,0x24d7,9431 Defensedown.m3C,0,0,24,23,2712,386229f4cd7b9dc67b2b616df786a41ac0b869269925241c9563978c77325e5b
Linger.rsrc,9432,0x24d8,9432 ForeignMindown.m3C,0,0,24,23,2652,b57db4da299fb9703eee470f2200aff903efc9d5f822bf0884a1f923bc39b406
Linger.rsrc,9449,0x24e9,9449 Phase Dip Unlit.m3C,0,0,14,18,2440,21dfa77a9dedc688c3c757fce77cff2726ff7c440d8efa68562c380b9cc0b605
Linger.rsrc,9450,0x24ea,9450 Phase Dip Lit.m3C,0,0,14,18,2446,f5351f50f072058416d9a9544bdf775de91c2268ba3eb6f76cf58ccbf77f6ef0
Linger.rsrc,9451,0x24eb,9451 Phase Trade Unlit.m3C,0,0,14,18,2464,d61e0025a8f54737e21fbe77741c79643b81bb44da613592a25efd839aef217b
Linger.rsrc,9452,0x24ec,9452 Phase Trade Lit.m3C,0,0,14,18,2466,772bc78cd626d70b70bcc15abecb915f1388c78eef9c8393576ad53b3967bccc
Linger.rsrc,9453,0x24ed,9453 Phase City Unlit.m3C,0,0,14,18,2440,a462f1aafea7ca824986207b9a0425a08cecce5e1c8fa0f53c71fbd96e3abb76
Linger.rsrc,9454,0x24ee,9454 Phase City Lit.m3C,0,0,14,18,2452,bb1d673abd8ad4d5e9c0cffaae07cbd6f79b1d4e855b4b8a6858283a3a505bff
Linger.rsrc,9455,0x24ef,9455 Phase Trans Unlit.m3C,0,0,14,18,2426,e22fd16856e2014e0991362d0aec36a87f64e67e1244073ef43bd4853ddb6842
Linger.rsrc,9456,0x24f0,9456 Phase Trans Lit.m3C,0,0,14,18,2440,9dfc21355d1b11e7e19683f8531405e6c16afd5859167c785d41e0f6b93405f3
Linger.rsrc,9457,0x24f1,9457 Message Button Up.24,0,0,19,11,2368,2dd4c4a12557e2b7dc23c566846189a4141f847da75711ea7f4ce5121c9226f1
Linger.rsrc,9458,0x24f2,9458 Message Button Dn.24,0,0,19,11,2376,9815a063fc6f981c4ecc1c4bf6495fb118226479b58c903d48a96a4f301159b9
Linger.rsrc,9499,0x251b,9499 Rewards/Advice-COA Imp.24,0,0,84,125,12518,61402cf2e9e9bf36ae4661c40b9354c2e6da7bc8a94df524cd18941c14f9b16a
MapTiles.rsrc,400,0x0190,400 Engineer 003.24,0,0,64,64,2968,272c7e8090e864a6f7000dc7cae37e86aec16d35160317ba90a40fabacc0c40b
MapTiles.rsrc,401,0x0191,401 Farmer 25 Feb 002.24,0,0,64,64,3106,493fadd307b7ab1c41fda920ddd8f923613dd6d1143f944fc0be800a7cb7a652
MapTiles.rsrc,402,0x0192,402 Miner still.m3C,0,0,64,64,2994,2f4693bf134eb1d2c443e35052f02ff6699509b17f1e1ff22dfa236785da6262
MapTiles.rsrc,403,0x0193,403 Prospector Still.24,0,0,64,64,2960,30b62a516afc5a6bd1a9fc27ca2d963a6a37e520c77f8cd6c184585322a64084
MapTiles.rsrc,404,0x0194,404 Developer 001.m3C,0,0,64,64,2990,6d1974939841f936c7d79e5ce261a3194b40a742691cd31ad1c6623f03419cb6
MapTiles.rsrc,405,0x0195,• placholder until code updated,0,0,64,64,2990,6d1974939841f936c7d79e5ce261a3194b40a742691cd31ad1c6623f03419cb6
MapTiles.rsrc,406,0x0196,406 Forester Still.m3C,0,0,64,64,3026,6da499f795aa2c1c4a63857d462edb94845375d2b3502b69300bf98278c742f6
MapTiles.rsrc,407,0x0197,407 Rancher 001.24,0,0,64,64,3586,b19a32c41766e285cc03dcef609ece1ff6c6c8b40a6423999693441d74ae0477
MapTiles.rsrc,408,0x0198,408 Driller 001.m3C,0,0,64,64,3208,5929fb366026496e43a347f1528da90faaedb0d4e3cca12042c5d04cab009c5c
MapTiles.rsrc,409,0x0199,409 Engineer Selected.m3C,0,0,64,64,3104,532a47330cf27019c8e24dbc71d3a9e5bb5f06089608ac89a659c09ead39088d
MapTiles.rsrc,410,0x019a,410 25 Feb Farmer Selected.m3C,0,0,64,64,3278,2abf8471e3e5ebfe56a7cbbc0587e2ea094ebb1f9c20372515036d9ea4fbe67e
MapTiles.rsrc,411,0x019b,411 Miner Selected.m3C,0,0,64,64,3176,efdf9550a64e15201980b6b9ccfb03848893abd41fb5593c18e73818068a6850
MapTiles.rsrc,412,0x019c,412 Prosp 25Feb Selected.m3C,0,0,64,64,3092,f72831929813dafb1bea9ca7f7cabab5f0a22f6f18a8647832775898cf556567
MapTiles.rsrc,413,0x019d,413 Developer Selected.m3C,0,0,64,64,3126,024d928b9b89eb2962959237b24a22de704a38500da50d12f83a8cc5e4ce4c2e
MapTiles.rsrc,414,0x019e,• placholder until code updated,0,0,64,64,3126,024d928b9b89eb2962959237b24a22de704a38500da50d12f83a8cc5e4ce4c2e
MapTiles.rsrc,415,0x019f,415 Forester Selected.m3C,0,0,64,64,3190,712d574ecce150290468f19bfdee1ad499df4ab5e05e3d7f098e0531a1f2c262
MapTiles.rsrc,416,0x01a0,416 Rancher Selected.m3C,0,0,64,64,3782,87669c9c58b74b6a0761a92a8a7c8c3807527474d898a34057697fa8d8a8682d
MapTiles.rsrc,417,0x01a1,417 Driller Selected.m3C,0,0,64,64,3268,2414d5e8e16ad5bb3133472a072c8869ea0b8e46d5f48c23c9ca811799ecb1a0
MapTiles.rsrc,418,0x01a2,418 Engineer Done.m3C,0,0,64,64,2936,b2960bf5162615559236115e06b0f85834804969078acac988ac1b8403b6a965
MapTiles.rsrc,419,0x01a3,419 Farmer Done.24,0,0,64,64,3068,a6c690c6bf62795252ad93929fde1bbe467f04116ea1976cc3e1b5927340e4f2
MapTiles.rsrc,420,0x01a4,420 Miner Done.m3C,0,0,64,64,2994,2d16ab9ceea26294ede993fd9fbd4ce4ca68dd543895f2f47c0844f1facc15e0
MapTiles.rsrc,421,0x01a5,421 Prospector Done.m3C,0,0,64,64,2972,f9f1654b49518f1b658f95be112e695e25d1543a84db74efed4a5cc1870178b0
MapTiles.rsrc,422,0x01a6,422 Developer Done.m3C,0,0,64,64,2990,a278d4f13df40a28a6018f70e8884e7fb935e00fb18573b26fc7294ebd0b2a1d
MapTiles.rsrc,423,0x01a7,• placholder until code updated,0,0,64,64,2990,6d1974939841f936c7d79e5ce261a3194b40a742691cd31ad1c6623f03419cb6
MapTiles.rsrc,424,0x01a8,424 Forester Done.m3C,0,0,64,64,3016,283ca49a5c7e4e409a81250f2868c8972339f984e2d27f1adcc5e22112d08fad
MapTiles.rsrc,425,0x01a9,425 Rancher Done.m3C,0,0,64,64,3558,2a8bf1198889042e942f574c08e3d2f214f71542ff5271b5a4d7a8b7a13d3d96
MapTiles.rsrc,426,0x01aa,426 Driller Done.m3C,0,0,64,64,3120,5564979fb9f928138fc30d2ffa82aedcee8a19c129feb6703093877b15c88756
MapTiles.rsrc,550,0x0226,550 trimmed city.m3C,0,0,64,64,5288,dc69d1c18436bf29864796c826bb10006ddcba24dad97fb046d81387f8b344ce
MapTiles.rsrc,551,0x0227,551 town 1.m3C,0,0,64,64,3250,d73689fd675a4050610a456b24759372b63070634443f0d114145331a3b1ff89
MapTiles.rsrc,552,0x0228,552 town 2.m3C,0,0,64,64,3464,751b0b79163c5e77323eaf4e0f81d9cbf69d08ca031a43a46d9d9b180c2ff760
MapTiles.rsrc,553,0x0229,553 town 3.m3C,0,0,64,64,3890,422ab23e07c1fe2d53ad13fa8cf1fdc34fb24c3ff0428377a6da106bdcd6852f
MapTiles.rsrc,554,0x022a,554 railhead-green connect.m3C,0,0,64,64,2746,4d1d70f11a61f494a23f7bd4e50e14be573096fec664b71f616a1b318ccb3539
MapTiles.rsrc,555,0x022b,555 railhead - red connect.m3C,0,0,64,64,2746,82c212b5c8a9f045b9dc9cacac74f4e73cb9f97c21657d991231e0d8c0fe445c
MapTiles.rsrc,556,0x022c,556 port and railhead.m3C,0,0,64,64,2946,15b2cba0f923826ebc64813e1c43a4f6ceabf0f4ad2596522a045225e85d2a69
MapTiles.rsrc,557,0x022d,557 Port alone connected.24,0,0,64,64,2646,33bb6ac2de3d65ef49cff70ada121f20c114af9c1e055f4b74d4a393b13efb56
MapTiles.rsrc,560,0x0230,560 fort 1.m3C,0,0,64,64,2656,1d2b1a4365f63b02044ca7680d6dc00bbb64fe77e6d64eddbb4ef94791ac1270
MapTiles.rsrc,561,0x0231,561 fort 2.m3C,0,0,64,64,2802,30f16fbabc0a52b277f82d7819df60c8e02c8af2c49ea66b6712984bda4b31a9
MapTiles.rsrc,562,0x0232,562 fort 3.m3C,0,0,64,64,3062,2129e92c4c11ba648361e7d9dbe57190b8170f965476b34feb08dde64dff68e5
MapTiles.rsrc,570,0x023a,570 One tent.m3C,0,0,18,38,2440,7d432a5dc75e6a4b441807afc6f22823406ea190eb8f1d883e5d0f37f5b4ced6
MapTiles.rsrc,571,0x023b,571 One tent select.m3C,0,0,18,38,2502,496d020868f89ea5995a0ab99fb307f3efe98cf1355cb7a45c616502d634e5fa
MapTiles.rsrc,572,0x023c,572 two tents.m3C,0,0,18,38,2548,453270523eeb8be57116c55bb1831a12ae03750b280e697ab94c149ebb73a6c5
MapTiles.rsrc,573,0x023d,573 Two tents select.m3C,0,0,18,38,2636,f75b286bc46cee00516cec2f766a145ee49eefa2bd4131c34f494fb688b41fb3
MapTiles.rsrc,574,0x023e,574 Three tents.m3C,0,0,18,38,2618,28f6aafa86b4d6805ee2a5352cbb8d0b0a2a1ad64527d4f82e55dd8a20936c5d
MapTiles.rsrc,575,0x023f,575 Three tents select.m3C,0,0,18,38,2704,a1a11618ec35343c4073a56298fcf3ec819b37e57c2537028615e5b9a91a3fd7
MapTiles.rsrc,576,0x0240,576 Four tents.m3C,0,0,18,38,2652,aadb2a346be96f8442d34f14c9e8dce34fc7260671b18249a0407d46f8180604
MapTiles.rsrc,577,0x0241,577 Four tents select.m3C,0,0,18,38,2726,c45b5bcc1c8e11cd217b0baaf77050f99b297bebe97e028772674df7110eebdd
MapTiles.rsrc,578,0x0242,578 Port alone unconnected.24,0,0,64,64,2646,ba580e2f005736f4a5ffdb11fdad4473ad7ad6599f8d61ca88f23156da49aa99
MapTiles.rsrc,579,0x0243,579 port & railhead unconnct.24,0,0,64,64,2946,ac5f33da3ce03a47ce8f33e277ca22290ecc6c948dee2e13013cdf9bbe236984
MapTiles.rsrc,650,0x028a,650 192x192green parchment.m3C,0,0,192,192,38670,0a609c301cc030b701dfca21ab46e0ff6d96a775fdf47b7bc9de912d3dda28b9
MapTiles.rsrc,10000,0x2710,10000 plains.m3C,0,0,64,64,6290,d44e911ef67c6c98fd5bf3eaaba70c238ae3a890cef0a4db93a3783c5f16ec60
MapTiles.rsrc,10001,0x2711,10001 Forest no exp 4/25.24,0,0,64,64,6334,de39cf13195ad2377df08ac8a50fd5c381311da51e5604a1c540579f05e592cf
MapTiles.rsrc,10002,0x2712,10002 brown hill alone 5/10,0,0,64,64,6292,af3e0ae48dcff05c711c4037ad94155b4bedf1a230407a67f14b93d52f2cc487
MapTiles.rsrc,10003,0x2713,10003 mtn v1 alone 5/10,0,0,64,64,6330,63438c26b3bb9a666c1fb67d500857107a0e0ef966148d40f91950a8c70944e6
MapTiles.rsrc,10004,0x2714,10004 swamp no exp Apr 5.m3C,0,0,64,64,6228,198ce4f753045f3ec8873d65ed7161d6e13d2a1312e219aabd81b3661f9fdb7c
MapTiles.rsrc,10005,0x2715,10005 water from coast area.m3C,0,0,64,64,2370,47d358f349f307ad6009fd5ba63011f2d66c6da33bff73a2f3bf490f348d1ad2
MapTiles.rsrc,10006,0x2716,10006 Desert Main Yellow. 5/22,0,0,64,64,5416,2d02318c109bd614394a557286a8aaa2cf41bbcfa0b29c27bb4ac6be5aa54bd8
MapTiles.rsrc,10007,0x2717,10007 farm dimmed no house.m3C,0,0,64,64,6338,7098c184ad160de60ad3d2143d09f0cba3318b0e53249d1d11d6f29b59352a3e
MapTiles.rsrc,10008,0x2718,10008 cotton 4/26.24,0,0,64,64,6368,bfad94456e44e602b7ac725a3cdb4078607482a3beff1ba7a5ef394bceae3d0a
MapTiles.rsrc,10009,0x2719,10009 Cow Main tile,0,0,64,64,6316,0de330abef7e7dc6f2f668164b12158caea1ba600df8f4ec519b872c05834d39
MapTiles.rsrc,10010,0x271a,10010 cotton w/exp 4/26.24,0,0,64,64,6388,c1ec6b38f00e5ab5b5d1687f4af7411384f11aee853324583d83d72f054a06b9
MapTiles.rsrc,10011,0x271b,10011 mtn v4 alone 5/10,0,0,64,64,6338,48a2808491d68c4a99a18d729bda1732217f92655664011b9cc6e2c277629e81
MapTiles.rsrc,10012,0x271c,10012 Horse plains 4/30.24,0,0,64,64,6326,2a733885e4801fab55412cc990dde0c92eda73807ced922e812bef4b70071d3e
MapTiles.rsrc,10013,0x271d,10013 Cow extentions,0,0,64,64,6316,1a1850f34aae243087c29efb20fb9c8ce1dd4bd654ab1b67bfb5c8bf4bd5d6ae
MapTiles.rsrc,10014,0x271e,10014 counter clock v2 desert,0,0,64,64,3812,d23c74883b4361f3f1bf42dc927a9562c0a37152004e8814d33fbf1d4a59f3c5
MapTiles.rsrc,10015,0x271f,10015 Orchard no exp 4/29.24,0,0,64,64,6342,59e0fa9f86746feeee556a5abbf25757f8e87e993840ca80b46ac9ab6369568b
MapTiles.rsrc,10016,0x2720,10016 Forest w/ exp 4/25.24,0,0,64,64,6374,5b0bd573c4a7461d9fe450131e3edf0ddac655763e83c274a8978481119b3808
MapTiles.rsrc,10017,0x2721,10017 brown hill to hill 5/10,0,0,64,64,6326,221438df9a82330f4aefe719704987cc3d7077f200f76eac9a182dc54599abb4
MapTiles.rsrc,10018,0x2722,10018 brown hill to mtn 5/10,0,0,64,64,6302,06874f1c5b598b13b578cc5c1f7982b345a1b387975554eb13a104adfc6f6f67
MapTiles.rsrc,10019,0x2723,10019 mtn v1 to mtn 5/10,0,0,64,64,6388,86367d8106151b99a01ca4984bffd0067ed2750e1e16ab99c9a507f879b2da5f
MapTiles.rsrc,10020,0x2724,10020 mtn v1 to hill 5/10,0,0,64,64,6324,5f5397580ee3a27506c3c38a15b1ba3afc5dad262fa1737b8d5f37f783523439
MapTiles.rsrc,10021,0x2725,10021 swamp w/exp Apr 6.m3C,0,0,64,64,6188,91bfb32158f403c5675ff1c6fbf5023dc5f09a79038ed0f6812c901b18485636
MapTiles.rsrc,10022,0x2726,10022 coast A-1 Apr 5.m3C,0,0,64,64,5238,94531cd7529732769b82a5f84d6294b9480989fffab8db5da687abd04719149d
MapTiles.rsrc,10023,0x2727,10023 coast B-1.m3C,0,0,64,64,4510,55035f1cc540a0549d5671ccfc43ddbaec919148fea9268e020fd4237a8da4a6
MapTiles.rsrc,10024,0x2728,10024 coast C-1 Apr 5.m3C,0,0,64,64,4648,cdfae10954066d383e70d660e9e4d15201cd4b0dbf94dce1fb56d83f077a80a9
MapTiles.rsrc,10025,0x2729,10025 Desert Ext. Yellow.5/22 - no sharps,0,0,64,64,4170,191c9cd31c6271cccdb02fd8993f5c95ceac36ae6bfc6b79cdb9ce62988c0712
MapTiles.rsrc,10026,0x272a,10026 farm w/ext dim no house.m,0,0,64,64,6366,b44b1672c4cad3c36158769476335e245e4044dc672f49a4048cfee16c30ca42
MapTiles.rsrc,10027,0x272b,10027 Desert Square 5/23 - two sharps,0,0,64,64,3548,eb73dabb1a8cff3459638bc4fdf95a9c2b033f6ff9831894d9efc4c60624350a
MapTiles.rsrc,10028,0x272c,10028 green hill alone 5/10,0,0,64,64,6206,ea257da68e0be9da13995d720ef4559480b6655e2287e52e86bcce395015702b
MapTiles.rsrc,10029,0x272d,10029 green hill to hill 5/10,0,0,64,64,6268,7208dbe5f58191599cc8644c70db05ebac17195f11e4402a246bdfe2fdb3ebbe
MapTiles.rsrc,10030,0x272e,10030 mtn v4 to mtn 5/10,0,0,64,64,6376,627021827ce8f8415ad23527ce0cbd69018befcc11da0d1df64cd40b6e09725f
MapTiles.rsrc,10031,0x272f,10031 mtn v4 to hill 5/10,0,0,64,64,6312,51ebfb1c8f77b307a97950991ecee954e47e6bae4abc5b6aafee3ff77f79b912
MapTiles.rsrc,10032,0x2730,10032 green hill to mtn 5/10,0,0,64,64,6228,30732c9d0207b48b1bc2653a237a186682624dcaafda2f91be4cad9cd72f6bcf
MapTiles.rsrc,10033,0x2731,10033 coast A-2 Apr 5.m3C,0,0,64,64,5296,5d6e29e18627c5996624939503842f711ec1fb9216bc4c58b83289a704183d2e
MapTiles.rsrc,10034,0x2732,10034 coast B-2 Apr 5.m3C,0,0,64,64,4310,9f9dd1f7d49bf8a23a7ac6453138bf49e4000dd227ccf23b227aff6e6169b7a0
MapTiles.rsrc,10035,0x2733,10035 coast C-2 Apr 5.m3C,0,0,64,64,4284,e1867def3e44e8ac05ae0cb92507af691ec27bc647b31cae0667c7bbe5e72505
MapTiles.rsrc,10036,0x2734,10036 clockwise v2 desert,0,0,64,64,3882,317159a9722838beda1807bf893d3f410294f23c2f3dbe8c8bd7a1d28fe30434
MapTiles.rsrc,10037,0x2735,10037 Orchard w/ exp 4/29.24,0,0,64,64,6388,93d4d8b6417aca5bcac4a79012ed5200317c2e73443fdaada5ffe81fa135878f
MapTiles.rsrc,10038,0x2736,10038 island.m3C,0,0,64,64,3102,adbad9a1275568a42c3e0856d0fd84bb1b1c8103d5b6ed349d35099752086adb
MapTiles.rsrc,10039,0x2737,10039 island.m3C,0,0,64,64,2828,b5a50d478b43cdff657ae845be216375a47dabdc5d038b7d68d08a5457bdb6bf
MapTiles.rsrc,10040,0x2738,10040 island.m3C,0,0,64,64,4234,5ae4e2b64d1ba18ad9922a22b3aa77117d48b24e916b00d90e464b071b578b73
MapTiles.rsrc,10041,0x2739,10041 island.m3C,0,0,64,64,3180,ddd96ce898cf9bc200d15b18c888a3890aaa5146807f484badb7303337c41562
MapTiles.rsrc,10042,0x273a,10042 RAIL 3 DARK.m3C,0,0,64,64,2618,93946a0ba08c305cd04a252f1b140fbf29305a9aa5b6441463b0d1e68492a53c
MapTiles.rsrc,10043,0x273b,10043 RAIL1 DARK.m3C,0,0,64,64,2506,88ae27ea76f6517ccf3b516e20134ba457ed9096c3b2090f774d4252d96ae4f9
MapTiles.rsrc,10044,0x273c,10044 RAIL 2 DARK.m3C,0,0,64,64,2654,027c0d2f1ac0042b8fd0b826ab7c9ff08639f6d960a3285f406f275601972806
MapTiles.rsrc,10045,0x273d,10045 RAIL 6 DARK.m3C,0,0,64,64,2622,2fe4746ed23d84412aa36fd4cb8e06dc5b265e512df1deff2970cd7d3a1fe120
MapTiles.rsrc,10046,0x273e,10046 RAIL 4 DARK.m3C,0,0,64,64,2502,b82258dd3770d5d8f5b7b83716114dd07ed0ce75ff23cd8d3c4a1ef8e2c73ace
MapTiles.rsrc,10047,0x273f,10047 RAIL 5 DARK.m3C,0,0,64,64,2654,37285aa0f58bd08cbf64f6dc77f82e37c77bee0b344e7493ca544ec99de9fd48
MapTiles.rsrc,10048,0x2740,10048 11 River 3-8.m3C,0,0,64,64,3022,e30a75d22803f69fa91a283e5824a90c681bccdfa035c71621c8ddb41be8fbfd
MapTiles.rsrc,10049,0x2741,10049 12 River 4-8.m3C,0,0,64,64,3068,94031e06474111a406e55902b845a931d176ece7cf1b5a596a6ff9009b4c4bea
MapTiles.rsrc,10050,0x2742,10050 13 River 6-8.m3C,0,0,64,64,2908,f3e6500c686a187eb792a36a6a3854bab48bd720adc8f5f985d167d8b2d14034
MapTiles.rsrc,10051,0x2743,10051 14 River 5-8.m3C,0,0,64,64,3026,04e0f76a9edd1d64a690fc49168d622eee7ae54ff3074a800b3c5aff77277a5a
MapTiles.rsrc,10052,0x2744,10052 15 River 1-4.m3C,0,0,64,64,2972,6114226e55127eadb93bc22ec6a3ae7d37bad2eb6eb100eded4678ec96f53ff2
MapTiles.rsrc,10053,0x2745,10053 16 River 2-4.m3C,0,0,64,64,2818,f5ed3744055071368ba72b5f668e7137857bc74dae308ccb8ec686a8a052e2c2
MapTiles.rsrc,10054,0x2746,10054 17 River 1-6.m3C,0,0,64,64,2862,a984e10a70b3543c7db72884a2c5350172cd2fbc8ea5bc9698018b795af40b0d
MapTiles.rsrc,10055,0x2747,10055 18 River 2-6.m3C,0,0,64,64,2954,ee2efc25e5b544d11c9df7c147c1463ecfb88f272abbf7c91d7ee90ddf788eb1
MapTiles.rsrc,10056,0x2748,10056 19 River 1-5.m3C,0,0,64,64,2946,957cfbbd375873c95192f629d1bb786e8bf5fa2cd9f2c361eb16b9a469a4a862
MapTiles.rsrc,10057,0x2749,10057 20 River 2-5.m3C,0,0,64,64,2852,7506f901a130f47d2fa99b9dc8ad3df6a90f6183abd8349b699d76c4e9371418
MapTiles.rsrc,10058,0x274a,10058 21 River 1-7.m3C,0,0,64,64,2874,6877332f94e0ad137cbeffeaa84e458c5b451d15fb1df953c479150d4eb79f2f
MapTiles.rsrc,10059,0x274b,10059 22 River 2-7.m3C,0,0,64,64,3024,50502bdd72bbde8c75bf810767df661d5ec64bb8f4ddd2209d9ab4453397b35b
MapTiles.rsrc,10060,0x274c,10060 23 River 3-6.m3C,0,0,64,64,3000,60da0d114930cb7ed734f0bbf7912be0752037b28562dff59f61e39c81905aaa
MapTiles.rsrc,10061,0x274d,10061 24 River 3-5.m3C,0,0,64,64,2820,282eaedd3b7223732ad86db4aa43e48d5062a81d48a46092784cb05611f0c481
MapTiles.rsrc,10062,0x274e,10062 25 River 3-7.m3C,0,0,64,64,3070,d24e52acc37ec2518eea50008a5109e7f2ad8bbb242428e3644aeac1f2206046
MapTiles.rsrc,10063,0x274f,10063 26 River 4-7.m3C,0,0,64,64,3044,7270a2ec6320f376e0a822848c371d1ba33e8a377ae780c26105e326f5908d61
MapTiles.rsrc,10080,0x2760,10080 NE rail.m3C,0,0,64,64,2618,b074b7b316214a2a60dbdde1fe6b823e36c74939fd8ec5ae530c8ef14a883e55
MapTiles.rsrc,10081,0x2761,10081 East Rail.m3C,0,0,64,64,2572,157ccf0394c94a32bcbd841c634ec70caa342b32a51d7659632ea437aa96a41c
MapTiles.rsrc,10082,0x2762,10082 SE rail.m3C,0,0,64,64,2654,6bc983aac24e1817295d32517a4bc7e6751c03ea27b88202714f7f9833c9b337
MapTiles.rsrc,10083,0x2763,10083 Sw Rail.m3C,0,0,64,64,2622,0d90d228d0fd9b36a1b6dae5315e9cb8404c1ae67e6def0762fd27c9648d3fdb
MapTiles.rsrc,10084,0x2764,10084 West Rail.m3C,0,0,64,64,2568,dbf8792e438359c8c5d86ae69c141d4be5a33b64eabc678885a96ac25095cd26
MapTiles.rsrc,10085,0x2765,10085 NW rail.m3C,0,0,64,64,2654,4dcf66d777cc698ef16aa89235b3701bebf3a3fcdfd2e58a205e7b2087483d57
MapTiles.rsrc,10086,0x2766,10086 to NE.m3C,0,0,64,64,2824,940c8d12dc137bad75bf262539061753c22282c7d9c86ebc13a8f547fed74003
MapTiles.rsrc,10087,0x2767,10087 to upperE.m3C,0,0,64,64,2646,fe5718cd43f86e9c05d2cccd5ebcbe1a8848a70d90841f4e1b8ba615bd103278
MapTiles.rsrc,10088,0x2768,10088 to lowerE.m3C,0,0,64,64,2632,1304fc9037710470c31f879e7e272507f05432132d6c9e1df06d99ebbf0d5485
MapTiles.rsrc,10089,0x2769,10089 to SE.m3C,0,0,64,64,2712,9392c7e7285c1c28e9f61160e037d9298a324dbb0410cde6d74c6f955e8823ac
MapTiles.rsrc,10090,0x276a,10090 to SW.m3C,0,0,64,64,2770,aea81607316516404de99ed8c6976cabe63c973afc548bf39a511d58fd0559ac
MapTiles.rsrc,10091,0x276b,10091 to upperW.m3C,0,0,64,64,2738,66a0474d01b5513fe9d7f1cb2107a880b420f3290284e09349f0510240d8b679
MapTiles.rsrc,10092,0x276c,10092 to lowerW.m3C,0,0,64,64,2758,bdb7e908e78c682264973b1c534a2d25aac4c6d99fb6ac5901f893dce36a654f
MapTiles.rsrc,10093,0x276d,10093 to NW.m3C,0,0,64,64,2758,be3355db88c8dc50d0db5bcb7c8220ca45c1eb4ed0aebad022a4b321b9200410
MapTiles.rsrc,10094,0x276e,10094 regular A attempt 2.m3C,0,0,64,64,5272,233165d061942ad9a0a1dea096b739ccb127b6c6b01d657509fed59bd15b7cdc
MapTiles.rsrc,10095,0x276f,10095 Deltas Coast B-2.m3C,0,0,64,64,4308,81caca4cfbf111ccea1dcf04783a6ad350b886ff5f5aee096a176a171ad8c065
MapTiles.rsrc,10096,0x2770,10096 Deltas Coast C-2.m3C,0,0,64,64,4272,548e727f70ca6b69dda780b18e37836f596149a998823fde157f648e1e5dc0b8
MapTiles.rsrc,10097,0x2771,10097 auxilliary A attempt 2.m3,0,0,64,64,5294,f8e2e6be196e94b33199ffcee5490bf6402f792b9be30ca79130d91615a3da8c
MapTiles.rsrc,10100,0x2774,10100 tundra basic,0,0,64,64,6312,88840bfb33b9a84ff89ad8996706e5fe657bc1a4452926fbfc019a2b507c5444
MapTiles.rsrc,10101,0x2775,10101 tundra w/ext,0,0,64,64,6272,2cc953232cbeecdceb14363db7f369e8cb4ccd7b7ffa83738735cb7033281de8
MapTiles.rsrc,10102,0x2776,10102 Scrub forest Main 6/03,0,0,64,64,6362,91fae3e70a20b2f7edad0008e19d65c68faab4226431b3c87a17f616293e5ee1
MapTiles.rsrc,10103,0x2777,10103 Scrub Forest w/Ext 6/03,0,0,64,64,6390,be42e6245ada1565952cbe5d49df53102b72e19c49fe2d0346fabf88e64362ca
MapTiles.rsrc,10104,0x2778,10104 minor town.m3C,0,0,64,64,3280,75a793094dbf824a946c19fa65301f56a71873432d959cb5fd144a56de5de0cf
MapTiles.rsrc,10105,0x2779,10105 minor city ,0,0,64,64,4796,3a8d590d86074e1a6d271dc5a43efc043df95d2252ad6bbaf6906e30bf733419
MapTiles.rsrc,10110,0x277e,10110 Scen Fill Tile 64x64.24,0,0,64,64,5894,428179b451074a42d3d797a92f2572e53ec9c85d22c51138731380a51fe94a91
MapTiles.rsrc,10111,0x277f,10111 Scen Fill Tile 16x16.24,0,0,16,16,2412,ce756a8c281d6b951701da3b72c4935dd140d9da2c4d1208004db3a3ee7651ff
MapView.rsrc,1049,0x0419,1049 Tech Button Up (Converted),0,0,25,35,3080,c33dec296401d113eeaa06aa238b7254da523db644438caa12df3b0fc8f3bf31
MapView.rsrc,1050,0x041a,1050 Microscope Dn,0,0,25,35,3078,ca586a5175017e4e2ed41bdde82f9ff65f34614d3d59c5042330053f941af61d
MapView.rsrc,1060,0x0424,1060 Civ Unit Bkgrnd.m3C,0,0,123,260,34122,6483bb029a0dc455b5c2cbea4ff82c6898fa52704d4ba4a516368849c874b779
MapView.rsrc,1080,0x0438,1080 Miner TB.m3C,0,0,54,68,5942,d5c1dc555afa754450d0192cac00d95b37cd770c09386d6a9a0ae146ed5ba77c
MapView.rsrc,1081,0x0439,1081 Prospecktor TB.m3C,0,0,54,68,5944,c2bbc2d3fa6a7038af842738560784c9f407f5005541eb9ca260376a25cd9266
MapView.rsrc,1082,0x043a,1082 Farmer TB.m3C,0,0,54,68,5946,127b3085dc6ce711a3e403dc4662b6d053dd16cb01afe8b70129a1e7a1d2e1a1
MapView.rsrc,1083,0x043b,1083 Forester TB.m3C,0,0,54,68,5946,15939902447ff02228d4be8a170a3085ec17826eaab24cf86065401d28c09ecd
MapView.rsrc,1084,0x043c,1084 Engineer TB.m3C,0,0,54,68,5944,3653fc0b561a99f255a7e2a297a1ee9487b12893d3193498d91e5a6c821bf395
MapView.rsrc,1085,0x043d,1085 RancherTB.m3C,0,0,54,68,5962,d71d3f19e720badd6a589b685a34a82f80301f3e25199ddc3efb56d9e29e9e54
MapView.rsrc,1087,0x043f,1087 Developer TB.m3C,0,0,54,68,5944,7e3622c8dc657aa2ab79961b3bc5debf850b23af076b3b40fde9686e1f42589c
MapView.rsrc,1088,0x0440,1088 DrillerTB.m3C,0,0,54,68,5886,23ced856f6e27ea96fae72efb00c6c2a2ae8b76e7c05a4af8ea4b22f07072ea1
MapView.rsrc,1108,0x0454,1108 Dip Dn.m3C,0,0,25,25,2804,9d9ae27cb484b3ad64082534b7d21e32ba99668a6b4884c99ab378b7ef20f6f8
MapView.rsrc,1109,0x0455,1109 Trade Dn.m3C,0,0,25,25,2832,b359fd17b46f5de9fe232e4fb6f718589bf2d8811d5cc93e8f9489b926601049
MapView.rsrc,1110,0x0456,1110 City Dn.m3C,0,0,25,25,2848,a05eb43adbd13625edc4837f4b33ee39835bba26300f1047e1f8e0ed6d85b921
MapView.rsrc,1111,0x0457,1111 Trans Dn.m3C,0,0,25,25,2838,859226e0faf540958fd71248b8d1437c487e2eaf965e33ab3c8b106f1bf0cca9
MapView.rsrc,1113,0x0459,1113 Mag Dn.m3C,0,0,25,35,3070,e93ac02d1ec3045a64bd963e05e8729257d538ff9ecdf7d043feb8ea332f8b41
MapView.rsrc,1199,0x04af,1199 Later Up.24,0,0,25,25,2838,6dce36978f345a4029e8303284cbb3b866f8fcfad5e1a676b25d140f38d5e0e0
MapView.rsrc,1200,0x04b0,1200 Later Dn.m3C,0,0,25,25,2830,2bea822e65596840a89f54ba03f6090357012626150e4fb7a325cbd84f0ca1cd
MapView.rsrc,1201,0x04b1,1201 Defend Up.24,0,0,25,25,2846,4386e6375c73cb174ca0b5bc1c3f844f79add1962483ef3b59e3d81942459814
MapView.rsrc,1202,0x04b2,1202 Defend Dn,0,0,25,25,2832,b464958874d11da6a8d4dea4972b2c4c33595821f5915d3342d1bc52f5b8d1b4
MapView.rsrc,1203,0x04b3,1203 Done Up.24,0,0,25,25,2850,9230464bc7253ebe09074a00a3f2c68584ff46fd0d42243f6cc992060ad4df0f
MapView.rsrc,1204,0x04b4,1204 Done Dn.m3C,0,0,25,25,2816,596da2176936f867d201d8dbf2f97b560b87ffa7de643401523d38cbcf33d302
MapView.rsrc,1205,0x04b5,1205 Garrison Flag Up.24,0,0,25,25,2842,c75537d97be8e70d0b7c59c7de36d92392a0422b1271c0d677016a7fbc1453d9
MapView.rsrc,1206,0x04b6,1206 Garrison Dn,0,0,25,25,2806,be71c750ecb52b2f4a30c36d1dac6f6b9a81a314eba3b0e7cfaf1da0c54ebbb2
MapView.rsrc,1208,0x04b8,1208 Arrows in strip.m3C,0,0,44,16,2740,a22655b89bc3786a4e17287f063bc03f948af776f24a120286c00ac3e97a5523
MapView.rsrc,1209,0x04b9,1209 Disband Up.24,0,0,25,25,2826,68542d744db9830e528d8e358794561f60f4ec8e44f09e9606a16c7787e171c5
MapView.rsrc,1210,0x04ba,1210 Disband Dn.24,0,0,25,25,2744,a48a5dae38a5bad51f6a6c0383580a3b60d218358b4d300fcfe3374834b59b08
MapView.rsrc,1211,0x04bb,1211 Sleep Up.24,0,0,25,25,2844,a95e0e95d80b46828ac777ea4e289d6939cd9d5ac2d130bb98b93096aee97a13
MapView.rsrc,1212,0x04bc,1212 Sleep Dn.24,0,0,25,25,2750,ffab66f35a71cbe5864a3b8ab3016bf84ac2174d84b2be8d588d5b84d228e1da
MapView.rsrc,1220,0x04c4,1220 Militia(1).m3C,0,0,42,53,4480,b11c3a0f72d4c270c8ced100e2d4fc1e820ca01853dc12569cab48972b94682d
MapView.rsrc,1221,0x04c5,1221 Light Inf(1).m3C,0,0,42,53,4498,05e8baeea0ec00914c8d4bc98908f137d1a09e0d3858c4ea62606d9ac462aa3e
MapView.rsrc,1222,0x04c6,1222 Regular(1).m3C,0,0,42,53,4494,49fc22da0a0b23cd577c1a884509d27b4aca33d300e6986fe5a212d99d684e68
MapView.rsrc,1223,0x04c7,1223 Gren(1).m3C,0,0,42,53,4490,6d8e16142f4e99238774545097f31c62ca1881a4f6cfe43f8b9254cc53c66b0d
MapView.rsrc,1224,0x04c8,1224 LtCav(1).m3C,0,0,47,53,4820,f700a0dd0b0587ab58eb57fa67d7e70fbb291480c6741ac149bd3804e4e1fda7
MapView.rsrc,1225,0x04c9,1225 HCav(1).m3C,0,0,47,53,4810,527df8195bf26070f0c1f5d8a2dde6670d7ea59891285f6b965b678d12edbc91
MapView.rsrc,1226,0x04ca,1226 LArt(1).m3C,0,0,47,53,4804,4ef45e2e1f9e3e81f6273c1664cdc06d82fe0deea3e8c8f0bc6ae94fc0f5de28
MapView.rsrc,1227,0x04cb,1227 HArt(1).m3C,0,0,47,53,4782,20d6e44624d719b2ff90ddfca0ebcca0c0357fa0873f8689413b4b93115b00e3
MapView.rsrc,1228,0x04cc,1228 Militia(2).m3C,0,0,42,53,4482,61e15759b4ca02366151742b086044d7a1dade63a7c5d8ca06f2ca21ca64a72e
MapView.rsrc,1229,0x04cd,1229 LingtInf(2).m3C,0,0,42,53,4498,ac4ba3153d6a64b0740ac5f5cbce97f89a87ea0cc5f5352a062f01c33fe2285e
MapView.rsrc,1230,0x04ce,1230 Regular(2).m3C,0,0,42,53,4486,bb6d80e00f864aa355b25fe1cb6a313ae694696be484c74f6190d79b2c1d485b
MapView.rsrc,1231,0x04cf,1231 Guard(2).m3C,0,0,42,53,4490,4660667fd2dba12cc3858dc107e54cb209a94dc7e91104d0fcb2b29a11842fb4
MapView.rsrc,1232,0x04d0,1232 LightCav(2).m3C,0,0,47,53,4818,1c48a76f92d96fc0e23ed5538ddedff878cc6b53bde8836ae77db0dfa7371725
MapView.rsrc,1233,0x04d1,1233 Heavycav(2).m3C,0,0,47,53,4814,82d6684d6e0c9891f49f192d7126040fcc39cd8e7320b0c6e41305929485fa11
MapView.rsrc,1234,0x04d2,1234 L Art(2).m3C,0,0,47,53,4808,b9e80ad4e895827b9a74e98bcfa22e48dd30318f217248704d637162c3537cc3
MapView.rsrc,1235,0x04d3,1235 HeavyArt(2).m3C,0,0,47,53,4788,51f8ea9a6c513d03e3758cf585a2886dffbee34bed5d6fde69d3f645d3ff330a
MapView.rsrc,1236,0x04d4,1236 Militia(3).m3C,0,0,42,53,4482,d22dafb5ebb213679ebcdf2915403e17e428387664400cd510a83eab1bdca7f1
MapView.rsrc,1237,0x04d5,1237 LightInf(3).m3C,0,0,42,53,4494,42f5dcd46dae0d60b73d2fe41d5dd761b9d6d46c4073b6f981aed18aef95f28a
MapView.rsrc,1238,0x04d6,1238 Regular(3).m3C,0,0,42,53,4488,a86b1b7b536c491965394976d00adb82a16553a6aa6f8b55ca9b46c76a5ce788
MapView.rsrc,1239,0x04d7,1239 Heavy Int(3).m3C,0,0,42,53,4494,bd9e5d93810e6294b0a65d9c869db58120da3064ddfc305671f0aec9e068df14
MapView.rsrc,1240,0x04d8,1240 Mech(3).m3C,0,0,47,53,4786,0112a189a329f633d78b70b3f5790b6acfee1e89ff1cfddb1fcbd85bdbc241eb
MapView.rsrc,1241,0x04d9,1241 Tank(3).m3C,0,0,47,53,4784,bdc625c2f6cd401f2a037554fc9c39c5a07b8d38fc3765741bb92dff2b2a8e14
MapView.rsrc,1242,0x04da,1242 L Art (3) TB.24,0,0,47,53,7730,a795ea837a316e36d1648de6b5cf9b40dcb9e17c562f4835600921005381b472
MapView.rsrc,1243,0x04db,1243 HeavyArt(3).m3C,0,0,47,53,4790,58de8b994a28f812c4230d42d516c63129f115620dbf19adb68b0b4505d3dcc6
MapView.rsrc,1244,0x04dc,1244 Sapper(1).m3C,0,0,42,53,4496,f4f6048eef23a94daae02d2e9ec832cd675136e49989b85e339973a019e7f3e5
MapView.rsrc,1245,0x04dd,1245 Sapper(2).m3C,0,0,42,53,4498,4c620328c3b4ab5c7a552637199ecc1235a7ed666c825d8dc25d547524848540
MapView.rsrc,1246,0x04de,1246 Era 3 Sapper.24,0,0,42,53,6906,eee478bef1b038dbd3e23860745b5a7219375efb0665f37f2ff265a1ff35bac7
MapView.rsrc,1247,0x04df,1247 Gen(1).m3C,0,0,47,53,4794,a453c0c65f2e8656f04a5b09f71bab2b2cff688813dc7c4c41bf6f67569dfcec
MapView.rsrc,1248,0x04e0,1248 Gen(2).m3C,0,0,47,53,4804,c1b922fdb6a0aa9b87ad056123e4b4ed65e9e0de6fcb4d49b578130ce880ed11
MapView.rsrc,1249,0x04e1,1249 Gen(3).m3C,0,0,47,53,4804,604f35ee08a4bd63885fab8854e2b0565e3cfcf00bd39acf0546d7d66691bbe0
MapView.rsrc,1250,0x04e2,1250 No Militia.m3C,0,0,42,53,4478,1782df121ce9aec0a46ccbded7b62e9f9c92f4b0018f379fcdc0469bbefc32fc
MapView.rsrc,1251,0x04e3,1251 No light Inf.m3C,0,0,42,53,4500,a263912a3d88b88a9789e2b748c00817cd7ef9b65c7d3ce10765ecb19bea91a6
MapView.rsrc,1252,0x04e4,1252 No Regs.m3C,0,0,42,53,4484,a9b704d44ff9cddaba061aeb021f5734ceaa3bb953b88bdcc09cd50a99658534
MapView.rsrc,1253,0x04e5,1253 No Hvy Inf.m3C,0,0,42,53,4490,47a21169d7f7dca04d3f62e1f0dd8d67b2629a2f62492c72408ec8788d55664a
MapView.rsrc,1254,0x04e6,1254 No Light Cav.m3C,0,0,47,53,4782,a95feb87ed3d084d060e61827c7445938f9812cf8d674e66d45ea68ae8fd199e
MapView.rsrc,1255,0x04e7,1255 No Hvy Cav.m3C,0,0,47,53,4806,5ba404e7d3a8c29e589672727c1dafc451b1e2db75831300333e224eb4892a49
MapView.rsrc,1256,0x04e8,1256 No Light Arty.m3C,0,0,47,53,4788,7f360284e177e015ccf41a7b3c5a2e66ea5595f5cf620c2a34a57826811787a8
MapView.rsrc,1257,0x04e9,1257 No Hvy Arty.m3C,0,0,47,53,4786,42e8b2171474e1b718fb6f27706b62900bd730fc50888958889bcc3fd584dbf0
MapView.rsrc,1258,0x04ea,1258 No Era 2 Militia.m3C,0,0,42,53,4482,843b8b0d4b6e71a746bd45563f6f750c1c7a2ecbd588491b45d0550e3e0057da
MapView.rsrc,1259,0x04eb,1259 No Era 2 Light Inf.m3C,0,0,42,53,4494,4521aec40ef4676dfb2191489170b973f6e552279de01170412cc724d06d8811
MapView.rsrc,1260,0x04ec,1260 No Era 2 Reg.m3C,0,0,42,53,4480,25a47fc3996ab62b6840bb38378a6873e67999f6913aa84f036c1559e5aef773
MapView.rsrc,1261,0x04ed,1261 No Era 2 HvyInf.m3C,0,0,42,53,4484,760e018159f64cfa1b348a10d1a21415b9ffec7a619e1c88493caa92c32b9317
MapView.rsrc,1262,0x04ee,1262 No Era 2 LC.m3C,0,0,47,53,4786,ba2d8bb979abf063b93aa217edba82c966d8aa12bd9775ed6ddacbe4e698a15d
MapView.rsrc,1263,0x04ef,1263 No Era 2 HC.m3C,0,0,47,53,4808,5fcfdd86af51c5403c04d097682ecfc44a1c39f032c4348cfea3dd380ab2aa64
MapView.rsrc,1264,0x04f0,1264 No Era 2 LA.m3C,0,0,47,53,4802,46c5f7142a3c943be9c1b2adf01503d04682eb1e02fde9dbf906751db10a9190
MapView.rsrc,1265,0x04f1,1265 No Era 2 HA.m3C,0,0,47,53,4788,94b350f9ece8e80e879305fca22141d44002f12cd54f5395e2ea4ea26b99d492
MapView.rsrc,1266,0x04f2,1266 No Era 3 Militia.m3C,0,0,42,53,4484,f05dbcdd19d5a50e292156b5b9205f3916dc096136f479b6749756ea745a5d02
MapView.rsrc,1267,0x04f3,1267 No Era 3 LI.m3C,0,0,42,53,4496,f648279c472b9a72e322c88a97f1ce0039398ba4af86ab8c5618cf5e9b4f2cf7
MapView.rsrc,1268,0x04f4,1268 No Era 3 Reg.m3C,0,0,42,53,4484,0c5629d5ecadd6502725912eafc776a0b7bac7dd2a996d009a8c4439d30135b0
MapView.rsrc,1269,0x04f5,1269 No Era 3 HI.m3C,0,0,42,53,4494,19fc7d8a1404249e3847cf6bdc32a18a3b27e41687f7c33d47ed9a44074e92d1
MapView.rsrc,1270,0x04f6,1270 No Era 3 MechI.m3C,0,0,47,53,4782,1377721bd212c34fc293ac3a6d1c986d0bab2b71e15c341fc382c1c163f9e1dc
MapView.rsrc,1271,0x04f7,1271 No Era 3 Tank.m3C,0,0,47,53,4808,288b2f514611e6d998926344e4d1953598669b8c677841dd6680ef872c49641c
MapView.rsrc,1272,0x04f8,1272 No Era 3 LightA.m3C,0,0,47,53,4810,1bf2c051e89e4c6c9b631214123ea95f764b2de6ef966be4a6f860f6ac8650e3
MapView.rsrc,1273,0x04f9,1273 No Era 3 HArt.m3C,0,0,47,53,4792,8bfe0f0c4da1c535a071d468d4ae621ac4a2beca4a011e06e22560b64b8bfce0
MapView.rsrc,1274,0x04fa,1274 No Sappers.m3C,0,0,42,53,4492,edd5a3b053a76812035169751ca4e5c7f183ed46aa0d6431b4ff46e23b46c598
MapView.rsrc,1275,0x04fb,1275 No Era 2 Sapper.m3C,0,0,42,53,4492,79b050968aaa0b6ca74499fcbc4b53484203a7d3f0631b667f88b2d47d704166
MapView.rsrc,1276,0x04fc,1276 No Era 3 Sapper.m3C,0,0,42,53,4494,87c90f1bfba5efdd3c21469543eeb5ca4c4c07a219d6fd6fef7d602cbba1d250
MapView.rsrc,1277,0x04fd,1277 No Era 1 General.m3C,0,0,47,53,4782,84c6f8b6afc48928730b2fffe3ac8d439d8d4596dc0c5e114de612e9c062952f
MapView.rsrc,1278,0x04fe,1278 No Era 2 Gen.m3C,0,0,47,53,4788,948176c73598c981e00b9e641122506aace34e26d2d37f682643e2f01a561210
MapView.rsrc,1279,0x04ff,1279 No Era 3 Gen.m3C,0,0,47,53,4804,ba09a2f09ea2f3d30e83a77563979e2ba209f6731cbd1ce738a162f8f60aabb2
MapView.rsrc,1300,0x0514,1300 Game Ctrl Dn.m3C,0,0,25,35,3042,bc8c6bed85253b61ec3ec5e36a78bfa9b1129204fcb4e0fe8d59d1d34b0733ba
MapView.rsrc,1301,0x0515,1301 Game Ctrl Dn.m3C,0,0,25,35,3042,bc8c6bed85253b61ec3ec5e36a78bfa9b1129204fcb4e0fe8d59d1d34b0733ba
MapView.rsrc,1307,0x051b,1307 Query Dn.m3C,0,0,25,35,3094,37a49c42e6ecefba6b91592009ac5dc6a7f3651500ff2ecd56a779927d8d1bcb
MapView.rsrc,1513,0x05e9,1513 7/14 Frigate.24,0,0,100,57,7944,8a8529c19d4281d21bcfbc5fdaa70b009019e0e2c9ff41230edef138d2076678
MapView.rsrc,1514,0x05ea,1514 7/14 SOL.24,0,0,100,57,7940,b97b77afe5b7b429ee425700c265e73ba3d997a29f568cc1cfdbaaeeb18c4c1e
MapView.rsrc,1517,0x05ed,1517 7/14 Raider.24,0,0,100,57,7924,523f76b833725f628c3616b39a612e865104a14c41e2d49772c8769e3bdac412
MapView.rsrc,1518,0x05ee,1518 7/14 Ironclad.24,0,0,100,57,7932,56376ca484f003d81615bc3e8c6ebe2126f0cb27ead6f60b0467520b35d60ba3
MapView.rsrc,1519,0x05ef,1519 7/14 Advanced IC.24,0,0,100,57,7948,aabbca37bf73e2386048508c499e351b88a3d0b36a4ea3eb00f0814c520da6b1
MapView.rsrc,1521,0x05f1,1521 7/14 Arm Cruiser.24,0,0,100,57,7946,087523e4aecf42c8b66c13851479b6fd7b7c815d4e522e2e30c40f1e62ec4959
MapView.rsrc,1522,0x05f2,1522 7/14 Dreadnought,0,0,100,57,7924,6c33bc433d0645c36e392fc35e61774856281d20b351e0639ff10fec0f56e52a
MapView.rsrc,1523,0x05f3,1523 7/14 Battle Cruiser.24,0,0,100,57,7906,79dba647c774d876f43d1c6dbb807d97abb70219f45796f71bf5a3de0fe24fec
MapView.rsrc,1534,0x05fe,1534 Navy Back.m3C,0,0,112,269,31874,1f7204494dbf2af449ea6fad4a6d7884ef031346b76f8b4bea97e2fd7ee4cad1
MapView.rsrc,1541,0x0605,1541 Friendly Fleet Box.m3C,0,0,350,250,81236,b3f1ba6f39ee4da02dc74a44852b654f7ab8db8b7947d1e7df989346154b9b5c
MapView.rsrc,1542,0x0606,1542 Foreign Fleet Box.m3C,0,0,350,250,83232,ea856efb522cc2a54652d58b353439685088c907edf51af519c40edd6534e084
MapView.rsrc,1550,0x060e,1550 Caution.m3C,0,0,35,25,3034,3336ee97f36310ee2af908a8f537a02a5cf6d4299717340073b14261742a6bb0
MapView.rsrc,1551,0x060f,1551 Cautious down.m3C,0,0,35,25,3048,cf89cb483a981205d6c488155c4a3f9a89cffeaf7a115f3a6c04d6de9b2d0c4a
MapView.rsrc,1552,0x0610,1552  Normal.m3C,0,0,34,25,2978,363b5ddb7d18cd75758478756323fd5e716afd006b7b0f38735f2db447116980
MapView.rsrc,1553,0x0611,1553 Normal down.m3C,0,0,34,25,3002,8a63fb04501c0a8a7b0861bd0e6df93440728d3943041ec2423f30f3d2828574
MapView.rsrc,1554,0x0612,1554 Bold.m3C,0,0,35,25,3050,d6797d847a7a1bbc97690b3b4e7040432e416273e742d1e7ad4c5452e49e6bb7
MapView.rsrc,1555,0x0613,1555 Bold down.m3C,0,0,35,25,3018,94739d579af802d6b63497d37d064b906a6390350add17280908e9e5fd8a69fa
MapView.rsrc,3012,0x0bc4,3012 Civilian note( (Converted),0,0,300,200,59644,6406733a3fa1e9739f7beb00c22a6113ec4b4340f6fb652857ac22fe6d7f4b57
MapView.rsrc,3013,0x0bc5,3013 Rescind Orders Dn.24,0,0,60,35,3506,37eda5c44ec14d6e66f985330eb13d8b77b9290f95686fcc6aa89203cf214b39
MapView.rsrc,3014,0x0bc6,3014 Confirm Orders Dn.24,0,0,60,35,3268,514fd0b3b308a4d85a30870ef511876d9efd4c7ace4020aecc3d5f8aab5adfe1
MapView.rsrc,3500,0x0dac,3500 GARRISON BOOK.24,0,0,480,400,143296,34fc0c30004c17da2b427f89e42a038ed329749a2f32d292888ef51aad4fd3d3
MapView.rsrc,3502,0x0dae,3502 Upgrade strip.m3C,0,0,38,18,2750,4ea786f909c4feba2ecce1f013e98243f886648db3daea95853cd28fdae53147
MapView.rsrc,3505,0x0db1,3505 Right page garr.m3C,0,0,41,36,3482,9c5196394d47d9aa6b6841c5bc673d0ddc95b9ee92ea161695a121731689347b
MapView.rsrc,3506,0x0db2,3506 Left page garr.m3C,0,0,41,36,3400,39d495c2c79c130e7a764dd9da476addfa0cb25fce7e1d931f8ba36ab0473614
MapView.rsrc,3507,0x0db3,3507 Garrison Seal Dn.24,0,0,29,29,3020,197117af65ba135733e0572ca8f94b64053aaa30d0b04870edb3130009541a9a
MapView.rsrc,3508,0x0db4,3508 01 Remane Unit.m3C,0,0,260,100,5066,61a29c4b7e18a61fa3373c06f9b57eabb5a4c3de05077a1ef6b719044a03a49d
MapView.rsrc,3512,0x0db8,3512 Garrison Strip.PICT,0,0,3840,49,55010,c6f36b300bd6f057f693673ab31de8a927ddffc796ce43b17989cc491341346a
MapView.rsrc,3514,0x0dba,3514 Ship strip smaller.m3C,0,0,1280,45,25224,81ef2e7de90e2b1c053e301e98f746164640816b922ffe771e9507153951dd91
MapView.rsrc,7210,0x1c2a,7210 ConstrOptions Fort Up.24,0,0,38,32,3082,f2a2cb65ebf73bc1cbec8dd56e75c607f35a714e10afc183e317a11f2791bf64
MapView.rsrc,7211,0x1c2b,7211 ConstrOptions Fort Dn.24,0,0,38,32,3110,1707dadcb34d9836b64e0bf3c2feef495302e3118f5186e99c1b7275083e777d
MapView.rsrc,7212,0x1c2c,7212 ConstrOptions RH Up.24,0,0,38,32,3192,1afb595dfb159f65a5526c6bf938c6bf08d40dbc1b41583a78d2a72bb0ca5249
MapView.rsrc,7213,0x1c2d,7213 ConstrOptions RH Dn.24,0,0,38,32,3222,f55e685a7a6a4797ab066b430b1ae6f58012aacf5b3ecd85ca776827e0062a39
MapView.rsrc,7214,0x1c2e,7214 ConstrOptions Port Up.24,0,0,38,32,3042,06bbdb17b765d14f51640afc6c05f42ad7d3d7c34bcaf6f833e35289ba075b03
MapView.rsrc,7215,0x1c2f,7215 ConstrOptions Port Dn.24,0,0,38,32,3072,39a3239027a43ca06f4e9d7cd2f339b00965f868d2dfc1d65092612f28b18fd9
MapView.rsrc,7216,0x1c30,7216 ConstrOptions Headpiece.24,0,0,328,56,19910,13f0b8f5788e038dbe7e52bbc19d6500f0dfb99089f8c81e92c95d034b6978ce
MapView.rsrc,7217,0x1c31,7217 ConstrOptions Tailpiece.24,0,0,328,14,6370,63761c915e759b75ea76c1c63060da425e3bafe26c70b342d0989a4628fb758c
MapView.rsrc,7218,0x1c32,7218 ConstrOptions Plank.24,0,0,328,14,6840,012fddbc7ff151f644aeb7222567111c196b5fdf6625cc57c5873d3a2d554820
MapView.rsrc,9429,0x24d5,9429 Garrison Virgin.24,0,0,25,25,2788,6af2079ca44bc58ed5222b02845793682756eac6213668ac67f95008eaf89151
MapView.rsrc,9430,0x24d6,9430 Garrison Dn,0,0,25,25,2806,59df2383ea853f123179201da08457fb7b9589bf908941d2af2971c676988f95
MapView.rsrc,9431,0x24d7,9431 Technology Virgin.24,0,0,25,35,3018,1198ef9463a2342e55cd10110af3783c53e2fcf750a1b9e09e5a968bb89951d9
MapView.rsrc,9432,0x24d8,9432 Microscope Dn,0,0,25,35,3078,36158df50fe990ff401a0fb5c9e3291e18e2902197dfbc362e8982a73a66367c
MapView.rsrc,9433,0x24d9,9433 Dip Up.m3C,0,0,25,25,2846,f87e86049c4f0f188078b0d7a8d2dea310d68d2b6eb46796d0316a7b95ff1e3f
MapView.rsrc,9434,0x24da,9434 Dip Dn.m3C,0,0,25,25,2804,9d9ae27cb484b3ad64082534b7d21e32ba99668a6b4884c99ab378b7ef20f6f8
MapView.rsrc,9435,0x24db,9435 Trade Up.m3C,0,0,25,25,2846,2456e325a69ecf6f5c352eace4cea07180b06a7117c040cf76e7e8e169453478
MapView.rsrc,9436,0x24dc,9436 Trade Dn.m3C,0,0,25,25,2832,b359fd17b46f5de9fe232e4fb6f718589bf2d8811d5cc93e8f9489b926601049
MapView.rsrc,9437,0x24dd,9437 City Up.m3C,0,0,25,25,2864,491067e754a32383e9bb04bf55763b8a34b6b7d64d88636a5177afc587a5803c
MapView.rsrc,9438,0x24de,9438 City Dn.m3C,0,0,25,25,2848,a05eb43adbd13625edc4837f4b33ee39835bba26300f1047e1f8e0ed6d85b921
MapView.rsrc,9439,0x24df,9439 Trans Up.m3C,0,0,25,25,2856,6f92a5f4c07adbd36cde2931420cdd957bfeadd2c6b786d3f7bfdf23d05ffbf2
MapView.rsrc,9440,0x24e0,9440 Trans Dn.m3C,0,0,25,25,2838,859226e0faf540958fd71248b8d1437c487e2eaf965e33ab3c8b106f1bf0cca9
MapView.rsrc,9441,0x24e1,9441 Dip Virgin.m3C,0,0,25,25,2800,910b18dd4e45084d42e7addef9aa259fec15b2261e9636b9b5d1ad1bbdf2da88
MapView.rsrc,9442,0x24e2,9442 Dip Dn.m3C,0,0,25,25,2804,9d9ae27cb484b3ad64082534b7d21e32ba99668a6b4884c99ab378b7ef20f6f8
MapView.rsrc,9443,0x24e3,9443 Trade Virgin.m3C,0,0,25,25,2806,071b3f12a48f41cbd3a25d6d343e20e430ca707d5e7d9d83b855a8ae1231deea
MapView.rsrc,9444,0x24e4,9444 Trade Dn.m3C,0,0,25,25,2832,b359fd17b46f5de9fe232e4fb6f718589bf2d8811d5cc93e8f9489b926601049
MapView.rsrc,9445,0x24e5,9445 City Virgin.m3C,0,0,25,25,2840,e7e5f90c1626f6ac23ef4eca42fda623381ecda4801aeda29353a455423b6dc8
MapView.rsrc,9446,0x24e6,9446 City Dn.m3C,0,0,25,25,2848,a05eb43adbd13625edc4837f4b33ee39835bba26300f1047e1f8e0ed6d85b921
MapView.rsrc,9447,0x24e7,9447 Trans Virgin.m3C,0,0,25,25,2808,1aae72099b33bb1fb5804bc5b2860a46f95bd229256ea23a5531c21f08985a1b
MapView.rsrc,9448,0x24e8,9448 Trans Dn.m3C,0,0,25,25,2838,859226e0faf540958fd71248b8d1437c487e2eaf965e33ab3c8b106f1bf0cca9
MapView.rsrc,9460,0x24f4,9460 Army Cheater.m3C,0,0,200,400,63054,7776af7870d58f062be3a0d9ece5bfbcd00f91f1c4675085cbb047aba892259a
MapView.rsrc,9461,0x24f5,9461 Cheater Back.m3C,0,0,600,300,183894,0812a22cd1d7360a174d96cccbc39666958a82827751690535f5c8a72e09b80b
MapView.rsrc,9465,0x24f9,9465 Nanday,0,0,280,259,52796,6b2b528a98f6dab1e5acb83b0a0c0ee2d962928c2764cf5783c96635e0100c0f
MapView.rsrc,9470,0x24fe,9470 Navy Cheater.m3C,0,0,256,400,104404,55257fe83492419a8fb2056141163b3d112dfa07c45ea652b415ecbb5e6ea894
MapView.rsrc,14000,0x36b0,14000 Miner 001.24,0,0,64,64,3000,c04c714155de5fcabd2d84efdfe498e42a0eea1a387d9bbf2c3785082e242443
MapView.rsrc,14001,0x36b1,14001 Miner 002.24,0,0,64,64,3044,12d97d90a8da4dab0d3d933d35faaa94b8952219edafae1e499a4e080ea243e5
MapView.rsrc,14002,0x36b2,14002 Miner 003.24,0,0,64,64,3008,ac2a6f975497e31d2ad6c9cb879a7eb47a0706873cc14fac9dea0764ef7c4d73
MapView.rsrc,14003,0x36b3,14003 Miner 004.24,0,0,64,64,3022,f9a79da6756120855e6b783349d7ea63e50cd950967bc38137e692f7e1d586bd
MapView.rsrc,14004,0x36b4,14004 Miner 005.24,0,0,64,64,3018,122695c107661aa444f4176e5767606bd0d19c493c27990d1569125313f49e64
MapView.rsrc,14005,0x36b5,14005 25Feb Prosp 001.24,0,0,64,64,2956,e220cdae8bb4703a289672d7d83a9a297403af07866637d3ac21a20e9ae95e25
MapView.rsrc,14006,0x36b6,14006 25Feb Prosp 002.24,0,0,64,64,2930,70d3576a8ccaa7aef478aa423e89c19aa34bcd9119127dfaafa0a7a6a40463f9
MapView.rsrc,14007,0x36b7,14007 25Feb Prosp 003.24,0,0,64,64,2830,bb07c069cdd28e69b85863842a7eaaa8ee4bea47b66fca77a9b16b57b363e4bd
MapView.rsrc,14008,0x36b8,14008 25Feb Prosp 004.24,0,0,64,64,2898,5dd734ac9ca69058cb59c44a1ef80f84f8393696751842e0aad762e810e326db
MapView.rsrc,14011,0x36bb,14011 25 Feb Farmer 001.24,0,0,64,64,3260,aa7826bdb5e79b6d5a8d0da85bd5eaef4e9afcde46a7fd07959529e770a85500
MapView.rsrc,14012,0x36bc,14012 25 Feb Farmer 002.24,0,0,64,64,3114,62cec73b1f1fc8fb401baf1192a95e9a0e63da08b6c71dfaf350861ca4e6576a
MapView.rsrc,14015,0x36bf,14015 Forester 01.24,0,0,64,64,3744,71431021cba32beb64ddc101894dbf6aa2ed3d87eee9248fd1ebab58a57fe885
MapView.rsrc,14016,0x36c0,14016 Forester 02.24,0,0,64,64,3666,33f88e246de916988a5aa5074eb017aa7036bd905fa32453f2c793dfbe3c1e72
MapView.rsrc,14017,0x36c1,14017 Forester 03.24,0,0,64,64,3694,053c5ed7b28fc4a0673533a82857b6b5ab986c603919bf13f02ae0b6a8edadc5
MapView.rsrc,14018,0x36c2,14018 Forester 04.24,0,0,64,64,3704,b2132f91b681fa50d12a53f727e64e4d4b4480a1f3fd7eecccfbf06891f28217
MapView.rsrc,14021,0x36c5,14021 Engineer 001.24,0,0,64,64,3002,782d328cd47b3d715a1d98ac9b7a9704f9d71505f62fb1aefd4778817a2ea05c
MapView.rsrc,14022,0x36c6,14022 Engineer 002.24,0,0,64,64,2990,8304d26ab64968d385dda3ed23474ad6d158d0eefe63e1382b1b2bacc9c846e3
MapView.rsrc,14023,0x36c7,14023 Engineer 003.24,0,0,64,64,2992,d1af0202ce812c749512bdcae74f3d34aa7655b675f804e1492d93070bd79d85
MapView.rsrc,14026,0x36ca,14026 Rancher 01.24,0,0,64,64,3586,d815206a7877a9e9188830c306c600ed9fcfb5082b27357c8d931f747487b905
MapView.rsrc,14027,0x36cb,14027 Rancher 02.24,0,0,64,64,3540,5e47b5d1d34f6cbe319952bb9dc2f8d7845c6cf5d3535635949f274cef563fc1
MapView.rsrc,14035,0x36d3,14035 Developer 001.24,0,0,64,64,2992,1358596db452f11d946003eaa51b966c82f65cf5f1a0e75a514869ef7b0145c9
MapView.rsrc,14036,0x36d4,14036 Developer 002.24,0,0,64,64,3090,40e5e7c93c4db63d804f49ab13c10c2208d4d8155ebaf8cb3072d64fe024171a
MapView.rsrc,14037,0x36d5,14037 Developer 003.24,0,0,64,64,3142,3c410df92bfa3e98dcddc189e328dca5808ce75e4b630077c6813e1b6ba77cc6
MapView.rsrc,14040,0x36d8,14040 Driller 001.24,0,0,64,64,3206,3e98623abe93da9cfa00f3184d86773dd2a08a2710087e0a7d22b6556aab1109
MapView.rsrc,14041,0x36d9,14041 Driller 002.24,0,0,64,64,3174,1bdcd88d32a04c300de8b02ef2dc78b82effae733769132abb3eeb8000fa79f0
Minister.rsrc,2016,0x07e0,2016 Council and Arrow.m3C,0,0,640,480,255808,ed99862374b2268576a46dffaef16c04cd5dde69d29ba3d3c98869c96afc9f09
Minister.rsrc,8820,0x2274,8820 Small left corner.m3C,0,0,29,26,2738,338e08ba9f6bd69133ff3bfedea1b1897d950e409752776776f337a6c0783850
Minister.rsrc,8821,0x2275,8821 small right corner.m3C,0,0,31,26,2728,048111e09442cfae6aa80d938f4cf557732366efa6923b20796f863d559d64fa
Minister.rsrc,9480,0x2508,9480 Rwd Flag SotL.m3C,0,0,167,109,18586,dac9fd14500f3c56ef38d807b6ace6eef8570ab217a3a7b0954cb84abd2be186
Minister.rsrc,9481,0x2509,9481 Rwd E1 General.m3C,0,0,167,109,16902,81bd55ea266cc84f6beb8f9da1dd67aaa36d5ecd27e28192cffe43aa17a58d32
Minister.rsrc,9482,0x250a,9482 Rwd Developer.24,0,0,167,109,19724,985408dec745e1e9ed8dbc2548631633e0dc7f5e3c4fa9cac5a129478ca38104
Minister.rsrc,9483,0x250b,9483 Rwd Town L2.24,0,0,167,109,19972,493bb357885e91ca0b2cbe908d67704ad25521e0ee427b1b1db742c7d6c04dad
Minister.rsrc,9484,0x250c,9484 Rwd Town L3.24,0,0,167,109,20314,355789c2b2ba18badae3ffd15e2be05d7dc9dbbb80998a1e61b9a8223e4e2b11
Minister.rsrc,9485,0x250d,9485 Rwd Lg I'clad Shipyd.m3C,0,0,167,109,19226,a50fb8b31d888ed18995968ce410dbc09c4a7d065d7e6731044d70c41bba2829
Minister.rsrc,9486,0x250e,9486 Rwd Armoury Lg.m3C,0,0,167,109,19972,ea96749f9b4906c61a46a0e94cf33b7b658cc6c8be22e367943baeb67a6881f9
Minister.rsrc,9487,0x250f,9487 Rwd University Md.m3C,0,0,167,109,19068,84bb253618fd54ecbd96bd3301bb2310f11c94681cfad93a743b51b6c7138cf4
Minister.rsrc,9488,0x2510,9488 Rwd RR yard Lg.m3C,0,0,167,109,19072,03cf5e6bd09de021f546689926f3972762bb5d8d5cf311e7109184720a81ec12
Minister.rsrc,9489,0x2511,9489 Rwd Capitol Lg.m3C,0,0,167,109,18152,d93fa641fa38a64b7dec799ec94e6f5ab8a8a37ca985712af6173ee2fdb528a9
Minister.rsrc,9490,0x2512,9490 Rwd Mnmt Park(Dip).m3C,0,0,167,109,18096,ea656641f8a08d4f1bf227801848cd922462713019bd0b20b3f8b8915f3244e4
Minister.rsrc,9491,0x2513,9491 Rwd Mnmt Circle (Ind).m3C,0,0,167,109,14790,7c6a1cc29883f06bbd85542f5f200773bf0e655e450e01b31e19ae9242ee9ad0
Minister.rsrc,9492,0x2514,9492 Rwd Mnmt Armoury(Def).m3C,0,0,167,109,18362,5d77920ea50435106be34d91b486dd8ff35f85655eff195d78a56c567df6a867
Minister.rsrc,9493,0x2515,9493 Rwd Flag Ironclad.m3C,0,0,167,109,18076,e72c02cb9ff2d4925f4270a95b1b2992ccaed5fad2dd77a46ddaa33185cb2d68
Minister.rsrc,9494,0x2516,9494 Rwd Flag Irnclad B'ship.m3,0,0,167,109,18776,cd1cf58b719b86a0ee3b09c283f51e3c2f4f687262a1f4133714170359aebfb4
Minister.rsrc,9495,0x2517,9495 Rwd Flag Dreadnought.m3C,0,0,167,109,18152,acb14a0944d868de77cc82e0f0bdb433603bc980ec8ecbd2e14617c832518c30
Minister.rsrc,9496,0x2518,9496 Rwd E2 General.m3C,0,0,167,109,15482,c4d79294b0ac094876324b05ddbe2724b00c8664a87c12ae2ea1b9cd0adda064
Minister.rsrc,9497,0x2519,9497 Rwd E3 General.m3C,0,0,167,109,16470,58220792cd046dc3dc56ea95d0043d2abe3d1ea127ad926322b534629767538b
Minister.rsrc,9498,0x251a,9498 Rwd University Lg.m3C,0,0,167,109,19616,0ce1bed28eb9830b856f2f7fa4676b409c188f93b982af76d1ade50d74f09636
Minister.rsrc,9514,0x252a,9514 Foreign Reward.m3C,0,0,390,282,61060,e0b0b5c2e0cee257673705be15b3315cedc12d583e2e68711c3ce3060c545907
Minister.rsrc,9515,0x252b,9515 Defense Reward.m3C,0,0,390,282,61034,cd7c6777346d4fd350920b0063bfd0489f767f189e693d1cda934886e416d0ca
Minister.rsrc,9516,0x252c,9516 Interior Reward.m3C,0,0,390,282,60790,fed247a91b180e0ae02cbefbff98c108b99852ada63674f538f9d78d07d81e90
Multiplayer.rsrc,4600,0x11f8,4600 Multi-Lounge BG Open.24,0,0,640,480,254324,fd770a4076bde3088864443f86f15715c8b5d40307de13dd58f8ef3e9e5df12a
Multiplayer.rsrc,4601,0x11f9,4601 Multi-lounge BG Close.24,0,0,640,480,253568,269eaccc4dfa7efb3517d9638cc5f5be7149d0b232f9c2b876b678f8b3ff80f2
Multiplayer.rsrc,4602,0x11fa,4602 Chat History Backgr,0,0,326,180,42986,b4e55e249d80c9b92c4d49d843422a0e8c7cc1f5a61eaf48ea4504ac4861223f
Multiplayer.rsrc,4603,0x11fb,4603 Chat Slider.24,0,0,18,18,2472,7222edcab8e57ac258afc86c51fbd9b33715b8ee57fec835840e2b8ec9bf3a5b
Multiplayer.rsrc,4604,0x11fc,4604 Host Button Up.24,0,0,213,36,8172,b00204ad6ddef898ebd7ce25ddb45cc6a758ee40ca4016c743edf381121ed1ef
Multiplayer.rsrc,4605,0x11fd,4605 Host Button Dn.24,0,0,213,36,7854,87728f9c4456a1d242292d2c1b8150a6337ad826fd45d742878f07ea30fb23ce
Multiplayer.rsrc,4606,0x11fe,4606 Waiting Icon (hrglass).24,0,0,25,36,3088,2aa8122f2ea9313c5b1d2fd9253109783ddb2b760aa02a717757b9beba4ccea5
Multiplayer.rsrc,4607,0x11ff,4607 Ready Icon (Check).24,0,0,25,36,3116,4cb73c11002b0d0ca874dfd6ea46676cf649f6837e96b57b656d6af3f6442a8e
Multiplayer.rsrc,4608,0x1200,4608 Computer Icon.24,0,0,25,36,3030,5a1fc11d6e388fce37eb3d3272d4f9484b3db1dd70fed84f8000f259c827f746
Multiplayer.rsrc,4609,0x1201,4609 Disconnect Icon.24,0,0,25,36,3128,b5ee49a3171357d03f948c2ea7bfacf4b633d4ea7ae57e61f3b34fcf538ca4f2
Multiplayer.rsrc,4610,0x1202,4610 Player Dead Icon.24,0,0,25,36,2984,44ac93d5cb0b7c6df1df50db17a920799719d8a1481d636cf1084ea18d525da7
Multiplayer.rsrc,4640,0x1220,4640 Choose a Game.24,0,0,307,324,60750,202adc91f3fe3806f6568a4357f14da90e9fccd99fe5bcf89df3397894bd8267
Multiplayer.rsrc,4650,0x122a,4650 Chat Box Backgr.24,0,0,336,123,24996,922a282fe795c9822b9631626e46b2f1fe3b2879e8ad4b04c8189d71667ede8f
Shipyard.rsrc,9800,0x2648,9800 Shipyard Backround.m3C,0,0,370,410,150772,80a64fb90c0e8197a4865ab3ba28455f5e8b582028b349cec75e2426a460129d
Shipyard.rsrc,9802,0x264a,9802 Left up.m3C,0,0,20,20,2606,0c11e55f1e03325771f6171bf9d25a78ac090dd09e56c511e5a8b2b4d3a58907
Shipyard.rsrc,9803,0x264b,9803 Left down.m3C,0,0,20,20,2610,db35242cfc2418161d325516e010b1036c71eef68edc922aaae414c9bc529794
Shipyard.rsrc,9804,0x264c,9804 Right up.m3C,0,0,20,20,2606,0eeecdb5157b7539205722277caadd342986da7dd9156acf3ec475691196275b
Shipyard.rsrc,9805,0x264d,9805 Right down.m3C,0,0,20,20,2608,6699e27a740fac5e5a6c9acf007eb138e919493d5990744470787460b856aef3
Shipyard.rsrc,9807,0x264f,9807 21 July shipst (Converted),0,0,1040,45,20714,df10328da3fb7fc7829bb46d135984bca808511ebdaa86e306b86b6a84d14096
Shipyard.rsrc,9808,0x2650,9808 Button0 up.m3C,0,0,89,78,9052,b76f7c5c89734150ceed998c8473eec7a45a89b52e79141014e8623a0ee167d6
Shipyard.rsrc,9809,0x2651,9809 Button 0 down.m3C,0,0,89,78,8932,abb2193ee48815314dea7a907cc51ffdaff36a2a6032f7694be0eec36ec48ab5
Shipyard.rsrc,9810,0x2652,9810 Button1 up.m3C,0,0,89,78,9024,f47cc2071473fd22ddf1d0c161ce970783c383ebeec7381f4950a72b128c67fc
Shipyard.rsrc,9811,0x2653,9811 Button1 down.m3C,0,0,89,78,8972,9cb095e06a27e43ed25a1f351f912bb3d29649d2f75f3f2cd386b35fa83f1fa9
Shipyard.rsrc,9812,0x2654,9812 Button 2 up.m3C,0,0,89,78,9082,8b846fb319e15d491109f5aae6dd5aa8419cc0e489488689bb0c2490dd4ab2bb
Shipyard.rsrc,9813,0x2655,9813 Button 2 down.m3C,0,0,89,78,9032,98d8e67e8ce5085e50e9afba2922f28169aa1417d498eb344e79ed1f3fed36e3
Shipyard.rsrc,9814,0x2656,9814 Button3 up.m3C,0,0,89,78,9078,86f9112e9910c81c301879f475f7ddf7aa0d4b7774a2147c1a9b3e67f4c06687
Shipyard.rsrc,9815,0x2657,9815 button 3 down.m3C,0,0,89,78,9006,1ad1986e432cde5fa922b8c4af4403984b283b498b259b573e06cbee9ba40585
Shipyard.rsrc,9816,0x2658,9816 Button4 up.m3C,0,0,89,78,9044,5ceddb79cfa89d116047476ed90e343c73363f3eab373696a515f96d2e0af6fb
Shipyard.rsrc,9817,0x2659,9817 button 4 down.m3C,0,0,89,78,8960,66441e117c4d29edb49c83231d6cd020cb3e374ec3175d8f7b19e46440b2a0cc
Shipyard.rsrc,9818,0x265a,9818 Button 5 up.m3C,0,0,89,78,9074,2833d77817faa169c0ff073f5454da6218334aa20ac86a206c5757ad573c202b
Shipyard.rsrc,9819,0x265b,9819 button 5 down.m3C,0,0,89,78,9026,06f2d9848be94052dd8ad5e25e03041ae584c66405693d28096cee80c86304d6
Shipyard.rsrc,9820,0x265c,9820 Button 6 up.m3C,0,0,89,78,9022,1763524dd34beffac1de68fc0988d02af69759dc9c7569b5ad031f3ab5afb21b
Shipyard.rsrc,9821,0x265d,9821 button 6 down.m3C,0,0,89,78,8994,7058a3db937b589c72ffff372a8c4fffffe67c917595088825d4f2efae97fe67
Shipyard.rsrc,9822,0x265e,9822 Button 7 up.m3C,0,0,89,78,9084,c0d9174bf2b7340be1c783e4b591bd9877e95053db16291780e5464080a73cc0
Shipyard.rsrc,9823,0x265f,9823 button 7 down.m3C,0,0,89,78,8986,703aad4915f08dee5e5c8947bda39e01c8faf720640f7fd34a048c98b06a3cbc
Shipyard.rsrc,9835,0x266b,9835 Trader Pic.m3C,0,0,86,45,5404,75cc8b3af18d4005008be89628a3cab14d7756e3824ff0473579b82b6354097c
Shipyard.rsrc,9836,0x266c,9836 Indiaman Pic.m3C,0,0,86,45,6082,b7946759e0acf7874769d32bb6ce85cadc9c0d6c05bf4dfc6b96df51476492b9
Shipyard.rsrc,9837,0x266d,9837 Frigate Pic.m3C,0,0,86,45,6100,39131358042bdf2253a8762c915e8c0b4f436883ed5b9e571fae8923a267f045
Shipyard.rsrc,9838,0x266e,9838 SOL Pic.m3C,0,0,86,45,6132,5e9bb4848e9c41612ca258f5e20c36e77d59b737d75a0e52dda3985c9beab6a2
Shipyard.rsrc,9839,0x266f,9839 MerchantSteamer Pic.m3C,0,0,86,45,6110,4362aac586c42a18416b3a32ae6bfdc859354abf60ba98dd30b77c09d70ab8af
Shipyard.rsrc,9840,0x2670,9840 Clipper Pic.m3C,0,0,86,45,6034,d8eb6f451c791b2d92d263f9f6c4289f8c42417ba3e39483c8757b8454f67b4b
Shipyard.rsrc,9841,0x2671,9841 Raider Pic.m3C,0,0,86,45,6130,9a5795e80d57ebf8ee721b9abdba631f35e980c4fce75f50df53eb65180c1b62
Shipyard.rsrc,9842,0x2672,9842 Ironclad Pic.m3C,0,0,86,45,6114,1e5cbabe94f12dfebf9ef007d8206d24d4ab5a3786b4aec050762f13633e1a43
Shipyard.rsrc,9843,0x2673,9843 IronBattle Pic.m3C,0,0,86,45,6104,8b16dd2679528e7ad1cb1a2649e92e7bfd635ad26ba185fbdeb704c3fb1c35e6
Shipyard.rsrc,9844,0x2674,9844 Freighter Pic.m3C,0,0,86,45,6066,c7737d276132770efd6b650e841020dded2fad0722f500aca1290f97b9cdfebb
Shipyard.rsrc,9845,0x2675,9845 ArmCruiser Pic.m3C,0,0,86,45,6092,8ac86a48fd6d17b9baf8e1fec6397c9c1cbf745f64c6af839d5273c4f987e07c
Shipyard.rsrc,9846,0x2676,9846 Dreadnaught Pic.m3C,0,0,86,45,6076,c52a15bc882246342b40f8ad8f8f63b407b1a6b7bfe3182e638170cce5cd95f0
Shipyard.rsrc,9847,0x2677,9847 BattleCruiser Pic.m3C,0,0,86,45,6066,612f11d381cb25ca0b906630a40f5fb4832a512fff819f29319a2204a75dc57b
Startup.rsrc,1016,0x03f8,1016 City Site Selection.24,0,0,640,480,80532,7d6ccc6c9f5d8a9af5f4f7dc63f3e69a2feb1f9e6ce72e4d33754d465ec7a9a3
Startup.rsrc,1017,0x03f9,1017 Query (Site Selection).24,0,0,26,36,3094,db599effc8f4c3c4993ea5a0df89a1b58782113c115c26774443c27f1eda1765
Startup.rsrc,1018,0x03fa,1018 Return (Site Selection).24,0,0,83,36,4726,65ef718ef93f0eff41560dedc87969133741ee5a9a563e62bd38adb8186e62a1
Startup.rsrc,4200,0x1068,4200 Connex Room  (Converted 2),0,0,640,480,203030,c7bb190b8400cce658e794afe5814c2cc73227e431b9571dc0c6b437436ab1e8
Startup.rsrc,4501,0x1195,4501 30July Random World.24,0,0,640,480,232754,b9124c208014353b1373bb148d048640893a5fd67d28567096519e6f1828c2e4
Startup.rsrc,4503,0x1197,4503 Scenario Backgr.24,0,0,640,480,196908,dfeb4c1dbe92d744455ad4d531a01f4d9942618b080297467c1a1ffb10218cab
Startup.rsrc,4504,0x1198,4504 Scenario w/Plates.24,0,0,640,480,200392,d7382cada69291a6a59ab9179760ef496a5fd4d8b44ca9af3274387d4655194d
Startup.rsrc,4505,0x1199,4505 Scenario More Dn.24,0,0,52,24,2608,2b83d7e2e060d5d45a5f1b099d27e8db847563bd5e6a949b28c5b1c1f8cf1ab5
Startup.rsrc,4515,0x11a3,4515 Previous Up.24,0,0,123,26,3044,4a14604c8e10b04e1376267737be48dab460a61251f007e272859bbc6d29988e
Startup.rsrc,4516,0x11a4,4516 Previous Dn.24,0,0,123,26,2854,c2a9e053c14a5896078af9345319ec08a0af23b6dfa18bbbf76f9516d7440a26
Startup.rsrc,4540,0x11bc,4540 Random w/plate (Converted),0,0,640,480,230590,f87035838a235060929a3b64d728e23b221f6129a4eb97dc25d1f84df7711ed5
Startup.rsrc,4541,0x11bd,4541 Gender Plate.24,0,0,330,175,34764,01534fa602a41e9e40aca48cd9fb61aa3900fd3d7d943c033d1e942373347577
Startup.rsrc,4557,0x11cd,4557 Random Imp COA.24,0,0,70,94,8704,8f639ed99ed1cb2fdcfc01b6dc430739015e8a74712c3c62a04bdc64952ec287
Startup.rsrc,4560,0x11d0,4560 RndmWrld Globe 001.24,0,0,128,128,16954,5110d375599a4255ed4eb891f22409e3a34848a8cd23c1575575e547722528c8
Startup.rsrc,4561,0x11d1,4561 RndmWrld Globe 002.24,0,0,128,128,17084,b6a3fe551e368f8c2a6f2a0775f63c5eb01c090a0864cacc16ff661bcc00553d
Startup.rsrc,4562,0x11d2,4562 RndmWrld Globe 003.24,0,0,128,128,16980,be5b7c451133b04904c0ed992a79a59b0bf2c94b7adbac5db4e3ac4272252585
Startup.rsrc,4563,0x11d3,4563 RndmWrld Globe 004.24,0,0,128,128,17028,b5990e780d116b9d6b3a60a575be53e15b9f137eb54a3d60583092c9c6a6994b
Startup.rsrc,4564,0x11d4,4564 RndmWrld Globe 005.24,0,0,128,128,16870,82f63350b341b4267f535a2f2fa74b81a7de05519fe6f133a70e7815d002eefd
Startup.rsrc,4565,0x11d5,4565 RndmWrld Globe 006.24,0,0,128,128,16798,957749ea776ecd37e5afbd06a80df658a625ef361010f9fd15c13c47379d74ba
Startup.rsrc,4566,0x11d6,4566 RndmWrld Globe 007.24,0,0,128,128,16822,7047170b46a5338a3c4ce43bc46b605fac76d39c8f34ea0fc30dd36b0bb17de7
Startup.rsrc,4567,0x11d7,4567 RndmWrld Globe 008.24,0,0,128,128,16766,a5e699fc17467808aa8bb6ecdd5d519ca1cb5cf4a0306f276946b6f5e1914917
Startup.rsrc,4568,0x11d8,4568 RndmWrld Globe 009.24,0,0,128,128,16778,7ad7b16c771c48c2a19d4a0045c64401766c2ea976fb454c8b31970ab37a996e
Startup.rsrc,4569,0x11d9,4569 RndmWrld Globe 010.24,0,0,128,128,16812,434138a47cb16a276128759996dc7d0bab582f2eca6e3fcb1fc3188ac968c35f
Startup.rsrc,4570,0x11da,4570 RndmWrld Globe 011.24,0,0,128,128,16840,9c65a8cac34d1df53737d52e636da27e649d82ff9908783f517a2fab63f3e8ed
Startup.rsrc,4571,0x11db,4571 RndmWrld Globe 012.24,0,0,128,128,16822,58d048ad38ad5e1a606a6479e07618ba737f7083d471718868a080e882d4b786
Startup.rsrc,4572,0x11dc,4572 RndmWrld Globe 013.24,0,0,128,128,16938,d04b65600178c102e5f2eb128418e91076cf382c7ce6f2cc08fb1fcacca3e5b7
Startup.rsrc,4573,0x11dd,4573 RndmWrld Globe 014.24,0,0,128,128,16874,7edda6fe3e58d2108cd4e269d8eefbf212532f17d692b5714d4819d80356ba18
Startup.rsrc,4574,0x11de,4574 RndmWrld Globe 015.24,0,0,128,128,16932,060a924616b9ae616017a66167a231d8391132f5db53d5dd88a02e4490a89767
Startup.rsrc,4575,0x11df,4575 RndmWrld Globe 016.24,0,0,128,128,17046,5db9f8108ed95b62ae48e4a28cfab72b92cdd95a10a0fc92f606a6b0609052b0
Startup.rsrc,4576,0x11e0,4576 RndmWrld Globe 017.24,0,0,128,128,17094,1898b3ac79d9f07d7b508226a31004ca6946b8d371226e29e6f7a864ab91963f
Startup.rsrc,4577,0x11e1,4577 RndmWrld Globe 018.24,0,0,128,128,17082,01af9ecd9c3afa15936ecb6fe72bf805fff46ac9c3b037d7d6ef9d1838796540
Startup.rsrc,4578,0x11e2,4578 RndmWrld Globe 019.24,0,0,128,128,17106,9b7afde656422fffc2acdd02627cc6e9884af9b129761db3ed495f4ea9ecd0d1
Startup.rsrc,4579,0x11e3,4579 RndmWrld Globe 020.24,0,0,128,128,17124,c2122bedf21e6d8d69222f66adf2394f0ddaba33b2279bb0b3837f6cfd00f5fc
Startup.rsrc,4580,0x11e4,4580 RndmWrld Globe 021.24,0,0,128,128,17122,3248ef6aff3ed9712405ec5e8e439b4db819899941aed0a408aa344e12ee0942
Startup.rsrc,4581,0x11e5,4581 RndmWrld Globe 022.24,0,0,128,128,17204,ad4912cbeba8b1f75cf7cec56963652911a79e5875fb733f31256c91ce821ef6
Startup.rsrc,4582,0x11e6,4582 RndmWrld Globe 023.24,0,0,128,128,17076,0d1a54ce2c041674ffb936e17309c844d2b1d359dae364eba8326828ec0ac048
Startup.rsrc,4583,0x11e7,4583 RndmWrld Globe 024.24,0,0,128,128,16966,395a7858c17ee9e5e082cd4059c9fa69764ad2347f9fcf22c852b739443ede69
Startup.rsrc,4595,0x11f3,4595 Scoring Backgr.24,0,0,640,480,267178,9fc4ac5cd053372c49582f0e537a5d9c8f4071798c0cf5a0683b5e6b9a957e66
Startup.rsrc,4596,0x11f4,4596 Scoring Return Dn.24,0,0,31,52,3904,41a5131d5b451fc1ac8ff3a3ca35b19b8bf9c95f7991db6634df3d8695b292a4
TacMaps.rsrc,3850,0x0f0a,3850 Tactical Map 001,0,0,1525,450,663764,87d5ab2db629c5bfd12acafbfa3e1271df3a56be8b3b877ef4077fcaa5511616
TacMaps.rsrc,3851,0x0f0b,3851 Tactical Map 002,0,0,1525,450,672338,15e9b0156012ccada87ea8759db22c5c0aff058ddf80e7beb657045c04d6afbf
TacMaps.rsrc,3852,0x0f0c,3852 Tactical Map 003,0,0,1525,450,671542,1bbbbae3da0cd2a7a3a8bc232ab1655fe238368e36db7873995e531a4ee0d6b4
TacMaps.rsrc,3853,0x0f0d,3853 Tactical Map 004,0,0,1525,450,663500,a3b691c1953e724c1fb93e1e1f3c52592b1f1e2775acf7b05816a2a82ae5e18c
TacMaps.rsrc,3854,0x0f0e,3854 Fort Backgroun (Converted),0,0,286,450,129210,af47e4312cd80af7dda6ff38bd2e7490134c6d5b0170f865a51ddf651904b5d7
Tactical.rsrc,3786,0x0eca,3786 Tac Query Up.24,0,0,35,44,3686,f4eaa2c7c99b658330d8160e6c44ba43d9cc6e58329ab8aa77595b20a9a544f6
Tactical.rsrc,3787,0x0ecb,3787 Tac Query Dn.24,0,0,35,44,3690,ee1a402a06beae8d1810b3e7ec7ae3fabf0f7f4bd531c933631f6082e5244da0
Tactical.rsrc,3788,0x0ecc,3788 Tac Target Up.24,0,0,35,34,3322,1de1dc4b3ebaff327707400930e220ec0f4521c394bc3b2609e104ffd8ab8242
Tactical.rsrc,3789,0x0ecd,3789 Tac Target Dn.24,0,0,35,34,3314,7ed3f166153acf42adce12e1eafa61f861823710e646cc80be0a9d231b65072a
Tactical.rsrc,3790,0x0ece,3790 Tac Done Up.24,0,0,35,34,3328,5bc8014d10b158024a512cd970f97e69f3f5f9ed4be9e5cd325047380a71f047
Tactical.rsrc,3791,0x0ecf,3791 Tac Done Dn.24,0,0,35,34,3320,c4e23e430492e5d66397ce3151ad67185b38e7fede810d5836dc7a0318dbf668
Tactical.rsrc,3792,0x0ed0,3792 Tac Auto-Retreat Up.24,0,0,35,34,3340,84f127297fc07b3dd0fc3b67ee6804b1ce4bd14dd161c83a26444946c5daa5c6
Tactical.rsrc,3793,0x0ed1,3793 Tac Auto-Retreat Dn.24,0,0,35,34,3334,3d5cc94b074fbf29bf5defdfb642405d79eadd54a9f84eaa4a8b231ec6bc21fc
Tactical.rsrc,3794,0x0ed2,3795 Tac Proceed 2 Battle Dn.24,0,0,35,34,3328,91a13d6a357e4dc160a952dab340745001e7cd11de53bd07bec594146a1c744e
Tactical.rsrc,3795,0x0ed3,3794 Tac Proceed 2 Battle Up.24,0,0,35,34,3322,7061f2b8708bc73c421911e357047f3cd8debdb8bdebaefedf70d669847671d5
Tactical.rsrc,3796,0x0ed4,3796 Tac Skip Up.24,0,0,35,34,3350,ea40683c9f3cd7c07d2d1747165135f1cb4589979bbce596652bf83deb9826fa
Tactical.rsrc,3797,0x0ed5,3797 Tac Skip Dn.24,0,0,35,34,3356,82166744bbf405cd1582b75966a503f85d5b647d117db1cd40abcd10025cee55
Tactical.rsrc,3798,0x0ed6,3798 Tac Auto-Resolve Up.24,0,0,50,62,5232,a82aa9e92dc9c077624e9e3c5808bb5884a6dbb4d0816767ceb414c40bc49bb1
Tactical.rsrc,3799,0x0ed7,3799 Tac Auto-Resolve Dn.24,0,0,50,62,5262,c4bc00b032f20cd546e266f28ffbe6c2f9180f2054ad156f7ec5db8be79653c0
Tactical.rsrc,3800,0x0ed8,3800 Tactical TB.24,0,0,640,480,49356,d8e4844f3991011fc66aed3f15cbeac25b31d13160d8cd034189bde49b92762e
Tactical.rsrc,3810,0x0ee2,3810 Tac Unit Strip.24,0,0,1500,100,56716,4f6ba243d4955b81ebe0756738061611c7762668ad7e929383cd6c19542796ae
Tactical.rsrc,3811,0x0ee3,3811 Tactical Ship Strip.m3C,0,0,640,90,26286,fa07d7e86e5a5ef9619be0dc8f46d7d0ee6f3e32acc6ad5f1828ccf4c84a5b76
Tactical.rsrc,3815,0x0ee7,17Apr Entrench.24,0,0,1650,30,23028,70cff555e89cd556933073732d51d5e6f089801593c17f7ae9a6945e97799cc4
Tactical.rsrc,3816,0x0ee8,3816 Fort Strip E1(Mag).24,0,0,900,30,14962,2115e87829271413938236209b339dd298a4714f64e42c15a4d0254eab10a4da
Tactical.rsrc,3817,0x0ee9,3817 Fort Strip E2 (Mag).24,0,0,900,30,17192,444bde29a926857570bc372322ea2000724c960710afaeb831f752237720892a
Tactical.rsrc,3818,0x0eea,3818 Fort Strip E3 (Mag).24,0,0,900,30,17776,b7227dc0d937f836eadf296fe3985747096d13daa123a192f351d31bda4874d6
Tactical.rsrc,3819,0x0eeb,3817 Saps Strip.24,0,0,1400,30,23516,cd4feb94581e900888ef94df4a4da25c2887ce2271416b3e8ee8a17e019ed219
Tactical.rsrc,3865,0x0f19,3865 22Jul Tactic (Converted 2),0,0,442,297,82614,ad0b94ed6ade0b0a8d008b344d3aa9eb314f0b4e9066b3ecaf0075ddde9a855d
Tactical.rsrc,3870,0x0f1e,3870 Militia 1 TB.24,0,0,50,50,3144,663881c76842e1221d6232a3d39157ee37d8ffb8c6fecedff1d5e3d69ea33da2
Tactical.rsrc,3871,0x0f1f,3871 Flipped E1 Militia.24,0,0,50,50,3208,9e476710595cfdea60fbac29db840b62e939cba1def6f1475e74183b33d288ac
Tactical.rsrc,3872,0x0f20,3872 L Inf 1 TB.24,0,0,50,50,3128,4ef334daf6f7174a48acc11d6572ef980a3c386318be378f00d28d00c0c95043
Tactical.rsrc,3873,0x0f21,3873 Flipped E1 Light Inf.24,0,0,50,50,3176,bc08b4a7d83b123d61cef104725b472e0d9a827996cb9ffac9f5448aaf2dad9e
Tactical.rsrc,3874,0x0f22,3874  Regular 1 TB.24,0,0,50,50,3194,364ca1488450dda457c0528462aa395591368816a88d772a86b700222f506c1a
Tactical.rsrc,3875,0x0f23,3875 Flipped E1 Reg Inf.24,0,0,50,50,3132,75f78e5f7b9b6f524f22cc8c5401c197cc0588685efbb4089f139a1cbee2805d
Tactical.rsrc,3876,0x0f24,3876 Hvy Inf 1 TB.24,0,0,50,50,3358,a0d8551041c4f7287552dd442039e83ef7ad8b0cf1b23febecad26da1187b82d
Tactical.rsrc,3877,0x0f25,3877 Flipped E1 Heavy Inf.24,0,0,50,50,3118,07c44d7132581fd82552ee048cad05eeb51516b62ece32afc857b709a50f952d
Tactical.rsrc,3878,0x0f26,3878 Light Cav 1 TB.24,0,0,50,50,3610,f66d61fdee583e6e747179bd47260012ad489ed166327de84c3054925e2d9516
Tactical.rsrc,3879,0x0f27,3879 Flipped E1 Light Cav.24,0,0,50,50,3612,8671a7a57d1f8e8d5874bc94f074baad3f10a3ca9118e43f6c3e4dda70094968
Tactical.rsrc,3880,0x0f28,3880 Hvy Cav 1 TB.24,0,0,50,50,3520,49b1f66812e76fef1b695b4db676691448b534f2b641a50e227182253f5b2848
Tactical.rsrc,3881,0x0f29,3881 Flipped E1 H Cav.24,0,0,50,50,3482,e709072e54b5b361a229dbb15e58917ebd4d2d1683ced920cde9fc43d2305544
Tactical.rsrc,3882,0x0f2a,3882 Light Art 1 TB.24,0,0,50,50,3408,93e4c8ae23e0d123c9667f0929bb6d3ae8a23dd1ac1e9399ba783c35754d0e34
Tactical.rsrc,3883,0x0f2b,3883 Flipped E1 L Art.24,0,0,50,50,3408,defe78bc9f2b466fd6462698049d5dd42612d07ac470cf2b8a0096d8fd8bd38f
Tactical.rsrc,3884,0x0f2c,3884 Hvy Art 1 TB.24,0,0,50,50,3414,ce03ccfb4ec1abc9fa1d446f72c10cae4f562a6138e0cfa78626f0466b686d2d
Tactical.rsrc,3885,0x0f2d,3885 Flipped E1 Heav Art.24,0,0,50,50,3496,a074c6ebc47dd17d0217430deff6de802e625d76d5313879828b4cfdbe72a3cb
Tactical.rsrc,3886,0x0f2e,3886 Militia 2 TB.24,0,0,50,50,3124,f3d96277de9e52b41b204facff99eb3a8f624a1003af1443784ebe56d8cf5923
Tactical.rsrc,3887,0x0f2f,3887 Flipped E2 Militia.24,0,0,50,50,3092,62ac71c3c9e13b38cc02fe83096f054b2449819ac41e5e774199fa8ef57cf1fb
Tactical.rsrc,3888,0x0f30,3888 Light Inf 2 TB.24,0,0,50,50,3060,ac9969f96f591378a8f14755a3f23fa8e3537140ee298edf78547c9773683484
Tactical.rsrc,3889,0x0f31,3889 Flipped E2 L Inf.24,0,0,50,50,3118,7e06fa75bb3f14ef769c6dbbbda76f05397987e05fda99b3ab282b418ff2e5e4
Tactical.rsrc,3890,0x0f32,3890 Reg Inf 2 TB.24,0,0,50,50,2972,26201c2ef80bc03835346ba596c4c5a94ee0523f501d78f1c589f537c29bf32d
Tactical.rsrc,3891,0x0f33,3891 Flipped E2 Regular.24,0,0,50,50,3270,dd4dbbdde4a082df0f778ab0c7c908361304eb9b9499f404e76affa84ebb8d58
Tactical.rsrc,3892,0x0f34,3892 Hvy Inf 2 TB.24,0,0,50,50,3276,cc25b38e436e9d723a31fe162234a91c72155990b68874d84e622af5d5453ff9
Tactical.rsrc,3893,0x0f35,3893 Flipped E2 Heavy INf.24,0,0,50,50,2958,69a4d6e4e3636b094a536b14530b63e6da6db6161f6ea5e84088245206e6be8e
Tactical.rsrc,3894,0x0f36,3894 Light Cav 2 TB.24,0,0,50,50,3558,900da40a49406ecdb3c91870e83fb0d4479348ca17dee6d1824373c53f1a62ce
Tactical.rsrc,3895,0x0f37,3895 Flipped E2Light Cav.24,0,0,50,50,3440,6f23e1faf00b7ed2d54e2b1f79cf6d309c459d20f36ed17c7f1deccb6c60ef89
Tactical.rsrc,3896,0x0f38,3896 Hvy Cav 2 TB.24,0,0,50,50,3474,2652759e7a2c260ccf57093ec89b27ad0fdd62e8474291294a11879a67457f74
Tactical.rsrc,3897,0x0f39,3897 Flipped E2 H Cav.24,0,0,50,50,3428,469a691ff6b24bdd2f1f6f04a5ab3d7dd0c92643ec73c542a0a37521b037eefd
Tactical.rsrc,3898,0x0f3a,3898 Light Art 2 TB.24,0,0,50,50,3352,87e7f9ac30875e38853713bdee38f571c7cf3bea54b237825615b3bdc033385f
Tactical.rsrc,3899,0x0f3b,3899 Flipped E2 L Art.24,0,0,50,50,3278,db6186c11a7a08aed827387e5d8281d159dab657ddadf09dbb38d358a8cb0730
Tactical.rsrc,3900,0x0f3c,3900 Hvy Art 2 TB.24,0,0,50,50,3382,788a0b4785086ae623065f1f839e9bce9a191af1ef55af052cbb35a1694c912c
Tactical.rsrc,3901,0x0f3d,3901 Flipped E2 H Art.24,0,0,50,50,3396,6276babc6ad82892e9c7e01f5acab912a0f4acde6cf50e500ab769b15f684e46
Tactical.rsrc,3902,0x0f3e,3902 Era 3 Militia.24,0,0,50,50,3104,d3c19dce7b482c41ff4ccff788983fd9b13747034017fa616d0bb1005a271a10
Tactical.rsrc,3903,0x0f3f,3903 Era 3 flipped Militia.24,0,0,50,50,3106,94b864944c3d8c40f4f7b9b0d1d04cacd6e6d39a104f1281361fbae74120ea51
Tactical.rsrc,3904,0x0f40,3904 Era 3 L Inf.24,0,0,50,50,3024,86c02b796a1e1f220f3c763661fe1ae807c6bdcfe28a8429131b2a62aeea3cc7
Tactical.rsrc,3905,0x0f41,3905 Era 3 Flipped LInf.24,0,0,50,50,3106,760602d4ce51fe96319df1a74c3e883ec0c6483bee4ea1b4518de36b2a186875
Tactical.rsrc,3906,0x0f42,3906 Era 3 Regular.24,0,0,50,50,2954,618e93c6edbeb4a4a864153f14a9ec6d33b965bc008dc7c7eea27da2326c9e73
Tactical.rsrc,3907,0x0f43,3907 Era 3 Flipped Reg.24,0,0,50,50,2954,bb75e2010301424557fb1ed3033a5d2fbf4f48af2dca4f46997147625c6ed00d
Tactical.rsrc,3908,0x0f44,3908 Era 3 Heavy Inf.24,0,0,50,50,3038,fa047162310f2336a0bbc265d21a09cc7e98c9d6a17107b90a19791bd1c2d099
Tactical.rsrc,3909,0x0f45,3909 Era 3 Flipped HeavyIN.24,0,0,50,50,3036,2a721f5e2e89b72a16e74af180ddcc0a28285a64290e15b11ae6616815ca65a9
Tactical.rsrc,3910,0x0f46,3910 Era 3 LCav.24,0,0,50,50,3558,9b159bc39189beadedd31cdbb55e4d26e6908208dd3a20563f19e3c07588f7ef
Tactical.rsrc,3911,0x0f47,3911 Flipped Era 3 LCav.24,0,0,50,50,3496,1621300fa2f7189dfbca2bdf1d19d19aca8dea298de864388aff8f185268d0a9
Tactical.rsrc,3912,0x0f48,3912 Era 3 Armor.24,0,0,50,50,3334,36fb08f5faa3e0a171ee43cccb47aedef69d0ed6b3d68eabcbcd0c5965887001
Tactical.rsrc,3913,0x0f49,3913 E3 Flipped Armor.24,0,0,50,50,3328,608cc89e53c9fdd078d6f9f9039e2f4e47635131f20b44d17929022a30799ff1
Tactical.rsrc,3914,0x0f4a,3914 E3 L Art.24,0,0,50,50,3440,2affd7598900de8df96750da96c0af02d142519fd7a1af428834060fcae9eadb
Tactical.rsrc,3915,0x0f4b,3915 E3 Flipped L Art.24 ,0,0,50,50,3402,bfa7696bc352653c071b8df324ea5cf74ef5a68469a7ad8e5496e30612279b3e
Tactical.rsrc,3916,0x0f4c,3916 E3 Heavy Art.24,0,0,50,50,3238,78c8661514b3156a614c3650c02ff3087e65f2927a52fe4fb8b2f94dcfb4a471
Tactical.rsrc,3917,0x0f4d,3917 E3 Flipped H Art.24,0,0,50,50,3468,f15d523c063a3d47f4a1dcd8ddd54d2a9a7ffd75ca265274c205bc79c096b2df
Tactical.rsrc,3918,0x0f4e,3918 Demolitions 1 TB.24,0,0,50,50,3206,a666f41ff860b4955a2dc8776c2819017c035e8a47f75a96b46b658ced477563
Tactical.rsrc,3919,0x0f4f,3919 E1 Flipped Sapper.24,0,0,50,50,3200,e9f6cee66692c13a83a4f5af9f1d1274b03a232d88655b8cec80a4e9dff0e8c3
Tactical.rsrc,3920,0x0f50,3920 Demolitions 2 TB.24,0,0,50,50,3182,8a34419222845cd5f05789f029ed7af0b9194fe1891beeea33d0a97e5cead216
Tactical.rsrc,3921,0x0f51,3921 E2 Flipped sapper.24,0,0,50,50,3198,f65dd0b5376cf36fb1c1282585ce15bf013742d79f973e686f8da3a15967c6f2
Tactical.rsrc,3922,0x0f52,3922 E3 Sapper.24,0,0,50,50,3182,5eb1d1a00a3983ed121b8d89f6163eb6e9769046cef7042f48c903ec9740c19c
Tactical.rsrc,3923,0x0f53,3923 E3 Flipped sapper.24,0,0,50,50,3130,d627b851df578aa1187043ad0f06339dfa1c89f40c8b47b3ca3c6554fe33655f
Tactical.rsrc,3924,0x0f54,3924 General 1 TB.24,0,0,50,50,3464,56b997e080ba5275a808c407fc5262b19cef1c7506e4f364d34d5f78432f85c6
Tactical.rsrc,3925,0x0f55,3925 E1 Flipped general.24,0,0,50,50,3388,b906a4f6e367d24baf06d18ed1dc7705a0dae2d86626e0b3d8522c48c0366a02
Tactical.rsrc,3926,0x0f56,3926 General 2 TB.24,0,0,50,50,3422,5fef08afd5af0f93dcb2b95e2ee71e52aefe79efe4c9bdf24c980fcf57130a92
Tactical.rsrc,3927,0x0f57,3927 E2 Flipped General.24,0,0,50,50,3466,7ec5b81a53c15fe972863715d67e6df90f2566732de8c2eab3840327ea88ed2a
Tactical.rsrc,3928,0x0f58,3928 E3 General.24,0,0,50,50,3288,b58908d99333cc5be8a95a9bdbccdb79c1abf63ce0304937d37d5017e6292ca1
Tactical.rsrc,3929,0x0f59,3929 E3 Flipped General.24,0,0,50,50,3172,218b8307e6c3ce1bc3160542a6870d77d6c05a882a46065fc50f550631a38c91
Tactical.rsrc,3930,0x0f5a,3930 Frigate.m3C,0,0,80,45,2404,f3ca4722b3134dcad50a02d899894cad713e66455980e0ba912411e4fe49ba51
Tactical.rsrc,3931,0x0f5b,3931 Ship-o'-th'-Line.m3C,0,0,80,45,2472,504c0b5f9a680cdc761bb9069d3a35c54f71d66907df29d2a8358142c61c3c27
Tactical.rsrc,3932,0x0f5c,3932 Raider.m3C,0,0,80,45,2428,1fed2602670c3c4a77614ecb177374e71e522bc4ddf1cfc42eb1d8c4a032e950
Tactical.rsrc,3933,0x0f5d,3933 Ironclad.m3C,0,0,80,45,2464,5ca0a6bb8bdf089549db8d8e68a753b3f89f3a4b0abab0a9e862c336c9de7201
Tactical.rsrc,3934,0x0f5e,3934 Ironclad Battleship.m3C,0,0,80,45,2466,43709fb41629fb48dbd9e1ef3d8afe9ed71f07252bf92beaf10f2306774c4423
Tactical.rsrc,3935,0x0f5f,3935 Armoured Cruiser.m3C,0,0,80,45,2512,f2232e693b37e9be0093dc49d05140168831d495b7ca212ee5ed0f63d17da040
Tactical.rsrc,3937,0x0f61,3937 Battlecruiser.m3C,0,0,80,45,2670,6930cc2cf9f6ddb5cc0fda3c133d5737e4173d98a8ec45e2f3d0e8e27f125da4
Tactical.rsrc,3938,0x0f62,3938 Dreadnought.m3C,0,0,80,45,2616,34dde5a040c2252dd333eccfc90a97bc5c7203f3cb5126e384d4450ad19c8997
Tactical.rsrc,3950,0x0f6e,3950 Artillery 01.24,0,0,50,50,2520,3cb6b5caa27acb02fb4f8d849cdf15728bdf499301433334065bbc9a518d1e57
Tactical.rsrc,3951,0x0f6f,3951 Artillery 02.24,0,0,50,50,3282,5b31eccd9ac025a8bb6e1ed6dd3493dbf101347ea12a1ba4684052c8bf7fc2a2
Tactical.rsrc,3952,0x0f70,3952 Artillery 03.24,0,0,50,50,3932,3e5151db3efd76d67c8f21928f28c4361b143e5e8eff0550353c67e58b18b0b3
Tactical.rsrc,3953,0x0f71,3953 Artillery 04.24,0,0,50,50,4292,f0e63a0a8eac625314bba40a6c0f5c6f15b2438526be4ace0bb9282a99ff0ceb
Tactical.rsrc,3954,0x0f72,3954 Artillery 05.24,0,0,50,50,4048,e973194f2990f443c85923904bcee03b480a7cfb008ad22f527b9b8b1936b5fc
Tactical.rsrc,3955,0x0f73,3955 Artillery 06.24,0,0,50,50,3330,2db138f0bc90a20b2f6fde1a24097377c95745cdf713e01a9a1e42f5f3fb6d37
Tactical.rsrc,3960,0x0f78,3960 Bullet hit 01.m3C,0,0,50,50,2416,c4e7a3b9aa5f50f289dab3bdfd532fc59d90c796caf1f39572dcc8204bafdc8f
Tactical.rsrc,3961,0x0f79,3961Bullet Hit 02.m3C,0,0,50,50,2560,136ce3bddfe2f7ee8d1a6a8589b1fa8934668fc3c53e7ef4547d3af8652408aa
Tactical.rsrc,3962,0x0f7a,3962 Bullet Hit 03.m3C,0,0,50,50,2760,15aac745bd20f6a50ec7cdcbb0a98452163631d709d1aed73287d3fd88e46c61
Tactical.rsrc,3963,0x0f7b,3963 Bullet Hit 04.m3C,0,0,50,50,2798,4ca99108e87669e1603328c62b25c8ff1e26cefa861d981dd7a2c52906fe343f
Tactical.rsrc,3964,0x0f7c,3964 Bullet Hit 05.m3C,0,0,50,50,2770,d320c58c18d0c7daf2a079105eb4599752f2a50cc5e07f48ba00130ddeb4c1b7
Tactical.rsrc,3965,0x0f7d,3965 Bullet Hit 06.m3C,0,0,50,50,2472,2f5307caa9c02ea7cd926a0486d542bf105a92b6985eef7d5d8efd632e46b32f
Tactical.rsrc,3970,0x0f82,3970 Naval Hit 01.m3C,0,0,44,25,2302,392344dcd3f9ccbb6bd6535f57386bc910f1d57f1e90d0a8ebc6f6c6e7e8ad68
Tactical.rsrc,3971,0x0f83,3971 Naval Hit 02.m3C,0,0,44,25,2456,6763a0f16dc988a7ca5693f2f25a1205cad9e61c13be679d1056f702342496e0
Tactical.rsrc,3972,0x0f84,3972 Naval Hit 03.m3C,0,0,44,25,2644,46f3597484c9b9b8f603a380434e8ccb8bd77338ccd1dd2713a16c4008c608ec
Tactical.rsrc,3973,0x0f85,3973 Naval Hit 04.m3C,0,0,44,25,2728,01dfbed430eeec65003677240e0c0fed3542acd2ce56661e4d29efcedbc50a13
Tactical.rsrc,3974,0x0f86,3974 Naval Hit 05.m3C,0,0,44,25,2914,9471345fe47de31c1b42c28163686dbfb417d57ea64e06804005e95fabacde3a
Tactical.rsrc,3975,0x0f87,3975 Naval Hit 06.m3C,0,0,44,25,2816,6a05e602f8706b9b0b880c5dded6d4579a489bccc5e1def6f287afd38986ff14
Tactical.rsrc,3980,0x0f8c,3980 Surrender 01.m3C,0,0,50,50,3028,773be64a454f0ed90e9ff22199944f5193b601e1460d84b54f0895f55c4fa058
Tactical.rsrc,3981,0x0f8d,3981 Surrender 02.m3C,0,0,50,50,3006,11fc35ca27ab5970fed67cc54e59fb46c713715ee6cd5742c997c534e6fef725
Tactical.rsrc,3982,0x0f8e,3982 Surrender 03.m3C,0,0,50,50,2820,02e585eebf9637397b6d7cdd233b609efe2f22e28096e8a324b8c99364b685e0
Tactical.rsrc,3983,0x0f8f,3983 Surrender 04.m3C,0,0,50,50,2756,9baefd3a59bc7dc1dca8775ef64b183423fda0cbbbc3e2e036f8a64b732351ee
Tactical.rsrc,3984,0x0f90,3984 Surrender 05.m3C,0,0,50,50,2702,90c57bebe97141be3cf321bc4db5a8de89a7539e392fb226844c635d07b6a4b0
Tactical.rsrc,3985,0x0f91,3985 Surrender 06.m3C,0,0,50,50,2748,5670f24f786e70bf3a9d9141086f36296b61dac56eeb17e0edb967bee329a687
Tactical.rsrc,3986,0x0f92,3986 Surrender 07.m3C,0,0,50,50,2902,34edc20250050756793fa86a8b38a70ab157a6c0e8e3feaa36f83d4c7ac5937e
Tactical.rsrc,3987,0x0f93,3987 Surrender 08.m3C,0,0,50,50,2780,e44447c3cbe5806665b5df40a5d076fc4a15ef750a6a03e14834841e1430c863
Tactical.rsrc,3988,0x0f94,3988 Surrender 09.m3C,0,0,50,50,2714,df84639f6df76df88e582a7f029a32476caf83ae43a80beceb380794a2b85d55
Tactical.rsrc,3989,0x0f95,3989 Surrender 10.m3C,0,0,50,50,2662,fabf420c48111263142e7a43a8e31e0fc5824d625e7274d818ca0c4bbdeb308c
Tactical.rsrc,3990,0x0f96,3990 Surrender 11.m3C,0,0,50,50,2754,c882d71c76e17feececafe7da5d7a567d85bd32e57cd03f0324e6209a688a881
Tactical.rsrc,3991,0x0f97,3991 Surrender 12.m3C,0,0,50,50,2958,4bf02881c4a9cc1c730d2cc28358600d0270711ab83c2876d91f6079bb146953
Tactical.rsrc,3992,0x0f98,3992 Explosion 01.24,0,0,50,50,2426,d945552713d9150d1866d89a0f690ec8836c5272b7fa970e0553d59241fb5af3
Tactical.rsrc,3993,0x0f99,3993 Explosion 02.24,0,0,50,50,2696,709c4b3efca83304a3cc340fd057f580d154449baf321d4f96ae33c23ea647b6
Tactical.rsrc,3994,0x0f9a,3994 Explosion 03.24,0,0,50,50,2942,cd7dfc9d7de732dfe78da7606161932bf28f1203824a1a08a0c3cdddf5e205bf
Tactical.rsrc,3995,0x0f9b,3995 Explosion 04.24,0,0,50,50,3258,d1722d5784cffaffcde0dbd79ef9c8afde4b59b0abc1085ec92ca95b27edd381
Tactical.rsrc,3996,0x0f9c,3996 Explosion 05.24,0,0,50,50,3254,3d22f018fbbb520406dc0cbca8639d89bec6c822c853843d924463bdb11ec86f
Tactical.rsrc,3997,0x0f9d,3997 Explosion 06.24,0,0,50,50,2990,18eb3090b7de53961522f8fd5b95248419e62197afeae7fe007b92c0a855511f
Tech.rsrc,2200,0x0898,2200 LIGHT STEAM.m3C,0,0,640,480,251348,045e1136f0bb88d56eea114f514cbadd9e590947c05278ee6b71360e56ef97b2
Tech.rsrc,2201,0x0899,2201 COTTON GIN.m3C,0,0,640,480,239186,af050ef3fae473e31e1aa7d6d6602df9f87d52c9bd34a4162a8c302832cdad52
Tech.rsrc,2202,0x089a,2202 SEED DRILL.m3C,0,0,640,480,246668,162260b704ee7ec1b33985eb8447a03f3ca1c9ade209bc09165527b6d3e23eee
Tech.rsrc,2203,0x089b,2203 PADDLEWHEELS.m3C,0,0,640,480,245320,90a6dd887cbc1abe76fe65ba5293957a1232d5dc294a0cb7920c9845eb5774e4
Tech.rsrc,2204,0x089c,2204 SQUARE SET TIMBERING.m3C,0,0,640,480,280038,b96053ed768f868163da22f49aa7dc933edf172aab60704b0d52b8a90cb64839
Tech.rsrc,2205,0x089d,2205 IRON BRIDGE.m3C,0,0,640,480,251140,67956cf167c053c19bab4ad5040d16cf8cbeebf3031f77d93159033d2531dc38
Tech.rsrc,2206,0x089e,2206 STREAMLINED HULLS.m3C,0,0,640,480,265396,d45665b3adc92fe995d1ce08d1154789e6a2edda3655c3144103bf2b28c2aadf
Tech.rsrc,2207,0x089f,2207 IRON PLOWS.m3C,0,0,640,480,244062,8da4ca47c82b1b4fedbd2463c6e9a2d3dc48753c2f48c8b01e1c9d6ba398b140
Tech.rsrc,2208,0x08a0,2208 FEED GRASSES.m3C,0,0,640,480,267510,22e6c0bcacccbd8ad34b28325fe62726f0f256a0944838d92a960908f3029d70
Tech.rsrc,2209,0x08a1,2209 SPINNING JENNY.m3C,0,0,640,480,241128,fb5c2e7ac5016a3c655c8d6732be8bc7b17c38672729781dfb2cfdd74a4ac662
Tech.rsrc,2210,0x08a2,2210 ADVANCED IRONWORKING.m3C,0,0,640,480,261068,2dee1f7a1eaad29d03471239ea119da2deed13e3d68e889231aff9adc0023dda
Tech.rsrc,2211,0x08a3,2211 COMPOUND STEAM ENGINE.m3C,0,0,640,480,269756,efc723446b921a985218701eb57bfe8c7c51804de940e451c721db31db5a9bbd
Tech.rsrc,2212,0x08a4,2212 MECHANICAL REAPER.m3C,0,0,640,480,272746,8fbaab882906b5f1cf5143549aacd9a35361a62be35ef80d10735eec80985a0b
Tech.rsrc,2213,0x08a5,2213 COMMERCIAL FERTILIZER.m3C,0,0,640,480,258564,e6c57e395c961e1f52f26f21750a17c97d58c5cc6a1414eafa84808e7de2fcc8
Tech.rsrc,2214,0x08a6,2214 BARBED WIRE.m3C,0,0,640,480,255148,810eb95d0e47536ec6b63967391fc66ec74cd9f5d0e000dc63ac002a59d79742
Tech.rsrc,2215,0x08a7,2215 BESSEMER CONVERTER.m3C,0,0,640,480,273448,155dc5d03df9504f02bc7f88b7c00fb607382b9790b8968194aa95ab8c83bd51
Tech.rsrc,2216,0x08a8,2216 POWER LOOM.m3C,0,0,640,480,259538,690ef53bd56530e3aed3a1a3ed57877ed92882f8f9be6348c777eae1b16a6cac
Tech.rsrc,2217,0x08a9,2217 STEEL PLATES.m3C,0,0,640,480,283888,1e59f484e601cd25cc1f5bf1e408b6d8d5806b4f936ae3db2faf774e6347a80b
Tech.rsrc,2218,0x08aa,2218 RIFLED ARTILLERY.m3C,0,0,640,480,275614,01499eca2ccd44e36b8c9ebfda078b3545b38fd89ca3cf3dc6c49797dbb1402b
Tech.rsrc,2219,0x08ab,2219 DYNAMITE.m3C,0,0,640,480,282876,39618bebe8214041d7dfc26a01a7da54ea6490f9bb14d0f2fbfc02b714b20c94
Tech.rsrc,2220,0x08ac,2220 OIL DRILLING.m3C,0,0,640,480,281404,57c0cb14e54f738bdb6042484eecc2835850010480450422f0e8223a660f3d95
Tech.rsrc,2221,0x08ad,2221 BREECHLOADING RIFLES.m3C,0,0,640,480,277312,89baa50b5c718113ac6487e641fb7ee30f1329b7fc10b189eb9e35824324388d
Tech.rsrc,2222,0x08ae,2222 Marine Engines.m3C,0,0,640,480,254540,729f4ce364da388e81daabe70e86ac7cfbf12b1ddf36a788be9a664ff922c057
Tech.rsrc,2223,0x08af,2223 CHEMISTRY.m3C,0,0,640,480,239140,141de08b624555c7ac7a8b99aa55f0b810b5f137ccce8a880a68fe202b90fbf2
Tech.rsrc,2224,0x08b0,2224 RANGE FINDING.m3C,0,0,640,480,286910,6aa225cc22f1bfe0dae1b850d40fce81141a142feb234442099b4c47bc64b8e6
Tech.rsrc,2225,0x08b1,2225 HEAVY GUNS.m3C,0,0,640,480,277434,6d1daec88773f4cb22e468270868e28f9df98c5f1908c812ec153bb054a74acd
Tech.rsrc,2226,0x08b2,2226 INTERNAL COMBUSTION.m3C,0,0,640,480,278670,417208e4079ba218b6c772264d06f82ff32531e3d76cfd1b204dfa2184dc97aa
Tech.rsrc,2227,0x08b3,2227 MACHINE GUNS.m3C,0,0,640,480,273804,baa5a2d6a3b01f7214d8ce9aca933b998870415bbdc1eaab523ca994d27553b7
Tech.rsrc,2228,0x08b4,2228 Tech Down Button.m3C,0,0,31,51,3792,6e3323eb83e6b4a5506936bad68a566e2bb49d98ef48e0d62cd7351370f2bc56
Tech.rsrc,2229,0x08b5,2229 Return Down.m3C,0,0,25,38,3230,569332524c68b022ed17b9e6f3c21f20748957c35f4ffe52fca582fb210b3b5c
Tech.rsrc,2230,0x08b6,2230 Tech Query P (Converted 2),0,0,52,72,5852,22a83e9809750dc86658ffca771e1af22b3703fbea3e8bb7ae16dc17ec73120a
TechStore.rsrc,2300,0x08fc,2300 Tech Purchase Backgr.24,0,0,640,480,269662,6fe32c494c8e9e6e874a683fbb36a407f9b5937ef510c411a9c96b4285256139
TechStore.rsrc,2301,0x08fd,2301 Return Dn.24,0,0,30,50,3748,f193437c383bed03d5f7a3e4207b27009ae7716ec5a46cb48c013735200ec24f
TechStore.rsrc,2302,0x08fe,2302 Query Dn.24,0,0,22,38,3074,ff7a7de5492104b958f27f58cdfded08347c690974cc81fff022f049336ff8d3
TechStore.rsrc,2303,0x08ff,2303 Purch Butt Up.24,0,0,83,24,3108,960123b401e139628ff01dc5504fa91e22a61999906681951abf039782f734e8
TechStore.rsrc,2304,0x0900,2304 Purch Butt Dn.24,0,0,83,24,4138,8082f6fab4773700408467f3cabafa5a2d12cf4e2ef795239bf1895575486102
TechStore.rsrc,2305,0x0901,2305 Light Press Up.24,0,0,64,63,5504,fd4ea396c9b5fcb7cc60fa13687c59ba117c315432080d11dd49e921134036b6
TechStore.rsrc,2306,0x0902,2306 Light Press dwn.24,0,0,64,63,5476,2785a7d65aa8cb8c24613475af54d9d1625212ff163868e10fb840c55317602b
TechStore.rsrc,2307,0x0903,2307 Seed Drill Up.24,0,0,64,63,5876,ebb09f80297cd3be993278cc78f1a25e7e4b0582d18381b2e7ced42b01c9957f
TechStore.rsrc,2308,0x0904,2308 Seed drill dwn.24,0,0,64,63,5854,8dc0401604ce846339967e20201411ef7bc22c1fb685a886c24447be9a5081bb
TechStore.rsrc,2309,0x0905,2309 Cotton Gin Up.24,0,0,64,63,6032,9003ca01d671b270f140c1fa25cc4a4a2c69a1565685e88534deec7b135b4ca0
TechStore.rsrc,2310,0x0906,2310 CottonGin dwn.24,0,0,64,63,6016,f0dea656ef8fd9aa51766a21ef3c1fddff9779fad6b89ccad7ec6c47218a00ac
TechStore.rsrc,2311,0x0907,2311 Clipper Hull up.24,0,0,64,63,6254,74de1bd65f051597314b14a2f2c1c0a4ce8945207cca21b14b1dcdd1de0c887a
TechStore.rsrc,2312,0x0908,2312 Clipper dwn.24,0,0,64,63,6220,5a2f3b863c27d51bbd721ae49e95051ffbfa2c48a9f2b402a79de9d250ffeacf
TechStore.rsrc,2313,0x0909,2313 Square set up.24,0,0,64,63,6266,6eaa0bcd4504c9487520065699358949ac8eeb5c058c8aefb1da914451832dd0
TechStore.rsrc,2314,0x090a,2314 Square set down.24,0,0,64,63,6248,13c8690012b0e14957a564ebd968f5cdb686d6a28cf99733154f21fcc1dbcbaf
TechStore.rsrc,2315,0x090b,2315 Iron Bridge up.24,0,0,64,63,5942,c5eb33a6192d1f24dd8e04bbe4494b7a8c7f9746aed62ae1ea837f063039dcfd
TechStore.rsrc,2316,0x090c,2316 Iron bridge dwn.24,0,0,64,63,5938,056e35a7f88f2a77fdf8e6d85133cd6737d875a290b7829ae2a115a31e79c048
TechStore.rsrc,2317,0x090d,2317 Feed Grass up.24,0,0,64,63,5898,d22c99650e095d1460c6b446692a32bf762f1b2de5cecb81f15f47698436ce50
TechStore.rsrc,2318,0x090e,2318 Feed grass dwn.24,0,0,64,63,5958,41da9b639348a509f482bb6e65ca8f7413d08fb466c90bdd6dc68af79d98e2c4
TechStore.rsrc,2319,0x090f,2319 Spinning Jenny up .24,0,0,64,63,6114,c7baa7766a0f311c1c7265cdf31fe6f9d34a202d9b56e4f77a22326ad88811fc
TechStore.rsrc,2320,0x0910,2320 Spinning Jenny dwn.24,0,0,64,63,6106,e9d5828d73eac4e482f6e7bcd5de084998e5a9ea190e6450f28d9fbcbb2ff507
TechStore.rsrc,2321,0x0911,2321 Paddlewheels Up.24,0,0,64,63,5966,e60a32c3a4e5cddd145cb4b5253f4f12e6f73144fe77908538c47771fec1ea03
TechStore.rsrc,2322,0x0912,2322 Paddlewheels dwn.24,0,0,64,63,5942,b52b85b28931ff8fed4e0d7d3e4d091826e7a3fbaac2bd22e4b87e99e3bed32b
TechStore.rsrc,2323,0x0913,2323 Iron Plow up.24,0,0,64,63,6042,7eadab86d4a9fbe1d4cb704df4f0ddaff35dce8b46c4e8b77c3aaa01215c7d7c
TechStore.rsrc,2324,0x0914,2324 iron Plow dwn.24,0,0,64,63,6022,880b3dfb03d0f612d7ba0dd174f2ac1a192e375c2120e5ffc479a99ba6ff422d
TechStore.rsrc,2325,0x0915,2325 Bessemer Con up.24,0,0,64,63,6174,28bf26775b551489ea8f59f3b2d70305f4ea98597cbf3e660e92df28d1ab22e2
TechStore.rsrc,2326,0x0916,2326 Bessemer down.24,0,0,64,63,6144,b5d244f016111a239a2ed7c586f4689d518b6eef3285775369cf4a8729ac44f9
TechStore.rsrc,2327,0x0917,2327 Compound Steam up.24,0,0,64,63,6206,6cc9a74668d5aa3e9a8f8573f2809b3209ed3b08d1d2e7e8c1c80ab7949c3fa0
TechStore.rsrc,2328,0x0918,2328 Compound steam dwn.24,0,0,64,63,6188,6ebb5f5f5a4a45c5bb012ed21af873de8c1cfc40347b5c2f80ce47ff9a2f4237
TechStore.rsrc,2329,0x0919,2329 Rifle Art Up.24,0,0,64,63,5912,a4fe87666b8d14bad5832dde0d9fd19ec7a6d733af2b66bc492920d270c2e00e
TechStore.rsrc,2330,0x091a,2330 Rifled Art dwn.24,0,0,64,63,5898,dd5c2c7d8f8f764d19136caafe08f0d5a0313cb5af3de36c874e22978dd12681
TechStore.rsrc,2331,0x091b,2331 Breech Rifle up.24,0,0,64,63,6038,0f66cdc0dbcb87c93ce726d9a94c0186caae19b2f98fe32f2a5bfd3e4d87c271
TechStore.rsrc,2332,0x091c,2332 Breech down .24,0,0,64,63,6020,db3b728b4b2f3105d0fde57d6b81dc95ddd5210e531614ebad46bfeed02bcf8e
TechStore.rsrc,2333,0x091d,2333 Ironworking up.24,0,0,64,63,5660,f88f59173fdad829743a4c6b33340f70ccd0f1ff6ca452e12370e048002984d3
TechStore.rsrc,2334,0x091e,2334 Ironwork down.24,0,0,64,63,5636,3907cf4a932594a982a0840681bebf11a64d9a660ebe22b3524d8cda2fa03c43
TechStore.rsrc,2335,0x091f,2335 Power Loom Up.24,0,0,64,63,6156,e639e5cd6f141c6e0b97b77191079e680c13b1854f890c5ddbec76d94e8a5125
TechStore.rsrc,2336,0x0920,2336 Power loom dwn.24,0,0,64,63,6140,f04d908873a7acac503746e29bd7b42746496ac873134446ba2784dcba75f576
TechStore.rsrc,2337,0x0921,2337 Reaper up.24,0,0,64,63,6194,53fcb90a981739b89d886d62c687c615f01b1921c977a5571722407bec09c900
TechStore.rsrc,2338,0x0922,2338 Reaper dwn.24,0,0,64,63,6192,7f34d82e08c35e82b5d542e63c9de9c4b4e18792d0e9d3431e1e2d5015bb728f
TechStore.rsrc,2339,0x0923,2339 Commercial Fert up.24,0,0,64,63,6098,a54610d88e2de9aca96e005faf1dcf559c857673e2b2e889f1836cafee1e8fa5
TechStore.rsrc,2340,0x0924,2340 Fert dwn.24,0,0,64,63,6082,f952f9edb4de634eb26b9796abfb070aab92a1b05041ab1fda3fd183ddb417c7
TechStore.rsrc,2341,0x0925,2341 Oil Drilling up.24,0,0,64,63,6214,a6e5bcc4b1130d861f2d4d0434efa224b57efe1eb269f1105c70a085fb858128
TechStore.rsrc,2342,0x0926,2342 Oil Drilling dwn.24,0,0,64,63,6202,ed10d1c21276f0499683da74fd427b33f7e141dba7ae6be54d1557a03effcb3a
TechStore.rsrc,2343,0x0927,2343 Barbed Wire up .24,0,0,64,63,5792,8152a91ff584fa699e652c483c57be10d2f7b3a3ad1bec124662e1eca13c5cdb
TechStore.rsrc,2344,0x0928,2344 Barbed wire down.24,0,0,64,63,5786,8683352b9c637cb057f780a39a2136267c7cad5d4c1e1e21a72a5c6ec28ae729
TechStore.rsrc,2345,0x0929,2345 Steel Plate up.24,0,0,64,63,6234,149025d6caccd3d9438522b9461c4d8c18df35bdf0ea663441674c25c82bc363
TechStore.rsrc,2346,0x092a,2346 Steel plate down.24,0,0,64,63,6208,08646993ac8fecb0cca77303cb5c003c88002f9c3f6bd1bb9fa33cbbf617ff49
TechStore.rsrc,2347,0x092b,2347 RR Guns up.24,0,0,64,63,6180,82d0ae12a7b4bf35dac1f83b4c8f0dd21e89f8b4fe3bb2a3595dcef3eb51bb9a
TechStore.rsrc,2348,0x092c,2348  RR guns down.24,0,0,64,63,6216,517d670189a8941390fdd926fd8356e5a47a82261a4624d3097f10ad42799666
TechStore.rsrc,2349,0x092d,2349 Dynamite Up.24,0,0,64,63,6242,07ba762be6d11a08bab77c80863bdc4ded76979278ca4aab48a4e19ca1c23a5e
TechStore.rsrc,2350,0x092e,2350 Dynamite down.24,0,0,64,63,6238,ce6fb84e44d37c5a4bda308088f488738323cdbdbcbb9eb5009a87848da7a4c3
TechStore.rsrc,2351,0x092f,2351 marine Engines.24,0,0,64,63,6050,11f911b220ce6fae8ac22202d739d416f54e41ccbe42f5c461ec0d9671e2caa2
TechStore.rsrc,2352,0x0930,2352 marine Engines dwn.24,0,0,64,63,6044,ad558b0ca499d4e4db16c9254856c0d561b5597d97ec39bb7647d67a504e8550
TechStore.rsrc,2353,0x0931,2353 Machine guns up.24,0,0,64,63,6250,c4dd3a7821caed8ee6a4c7dddc232bc12fbe8ae73160fe355efffae827b3760e
TechStore.rsrc,2354,0x0932,2354 Machine guns dwn.24,0,0,64,63,6240,865e2515d4215be3bda960dc447d234528ee637ef8ef2c95edfc3bc0a3f5faab
TechStore.rsrc,2355,0x0933,2355 Chemistry Up.24,0,0,64,63,6164,105e91fa35f9e26fa21c5d16222c9e29966734e14094bab0fb3bd49979d43f2b
TechStore.rsrc,2356,0x0934,2356 Chem down.24,0,0,64,63,6146,7cdb493d1528af7a367b11ed0a8ab0df146164248d8deec246360980be47ef24
TechStore.rsrc,2357,0x0935,2357 Range finding up.24,0,0,64,63,6262,8141b334683043f1485ce1e8b2aae43b4c31d190ffcf962f40a8fb4c0d8495da
TechStore.rsrc,2358,0x0936,2358 Range Fd dwn.24,0,0,64,63,6236,ee83b42beb3bd975175c343808e6340ab4235d6d4f80e08dd2d0103467fdabf8
TechStore.rsrc,2359,0x0937,2359 Internal Com up.24,0,0,64,63,6202,4583f403a419557049391184ca45bf50b2f7fb466d1b9e581427c5490458c438
TechStore.rsrc,2360,0x0938,2360 Intern comb.24,0,0,64,63,6196,8bd6cf03be67cb75b1bff38fe207138aa3cd9b24751ed43284eade7fbbfb41b5
TechStore.rsrc,2361,0x0939,2361 Turn Back.24,0,0,32,30,3124,0187a9eca60c0533038ab050b5302f3d138b31aaa3e1846607493a31864c4992
TechStore.rsrc,2362,0x093a,2362 Turn Fwd.24,0,0,32,30,3134,2482a6aa7955076df52ca109b86837ea9a57e37e58593a6e11a2a2be4a67828d
TechStore.rsrc,2370,0x0942,2370 Tech history back.24,0,0,360,295,93326,b36f6f4340e36bebe6a34778912906b26045a2c65095b9142b0ccf0e5e2168a5
TechStore.rsrc,2373,0x0945,2373 Light Pressure Steam.24,0,0,60,60,5104,fd7834116fc8e585231b194abc77a4dc45e2b6fc23681282eb8a304e37d4fb0c
TechStore.rsrc,2374,0x0946,2374 Seed Drill.24,0,0,60,60,5476,f7793a4f383283aded81690b8eeb8bdc2d3d27afc2f835d3433a6d97d6b1985d
TechStore.rsrc,2375,0x0947,2375 Cotton Gin.24,0,0,60,60,5632,fa3fe18773f4ea68926fb4b3f8f649925104a730652cf59df8b0512379a9ead2
TechStore.rsrc,2376,0x0948,2376 Clipper.24,0,0,60,60,5850,9a751542b1ed3cec2c8785dd8302d0cabc97fd5cc20497ffc39bfeb089b0f9a6
TechStore.rsrc,2377,0x0949,2377 Square Set Timber.24,0,0,60,60,5858,1e7047c5dd46f282aed94829c13dd168d66a98add6fa886fadd0dcd1b344af4b
TechStore.rsrc,2378,0x094a,2378 Iron Bridge.24,0,0,60,60,5556,f5ed2f5e685192cf981f6b36aaa14590c774dc3a930851b4be1cdb616673dedd
TechStore.rsrc,2379,0x094b,2379 Feed Grass.24,0,0,60,60,5532,91d098bc0cb8552902b89d3934fa1d7319ca14231857ddec7489f8d567b1ee9b
TechStore.rsrc,2380,0x094c,2380 Spinning Jenny.24,0,0,60,60,5726,64017a51e69e96adf05c9123240584145d23e2716f4808f8a7ca4a11a8969fc9
TechStore.rsrc,2381,0x094d,2381 Paddlewheeler.24,0,0,60,60,5560,3ec37dac5ffa7ac1ef5c0065a893fed7cea50450312868f9febe98568881a1cf
TechStore.rsrc,2382,0x094e,2382 Iron Plough.24,0,0,60,60,5638,661a5d51203350ce6e1b3b13f97699c27a2ddbc92b5fd2bc416ec0012a35a27f
TechStore.rsrc,2383,0x094f,2383 Bessemer Converter.24,0,0,60,60,5766,a668ac6040c4b16f6759abaaf0882b61e3be9830c3e5c51580bd5682e3720c06
TechStore.rsrc,2384,0x0950,2384 Compound Steam.24,0,0,60,60,5800,c4e3b1de3e07628668a3c6fccbbcc987c6e1487426b271628e84d6c69c8547ea
TechStore.rsrc,2385,0x0951,2385 Rifled Artillery.24,0,0,60,60,5526,8c8ff3570b8a085c8ce45aa858cbd63674a165385ff153d9404daac1447b0f29
TechStore.rsrc,2386,0x0952,2386 Breech-loader.24,0,0,60,60,5634,0595d69fa0451adb2bd2c41a3a23e28e75693547b5b7e6778ea4c9cb13bebd9f
TechStore.rsrc,2387,0x0953,2387 Ironworking Pic.24,0,0,60,60,5254,24f44c3ea6ff2e9e4172d326bd15f6e6c68e61e9adcff88dd651f93f4b310e3b
TechStore.rsrc,2388,0x0954,2388 Power Loom.24,0,0,60,60,5756,0b07661385bbc56213d8047422ff52b59e194cd195df7c59e3f507d4b38d8b13
TechStore.rsrc,2389,0x0955,2389 Reaper.24,0,0,60,60,5810,8efdd925237d8a0f18891e41c8285a441c4b506477d1d87b523136574fbf306b
TechStore.rsrc,2390,0x0956,2390 Commercial Fertilizer.24,0,0,60,60,5700,a2ae3473844b38a83e05d76a1dcc10eb633726af2dcaa674b4e8a5acc268cfe8
TechStore.rsrc,2391,0x0957,2391 Oil Drilling.24,0,0,60,60,5830,bb8529f15dd51f27804f9dcf642ae5d759f7dfde7a39339456a251bc75fbce3d
TechStore.rsrc,2392,0x0958,2392 Barbed Wire.24,0,0,60,60,5398,b18d72121cb7b4b837ef2a6afd0e73b37eea6d0a408833273e1e48a85783c59b
TechStore.rsrc,2393,0x0959,2393 Armor Plate.24,0,0,60,60,5828,26f12ea911114f3929bcf7cdaf81eed192f1d7353304846c684a58d836508d26
TechStore.rsrc,2394,0x095a,2394 RR Gun.24,0,0,60,60,5806,f97b53154db7376a396b3523651083dde661ba6f181921dd782d7d9a343898a6
TechStore.rsrc,2395,0x095b,2395 Dynamite.24,0,0,60,60,5852,1eda80f2ec52889a350a8771428cc0a1184789d1b5fddd707f40086f4966e2f7
TechStore.rsrc,2396,0x095c,2396 Marine Engineering.24,0,0,60,60,5662,1bd5eb4f8386709133f1eb555159a52b7331bbd534f45a6f1d9e68e2443dc421
TechStore.rsrc,2397,0x095d,2397 Machine Gun.24,0,0,60,60,5866,9ed5618fdd1f6e750a0a5873aaa7d3809ceb76364e045de61d2bf4add47d3059
TechStore.rsrc,2398,0x095e,2398 Chemistry.24,0,0,60,60,5760,5422996809a584a6057fcdef896c05684c98869ffe584b0f0ed65b86d9c7be53
TechStore.rsrc,2399,0x095f,2399 Range Finding.24,0,0,60,60,5862,482f012f9809cb5dedab7f5f2f3e267d1d0b94326c18296a37db3a5408987e3b
TechStore.rsrc,2400,0x0960,2400 Internal Combustion.24,0,0,60,60,5816,24f118066722cecfb57c377c3ed5233714c23ff901adb6f074ddc81352ea5207
Trade.rsrc,1318,0x0526,1318 Cotton Demand,0,0,42,24,3226,a82f9181e9897e877b2f1de96131acffdf9ad8e9b26590272e2506383d2a4799
Trade.rsrc,1319,0x0527,1319 Wool Demand,0,0,42,24,3230,61b50af42713ec118296b0a73128adf5dee13ebdd252493d1a8e7b7d95f7d902
Trade.rsrc,1320,0x0528,1320 Timber Demand,0,0,42,24,3234,039bf225e8e8bf6c771463d8b0a557aafba8b7d5d6774b6e6d24355d60221579
Trade.rsrc,1321,0x0529,1321 Coal Demand,0,0,42,24,3222,a9aea9e1a01c1cc74b22c089e0d6184f27dc82639d1384c48a101a4f5c788bad
Trade.rsrc,1322,0x052a,1322 Iron Demand,0,0,42,24,3228,4d1596e2bf436c5f4722bda1e6b9edeb6d2d5b131312380a28491de16d1d66ca
Trade.rsrc,1323,0x052b,1323 Oil Demand,0,0,42,24,3232,3b49ac3cbe98f2e4a0c3c53ffff3ebae31c314dfa6aa40270172d2371b4e639c
Trade.rsrc,1324,0x052c,1324 Canned Food demand,0,0,42,24,3222,9f1d12a59c598ce8eea3cd781a7e46740f82ff59a0e6f4a853232b3c4e69d508
Trade.rsrc,1325,0x052d,1325 Fabric Demand,0,0,42,24,3226,21c070f91f9af0f266017272ab41270a65efa6e5ba814491269fe225c8b410f6
Trade.rsrc,1326,0x052e,1326 Lumber Demand,0,0,42,24,3230,2bc29c6ce0c45cbc3b7a8219db45a30f33c2c3dd442655a8601276fb3776305a
Trade.rsrc,1327,0x052f,1327 Steel Demand,0,0,42,24,3216,5d408a03615a2cdfb02d33903729c2b468dd7fb915eef07ddb41bcdeaf01c7e8
Trade.rsrc,2101,0x0835,2101 4/24 Trade screen.24,0,0,640,480,230906,1c1b4edf1161b5d8db0b68eed1b9fe93d370cb77c988c0a83b7f047726e5ddcc
Trade.rsrc,2102,0x0836,2102 4/24 Trade Screen oil.24,0,0,640,480,230052,ba55a031e0a3bbe3a1dc6928a91ad70f831ff37defbc36d1b34c5a7084310855
Trade.rsrc,2112,0x0840,2112 Bid In Reg.m3C,0,0,17,20,2562,4e31b938b05e5cfdebae4e0b45dcaf2c3f301fcf92a1f4dda4fe85542f930dcf
Trade.rsrc,2114,0x0842,2114 Offer In Reg.m3C,0,0,17,20,2578,b732481bf766d6a935a380887aed9402989764edddfe78e0fd27810ee8eec79a
Trade.rsrc,2120,0x0848,2120 Amount Slider.m3C,0,0,100,7,2694,b97dee75a13ba7e6c93fc45e3c0348a5aa953d96eb510865447b7afea706b585
Trade.rsrc,2121,0x0849,2121 Slider Aarow (Up-Left).m3C,0,0,16,10,2334,89e22da18a171ae6a80890ab840740edb2f054b042d4422073f7b3c6001c300d
Trade.rsrc,2122,0x084a,2122 Slider Arrow (Down-left).m,0,0,16,10,2328,452089588e567f6bd30d936168705c34df15be48bb0a1a097924c55b1eb5e3d8
Trade.rsrc,2123,0x084b,2123 Slider Arrow (Up-Right).m3,0,0,15,10,2348,3e05d089c95ea999f04fe0e7c6f96e87cd2ebf7917b6b748e3a8569d325cf60a
Trade.rsrc,2124,0x084c,2124 Slider Arrow (Down-Right).,0,0,16,10,2332,7980375d60620425b2cfb0424fb1994b80c6e5267dca42a2883f1007b8e59e0a
Trade.rsrc,2126,0x084e,2126 Bid In Top.m3C,0,0,17,20,2538,7e33dbb709fa12650c12253be9bb24df2bf32002e80cc3907ae7c3e2f980adf6
Trade.rsrc,2128,0x0850,2128 Offer In Top.m3C,0,0,17,20,2562,f2ac5166bde2a4542c615983f217804939b4bcabc0a807bcc0b60b1e32d97d21
Trade.rsrc,6020,0x1784,6020 Trade Query Dn.m3C,0,0,27,37,3222,a46e5cbc612b2b39d138ca7ab4ab546874a272cd2ad311a173bb9848349ab474
Trade.rsrc,6021,0x1785,6021 Trade Return Dn.m3C,0,0,27,37,3226,2003b457a7bf6463a959ef7e2516be61a00d4eed1cfa905e7e7f2807e7f13852
Trade.rsrc,8534,0x2156,8534 New Trade Seal Down.m3C,0,0,56,56,5340,2126eb2bdfb9bf8c588fc327d686fb4ad5dc36a570b3ad7fecee7e4264f87289
Transport.rsrc,1021,0x03fd,1021 Transport Backgr.m3C,0,0,640,480,241612,82d4777fc0fe34d8bae776a7c1e40a1b90dfb04a8baf82eb1ef1da5030f48584
Transport.rsrc,1022,0x03fe,1022 Transport Backgr.m3C,0,0,640,480,241612,82d4777fc0fe34d8bae776a7c1e40a1b90dfb04a8baf82eb1ef1da5030f48584
Transport.rsrc,4001,0x0fa1,4001 6/17 Fish Cow,0,0,224,30,7136,a446a31491ce2a735a9e9eaba8b3cc076681be857ddf7c441226a54a0c3b5aac
Transport.rsrc,4002,0x0fa2,4002 Produce.m3C,0,0,224,30,7286,6a34a058ef7395212c2edc5295aa9d957aa357062a8160badbf14bc15f1be6b8
Transport.rsrc,4003,0x0fa3,4003 Grain.m3C,0,0,224,30,7150,eaae7b56000c49b77a3a929f0defec71899d5ee108c58c4954bfe6a853765b73
Transport.rsrc,4004,0x0fa4,4004 Timber.m3C,0,0,224,30,5610,55a9ea5cbaaef581fb9f154c459618e7337120cdae85bc420d670e3d818cd0d7
Transport.rsrc,4005,0x0fa5,4005 Lumber.m3C,0,0,224,30,5896,05c7b0f86e0d632dd1ad7b34c2d2f8ee5ef63b94ef54a500eaacc90233db041a
Transport.rsrc,4006,0x0fa6,4006 Furniture.m3C,0,0,224,30,6918,b2cc0abae510714d760737b6be3530e1f78ac68eb3a9306297be32c53f35e2a6
Transport.rsrc,4007,0x0fa7,4007 Coal.m3C,0,0,224,30,6760,d11570a7ac7de35c5066538de8c88630ab1c4b34420295318b8a4604dea1e5d2
Transport.rsrc,4008,0x0fa8,4008 Iron.m3C,0,0,224,30,6698,5f7db9dbe21ce2e56959ea9da390f9256047114617330488eee6fbf6cf41ea24
Transport.rsrc,4009,0x0fa9,4009 Steel.m3C,0,0,224,30,7184,fee88ea4a8e6c21262d93a7de779ef02fa1064f2da71159552f0e5597df438a9
Transport.rsrc,4010,0x0faa,4010 Hardware.m3C,0,0,224,30,6942,94f6ad7b980c6cc08a98fbdb812b461591493921dc1acf869dc7c90ea79f116a
Transport.rsrc,4011,0x0fab,4011 CottonWool.m3C,0,0,224,30,7716,a07239746a435aa3463c0d65dae32e20ef3437f3d66fa7c67d0dcb43acc667a7
Transport.rsrc,4012,0x0fac,4012 Fabric.m3C,0,0,224,30,7460,028dee9d88e1039785d3fd59ecf4c15d25bea04a9a67cf6b8a13d9b356a26e57
Transport.rsrc,4013,0x0fad,4013 Clothing.m3C,0,0,224,30,6832,1a6dea141b3ea96249b3db41e8f428ee46db17bb26273905c5adc3370f401f04
Transport.rsrc,4014,0x0fae,4014 Oil.m3C,0,0,224,30,6490,fe8b71a99721f75ba9449f4bb09ae8e0a32a022d4cf5fe4ed6413df657716cc8
Transport.rsrc,4015,0x0faf,4015 Fuel.m3C,0,0,224,30,6602,da91935a7d7997b9dd5f2168b6d0d7b71e694ffe04ca2db93f6e53d80e0e9600
Transport.rsrc,4016,0x0fb0,4016 Horses.m3C,0,0,224,30,6780,5dc8ce50bd530cacc80601ee52898a630e50c8bed0c320e4afac4d0f1c2cb56b
Transport.rsrc,4017,0x0fb1,4017 Gold.m3C,0,0,224,30,7198,cfbc38df2a14352a499b95b79cadc54b3e76821bca2239fcd700dffd5eb5f6a3
Transport.rsrc,4018,0x0fb2,4018 Gems.m3C,0,0,224,30,7398,4dc3ba3afb985bbe76a15d8132131d0b7401213d530b075b3ffbd2d7e8f6fa81
Transport.rsrc,4019,0x0fb3,4019 Transport Bar.24,0,0,224,30,6316,ea24d68622d2567edc069c784e85e03467c22e6d788a3801187245b8c8ecf5b4
Transport.rsrc,4020,0x0fb4,4020 left arrow leftpagedown.m3,0,0,12,11,2328,0dfde451f6e7b207da7bdf8e104cb100bd26ae5aa04fdc7cc0e9c4610e348214
Transport.rsrc,4021,0x0fb5,4021 right arrowleftpagedown.m3,0,0,12,11,2308,9e104200b2d3d43499db1950fc716e4aa936c02ffd4245ce20ec8c5ff29887ed
Transport.rsrc,4022,0x0fb6,4022 leftarrowrightpage down.m3,0,0,12,11,2324,b10b0ecc46a0851e794c05bdeb9778bc712055be1b46dc8ec13c9e32a2654fad
Transport.rsrc,4023,0x0fb7,4023 rightarrowrightpagedown.m3,0,0,12,11,2328,f0aa91172bba759e932d7babb745e5d9f99436a65a2026f54228b8b47ef87935
Transport.rsrc,4024,0x0fb8,4024 Transport Return Dn.m3C,0,0,31,51,3886,2e0ead70aaa59c5b2c85174181cfcb8eb6a70eb070a7e8e3b119be95a6c8f1a6
Transport.rsrc,4025,0x0fb9,4025 Transport Query Dn.m3C,0,0,25,38,3230,569332524c68b022ed17b9e6f3c21f20748957c35f4ffe52fca582fb210b3b5c
Univ.rsrc,9900,0x26ac,9900 University Back4/17.24 ,0,0,370,410,90660,8f0193dbe0ee6ecabf12baac0e400ff0409a14d74947b6736a601715a5a189e5
Univ.rsrc,9901,0x26ad,9901 Minus up.m3C,0,0,20,20,2606,0c11e55f1e03325771f6171bf9d25a78ac090dd09e56c511e5a8b2b4d3a58907
Univ.rsrc,9902,0x26ae,9902 Minus down.m3C,0,0,20,20,2610,db35242cfc2418161d325516e010b1036c71eef68edc922aaae414c9bc529794
Univ.rsrc,9903,0x26af,9903 Plus up.m3C,0,0,20,20,2606,0eeecdb5157b7539205722277caadd342986da7dd9156acf3ec475691196275b
Univ.rsrc,9904,0x26b0,9904 Plus down.m3C,0,0,20,20,2608,6699e27a740fac5e5a6c9acf007eb138e919493d5990744470787460b856aef3
Univ.rsrc,9906,0x26b2,9906 Num Plac.m3C,0,0,18,20,2578,d853ce30408a16aecc17e157e319657851dce95ebb26032ed2c7e0b155422dec
Univ.rsrc,9920,0x26c0,9920 Miner Up.m3C,0,0,64,60,5966,e0cf21feca89017ffdf5cb14aea33c6a5e05609f72cfab7ca992c52902bbe899
Univ.rsrc,9921,0x26c1,9921 Miner down.24,0,0,64,60,5838,ff7d02f9e5372acb041a59ac4d4b1af5814da2e82eb6717823dbea4b986881e8
Univ.rsrc,9922,0x26c2,9922 Prospecktor up .m3C,0,0,64,60,5940,97f5643baeed5aae6b19e68722a84da356e2794be2c3d1ae2ee1121e32172364
Univ.rsrc,9923,0x26c3,9923 Prospecktor down.24,0,0,64,60,5822,29554fa5f49d79a0bb032476380e83cdbe943ee300a07991d02b2c30aa46c090
Univ.rsrc,9924,0x26c4,9924 Farmer up.m3C,0,0,64,60,6002,a4f7eadc3ed28a05ef5a3a5dcc56fa1be8c71fbfdb39cf03d2687d838ad86c80
Univ.rsrc,9925,0x26c5,9925 Farmer down.24,0,0,64,60,5926,8f0fffe66488c780a765d67db74e996f8973d7716a6b8ade464f257ece0f21d2
Univ.rsrc,9926,0x26c6,9926 Forester up.m3C,0,0,64,60,5934,1304638104fd785e2de27df5de7004abf97c24386943516ebb0794dd7511799d
Univ.rsrc,9927,0x26c7,9927 Forester down.24,0,0,64,60,5868,30bddee2d365cc90688d3310e146882e0abdc1518c7f70f42d526cf702115175
Univ.rsrc,9928,0x26c8,9928 Engineer up.m3C,0,0,64,60,5982,57c1af4050e562b3b39799ad9da294854b12dde0946920494c86418d1524d8f6
Univ.rsrc,9929,0x26c9,9929 Engineer down.24,0,0,64,60,5932,fe71a041c2cf3e7b4c9177093715be561876398a2ba7ba1c6a4ec1fd4e18cb9b
Univ.rsrc,9930,0x26ca,9930 Rancher up.m3C,0,0,64,60,5960,6a457d0493111034cc7f30a365f94ad11b3be92523e2f24b0f8827977948e64b
Univ.rsrc,9931,0x26cb,9931 Rancher down.24,0,0,64,60,5836,4f0f1009fcc859952fad0d9af9fdfceae7afbb8322df5fb2d499732a70cecd28
Univ.rsrc,9936,0x26d0,9936 Driller up.m3C,0,0,64,60,5896,0e77467fa344887b6add03f6b8fc852bbdfc4adf46db05d2583c8540a5ca9bea
Univ.rsrc,9937,0x26d1,9937 Driller down.24,0,0,64,60,5850,bac1a586b8f15d00c61f2c65de2f908966473f90ac4692de43dd9c1850bdf6d0
Worldview0.rsrc,580,0x0244,580 21May Big Imp F (Converted),0,0,72,6,2510,eaa38306d35e128130fbd45f603763db63cdb8996adde9b0479da9a1e704ff58
Worldview0.rsrc,1380,0x0564,1380 Fleet E1 Dk. Blue.24,0,0,1152,64,27090,f47482e2aa2b4a2260f5768f1960d4c481edefc9bb2174c87b9af5f76a534a77
Worldview0.rsrc,1381,0x0565,1381 Fleet E1 Red.24,0,0,1152,64,27090,215fbbd9b65da1114075e66ded75057308dc81d390d6598cf8743b98c9d4ff97
Worldview0.rsrc,1382,0x0566,1382 Fleet E1 Purple.24,0,0,1152,64,27090,92ed2ff0fc21c8baf0d18bd4cfbfd385a51cbbee1dcd19a1ab208552b81b431e
Worldview0.rsrc,1383,0x0567,1383 Fleet E1 Cyan.24,0,0,1152,64,27090,ff71b6740aef86477030a641497bd8dac48d5821d82964b3226298ca97dca340
Worldview0.rsrc,1384,0x0568,1384 Fleet E1 Orange.24,0,0,1152,64,27090,8a7a5e6d92ece9f9edd4ea7a7e7f6104f52cb7f62a3e26ddf791d98ba37fbd3d
Worldview0.rsrc,1385,0x0569,1385 Fleet E1 Green.24,0,0,1152,64,27090,86370fa42b46f0e3a8928d0d5eae03cfb153e5ff2ae53148b01c5c91e729a8e8
Worldview0.rsrc,1386,0x056a,1386 Fleet E1 Yellow.24,0,0,1152,64,27090,81fd8e15774ff04999b46e0306350ac11e90916740f7daf276a4392553e3343c
Worldview0.rsrc,1387,0x056b,1387 Fleet E2 Dk. Blue.24,0,0,1152,64,23380,c5cd668742e228d89c490fb9763aa761f11481070e8418972b3393281a90ac8f
Worldview0.rsrc,1388,0x056c,1388 Fleet E2 Red.24,0,0,1152,64,23380,064262eafc7f8a11d18d1db14645ee70f00eece99339c7715b39dd7a7db4d7f4
Worldview0.rsrc,1389,0x056d,1389 Fleet E2 Purple.24,0,0,1152,64,23380,bcd5551e00d83a4d0c25d26de573a33462b3de3325690a90500264b692cee39a
Worldview0.rsrc,1390,0x056e,1390 Fleet E2 Cyan.24,0,0,1152,64,23380,1d1115d063f3e92d76125a6051d0a41fd58bf8a0217826528c98f6386847b5a3
Worldview0.rsrc,1391,0x056f,1391 Fleet E2 Orange.24,0,0,1152,64,23380,573b966e47458d07f7eb7a1fb872a2a8ce6cb6fc3f639ff1e12d89827e678497
Worldview0.rsrc,1392,0x0570,1392 Fleet E2 Green.24,0,0,1152,64,23380,76280900ed64e933ca252fe8d3d9f6ce9568db5eb2f12e10ff1864d847e6b481
Worldview0.rsrc,1393,0x0571,1393 Fleet E2 Yellow.24,0,0,1152,64,23380,aa7ab34d11e64fd2295167f15590e41af87293bfb1e8aeb6d5909c68e72d2fc5
Worldview0.rsrc,1394,0x0572,1394 E3 Fleet GP0 Dk. Blue.24,0,0,1152,64,20048,399e353fa1193f9a1cf55ee0c22d1e90d9be3994a2ea33b90fbe643acb14bcda
Worldview0.rsrc,1395,0x0573,1395 E3 Fleet GP1 Red.24,0,0,1152,64,20048,4f02870286e9059c18ad174054ddd4a40d4186961daf79e20d4f64865e70cef1
Worldview0.rsrc,1396,0x0574,1396 E3 Fleet GP2 Purple.24,0,0,1152,64,20048,18dd93bbcd3d79f1e42fb120f7333de411bcf2bd65317d90cebcaf4a209a4f05
Worldview0.rsrc,1397,0x0575,1397 E3 Fleet GP3 Cyan.24,0,0,1152,64,20048,53bc4e274113679042545a8cbda9dadd2ccdefce16146b53712dfe62069dd5a4
Worldview0.rsrc,1398,0x0576,1398 E3 Fleet GP4 Orange.24,0,0,1152,64,20048,b199e5d7553f56618927e558cb2cd5a4e7a27eabb80adfd58966289c0753d357
Worldview0.rsrc,1399,0x0577,1399 E3 Fleet GP5 Green.24,0,0,1152,64,20048,ed615f5b282a46fc5a83485a24986aa2e4b3b053a65a8ee47b31f25ad1d85643
Worldview0.rsrc,1400,0x0578,1400 E3 Fleet GP6 Yellow.24,0,0,1152,64,20048,33e3c04fd4eae2ec40a4c3b5b70488a63fd2e7734be00152e9b9373e503e6d1c
Worldview0.rsrc,1401,0x0579,1401 Fleet Nugget E1 Dk.Blue.24,0,0,352,16,5566,b6ffe1fd6b1d989e401be12db901436f39144d2623f52996d35e117a8d6dc9e0
Worldview0.rsrc,1402,0x057a,1402 Fleet Nuggets E1 Red.24,0,0,352,16,5570,3f2cac860738e2a35fe962873a22276524bf9369ae126453de99833c86a1f81a
Worldview0.rsrc,1403,0x057b,1403 Fleet Nuggets E1 Purple.24,0,0,352,16,5566,b401712a76e8dc6906e24936d0b1d474a4156c0b48b61c3ce10a8b244b4cd7e1
Worldview0.rsrc,1404,0x057c,1404 Fleet Nuggets E1 Cyan.24,0,0,352,16,5564,3b9237a9432dfad8b34af21593919f2f70d84887dba6975ecdeb6a3bf673cd59
Worldview0.rsrc,1405,0x057d,1405 Fleet Nuggets E1 Orange.24,0,0,352,16,5570,80fe73c03cfba2631bb1a56cea9b14a3c233cbd6a28984ae089694a4c7cd50d8
Worldview0.rsrc,1406,0x057e,1406 Fleet Nuggets E1 Green.24,0,0,352,16,5552,ddbbd6c34a993e329b2ee32a1bfaf83aeccd453dfd83f54b9961c6bbd078294a
Worldview0.rsrc,1407,0x057f,1407 Fleet Nuggets E1 Yellow.24,0,0,352,16,5562,20397034bd72bf9a14e7c63d91f4f038e665f16385e807c865710701f6622fdf
Worldview0.rsrc,1408,0x0580,1408 Fleet Nugget E2 Dk.Blue.24,0,0,352,16,5476,9f6a96be09d19b87b53c2e52f604d28017bb6275d4702215af9e3d8556d47333
Worldview0.rsrc,1409,0x0581,1409 Fleet Nuggets E2 Red.24,0,0,352,16,5480,454cd598f4154dfa397fab14abfdf99738c224f0ad7647e133438f165b2570a2
Worldview0.rsrc,1410,0x0582,1410 Fleet Nuggets E2 Purple.24,0,0,352,16,5476,046e66c9e63021f3f200f34f2035cac227fc49968af644f7c382b9a32d60ae6a
Worldview0.rsrc,1411,0x0583,1411 Fleet Nuggets E2 Cyan.24,0,0,352,16,5474,0d21de09d854a824f51416770c1198180d47a8e3d830dec33d5818c42d5d115e
Worldview0.rsrc,1412,0x0584,1412 Fleet Nuggets E2 Orange.24,0,0,352,16,5478,ea0e653624164139682bfee57818132603a89a8255f61e63639de213eb6b1cd2
Worldview0.rsrc,1413,0x0585,1413 Fleet Nuggets E2 Green.24,0,0,352,16,5458,46da274cf3da1b21358bf1b3b86a0223e335c306543ac8682cc536df4c19a5ae
Worldview0.rsrc,1414,0x0586,1414 Fleet Nuggets E2 Yellow.24,0,0,352,16,5470,7e517ba7deadf7eb7b7d807ff24cdc5a548d397dbf224b78cc13c257465a4efd
Worldview0.rsrc,1415,0x0587,1415 Fleet Nugget E3 Dk.Blue.24,0,0,352,16,5218,c8e4ebafda08f1ed8266597344d55253440e64cdd79a56d2f79504901fd15725
Worldview0.rsrc,1416,0x0588,1416 Fleet Nuggets E3 Red.24,0,0,352,16,5222,cfabcd19837608e89ac2c6a7ad130b10f23c4a81acd0e3e2ccf4cbbc92f79cfd
Worldview0.rsrc,1417,0x0589,1417 Fleet Nuggets E3 Purple.24,0,0,352,16,5218,6281a9264ae0cd3a469d96e78bd87c792f8edb96eebe2b96429e587cf5a59036
Worldview0.rsrc,1418,0x058a,1418 Fleet Nuggets E3 Cyan.24,0,0,352,16,5214,6736f37b5d37d93ac941b9210f901a50171bb29a5579c73442bc20da7ffdb0ff
Worldview0.rsrc,1419,0x058b,1419 Fleet Nuggets E3 Orange.24,0,0,352,16,5220,40ac721833401692def90259b2aa1ead8fd2e76374ce5e8962374db41c404175
Worldview0.rsrc,1420,0x058c,1420 Fleet Nuggets E3 Green.24,0,0,352,16,5198,6450433f7ce9b97db02282105c58d6023bdc831fdc83e1199705799e7c864a1f
Worldview0.rsrc,1421,0x058d,1421 Fleet Nuggets E3 Yellow.24,0,0,352,16,5212,41d77e45eeac953d4a4f4d3149385a8d9032f50d68074ed0ace976c08278d882
Worldview0.rsrc,1423,0x058f,1423 All Flags Strip.m3C,0,0,256,16,4758,68c062500443a6b67db12eced1eb70af4f10d68f5ce89ab721569fb445bd039c
Worldview0.rsrc,3750,0x0ea6,3750 Tac GP0 COA.24,0,0,52,72,5772,039acc3a6e229dee64d4a8a8f31a4d90cc49dd58d84149bc0094d47d70c4457b
Worldview0.rsrc,3751,0x0ea7,3751 Tac GP1 COA.24,0,0,52,72,5848,ef1570b8798a42e2eb24032b93c83fe6539b03c824a40826759aec32330f965a
Worldview0.rsrc,3752,0x0ea8,3752 Tac GP2 COA.24,0,0,52,72,5834,24c61d4f2eb2df5c8037df20289f445dece6a581309772423e45851e0fed258e
Worldview0.rsrc,3753,0x0ea9,3753 Tac GP3 COA.24,0,0,52,72,5768,437eb8e23939918106bda5ecfaf7f9ac8cb2fb9c22560f627481c8a0658ab020
Worldview0.rsrc,3754,0x0eaa,3754 Tac GP4 COA.24,0,0,52,72,5776,68cb106e414003a0c857a7fdaa75b1981cea9e8566ec018dcb1d4c897c39e502
Worldview0.rsrc,3755,0x0eab,3755 Tac GP5 COA.24,0,0,52,72,5800,c21742e68a8be10198f602ebabb92a36e8dfa15d13a96e59b970defd475e3ac2
Worldview0.rsrc,3756,0x0eac,3756 Tac GP6 COA.24,0,0,52,72,5700,ec2ee4529a2151f007f178ed5ade3564a359e663f6334a29eea7d8ca8f494111
Worldview0.rsrc,3757,0x0ead,3764 Tac MN 07.24,0,0,52,72,5962,b47a04006ec80cd426f31c56e4fca681b20cf4d5a74dfe9625bc0de298a453fb
Worldview0.rsrc,3758,0x0eae,3765 Tac MN 08.24,0,0,52,72,5968,210a810cd78e7241e4ddc1f52a64465c63dd8ad79f88bec495b4f99955a7baaa
Worldview0.rsrc,3759,0x0eaf,3766 Tac MN 09.24,0,0,52,72,5938,356987b1af2d6cbec5e9036e18dc6ee963264369797bff819fd1f8abe3de2715
Worldview0.rsrc,3760,0x0eb0,3767 Tac MN 10.24,0,0,52,72,5974,f6e95b4d5693b401f1c73a280bb9da18f494ffc43b8e757edbe0e036940c708f
Worldview0.rsrc,3761,0x0eb1,3768 Tac MN 11.24,0,0,52,72,5916,721f52de1ef7abe9804d33606a985e6ba4a548c8f063faa531d54ca130ef1ab7
Worldview0.rsrc,3762,0x0eb2,3769 Tac MN 12.24,0,0,52,72,5952,6914317a18f368eef6176c302677215d7cec420c404e67390845b4a53eb06898
Worldview0.rsrc,3763,0x0eb3,3770 Tac MN 13.24,0,0,52,72,5946,c70f78beee6c5af94f6fa5ca87199d6a21b9d1dfe3ceb965dce7e79bbbf2ca8c
Worldview0.rsrc,3764,0x0eb4,3771 Tac MN 14.24,0,0,52,72,5896,162e9f49c8f7930085b2bea4ce415fd78d36d5422a7cdc5fe97aeb760607b9bc
Worldview0.rsrc,3765,0x0eb5,3772 Tac MN 15.24,0,0,52,72,5956,8f5811d760e7a7ecdff7ce8c85a8d3b3742a206666e52928360515d68f1c0e3a
Worldview0.rsrc,3766,0x0eb6,3773 Tac MN 16.24,0,0,52,72,5960,4e5690eafcb722d4790b08b259c10b693397c6d3c93dd7b3d5a13cec98b97d28
Worldview0.rsrc,3767,0x0eb7,3774 Tac MN 17.24,0,0,52,72,5956,fd9f5935f333f627d084cf5b15c2da0913659c6e9656e4efa5c7167f97a5c357
Worldview0.rsrc,3768,0x0eb8,3775 Tac MN 18.24,0,0,52,72,5994,7c5f3dc85ea79ed254aeaac914371cae341e174b67254778812de3f8a57c16e7
Worldview0.rsrc,3769,0x0eb9,3776 Tac MN 19.24,0,0,52,72,5932,66340ee455e6a4e22179db458615e863078e696d2822c2fa50b7a812d8bd0689
Worldview0.rsrc,3770,0x0eba,3777 Tac MN 20.24,0,0,52,72,5924,7457800fbb21541b76cbc299b5c7bafd8299e4f505a65275c19b10fd4b2c56a5
Worldview0.rsrc,3771,0x0ebb,3778 Tac MN 21.24,0,0,52,72,5984,11dab88390b812df039e4c06d56d0bef78454059a833fafd966689883ca1efc3
Worldview0.rsrc,3772,0x0ebc,3779 Tac MN 22.24,0,0,52,72,5918,53b0addda6f9a60c671ff76e70158f2bf623685f5cb9b0c420b33f2c6ee3e96a
Worldview0.rsrc,3821,0x0eed,3821 GP0 Wins.24,0,0,235,350,80134,a91839a0a523b55a353aeeb803cfb4b6bb34f337b752b948f0181e892fa2b344
Worldview0.rsrc,3822,0x0eee,3822 GP1 Wins.24,0,0,235,350,80332,f651f54b45b84452a9d404e70413ee01f08e1f66cb69c27f97277803eb9832f7
Worldview0.rsrc,3823,0x0eef,3823 GP2 Wins.24,0,0,235,350,80788,82e971404cbd965f2de84702dcdbcdc3bb0f0ec5804f99e5ffae17e39877958a
Worldview0.rsrc,3824,0x0ef0,3824 GP3 Wins.24,0,0,235,350,81030,e47aa6c3176d9b1353389578cf89a755c2125ed5eefc6bc7384f6547017fcf8f
Worldview0.rsrc,3825,0x0ef1,3825 GP4 Wins.24,0,0,235,350,80546,a09304a7bb3233bdb301e93ec95a125322184523432afc00b92c63b831d18751
Worldview0.rsrc,3826,0x0ef2,3826 GP5 Wins.24,0,0,235,350,81388,77a9cb64ca35b282e02f031b1bca7e669407f8b45d95a7e16351c769c61ada47
Worldview0.rsrc,3827,0x0ef3,3827 GP6 Wins.24,0,0,235,350,81506,617ccc59c5608eb3954df0622b4135a28e4e4ba3ad0ce4955cade660bfe00539
Worldview0.rsrc,3835,0x0efb,3835 GP0 Loses.24,0,0,235,350,79500,653d581a93ba4beaf10ff53ea6c174189536b1274ddf17e33a2daa8328b81715
Worldview0.rsrc,3836,0x0efc,3836 GP1 Loses.24,0,0,235,350,79656,b2f29fccac06be41db6d71135bc19fd118288da1b61496e1d3c2d30030caa3ee
Worldview0.rsrc,3837,0x0efd,3837 GP2 Loses.24,0,0,235,350,79562,b284c7ea38effc5e09d7136aac594246e2937ba53f029c62bd66f4d2040a3735
Worldview0.rsrc,3838,0x0efe,3838 GP3 Loses.24,0,0,235,350,79944,2670974375ab667349ff0ef87b15894d34a47f19b71f45b4aaa3459a206f2ac3
Worldview0.rsrc,3839,0x0eff,3839 GP4 Loses.24,0,0,235,350,79834,472fde7917f82ca14a7ce9464bb2dcafbce967ebb2f87cdeadf2a3389f30abe5
Worldview0.rsrc,3840,0x0f00,3840 GP5 Loses.24,0,0,235,350,80050,9a2b7a6d666fe2ba70e25ab3a46c8020863bc40f171554d591eb9b6952cc40eb
Worldview0.rsrc,3841,0x0f01,3841 GP6 Loses.24,0,0,235,350,79990,95c7524ec2d0ceee058176eed6a436106ad583c5a8fe0e3b143d11eda6637707
Worldview0.rsrc,4311,0x10d7,4311 Status COA GP0.24,0,0,35,52,4048,4afd5e9209e2826b6f7c7c327e190bbded47956af6640ddafcc3d0cb07b158ba
Worldview0.rsrc,4312,0x10d8,4312 Status COA GP1.24,0,0,35,52,4068,859cb510d326f7f3a753844cb7dae4b62dd874645954122b7cc161ae0e1fe278
Worldview0.rsrc,4313,0x10d9,4313 Status COA GP2.24,0,0,35,52,4074,b671d0ad73f729d9354e9b5c7f1b2ca76bf17b8278b216c48687e91ae40cdd91
Worldview0.rsrc,4314,0x10da,4314 Status COA GP3.24,0,0,35,52,4048,61ec8069c63e73d65d833400339cf194e261038251924eb2add9bd0830cd140f
Worldview0.rsrc,4315,0x10db,4315 Status COA GP4.24,0,0,35,52,4074,1627bb8fee09f5949373e27553f7dc23b7b37db1c24f10b847ac7f7a93609bea
Worldview0.rsrc,4316,0x10dc,4316 Status COA GP5.24,0,0,35,52,4060,99e18bb285825dcf05bb609d0a5db1df321d5a008fc127d7e2a5afccfd573a85
Worldview0.rsrc,4317,0x10dd,4317 Status COA GP6.24,0,0,35,52,3996,10b197c4f3f8f24f7a705516f6571938849065de2217a033697fa8b5e9d9dcaf
Worldview0.rsrc,4357,0x1105,4357 CofGuvs COA GP0.24,0,0,56,84,6608,9003740f5420af1607a16e16a035ca63f27b4a9889e8b9b3426977c5c8787f91
Worldview0.rsrc,4358,0x1106,4358 CofGuvs COA GP1.24,0,0,56,84,6616,c2f800936d110a197aa4b7fc8a234d1bdbcbee875f74ee078ff73e34e0d59f49
Worldview0.rsrc,4359,0x1107,4359 CofGuvs COA GP2.24,0,0,56,84,6646,c87c8b1b200eb087be5c7d061fa0cc0b7ee99de13020909897b3f2facee03249
Worldview0.rsrc,4360,0x1108,4360 CofGuvs COA GP3.24,0,0,56,84,6626,d160c1fa2edc4ea67d300a1311f0f9ef7707638aa2ae013e71759a52a4ef474d
Worldview0.rsrc,4361,0x1109,4361 CofGuvs COA GP4.24,0,0,56,84,6552,08d7b7f1890555f62288d474c82a8bae9aecfdcb4be96ce0c5f2bef87285145d
Worldview0.rsrc,4362,0x110a,4362 CofGuvs COA GP5.24,0,0,56,84,6604,5ed7e5fb1d4db65fb02dcce1ed8acd425a96c183bf60ac61ca9d05b375d845ca
Worldview0.rsrc,4363,0x110b,4363 CofGuvs COA GP6.24,0,0,56,84,6492,00f31c19721de512e00bcfa4c93ba212925f73f4cf1675fe622deda136189033
Worldview0.rsrc,4400,0x1130,4400 BR Flag GP0.24,0,0,26,20,2696,a24ff2d0f74593cd51a6a5cba921ba8c9e639abd4889e382acb64280b27c12b9
Worldview0.rsrc,4401,0x1131,4401 BR Flag GP1.24,0,0,26,20,2698,20e75b63f24b440fad8d86ac60f349ce44f9e44feacd26f483bc5d3109d7babe
Worldview0.rsrc,4402,0x1132,4402 BR Flag GP2.24,0,0,26,20,2722,c280e5704e1f5fa6856cf5d0beaed88dafd565ebc5b4657f2364aa80cd284600
Worldview0.rsrc,4403,0x1133,4403 BR Flag GP3.24,0,0,26,20,2706,2b6475736814ca41b9059e350f4bd889b85e9b96aa3ca74e9e3bf3c94698f840
Worldview0.rsrc,4404,0x1134,4404 BR Flag GP4.24,0,0,26,20,2718,078f28e82d140c5ff8c76e74944d5ede86d65ce9598cf1ca93a280a0f57a9f9d
Worldview0.rsrc,4405,0x1135,4405 BR Flag GP5.24,0,0,26,20,2700,4c1fd8662a814779d418333c745f0ed7d31f4f8aea219afb60be70156df3b3cf
Worldview0.rsrc,4406,0x1136,4406 BR Flag GP6.24,0,0,26,20,2704,8c03011ea89946527ebb146976e9aaafef6988073937ec58b147aaad0a60016e
Worldview0.rsrc,4407,0x1137,4407 BR Flag MN 07.24,0,0,26,20,2678,037b574803428a5a40793bec4e77c1a11f3939f654d140b88267b8131f51e6ea
Worldview0.rsrc,4408,0x1138,4408 BR Flag MN 08.24,0,0,26,20,2692,f4284009d3d400369df7bf49f056689e54ed8ecc24fab8d6af9ae15e6f4d34b1
Worldview0.rsrc,4409,0x1139,4409 BR Flag MN 09.24,0,0,26,20,2718,18635f5236fdc80dca1a5b5d83eaefe05270ad681a4e9e96b98ad619df456a31
Worldview0.rsrc,4410,0x113a,4410 BR Flag MN 10.24,0,0,26,20,2696,d79df963953ab8518855daf618f4bbc4f21105cbdc710a1fce28107d3f4b0251
Worldview0.rsrc,4411,0x113b,4411 BR Flag MN 11.24,0,0,26,20,2714,4ca69d8e5419248fb9e2d20765cd19fe89d148a1de3a43f356f16efd3edab2b4
Worldview0.rsrc,4412,0x113c,4412 BR Flag MN 12.24,0,0,26,20,2700,738ad39428fe2b8328b44c4df69c3d8fae8dbf145241ed700dca33ed7f7c342b
Worldview0.rsrc,4413,0x113d,4413 BR Flag MN 13.24,0,0,26,20,2710,2bc53e55c184c71e7234c97728f0a0f31fc919de3b96d3835a699f217abbeaab
Worldview0.rsrc,4414,0x113e,4414 BR Flag MN 14.24,0,0,26,20,2710,183d93993e51df5af0266fa979f7a8b5990a9902ff9d36ccfb0f45799cae74f2
Worldview0.rsrc,4415,0x113f,4415 BR Flag MN 15.24,0,0,26,20,2716,f2c1cabacd071deaff5b71c37d3796c33ac84fb73942f9ceb998841c4eea99fc
Worldview0.rsrc,4416,0x1140,4416 BR Flag MN 16.24,0,0,26,20,2714,8e3e94e924dde6f664f5a7939463275e60bf3594de137ed7921cd62fad5cf9b7
Worldview0.rsrc,4417,0x1141,4417 BR Flag MN 17.24,0,0,26,20,2726,f4fff0d42373e7cccead7d47c5a4139a6bd5dd6ea33800752da0967f3d514671
Worldview0.rsrc,4418,0x1142,4418 BR Flag MN 18.24,0,0,26,20,2724,7025bf3b1b57a995cfc099fd0bc2c2b679686ecb77ec22318fd4538c8b477800
Worldview0.rsrc,4419,0x1143,4419 BR Flag MN 19.24,0,0,26,20,2716,2800fa82f1e23350488d98f2314e7395fa3f0997d91afd638d20ceed80eda2e6
Worldview0.rsrc,4420,0x1144,4420 BR Flag MN 20.24,0,0,26,20,2712,0cb8629df712e5be6cf14acc0d14b36568c8c96a6af97089fa5319ecc039a9bb
Worldview0.rsrc,4421,0x1145,4421 BR Flag MN 21.24,0,0,26,20,2722,71793e99fe8e8e8f19e6e6cd968b786c5566a141470a1be0ac33a92f84bda343
Worldview0.rsrc,4422,0x1146,4422 BR Flag MN 22.24,0,0,26,20,2704,db503e224fac3dd86600b55846ceefe62c98fc6b87f6d3c8704f74dcdebeaf07
Worldview0.rsrc,4423,0x1147,4423 BR 1st COA GP0.24,0,0,64,86,7456,19460f65adbedac606ba7041d0d5deed5ad1bf9682d7c82a41c874e1a2530b9f
Worldview0.rsrc,4424,0x1148,4424 BR 1st COA GP1.24,0,0,64,86,7372,39a3bc76704eb0e6d1f007fd2f84ffb0a2fc0e3b9376d70b452faa00676f5fca
Worldview0.rsrc,4425,0x1149,4425 BR 1st COA GP2.24,0,0,64,86,7420,b80b7ce98a49aae014001d599f596e120da36e75e0326a82be2e510818bd7211
Worldview0.rsrc,4426,0x114a,4426 BR 1st COA GP3.24,0,0,64,86,7362,e5782e78a3f238dfd92391484508afe23ddff5e094dec5071216993df11cfa49
Worldview0.rsrc,4427,0x114b,4427 BR 1st COA GP4.24,0,0,64,86,7242,744e7ce4b2bdb3404d097c1581a30b5228da4507a01994c6c0eda155348f00b1
Worldview0.rsrc,4428,0x114c,4428 BR 1st COA GP5.24,0,0,64,86,7460,45ea11fe7fd59a9817ce0f24678d1f77e0441b34b1584dcb521ecea7069f2e44
Worldview0.rsrc,4429,0x114d,4429 BR 1st COA GP6.24,0,0,64,86,7192,b4e52d2579cd6a0708ac7e2c5fd31e455acf99b09199c68dfb7c5f3b0349f762
Worldview0.rsrc,4430,0x114e,4430 BR 3rd COA GP0.24,0,0,64,86,7264,264744c0c765c779fe168d7b2d5a5371cdaf9aa3dff9df641058c9612c4fcf4e
Worldview0.rsrc,4431,0x114f,4431 BR 3rd COA GP1.24,0,0,64,86,7182,47ec3f016fc7760affc74c6528a076589ac01f9fd0010dbcedde661122f7e3a7
Worldview0.rsrc,4432,0x1150,4432 BR 3rd COA GP2.24,0,0,64,86,7222,6f4836e2d30bf0be95e11e06551fb14c6a25a901e1dd125f9d1a167411b9e20f
Worldview0.rsrc,4433,0x1151,4433 BR 3rd COA GP3.24,0,0,64,86,7164,e7e7bbdb688792cfc04e37ce6aa793cd247dc85277706a21cd81eb4a4c022303
Worldview0.rsrc,4434,0x1152,4434 BR 3rd COA GP4.24,0,0,64,86,7050,f32631b953681a784472ca40fa4bbed58fcc2785426cb64841046fc427f9abb9
Worldview0.rsrc,4435,0x1153,4435 BR 3rd COA GP5.24,0,0,64,86,7262,f97cc55f716c6e976a92dd1c86741f5c1c793c288fc9784e6b6366c5d16bcb00
Worldview0.rsrc,4436,0x1154,4436 BR 3rd COA GP6.24,0,0,64,86,6998,e0ae6052ea477e4ad45de6b143b4a80824116c19e99c756ff95fed1b95887370
Worldview0.rsrc,4437,0x1155,4437 BR 3rd COA MN07.24,0,0,64,86,7226,af6a076f2012e5d6f2a17e87e6c4cb3c49912254c2c20a96caaecb256f51431f
Worldview0.rsrc,4438,0x1156,4438 BR 3rd COA MN08.24,0,0,64,86,7242,c03cd959642e2171613818b7aaee476b46af1ff32919a9f2b0b3f9dc2f16d149
Worldview0.rsrc,4439,0x1157,4439 BR 3rd COA MN09.24,0,0,64,86,7234,93a4b860b903d7d54983e3c6bcfa0ddcaad7580ca848f18f5c8ec7da602775db
Worldview0.rsrc,4440,0x1158,4440 BR 3rd COA MN10.24,0,0,64,86,7266,82a3357a81cbfed1beef457333d17a6fd4a7cf9438ac69ec0b995e04cfcebaa7
Worldview0.rsrc,4441,0x1159,4441 BR 3rd COA MN11.24,0,0,64,86,7154,a674e397cd558c16289e88b491ba16a4e2d4e8a537feb493a11686a2b154bb1e
Worldview0.rsrc,4442,0x115a,4442 BR 3rd COA MN12.24,0,0,64,86,7210,10561febc884df46b2c99234ab61b0e84ec80a01436b64f8c36b320d0bbb83d7
Worldview0.rsrc,4443,0x115b,4443 BR 3rd COA MN13.24,0,0,64,86,7200,8ad0943b981ce9a797631106ef3e39ab661959b6e0b3007e54368d6f0b082c5e
Worldview0.rsrc,4444,0x115c,4444 BR 3rd COA MN14.24,0,0,64,86,7148,32fc8865253a5f5e59b11e23b867fb2b6b609d76d33faae2d7bf03841a7d1981
Worldview0.rsrc,4445,0x115d,4445 BR 3rd COA MN15.24,0,0,64,86,7220,72589142558ffdbdf533e2932dda5486d847838c2fd04c8099b50aeb20c514fa
Worldview0.rsrc,4446,0x115e,4446 BR 3rd COA MN16.24,0,0,64,86,7288,39bb4185b43ced028a7bf31372614cf69be022eedd8af3b184230d43f20fe5c5
Worldview0.rsrc,4447,0x115f,4447 BR 3rd COA MN17.24,0,0,64,86,7188,666a96d5474644c7988cfc46f6fc1f164ca4ecfcd4757d9a435a15f211cae572
Worldview0.rsrc,4448,0x1160,4448 BR 3rd COA MN18.24,0,0,64,86,7278,3d0d19b2a24a0a1fbd658c81ce01a836f5989a7e2a8e7ce8198f3514184e4344
Worldview0.rsrc,4449,0x1161,4449 BR 3rd COA MN19.24,0,0,64,86,7200,f21290939efc629314c79f5e6f75aa6fe8d39a82648f556f63ddc597eb51fd3a
Worldview0.rsrc,4450,0x1162,4450 BR 3rd COA MN20.24,0,0,64,86,7132,68ac1fc1054486cb1a03130aa226b65871871ffd6b04dd49943056fdeb07a81c
Worldview0.rsrc,4451,0x1163,4451 BR 3rd COA MN21.24,0,0,64,86,7242,5740e453b968e7b7cecefd54fabd12ed461755c2caa88a9abc8bba921997cdf9
Worldview0.rsrc,4452,0x1164,4452 BR 3rd COA MN22.24,0,0,64,86,7184,499b24674d39df550349aa78729578ccff056409a94f1794901985cba8108f04
Worldview0.rsrc,4550,0x11c6,4550 COA GP0 (Dk Blue).24,0,0,70,94,8190,c29d380814f483efd247559353090fd0c220ccd7c4c93299b8737ff81cedb854
Worldview0.rsrc,4551,0x11c7,4551 COA GP1 (Red).24,0,0,70,94,8306,227efeebb426b4a8eda34a6ee026903b01b4516abe3c4af735a62c05202c9fea
Worldview0.rsrc,4552,0x11c8,4552 COA GP2 (Purple).24,0,0,70,94,8322,f371ade03c05f93adb2e13b6b4c7110a857f3f18a2fd88f73bc35a8bb4ea7180
Worldview0.rsrc,4553,0x11c9,4553 COA GP3 (Cyan).24,0,0,70,94,8320,d3e29818c0bb8778e9399a0c6ae41c3a843deeeecfdd8db31fd6561aea4476ee
Worldview0.rsrc,4554,0x11ca,4554 COA GP4 (Orange).24,0,0,70,94,8170,fc8ea70d6a0dff2353944d43c93627daae37a03be169248f80cf89e806a81775
Worldview0.rsrc,4555,0x11cb,4555 COA GP5 (Green).24,0,0,70,94,8338,1c764ea3cd3e10339d50c72dc67305f0a5b96fbad2ff2e86eba24c599657a580
Worldview0.rsrc,4556,0x11cc,4556 COA GP6 (Yellow).24,0,0,70,94,8104,43f4a79d8238c71e570bebd327e05470e1ae8c1e389fc2a8a17d309a3cb6126e
Worldview0.rsrc,4611,0x1203,4611 Multi-Lounge Flag GP0,0,0,26,20,2722,008c69a79951ae950bceab95ee03038e5817dbdc422ae4cfd5ec6adcde3e075a
Worldview0.rsrc,4612,0x1204,4612 Multi-Lounge Flag GP1,0,0,26,20,2708,bc4f038e0b636c996f12d15207a2a886f9ae14bfeb906ac727a9ae13a325b14a
Worldview0.rsrc,4613,0x1205,4613 Multi-Lounge Flag GP2,0,0,26,20,2708,d17a641892bdedd0ef2e0dccc671981b2c0275d22fdb9f3877d9d6debf36eb09
Worldview0.rsrc,4614,0x1206,4614 Multi-Lounge Flag GP3,0,0,26,20,2718,3275001483c46ea99efd0d4db7f1ade596b5f5c994746f64d7364c445f6e5056
Worldview0.rsrc,4615,0x1207,4615 Multi-Lounge Flag GP4,0,0,26,20,2716,a806531f93b844afa6e26b1c4dff68ec1d1dc1fc87068b0d256112dc87c70e9b
Worldview0.rsrc,4616,0x1208,4616 Multi-Lounge Flag GP5,0,0,26,20,2724,ab8626faac5da0488bb27d6c6b447a0f4250b0b11fd1cc027a7633c6dac90479
Worldview0.rsrc,4617,0x1209,4617 Multi-Lounge Flag GP6,0,0,26,20,2720,5028f2b7891f1bad23a21e2bd67f23d10c227a363468e965c6200c344501dec4
Worldview0.rsrc,4618,0x120a,4618 COA GP0.24,0,0,63,94,6804,b797d0c19486e84159e665c4af1717f1c2dfe7a5e51de15d7d56025f5af566e7
Worldview0.rsrc,4619,0x120b,4619 COA GP1.24,0,0,63,94,6914,00e8a3f200534484a72ce5e5a9a2a0412d532f0393274926cec5caa119cec6a9
Worldview0.rsrc,4620,0x120c,4620 COA GP2.24,0,0,63,94,6944,c54ef4ee0af52d552faead94751f5c1be7f361d75930e097915bc0f2d32bfed5
Worldview0.rsrc,4621,0x120d,4621 COA GP3.24,0,0,63,94,6928,7da95e86896af52a3081dc74a84de839174dbce974bf482c501efbcfd35f6865
Worldview0.rsrc,4622,0x120e,4622 COA GP4.24,0,0,63,94,6796,19d02f320b07c8687df25bd031f75fa6324ac03fc342465570765f4a6e584e33
Worldview0.rsrc,4623,0x120f,4623 COA GP5.24,0,0,63,94,6966,40c7813a3dd8d88cb2ac015cc7e2f5c0587a7d2cdd2dc16166e0159ab76557de
Worldview0.rsrc,4624,0x1210,4624 COA GP6.24,0,0,63,94,6716,2ba2edc206570b7a08bbdbf934285ff41f92cd1141e8b6a4a0d15f0750a3e6cb
Worldview0.rsrc,4651,0x122b,4651 Chat Tgl GP0 Slctd.24,0,0,29,22,2790,d8ec82676f74c7054e863aa474ff1f14ef5e3ad5dc5859a9bfa512f706bdf87c
Worldview0.rsrc,4652,0x122c,4652 Chat Tgl GP0 Slctd Dn.24,0,0,29,22,2764,a8dc16f20e18ba3c6fb52176358828ec0ddbdbd1f25580e5abaf930dbfd01a66
Worldview0.rsrc,4653,0x122d,4653 Chat Tgl GP0 Unslctd.24,0,0,29,22,2798,c7f89acc589e11034836cb8f729d1018056a45dac19662e155a44a9d41a66b4c
Worldview0.rsrc,4654,0x122e,4654 Chat Tgl GP0 Unslctd Dn.24,0,0,29,22,2770,38c92a6cfbe03b0ce3a5952497501fdadd2f4e4998d842a8fab50ed3359d5649
Worldview0.rsrc,4655,0x122f,4655 Chat GP0 Grey.24,0,0,29,22,2758,81e30b1d2a41a6fb74327564bc9de70f3794f258c40d2ba99a47e254d0d294cc
Worldview0.rsrc,4656,0x1230,4656 Chat Toggle GP1 Slctd.24,0,0,29,22,2776,277215466bd7cda88791a141f4ae49e2a5fa030e1d5bc4cb753b10ca1e5f9dec
Worldview0.rsrc,4657,0x1231,4657 Chat Tggle GP1 Slctd Dn.24,0,0,29,22,2756,88c70610e36e412a86eed653ccb210c3b379329b89d2c186680e4ab62dac4b0a
Worldview0.rsrc,4658,0x1232,4658 Chat Tgl GP1 Unslctd.24,0,0,29,22,2784,67d7486a9b97a5ad17092c14f77ac068e2491da49081e7b3bdd4cd5a59df3554
Worldview0.rsrc,4659,0x1233,4659 Chat Tgl GP1 Unslctd Dn.24,0,0,29,22,2758,6c41a1799b2edfb9629e64785dce506df262ba35ef3cc7633a56246ed06f5ace
Worldview0.rsrc,4660,0x1234,4660 Chat GP1 Grey.24,0,0,29,22,2714,82fa2035f11cd99e25d53ef4567f42ac9b001ac9dda72bca55d711e9c28a8929
Worldview0.rsrc,4661,0x1235,4661 Chat Toggle GP2 Slctd.24,0,0,29,22,2776,41249658c4581557350c54b7ac7eb641a6d5d6f40dc6190ed380a60e5962fc94
Worldview0.rsrc,4662,0x1236,4662 Chat Tgl GP2 Slctd Dn.24,0,0,29,22,2746,fed237f0ffc2a68e44756ece9f5493498c5a42e662e825bce583955b845d82a0
Worldview0.rsrc,4663,0x1237,4663 Chat Tgl GP2 Unslctd.24,0,0,29,22,2786,3ee59a6defaf7b8116f46c292d10acfe5976dcc78128b93505b090c57fcb53d0
Worldview0.rsrc,4664,0x1238,4664 Chat Tgl GP2 Unslctd Dn.24,0,0,29,22,2750,358c1bff550085716e065e5bd86dbc0c8b22d90ba745c21a24091a5cbf6f5060
Worldview0.rsrc,4665,0x1239,4665 Chat GP2 Grey.24,0,0,29,22,2744,a51e0d0299cc0adf3d7b81f8c082808477b94be0c2e084c0872a5e420fd37c09
Worldview0.rsrc,4666,0x123a,4666 Chat Toggle GP3 Slctd.24,0,0,29,22,2782,face080f2c209514051e0d8b3297e57182b9ffb2eaea9b26701d18317f898f1a
Worldview0.rsrc,4667,0x123b,4667 Cht Tgl GP3 Slctd Dn.24,0,0,29,22,2772,8dfe69ec2c4a06dbcdf91ef87605ac67df540abfaf20c4800a7cf85a37f9fb4d
Worldview0.rsrc,4668,0x123c,4668 Cht Tgl GP3 Unslctd.24,0,0,29,22,2790,c9d3069c1e5504d4d05cb6f5804c0e5e2dd763ccb95ca7c38f6fb7b190fe006c
Worldview0.rsrc,4669,0x123d,4669 Cht Tgl GP3 Unslctd Dn.24,0,0,29,22,2770,cb289a8bebc6ec335ad3bd49af389ccf551c66f5c01bb7d0b9a75648db6b6433
Worldview0.rsrc,4670,0x123e,4670 Cht GP3 Grey.24,0,0,29,22,2762,fac8957fa41ffbf1a6a00ab3e78f41c6da9aa294a1ec70e126046429c0eec2a4
Worldview0.rsrc,4671,0x123f,4671 Chat Toggle GP4 Slctd.24,0,0,29,22,2780,59e6414362b115d5014b5036218b890e762b4b693e00a07566b6e64f6b1f6200
Worldview0.rsrc,4672,0x1240,4672 Cht Tgl GP4 Slctd Dn.24,0,0,29,22,2758,01addc5f79e71c1a00d7246260b92039edfd0528de8aaa3326700b1c815c6571
Worldview0.rsrc,4673,0x1241,4673 Cht Tgl GP4 Unslctd.24,0,0,29,22,2788,dcbd19bc63173e2a0be3c56e7a8c869ee87d10f9043040f0280d99a98a3ce6af
Worldview0.rsrc,4674,0x1242,4674 Cht Tgl GP4 Unslctd Dn.24,0,0,29,22,2762,22369da0e97d1a3aa522388d1c97142709905a3ea8fa3311fa581287cdd943be
Worldview0.rsrc,4675,0x1243,4675 Chat GP4 Grey.24,0,0,29,22,2734,ba7147f99922ddfb158de5550fdcc489c769deddc919b2e36bec250f9d37a677
Worldview0.rsrc,4676,0x1244,4676 Chat Toggle GP5 Slctd.24,0,0,29,22,2790,6f1191099082509c1e905f700dd912164bdbd2816a03553875aa662ee77b788d
Worldview0.rsrc,4677,0x1245,4677 Cht Tgl GP5 Slctd Dn.24,0,0,29,22,2772,928e38cf0597dff73d96eeb2275a762bbd262283c332a50ef774f25c05a85363
Worldview0.rsrc,4678,0x1246,4678 Cht Tgl GP5 UnSlctd.24,0,0,29,22,2796,ff464415972b2839a88915311844ef5fd8db1d9ec5f863a1f2029eecc3a40f04
Worldview0.rsrc,4679,0x1247,4679 Cht Tgl GP5 UnSlctd Dn.24,0,0,29,22,2774,a8cfa1976fc6dad24633aa872233d0aeaeec9781427f49efce79de3ec723492a
Worldview0.rsrc,4680,0x1248,4680 Chat GP5 Grey.24,0,0,29,22,2766,be9e41897f4bc573acea525da74bdbb25eb19c662c4a80a8c2596713679d8732
Worldview0.rsrc,4681,0x1249,4681 Cht Tgl GP6 Slctd.24,0,0,29,22,2786,a2c6cbc4ca004c00e4c52260d34e58dc358c15af20d4daae24385c87ac8c3acc
Worldview0.rsrc,4682,0x124a,4682 Cht Tgl GP6 Slctd Dn.24,0,0,29,22,2762,d569ac4a63a6983b19e0e99d456640f51d6713cf127ee8bfa20ff79491375512
Worldview0.rsrc,4683,0x124b,4683 Chat Tgl GP6 UnSlctd.24,0,0,29,22,2798,12a01dc2be2bc8cda1ff6eda4579fde18374074e391b03cd5e2b59d5d457245a
Worldview0.rsrc,4684,0x124c,4684 Cht Tgl GP6 Unslctd Dn.24,0,0,29,22,2770,27e0e0bb055815c16d309529ba64ce1e4778e9a47c2b76fc39855afbe9110f8e
Worldview0.rsrc,4685,0x124d,4685 Chat GP6 Grey.24,0,0,29,22,2750,9bc1e0f734a152712bf26efd51c6a131fea6b973db23f96af91576003ac9c81c
Worldview0.rsrc,5011,0x1393,5011 Info Info Imp.24,0,0,241,117,26110,648f314c2912b75cceb79428901fb288da160bcb8fbc3f464b239abe834238ff
Worldview0.rsrc,8699,0x21fb,8699 Trade Flags Imp.m3c,0,0,736,24,14068,bf42bf924d1f9a66306ed18a2c51a1e3127c7cfd1c2bff28e9bae91caba63bda
Worldview0.rsrc,8700,0x21fc,8700 Flag.m3C,0,0,81,61,4258,f3e787c4392ef55a8eb79c3e39bfc4a434eedc779c666691715d01f36f2b417d
Worldview0.rsrc,8701,0x21fd,8701 Flag.m3C,0,0,81,61,4522,41aede69ce2e40de2e69d1fb7f67c2be4ab4729173274f719b06d4c17b25339a
Worldview0.rsrc,8702,0x21fe,8702 Flag.m3C,0,0,81,61,4548,cbe3693db5d665c183f805fdb32f606f4d1e5fc7fea42f1921f96786edf1b6ba
Worldview0.rsrc,8703,0x21ff,8703 Flag.m3C,0,0,81,61,4486,e66ee1cbddf9457ae1b0a020c3b655ed645f29d4a2e953110666bc0d97bf1a67
Worldview0.rsrc,8704,0x2200,8704 Flag.m3C,0,0,81,61,4336,0838e55b3cfc73945fc2a1f3bf4e592e697c36deacedc1afd766a3c0bd7e6e73
Worldview0.rsrc,8705,0x2201,8705 Flag.m3C,0,0,81,61,4496,6124623beedab03cbcbebdc92c91d4c1805defb9d7230dbd985d6b218509e564
Worldview0.rsrc,8706,0x2202,8706 Flag.m3C,0,0,81,61,4174,ffc809fa3409d1d459814e4cbd2a4bccb7536875fbc9c7c085bc4e16d4cdb841
Worldview0.rsrc,8707,0x2203,8707 Flag.m3C,0,0,81,61,4422,5344e411c8708e410aa185e135beb92b65704b0d5167824f74ec6c0c6c03eca5
Worldview0.rsrc,8708,0x2204,8708 Flag.m3C,0,0,81,61,4434,6e7759afa7bdcecaeb8ed22aa4ba2d577ea03c7dc54b4e6225ce64c015f29a5e
Worldview0.rsrc,8709,0x2205,8709 Flag.m3C,0,0,81,61,4394,ec469d33cc94d0dbc2b600f4c9c62265a690c38d7ed73587635f2e6c34c001ab
Worldview0.rsrc,8710,0x2206,8710 Flag.m3C,0,0,81,61,4464,f490883275fcd616bc74d10a94f03f6153a43499541f3846ec39651752a6ef2b
Worldview0.rsrc,8711,0x2207,8711 Flag.m3C,0,0,81,61,4350,f782a8152a2721f06bf76caf809bd3a08ea6882b659dd787c1a4a88616fcb650
Worldview0.rsrc,8712,0x2208,8712 Flag.m3C,0,0,81,61,4472,3fed0d119811bc6232628d1fcd16784bac1e605ed614ab379593b0ba624a1398
Worldview0.rsrc,8713,0x2209,8713 Flag.m3C,0,0,81,61,4302,f275a6d694fdaf238e3a5b1096132ae18666db81a5f847787dfefc4506220f77
Worldview0.rsrc,8714,0x220a,8714 Flag.m3C,0,0,81,61,4378,e1b83220ae584382198153eecb174b33cc52cf5df2ac0cf10b5f899ef4c26038
Worldview0.rsrc,8715,0x220b,8715 Flag.m3C,0,0,81,61,4444,679aa087b2e83a2c17eeb93a54c3cf7b3f97736522f95a447e85e59f10051dce
Worldview0.rsrc,8716,0x220c,8716 Flag.m3C,0,0,81,61,4392,b1d6d5fe34f85f4a228bd9817be927889e3a42f7c868cd3c338668ef0f7b29a1
Worldview0.rsrc,8717,0x220d,8717 Flag.m3C,0,0,81,61,4234,8381d42cab2ce67274b3f23bc535c39c0f6cf918137f66aa89d62ecd2dc1a898
Worldview0.rsrc,8718,0x220e,8718 Flag.m3C,0,0,81,61,4520,9591d042440f69b0c9c45ffd2cfa0e02b1a4fb31f703c6f81f0c749a0d8a8a30
Worldview0.rsrc,8719,0x220f,8719 Flag.m3C,0,0,81,61,4106,7ecb21446c63d05491adf596ce6756c652cebb944eef9b738656a7923c9e45da
Worldview0.rsrc,8720,0x2210,8720 Flag.m3C,0,0,81,61,4260,86ccdc2c2904c0c3a4c8ee20f39ba792fbd89a0720f31a82ae2d3a1a5dd1522c
Worldview0.rsrc,8721,0x2211,8721 Flag.m3C,0,0,81,61,4378,85af244aaa578fbc7a10339e03b931f875ac5f6ab7b54f7000cdddf6e5097477
Worldview0.rsrc,8722,0x2212,8722 Flag.m3C,0,0,81,61,4366,83832c4a3b63db0e0821eb85c694635612a7dea3805c9468da0cf178fae9dcdc
Worldview0.rsrc,9500,0x251c,9500 COA Zimm (6 Mar).m3C,0,0,84,125,11682,a67e1f3cc2671b8a14e9c09e4af5a8c48eed0848b51c0920e448691ea1938c2a
Worldview0.rsrc,9501,0x251d,9501 COA Kem (6 Mar).m3C,0,0,84,125,11718,0ed538edb6cb9c2447e69e7a06bd1eec68c531c223a95b682fc417821c36ca00
Worldview0.rsrc,9502,0x251e,9502 COA Patagon (6 Mar).m3C,0,0,84,125,11724,36aeabbfa593db67455dc70c136da3eea33a873c61b1b774660a37a4f6b669cf
Worldview0.rsrc,9503,0x251f,9503 COA Haxaco (6 Mar).m3C,0,0,84,125,11804,8da4fda0a08e5b7f502b7e39ee3695f4201ae337a23f94bd20d466353c03cfe0
Worldview0.rsrc,9504,0x2520,9504 COA Devron (6 Mar).m3C,0,0,84,125,11564,8bbb1ada0f3618469eb47fbe5496319e7a3f71ee4cce5056976b78ded5ac542d
Worldview0.rsrc,9505,0x2521,9505 COA Ordune (6 Mar).m3C,0,0,84,125,11856,39a3f04cdf0a24eddff2daf8768050f83c6ab4e051c57b62a637032de07471fd
Worldview0.rsrc,9506,0x2522,9506 COA Deneb (6 Mar).m3C,0,0,84,125,11580,bc2d3d0ac22a569532291b41eb1eec1ee701f24ad0112680777b43c5142b2acf
Worldview1.rsrc,580,0x0244,580 6/20 scenario flags.24,0,0,72,6,2424,a1c5ef4c1d376aa16c50edc92ecaf5bd9aa29b6fda5d3ab2a422ba89670f346c
Worldview1.rsrc,1380,0x0564,1380 Fleet E1 Dk. Blue.24,0,0,1152,64,27090,f47482e2aa2b4a2260f5768f1960d4c481edefc9bb2174c87b9af5f76a534a77
Worldview1.rsrc,1381,0x0565,1381 Fleet E1 Red.24,0,0,1152,64,27090,215fbbd9b65da1114075e66ded75057308dc81d390d6598cf8743b98c9d4ff97
Worldview1.rsrc,1382,0x0566,1382 Fleet E1 Purple.24,0,0,1152,64,27090,92ed2ff0fc21c8baf0d18bd4cfbfd385a51cbbee1dcd19a1ab208552b81b431e
Worldview1.rsrc,1383,0x0567,1383 Fleet E1 Cyan.24,0,0,1152,64,27090,ff71b6740aef86477030a641497bd8dac48d5821d82964b3226298ca97dca340
Worldview1.rsrc,1384,0x0568,1384 Fleet E1 Orange.24,0,0,1152,64,27090,8a7a5e6d92ece9f9edd4ea7a7e7f6104f52cb7f62a3e26ddf791d98ba37fbd3d
Worldview1.rsrc,1385,0x0569,1385 Fleet E1 Green.24,0,0,1152,64,27090,86370fa42b46f0e3a8928d0d5eae03cfb153e5ff2ae53148b01c5c91e729a8e8
Worldview1.rsrc,1386,0x056a,1386 Fleet E1 Yellow.24,0,0,1152,64,27090,81fd8e15774ff04999b46e0306350ac11e90916740f7daf276a4392553e3343c
Worldview1.rsrc,1387,0x056b,1387 Fleet E2 Dk. Blue.24,0,0,1152,64,23380,c5cd668742e228d89c490fb9763aa761f11481070e8418972b3393281a90ac8f
Worldview1.rsrc,1388,0x056c,1388 Fleet E2 Red.24,0,0,1152,64,23380,064262eafc7f8a11d18d1db14645ee70f00eece99339c7715b39dd7a7db4d7f4
Worldview1.rsrc,1389,0x056d,1389 Fleet E2 Purple.24,0,0,1152,64,23380,bcd5551e00d83a4d0c25d26de573a33462b3de3325690a90500264b692cee39a
Worldview1.rsrc,1390,0x056e,1390 Fleet E2 Cyan.24,0,0,1152,64,23380,1d1115d063f3e92d76125a6051d0a41fd58bf8a0217826528c98f6386847b5a3
Worldview1.rsrc,1391,0x056f,1391 Fleet E2 Orange.24,0,0,1152,64,23380,573b966e47458d07f7eb7a1fb872a2a8ce6cb6fc3f639ff1e12d89827e678497
Worldview1.rsrc,1392,0x0570,1392 Fleet E2 Green.24,0,0,1152,64,23380,76280900ed64e933ca252fe8d3d9f6ce9568db5eb2f12e10ff1864d847e6b481
Worldview1.rsrc,1393,0x0571,1393 Fleet E2 Yellow.24,0,0,1152,64,23380,aa7ab34d11e64fd2295167f15590e41af87293bfb1e8aeb6d5909c68e72d2fc5
Worldview1.rsrc,1394,0x0572,1394 E3 Fleet GP0 Dk. Blue.24,0,0,1152,64,20048,399e353fa1193f9a1cf55ee0c22d1e90d9be3994a2ea33b90fbe643acb14bcda
Worldview1.rsrc,1395,0x0573,1395 E3 Fleet GP1 Red.24,0,0,1152,64,20048,4f02870286e9059c18ad174054ddd4a40d4186961daf79e20d4f64865e70cef1
Worldview1.rsrc,1396,0x0574,1396 E3 Fleet GP2 Purple.24,0,0,1152,64,20048,18dd93bbcd3d79f1e42fb120f7333de411bcf2bd65317d90cebcaf4a209a4f05
Worldview1.rsrc,1397,0x0575,1397 E3 Fleet GP3 Cyan.24,0,0,1152,64,20048,53bc4e274113679042545a8cbda9dadd2ccdefce16146b53712dfe62069dd5a4
Worldview1.rsrc,1398,0x0576,1398 E3 Fleet GP4 Orange.24,0,0,1152,64,20048,b199e5d7553f56618927e558cb2cd5a4e7a27eabb80adfd58966289c0753d357
Worldview1.rsrc,1399,0x0577,1399 E3 Fleet GP5 Green.24,0,0,1152,64,20048,ed615f5b282a46fc5a83485a24986aa2e4b3b053a65a8ee47b31f25ad1d85643
Worldview1.rsrc,1400,0x0578,1400 E3 Fleet GP6 Yellow.24,0,0,1152,64,20048,33e3c04fd4eae2ec40a4c3b5b70488a63fd2e7734be00152e9b9373e503e6d1c
Worldview1.rsrc,1401,0x0579,1401 Fleet Nugget E1 Dk.Blue.24,0,0,352,16,5566,b6ffe1fd6b1d989e401be12db901436f39144d2623f52996d35e117a8d6dc9e0
Worldview1.rsrc,1402,0x057a,1402 Fleet Nuggets E1 Red.24,0,0,352,16,5570,3f2cac860738e2a35fe962873a22276524bf9369ae126453de99833c86a1f81a
Worldview1.rsrc,1403,0x057b,1403 Fleet Nuggets E1 Purple.24,0,0,352,16,5566,b401712a76e8dc6906e24936d0b1d474a4156c0b48b61c3ce10a8b244b4cd7e1
Worldview1.rsrc,1404,0x057c,1404 Fleet Nuggets E1 Cyan.24,0,0,352,16,5564,3b9237a9432dfad8b34af21593919f2f70d84887dba6975ecdeb6a3bf673cd59
Worldview1.rsrc,1405,0x057d,1405 Fleet Nuggets E1 Orange.24,0,0,352,16,5570,80fe73c03cfba2631bb1a56cea9b14a3c233cbd6a28984ae089694a4c7cd50d8
Worldview1.rsrc,1406,0x057e,1406 Fleet Nuggets E1 Green.24,0,0,352,16,5552,ddbbd6c34a993e329b2ee32a1bfaf83aeccd453dfd83f54b9961c6bbd078294a
Worldview1.rsrc,1407,0x057f,1407 Fleet Nuggets E1 Yellow.24,0,0,352,16,5562,20397034bd72bf9a14e7c63d91f4f038e665f16385e807c865710701f6622fdf
Worldview1.rsrc,1408,0x0580,1408 Fleet Nugget E2 Dk.Blue.24,0,0,352,16,5476,9f6a96be09d19b87b53c2e52f604d28017bb6275d4702215af9e3d8556d47333
Worldview1.rsrc,1409,0x0581,1409 Fleet Nuggets E2 Red.24,0,0,352,16,5480,454cd598f4154dfa397fab14abfdf99738c224f0ad7647e133438f165b2570a2
Worldview1.rsrc,1410,0x0582,1410 Fleet Nuggets E2 Purple.24,0,0,352,16,5476,046e66c9e63021f3f200f34f2035cac227fc49968af644f7c382b9a32d60ae6a
Worldview1.rsrc,1411,0x0583,1411 Fleet Nuggets E2 Cyan.24,0,0,352,16,5474,0d21de09d854a824f51416770c1198180d47a8e3d830dec33d5818c42d5d115e
Worldview1.rsrc,1412,0x0584,1412 Fleet Nuggets E2 Orange.24,0,0,352,16,5478,ea0e653624164139682bfee57818132603a89a8255f61e63639de213eb6b1cd2
Worldview1.rsrc,1413,0x0585,1413 Fleet Nuggets E2 Green.24,0,0,352,16,5458,46da274cf3da1b21358bf1b3b86a0223e335c306543ac8682cc536df4c19a5ae
Worldview1.rsrc,1414,0x0586,1414 Fleet Nuggets E2 Yellow.24,0,0,352,16,5470,7e517ba7deadf7eb7b7d807ff24cdc5a548d397dbf224b78cc13c257465a4efd
Worldview1.rsrc,1415,0x0587,1415 Fleet Nugget E3 Dk.Blue.24,0,0,352,16,5218,c8e4ebafda08f1ed8266597344d55253440e64cdd79a56d2f79504901fd15725
Worldview1.rsrc,1416,0x0588,1416 Fleet Nuggets E3 Red.24,0,0,352,16,5222,cfabcd19837608e89ac2c6a7ad130b10f23c4a81acd0e3e2ccf4cbbc92f79cfd
Worldview1.rsrc,1417,0x0589,1417 Fleet Nuggets E3 Purple.24,0,0,352,16,5218,6281a9264ae0cd3a469d96e78bd87c792f8edb96eebe2b96429e587cf5a59036
Worldview1.rsrc,1418,0x058a,1418 Fleet Nuggets E3 Cyan.24,0,0,352,16,5214,6736f37b5d37d93ac941b9210f901a50171bb29a5579c73442bc20da7ffdb0ff
Worldview1.rsrc,1419,0x058b,1419 Fleet Nuggets E3 Orange.24,0,0,352,16,5220,40ac721833401692def90259b2aa1ead8fd2e76374ce5e8962374db41c404175
Worldview1.rsrc,1420,0x058c,1420 Fleet Nuggets E3 Green.24,0,0,352,16,5198,6450433f7ce9b97db02282105c58d6023bdc831fdc83e1199705799e7c864a1f
Worldview1.rsrc,1421,0x058d,1421 Fleet Nuggets E3 Yellow.24,0,0,352,16,5212,41d77e45eeac953d4a4f4d3149385a8d9032f50d68074ed0ace976c08278d882
Worldview1.rsrc,1423,0x058f,1423 All Flags Strip.24,0,0,256,16,4758,0b72c2c7e04f64fb3bca61783dd89dcf36b5d740a99b873120c2cbd625af732e
Worldview1.rsrc,3750,0x0ea6,3750 Tac GP0 COA France.24,0,0,52,72,5878,1d9ac09348b5512b034ee163d4032395993822ff13d623b97d5a666fa2bba74c
Worldview1.rsrc,3751,0x0ea7,3751 Tac GP1 COA Austria.24,0,0,52,72,5894,686077c6ec2ce49593cc8a32a26d10f537f2fba5bd0737c3cd284ed6f4b79d85
Worldview1.rsrc,3752,0x0ea8,3752 Tac GP2 COA Turkey.24,0,0,52,72,5862,719a1d0b579b5db1f969add1fe92256a82822be4908e0e751285a143e374a529
Worldview1.rsrc,3753,0x0ea9,3753 Tac GP3 COA Russia.24,0,0,52,72,5952,ece42f25f230c94302e5da252757562726120cbec1ea70f166955d49782c2d75
Worldview1.rsrc,3754,0x0eaa,3754 Tac GP4 COA Prussia.24,0,0,52,72,5876,aed6a31a9d36d864f82737547f09fdaeee94bc3c4a997a65d61712755f037d7d
Worldview1.rsrc,3755,0x0eab,3755 Tac GP5 COA Italy.24,0,0,52,72,5886,5842ecb927e8610d5d46d6091388866bc38dc7c5fbf89c1eab577f5c33b3c951
Worldview1.rsrc,3756,0x0eac,3756 Tac GP6 COA Britain.24,0,0,52,72,5964,e0bf27ac8c9a7326d2fef23bf9be5c3dfaaeebdc69f11539e0c0fd14e5f6b9df
Worldview1.rsrc,3757,0x0ead,3757 Tac COA MN 07 Portugal.24,0,0,52,72,5964,a145e99222e74588ba34f9a3cfd6848fe2faef9b347a42299533036c9e03dc19
Worldview1.rsrc,3758,0x0eae,3758 Tac COA MN 08 Spain.24,0,0,52,72,6004,b83708336b1af1d03f1cad983e939c34d8e3745c4707cc455f792969aba65b12
Worldview1.rsrc,3759,0x0eaf,3759 Tac COA MN 09 Catalonia.24,0,0,52,72,6016,6dc25abff522a09dbb373e08629e86f634ec1dd9de2f0a1a8807c81faf995010
Worldview1.rsrc,3760,0x0eb0,3760 Tac COA MN 10 Morocco.24,0,0,52,72,5862,b6e46cc076faa2f75444b7d6b4ecd4d121245b9b5a6de7394f93e27322711452
Worldview1.rsrc,3761,0x0eb1,3761 Tac COA MN 11 N.Africa.24,0,0,52,72,5846,eb2a3192ea810aa7a2781ecda77e8002bdca20deef567c02d0bbf5bf292146e7
Worldview1.rsrc,3762,0x0eb2,3762 Tac COA MN 12 Sicily.24,0,0,52,72,5996,395b14c118126859be80cb0bbd2b541e8de41589eb365542253db86828dfce06
Worldview1.rsrc,3763,0x0eb3,3763 Tac COA MN 13 Poland.24,0,0,52,72,5976,15a49374335148c9a328b20875e37d2c2359143c7637f2c211c6ed0d2b5c4fcd
Worldview1.rsrc,3764,0x0eb4,3764 Tac COA MN 14 Egypt.24,0,0,52,72,5844,9a5d8c4b31a2313a647f26b3d360954907657996161446cf33ac822f15c65519
Worldview1.rsrc,3765,0x0eb5,3765 Tac COA MN 15 S.Germany.24,0,0,52,72,5934,aa02734feed15ca22678d4b24f064ae9155c0f75e796b1dad6d1f141f321215c
Worldview1.rsrc,3766,0x0eb6,3766 Tac COA MN 16 Switz.24,0,0,52,72,5818,02b66b87569f56ff2109bab925b53bde5742a60006311016b38580184539f757
Worldview1.rsrc,3767,0x0eb7,3767 Tac COA MN 17 Nether.24,0,0,52,72,5978,fde5d60307e234c316d8ddb057edd2702282bea4667dcef17a4f71c034dfa9f5
Worldview1.rsrc,3768,0x0eb8,3768 Tac COA MN 18 N.Germany.24,0,0,52,72,5994,e2d042e19607ff7d779594ffc1ec3e42f3626aab9f548833858786b996c2f693
Worldview1.rsrc,3769,0x0eb9,3769 Tac COA MN 19 Denmark.24,0,0,52,72,5972,c06eac2180116ee8f5654c0d0b3fe48eab2a6995e9ea0331ef3a5024a219f708
Worldview1.rsrc,3770,0x0eba,3770 Tac COA MN 20 Sweden.24,0,0,52,72,6000,ed6966222818186cfd8c5681306e9fafe76274db088dc593d3f83a22257b1464
Worldview1.rsrc,3771,0x0ebb,3771 Tac COA MN 21 Serbia.24,0,0,52,72,5968,3d15907e86e6e0233d0a16bf6545b1ba5d456ef4246bfacd04efca05b8ba91ad
Worldview1.rsrc,3772,0x0ebc,3772 Tac COA MN 22 Greece.24,0,0,52,72,5972,65d0fafca5e09126499df3a037e0534d4c772d0b830772c0ff6ba7b25e38dda2
Worldview1.rsrc,3821,0x0eed,3821 France Wins.24,0,0,235,350,80160,30bea3ccc7c5e0a0bd010a5537426b2b072f5eaad913f9f0cde4c0a984010da0
Worldview1.rsrc,3822,0x0eee,3822 Austria Wins.24,0,0,235,350,80896,b4b1de5270f931130f08b77eb9a96e72f864819115ce2637a647fdc9ab581b1b
Worldview1.rsrc,3823,0x0eef,3823 Turkey Wins.24,0,0,235,350,80106,b0bcc47361449393557c1274d56a71303167cbda834a2995bfdc630abd7f4f68
Worldview1.rsrc,3824,0x0ef0,3824 Russia Wins.24,0,0,235,350,80358,ee846a4d449816f16996c175f0feff8770f9fa6ade838205fa57b1430fb5426d
Worldview1.rsrc,3825,0x0ef1,3825 Prussia Wins.24,0,0,235,350,79950,8a0b7dd039c625ad77ed348f8db1a23c07cf51f55cebc8f51d924e1302594365
Worldview1.rsrc,3826,0x0ef2,3826 Italy Wins.24,0,0,235,350,80626,2b69d056acf7486d05328070458f779f73998f90cbc5efbf1f4dd3f5a15b8fe2
Worldview1.rsrc,3827,0x0ef3,3827 Britain Wins.24,0,0,235,350,80718,74c6927b18f3c85997a39cc61c284d08d89cb18732b59b33628187639d8ca20b
Worldview1.rsrc,3835,0x0efb,3835 France Loses.24,0,0,235,350,79538,fbdae050865b086013a54c7a75d1b9c57642472104ed05c2da5db0b896336748
Worldview1.rsrc,3836,0x0efc,3836 Austria Loses.24,0,0,235,350,79682,a887712f65822512d4a08af62b96a8a76551ddb6322d501488ab3e6b5ff97b7b
Worldview1.rsrc,3837,0x0efd,3837 Turkey Loses.24,0,0,235,350,79278,1a17c05c4ff0c0cae6eb3add5cb6c60356dbae295d537cf85d02af2653a8e7f0
Worldview1.rsrc,3838,0x0efe,3838 Russia Loses.24,0,0,235,350,79638,0a86af880b47c05dc79f588f8d637c42a5a3db2d0c19974f5334720e76e66116
Worldview1.rsrc,3839,0x0eff,3839 Prussia Loses.24,0,0,235,350,79480,f32a8527ec04d2b48a72024625b78515bf5863fa3321e30fad7e2cea67819299
Worldview1.rsrc,3840,0x0f00,3840 Italy Loses.24,0,0,235,350,79586,6c7229b480716d393dff2ece738eb1ad26f8e84f7f3e16344800b2133a209280
Worldview1.rsrc,3841,0x0f01,3841 Britain Loses.24,0,0,235,350,79850,9cbd1912da5609dbc3a38f249a53b56e6fe7baeb9b5bd1a5b3daee091504bfa6
Worldview1.rsrc,4311,0x10d7,4311 Status COA France.24,0,0,35,52,4050,29d7d367e1eb6a5127f8c6a42415376e9db1d2708c94837556cfa2af965d2384
Worldview1.rsrc,4312,0x10d8,4312 Status COA Austria.24,0,0,35,52,4068,85ff2cae8ab23d23507817a3f92460de6d2b349153e79f4f5624876bf64480ae
Worldview1.rsrc,4313,0x10d9,4313 Status COA Turkey.24,0,0,35,52,4058,5ab2cd41fee95447b88fb4f5986d0cc965961c11e453c24f2c07c83f6c11b384
Worldview1.rsrc,4314,0x10da,4314 Status COA Russia.24,0,0,35,52,4106,c7bf59641e8694ec8a598d9fda506dac4db234109702fbf3ceb1eb1c569c85ec
Worldview1.rsrc,4315,0x10db,4315 Status COA Prussia.24,0,0,35,52,4072,b4e0be56cce4825184e14cf4a8489de83d993532e4f82afadbe6b159e497ed4f
Worldview1.rsrc,4316,0x10dc,4316 Status COA Italy.24,0,0,35,52,4090,9449c1a7b60be0e584734571acd9de478b62ea4c21681edb7050ded88ecca931
Worldview1.rsrc,4317,0x10dd,4317 Status COA Britain.24,0,0,35,52,4100,a2706befba594cfccc80551d59aa064a0d4d4951c8ba8d88b5e47bd0f4a6a1b5
Worldview1.rsrc,4357,0x1105,4357 CofGuvs COA France.24,0,0,56,84,6692,128fdc73f32733e86830931512918df6fa2f5c24903146811ac845c8a154d435
Worldview1.rsrc,4358,0x1106,4358 CofGuvs COA Austria.24,0,0,56,84,6722,5cd696e4943e48c9a91f32152a0b4d636fd31d00a0eb577d61adac84b6d2eb05
Worldview1.rsrc,4359,0x1107,4359 CofGuvs COA Turkey.24,0,0,56,84,6654,b11fe6ec22e780b0e73a7ec68cf8db7cb16fa7623e87c3ab861bed638ab544db
Worldview1.rsrc,4360,0x1108,4360 CofGuvs COA Russia.24,0,0,56,84,6788,256612d0c0e429b2e2dad3f95789c8a0cee6fd00d71d5f64131673d59adae499
Worldview1.rsrc,4361,0x1109,4361 CofGuvs COA Prussia.24,0,0,56,84,6672,58a5cf6f8b1faf43864ccc72e62b0ea3fe7962d6bde07ae526df371866c5bfad
Worldview1.rsrc,4362,0x110a,4362 CofGuvs COA Italy.24,0,0,56,84,6686,5ef1a879fed52b48c9e332066af339dc15aa28750ce9cf0d8c839ca9504240f3
Worldview1.rsrc,4363,0x110b,4363 CofGuvs COA England.24,0,0,56,84,6838,6300f768f75f5a7dcdef877f85badca47427d2c6219bad237ee3179a96625117
Worldview1.rsrc,4400,0x1130,4400 BR Flag GP0 France.24,0,0,26,20,2700,1dff47e582ddfe23d204e398e5f6d023e5b00ad0a53dd1fd3d2d9ba2c8c60c23
Worldview1.rsrc,4401,0x1131,4401 BR Flag GP1 Austria.24,0,0,26,20,2712,7af3bec59720ea28cbfc232c3b8f04a4103f35991cd50aa343e079d2addbcfb3
Worldview1.rsrc,4402,0x1132,4402 BR Flag GP2 Turkey.24,0,0,26,20,2696,caf5cae77d3de6382f1a3c71b740d01dc9f36139c5b7a7e0d1cac5ad604602a0
Worldview1.rsrc,4403,0x1133,4403 BR Flag GP3 Russia.24,0,0,26,20,2694,ae11d936f1ad14429077ee40ef153e7b5518297a15d31d3222ae61a8444c8a02
Worldview1.rsrc,4404,0x1134,4404 BR Flag GP4 Prussia.24,0,0,26,20,2662,ea92ba55fb994789ce3803344cdcb026169ce5836a3026105845221e080112c9
Worldview1.rsrc,4405,0x1135,4405 BR Flag GP5 Italy.24,0,0,26,20,2696,fbb4d115662a0404157701f32704a3a4a09c70de9974a83c496fe54434224c2d
Worldview1.rsrc,4406,0x1136,4406 BR Flag GP6 Britain.24,0,0,26,20,2724,8c21da683a9d9bc09f1909451ac2f7b11021eb19568557ae567b6c63c5d75f2e
Worldview1.rsrc,4407,0x1137,4407 BR Flag MN07 Portugal.24,0,0,26,20,2684,b2501a72c3b517f348a531e66340746691332f55e398b0868d9e7a7656f091e0
Worldview1.rsrc,4408,0x1138,4408 BR Flag MN08 Spain.24,0,0,26,20,2692,226e4968534ca0bfa17e8f90f487c4baabcc3d3010f2663b25f997f841d4666d
Worldview1.rsrc,4409,0x1139,4409 BR Flag MN09 Catalonia.24,0,0,26,20,2722,a906e9226194ee869da7a9174116d8d1b607fccd4fb9caef8937b4a29ea79aff
Worldview1.rsrc,4410,0x113a,4410 BR Flag MN10 Morocco.24,0,0,26,20,2706,830342d195066235f3111486a7c303274075aee4ffdee3621667103869bf8a19
Worldview1.rsrc,4411,0x113b,4411 BR Flag MN11 N.Africa.24,0,0,26,20,2718,68f4841262b4d2e569cdcc4277eab5bbd2801cf44824d81587ae8c938d742b6d
Worldview1.rsrc,4412,0x113c,4412 BR Flag MN12 Sicily.24,0,0,26,20,2728,ec73877c5ea7cd65bd9cee0c7f2472b80aae102c0d6f9e59cb08b56feffa43d1
Worldview1.rsrc,4413,0x113d,4413 BR Flag MN13 Poland.24,0,0,26,20,2700,a6d82498faab1bb947e9f402f9c76386448eacbfc5a49bbda2c570e00eb6bbaf
Worldview1.rsrc,4414,0x113e,4414 BR Flag MN14 Egypt.24,0,0,26,20,2726,d2f0f1a855be36558dc3d10053375bc7b6f26e2f3075e316c13b928b8f7b11c2
Worldview1.rsrc,4415,0x113f,4415 BR Flag MN15 S.Germany.24,0,0,26,20,2720,c5f7a6588f06a79ab708799e438ae39e5556411731a5d52d1ae6208efb230e70
Worldview1.rsrc,4416,0x1140,4416 BR Flag MN16 Switz.24,0,0,26,20,2720,fde5bf7b271b05122f4850d76f63799b53994644fe06af23bf58217a3db295bc
Worldview1.rsrc,4417,0x1141,4417 BR Flag MN17 Nether.24,0,0,26,20,2696,049193805e231c5526a410ff8f00abfc308068857168c1884b57150b7b872bbd
Worldview1.rsrc,4418,0x1142,4418 BR Flag MN18 N.Germany.24,0,0,26,20,2718,4ad5d9b3d2d9af2b199317df748a0284e699e5e71d29db8939bcd7c7e0d6a538
Worldview1.rsrc,4419,0x1143,4419 BR Flag MN19 Denmark.24,0,0,26,20,2696,1f32ee9c48589de232878c52c234b1528d280a4b61bb0999a340c36caede3966
Worldview1.rsrc,4420,0x1144,4420 BR Flag MN20 Sweden.24,0,0,26,20,2714,96e4468d28dcd3ce042294fa1258e00fec67389c4502dd5faf15c3ed7dc69f28
Worldview1.rsrc,4421,0x1145,4421 BR Flag MN21 Serbia.24,0,0,26,20,2720,1ab1f1ef75f23ad65962b5e18c6c54a4ee43e5a88a771d956e00d9b76255adb8
Worldview1.rsrc,4422,0x1146,4422 BR Flag MN22 Greece.24,0,0,26,20,2720,6846e7251a20079595078dd5f42062c34ee3e0794422a740210d713cb14d83e5
Worldview1.rsrc,4423,0x1147,4072 BR 1st COA GP0 France.24,0,0,64,86,7306,bdcb1cbb50a97c81b353fe5c158fdebd1383231312424e1383e89db2d176c74a
Worldview1.rsrc,4424,0x1148,4073 BR 1st COA GP1 Austria.24,0,0,64,86,7342,560fe5a83323eaff27699cd7af5714eb74a6fc0e9f55a2dd9ecc2a88a33510ea
Worldview1.rsrc,4425,0x1149,4074 BR 1st COA GP2 Turkey.24,0,0,64,86,7286,9e2dff32d4d42dc2558c895689620cfbcdc691dac40f7d3dc3eb8907b2b46fba
Worldview1.rsrc,4426,0x114a,4075 BR 1st COA GP3 Russia.24,0,0,64,86,7398,1dabdb0009c542ada02665faeee7b9a0a4b4fbd3e941a801ec9dfe2e55bdab63
Worldview1.rsrc,4427,0x114b,4076 BR 1st COA GP4 Prussia.24,0,0,64,86,7292,2fcde5585f80b6712392a59be6127067615f5951d658ff8ca5573641e19860cb
Worldview1.rsrc,4428,0x114c,4077 BR 1st COA GP5 Italy.24,0,0,64,86,7298,362ecab940d5f5f45045c1737382becc67e09bf59434571c762cef4b3e767f65
Worldview1.rsrc,4429,0x114d,4078 BR 1st COA GP6 Britain.24,0,0,64,86,7446,d70c2d472d6486975d04aa1f28cd25b3bc431b8248ccde03f18aa9da835f8339
Worldview1.rsrc,4430,0x114e,4079 BR 3rd COA GP0 France.24,0,0,64,86,7110,8f589a00d870b6f970351fb6c371c067b00da1ff32de3a86113b635ffd4a947e
Worldview1.rsrc,4431,0x114f,4080 BR 3rd COA GP1 Austria.24,0,0,64,86,7138,19f3ff054a590f4b322db207d691d4d36e48b05188534e15c36ed97c466ed802
Worldview1.rsrc,4432,0x1150,4081 BR 3rd COA GP2 Turkey.24,0,0,64,86,7090,33f25015db32553b4c775a989c08bf0ea19f446793198fb106d94aa4e972e01a
Worldview1.rsrc,4433,0x1151,4082 BR 3rd COA GP3 Russia.24,0,0,64,86,7208,d6cd791a3a0dd68ca425b57173f95d96da7b6320da0e92ae55e20468d30d95a2
Worldview1.rsrc,4434,0x1152,4083 BR 3rd COA GP4 Prussia.24,0,0,64,86,7110,9bfcaa521e05e1db2968bcccf9756ad05e7939ea94fcc75c9f5da2c3440e9e31
Worldview1.rsrc,4435,0x1153,4084 BR 3rd COA GP5 Italy.24,0,0,64,86,7096,2be3f0a96739f852ecf9b5410111ba39630e775c12f1205de0a96e8dfa1e2642
Worldview1.rsrc,4436,0x1154,4085 BR 3rd COA GP6 Britain.24,0,0,64,86,7250,2963dbef32386f90a60c4c9b10e3365bf3b3edce45a71d5a3ddcad669afdec68
Worldview1.rsrc,4437,0x1155,4086 BR 3rd COA MN07 Portugl.24,0,0,64,86,7078,24a33facc4283029be0051a919e2f7bbc641448e03294259c15cf49204881d6f
Worldview1.rsrc,4438,0x1156,4087 BR 3rd COA MN08 Spain.24,0,0,64,86,7248,d1d0837a7e1542e1f46f04270c428d7c8a2c3efbc1eed296427945b5d935c1ca
Worldview1.rsrc,4439,0x1157,4088 BR 3rd COA MN09 Catalon.24,0,0,64,86,7212,33e53551928f950cb0d934abeffc315ef9cc9c8a93460274092c2e83666f2e21
Worldview1.rsrc,4440,0x1158,4089 BR 3rd COA MN10 Morocco.24,0,0,64,86,7096,098c0adb40edc6ccadc5cd3f70eb754f420cb7df0e7324d9f228c257eacc767d
Worldview1.rsrc,4441,0x1159,4090 BR 3rd COA MN11 N.Afric.24,0,0,64,86,7204,f2644e6eb4736dcb82d9b299b4c13713e79747d39b6fbb264434ca4264622dbe
Worldview1.rsrc,4442,0x115a,4091 BR 3rd COA MN12 Sicily.24,0,0,64,86,7270,5ef98ba26bed781ff67c78ecc370d168d29f04df162d4cea0e2f7523f9b39808
Worldview1.rsrc,4443,0x115b,4092 BR 3rd COA MN13 Poland.24,0,0,64,86,7180,01fd26fe9adf999483817ff262a26085179e9f073a949578c61654399b3c7ef4
Worldview1.rsrc,4444,0x115c,4093 BR 3rd COA MN14 Egypt.24,0,0,64,86,7088,e9d3eef32e5c8412aa7fc2622c8da4c54654e6ff4b8f79f4b24ecc88eccb8275
Worldview1.rsrc,4445,0x115d,4094 BR 3rd COA MN15 S.Germ.24,0,0,64,86,7278,ca8cf7fd4f4be1fa753d01416b4e9418bb1991c0b87cd8edb5e2d85737d5628c
Worldview1.rsrc,4446,0x115e,4095 BR 3rd COA MN16 Switz.24,0,0,64,86,6912,623b81223b8d5161a1f7a3b6196846d6d24f53e647a8ce6ea081b5afbb56207f
Worldview1.rsrc,4447,0x115f,4096 BR 3rd COA MN17 Nether.24,0,0,64,86,7284,f744776a14d27b505828073adb054ca018585d031eea6a013f11c187cf8a9117
Worldview1.rsrc,4448,0x1160,4097 BR 3rd COA MN18 N.Germ.24,0,0,64,86,7078,2513873f656b371d7887c7413340c8dd1a43f0888f319b07c9f93419fb36d0a7
Worldview1.rsrc,4449,0x1161,4098 BR 3rd COA MN19 Denmark.24,0,0,64,86,7158,833e9aa1cb4eefcb0a05080370df69f4449b594b77cce54617f4d965edc48cf9
Worldview1.rsrc,4450,0x1162,4099 BR 3rd COA MN20 Sweden.24,0,0,64,86,7276,7887756680a6f9e72b3816a2f05d781235fdbee4e133b186addbf03c1d561461
Worldview1.rsrc,4451,0x1163,4100 BR 3rd COA MN21 Serbia.24,0,0,64,86,7130,9dd2b8bbb9d7d668dffa956c380dbf457a7f0d93415f325143ec5e1d8dc8032d
Worldview1.rsrc,4452,0x1164,4101 BR 3rd COA MN22 Greece.24,0,0,64,86,7262,3bee1502cb0ada68086c59d417e587a5ac1091d6824878607b156d9111b9e447
Worldview1.rsrc,4550,0x11c6,4550 COA GP0 (Dk Blue).24,0,0,70,94,8190,c29d380814f483efd247559353090fd0c220ccd7c4c93299b8737ff81cedb854
Worldview1.rsrc,4551,0x11c7,4551 COA GP1 (Red).24,0,0,70,94,8306,227efeebb426b4a8eda34a6ee026903b01b4516abe3c4af735a62c05202c9fea
Worldview1.rsrc,4552,0x11c8,4552 COA GP2 (Purple).24,0,0,70,94,8322,f371ade03c05f93adb2e13b6b4c7110a857f3f18a2fd88f73bc35a8bb4ea7180
Worldview1.rsrc,4553,0x11c9,4553 COA GP3 (Cyan).24,0,0,70,94,8320,d3e29818c0bb8778e9399a0c6ae41c3a843deeeecfdd8db31fd6561aea4476ee
Worldview1.rsrc,4554,0x11ca,4554 COA GP4 (Orange).24,0,0,70,94,8170,fc8ea70d6a0dff2353944d43c93627daae37a03be169248f80cf89e806a81775
Worldview1.rsrc,4555,0x11cb,4555 COA GP5 (Green).24,0,0,70,94,8338,1c764ea3cd3e10339d50c72dc67305f0a5b96fbad2ff2e86eba24c599657a580
Worldview1.rsrc,4556,0x11cc,4556 COA GP6 (Yellow).24,0,0,70,94,8104,43f4a79d8238c71e570bebd327e05470e1ae8c1e389fc2a8a17d309a3cb6126e
Worldview1.rsrc,4611,0x1203,4611 France Flag (Multi).24,0,0,26,20,2600,7b63e56419e382e23c5bb312725c8a81667b06d091e45365d12003a7bad72b2f
Worldview1.rsrc,4612,0x1204,4612 Austria Flag (Multi).24,0,0,26,20,2586,a63c141a1e873fa825cbcfe262e249759b83c174d3111231d52afb17c84a5e71
Worldview1.rsrc,4613,0x1205,4613 Turkey Flag (Multi).24,0,0,26,20,2604,3c49fe59f2a0dcf5591865a8990ba0d5e5505829445927f7e8f12eef517078bf
Worldview1.rsrc,4614,0x1206,4614 Russia Flag (Multi).24,0,0,26,20,2622,59cec521f189a7211af04b7c0f48c95ed3860c67ee54e5e657cd0cd533a78b49
Worldview1.rsrc,4615,0x1207,4615 Prussia Flag (Multi).24,0,0,26,20,2554,a7497e1486b3903cedf3ce7d309fe30d82850f4e8b17c44be5cd172f3efa3e47
Worldview1.rsrc,4616,0x1208,4616 Italy Flag (Multi).24,0,0,26,20,2636,a4bc95c4f05bad0502e5fab37989ed729fd1ee6eeedb676d6a06535af6aed7a9
Worldview1.rsrc,4617,0x1209,4617 Britain Flag (Multi).24,0,0,26,20,2634,56a7eb1c0daa225da62c9355455e4d0a8b942dcc41b525f9308d95445ae0fa33
Worldview1.rsrc,4618,0x120a,4618 COA France.24,0,0,63,94,7302,9144d8800ce3fd3d545b84ebbb2b5274f4bed3a3ac1281470f9b36bdaf0341dc
Worldview1.rsrc,4619,0x120b,4619 COA Austria.24,0,0,63,94,7254,fe3a5813a05d88604e01206a75f9bbdddc29de3106cd22308aa960bcb427633a
Worldview1.rsrc,4620,0x120c,4620 COA Turkey.24,0,0,63,94,7096,93f96a1eb2e7ac7a9e33533ba4233d3ad5a175d1af2d25e1a2f6687c2a563162
Worldview1.rsrc,4621,0x120d,4621 COA Russia.24,0,0,63,94,7356,26037821208ac535b2643473c35f44bdcb4abeacb7de620f7fb4bf2addf641d7
Worldview1.rsrc,4622,0x120e,4622 COA Prussia.24,0,0,63,94,7102,871ab050b499a9c93f769d45191d2b1129b7bbb2fdfaac8fcd4ce1fd7045a247
Worldview1.rsrc,4623,0x120f,4623 COA Italy.24,0,0,63,94,7196,0a4f88a9ac9cd88464b55bc18be3b563ad12d379da5523404e778d3a3c70f74f
Worldview1.rsrc,4624,0x1210,4624 COA Britain.24,0,0,63,94,7372,4067d0ed2c85f691b59b7d51c1e897e23191c05ace72c730734dab8fc68596d0
Worldview1.rsrc,4651,0x122b,4651 Chat Toggle Fra Slctd.24,0,0,29,22,2782,5d9b05fd580c7d6058eb04891ba94146ae5d73e7080039b2f1abb1398b027c5a
Worldview1.rsrc,4652,0x122c,4652 Chat Tgl Fra Slctd Dn.24,0,0,29,22,2758,097a90ee72ccb3e84feb9dbadeb35a62b03474882a8babb0c94c811e769d4c7d
Worldview1.rsrc,4653,0x122d,4653 Chat Tgl Fra Unslctd.24,0,0,29,22,2796,d781db9be5d6dfc217399c5df1d117d2ab571437e41121e26268c96ce5ba5a66
Worldview1.rsrc,4654,0x122e,4654 Cht Tgl Fra Unslctd Dn.24,0,0,29,22,2768,70bf2e47b073d9bcb4a99f20b3105d1748a746aebfe1e093d888eed1e1d1ed73
Worldview1.rsrc,4655,0x122f,4655 Chat France Grey.24,0,0,29,22,2750,402017fd63286521a3cf376cd6a98f4871722724be38d9ce7a494e9c2c8af105
Worldview1.rsrc,4656,0x1230,4656 Chat Tgl Aus Slctd.24,0,0,29,22,2772,38caf2cdbe67e52002ce4b447369cbc3c8bedf279d268c66c8f88e89fa58f7e1
Worldview1.rsrc,4657,0x1231,4657 Chat Tgl Aus Slctd Dn.24,0,0,29,22,2744,9117597c4241b13b7287ae8d34c6a1b4105d64aaf810a22c8563df2e44450f3c
Worldview1.rsrc,4658,0x1232,4658 Chat Tgl Aus Unslctd.24,0,0,29,22,2780,7a8aea077ac6a97c8bee6f71e6f424e559095b446da568e5aeaf8687ff941026
Worldview1.rsrc,4659,0x1233,4659 Chat Tgl Aus Unslctd Dn.24,0,0,29,22,2746,d2be98d89d347615be0b0160eb9dfc9b0d1cb14b2d3532945b9dbe7a839cd0e4
Worldview1.rsrc,4660,0x1234,4660 Chat Austria Grey.24,0,0,29,22,2732,a1deaeb8ba37c9b51511e873c617b527ba6579e15596657845826cd036746a4c
Worldview1.rsrc,4661,0x1235,4661 Chat Tgl Turk Slctd.24,0,0,29,22,2770,64e7c5473c053dcd0801aa678339a6320adb86859fa311e8f2373664ad7e3499
Worldview1.rsrc,4662,0x1236,4662 Chat Tgl Turk Slctd Dn.24,0,0,29,22,2742,443aaf946af19760cf1b4af8556a4a9cfe38145a22274e9ddcb0d289f8af59af
Worldview1.rsrc,4663,0x1237,4663 Chat Tgl Turk Unslctd.24,0,0,29,22,2780,f6790150043d36b432206bd9bf24a23a7bcdc448d6e57c4eff6585c4caadd81b
Worldview1.rsrc,4664,0x1238,4664 Cht Tgl Turk Unslctd Dn.24,0,0,29,22,2750,044531b0902dfa12e6af78343bf75fd7fe48ca777167c39143518bb8bc576506
Worldview1.rsrc,4665,0x1239,4665 Chat Turkey Grey.24,0,0,29,22,2718,57379135ce6e3895cdfccae959febd63cd1946ac8469ee3bcca2fcba36470c7b
Worldview1.rsrc,4666,0x123a,4666 Cht Tgl Rus Slctd.24,0,0,29,22,2778,9395ccc838d836fea84f989e0002e835bbbf3ced76ec43c4b71470b343185e7b
Worldview1.rsrc,4667,0x123b,4667 Cht Tgl Rus Slctd Dn.24,0,0,29,22,2754,0196fca48c880a31a68d08f7058ba0684a3820e17d6e82429fd7257950b275e7
Worldview1.rsrc,4668,0x123c,4668 Cht Tgl Rus Unslctd.24,0,0,29,22,2786,a710c7256a5a93fc9c6feb1e4c9329a5ffc5fe418098ec16de208c1026552825
Worldview1.rsrc,4669,0x123d,4669 Cht Tgl Rus Unslctd Dn.24,0,0,29,22,2758,94117163d5c510839f048be77878bd66ea20391819f04c0290dcb068737f7383
Worldview1.rsrc,4670,0x123e,4670 Cht Russia Grey.24,0,0,29,22,2738,5f2947ee087b787788fa28aafdea64f436a9c922c17ee0dd65e09d86be0d908f
Worldview1.rsrc,4671,0x123f,4671 Cht Tgl Pru Slctd.24,0,0,29,22,2732,20a3ce36fbcde2eea56fad0bf2b8b2dc7fbf5746c2e476ec07febaea935404c9
Worldview1.rsrc,4672,0x1240,4672 Cht Tgl Pru Slctd Dn.24,0,0,29,22,2700,b92e76ebca874970a8ad3b980a7afe4626a484164587b458c65db2cab69af3d0
Worldview1.rsrc,4673,0x1241,4673 Cht Tgl Pru Unslctd.24,0,0,29,22,2742,4bca0e1e74e7d6b6669959af4a74fea030436c1f1f5b062885393b8ccfb4d371
Worldview1.rsrc,4674,0x1242,4674 Cht Tgl Pru Unslctd Dn.24,0,0,29,22,2706,bc029b149a60726619efcb8721b33bd8d2df52859ffd0c587b11a79428cde68a
Worldview1.rsrc,4675,0x1243,4675 Chat Prussia Grey.24,0,0,29,22,2690,f23c02761c8f08349fcd7efcc10f1100eb37408366d56c3cea9a1931957518a9
Worldview1.rsrc,4676,0x1244,4676 Cht Tgl Itl Slctd.24,0,0,29,22,2786,683bad45f23bc0cc63e618850b79ca8e1f2c9bef399e16e4957fa6d95009843e
Worldview1.rsrc,4677,0x1245,4677 Cht Tgl Itl Slctd Dn.24,0,0,29,22,2762,5da502c0fb412635f84f8c1c6d4d5e09a9a6796c3a0e4e0488c3d8bdda1b338c
Worldview1.rsrc,4678,0x1246,4678 Cht Tgl Itl Unslctd.24,0,0,29,22,2792,f1774d16937e45fb8f383d1c2da4b6a70e8a6f480a33ba1f55fbfddf2594f6e1
Worldview1.rsrc,4679,0x1247,4679 Cht Tgl Itl Unslctd Dn.24,0,0,29,22,2766,3d26768b002dd1c00e2e54eaf1b989dd67a9c915363e0d06f9b58d576a0adf12
Worldview1.rsrc,4680,0x1248,4680 Chat Italy Grey.24,0,0,29,22,2756,7b9f6d824be40219e1b1d2d36ffbcfb634e13383d8bf3500077341d080bc843b
Worldview1.rsrc,4681,0x1249,4681 Chat Toggle Brit Slctd.24,0,0,29,22,2792,ec1263b09602b5048d04e5a59b5f918a278e2d1dee347cfc2d0e0963320a202e
Worldview1.rsrc,4682,0x124a,4682 Cht Tgl Brit Slctd Dn.24,0,0,29,22,2764,5b53f59f4305c003e5969b7b4ed8ad35c577db1e201f585e2aca502872593029
Worldview1.rsrc,4683,0x124b,4683 Chat Tgl Brit UnSlctd.24,0,0,29,22,2802,83364636af81bbac71612de6e642593c8df1b04c56bd451faa73d8b2babafa6b
Worldview1.rsrc,4684,0x124c,4684 Cht Tgl Brit Unslctd Dn.24,0,0,29,22,2774,3ef7fb5645f0b753b6ba26b2eaabfae04c592ec67b15e8828214c646d59e03a0
Worldview1.rsrc,4685,0x124d,4685 Chat Brit Grey.24,0,0,29,22,2756,1847968d9be711cea30a60b73f6b30cc2ecaa9ed58b0b6b95c4aefc159cea4d2
Worldview1.rsrc,5011,0x1393,5011 Info Info Euro.24,0,0,241,117,26044,8ee2b69e59721ac42390327a49a596728b47e85db268a31ec283d65ad02feee1
Worldview1.rsrc,8699,0x21fb,8699 Trade Flags 1820.m3c,0,0,736,24,14000,6bcb61d619091135c200a6b6446abfa1956e549010db092619946b4807412b9a
Worldview1.rsrc,8700,0x21fc,8700 Flag.m3C,0,0,81,61,4258,f3e787c4392ef55a8eb79c3e39bfc4a434eedc779c666691715d01f36f2b417d
Worldview1.rsrc,8701,0x21fd,8701 Flag.m3C,0,0,81,61,4522,41aede69ce2e40de2e69d1fb7f67c2be4ab4729173274f719b06d4c17b25339a
Worldview1.rsrc,8702,0x21fe,8702 Flag.m3C,0,0,81,61,4548,cbe3693db5d665c183f805fdb32f606f4d1e5fc7fea42f1921f96786edf1b6ba
Worldview1.rsrc,8703,0x21ff,8703 Flag.m3C,0,0,81,61,4486,e66ee1cbddf9457ae1b0a020c3b655ed645f29d4a2e953110666bc0d97bf1a67
Worldview1.rsrc,8704,0x2200,8704 Flag.m3C,0,0,81,61,4336,0838e55b3cfc73945fc2a1f3bf4e592e697c36deacedc1afd766a3c0bd7e6e73
Worldview1.rsrc,8705,0x2201,8705 Flag.m3C,0,0,81,61,4496,6124623beedab03cbcbebdc92c91d4c1805defb9d7230dbd985d6b218509e564
Worldview1.rsrc,8706,0x2202,8706 Flag.m3C,0,0,81,61,4174,ffc809fa3409d1d459814e4cbd2a4bccb7536875fbc9c7c085bc4e16d4cdb841
Worldview1.rsrc,8707,0x2203,8707 Flag.m3C,0,0,81,61,4422,5344e411c8708e410aa185e135beb92b65704b0d5167824f74ec6c0c6c03eca5
Worldview1.rsrc,8708,0x2204,8708 Flag.m3C,0,0,81,61,4434,6e7759afa7bdcecaeb8ed22aa4ba2d577ea03c7dc54b4e6225ce64c015f29a5e
Worldview1.rsrc,8709,0x2205,8709 Flag.m3C,0,0,81,61,4394,ec469d33cc94d0dbc2b600f4c9c62265a690c38d7ed73587635f2e6c34c001ab
Worldview1.rsrc,8710,0x2206,8710 Flag.m3C,0,0,81,61,4464,f490883275fcd616bc74d10a94f03f6153a43499541f3846ec39651752a6ef2b
Worldview1.rsrc,8711,0x2207,8711 Flag.m3C,0,0,81,61,4350,f782a8152a2721f06bf76caf809bd3a08ea6882b659dd787c1a4a88616fcb650
Worldview1.rsrc,8712,0x2208,8712 Flag.m3C,0,0,81,61,4472,3fed0d119811bc6232628d1fcd16784bac1e605ed614ab379593b0ba624a1398
Worldview1.rsrc,8713,0x2209,8713 Flag.m3C,0,0,81,61,4302,f275a6d694fdaf238e3a5b1096132ae18666db81a5f847787dfefc4506220f77
Worldview1.rsrc,8714,0x220a,8714 Flag.m3C,0,0,81,61,4378,e1b83220ae584382198153eecb174b33cc52cf5df2ac0cf10b5f899ef4c26038
Worldview1.rsrc,8715,0x220b,8715 Flag.m3C,0,0,81,61,4444,679aa087b2e83a2c17eeb93a54c3cf7b3f97736522f95a447e85e59f10051dce
Worldview1.rsrc,8716,0x220c,8716 Flag.m3C,0,0,81,61,4392,b1d6d5fe34f85f4a228bd9817be927889e3a42f7c868cd3c338668ef0f7b29a1
Worldview1.rsrc,8717,0x220d,8717 Flag.m3C,0,0,81,61,4234,8381d42cab2ce67274b3f23bc535c39c0f6cf918137f66aa89d62ecd2dc1a898
Worldview1.rsrc,8718,0x220e,8718 Flag.m3C,0,0,81,61,4520,9591d042440f69b0c9c45ffd2cfa0e02b1a4fb31f703c6f81f0c749a0d8a8a30
Worldview1.rsrc,8719,0x220f,8719 Flag.m3C,0,0,81,61,4106,7ecb21446c63d05491adf596ce6756c652cebb944eef9b738656a7923c9e45da
Worldview1.rsrc,8720,0x2210,8720 Flag.m3C,0,0,81,61,4260,86ccdc2c2904c0c3a4c8ee20f39ba792fbd89a0720f31a82ae2d3a1a5dd1522c
Worldview1.rsrc,8721,0x2211,8721 Flag.m3C,0,0,81,61,4378,85af244aaa578fbc7a10339e03b931f875ac5f6ab7b54f7000cdddf6e5097477
Worldview1.rsrc,8722,0x2212,8722 Flag.m3C,0,0,81,61,4366,83832c4a3b63db0e0821eb85c694635612a7dea3805c9468da0cf178fae9dcdc
Worldview1.rsrc,9500,0x251c,9500 COA France (6 Mar).24,0,0,84,125,12230,914999e4c12d4a1d20d85241039a92a24c29247d7d7fe699f8c781f1178cff60
Worldview1.rsrc,9501,0x251d,9501 COA Austria (6 Mar).24,0,0,84,125,12416,4989a82835aa37ad3b2e745380ca97b3518d26d1077f8cc47a51884e9d54682a
Worldview1.rsrc,9502,0x251e,9502 COA Turkey (6 Mar).24,0,0,84,125,12180,415f0314a1ab075da79ed9e9d3a4e2d1a5053ab8fd87d543477a2e7e86ee6bb2
Worldview1.rsrc,9503,0x251f,9503 COA Russia (6 Mar).24,0,0,84,125,12590,a5d5114e2d899c1ceed1e4ffbcbf42163dd08df18e3b608c4fcbafb1a86c754d
Worldview1.rsrc,9504,0x2520,9504 COA Prussia (6 Mar).24,0,0,84,125,12214,bb6ddf3497a8f037fe5d43ac788213538d15011fad6f31a87168133a2db1b7a0
Worldview1.rsrc,9505,0x2521,9505 COA Italy.24,0,0,84,125,12298,13b01c87e43229cfec945ab781713cddc238d3cb0ac0058cf6f5c2438415a968
Worldview1.rsrc,9506,0x2522,9506 COA Britain (6 Mar).24,0,0,84,125,12582,badde3051fd89857c9c5c966722c7b11966e3fa910a36ce5f3214b8c6953229b
Worldview2.rsrc,580,0x0244,580 6/20 scenario flags.24,0,0,72,6,2424,a1c5ef4c1d376aa16c50edc92ecaf5bd9aa29b6fda5d3ab2a422ba89670f346c
Worldview2.rsrc,1380,0x0564,1380 Fleet E1 Dk. Blue.24,0,0,1152,64,27090,f47482e2aa2b4a2260f5768f1960d4c481edefc9bb2174c87b9af5f76a534a77
Worldview2.rsrc,1381,0x0565,1381 Fleet E1 Red.24,0,0,1152,64,27090,215fbbd9b65da1114075e66ded75057308dc81d390d6598cf8743b98c9d4ff97
Worldview2.rsrc,1382,0x0566,1382 Fleet E1 Purple.24,0,0,1152,64,27090,92ed2ff0fc21c8baf0d18bd4cfbfd385a51cbbee1dcd19a1ab208552b81b431e
Worldview2.rsrc,1383,0x0567,1383 Fleet E1 Cyan.24,0,0,1152,64,27090,ff71b6740aef86477030a641497bd8dac48d5821d82964b3226298ca97dca340
Worldview2.rsrc,1384,0x0568,1384 Fleet E1 Orange.24,0,0,1152,64,27090,8a7a5e6d92ece9f9edd4ea7a7e7f6104f52cb7f62a3e26ddf791d98ba37fbd3d
Worldview2.rsrc,1385,0x0569,1385 Fleet E1 Green.24,0,0,1152,64,27090,86370fa42b46f0e3a8928d0d5eae03cfb153e5ff2ae53148b01c5c91e729a8e8
Worldview2.rsrc,1386,0x056a,1386 Fleet E1 Yellow.24,0,0,1152,64,27090,81fd8e15774ff04999b46e0306350ac11e90916740f7daf276a4392553e3343c
Worldview2.rsrc,1387,0x056b,1387 Fleet E2 Dk. Blue.24,0,0,1152,64,23380,c5cd668742e228d89c490fb9763aa761f11481070e8418972b3393281a90ac8f
Worldview2.rsrc,1388,0x056c,1388 Fleet E2 Red.24,0,0,1152,64,23380,064262eafc7f8a11d18d1db14645ee70f00eece99339c7715b39dd7a7db4d7f4
Worldview2.rsrc,1389,0x056d,1389 Fleet E2 Purple.24,0,0,1152,64,23380,bcd5551e00d83a4d0c25d26de573a33462b3de3325690a90500264b692cee39a
Worldview2.rsrc,1390,0x056e,1390 Fleet E2 Cyan.24,0,0,1152,64,23380,1d1115d063f3e92d76125a6051d0a41fd58bf8a0217826528c98f6386847b5a3
Worldview2.rsrc,1391,0x056f,1391 Fleet E2 Orange.24,0,0,1152,64,23380,573b966e47458d07f7eb7a1fb872a2a8ce6cb6fc3f639ff1e12d89827e678497
Worldview2.rsrc,1392,0x0570,1392 Fleet E2 Green.24,0,0,1152,64,23380,76280900ed64e933ca252fe8d3d9f6ce9568db5eb2f12e10ff1864d847e6b481
Worldview2.rsrc,1393,0x0571,1393 Fleet E2 Yellow.24,0,0,1152,64,23380,aa7ab34d11e64fd2295167f15590e41af87293bfb1e8aeb6d5909c68e72d2fc5
Worldview2.rsrc,1394,0x0572,1394 E3 Fleet GP0 Dk. Blue.24,0,0,1152,64,20048,399e353fa1193f9a1cf55ee0c22d1e90d9be3994a2ea33b90fbe643acb14bcda
Worldview2.rsrc,1395,0x0573,1395 E3 Fleet GP1 Red.24,0,0,1152,64,20048,4f02870286e9059c18ad174054ddd4a40d4186961daf79e20d4f64865e70cef1
Worldview2.rsrc,1396,0x0574,1396 E3 Fleet GP2 Purple.24,0,0,1152,64,20048,18dd93bbcd3d79f1e42fb120f7333de411bcf2bd65317d90cebcaf4a209a4f05
Worldview2.rsrc,1397,0x0575,1397 E3 Fleet GP3 Cyan.24,0,0,1152,64,20048,53bc4e274113679042545a8cbda9dadd2ccdefce16146b53712dfe62069dd5a4
Worldview2.rsrc,1398,0x0576,1398 E3 Fleet GP4 Orange.24,0,0,1152,64,20048,b199e5d7553f56618927e558cb2cd5a4e7a27eabb80adfd58966289c0753d357
Worldview2.rsrc,1399,0x0577,1399 E3 Fleet GP5 Green.24,0,0,1152,64,20048,ed615f5b282a46fc5a83485a24986aa2e4b3b053a65a8ee47b31f25ad1d85643
Worldview2.rsrc,1400,0x0578,1400 E3 Fleet GP6 Yellow.24,0,0,1152,64,20048,33e3c04fd4eae2ec40a4c3b5b70488a63fd2e7734be00152e9b9373e503e6d1c
Worldview2.rsrc,1401,0x0579,1401 Fleet Nugget E1 Dk.Blue.24,0,0,352,16,5566,b6ffe1fd6b1d989e401be12db901436f39144d2623f52996d35e117a8d6dc9e0
Worldview2.rsrc,1402,0x057a,1402 Fleet Nuggets E1 Red.24,0,0,352,16,5570,3f2cac860738e2a35fe962873a22276524bf9369ae126453de99833c86a1f81a
Worldview2.rsrc,1403,0x057b,1403 Fleet Nuggets E1 Purple.24,0,0,352,16,5566,b401712a76e8dc6906e24936d0b1d474a4156c0b48b61c3ce10a8b244b4cd7e1
Worldview2.rsrc,1404,0x057c,1404 Fleet Nuggets E1 Cyan.24,0,0,352,16,5564,3b9237a9432dfad8b34af21593919f2f70d84887dba6975ecdeb6a3bf673cd59
Worldview2.rsrc,1405,0x057d,1405 Fleet Nuggets E1 Orange.24,0,0,352,16,5570,80fe73c03cfba2631bb1a56cea9b14a3c233cbd6a28984ae089694a4c7cd50d8
Worldview2.rsrc,1406,0x057e,1406 Fleet Nuggets E1 Green.24,0,0,352,16,5552,ddbbd6c34a993e329b2ee32a1bfaf83aeccd453dfd83f54b9961c6bbd078294a
Worldview2.rsrc,1407,0x057f,1407 Fleet Nuggets E1 Yellow.24,0,0,352,16,5562,20397034bd72bf9a14e7c63d91f4f038e665f16385e807c865710701f6622fdf
Worldview2.rsrc,1408,0x0580,1408 Fleet Nugget E2 Dk.Blue.24,0,0,352,16,5476,9f6a96be09d19b87b53c2e52f604d28017bb6275d4702215af9e3d8556d47333
Worldview2.rsrc,1409,0x0581,1409 Fleet Nuggets E2 Red.24,0,0,352,16,5480,454cd598f4154dfa397fab14abfdf99738c224f0ad7647e133438f165b2570a2
Worldview2.rsrc,1410,0x0582,1410 Fleet Nuggets E2 Purple.24,0,0,352,16,5476,046e66c9e63021f3f200f34f2035cac227fc49968af644f7c382b9a32d60ae6a
Worldview2.rsrc,1411,0x0583,1411 Fleet Nuggets E2 Cyan.24,0,0,352,16,5474,0d21de09d854a824f51416770c1198180d47a8e3d830dec33d5818c42d5d115e
Worldview2.rsrc,1412,0x0584,1412 Fleet Nuggets E2 Orange.24,0,0,352,16,5478,ea0e653624164139682bfee57818132603a89a8255f61e63639de213eb6b1cd2
Worldview2.rsrc,1413,0x0585,1413 Fleet Nuggets E2 Green.24,0,0,352,16,5458,46da274cf3da1b21358bf1b3b86a0223e335c306543ac8682cc536df4c19a5ae
Worldview2.rsrc,1414,0x0586,1414 Fleet Nuggets E2 Yellow.24,0,0,352,16,5470,7e517ba7deadf7eb7b7d807ff24cdc5a548d397dbf224b78cc13c257465a4efd
Worldview2.rsrc,1415,0x0587,1415 Fleet Nugget E3 Dk.Blue.24,0,0,352,16,5218,c8e4ebafda08f1ed8266597344d55253440e64cdd79a56d2f79504901fd15725
Worldview2.rsrc,1416,0x0588,1416 Fleet Nuggets E3 Red.24,0,0,352,16,5222,cfabcd19837608e89ac2c6a7ad130b10f23c4a81acd0e3e2ccf4cbbc92f79cfd
Worldview2.rsrc,1417,0x0589,1417 Fleet Nuggets E3 Purple.24,0,0,352,16,5218,6281a9264ae0cd3a469d96e78bd87c792f8edb96eebe2b96429e587cf5a59036
Worldview2.rsrc,1418,0x058a,1418 Fleet Nuggets E3 Cyan.24,0,0,352,16,5214,6736f37b5d37d93ac941b9210f901a50171bb29a5579c73442bc20da7ffdb0ff
Worldview2.rsrc,1419,0x058b,1419 Fleet Nuggets E3 Orange.24,0,0,352,16,5220,40ac721833401692def90259b2aa1ead8fd2e76374ce5e8962374db41c404175
Worldview2.rsrc,1420,0x058c,1420 Fleet Nuggets E3 Green.24,0,0,352,16,5198,6450433f7ce9b97db02282105c58d6023bdc831fdc83e1199705799e7c864a1f
Worldview2.rsrc,1421,0x058d,1421 Fleet Nuggets E3 Yellow.24,0,0,352,16,5212,41d77e45eeac953d4a4f4d3149385a8d9032f50d68074ed0ace976c08278d882
Worldview2.rsrc,1423,0x058f,1423 All Flags Strip.24,0,0,256,16,4758,0b72c2c7e04f64fb3bca61783dd89dcf36b5d740a99b873120c2cbd625af732e
Worldview2.rsrc,3750,0x0ea6,3750 Tac GP0 COA France.24,0,0,52,72,5878,1d9ac09348b5512b034ee163d4032395993822ff13d623b97d5a666fa2bba74c
Worldview2.rsrc,3751,0x0ea7,3751 Tac GP1 COA Austria.24,0,0,52,72,5894,686077c6ec2ce49593cc8a32a26d10f537f2fba5bd0737c3cd284ed6f4b79d85
Worldview2.rsrc,3752,0x0ea8,3752 Tac GP2 COA Turkey.24,0,0,52,72,5862,719a1d0b579b5db1f969add1fe92256a82822be4908e0e751285a143e374a529
Worldview2.rsrc,3753,0x0ea9,3753 Tac GP3 COA Russia.24,0,0,52,72,5952,ece42f25f230c94302e5da252757562726120cbec1ea70f166955d49782c2d75
Worldview2.rsrc,3754,0x0eaa,3754 Tac GP4 COA Prussia.24,0,0,52,72,5876,aed6a31a9d36d864f82737547f09fdaeee94bc3c4a997a65d61712755f037d7d
Worldview2.rsrc,3755,0x0eab,3755 Tac GP5 COA Italy.24,0,0,52,72,5886,5842ecb927e8610d5d46d6091388866bc38dc7c5fbf89c1eab577f5c33b3c951
Worldview2.rsrc,3756,0x0eac,3756 Tac GP6 COA Britain.24,0,0,52,72,5964,e0bf27ac8c9a7326d2fef23bf9be5c3dfaaeebdc69f11539e0c0fd14e5f6b9df
Worldview2.rsrc,3757,0x0ead,3757 Tac COA MN 07 Portugal.24,0,0,52,72,5964,a145e99222e74588ba34f9a3cfd6848fe2faef9b347a42299533036c9e03dc19
Worldview2.rsrc,3758,0x0eae,3758 Tac COA MN 08 Spain.24,0,0,52,72,6004,b83708336b1af1d03f1cad983e939c34d8e3745c4707cc455f792969aba65b12
Worldview2.rsrc,3759,0x0eaf,3759 Tac COA MN 09 Catalonia.24,0,0,52,72,6016,6dc25abff522a09dbb373e08629e86f634ec1dd9de2f0a1a8807c81faf995010
Worldview2.rsrc,3760,0x0eb0,3760 Tac COA MN 10 Morocco.24,0,0,52,72,5862,b6e46cc076faa2f75444b7d6b4ecd4d121245b9b5a6de7394f93e27322711452
Worldview2.rsrc,3761,0x0eb1,3761 Tac COA MN 11 N.Africa.24,0,0,52,72,5846,eb2a3192ea810aa7a2781ecda77e8002bdca20deef567c02d0bbf5bf292146e7
Worldview2.rsrc,3762,0x0eb2,3762 Tac COA MN 12 Sicily.24,0,0,52,72,5996,395b14c118126859be80cb0bbd2b541e8de41589eb365542253db86828dfce06
Worldview2.rsrc,3763,0x0eb3,3763 Tac COA MN 13 Belgium.24,0,0,52,72,5690,516ef2f108bd1f343cd7f0264095bae3c1afda074019ddb812a1a482cba79e62
Worldview2.rsrc,3764,0x0eb4,3764 Tac COA MN 14 Egypt.24,0,0,52,72,5844,9a5d8c4b31a2313a647f26b3d360954907657996161446cf33ac822f15c65519
Worldview2.rsrc,3765,0x0eb5,3765 Tac COA MN 15 S.Germany.24,0,0,52,72,5934,aa02734feed15ca22678d4b24f064ae9155c0f75e796b1dad6d1f141f321215c
Worldview2.rsrc,3766,0x0eb6,3766 Tac COA MN 16 Switz.24,0,0,52,72,5818,02b66b87569f56ff2109bab925b53bde5742a60006311016b38580184539f757
Worldview2.rsrc,3767,0x0eb7,3767 Tac COA MN 17 Nether.24,0,0,52,72,5978,fde5d60307e234c316d8ddb057edd2702282bea4667dcef17a4f71c034dfa9f5
Worldview2.rsrc,3768,0x0eb8,3768 Tac COA MN 18 N.Germany.24,0,0,52,72,5994,e2d042e19607ff7d779594ffc1ec3e42f3626aab9f548833858786b996c2f693
Worldview2.rsrc,3769,0x0eb9,3769 Tac COA MN 19 Denmark.24,0,0,52,72,5972,c06eac2180116ee8f5654c0d0b3fe48eab2a6995e9ea0331ef3a5024a219f708
Worldview2.rsrc,3770,0x0eba,3770 Tac COA MN 20 Sweden.24,0,0,52,72,6000,ed6966222818186cfd8c5681306e9fafe76274db088dc593d3f83a22257b1464
Worldview2.rsrc,3771,0x0ebb,3771 Tac COA MN 21 Serbia.24,0,0,52,72,5968,3d15907e86e6e0233d0a16bf6545b1ba5d456ef4246bfacd04efca05b8ba91ad
Worldview2.rsrc,3772,0x0ebc,3772 Tac COA MN 22 Greece.24,0,0,52,72,5972,65d0fafca5e09126499df3a037e0534d4c772d0b830772c0ff6ba7b25e38dda2
Worldview2.rsrc,3821,0x0eed,3821 France Wins.24,0,0,235,350,80160,3e2bd1cba2613b0690719ad8ffc13fb474b4741326583327bf27ace9084823f7
Worldview2.rsrc,3822,0x0eee,3822 Austria Wins.24,0,0,235,350,80896,de2c27d4911124ca7722f782a0330d3d4ef257a680c574863423182cc86fc29b
Worldview2.rsrc,3823,0x0eef,3823 Turkey Wins.24,0,0,235,350,80106,b0bcc47361449393557c1274d56a71303167cbda834a2995bfdc630abd7f4f68
Worldview2.rsrc,3824,0x0ef0,3824 Russia Wins.24,0,0,235,350,80358,34663f74f09e6f271e8487a016e960458488c0872e8a581bd24650829281f4af
Worldview2.rsrc,3825,0x0ef1,3825 Prussia Wins.24,0,0,235,350,79950,8a0b7dd039c625ad77ed348f8db1a23c07cf51f55cebc8f51d924e1302594365
Worldview2.rsrc,3826,0x0ef2,3826 Italy Wins.24,0,0,235,350,80626,2f1b9e9cce280b0a37009539f0341248717df8926fa41a34a7fbff0f7693e1c0
Worldview2.rsrc,3827,0x0ef3,3827 Britain Wins.24,0,0,235,350,80718,74c6927b18f3c85997a39cc61c284d08d89cb18732b59b33628187639d8ca20b
Worldview2.rsrc,3835,0x0efb,3835 France Loses.24,0,0,235,350,79538,d3701b3c2f31a2b4620d285a4d764a5297f269dc97766689f930e50f977d8aef
Worldview2.rsrc,3836,0x0efc,3836 Austria Loses.24,0,0,235,350,79682,17fabf4ccf2cb7e15f7f12e02da958094f3fe6a26749668db9aef0090f412e51
Worldview2.rsrc,3837,0x0efd,3837 Turkey Loses.24,0,0,235,350,79278,dab8f096dfa38eff02e03954d1e6babfa50eb2781c0333779add971198f02f6b
Worldview2.rsrc,3838,0x0efe,3838 Russia Loses.24,0,0,235,350,79638,0a86af880b47c05dc79f588f8d637c42a5a3db2d0c19974f5334720e76e66116
Worldview2.rsrc,3839,0x0eff,3839 Prussia Loses.24,0,0,235,350,79480,a7dc916fb9834a897625f97029e46abaa7a9ddb20206171f796bcd3a453423d4
Worldview2.rsrc,3840,0x0f00,3840 Italy Loses.24,0,0,235,350,79586,6c7229b480716d393dff2ece738eb1ad26f8e84f7f3e16344800b2133a209280
Worldview2.rsrc,3841,0x0f01,3841 Britain Loses.24,0,0,235,350,79850,aa92d70db9e8483d34fc11f6c7015e96c9b5b6b42c4abb08dd5f30fa29414965
Worldview2.rsrc,4311,0x10d7,4311 Status COA France.24,0,0,35,52,4050,ac595e5a2289128d55f7d3746da3fce3c9b87b351ef6428e292dee51669ef9a9
Worldview2.rsrc,4312,0x10d8,4312 Status COA Austria.24,0,0,35,52,4068,aeb23e87b881d7acada9d8cd199024ade7293c88bf6c33f0a7c2da263ac57290
Worldview2.rsrc,4313,0x10d9,4313 Status COA Turkey.24,0,0,35,52,4058,653317d31c03f6165d0a4cf5aba580ab34b874c06763e7629795d08ddd6ab805
Worldview2.rsrc,4314,0x10da,4314 Status COA Russia.24,0,0,35,52,4106,eb68e2a0b97ef14f13ec497e1ec2f6294e31f49ae3e6f593050fbbbc695e8a23
Worldview2.rsrc,4315,0x10db,4315 Status COA Prussia.24,0,0,35,52,4072,b3080983271eee59bc4bef7e03997a7435eb6c68ca96e63817d410b1e8b1c077
Worldview2.rsrc,4316,0x10dc,4316 Status COA Italy.24,0,0,35,52,4090,6beef2623cf68e81ee631462572403b78f019e3dc8621f7455caf915b8728e7f
Worldview2.rsrc,4317,0x10dd,4317 Status COA Britain.24,0,0,35,52,4100,b637174c715413fd4f8ac2124f6522aa4443bec9acc7014e7fc30f6ed63ee5f1
Worldview2.rsrc,4357,0x1105,4357 CofGuvs COA France.24,0,0,56,84,6692,128fdc73f32733e86830931512918df6fa2f5c24903146811ac845c8a154d435
Worldview2.rsrc,4358,0x1106,4358 CofGuvs COA Austria.24,0,0,56,84,6722,5cd696e4943e48c9a91f32152a0b4d636fd31d00a0eb577d61adac84b6d2eb05
Worldview2.rsrc,4359,0x1107,4359 CofGuvs COA Turkey.24,0,0,56,84,6654,b11fe6ec22e780b0e73a7ec68cf8db7cb16fa7623e87c3ab861bed638ab544db
Worldview2.rsrc,4360,0x1108,4360 CofGuvs COA Russia.24,0,0,56,84,6788,256612d0c0e429b2e2dad3f95789c8a0cee6fd00d71d5f64131673d59adae499
Worldview2.rsrc,4361,0x1109,4361 CofGuvs COA Prussia.24,0,0,56,84,6672,58a5cf6f8b1faf43864ccc72e62b0ea3fe7962d6bde07ae526df371866c5bfad
Worldview2.rsrc,4362,0x110a,4362 CofGuvs COA Italy.24,0,0,56,84,6686,5ef1a879fed52b48c9e332066af339dc15aa28750ce9cf0d8c839ca9504240f3
Worldview2.rsrc,4363,0x110b,4363 CofGuvs COA England.24,0,0,56,84,6838,6300f768f75f5a7dcdef877f85badca47427d2c6219bad237ee3179a96625117
Worldview2.rsrc,4400,0x1130,4400 BR Flag GP0 France.24,0,0,26,20,2700,1dff47e582ddfe23d204e398e5f6d023e5b00ad0a53dd1fd3d2d9ba2c8c60c23
Worldview2.rsrc,4401,0x1131,4401 BR Flag GP1 Austria.24,0,0,26,20,2712,7af3bec59720ea28cbfc232c3b8f04a4103f35991cd50aa343e079d2addbcfb3
Worldview2.rsrc,4402,0x1132,4402 BR Flag GP2 Turkey.24,0,0,26,20,2696,caf5cae77d3de6382f1a3c71b740d01dc9f36139c5b7a7e0d1cac5ad604602a0
Worldview2.rsrc,4403,0x1133,4403 BR Flag GP3 Russia.24,0,0,26,20,2694,ae11d936f1ad14429077ee40ef153e7b5518297a15d31d3222ae61a8444c8a02
Worldview2.rsrc,4404,0x1134,4404 BR Flag GP4 Prussia.24,0,0,26,20,2662,ea92ba55fb994789ce3803344cdcb026169ce5836a3026105845221e080112c9
Worldview2.rsrc,4405,0x1135,4405 BR Flag GP5 Italy.24,0,0,26,20,2696,fbb4d115662a0404157701f32704a3a4a09c70de9974a83c496fe54434224c2d
Worldview2.rsrc,4406,0x1136,4406 BR Flag GP6 Britain.24,0,0,26,20,2724,8c21da683a9d9bc09f1909451ac2f7b11021eb19568557ae567b6c63c5d75f2e
Worldview2.rsrc,4407,0x1137,4407 BR Flag MN07 Portugal.24,0,0,26,20,2684,b2501a72c3b517f348a531e66340746691332f55e398b0868d9e7a7656f091e0
Worldview2.rsrc,4408,0x1138,4408 BR Flag MN08 Spain.24,0,0,26,20,2692,226e4968534ca0bfa17e8f90f487c4baabcc3d3010f2663b25f997f841d4666d
Worldview2.rsrc,4409,0x1139,4409 BR Flag MN09 Catalonia.24,0,0,26,20,2722,a906e9226194ee869da7a9174116d8d1b607fccd4fb9caef8937b4a29ea79aff
Worldview2.rsrc,4410,0x113a,4410 BR Flag MN10 Morocco.24,0,0,26,20,2706,830342d195066235f3111486a7c303274075aee4ffdee3621667103869bf8a19
Worldview2.rsrc,4411,0x113b,4411 BR Flag MN11 N.Africa.24,0,0,26,20,2718,68f4841262b4d2e569cdcc4277eab5bbd2801cf44824d81587ae8c938d742b6d
Worldview2.rsrc,4412,0x113c,4412 BR Flag MN12 Sicily.24,0,0,26,20,2728,ec73877c5ea7cd65bd9cee0c7f2472b80aae102c0d6f9e59cb08b56feffa43d1
Worldview2.rsrc,4413,0x113d,4413 BR Flag MN13 Belgium.24,0,0,26,20,2658,a2a083542a69591840cd37e60757d9ea3e8e70d04f461b06b6d5603074aa1c01
Worldview2.rsrc,4414,0x113e,4414 BR Flag MN14 Egypt.24,0,0,26,20,2726,d2f0f1a855be36558dc3d10053375bc7b6f26e2f3075e316c13b928b8f7b11c2
Worldview2.rsrc,4415,0x113f,4415 BR Flag MN15 S.Germany.24,0,0,26,20,2720,c5f7a6588f06a79ab708799e438ae39e5556411731a5d52d1ae6208efb230e70
Worldview2.rsrc,4416,0x1140,4416 BR Flag MN16 Switz.24,0,0,26,20,2720,fde5bf7b271b05122f4850d76f63799b53994644fe06af23bf58217a3db295bc
Worldview2.rsrc,4417,0x1141,4417 BR Flag MN17 Nether.24,0,0,26,20,2696,049193805e231c5526a410ff8f00abfc308068857168c1884b57150b7b872bbd
Worldview2.rsrc,4418,0x1142,4418 BR Flag MN18 N.Germany.24,0,0,26,20,2718,4ad5d9b3d2d9af2b199317df748a0284e699e5e71d29db8939bcd7c7e0d6a538
Worldview2.rsrc,4419,0x1143,4419 BR Flag MN19 Denmark.24,0,0,26,20,2696,1f32ee9c48589de232878c52c234b1528d280a4b61bb0999a340c36caede3966
Worldview2.rsrc,4420,0x1144,4420 BR Flag MN20 Sweden.24,0,0,26,20,2714,96e4468d28dcd3ce042294fa1258e00fec67389c4502dd5faf15c3ed7dc69f28
Worldview2.rsrc,4421,0x1145,4421 BR Flag MN21 Serbia.24,0,0,26,20,2720,1ab1f1ef75f23ad65962b5e18c6c54a4ee43e5a88a771d956e00d9b76255adb8
Worldview2.rsrc,4422,0x1146,4422 BR Flag MN22 Greece.24,0,0,26,20,2720,6846e7251a20079595078dd5f42062c34ee3e0794422a740210d713cb14d83e5
Worldview2.rsrc,4423,0x1147,4423 BR 1st COA GP0 France.24,0,0,64,86,7306,bdcb1cbb50a97c81b353fe5c158fdebd1383231312424e1383e89db2d176c74a
Worldview2.rsrc,4424,0x1148,4424 BR 1st COA GP1 Austria.24,0,0,64,86,7342,560fe5a83323eaff27699cd7af5714eb74a6fc0e9f55a2dd9ecc2a88a33510ea
Worldview2.rsrc,4425,0x1149,4425 BR 1st COA GP2 Turkey.24,0,0,64,86,7286,9e2dff32d4d42dc2558c895689620cfbcdc691dac40f7d3dc3eb8907b2b46fba
Worldview2.rsrc,4426,0x114a,4426 BR 1st COA GP3 Russia.24,0,0,64,86,7398,1dabdb0009c542ada02665faeee7b9a0a4b4fbd3e941a801ec9dfe2e55bdab63
Worldview2.rsrc,4427,0x114b,4427 BR 1st COA GP4 Prussia.24,0,0,64,86,7292,2fcde5585f80b6712392a59be6127067615f5951d658ff8ca5573641e19860cb
Worldview2.rsrc,4428,0x114c,4428 BR 1st COA GP5 Italy.24,0,0,64,86,7298,362ecab940d5f5f45045c1737382becc67e09bf59434571c762cef4b3e767f65
Worldview2.rsrc,4429,0x114d,4429 BR 1st COA GP6 Britain.24,0,0,64,86,7446,d70c2d472d6486975d04aa1f28cd25b3bc431b8248ccde03f18aa9da835f8339
Worldview2.rsrc,4430,0x114e,4430 BR 3rd COA GP0 France.24,0,0,64,86,7110,8f589a00d870b6f970351fb6c371c067b00da1ff32de3a86113b635ffd4a947e
Worldview2.rsrc,4431,0x114f,4431 BR 3rd COA GP1 Austria.24,0,0,64,86,7138,19f3ff054a590f4b322db207d691d4d36e48b05188534e15c36ed97c466ed802
Worldview2.rsrc,4432,0x1150,4432 BR 3rd COA GP2 Turkey.24,0,0,64,86,7090,33f25015db32553b4c775a989c08bf0ea19f446793198fb106d94aa4e972e01a
Worldview2.rsrc,4433,0x1151,4433 BR 3rd COA GP3 Russia.24,0,0,64,86,7208,d6cd791a3a0dd68ca425b57173f95d96da7b6320da0e92ae55e20468d30d95a2
Worldview2.rsrc,4434,0x1152,4434 BR 3rd COA GP4 Prussia.24,0,0,64,86,7110,9bfcaa521e05e1db2968bcccf9756ad05e7939ea94fcc75c9f5da2c3440e9e31
Worldview2.rsrc,4435,0x1153,4435 BR 3rd COA GP5 Italy.24,0,0,64,86,7096,2be3f0a96739f852ecf9b5410111ba39630e775c12f1205de0a96e8dfa1e2642
Worldview2.rsrc,4436,0x1154,4436 BR 3rd COA GP6 Britain.24,0,0,64,86,7250,2963dbef32386f90a60c4c9b10e3365bf3b3edce45a71d5a3ddcad669afdec68
Worldview2.rsrc,4437,0x1155,4437 BR 3rd COA MN07 Portugl.24,0,0,64,86,7078,24a33facc4283029be0051a919e2f7bbc641448e03294259c15cf49204881d6f
Worldview2.rsrc,4438,0x1156,4438 BR 3rd COA MN08 Spain.24,0,0,64,86,7248,d1d0837a7e1542e1f46f04270c428d7c8a2c3efbc1eed296427945b5d935c1ca
Worldview2.rsrc,4439,0x1157,4439 BR 3rd COA MN09 Catalon.24,0,0,64,86,7212,33e53551928f950cb0d934abeffc315ef9cc9c8a93460274092c2e83666f2e21
Worldview2.rsrc,4440,0x1158,4440 BR 3rd COA MN10 Morocco.24,0,0,64,86,7096,098c0adb40edc6ccadc5cd3f70eb754f420cb7df0e7324d9f228c257eacc767d
Worldview2.rsrc,4441,0x1159,4441 BR 3rd COA MN11 N.Afric.24,0,0,64,86,7204,f2644e6eb4736dcb82d9b299b4c13713e79747d39b6fbb264434ca4264622dbe
Worldview2.rsrc,4442,0x115a,4442 BR 3rd COA MN12 Sicily.24,0,0,64,86,7270,5ef98ba26bed781ff67c78ecc370d168d29f04df162d4cea0e2f7523f9b39808
Worldview2.rsrc,4443,0x115b,4443 BR 3rd COA MN13 Belgium.24,0,0,64,86,6958,fb8bca27dbaca71f1991d385e19f337050d2179e88d1c60371fb4668624d70aa
Worldview2.rsrc,4444,0x115c,4444 BR 3rd COA MN14 Egypt.24,0,0,64,86,7088,e9d3eef32e5c8412aa7fc2622c8da4c54654e6ff4b8f79f4b24ecc88eccb8275
Worldview2.rsrc,4445,0x115d,4445 BR 3rd COA MN15 S.Germ.24,0,0,64,86,7278,ca8cf7fd4f4be1fa753d01416b4e9418bb1991c0b87cd8edb5e2d85737d5628c
Worldview2.rsrc,4446,0x115e,4446 BR 3rd COA MN16 Switz.24,0,0,64,86,6912,623b81223b8d5161a1f7a3b6196846d6d24f53e647a8ce6ea081b5afbb56207f
Worldview2.rsrc,4447,0x115f,4447 BR 3rd COA MN17 Nether.24,0,0,64,86,7284,f744776a14d27b505828073adb054ca018585d031eea6a013f11c187cf8a9117
Worldview2.rsrc,4448,0x1160,4448 BR 3rd COA MN18 N.Germ.24,0,0,64,86,7078,2513873f656b371d7887c7413340c8dd1a43f0888f319b07c9f93419fb36d0a7
Worldview2.rsrc,4449,0x1161,4449 BR 3rd COA MN19 Denmark.24,0,0,64,86,7158,833e9aa1cb4eefcb0a05080370df69f4449b594b77cce54617f4d965edc48cf9
Worldview2.rsrc,4450,0x1162,4450 BR 3rd COA MN20 Sweden.24,0,0,64,86,7276,7887756680a6f9e72b3816a2f05d781235fdbee4e133b186addbf03c1d561461
Worldview2.rsrc,4451,0x1163,4451 BR 3rd COA MN21 Serbia.24,0,0,64,86,7130,9dd2b8bbb9d7d668dffa956c380dbf457a7f0d93415f325143ec5e1d8dc8032d
Worldview2.rsrc,4452,0x1164,4452 BR 3rd COA MN22 Greece.24,0,0,64,86,7262,3bee1502cb0ada68086c59d417e587a5ac1091d6824878607b156d9111b9e447
Worldview2.rsrc,4550,0x11c6,4550 COA GP0 (Dk Blue).24,0,0,70,94,8190,c29d380814f483efd247559353090fd0c220ccd7c4c93299b8737ff81cedb854
Worldview2.rsrc,4551,0x11c7,4551 COA GP1 (Red).24,0,0,70,94,8306,227efeebb426b4a8eda34a6ee026903b01b4516abe3c4af735a62c05202c9fea
Worldview2.rsrc,4552,0x11c8,4552 COA GP2 (Purple).24,0,0,70,94,8322,f371ade03c05f93adb2e13b6b4c7110a857f3f18a2fd88f73bc35a8bb4ea7180
Worldview2.rsrc,4553,0x11c9,4553 COA GP3 (Cyan).24,0,0,70,94,8320,d3e29818c0bb8778e9399a0c6ae41c3a843deeeecfdd8db31fd6561aea4476ee
Worldview2.rsrc,4554,0x11ca,4554 COA GP4 (Orange).24,0,0,70,94,8170,fc8ea70d6a0dff2353944d43c93627daae37a03be169248f80cf89e806a81775
Worldview2.rsrc,4555,0x11cb,4555 COA GP5 (Green).24,0,0,70,94,8338,1c764ea3cd3e10339d50c72dc67305f0a5b96fbad2ff2e86eba24c599657a580
Worldview2.rsrc,4556,0x11cc,4556 COA GP6 (Yellow).24,0,0,70,94,8104,43f4a79d8238c71e570bebd327e05470e1ae8c1e389fc2a8a17d309a3cb6126e
Worldview2.rsrc,4611,0x1203,4611 France Flag (Multi).24,0,0,26,20,2600,7b63e56419e382e23c5bb312725c8a81667b06d091e45365d12003a7bad72b2f
Worldview2.rsrc,4612,0x1204,4612 Austria Flag (Multi).24,0,0,26,20,2586,a63c141a1e873fa825cbcfe262e249759b83c174d3111231d52afb17c84a5e71
Worldview2.rsrc,4613,0x1205,4613 Turkey Flag (Multi).24,0,0,26,20,2604,3c49fe59f2a0dcf5591865a8990ba0d5e5505829445927f7e8f12eef517078bf
Worldview2.rsrc,4614,0x1206,4614 Russia Flag (Multi).24,0,0,26,20,2622,59cec521f189a7211af04b7c0f48c95ed3860c67ee54e5e657cd0cd533a78b49
Worldview2.rsrc,4615,0x1207,4615 Prussia Flag (Multi).24,0,0,26,20,2554,a7497e1486b3903cedf3ce7d309fe30d82850f4e8b17c44be5cd172f3efa3e47
Worldview2.rsrc,4616,0x1208,4616 Italy Flag (Multi).24,0,0,26,20,2636,a4bc95c4f05bad0502e5fab37989ed729fd1ee6eeedb676d6a06535af6aed7a9
Worldview2.rsrc,4617,0x1209,4617 Britain Flag (Multi).24,0,0,26,20,2634,56a7eb1c0daa225da62c9355455e4d0a8b942dcc41b525f9308d95445ae0fa33
Worldview2.rsrc,4618,0x120a,4618 COA France.24,0,0,63,94,7302,369cfc6741a4dc1bf8db25ba9059f4e1efc858633a900120ef1966e663c1308c
Worldview2.rsrc,4619,0x120b,4619 COA Austria.24,0,0,63,94,7254,ab197cf8f758b99aa3d40adf0a0690203d427ad436aef37da01fb124d6dab44e
Worldview2.rsrc,4620,0x120c,4620 COA Turkey.24,0,0,63,94,7096,8896585b8196c5dc1997db8569d2019787dc2ea73ec5237467f8ac555f97ea2a
Worldview2.rsrc,4621,0x120d,4621 COA Russia.24,0,0,63,94,7356,3c35ec9b915e17069106ab315b41d3190386c491d9aa739c4f6ba545b821afa2
Worldview2.rsrc,4622,0x120e,4622 COA Prussia.24,0,0,63,94,7102,edc10126b8d6ee411a1ec23291cd4302b5f45b4f08bf5328a1dee2eb810ffc69
Worldview2.rsrc,4623,0x120f,4623 COA Italy.24,0,0,63,94,7196,926483142af859c6dc6c01fcab8296313cf5552ad1fed5e54385da722167d849
Worldview2.rsrc,4624,0x1210,4624 COA Britain.24,0,0,63,94,7372,44d0cb91eee7e5f2b364bf895187c3766e0fd0da3ea27ed2b2ada71d9f99ceab
Worldview2.rsrc,4651,0x122b,4651 Chat Toggle Fra Slctd.24,0,0,29,22,2782,37175151ce0fcd16aeb550b289974036a34e9a0c4585eed50cd08ef6cf3fee57
Worldview2.rsrc,4652,0x122c,4652 Chat Tgl Fra Slctd Dn.24,0,0,29,22,2758,343441f759c1aaa6c0fcc553b83696eb4fb1345cf1231ef9bc378d4809556dbf
Worldview2.rsrc,4653,0x122d,4653 Chat Tgl Fra Unslctd.24,0,0,29,22,2796,df97eb4989aad1be62ddb6485a9b0b597d9ab2adca26ce39b592a40a7c61e51d
Worldview2.rsrc,4654,0x122e,4654 Cht Tgl Fra Unslctd Dn.24,0,0,29,22,2768,4fd48ee9e386ce1b2e3104db5fc978cbc2bc0aff3f5499f656c69833e4bdf686
Worldview2.rsrc,4655,0x122f,4655 Chat France Grey.24,0,0,29,22,2750,d9f80c309e34d11457c396bf45ad2738c67332d5f7af3e76b628451a5b5141c4
Worldview2.rsrc,4656,0x1230,4656 Chat Tgl Aus Slctd.24,0,0,29,22,2772,98d82bcbee32b69cb52c842e4c73aa82f6a4aa1034269c5be7f092ca4df27fa7
Worldview2.rsrc,4657,0x1231,4657 Chat Tgl Aus Slctd Dn.24,0,0,29,22,2744,61c66014b17237dae9c40ccbaae04c5046c34cf7af338872058dd388d51ee785
Worldview2.rsrc,4658,0x1232,4658 Chat Tgl Aus Unslctd.24,0,0,29,22,2780,eabadbec0342e0fceb9002f580ba1c95767243092ee5a77e9b07a1201b0edc8d
Worldview2.rsrc,4659,0x1233,4659 Chat Tgl Aus Unslctd Dn.24,0,0,29,22,2746,f403509c6f5bd04ceafee0dc89de4e63cf7442a361657ad37609e05abdaa6327
Worldview2.rsrc,4660,0x1234,4660 Chat Austria Grey.24,0,0,29,22,2732,d6e8c1b1b8fa9371f7605d3469125374b662cca788f3ce9c23fc2d645349c821
Worldview2.rsrc,4661,0x1235,4661 Chat Tgl Turk Slctd.24,0,0,29,22,2770,8d37575c724d939acdf32e336ab872184a44ea5c895cbf2468b5214507c5d380
Worldview2.rsrc,4662,0x1236,4662 Chat Tgl Turk Slctd Dn.24,0,0,29,22,2742,3666c2e4541605d560fffedbe88c2af2f1c07ef5f400279f0e26b7763955d606
Worldview2.rsrc,4663,0x1237,4663 Chat Tgl Turk Unslctd.24,0,0,29,22,2780,5128c831b018627e52dec9c0d2510d57de5714783cb4b23db7f6c3096ec9e85b
Worldview2.rsrc,4664,0x1238,4664 Cht Tgl Turk Unslctd Dn.24,0,0,29,22,2750,468e989d3e1e90c7c5fea79dbbd1c4efe0d59adabb700aa151338cf8fa2854ef
Worldview2.rsrc,4665,0x1239,4665 Chat Turkey Grey.24,0,0,29,22,2718,d68f388b7b1474492016575d6ebfe18ad1a588a070c1a236fffa0556a697fed6
Worldview2.rsrc,4666,0x123a,4666 Cht Tgl Rus Slctd.24,0,0,29,22,2778,d302bcb63fa674992d494156225b93c765be2d09f0852040d2ad0a13f93ac928
Worldview2.rsrc,4667,0x123b,4667 Cht Tgl Rus Slctd Dn.24,0,0,29,22,2754,4ba3799947059aa26bf633791db6b986a7cf6b23d126b95e3647c1c33292c89f
Worldview2.rsrc,4668,0x123c,4668 Cht Tgl Rus Unslctd.24,0,0,29,22,2786,c137eb868f6d9c38c458f40d682e3b92789175788f4c727054df51ad090b4a78
Worldview2.rsrc,4669,0x123d,4669 Cht Tgl Rus Unslctd Dn.24,0,0,29,22,2758,4d32100a29c6cde8844ab56702a85c8fefaa72572d7bc1058b618bc9c1dc954f
Worldview2.rsrc,4670,0x123e,4670 Cht Russia Grey.24,0,0,29,22,2738,6077f38f475849a2172ba7ee6f978b84c9a1eb3000dbac9032758cb75cc7da30
Worldview2.rsrc,4671,0x123f,4671 Cht Tgl Pru Slctd.24,0,0,29,22,2732,cf87e08350a3fa8e029ba818110d76ab632cf2e5fa213395df7c55fddaae6fe2
Worldview2.rsrc,4672,0x1240,4672 Cht Tgl Pru Slctd Dn.24,0,0,29,22,2700,e79258fea548734c23b4dc9b0bf1ce2fd9036e9d8817d9aab8db628c4c090da7
Worldview2.rsrc,4673,0x1241,4673 Cht Tgl Pru Unslctd.24,0,0,29,22,2742,72f647d360522608939b60a7c0bc73c63ce08405b391f1904df36f26323690a1
Worldview2.rsrc,4674,0x1242,4674 Cht Tgl Pru Unslctd Dn.24,0,0,29,22,2706,0c0eeeaef36c8b871ec6f9adb9e53d72eefc25d3b32d467cff400166af310aca
Worldview2.rsrc,4675,0x1243,4675 Chat Prussia Grey.24,0,0,29,22,2690,1f6853555f716156bb9ca75b689043dcc38f3691295a4c5dbecd9ab8a5d197dd
Worldview2.rsrc,4676,0x1244,4676 Cht Tgl Itl Slctd.24,0,0,29,22,2786,3a5a25ce40e123f6435beb48abb26f9ebadef4986f05ba939ddcfc9d0cb5e498
Worldview2.rsrc,4677,0x1245,4677 Cht Tgl Itl Slctd Dn.24,0,0,29,22,2762,a3fa8e91cc83e2aee8b36a2590f0faba8b297f59c5d2b9f614ed423642e2c0da
Worldview2.rsrc,4678,0x1246,4678 Cht Tgl Itl Unslctd.24,0,0,29,22,2792,44df037b2705379f8ea963ef8bdbda12c725a27804e35301b2ceeac821e387bd
Worldview2.rsrc,4679,0x1247,4679 Cht Tgl Itl Unslctd Dn.24,0,0,29,22,2766,71f2dc7c7126013f806a982e29296afff2a885fcc0dd36fbbf38688db326540e
Worldview2.rsrc,4680,0x1248,4680 Chat Italy Grey.24,0,0,29,22,2756,536f97b1b508e3edf3213dba9610b39e232741de5c4a9bf98a561b582a5ea08d
Worldview2.rsrc,4681,0x1249,4681 Chat Toggle Brit Slctd.24,0,0,29,22,2792,3f33f96865c9bae829dcec9dfc1189aaa9f23d88684a49f1c971c8cb30fe9294
Worldview2.rsrc,4682,0x124a,4682 Cht Tgl Brit Slctd Dn.24,0,0,29,22,2764,69732b8366ea7cb6c38fc61d6209fa54b7c435e617e7a9aba1e203be3222df9f
Worldview2.rsrc,4683,0x124b,4683 Chat Tgl Brit UnSlctd.24,0,0,29,22,2802,227b95b6d0b566e4c8138ceaf33e084d1f6d21eb873d3792f2097f91c2ba4ef2
Worldview2.rsrc,4684,0x124c,4684 Cht Tgl Brit Unslctd Dn.24,0,0,29,22,2774,734bbc3083df89af5f00cea518adb9c44b0fcc62a75378994a7c7dddeaf1e242
Worldview2.rsrc,4685,0x124d,4685 Chat Brit Grey.24,0,0,29,22,2756,d454662f4f2e17fa68271943bf6575aab36835556528bb9b85ed1eb4f788cc93
Worldview2.rsrc,5011,0x1393,5011 Info Info Euro.24,0,0,241,117,26046,53bdb3938f04271299679febce7756bd3c31278adad3bb5ef3fe325f0d8c5540
Worldview2.rsrc,8699,0x21fb,8699 Trade Flags 1830/48.24,0,0,736,24,13958,3d2706c352286b727cb06aa1efef94ded07293a544e7e48dee71d35d9c98b345
Worldview2.rsrc,8700,0x21fc,8700 Flag.m3C,0,0,81,61,4258,f3e787c4392ef55a8eb79c3e39bfc4a434eedc779c666691715d01f36f2b417d
Worldview2.rsrc,8701,0x21fd,8701 Flag.m3C,0,0,81,61,4522,41aede69ce2e40de2e69d1fb7f67c2be4ab4729173274f719b06d4c17b25339a
Worldview2.rsrc,8702,0x21fe,8702 Flag.m3C,0,0,81,61,4548,cbe3693db5d665c183f805fdb32f606f4d1e5fc7fea42f1921f96786edf1b6ba
Worldview2.rsrc,8703,0x21ff,8703 Flag.m3C,0,0,81,61,4486,e66ee1cbddf9457ae1b0a020c3b655ed645f29d4a2e953110666bc0d97bf1a67
Worldview2.rsrc,8704,0x2200,8704 Flag.m3C,0,0,81,61,4336,0838e55b3cfc73945fc2a1f3bf4e592e697c36deacedc1afd766a3c0bd7e6e73
Worldview2.rsrc,8705,0x2201,8705 Flag.m3C,0,0,81,61,4496,6124623beedab03cbcbebdc92c91d4c1805defb9d7230dbd985d6b218509e564
Worldview2.rsrc,8706,0x2202,8706 Flag.m3C,0,0,81,61,4174,ffc809fa3409d1d459814e4cbd2a4bccb7536875fbc9c7c085bc4e16d4cdb841
Worldview2.rsrc,8707,0x2203,8707 Flag.m3C,0,0,81,61,4422,5344e411c8708e410aa185e135beb92b65704b0d5167824f74ec6c0c6c03eca5
Worldview2.rsrc,8708,0x2204,8708 Flag.m3C,0,0,81,61,4434,6e7759afa7bdcecaeb8ed22aa4ba2d577ea03c7dc54b4e6225ce64c015f29a5e
Worldview2.rsrc,8709,0x2205,8709 Flag.m3C,0,0,81,61,4394,ec469d33cc94d0dbc2b600f4c9c62265a690c38d7ed73587635f2e6c34c001ab
Worldview2.rsrc,8710,0x2206,8710 Flag.m3C,0,0,81,61,4464,f490883275fcd616bc74d10a94f03f6153a43499541f3846ec39651752a6ef2b
Worldview2.rsrc,8711,0x2207,8711 Flag.m3C,0,0,81,61,4350,f782a8152a2721f06bf76caf809bd3a08ea6882b659dd787c1a4a88616fcb650
Worldview2.rsrc,8712,0x2208,8712 Flag.m3C,0,0,81,61,4472,3fed0d119811bc6232628d1fcd16784bac1e605ed614ab379593b0ba624a1398
Worldview2.rsrc,8713,0x2209,8713 Flag.m3C,0,0,81,61,4302,f275a6d694fdaf238e3a5b1096132ae18666db81a5f847787dfefc4506220f77
Worldview2.rsrc,8714,0x220a,8714 Flag.m3C,0,0,81,61,4378,e1b83220ae584382198153eecb174b33cc52cf5df2ac0cf10b5f899ef4c26038
Worldview2.rsrc,8715,0x220b,8715 Flag.m3C,0,0,81,61,4444,679aa087b2e83a2c17eeb93a54c3cf7b3f97736522f95a447e85e59f10051dce
Worldview2.rsrc,8716,0x220c,8716 Flag.m3C,0,0,81,61,4392,b1d6d5fe34f85f4a228bd9817be927889e3a42f7c868cd3c338668ef0f7b29a1
Worldview2.rsrc,8717,0x220d,8717 Flag.m3C,0,0,81,61,4234,8381d42cab2ce67274b3f23bc535c39c0f6cf918137f66aa89d62ecd2dc1a898
Worldview2.rsrc,8718,0x220e,8718 Flag.m3C,0,0,81,61,4520,9591d042440f69b0c9c45ffd2cfa0e02b1a4fb31f703c6f81f0c749a0d8a8a30
Worldview2.rsrc,8719,0x220f,8719 Flag.m3C,0,0,81,61,4106,7ecb21446c63d05491adf596ce6756c652cebb944eef9b738656a7923c9e45da
Worldview2.rsrc,8720,0x2210,8720 Flag.m3C,0,0,81,61,4260,86ccdc2c2904c0c3a4c8ee20f39ba792fbd89a0720f31a82ae2d3a1a5dd1522c
Worldview2.rsrc,8721,0x2211,8721 Flag.m3C,0,0,81,61,4378,85af244aaa578fbc7a10339e03b931f875ac5f6ab7b54f7000cdddf6e5097477
Worldview2.rsrc,8722,0x2212,8722 Flag.m3C,0,0,81,61,4366,83832c4a3b63db0e0821eb85c694635612a7dea3805c9468da0cf178fae9dcdc
Worldview2.rsrc,9500,0x251c,9500 COA France (6 Mar).24,0,0,84,125,12230,914999e4c12d4a1d20d85241039a92a24c29247d7d7fe699f8c781f1178cff60
Worldview2.rsrc,9501,0x251d,9501 COA Austria (6 Mar).24,0,0,84,125,12416,4989a82835aa37ad3b2e745380ca97b3518d26d1077f8cc47a51884e9d54682a
Worldview2.rsrc,9502,0x251e,9502 COA Turkey (6 Mar).24,0,0,84,125,12180,415f0314a1ab075da79ed9e9d3a4e2d1a5053ab8fd87d543477a2e7e86ee6bb2
Worldview2.rsrc,9503,0x251f,9503 COA Russia (6 Mar).24,0,0,84,125,12590,a5d5114e2d899c1ceed1e4ffbcbf42163dd08df18e3b608c4fcbafb1a86c754d
Worldview2.rsrc,9504,0x2520,9504 COA Prussia (6 Mar).24,0,0,84,125,12214,bb6ddf3497a8f037fe5d43ac788213538d15011fad6f31a87168133a2db1b7a0
Worldview2.rsrc,9505,0x2521,9505 COA Italy.24,0,0,84,125,12298,13b01c87e43229cfec945ab781713cddc238d3cb0ac0058cf6f5c2438415a968
Worldview2.rsrc,9506,0x2522,9506 COA Britain (6 Mar).24,0,0,84,125,12582,badde3051fd89857c9c5c966722c7b11966e3fa910a36ce5f3214b8c6953229b
Worldview3.rsrc,580,0x0244,580 6/20 scenario flags.24,0,0,72,6,2424,a1c5ef4c1d376aa16c50edc92ecaf5bd9aa29b6fda5d3ab2a422ba89670f346c
Worldview3.rsrc,1380,0x0564,1380 Fleet E1 Dk. Blue.24,0,0,1152,64,27090,f47482e2aa2b4a2260f5768f1960d4c481edefc9bb2174c87b9af5f76a534a77
Worldview3.rsrc,1381,0x0565,1381 Fleet E1 Red.24,0,0,1152,64,27090,215fbbd9b65da1114075e66ded75057308dc81d390d6598cf8743b98c9d4ff97
Worldview3.rsrc,1382,0x0566,1382 Fleet E1 Purple.24,0,0,1152,64,27090,92ed2ff0fc21c8baf0d18bd4cfbfd385a51cbbee1dcd19a1ab208552b81b431e
Worldview3.rsrc,1383,0x0567,1383 Fleet E1 Cyan.24,0,0,1152,64,27090,ff71b6740aef86477030a641497bd8dac48d5821d82964b3226298ca97dca340
Worldview3.rsrc,1384,0x0568,1384 Fleet E1 Orange.24,0,0,1152,64,27090,8a7a5e6d92ece9f9edd4ea7a7e7f6104f52cb7f62a3e26ddf791d98ba37fbd3d
Worldview3.rsrc,1385,0x0569,1385 Fleet E1 Green.24,0,0,1152,64,27090,86370fa42b46f0e3a8928d0d5eae03cfb153e5ff2ae53148b01c5c91e729a8e8
Worldview3.rsrc,1386,0x056a,1386 Fleet E1 Yellow.24,0,0,1152,64,27090,81fd8e15774ff04999b46e0306350ac11e90916740f7daf276a4392553e3343c
Worldview3.rsrc,1387,0x056b,1387 Fleet E2 Dk. Blue.24,0,0,1152,64,23380,c5cd668742e228d89c490fb9763aa761f11481070e8418972b3393281a90ac8f
Worldview3.rsrc,1388,0x056c,1388 Fleet E2 Red.24,0,0,1152,64,23380,064262eafc7f8a11d18d1db14645ee70f00eece99339c7715b39dd7a7db4d7f4
Worldview3.rsrc,1389,0x056d,1389 Fleet E2 Purple.24,0,0,1152,64,23380,bcd5551e00d83a4d0c25d26de573a33462b3de3325690a90500264b692cee39a
Worldview3.rsrc,1390,0x056e,1390 Fleet E2 Cyan.24,0,0,1152,64,23380,1d1115d063f3e92d76125a6051d0a41fd58bf8a0217826528c98f6386847b5a3
Worldview3.rsrc,1391,0x056f,1391 Fleet E2 Orange.24,0,0,1152,64,23380,573b966e47458d07f7eb7a1fb872a2a8ce6cb6fc3f639ff1e12d89827e678497
Worldview3.rsrc,1392,0x0570,1392 Fleet E2 Green.24,0,0,1152,64,23380,76280900ed64e933ca252fe8d3d9f6ce9568db5eb2f12e10ff1864d847e6b481
Worldview3.rsrc,1393,0x0571,1393 Fleet E2 Yellow.24,0,0,1152,64,23380,aa7ab34d11e64fd2295167f15590e41af87293bfb1e8aeb6d5909c68e72d2fc5
Worldview3.rsrc,1394,0x0572,1394 E3 Fleet GP0 Dk. Blue.24,0,0,1152,64,20048,399e353fa1193f9a1cf55ee0c22d1e90d9be3994a2ea33b90fbe643acb14bcda
Worldview3.rsrc,1395,0x0573,1395 E3 Fleet GP1 Red.24,0,0,1152,64,20048,4f02870286e9059c18ad174054ddd4a40d4186961daf79e20d4f64865e70cef1
Worldview3.rsrc,1396,0x0574,1396 E3 Fleet GP2 Purple.24,0,0,1152,64,20048,18dd93bbcd3d79f1e42fb120f7333de411bcf2bd65317d90cebcaf4a209a4f05
Worldview3.rsrc,1397,0x0575,1397 E3 Fleet GP3 Cyan.24,0,0,1152,64,20048,53bc4e274113679042545a8cbda9dadd2ccdefce16146b53712dfe62069dd5a4
Worldview3.rsrc,1398,0x0576,1398 E3 Fleet GP4 Orange.24,0,0,1152,64,20048,b199e5d7553f56618927e558cb2cd5a4e7a27eabb80adfd58966289c0753d357
Worldview3.rsrc,1399,0x0577,1399 E3 Fleet GP5 Green.24,0,0,1152,64,20048,ed615f5b282a46fc5a83485a24986aa2e4b3b053a65a8ee47b31f25ad1d85643
Worldview3.rsrc,1400,0x0578,1400 E3 Fleet GP6 Yellow.24,0,0,1152,64,20048,33e3c04fd4eae2ec40a4c3b5b70488a63fd2e7734be00152e9b9373e503e6d1c
Worldview3.rsrc,1401,0x0579,1401 Fleet Nugget E1 Dk.Blue.24,0,0,352,16,5566,b6ffe1fd6b1d989e401be12db901436f39144d2623f52996d35e117a8d6dc9e0
Worldview3.rsrc,1402,0x057a,1402 Fleet Nuggets E1 Red.24,0,0,352,16,5570,3f2cac860738e2a35fe962873a22276524bf9369ae126453de99833c86a1f81a
Worldview3.rsrc,1403,0x057b,1403 Fleet Nuggets E1 Purple.24,0,0,352,16,5566,b401712a76e8dc6906e24936d0b1d474a4156c0b48b61c3ce10a8b244b4cd7e1
Worldview3.rsrc,1404,0x057c,1404 Fleet Nuggets E1 Cyan.24,0,0,352,16,5564,3b9237a9432dfad8b34af21593919f2f70d84887dba6975ecdeb6a3bf673cd59
Worldview3.rsrc,1405,0x057d,1405 Fleet Nuggets E1 Orange.24,0,0,352,16,5570,80fe73c03cfba2631bb1a56cea9b14a3c233cbd6a28984ae089694a4c7cd50d8
Worldview3.rsrc,1406,0x057e,1406 Fleet Nuggets E1 Green.24,0,0,352,16,5552,ddbbd6c34a993e329b2ee32a1bfaf83aeccd453dfd83f54b9961c6bbd078294a
Worldview3.rsrc,1407,0x057f,1407 Fleet Nuggets E1 Yellow.24,0,0,352,16,5562,20397034bd72bf9a14e7c63d91f4f038e665f16385e807c865710701f6622fdf
Worldview3.rsrc,1408,0x0580,1408 Fleet Nugget E2 Dk.Blue.24,0,0,352,16,5476,9f6a96be09d19b87b53c2e52f604d28017bb6275d4702215af9e3d8556d47333
Worldview3.rsrc,1409,0x0581,1409 Fleet Nuggets E2 Red.24,0,0,352,16,5480,454cd598f4154dfa397fab14abfdf99738c224f0ad7647e133438f165b2570a2
Worldview3.rsrc,1410,0x0582,1410 Fleet Nuggets E2 Purple.24,0,0,352,16,5476,046e66c9e63021f3f200f34f2035cac227fc49968af644f7c382b9a32d60ae6a
Worldview3.rsrc,1411,0x0583,1411 Fleet Nuggets E2 Cyan.24,0,0,352,16,5474,0d21de09d854a824f51416770c1198180d47a8e3d830dec33d5818c42d5d115e
Worldview3.rsrc,1412,0x0584,1412 Fleet Nuggets E2 Orange.24,0,0,352,16,5478,ea0e653624164139682bfee57818132603a89a8255f61e63639de213eb6b1cd2
Worldview3.rsrc,1413,0x0585,1413 Fleet Nuggets E2 Green.24,0,0,352,16,5458,46da274cf3da1b21358bf1b3b86a0223e335c306543ac8682cc536df4c19a5ae
Worldview3.rsrc,1414,0x0586,1414 Fleet Nuggets E2 Yellow.24,0,0,352,16,5470,7e517ba7deadf7eb7b7d807ff24cdc5a548d397dbf224b78cc13c257465a4efd
Worldview3.rsrc,1415,0x0587,1415 Fleet Nugget E3 Dk.Blue.24,0,0,352,16,5218,c8e4ebafda08f1ed8266597344d55253440e64cdd79a56d2f79504901fd15725
Worldview3.rsrc,1416,0x0588,1416 Fleet Nuggets E3 Red.24,0,0,352,16,5222,cfabcd19837608e89ac2c6a7ad130b10f23c4a81acd0e3e2ccf4cbbc92f79cfd
Worldview3.rsrc,1417,0x0589,1417 Fleet Nuggets E3 Purple.24,0,0,352,16,5218,6281a9264ae0cd3a469d96e78bd87c792f8edb96eebe2b96429e587cf5a59036
Worldview3.rsrc,1418,0x058a,1418 Fleet Nuggets E3 Cyan.24,0,0,352,16,5214,6736f37b5d37d93ac941b9210f901a50171bb29a5579c73442bc20da7ffdb0ff
Worldview3.rsrc,1419,0x058b,1419 Fleet Nuggets E3 Orange.24,0,0,352,16,5220,40ac721833401692def90259b2aa1ead8fd2e76374ce5e8962374db41c404175
Worldview3.rsrc,1420,0x058c,1420 Fleet Nuggets E3 Green.24,0,0,352,16,5198,6450433f7ce9b97db02282105c58d6023bdc831fdc83e1199705799e7c864a1f
Worldview3.rsrc,1421,0x058d,1421 Fleet Nuggets E3 Yellow.24,0,0,352,16,5212,41d77e45eeac953d4a4f4d3149385a8d9032f50d68074ed0ace976c08278d882
Worldview3.rsrc,1423,0x058f,1423 All Flags Strip.24,0,0,256,16,4758,0b72c2c7e04f64fb3bca61783dd89dcf36b5d740a99b873120c2cbd625af732e
Worldview3.rsrc,3750,0x0ea6,3750 Tac GP0 COA France.24,0,0,52,72,5878,1d9ac09348b5512b034ee163d4032395993822ff13d623b97d5a666fa2bba74c
Worldview3.rsrc,3751,0x0ea7,3751 Tac GP1 COA Austria.24,0,0,52,72,5894,686077c6ec2ce49593cc8a32a26d10f537f2fba5bd0737c3cd284ed6f4b79d85
Worldview3.rsrc,3752,0x0ea8,3752 Tac GP2 COA Turkey.24,0,0,52,72,5862,719a1d0b579b5db1f969add1fe92256a82822be4908e0e751285a143e374a529
Worldview3.rsrc,3753,0x0ea9,3753 Tac GP3 COA Russia.24,0,0,52,72,5952,ece42f25f230c94302e5da252757562726120cbec1ea70f166955d49782c2d75
Worldview3.rsrc,3754,0x0eaa,3754 Tac GP4 COA Prussia.24,0,0,52,72,5876,aed6a31a9d36d864f82737547f09fdaeee94bc3c4a997a65d61712755f037d7d
Worldview3.rsrc,3755,0x0eab,3755 Tac GP5 COA Italy.24,0,0,52,72,5886,5842ecb927e8610d5d46d6091388866bc38dc7c5fbf89c1eab577f5c33b3c951
Worldview3.rsrc,3756,0x0eac,3756 Tac GP6 COA Britain.24,0,0,52,72,5964,e0bf27ac8c9a7326d2fef23bf9be5c3dfaaeebdc69f11539e0c0fd14e5f6b9df
Worldview3.rsrc,3757,0x0ead,3757 Tac COA MN 07 Portugal.24,0,0,52,72,5964,a145e99222e74588ba34f9a3cfd6848fe2faef9b347a42299533036c9e03dc19
Worldview3.rsrc,3758,0x0eae,3758 Tac COA MN 08 Spain.24,0,0,52,72,6004,b83708336b1af1d03f1cad983e939c34d8e3745c4707cc455f792969aba65b12
Worldview3.rsrc,3759,0x0eaf,3759 Tac COA MN 09 Catalonia.24,0,0,52,72,6016,6dc25abff522a09dbb373e08629e86f634ec1dd9de2f0a1a8807c81faf995010
Worldview3.rsrc,3760,0x0eb0,3760 Tac COA MN 10 Morocco.24,0,0,52,72,5862,b6e46cc076faa2f75444b7d6b4ecd4d121245b9b5a6de7394f93e27322711452
Worldview3.rsrc,3761,0x0eb1,3761 Tac COA MN 11 N.Africa.24,0,0,52,72,5846,eb2a3192ea810aa7a2781ecda77e8002bdca20deef567c02d0bbf5bf292146e7
Worldview3.rsrc,3762,0x0eb2,3762 Tac COA MN 12 Bulgaria.24,0,0,52,72,5972,db4ec1c9c2f82aaaeac8c95a67284afa0d1021e967682e0145ab670b5949911a
Worldview3.rsrc,3763,0x0eb3,3763 Tac COA MN 13 Romania.24,0,0,52,72,5964,39e39224eaf8c9c9328524da4fa2d68f8b76aa77b97d06656bfd5cd9eba91bd9
Worldview3.rsrc,3764,0x0eb4,3764 Tac COA MN 14 Egypt.24,0,0,52,72,5844,9a5d8c4b31a2313a647f26b3d360954907657996161446cf33ac822f15c65519
Worldview3.rsrc,3765,0x0eb5,3765 Tac COA MN 15 Albania.24,0,0,52,72,5912,c647d814ecc37d68747833ae5d3281f2eb2ccdd2d891c7c7a1141708021a6d52
Worldview3.rsrc,3766,0x0eb6,3766 Tac COA MN 16 Switz.24,0,0,52,72,5818,02b66b87569f56ff2109bab925b53bde5742a60006311016b38580184539f757
Worldview3.rsrc,3767,0x0eb7,3767 Tac COA MN 17 Nether.24,0,0,52,72,5978,fde5d60307e234c316d8ddb057edd2702282bea4667dcef17a4f71c034dfa9f5
Worldview3.rsrc,3768,0x0eb8,3768 Tac COA MN 18 Libya.24,0,0,52,72,5780,6e56e126d9f6e1490068d177d6b2fcdffb063c9e29456edaf558e6ae5ed1d66c
Worldview3.rsrc,3769,0x0eb9,3769 Tac COA MN 19 Denmark.24,0,0,52,72,5972,c06eac2180116ee8f5654c0d0b3fe48eab2a6995e9ea0331ef3a5024a219f708
Worldview3.rsrc,3770,0x0eba,3770 Tac COA MN 20 Sweden.24,0,0,52,72,6000,ed6966222818186cfd8c5681306e9fafe76274db088dc593d3f83a22257b1464
Worldview3.rsrc,3771,0x0ebb,3771 Tac COA MN 21 Serbia.24,0,0,52,72,5968,3d15907e86e6e0233d0a16bf6545b1ba5d456ef4246bfacd04efca05b8ba91ad
Worldview3.rsrc,3772,0x0ebc,3772 Tac COA MN 22 Greece.24,0,0,52,72,5972,65d0fafca5e09126499df3a037e0534d4c772d0b830772c0ff6ba7b25e38dda2
Worldview3.rsrc,3821,0x0eed,3821 France Wins.24,0,0,235,350,80160,3e2bd1cba2613b0690719ad8ffc13fb474b4741326583327bf27ace9084823f7
Worldview3.rsrc,3822,0x0eee,3822 Austria Wins.24,0,0,235,350,80896,de2c27d4911124ca7722f782a0330d3d4ef257a680c574863423182cc86fc29b
Worldview3.rsrc,3823,0x0eef,3823 Turkey Wins.24,0,0,235,350,80106,b0bcc47361449393557c1274d56a71303167cbda834a2995bfdc630abd7f4f68
Worldview3.rsrc,3824,0x0ef0,3824 Russia Wins.24,0,0,235,350,80358,34663f74f09e6f271e8487a016e960458488c0872e8a581bd24650829281f4af
Worldview3.rsrc,3825,0x0ef1,3825 Prussia Wins.24,0,0,235,350,79950,8a0b7dd039c625ad77ed348f8db1a23c07cf51f55cebc8f51d924e1302594365
Worldview3.rsrc,3826,0x0ef2,3826 Italy Wins.24,0,0,235,350,80626,2f1b9e9cce280b0a37009539f0341248717df8926fa41a34a7fbff0f7693e1c0
Worldview3.rsrc,3827,0x0ef3,3827 Britain Wins.24,0,0,235,350,80718,74c6927b18f3c85997a39cc61c284d08d89cb18732b59b33628187639d8ca20b
Worldview3.rsrc,3835,0x0efb,3835 France Loses.24,0,0,235,350,79538,d3701b3c2f31a2b4620d285a4d764a5297f269dc97766689f930e50f977d8aef
Worldview3.rsrc,3836,0x0efc,3836 Austria Loses.24,0,0,235,350,79682,17fabf4ccf2cb7e15f7f12e02da958094f3fe6a26749668db9aef0090f412e51
Worldview3.rsrc,3837,0x0efd,3837 Turkey Loses.24,0,0,235,350,79278,dab8f096dfa38eff02e03954d1e6babfa50eb2781c0333779add971198f02f6b
Worldview3.rsrc,3838,0x0efe,3838 Russia Loses.24,0,0,235,350,79638,0a86af880b47c05dc79f588f8d637c42a5a3db2d0c19974f5334720e76e66116
Worldview3.rsrc,3839,0x0eff,3839 Prussia Loses.24,0,0,235,350,79480,a7dc916fb9834a897625f97029e46abaa7a9ddb20206171f796bcd3a453423d4
Worldview3.rsrc,3840,0x0f00,3840 Italy Loses.24,0,0,235,350,79586,6c7229b480716d393dff2ece738eb1ad26f8e84f7f3e16344800b2133a209280
Worldview3.rsrc,3841,0x0f01,3841 Britain Loses.24,0,0,235,350,79850,aa92d70db9e8483d34fc11f6c7015e96c9b5b6b42c4abb08dd5f30fa29414965
Worldview3.rsrc,4311,0x10d7,4311 Status COA France.24,0,0,35,52,4050,ac595e5a2289128d55f7d3746da3fce3c9b87b351ef6428e292dee51669ef9a9
Worldview3.rsrc,4312,0x10d8,4312 Status COA Austria.24,0,0,35,52,4068,aeb23e87b881d7acada9d8cd199024ade7293c88bf6c33f0a7c2da263ac57290
Worldview3.rsrc,4313,0x10d9,4313 Status COA Turkey.24,0,0,35,52,4058,653317d31c03f6165d0a4cf5aba580ab34b874c06763e7629795d08ddd6ab805
Worldview3.rsrc,4314,0x10da,4314 Status COA Russia.24,0,0,35,52,4106,eb68e2a0b97ef14f13ec497e1ec2f6294e31f49ae3e6f593050fbbbc695e8a23
Worldview3.rsrc,4315,0x10db,4315 Status COA Prussia.24,0,0,35,52,4072,b3080983271eee59bc4bef7e03997a7435eb6c68ca96e63817d410b1e8b1c077
Worldview3.rsrc,4316,0x10dc,4316 Status COA Italy.24,0,0,35,52,4090,6beef2623cf68e81ee631462572403b78f019e3dc8621f7455caf915b8728e7f
Worldview3.rsrc,4317,0x10dd,4317 Status COA Britain.24,0,0,35,52,4100,b637174c715413fd4f8ac2124f6522aa4443bec9acc7014e7fc30f6ed63ee5f1
Worldview3.rsrc,4357,0x1105,4357 CofGuvs COA France.24,0,0,56,84,6692,128fdc73f32733e86830931512918df6fa2f5c24903146811ac845c8a154d435
Worldview3.rsrc,4358,0x1106,4358 CofGuvs COA Austria.24,0,0,56,84,6722,5cd696e4943e48c9a91f32152a0b4d636fd31d00a0eb577d61adac84b6d2eb05
Worldview3.rsrc,4359,0x1107,4359 CofGuvs COA Turkey.24,0,0,56,84,6654,b11fe6ec22e780b0e73a7ec68cf8db7cb16fa7623e87c3ab861bed638ab544db
Worldview3.rsrc,4360,0x1108,4360 CofGuvs COA Russia.24,0,0,56,84,6788,256612d0c0e429b2e2dad3f95789c8a0cee6fd00d71d5f64131673d59adae499
Worldview3.rsrc,4361,0x1109,4361 CofGuvs COA Prussia.24,0,0,56,84,6672,58a5cf6f8b1faf43864ccc72e62b0ea3fe7962d6bde07ae526df371866c5bfad
Worldview3.rsrc,4362,0x110a,4362 CofGuvs COA Italy.24,0,0,56,84,6686,5ef1a879fed52b48c9e332066af339dc15aa28750ce9cf0d8c839ca9504240f3
Worldview3.rsrc,4363,0x110b,4363 CofGuvs COA England.24,0,0,56,84,6838,6300f768f75f5a7dcdef877f85badca47427d2c6219bad237ee3179a96625117
Worldview3.rsrc,4400,0x1130,4400 BR Flag GP0 France.24,0,0,26,20,2700,1dff47e582ddfe23d204e398e5f6d023e5b00ad0a53dd1fd3d2d9ba2c8c60c23
Worldview3.rsrc,4401,0x1131,4401 BR Flag GP1 Austria.24,0,0,26,20,2712,7af3bec59720ea28cbfc232c3b8f04a4103f35991cd50aa343e079d2addbcfb3
Worldview3.rsrc,4402,0x1132,4402 BR Flag GP2 Turkey.24,0,0,26,20,2696,caf5cae77d3de6382f1a3c71b740d01dc9f36139c5b7a7e0d1cac5ad604602a0
Worldview3.rsrc,4403,0x1133,4403 BR Flag GP3 Russia.24,0,0,26,20,2694,ae11d936f1ad14429077ee40ef153e7b5518297a15d31d3222ae61a8444c8a02
Worldview3.rsrc,4404,0x1134,4404 BR Flag GP4 Prussia.24,0,0,26,20,2662,ea92ba55fb994789ce3803344cdcb026169ce5836a3026105845221e080112c9
Worldview3.rsrc,4405,0x1135,4405 BR Flag GP5 Italy.24,0,0,26,20,2696,fbb4d115662a0404157701f32704a3a4a09c70de9974a83c496fe54434224c2d
Worldview3.rsrc,4406,0x1136,4406 BR Flag GP6 Britain.24,0,0,26,20,2724,8c21da683a9d9bc09f1909451ac2f7b11021eb19568557ae567b6c63c5d75f2e
Worldview3.rsrc,4407,0x1137,4407 BR Flag MN07 Portugal.24,0,0,26,20,2684,b2501a72c3b517f348a531e66340746691332f55e398b0868d9e7a7656f091e0
Worldview3.rsrc,4408,0x1138,4408 BR Flag MN08 Spain.24,0,0,26,20,2692,226e4968534ca0bfa17e8f90f487c4baabcc3d3010f2663b25f997f841d4666d
Worldview3.rsrc,4409,0x1139,4409 BR Flag MN09 Catalonia.24,0,0,26,20,2722,a906e9226194ee869da7a9174116d8d1b607fccd4fb9caef8937b4a29ea79aff
Worldview3.rsrc,4410,0x113a,4410 BR Flag MN10 Morocco.24,0,0,26,20,2706,830342d195066235f3111486a7c303274075aee4ffdee3621667103869bf8a19
Worldview3.rsrc,4411,0x113b,4411 BR Flag MN11 N.Africa.24,0,0,26,20,2718,68f4841262b4d2e569cdcc4277eab5bbd2801cf44824d81587ae8c938d742b6d
Worldview3.rsrc,4412,0x113c,4412 BR Flag MN12 Bulgaria.24,0,0,26,20,2716,74a5e26446b953c7024848f61c184c837dadff1641050a6fda8800157edf639e
Worldview3.rsrc,4413,0x113d,4413 BR Flag MN13 Romania.24,0,0,26,20,2706,ecb80a5aa3bd6a397d380cf97f6834e3a0aa63a1d060d3c182bf84b6db4d52f5
Worldview3.rsrc,4414,0x113e,4414 BR Flag MN14 Egypt.24,0,0,26,20,2726,d2f0f1a855be36558dc3d10053375bc7b6f26e2f3075e316c13b928b8f7b11c2
Worldview3.rsrc,4415,0x113f,4415 BR Flag MN15 Albania.24,0,0,26,20,2694,09ce3914ecd430dc1d04531fe2a2fb0e0cf2771738604f30770670b0d3f8a31c
Worldview3.rsrc,4416,0x1140,4416 BR Flag MN16 Switz.24,0,0,26,20,2720,fde5bf7b271b05122f4850d76f63799b53994644fe06af23bf58217a3db295bc
Worldview3.rsrc,4417,0x1141,4417 BR Flag MN17 Nether.24,0,0,26,20,2696,049193805e231c5526a410ff8f00abfc308068857168c1884b57150b7b872bbd
Worldview3.rsrc,4418,0x1142,4418 BR Flag MN18 Libya.24,0,0,26,20,2682,e62ab4cb32d0f6c60b407f514151cdb8772f951243fdc8b1c2ddbf084eab66b8
Worldview3.rsrc,4419,0x1143,4419 BR Flag MN19 Denmark.24,0,0,26,20,2696,1f32ee9c48589de232878c52c234b1528d280a4b61bb0999a340c36caede3966
Worldview3.rsrc,4420,0x1144,4420 BR Flag MN20 Sweden.24,0,0,26,20,2714,96e4468d28dcd3ce042294fa1258e00fec67389c4502dd5faf15c3ed7dc69f28
Worldview3.rsrc,4421,0x1145,4421 BR Flag MN21 Serbia.24,0,0,26,20,2720,1ab1f1ef75f23ad65962b5e18c6c54a4ee43e5a88a771d956e00d9b76255adb8
Worldview3.rsrc,4422,0x1146,4422 BR Flag MN22 Greece.24,0,0,26,20,2720,6846e7251a20079595078dd5f42062c34ee3e0794422a740210d713cb14d83e5
Worldview3.rsrc,4423,0x1147,4423 BR 1st COA GP0 France.24,0,0,64,86,7306,bdcb1cbb50a97c81b353fe5c158fdebd1383231312424e1383e89db2d176c74a
Worldview3.rsrc,4424,0x1148,4424 BR 1st COA GP1 Austria.24,0,0,64,86,7342,560fe5a83323eaff27699cd7af5714eb74a6fc0e9f55a2dd9ecc2a88a33510ea
Worldview3.rsrc,4425,0x1149,4425 BR 1st COA GP2 Turkey.24,0,0,64,86,7286,9e2dff32d4d42dc2558c895689620cfbcdc691dac40f7d3dc3eb8907b2b46fba
Worldview3.rsrc,4426,0x114a,4426 BR 1st COA GP3 Russia.24,0,0,64,86,7398,1dabdb0009c542ada02665faeee7b9a0a4b4fbd3e941a801ec9dfe2e55bdab63
Worldview3.rsrc,4427,0x114b,4427 BR 1st COA GP4 Prussia.24,0,0,64,86,7292,2fcde5585f80b6712392a59be6127067615f5951d658ff8ca5573641e19860cb
Worldview3.rsrc,4428,0x114c,4428 BR 1st COA GP5 Italy.24,0,0,64,86,7298,362ecab940d5f5f45045c1737382becc67e09bf59434571c762cef4b3e767f65
Worldview3.rsrc,4429,0x114d,4429 BR 1st COA GP6 Britain.24,0,0,64,86,7446,d70c2d472d6486975d04aa1f28cd25b3bc431b8248ccde03f18aa9da835f8339
Worldview3.rsrc,4430,0x114e,4430 BR 3rd COA GP0 France.24,0,0,64,86,7110,8f589a00d870b6f970351fb6c371c067b00da1ff32de3a86113b635ffd4a947e
Worldview3.rsrc,4431,0x114f,4431 BR 3rd COA GP1 Austria.24,0,0,64,86,7138,19f3ff054a590f4b322db207d691d4d36e48b05188534e15c36ed97c466ed802
Worldview3.rsrc,4432,0x1150,4432 BR 3rd COA GP2 Turkey.24,0,0,64,86,7090,33f25015db32553b4c775a989c08bf0ea19f446793198fb106d94aa4e972e01a
Worldview3.rsrc,4433,0x1151,4433 BR 3rd COA GP3 Russia.24,0,0,64,86,7208,d6cd791a3a0dd68ca425b57173f95d96da7b6320da0e92ae55e20468d30d95a2
Worldview3.rsrc,4434,0x1152,4434 BR 3rd COA GP4 Prussia.24,0,0,64,86,7110,9bfcaa521e05e1db2968bcccf9756ad05e7939ea94fcc75c9f5da2c3440e9e31
Worldview3.rsrc,4435,0x1153,4435 BR 3rd COA GP5 Italy.24,0,0,64,86,7096,2be3f0a96739f852ecf9b5410111ba39630e775c12f1205de0a96e8dfa1e2642
Worldview3.rsrc,4436,0x1154,4436 BR 3rd COA GP6 Britain.24,0,0,64,86,7250,2963dbef32386f90a60c4c9b10e3365bf3b3edce45a71d5a3ddcad669afdec68
Worldview3.rsrc,4437,0x1155,4437 BR 3rd COA MN07 Portugl.24,0,0,64,86,7078,24a33facc4283029be0051a919e2f7bbc641448e03294259c15cf49204881d6f
Worldview3.rsrc,4438,0x1156,4438 BR 3rd COA MN08 Spain.24,0,0,64,86,7248,d1d0837a7e1542e1f46f04270c428d7c8a2c3efbc1eed296427945b5d935c1ca
Worldview3.rsrc,4439,0x1157,4439 BR 3rd COA MN09 Catalon.24,0,0,64,86,7212,33e53551928f950cb0d934abeffc315ef9cc9c8a93460274092c2e83666f2e21
Worldview3.rsrc,4440,0x1158,4440 BR 3rd COA MN10 Morocco.24,0,0,64,86,7096,098c0adb40edc6ccadc5cd3f70eb754f420cb7df0e7324d9f228c257eacc767d
Worldview3.rsrc,4441,0x1159,4441 BR 3rd COA MN11 N.Afric.24,0,0,64,86,7204,f2644e6eb4736dcb82d9b299b4c13713e79747d39b6fbb264434ca4264622dbe
Worldview3.rsrc,4442,0x115a,4442 BR 3rd COA MN12 Bulgar.24,0,0,64,86,7112,34e8d8658740e7e0d1edaca0d132e8aaad6f814b33eec8d9c43ee7fce60cc4b4
Worldview3.rsrc,4443,0x115b,4443 BR 3rd COA MN13 Romania.24,0,0,64,86,7208,471f60152c1cd4c0c2f9ff104d9fdd6082a885c056f3a2e175ea6d673e2c56a5
Worldview3.rsrc,4444,0x115c,4444 BR 3rd COA MN14 Egypt.24,0,0,64,86,7088,e9d3eef32e5c8412aa7fc2622c8da4c54654e6ff4b8f79f4b24ecc88eccb8275
Worldview3.rsrc,4445,0x115d,4445 BR 3rd COA MN15 Albania.24,0,0,64,86,7054,ba87f06a6b0744fb7646134903de854039db79f88a451a2c5772042da53c8c76
Worldview3.rsrc,4446,0x115e,4446 BR 3rd COA MN16 Switz.24,0,0,64,86,6912,623b81223b8d5161a1f7a3b6196846d6d24f53e647a8ce6ea081b5afbb56207f
Worldview3.rsrc,4447,0x115f,4447 BR 3rd COA MN17 Nether.24,0,0,64,86,7284,f744776a14d27b505828073adb054ca018585d031eea6a013f11c187cf8a9117
Worldview3.rsrc,4448,0x1160,4448 BR 3rd COA MN18 Libya.24,0,0,64,86,6716,b11ab3e2d5e4bf29de9c0ececdd6ebbbdbbc306d68c1fe5a171d2ceb2939dac1
Worldview3.rsrc,4449,0x1161,4449 BR 3rd COA MN19 Denmark.24,0,0,64,86,7158,833e9aa1cb4eefcb0a05080370df69f4449b594b77cce54617f4d965edc48cf9
Worldview3.rsrc,4450,0x1162,4450 BR 3rd COA MN20 Sweden.24,0,0,64,86,7276,7887756680a6f9e72b3816a2f05d781235fdbee4e133b186addbf03c1d561461
Worldview3.rsrc,4451,0x1163,4451 BR 3rd COA MN21 Serbia.24,0,0,64,86,7130,9dd2b8bbb9d7d668dffa956c380dbf457a7f0d93415f325143ec5e1d8dc8032d
Worldview3.rsrc,4452,0x1164,4452 BR 3rd COA MN22 Greece.24,0,0,64,86,7262,3bee1502cb0ada68086c59d417e587a5ac1091d6824878607b156d9111b9e447
Worldview3.rsrc,4550,0x11c6,4550 COA GP0 (Dk Blue).24,0,0,70,94,8190,c29d380814f483efd247559353090fd0c220ccd7c4c93299b8737ff81cedb854
Worldview3.rsrc,4551,0x11c7,4551 COA GP1 (Red).24,0,0,70,94,8306,227efeebb426b4a8eda34a6ee026903b01b4516abe3c4af735a62c05202c9fea
Worldview3.rsrc,4552,0x11c8,4552 COA GP2 (Purple).24,0,0,70,94,8322,f371ade03c05f93adb2e13b6b4c7110a857f3f18a2fd88f73bc35a8bb4ea7180
Worldview3.rsrc,4553,0x11c9,4553 COA GP3 (Cyan).24,0,0,70,94,8320,d3e29818c0bb8778e9399a0c6ae41c3a843deeeecfdd8db31fd6561aea4476ee
Worldview3.rsrc,4554,0x11ca,4554 COA GP4 (Orange).24,0,0,70,94,8170,fc8ea70d6a0dff2353944d43c93627daae37a03be169248f80cf89e806a81775
Worldview3.rsrc,4555,0x11cb,4555 COA GP5 (Green).24,0,0,70,94,8338,1c764ea3cd3e10339d50c72dc67305f0a5b96fbad2ff2e86eba24c599657a580
Worldview3.rsrc,4556,0x11cc,4556 COA GP6 (Yellow).24,0,0,70,94,8104,43f4a79d8238c71e570bebd327e05470e1ae8c1e389fc2a8a17d309a3cb6126e
Worldview3.rsrc,4611,0x1203,4611 France Flag (Multi).24,0,0,26,20,2600,7b63e56419e382e23c5bb312725c8a81667b06d091e45365d12003a7bad72b2f
Worldview3.rsrc,4612,0x1204,4612 Austria Flag (Multi).24,0,0,26,20,2586,a63c141a1e873fa825cbcfe262e249759b83c174d3111231d52afb17c84a5e71
Worldview3.rsrc,4613,0x1205,4613 Turkey Flag (Multi).24,0,0,26,20,2604,3c49fe59f2a0dcf5591865a8990ba0d5e5505829445927f7e8f12eef517078bf
Worldview3.rsrc,4614,0x1206,4614 Russia Flag (Multi).24,0,0,26,20,2622,59cec521f189a7211af04b7c0f48c95ed3860c67ee54e5e657cd0cd533a78b49
Worldview3.rsrc,4615,0x1207,4615 Prussia Flag (Multi).24,0,0,26,20,2554,a7497e1486b3903cedf3ce7d309fe30d82850f4e8b17c44be5cd172f3efa3e47
Worldview3.rsrc,4616,0x1208,4616 Italy Flag (Multi).24,0,0,26,20,2636,a4bc95c4f05bad0502e5fab37989ed729fd1ee6eeedb676d6a06535af6aed7a9
Worldview3.rsrc,4617,0x1209,4617 Britain Flag (Multi).24,0,0,26,20,2634,56a7eb1c0daa225da62c9355455e4d0a8b942dcc41b525f9308d95445ae0fa33
Worldview3.rsrc,4618,0x120a,4618 COA France.24,0,0,63,94,7302,369cfc6741a4dc1bf8db25ba9059f4e1efc858633a900120ef1966e663c1308c
Worldview3.rsrc,4619,0x120b,4619 COA Austria.24,0,0,63,94,7254,ab197cf8f758b99aa3d40adf0a0690203d427ad436aef37da01fb124d6dab44e
Worldview3.rsrc,4620,0x120c,4620 COA Turkey.24,0,0,63,94,7096,8896585b8196c5dc1997db8569d2019787dc2ea73ec5237467f8ac555f97ea2a
Worldview3.rsrc,4621,0x120d,4621 COA Russia.24,0,0,63,94,7356,3c35ec9b915e17069106ab315b41d3190386c491d9aa739c4f6ba545b821afa2
Worldview3.rsrc,4622,0x120e,4622 COA Prussia.24,0,0,63,94,7102,edc10126b8d6ee411a1ec23291cd4302b5f45b4f08bf5328a1dee2eb810ffc69
Worldview3.rsrc,4623,0x120f,4623 COA Italy.24,0,0,63,94,7196,926483142af859c6dc6c01fcab8296313cf5552ad1fed5e54385da722167d849
Worldview3.rsrc,4624,0x1210,4624 COA Britain.24,0,0,63,94,7372,44d0cb91eee7e5f2b364bf895187c3766e0fd0da3ea27ed2b2ada71d9f99ceab
Worldview3.rsrc,4651,0x122b,4651 Chat Toggle Fra Slctd.24,0,0,29,22,2782,37175151ce0fcd16aeb550b289974036a34e9a0c4585eed50cd08ef6cf3fee57
Worldview3.rsrc,4652,0x122c,4652 Chat Tgl Fra Slctd Dn.24,0,0,29,22,2758,343441f759c1aaa6c0fcc553b83696eb4fb1345cf1231ef9bc378d4809556dbf
Worldview3.rsrc,4653,0x122d,4653 Chat Tgl Fra Unslctd.24,0,0,29,22,2796,df97eb4989aad1be62ddb6485a9b0b597d9ab2adca26ce39b592a40a7c61e51d
Worldview3.rsrc,4654,0x122e,4654 Cht Tgl Fra Unslctd Dn.24,0,0,29,22,2768,4fd48ee9e386ce1b2e3104db5fc978cbc2bc0aff3f5499f656c69833e4bdf686
Worldview3.rsrc,4655,0x122f,4655 Chat France Grey.24,0,0,29,22,2750,d9f80c309e34d11457c396bf45ad2738c67332d5f7af3e76b628451a5b5141c4
Worldview3.rsrc,4656,0x1230,4656 Chat Tgl Aus Slctd.24,0,0,29,22,2772,98d82bcbee32b69cb52c842e4c73aa82f6a4aa1034269c5be7f092ca4df27fa7
Worldview3.rsrc,4657,0x1231,4657 Chat Tgl Aus Slctd Dn.24,0,0,29,22,2744,61c66014b17237dae9c40ccbaae04c5046c34cf7af338872058dd388d51ee785
Worldview3.rsrc,4658,0x1232,4658 Chat Tgl Aus Unslctd.24,0,0,29,22,2780,eabadbec0342e0fceb9002f580ba1c95767243092ee5a77e9b07a1201b0edc8d
Worldview3.rsrc,4659,0x1233,4659 Chat Tgl Aus Unslctd Dn.24,0,0,29,22,2746,f403509c6f5bd04ceafee0dc89de4e63cf7442a361657ad37609e05abdaa6327
Worldview3.rsrc,4660,0x1234,4660 Chat Austria Grey.24,0,0,29,22,2732,d6e8c1b1b8fa9371f7605d3469125374b662cca788f3ce9c23fc2d645349c821
Worldview3.rsrc,4661,0x1235,4661 Chat Tgl Turk Slctd.24,0,0,29,22,2770,8d37575c724d939acdf32e336ab872184a44ea5c895cbf2468b5214507c5d380
Worldview3.rsrc,4662,0x1236,4662 Chat Tgl Turk Slctd Dn.24,0,0,29,22,2742,3666c2e4541605d560fffedbe88c2af2f1c07ef5f400279f0e26b7763955d606
Worldview3.rsrc,4663,0x1237,4663 Chat Tgl Turk Unslctd.24,0,0,29,22,2780,5128c831b018627e52dec9c0d2510d57de5714783cb4b23db7f6c3096ec9e85b
Worldview3.rsrc,4664,0x1238,4664 Cht Tgl Turk Unslctd Dn.24,0,0,29,22,2750,468e989d3e1e90c7c5fea79dbbd1c4efe0d59adabb700aa151338cf8fa2854ef
Worldview3.rsrc,4665,0x1239,4665 Chat Turkey Grey.24,0,0,29,22,2718,d68f388b7b1474492016575d6ebfe18ad1a588a070c1a236fffa0556a697fed6
Worldview3.rsrc,4666,0x123a,4666 Cht Tgl Rus Slctd.24,0,0,29,22,2778,d302bcb63fa674992d494156225b93c765be2d09f0852040d2ad0a13f93ac928
Worldview3.rsrc,4667,0x123b,4667 Cht Tgl Rus Slctd Dn.24,0,0,29,22,2754,4ba3799947059aa26bf633791db6b986a7cf6b23d126b95e3647c1c33292c89f
Worldview3.rsrc,4668,0x123c,4668 Cht Tgl Rus Unslctd.24,0,0,29,22,2786,c137eb868f6d9c38c458f40d682e3b92789175788f4c727054df51ad090b4a78
Worldview3.rsrc,4669,0x123d,4669 Cht Tgl Rus Unslctd Dn.24,0,0,29,22,2758,4d32100a29c6cde8844ab56702a85c8fefaa72572d7bc1058b618bc9c1dc954f
Worldview3.rsrc,4670,0x123e,4670 Cht Russia Grey.24,0,0,29,22,2738,6077f38f475849a2172ba7ee6f978b84c9a1eb3000dbac9032758cb75cc7da30
Worldview3.rsrc,4671,0x123f,4671 Cht Tgl Pru Slctd.24,0,0,29,22,2732,cf87e08350a3fa8e029ba818110d76ab632cf2e5fa213395df7c55fddaae6fe2
Worldview3.rsrc,4672,0x1240,4672 Cht Tgl Pru Slctd Dn.24,0,0,29,22,2700,e79258fea548734c23b4dc9b0bf1ce2fd9036e9d8817d9aab8db628c4c090da7
Worldview3.rsrc,4673,0x1241,4673 Cht Tgl Pru Unslctd.24,0,0,29,22,2742,72f647d360522608939b60a7c0bc73c63ce08405b391f1904df36f26323690a1
Worldview3.rsrc,4674,0x1242,4674 Cht Tgl Pru Unslctd Dn.24,0,0,29,22,2706,0c0eeeaef36c8b871ec6f9adb9e53d72eefc25d3b32d467cff400166af310aca
Worldview3.rsrc,4675,0x1243,4675 Chat Prussia Grey.24,0,0,29,22,2690,1f6853555f716156bb9ca75b689043dcc38f3691295a4c5dbecd9ab8a5d197dd
Worldview3.rsrc,4676,0x1244,4676 Cht Tgl Itl Slctd.24,0,0,29,22,2786,3a5a25ce40e123f6435beb48abb26f9ebadef4986f05ba939ddcfc9d0cb5e498
Worldview3.rsrc,4677,0x1245,4677 Cht Tgl Itl Slctd Dn.24,0,0,29,22,2762,a3fa8e91cc83e2aee8b36a2590f0faba8b297f59c5d2b9f614ed423642e2c0da
Worldview3.rsrc,4678,0x1246,4678 Cht Tgl Itl Unslctd.24,0,0,29,22,2792,44df037b2705379f8ea963ef8bdbda12c725a27804e35301b2ceeac821e387bd
Worldview3.rsrc,4679,0x1247,4679 Cht Tgl Itl Unslctd Dn.24,0,0,29,22,2766,71f2dc7c7126013f806a982e29296afff2a885fcc0dd36fbbf38688db326540e
Worldview3.rsrc,4680,0x1248,4680 Chat Italy Grey.24,0,0,29,22,2756,536f97b1b508e3edf3213dba9610b39e232741de5c4a9bf98a561b582a5ea08d
Worldview3.rsrc,4681,0x1249,4681 Chat Toggle Brit Slctd.24,0,0,29,22,2792,3f33f96865c9bae829dcec9dfc1189aaa9f23d88684a49f1c971c8cb30fe9294
Worldview3.rsrc,4682,0x124a,4682 Cht Tgl Brit Slctd Dn.24,0,0,29,22,2764,69732b8366ea7cb6c38fc61d6209fa54b7c435e617e7a9aba1e203be3222df9f
Worldview3.rsrc,4683,0x124b,4683 Chat Tgl Brit UnSlctd.24,0,0,29,22,2802,227b95b6d0b566e4c8138ceaf33e084d1f6d21eb873d3792f2097f91c2ba4ef2
Worldview3.rsrc,4684,0x124c,4684 Cht Tgl Brit Unslctd Dn.24,0,0,29,22,2774,734bbc3083df89af5f00cea518adb9c44b0fcc62a75378994a7c7dddeaf1e242
Worldview3.rsrc,4685,0x124d,4685 Chat Brit Grey.24,0,0,29,22,2756,d454662f4f2e17fa68271943bf6575aab36835556528bb9b85ed1eb4f788cc93
Worldview3.rsrc,5011,0x1393,5011 Info Info Euro.24,0,0,241,117,26046,53bdb3938f04271299679febce7756bd3c31278adad3bb5ef3fe325f0d8c5540
Worldview3.rsrc,8699,0x21fb,8699 Trade Flags 1882.24,0,0,736,24,13934,f47cee305ae43f8c4b5ffdb9466016f67aead6eb5469bfeddd535f7bfcd1ba37
Worldview3.rsrc,8700,0x21fc,8700 Flag.m3C,0,0,81,61,4258,f3e787c4392ef55a8eb79c3e39bfc4a434eedc779c666691715d01f36f2b417d
Worldview3.rsrc,8701,0x21fd,8701 Flag.m3C,0,0,81,61,4522,41aede69ce2e40de2e69d1fb7f67c2be4ab4729173274f719b06d4c17b25339a
Worldview3.rsrc,8702,0x21fe,8702 Flag.m3C,0,0,81,61,4548,cbe3693db5d665c183f805fdb32f606f4d1e5fc7fea42f1921f96786edf1b6ba
Worldview3.rsrc,8703,0x21ff,8703 Flag.m3C,0,0,81,61,4486,e66ee1cbddf9457ae1b0a020c3b655ed645f29d4a2e953110666bc0d97bf1a67
Worldview3.rsrc,8704,0x2200,8704 Flag.m3C,0,0,81,61,4336,0838e55b3cfc73945fc2a1f3bf4e592e697c36deacedc1afd766a3c0bd7e6e73
Worldview3.rsrc,8705,0x2201,8705 Flag.m3C,0,0,81,61,4496,6124623beedab03cbcbebdc92c91d4c1805defb9d7230dbd985d6b218509e564
Worldview3.rsrc,8706,0x2202,8706 Flag.m3C,0,0,81,61,4174,ffc809fa3409d1d459814e4cbd2a4bccb7536875fbc9c7c085bc4e16d4cdb841
Worldview3.rsrc,8707,0x2203,8707 Flag.m3C,0,0,81,61,4422,5344e411c8708e410aa185e135beb92b65704b0d5167824f74ec6c0c6c03eca5
Worldview3.rsrc,8708,0x2204,8708 Flag.m3C,0,0,81,61,4434,6e7759afa7bdcecaeb8ed22aa4ba2d577ea03c7dc54b4e6225ce64c015f29a5e
Worldview3.rsrc,8709,0x2205,8709 Flag.m3C,0,0,81,61,4394,ec469d33cc94d0dbc2b600f4c9c62265a690c38d7ed73587635f2e6c34c001ab
Worldview3.rsrc,8710,0x2206,8710 Flag.m3C,0,0,81,61,4464,f490883275fcd616bc74d10a94f03f6153a43499541f3846ec39651752a6ef2b
Worldview3.rsrc,8711,0x2207,8711 Flag.m3C,0,0,81,61,4350,f782a8152a2721f06bf76caf809bd3a08ea6882b659dd787c1a4a88616fcb650
Worldview3.rsrc,8712,0x2208,8712 Flag.m3C,0,0,81,61,4472,3fed0d119811bc6232628d1fcd16784bac1e605ed614ab379593b0ba624a1398
Worldview3.rsrc,8713,0x2209,8713 Flag.m3C,0,0,81,61,4302,f275a6d694fdaf238e3a5b1096132ae18666db81a5f847787dfefc4506220f77
Worldview3.rsrc,8714,0x220a,8714 Flag.m3C,0,0,81,61,4378,e1b83220ae584382198153eecb174b33cc52cf5df2ac0cf10b5f899ef4c26038
Worldview3.rsrc,8715,0x220b,8715 Flag.m3C,0,0,81,61,4444,679aa087b2e83a2c17eeb93a54c3cf7b3f97736522f95a447e85e59f10051dce
Worldview3.rsrc,8716,0x220c,8716 Flag.m3C,0,0,81,61,4392,b1d6d5fe34f85f4a228bd9817be927889e3a42f7c868cd3c338668ef0f7b29a1
Worldview3.rsrc,8717,0x220d,8717 Flag.m3C,0,0,81,61,4234,8381d42cab2ce67274b3f23bc535c39c0f6cf918137f66aa89d62ecd2dc1a898
Worldview3.rsrc,8718,0x220e,8718 Flag.m3C,0,0,81,61,4520,9591d042440f69b0c9c45ffd2cfa0e02b1a4fb31f703c6f81f0c749a0d8a8a30
Worldview3.rsrc,8719,0x220f,8719 Flag.m3C,0,0,81,61,4106,7ecb21446c63d05491adf596ce6756c652cebb944eef9b738656a7923c9e45da
Worldview3.rsrc,8720,0x2210,8720 Flag.m3C,0,0,81,61,4260,86ccdc2c2904c0c3a4c8ee20f39ba792fbd89a0720f31a82ae2d3a1a5dd1522c
Worldview3.rsrc,8721,0x2211,8721 Flag.m3C,0,0,81,61,4378,85af244aaa578fbc7a10339e03b931f875ac5f6ab7b54f7000cdddf6e5097477
Worldview3.rsrc,8722,0x2212,8722 Flag.m3C,0,0,81,61,4366,83832c4a3b63db0e0821eb85c694635612a7dea3805c9468da0cf178fae9dcdc
Worldview3.rsrc,9500,0x251c,9500 COA France (6 Mar).24,0,0,84,125,12230,914999e4c12d4a1d20d85241039a92a24c29247d7d7fe699f8c781f1178cff60
Worldview3.rsrc,9501,0x251d,9501 COA Austria (6 Mar).24,0,0,84,125,12416,4989a82835aa37ad3b2e745380ca97b3518d26d1077f8cc47a51884e9d54682a
Worldview3.rsrc,9502,0x251e,9502 COA Turkey (6 Mar).24,0,0,84,125,12180,415f0314a1ab075da79ed9e9d3a4e2d1a5053ab8fd87d543477a2e7e86ee6bb2
Worldview3.rsrc,9503,0x251f,9503 COA Russia (6 Mar).24,0,0,84,125,12590,a5d5114e2d899c1ceed1e4ffbcbf42163dd08df18e3b608c4fcbafb1a86c754d
Worldview3.rsrc,9504,0x2520,9504 COA Prussia (6 Mar).24,0,0,84,125,12214,bb6ddf3497a8f037fe5d43ac788213538d15011fad6f31a87168133a2db1b7a0
Worldview3.rsrc,9505,0x2521,9505 COA Italy.24,0,0,84,125,12298,13b01c87e43229cfec945ab781713cddc238d3cb0ac0058cf6f5c2438415a968
Worldview3.rsrc,9506,0x2522,9506 COA Britain (6 Mar).24,0,0,84,125,12582,badde3051fd89857c9c5c966722c7b11966e3fa910a36ce5f3214b8c6953229b
