"resource_file","group_id","group_id_hex","group_name","string_index","text"
"Armory.rsrc","4000","0x0fa0","","1","Static Text"
"Armory.rsrc","4000","0x0fa0","","2","$10,000"
"Armory.rsrc","4000","0x0fa0","","3","Armory"
"Armory.rsrc","4000","0x0fa0","","4","Yes"
"Citydlog.rsrc","4000","0x0fa0","","1","InsufficientMaterials"
"Citydlog.rsrc","5001","0x1389","","1","-or-"
"Citymain.rsrc","3300","0x0ce4","","1","Winter, 1888"
"Citymain.rsrc","3300","0x0ce4","","2","$55,555"
"Citymain.rsrc","9110","0x2396","City building advice (int)","1","Your excellency:With new discoveries and industries shaking the world, our great nation must develop internally so we can face foreign empires from a position of strength.  Lumber and steel are the twin pillars of rapid advancement."
"Citymain.rsrc","9110","0x2396","City building advice (int)","2","Consequently, I reccomend constructing industry as follows:Lumber mill - capacity 4; Furniture factory - capacity 1Steel mill - capacity 4; Metalwork Factory - capacity 1Textile mill - capacity 2; Clothing factory - capacity 1"
"Citymain.rsrc","9110","0x2396","City building advice (int)","3","We must rapidly locate and exploit the resources of our nation.  I believe our university should educate 2 prospectors, 2 miners, and 1 engineer.  In the armory we should create 2 infantry regiments for defense."
"Citymain.rsrc","9110","0x2396","City building advice (int)","4","Since a small amount of global trade is necessary, our shipyard should be ordered to build one ship of the line and two indiamen."
"Citymain.rsrc","9111","0x2397","City building advice (def)","1","Your Excellency:The world, unfortunately, is a hostile place.  We need to protect ourselves adequately before engaging in foreign entanglements.  To maximize the growth of the arms industry, I reccomend constructing industry as follows:"
"Citymain.rsrc","9111","0x2397","City building advice (def)","2","Lumber mill - capacity 4Steel mill - capacity 4; Metalwork factory - capacity 2Textile mill - capacity 2"
"Citymain.rsrc","9111","0x2397","City building advice (def)","3","Our university should educate 1 engineer, 1 miner, and 1 prospector to immediately expand our iron and coal mines.  The armory should recruit 2 cavalry regiments for scouting our borders and 2 infantry regiments for close defense of the capital."
"Citymain.rsrc","9111","0x2397","City building advice (def)","4","The shipyard should be ordered to build 1 frigate for showing the flag at distant ports, 1 ship of the line for protection or our home waters, and 3 traders. "
"Citymain.rsrc","9112","0x2398","City building advice (for)","1","Your Excellency:We must dominate world trade to gain colonies and allies.  This requires a large merchant fleet and plentiful consumer goods to sell.  Consequently, I recommend constructing industry as follows:"
"Citymain.rsrc","9112","0x2398","City building advice (for)","2","Lumber mill - capacity 2; Furniture Factory - capacity 1Steel mill - capacity 2; Metalwork factory - capacity 1Textile mill - capacity 4; Clothing factory - capacity 2"
"Citymain.rsrc","9112","0x2398","City building advice (for)","3","Since we want to maximize the production in our city, our university should educate only two workers: 1 prospector and 1 engineer.  The armory should recruit 1 artillery regiment, 1 cavalry regiment, and 2 infantry regiments for exploration and defense."
"Citymain.rsrc","9112","0x2398","City building advice (for)","4","The shipyard should create 4 Indiamen, representing the largest merchant capacity we can create."
"Citymain.rsrc","9207","0x23f7","Ship Info","1","These ships represent a wide variety of early 19th century wooden merchant vessels.  Traders are fairly slow, defenseless, and have a small carrying capacity.  Their one virtue is their extremely low price."
"Citymain.rsrc","9207","0x23f7","Ship Info","2","These large slow ships transported trade goods and important passengers between Europe and the Far East. Armed with a few cannons to fend off a weak pirate, they are incapable of defending themselves against a ship of the line or a frigate. "
"Citymain.rsrc","9207","0x23f7","Ship Info","3","Constructed with one deck of cannons, frigates were used as scouts, raiders, and escorts. One frigate, the 44-gun U.S.S. Constitution,  defeated two British ships during the War of 1812, earning the nickname “Old Ironsides”.   "
"Citymain.rsrc","9207","0x23f7","Ship Info","4","Bristling with up to 130 smoothbore cannons arranged on two or three gun decks, they were the most powerful vessels in the world until the middle of the 19th Century.  The most famous example is the H.M.S. Victory, Nelson’s flagship at Trafalgar (1805)."
"Citymain.rsrc","9207","0x23f7","Ship Info","5","A paddle wheel driven by early steam engines powers this fairly large and efficient merchant vessel.  Although faster than earlier sailing vessels, these early steamers could not compete with a clipper for speed."
"Citymain.rsrc","9207","0x23f7","Ship Info","6","Early scientific studies of hull design led to the clipper ships that revolutionized world trade with their amazing speed.  Clippers are more likely than other merchant ships to run a blockade successfully or to escape from hostile fleets."
"Citymain.rsrc","9207","0x23f7","Ship Info","7","By using steam engines to drive paddle wheels, these wooden  vessels are fast scouts and commerce raiders.  Their few cannon are rifled breech loaders.  Too weak to fight in the line of battle,  they use reliable steam power to escape larger vessels."
"Citymain.rsrc","9207","0x23f7","Ship Info","8","Conservative thinking and ship instability prevented the construction of sea-going ironclads until the 1850s. The H.M.S. Warrior (1859), for example, included both sails and a screw (propeller), and was armed with both smoothbore cannons and rifled guns. "
"Citymain.rsrc","9207","0x23f7","Ship Info","9","New long range guns allowed ironclad battleships to achieve command of the seas. Armed with four 80 ton guns in two huge rotating turrets, the H.M.S. Inflexible  revolutionized naval warfare and remained the strongest ship afloat throughout the 1880s.   "
"Citymain.rsrc","9207","0x23f7","Ship Info","10","Freighter are large steam-powered merchant vessels constructed mainly of iron. With their enormous carrying capacity,  these ships represent the most efficient means of sea transport in the nineteenth century."
"Citymain.rsrc","9207","0x23f7","Ship Info","11","Great Powers evolved armored cruisers in the late 19th century  to protect or attack merchant shipping.   Inexpensive to build, they are highly efficient.  Armored cruisers can sink  raiders or early ironclads by remaining out of their range."
"Citymain.rsrc","9207","0x23f7","Ship Info","12","Efficient steam turbines allowed dreadnoughts to boast greater speed and heavier armor. H.M.S. Dreadnought made all other battleships obsolete. Its armament of ten 12 inch guns could hit from a long range and with a heavier weight than earlier ships. "
"Citymain.rsrc","9207","0x23f7","Ship Info","13","The battle cruiser was conceived as a faster version of the dreadnought.  Quite successful at protecting and raiding merchant shipping,  it is risky for a battle cruiser to engage enemy dreadnoughts due to the cruiser’s lighter armor. "
"Citymain.rsrc","9208","0x23f8","Armory unit info","1","Infantry regiments are armed with short range, muzzle-loading smoothbore muskets.  They are slow on the march and are strongest when firing from fortifications or entrenchments."
"Citymain.rsrc","9208","0x23f8","Armory unit info","2","Cavalry regiments employ both a short range pistol and a saber.  These mounted troops are excellent scouts and can be effective when attacking unprotected or unsupported infantry."
"Citymain.rsrc","9208","0x23f8","Armory unit info","3","Artillery supports the other regiments in an army, and friendly infantry or cavalry must be present to protect the guns.  Although pulled by teams of horses or mules, these heavy cannons are slower then horse artillery. "
"Citymain.rsrc","9208","0x23f8","Armory unit info","4","Light cannons pulled by large horse teams for speed, horse artillery may be used like artillery but has the speed necessary to accompany moving cavalry. "
"Citymain.rsrc","9209","0x23f9","School info","1","Untrained laborers recently emigrated to the industrializing city from the agrarian counties.  From their farm experience, they view work as cyclical with time for rest and relaxation.  "
"Citymain.rsrc","9209","0x23f9","School info","2","Since they do not understand that the modern economy requires them to labor twelve hours a day, seven days a week, untrained workers are inefficient, rebellious, and unproductive.  Fortunately, the more recalcitrant can be conscripted into the army."
"Citymain.rsrc","9209","0x23f9","School info","3","With their experience of modern industry, trained workers are disciplined and efficient.  Entire families can be put to work,  laboring nearly non-stop in the factories and mills, which is of course, of great benefit to the growing industrial power."
"Citymain.rsrc","9209","0x23f9","School info","4","  Efficiency: 2 x UntrainedCost: 1 squad of untrained workers + 1 unit of paper + $100Career Path: expert worker, prospector, or miner"
"Citymain.rsrc","9209","0x23f9","School info","5","Expert workers have learned to operate complex machines and perform important crafts and trades; they are your most productive workers and therefore essential to the city’s growth.  Hugely efficient, they are no more demanding than mere trained workers."
"Citymain.rsrc","9209","0x23f9","School info","6","Efficiency: 4 x UntrainedCost: 1 squad trained workers + 2 units of paper + $1,000Career Path: engineer, forester, farmer"
"Diplo.rsrc","1509","0x05e5","","1","Static Text"
"Diplo.rsrc","1509","0x05e5","","2","Other Great Power"
"Diplo.rsrc","1509","0x05e5","","3","0"
"Diplo.rsrc","1509","0x05e5","","4","888"
"Diplo.rsrc","3300","0x0ce4","","1","Winter, 1888"
"Diplo.rsrc","3300","0x0ce4","","2","$55,555"
"FlagView.rsrc","1206","0x04b6","","1",""
"FlagView.rsrc","1206","0x04b6","","2",""
"FlagView.rsrc","1206","0x04b6","","3",""
"FlagView.rsrc","1206","0x04b6","","4",""
"FlagView.rsrc","1206","0x04b6","","5",""
"FlagView.rsrc","1206","0x04b6","","6",""
"FlagView.rsrc","1206","0x04b6","","7",""
"FlagView.rsrc","1206","0x04b6","","8",""
"FlagView.rsrc","1206","0x04b6","","9",""
"FlagView.rsrc","1206","0x04b6","","10",""
"FlagView.rsrc","1206","0x04b6","","11",""
"FlagView.rsrc","1206","0x04b6","","12",""
"FlagView.rsrc","1206","0x04b6","","13",""
"FlagView.rsrc","1206","0x04b6","","14",""
"FlagView.rsrc","1206","0x04b6","","15",""
"FlagView.rsrc","1206","0x04b6","","16",""
"FlagView.rsrc","1206","0x04b6","","17",""
"FlagView.rsrc","1206","0x04b6","","18",""
"FlagView.rsrc","1206","0x04b6","","19",""
"FlagView.rsrc","1206","0x04b6","","20",""
"FlagView.rsrc","1206","0x04b6","","21","Transport"
"FlagView.rsrc","1206","0x04b6","","22",""
"FlagView.rsrc","1206","0x04b6","","23","Construct Industry"
"FlagView.rsrc","1206","0x04b6","","24",""
"FlagView.rsrc","1206","0x04b6","","25","School"
"FlagView.rsrc","1206","0x04b6","","26","Reccomendations"
"FlagView.rsrc","2009","0x07d9","","1","0"
"FlagView.rsrc","2011","0x07db","","1",""
"FlagView.rsrc","2011","0x07db","","2","0"
"FlagView.rsrc","2011","0x07db","","3","Merchant Marine Capacity"
"FlagView.rsrc","2011","0x07db","","4","Textile Mill"
"FlagView.rsrc","2011","0x07db","","5","Clothing Factory"
"FlagView.rsrc","2011","0x07db","","6","Lumberyard"
"FlagView.rsrc","2011","0x07db","","7","Furniture Factory"
"FlagView.rsrc","2011","0x07db","","8","Oil Refinery"
"FlagView.rsrc","2011","0x07db","","9","Power Plant"
"FlagView.rsrc","2011","0x07db","","10","Steel Mill"
"FlagView.rsrc","2011","0x07db","","11","Metalworks Factory"
"FlagView.rsrc","2011","0x07db","","12","University"
"FlagView.rsrc","2011","0x07db","","13","Training Center"
"FlagView.rsrc","2011","0x07db","","14","Armory"
"FlagView.rsrc","2011","0x07db","","15","0/0"
"FlagView.rsrc","2011","0x07db","","16","Food Processing"
"FlagView.rsrc","2011","0x07db","","17","Warehouse"
"FlagView.rsrc","2011","0x07db","","18","Shipyard"
"FlagView.rsrc","2011","0x07db","","19","Construction Yard"
"FlagView.rsrc","2011","0x07db","","20","Show Units"
"FlagView.rsrc","2011","0x07db","","21","CottonWoolTimber"
"FlagView.rsrc","2011","0x07db","","22","CoalIronHorses"
"FlagView.rsrc","2011","0x07db","","23","GemsGold"
"FlagView.rsrc","2011","0x07db","","24","ProduceFishLivestock"
"FlagView.rsrc","2011","0x07db","","25","Local"
"FlagView.rsrc","2011","0x07db","","26","Untr Trnd Prof"
"FlagView.rsrc","2011","0x07db","","27","'Local' column shows  resources from areas near the city. The city acquires these resources automatically."
"FlagView.rsrc","2011","0x07db","","28","Rolling Stock"
"FlagView.rsrc","2011","0x07db","","29","OilGrain"
"FlagView.rsrc","2011","0x07db","","30","Rolling stock capacity = the  max amount of resources you can bring in by rail. "
"FlagView.rsrc","2011","0x07db","","31","Merchant marine capacity = the max amount of resources you can buy from anyone & sell to minor countries in one turn."
"FlagView.rsrc","3300","0x0ce4","","1","$55,555"
"FlagView.rsrc","3300","0x0ce4","","2",""
"FlagView.rsrc","3300","0x0ce4","","3","Winter, 1888"
"FlagView.rsrc","4000","0x0fa0","","1","Winter, 1994"
"FlagView.rsrc","5001","0x1389","","1","Deal Book"
"FlagView.rsrc","5001","0x1389","","2","Winter 1820"
"FlagView.rsrc","8310","0x2076","","1","$9,999"
"Linger.rsrc","0","0x0000","","1","Mission Snooper"
"Linger.rsrc","128","0x0080","error explanations","1","of a program error"
"Linger.rsrc","128","0x0080","error explanations","2","the disk is full"
"Linger.rsrc","128","0x0080","error explanations","3","the disk is locked"
"Linger.rsrc","128","0x0080","error explanations","4","there is not enough memory"
"Linger.rsrc","128","0x0080","error explanations","5","of a disk error"
"Linger.rsrc","128","0x0080","error explanations","6","the file is locked"
"Linger.rsrc","128","0x0080","error explanations","7","the file is already in use or was left open"
"Linger.rsrc","128","0x0080","error explanations","8","of a problem writing the print file"
"Linger.rsrc","128","0x0080","error explanations","9","the printer could not be found"
"Linger.rsrc","128","0x0080","error explanations","10","of a problem communicating with the printer"
"Linger.rsrc","128","0x0080","error explanations","11","its disk copy was deleted"
"Linger.rsrc","128","0x0080","error explanations","12","that document is currently open"
"Linger.rsrc","128","0x0080","error explanations","13","its disk copy was changed"
"Linger.rsrc","128","0x0080","error explanations","14","of a problem with the file server"
"Linger.rsrc","128","0x0080","error explanations","15","you do not have the necessary access privileges"
"Linger.rsrc","128","0x0080","error explanations","16","the selected printing resource could not be found"
"Linger.rsrc","128","0x0080","error explanations","17","of a problem with AppleTalk"
"Linger.rsrc","128","0x0080","error explanations","18","AppleTalk is not connected"
"Linger.rsrc","128","0x0080","error explanations","19","it is not the right kind of document"
"Linger.rsrc","128","0x0080","error explanations","20","the disk is not available"
"Linger.rsrc","128","0x0080","error explanations","21","there are too many files open"
"Linger.rsrc","128","0x0080","error explanations","22","the required resources were not found"
"Linger.rsrc","128","0x0080","error explanations","23","this feature is not implemented"
"Linger.rsrc","128","0x0080","error explanations","24","“^3”, an internal component, is missing"
"Linger.rsrc","128","0x0080","error explanations","25","an internal component is missing"
"Linger.rsrc","128","0x0080","error explanations","26","the Edition Manager isn't initialized"
"Linger.rsrc","128","0x0080","error explanations","27","there is a problem accessing the edition"
"Linger.rsrc","128","0x0080","error explanations","28","the specified format is not in the edition"
"Linger.rsrc","128","0x0080","error explanations","29","the edition is not a publisher"
"Linger.rsrc","128","0x0080","error explanations","30","there is a problem specifying the edition"
"Linger.rsrc","128","0x0080","error explanations","31","end of file"
"Linger.rsrc","128","0x0080","error explanations","32","file not found"
"Linger.rsrc","128","0x0080","error explanations","33","the printer file is used by another application or the Chooser"
"Linger.rsrc","129","0x0081","recovery strings","1","Use the “Get Info” command in the Finder to unlock the file."
"Linger.rsrc","129","0x0081","recovery strings","2","Use “Chooser” to select a printer and try again."
"Linger.rsrc","129","0x0081","recovery strings","3","Save using a different name, or close the document and try again."
"Linger.rsrc","129","0x0081","recovery strings","4","Try closing some windows and try again."
"Linger.rsrc","129","0x0081","recovery strings","5","Call Apple for a secret decoder ring."
"Linger.rsrc","129","0x0081","recovery strings","6","Try closing the Chooser."
"Linger.rsrc","129","0x0081","recovery strings","7","Call InitUEditionDocument()!"
"Linger.rsrc","130","0x0082","strings describing the operation","1","start the application"
"Linger.rsrc","130","0x0082","strings describing the operation","2","save “^3”"
"Linger.rsrc","130","0x0082","strings describing the operation","3","revert to the previous version of “^3”"
"Linger.rsrc","130","0x0082","strings describing the operation","4","print “^3”"
"Linger.rsrc","130","0x0082","strings describing the operation","5","create a new document"
"Linger.rsrc","130","0x0082","strings describing the operation","6","open “^3”"
"Linger.rsrc","130","0x0082","strings describing the operation","7","save as “^3”"
"Linger.rsrc","130","0x0082","strings describing the operation","8","save a copy in “^3”"
"Linger.rsrc","130","0x0082","strings describing the operation","9","display the contents of the window"
"Linger.rsrc","130","0x0082","strings describing the operation","10","make the clipboard available inside the application"
"Linger.rsrc","130","0x0082","strings describing the operation","11","make the clipboard available outside the application"
"Linger.rsrc","250","0x00fa","IDBuzzString","1","Save this document as:"
"Linger.rsrc","250","0x00fa","IDBuzzString","2","Save a copy in:"
"Linger.rsrc","250","0x00fa","IDBuzzString","3","Show Clipboard"
"Linger.rsrc","250","0x00fa","IDBuzzString","4","Hide Clipboard"
"Linger.rsrc","250","0x00fa","IDBuzzString","5","Undo <<<>>>"
"Linger.rsrc","250","0x00fa","IDBuzzString","6","Redo <<<>>>"
"Linger.rsrc","250","0x00fa","IDBuzzString","7","Unable to display contents at the moment"
"Linger.rsrc","250","0x00fa","IDBuzzString","8","untitled <<<>>>"
"Linger.rsrc","250","0x00fa","IDBuzzString","9","closing"
"Linger.rsrc","250","0x00fa","IDBuzzString","10","quitting"
"Linger.rsrc","250","0x00fa","IDBuzzString","11","Can’t Undo"
"Linger.rsrc","250","0x00fa","IDBuzzString","12","save"
"Linger.rsrc","250","0x00fa","IDBuzzString","13","revert"
"Linger.rsrc","250","0x00fa","IDBuzzString","14","Hide Borders"
"Linger.rsrc","250","0x00fa","IDBuzzString","15","Show Borders"
"Linger.rsrc","250","0x00fa","IDBuzzString","16","Subscriber Options…"
"Linger.rsrc","250","0x00fa","IDBuzzString","17","Publisher Options…"
"Linger.rsrc","250","0x00fa","IDBuzzString","18","untitled"
"Linger.rsrc","251","0x00fb","DebugBuzzStrings","1","Do First Click For This Window"
"Linger.rsrc","251","0x00fb","DebugBuzzStrings","2","Don't Do First Click For This Window"
"Linger.rsrc","251","0x00fb","DebugBuzzStrings","3","Set system to right justification"
"Linger.rsrc","251","0x00fb","DebugBuzzStrings","4","Set system to left justification"
"Linger.rsrc","251","0x00fb","DebugBuzzStrings","5","Continue performance monitor"
"Linger.rsrc","251","0x00fb","DebugBuzzStrings","6","Pause performance monitor"
"Linger.rsrc","252","0x00fc","kDebugErrorStrings","1","Level 7 Interupt"
"Linger.rsrc","252","0x00fc","kDebugErrorStrings","2","Bus error:  Invalid memory reference"
"Linger.rsrc","252","0x00fc","kDebugErrorStrings","3","Address error:  Word or long-word reference made to an odd address"
"Linger.rsrc","252","0x00fc","kDebugErrorStrings","4","Illegal instruction:  The processor received an instruction it didn't recognize."
"Linger.rsrc","252","0x00fc","kDebugErrorStrings","5","Zero divide:  Signed Divide (DIVS) or Unsigned Divide (DIVU) instruction with a divisor of 0 was executed."
"Linger.rsrc","252","0x00fc","kDebugErrorStrings","6","Check exception:  Check Register Against Bounds (CHK) instruction was executed and failed.  Pascal 'value out of range' errors are usually reported in this way."
"Linger.rsrc","252","0x00fc","kDebugErrorStrings","7","TrapV exception:  Trap On Overflow (TRAPV) instruction was executed and failed."
"Linger.rsrc","252","0x00fc","kDebugErrorStrings","8","Privilege violation:  Macintosh always runs in supervisor mode; perhaps an erroneous Return From Execution (RTE) instruction was executed."
"Linger.rsrc","252","0x00fc","kDebugErrorStrings","9","Trace exception:  The trace bit in the status register is set."
"Linger.rsrc","252","0x00fc","kDebugErrorStrings","10","Line 1010 exception:  The 1010 trap dispatcher has failed."
"Linger.rsrc","252","0x00fc","kDebugErrorStrings","11","Line 1111 exception:  Unimplemented instruction"
"Linger.rsrc","252","0x00fc","kDebugErrorStrings","12","Miscellaneous exception:  All other processor exceptions"
"Linger.rsrc","252","0x00fc","kDebugErrorStrings","13","Unimplemented core routine:  An unimplemented trap number was encountered."
"Linger.rsrc","252","0x00fc","kDebugErrorStrings","14","Spurious interrupt:  The interrupt vector table entry for a particular level of interrupt is NULL; usually occurs with level 4, 5, 6, or 7 interrupts."
"Linger.rsrc","252","0x00fc","kDebugErrorStrings","15","I/O system error:  The File Manager is attempting to dequeue an entry from an I/O request queue that has a bad queue type field."
"Linger.rsrc","252","0x00fc","kDebugErrorStrings","16","Segment Loader error:  A GetResource call to read a segment into memory failed."
"Linger.rsrc","252","0x00fc","kDebugErrorStrings","17","Floating point error:  The halt bit in the floating-point environment word was set."
"Linger.rsrc","252","0x00fc","kDebugErrorStrings","18","Can't load package 0:  A GetResource call to read a package into memory failed."
"Linger.rsrc","252","0x00fc","kDebugErrorStrings","19","Can't load package 1:  A GetResource call to read a package into memory failed."
"Linger.rsrc","252","0x00fc","kDebugErrorStrings","20","Can't load Disk Initialization package:  A GetResource call to read a package into memory failed."
"Linger.rsrc","252","0x00fc","kDebugErrorStrings","21","Can't load Standard File package:  A GetResource call to read a package into memory failed."
"Linger.rsrc","252","0x00fc","kDebugErrorStrings","22","Can't load Floating Point package:  A GetResource call to read a package into memory failed."
"Linger.rsrc","252","0x00fc","kDebugErrorStrings","23","Can't load Trancendentals package:  A GetResource call to read a package into memory failed."
"Linger.rsrc","252","0x00fc","kDebugErrorStrings","24","Can't load International Utilities package:  A GetResource call to read a package into memory failed."
"Linger.rsrc","252","0x00fc","kDebugErrorStrings","25","Can't load Binary-Decimal package:  A GetResource call to read a package into memory failed."
"Linger.rsrc","252","0x00fc","kDebugErrorStrings","26","Can't allocate requested memory block in the heap"
"Linger.rsrc","252","0x00fc","kDebugErrorStrings","27","Segment Loader error:  A GetResource call to read 'CODE' resource 0 into memory failed; usually indicates a nonexecutable file."
"Linger.rsrc","252","0x00fc","kDebugErrorStrings","28","File map destroyed:  A logical block number was found that's greater than the number of the last logical block on the volume or less than the logical block number of the first allocation block on the volume."
"Linger.rsrc","252","0x00fc","kDebugErrorStrings","29","Stack overflow error:  The stack has expanded into the heap."
"Linger.rsrc","252","0x00fc","kDebugErrorStrings","30","Negative ZcbFree value (Memory manager error.  See TN-151)"
"Linger.rsrc","252","0x00fc","kDebugErrorStrings","31","The file named 'Finder' can't be found on the disk."
"Linger.rsrc","252","0x00fc","kDebugErrorStrings","32","ShutDown Alert"
"Linger.rsrc","252","0x00fc","kDebugErrorStrings","33","Unserviceable slot interrupt"
"Linger.rsrc","252","0x00fc","kDebugErrorStrings","34","Bad opcode given to SANE package 4"
"Linger.rsrc","252","0x00fc","kDebugErrorStrings","35","Menu Manager tried to access a menu that's been purged."
"Linger.rsrc","252","0x00fc","kDebugErrorStrings","36","Menu bar not found"
"Linger.rsrc","252","0x00fc","kDebugErrorStrings","37","Menu find error"
"Linger.rsrc","252","0x00fc","kDebugErrorStrings","38","Can't mount system startup volume.  The system couldn't read the system resource file into memory."
"Linger.rsrc","252","0x00fc","kDebugErrorStrings","39","'Sorry, a system error occurred':  Default alert message"
"Linger.rsrc","252","0x00fc","kDebugErrorStrings","40","Mem Mgr Err"
"Linger.rsrc","252","0x00fc","kDebugErrorStrings","41","Unlisted error.  See IM III-205"
"Linger.rsrc","253","0x00fd","View strings","1","Clipboard"
"Linger.rsrc","254","0x00fe","Balloon Help String 1","1","Displays information about the version of the Calc application."
"Linger.rsrc","254","0x00fe","Balloon Help String 1","2","Displays information about the version of the Calc application."
"Linger.rsrc","254","0x00fe","Balloon Help String 1","3","Displays information about the version of the Calc application."
"Linger.rsrc","254","0x00fe","Balloon Help String 1","4","Edit menuUse this menu to undo your last action, to manipulate text or graphics, to select the entire contents of a document, and to show what’s on the Clipboard."
"Linger.rsrc","254","0x00fe","Balloon Help String 1","5","Edit menuUse this menu to undo your last action, to manipulate text or graphics, to select the entire contents of a document, and to show what’s on the Clipboard."
"Linger.rsrc","254","0x00fe","Balloon Help String 1","6","Undoes your last action if it involved cutting, clearing, pasting, or typing. "
"Linger.rsrc","254","0x00fe","Balloon Help String 1","7","Undoes your last action if it involved cutting, clearing, pasting, or typing. Not available because your last action cannot be undone."
"Linger.rsrc","254","0x00fe","Balloon Help String 1","8","Removes the selected text or graphics and places it temporarily into a storage area called the Clipboard."
"Linger.rsrc","254","0x00fe","Balloon Help String 1","9","Removes the selected text or graphics and places it temporarily into a storage area called the Clipboard. Not available because nothing is selected."
"Linger.rsrc","254","0x00fe","Balloon Help String 1","10","Copies the selected text or graphics. The original selection remains where it is. The copy is placed temporarily into a storage area called the Clipboard."
"Linger.rsrc","254","0x00fe","Balloon Help String 1","11","Copies the selected text or graphics. The original selection remains where it is. The copy is placed temporarily into a storage area called the Clipboard. Not available because nothing is selected."
"Linger.rsrc","254","0x00fe","Balloon Help String 1","12","Inserts the contents of the Clipboard at the location of the insertion point."
"Linger.rsrc","254","0x00fe","Balloon Help String 1","13","Inserts the contents of the Clipboard at the location of the insertion point. Not available because there is nothing on the Clipboard or because the contents of the Clipboard are of a type Calc can’t read."
"Linger.rsrc","254","0x00fe","Balloon Help String 1","14","Removes the selected text or graphics without storing it on the Clipboard."
"Linger.rsrc","254","0x00fe","Balloon Help String 1","15","Removes the selected text or graphics without storing it on the Clipboard. Not available because nothing is selected."
"Linger.rsrc","254","0x00fe","Balloon Help String 1","16","Selects the entire contents of the open Calc document."
"Linger.rsrc","254","0x00fe","Balloon Help String 1","17","Selects the entire contents of the open Calc document. Not available because no Calc document is open or because the open document is empty."
"Linger.rsrc","254","0x00fe","Balloon Help String 1","18","Closes the Clipboard window."
"Linger.rsrc","254","0x00fe","Balloon Help String 1","19","Closes the Clipboard window."
"Linger.rsrc","254","0x00fe","Balloon Help String 1","20","Closes the Clipboard window."
"Linger.rsrc","254","0x00fe","Balloon Help String 1","21","Displays the contents of the Clipboard (a storage area for the last item cut or copied)."
"Linger.rsrc","254","0x00fe","Balloon Help String 1","22","Displays the contents of the Clipboard (a storage area for the last item cut or copied)."
"Linger.rsrc","254","0x00fe","Balloon Help String 1","23","Displays the contents of the Clipboard (a storage area for the last item cut or copied)."
"Linger.rsrc","254","0x00fe","Balloon Help String 1","24","Turns the selected text or graphics into a publisher and copies it into an edition file. Saving the document automatically copies any changes inside the publisher into the edition file."
"Linger.rsrc","254","0x00fe","Balloon Help String 1","25","Turns the selected text or graphics into a publisher and copies it into an edition file. Saving the document automatically copies any changes inside the publisher into the edition file. Not available because nothing is selected."
"Linger.rsrc","254","0x00fe","Balloon Help String 1","26","Subscribes to an edition file that you select.  The contents of the edition are placed into the active document.  Whenever the edition file changes, its contents are automatically updated in the document."
"Linger.rsrc","254","0x00fe","Balloon Help String 1","27","Subscribes to an edition file that you select.  The contents of the edition are placed into the active document. Not available because no Calc document is open."
"Linger.rsrc","254","0x00fe","Balloon Help String 1","28","Displays a dialog box in which you can set options for a selected publisher."
"Linger.rsrc","254","0x00fe","Balloon Help String 1","29","Displays a dialog box in which you can set options for a selected publisher. Not available because no publisher is selected."
"Linger.rsrc","254","0x00fe","Balloon Help String 1","30","Displays a dialog box in which you can set options for a selected subscriber."
"Linger.rsrc","254","0x00fe","Balloon Help String 1","31","Displays a dialog box in which you can set options for a selected subscriber. Not available because no subscriber is selected."
"Linger.rsrc","254","0x00fe","Balloon Help String 1","32","File menuUse this menu to open, close, save, and print Calc documents, and to quit Calc."
"Linger.rsrc","254","0x00fe","Balloon Help String 1","33","File menuUse this menu to open, close, save, and print Calc documents, and to quit Calc."
"Linger.rsrc","254","0x00fe","Balloon Help String 1","34","Creates a new Calc document called “untitled.”"
"Linger.rsrc","254","0x00fe","Balloon Help String 1","35","Opens a new Calc document called “untitled.” Not available because <good reason here>."
"Linger.rsrc","254","0x00fe","Balloon Help String 1","36","Opens an existing Calc document."
"Linger.rsrc","254","0x00fe","Balloon Help String 1","37","Opens an existing Calc document. Not available because <good reason here>."
"Linger.rsrc","254","0x00fe","Balloon Help String 1","38","Closes the active Calc document."
"Linger.rsrc","254","0x00fe","Balloon Help String 1","39","Closes the active Calc document. Not available because no Calc document is open."
"Linger.rsrc","254","0x00fe","Balloon Help String 1","40","Saves the active Calc document. If you have not saved the document before, you give the document a name and indicate where to save it."
"Linger.rsrc","254","0x00fe","Balloon Help String 1","41","Saves the open Calc document. Not available because no Calc document is open, or because no changes have been made."
"Linger.rsrc","254","0x00fe","Balloon Help String 1","42","Saves the active document with the new name and location you specify."
"Linger.rsrc","254","0x00fe","Balloon Help String 1","43","Saves the active document with the new name and location you specify. Not available because no Calc document is open."
"Linger.rsrc","254","0x00fe","Balloon Help String 1","44","Displays a dialog box in which you select paper size, orientation, and other printing options."
"Linger.rsrc","254","0x00fe","Balloon Help String 1","45","Displays a dialog box in which you select paper size, orientation, and other printing options."
"Linger.rsrc","254","0x00fe","Balloon Help String 1","46","Prints the active document."
"Linger.rsrc","254","0x00fe","Balloon Help String 1","47","Prints the active document. Not available because no Calc document is open."
"Linger.rsrc","254","0x00fe","Balloon Help String 1","48","Quits the Calc application. If you have not saved changes you made to open documents, you will be asked whether you want to save changes."
"Linger.rsrc","254","0x00fe","Balloon Help String 1","49","Quits the Calc application. If you have not saved changes you made to open documents, you will be asked whether you want to save changes."
"Linger.rsrc","254","0x00fe","Balloon Help String 1","50","Prints a single copy of the active document."
"Linger.rsrc","254","0x00fe","Balloon Help String 1","51","Prints a single copy of the active document. Not available because no Calc document is open."
"Linger.rsrc","254","0x00fe","Balloon Help String 1","52","Reverts to the last saved version of the active document."
"Linger.rsrc","254","0x00fe","Balloon Help String 1","53","Reverts to the last saved version of the active document. Not available because no Calc document is open or because no changes have been made. "
"Linger.rsrc","300","0x012c","kInvalidValueReasons","1","Invalid value"
"Linger.rsrc","300","0x012c","kInvalidValueReasons","2","The value is less than the allowed minimum"
"Linger.rsrc","300","0x012c","kInvalidValueReasons","3","The value is greater than the allowed maximum"
"Linger.rsrc","300","0x012c","kInvalidValueReasons","4","The value contains non-numeric characters"
"Linger.rsrc","300","0x012c","kInvalidValueReasons","5","The value contains too many characters"
"Linger.rsrc","300","0x012c","kInvalidValueReasons","6","The value brings total capacity above allowed maximum."
"Linger.rsrc","801","0x0321","Button labels","1","Initialize"
"Linger.rsrc","801","0x0321","Button labels","2","Cancel"
"Linger.rsrc","802","0x0322","Check Box labels","1","Report menu commands"
"Linger.rsrc","802","0x0322","Check Box labels","2","Report events"
"Linger.rsrc","802","0x0322","Check Box labels","3","Cursor region"
"Linger.rsrc","802","0x0322","Check Box labels","4","Sleep region"
"Linger.rsrc","802","0x0322","Check Box labels","5","Help region"
"Linger.rsrc","802","0x0322","Check Box labels","6","Invalid regions"
"Linger.rsrc","802","0x0322","Check Box labels","7","Report loads"
"Linger.rsrc","802","0x0322","Check Box labels","8","Unload"
"Linger.rsrc","802","0x0322","Check Box labels","9","Intense debugging"
"Linger.rsrc","802","0x0322","Check Box labels","10","Assumed focus preconditioning"
"Linger.rsrc","802","0x0322","Check Box labels","11","Debug printing"
"Linger.rsrc","802","0x0322","Check Box labels","12","User flag 1"
"Linger.rsrc","802","0x0322","Check Box labels","13","User flag 2"
"Linger.rsrc","802","0x0322","Check Box labels","14","User flag 3"
"Linger.rsrc","802","0x0322","Check Box labels","15","Report new max"
"Linger.rsrc","802","0x0322","Check Box labels","16","Break on new max"
"Linger.rsrc","802","0x0322","Check Box labels","17","Monitor application code"
"Linger.rsrc","802","0x0322","Check Box labels","18","Monitor ROM code"
"Linger.rsrc","802","0x0322","Check Box labels","19","Monitor outside code"
"Linger.rsrc","804","0x0324","Cluster labels","1","Events and Commands:"
"Linger.rsrc","804","0x0324","Cluster labels","2","Show regions:"
"Linger.rsrc","804","0x0324","Cluster labels","3","Segments:"
"Linger.rsrc","804","0x0324","Cluster labels","4","Miscellaneous:"
"Linger.rsrc","804","0x0324","Cluster labels","5","Memory usage:"
"Linger.rsrc","804","0x0324","Cluster labels","6","Application Code"
"Linger.rsrc","804","0x0324","Cluster labels","7","ROM code"
"Linger.rsrc","804","0x0324","Cluster labels","8","Outside application/ROM code"
"Linger.rsrc","805","0x0325","Static Text text","1","Debugger Flags"
"Linger.rsrc","805","0x0325","Static Text text","2","Timer count:"
"Linger.rsrc","805","0x0325","Static Text text","3","4"
"Linger.rsrc","805","0x0325","Static Text text","4","Code/ROM bucket size:"
"Linger.rsrc","805","0x0325","Static Text text","5","8"
"Linger.rsrc","805","0x0325","Static Text text","6","Resource type:"
"Linger.rsrc","805","0x0325","Static Text text","7","CODE"
"Linger.rsrc","805","0x0325","Static Text text","8","ROM ID:"
"Linger.rsrc","805","0x0325","Static Text text","9","0"
"Linger.rsrc","805","0x0325","Static Text text","10","ROM name:"
"Linger.rsrc","805","0x0325","Static Text text","11",""
"Linger.rsrc","805","0x0325","Static Text text","12","Address range:"
"Linger.rsrc","805","0x0325","Static Text text","13","Bucket size:"
"Linger.rsrc","805","0x0325","Static Text text","14","From:"
"Linger.rsrc","805","0x0325","Static Text text","15","To:"
"Linger.rsrc","805","0x0325","Static Text text","16","Performance Monitor Initialization"
"Linger.rsrc","806","0x0326","Window titles","1",""
"Linger.rsrc","953","0x03b9","","1","Skyron"
"Linger.rsrc","999","0x03e7","kDefaultCredits","1","The great people behind MacApp®"
"Linger.rsrc","999","0x03e7","kDefaultCredits","2","Engineers…"
"Linger.rsrc","999","0x03e7","kDefaultCredits","3","Tom Becker"
"Linger.rsrc","999","0x03e7","kDefaultCredits","4","Greg Friedman"
"Linger.rsrc","999","0x03e7","kDefaultCredits","5","Steven Friedrich @ softAnswer"
"Linger.rsrc","999","0x03e7","kDefaultCredits","6","Technical support…"
"Linger.rsrc","999","0x03e7","kDefaultCredits","7","Matt Melmon"
"Linger.rsrc","999","0x03e7","kDefaultCredits","8","Ed Navarrete"
"Linger.rsrc","999","0x03e7","kDefaultCredits","9","Jeanette Robertson"
"Linger.rsrc","999","0x03e7","kDefaultCredits","10","Jeroen Schalk"
"Linger.rsrc","999","0x03e7","kDefaultCredits","11","Dan Strnad"
"Linger.rsrc","999","0x03e7","kDefaultCredits","12","Merwyn Welcome"
"Linger.rsrc","999","0x03e7","kDefaultCredits","13","Managers…"
"Linger.rsrc","999","0x03e7","kDefaultCredits","14","Janie Phillips"
"Linger.rsrc","999","0x03e7","kDefaultCredits","15","Area Associates…"
"Linger.rsrc","999","0x03e7","kDefaultCredits","16","Karen Carpenter"
"Linger.rsrc","999","0x03e7","kDefaultCredits","17","Project Manager…"
"Linger.rsrc","999","0x03e7","kDefaultCredits","18","Mike Fox"
"Linger.rsrc","999","0x03e7","kDefaultCredits","19","Marketing Manager…"
"Linger.rsrc","999","0x03e7","kDefaultCredits","20","Ricardo Gonzalez"
"Linger.rsrc","999","0x03e7","kDefaultCredits","21","MacApp Alumni…"
"Linger.rsrc","999","0x03e7","kDefaultCredits","22","Mary Boetcher"
"Linger.rsrc","999","0x03e7","kDefaultCredits","23","Mike Burbidge"
"Linger.rsrc","999","0x03e7","kDefaultCredits","24","Roger Dunn"
"Linger.rsrc","999","0x03e7","kDefaultCredits","25","Lou Infeld"
"Linger.rsrc","999","0x03e7","kDefaultCredits","26","Richard Kimberly"
"Linger.rsrc","999","0x03e7","kDefaultCredits","27","Mike Lockwood"
"Linger.rsrc","999","0x03e7","kDefaultCredits","28","Joe St. Germain"
"Linger.rsrc","999","0x03e7","kDefaultCredits","29","Andy Wildenberg"
"Linger.rsrc","999","0x03e7","kDefaultCredits","30","Steven Friedrich"
"Linger.rsrc","999","0x03e7","kDefaultCredits","31","Chris Knepper"
"Linger.rsrc","999","0x03e7","kDefaultCredits","32","Henri Lamiraux"
"Linger.rsrc","999","0x03e7","kDefaultCredits","33","Lonnie Millett"
"Linger.rsrc","999","0x03e7","kDefaultCredits","34","Richard Rodseth"
"Linger.rsrc","999","0x03e7","kDefaultCredits","35","All-Around Great Guy…"
"Linger.rsrc","999","0x03e7","kDefaultCredits","36","Kevin Redden"
"Linger.rsrc","999","0x03e7","kDefaultCredits","37","Chief Heckler…"
"Linger.rsrc","999","0x03e7","kDefaultCredits","38","Dave Goldman"
"Linger.rsrc","999","0x03e7","kDefaultCredits","39","Champion Bug-Hunters…"
"Linger.rsrc","999","0x03e7","kDefaultCredits","40","Nick Nallick"
"Linger.rsrc","999","0x03e7","kDefaultCredits","41","Jeff Amfahr"
"Linger.rsrc","999","0x03e7","kDefaultCredits","42","Ed Anson"
"Linger.rsrc","999","0x03e7","kDefaultCredits","43","Carsten Brinkschulte"
"Linger.rsrc","999","0x03e7","kDefaultCredits","44","Gary Campbell"
"Linger.rsrc","999","0x03e7","kDefaultCredits","45","Jürgen Dönges"
"Linger.rsrc","999","0x03e7","kDefaultCredits","46","Steve Jasik"
"Linger.rsrc","999","0x03e7","kDefaultCredits","47","Henk Kampman"
"Linger.rsrc","999","0x03e7","kDefaultCredits","48","John Olsen"
"Linger.rsrc","999","0x03e7","kDefaultCredits","49","Didier Prgomet"
"Linger.rsrc","999","0x03e7","kDefaultCredits","50","Oddur Sigurdsson"
"Linger.rsrc","999","0x03e7","kDefaultCredits","51","Steve Sisak"
"Linger.rsrc","999","0x03e7","kDefaultCredits","52","You, the millions and millions of MacApp® programmers"
"Linger.rsrc","999","0x03e7","kDefaultCredits","53"," "
"Linger.rsrc","1000","0x03e8","have city stuff at end","1","Horses"
"Linger.rsrc","1000","0x03e8","have city stuff at end","2",""
"Linger.rsrc","1000","0x03e8","have city stuff at end","3",""
"Linger.rsrc","1000","0x03e8","have city stuff at end","4",""
"Linger.rsrc","1000","0x03e8","have city stuff at end","5","Cotton"
"Linger.rsrc","1000","0x03e8","have city stuff at end","6","Wool"
"Linger.rsrc","1000","0x03e8","have city stuff at end","7","Timber"
"Linger.rsrc","1000","0x03e8","have city stuff at end","8","Coal"
"Linger.rsrc","1000","0x03e8","have city stuff at end","9","Iron"
"Linger.rsrc","1000","0x03e8","have city stuff at end","10","Oil"
"Linger.rsrc","1000","0x03e8","have city stuff at end","11",""
"Linger.rsrc","1000","0x03e8","have city stuff at end","12",""
"Linger.rsrc","1000","0x03e8","have city stuff at end","13","GP0"
"Linger.rsrc","1000","0x03e8","have city stuff at end","14",""
"Linger.rsrc","1000","0x03e8","have city stuff at end","15",""
"Linger.rsrc","1000","0x03e8","have city stuff at end","16",""
"Linger.rsrc","1000","0x03e8","have city stuff at end","17",""
"Linger.rsrc","1000","0x03e8","have city stuff at end","18","$"
"Linger.rsrc","1000","0x03e8","have city stuff at end","19",""
"Linger.rsrc","1000","0x03e8","have city stuff at end","20",""
"Linger.rsrc","1000","0x03e8","have city stuff at end","21",""
"Linger.rsrc","1000","0x03e8","have city stuff at end","22",""
"Linger.rsrc","1000","0x03e8","have city stuff at end","23",""
"Linger.rsrc","1000","0x03e8","have city stuff at end","24",""
"Linger.rsrc","1000","0x03e8","have city stuff at end","25",""
"Linger.rsrc","1000","0x03e8","have city stuff at end","26",""
"Linger.rsrc","1000","0x03e8","have city stuff at end","27",""
"Linger.rsrc","1000","0x03e8","have city stuff at end","28",""
"Linger.rsrc","1000","0x03e8","have city stuff at end","29",""
"Linger.rsrc","1000","0x03e8","have city stuff at end","30",""
"Linger.rsrc","1000","0x03e8","have city stuff at end","31",""
"Linger.rsrc","1000","0x03e8","have city stuff at end","32",""
"Linger.rsrc","1000","0x03e8","have city stuff at end","33",""
"Linger.rsrc","1000","0x03e8","have city stuff at end","34",""
"Linger.rsrc","1000","0x03e8","have city stuff at end","35",""
"Linger.rsrc","1000","0x03e8","have city stuff at end","36","M12"
"Linger.rsrc","1000","0x03e8","have city stuff at end","37",""
"Linger.rsrc","1000","0x03e8","have city stuff at end","38","M10"
"Linger.rsrc","1000","0x03e8","have city stuff at end","39","M13"
"Linger.rsrc","1000","0x03e8","have city stuff at end","40","M15"
"Linger.rsrc","1000","0x03e8","have city stuff at end","41","M16"
"Linger.rsrc","1000","0x03e8","have city stuff at end","42","M17"
"Linger.rsrc","1000","0x03e8","have city stuff at end","43","M18"
"Linger.rsrc","1000","0x03e8","have city stuff at end","44","M19"
"Linger.rsrc","1000","0x03e8","have city stuff at end","45","M20"
"Linger.rsrc","1000","0x03e8","have city stuff at end","46","M14"
"Linger.rsrc","1000","0x03e8","have city stuff at end","47","M21"
"Linger.rsrc","1000","0x03e8","have city stuff at end","48","M22"
"Linger.rsrc","1000","0x03e8","have city stuff at end","49",""
"Linger.rsrc","1000","0x03e8","have city stuff at end","50","M7"
"Linger.rsrc","1000","0x03e8","have city stuff at end","51","M8"
"Linger.rsrc","1000","0x03e8","have city stuff at end","52","M9"
"Linger.rsrc","1000","0x03e8","have city stuff at end","53","M11"
"Linger.rsrc","1001","0x03e9","Materials","1",""
"Linger.rsrc","1001","0x03e9","Materials","2",""
"Linger.rsrc","1001","0x03e9","Materials","3",""
"Linger.rsrc","1001","0x03e9","Materials","4",""
"Linger.rsrc","1001","0x03e9","Materials","5",""
"Linger.rsrc","1001","0x03e9","Materials","6",""
"Linger.rsrc","1001","0x03e9","Materials","7",""
"Linger.rsrc","1001","0x03e9","Materials","8",""
"Linger.rsrc","1001","0x03e9","Materials","9","Clothing"
"Linger.rsrc","1001","0x03e9","Materials","10","Furniture"
"Linger.rsrc","1001","0x03e9","Materials","11","Hardware"
"Linger.rsrc","1001","0x03e9","Materials","12","Arms"
"Linger.rsrc","1001","0x03e9","Materials","13",""
"Linger.rsrc","1001","0x03e9","Materials","14","Tip 2: Having a nice day with long text"
"Linger.rsrc","1001","0x03e9","Materials","15","About Civilians"
"Linger.rsrc","1001","0x03e9","Materials","16","Static Text"
"Linger.rsrc","1001","0x03e9","Materials","17","Giving Orders"
"Linger.rsrc","1001","0x03e9","Materials","18","Displayed Information"
"Linger.rsrc","1001","0x03e9","Materials","19","Tip 1: Using the toolbar to control units"
"Linger.rsrc","1001","0x03e9","Materials","20","Previous Briefing"
"Linger.rsrc","1001","0x03e9","Materials","21","Help Bookcase"
"Linger.rsrc","1001","0x03e9","Materials","22","Next Briefing"
"Linger.rsrc","1001","0x03e9","Materials","23","Treasury"
"Linger.rsrc","1001","0x03e9","Materials","24","Food"
"Linger.rsrc","1001","0x03e9","Materials","25","Show Topics"
"Linger.rsrc","1001","0x03e9","Materials","26","topic 6"
"Linger.rsrc","1002","0x03ea","","1","Diplomacy Notices"
"Linger.rsrc","1002","0x03ea","","2","GWorlds"
"Linger.rsrc","1002","0x03ea","","3","GWorld"
"Linger.rsrc","1004","0x03ec","","1",""
"Linger.rsrc","1004","0x03ec","","2",""
"Linger.rsrc","1004","0x03ec","","3","Automated Turns"
"Linger.rsrc","1009","0x03f1","","1","Great Power Relationship Table"
"Linger.rsrc","1020","0x03fc","","1","Defense Minister"
"Linger.rsrc","1021","0x03fd","","1","Interior Minister"
"Linger.rsrc","1022","0x03fe","","1","Foreign Minister"
"Linger.rsrc","1024","0x0400","","1","Treaty Table"
"Linger.rsrc","1025","0x0401","","1","GP Treaty Table"
"Linger.rsrc","1206","0x04b6","","1","Practice Title"
"Linger.rsrc","1206","0x04b6","","2",""
"Linger.rsrc","1206","0x04b6","","3",""
"Linger.rsrc","1206","0x04b6","","4",""
"Linger.rsrc","1206","0x04b6","","5","Minor Stockpiles"
"Linger.rsrc","1206","0x04b6","","6","Minors' Trade Bids"
"Linger.rsrc","1207","0x04b7","Ambit's Static Text text","1","0"
"Linger.rsrc","1300","0x0514","","1",""
"Linger.rsrc","1300","0x0514","","2","1,000,000"
"Linger.rsrc","1300","0x0514","","3","Pick a planet"
"Linger.rsrc","1500","0x05dc","","1",""
"Linger.rsrc","1500","0x05dc","","2",""
"Linger.rsrc","1500","0x05dc","","3",""
"Linger.rsrc","1500","0x05dc","","4",""
"Linger.rsrc","1500","0x05dc","","5",""
"Linger.rsrc","1500","0x05dc","","6",""
"Linger.rsrc","1500","0x05dc","","7",""
"Linger.rsrc","1500","0x05dc","","8",""
"Linger.rsrc","1500","0x05dc","","9",""
"Linger.rsrc","1500","0x05dc","","10",""
"Linger.rsrc","1500","0x05dc","","11",""
"Linger.rsrc","1500","0x05dc","","12",""
"Linger.rsrc","1500","0x05dc","","13",""
"Linger.rsrc","1500","0x05dc","","14",""
"Linger.rsrc","1500","0x05dc","","15",""
"Linger.rsrc","1500","0x05dc","","16",""
"Linger.rsrc","1500","0x05dc","","17",""
"Linger.rsrc","1500","0x05dc","","18",""
"Linger.rsrc","1500","0x05dc","","19",""
"Linger.rsrc","1500","0x05dc","","20",""
"Linger.rsrc","1500","0x05dc","","21",""
"Linger.rsrc","1500","0x05dc","","22",""
"Linger.rsrc","1500","0x05dc","","23",""
"Linger.rsrc","1500","0x05dc","","24",""
"Linger.rsrc","1500","0x05dc","","25",""
"Linger.rsrc","1500","0x05dc","","26",""
"Linger.rsrc","1500","0x05dc","","27",""
"Linger.rsrc","1500","0x05dc","","28",""
"Linger.rsrc","1500","0x05dc","","29",""
"Linger.rsrc","1500","0x05dc","","30",""
"Linger.rsrc","1500","0x05dc","","31",""
"Linger.rsrc","1500","0x05dc","","32",""
"Linger.rsrc","1500","0x05dc","","33",""
"Linger.rsrc","1500","0x05dc","","34",""
"Linger.rsrc","1500","0x05dc","","35","OK"
"Linger.rsrc","1500","0x05dc","","36",""
"Linger.rsrc","1500","0x05dc","","37",""
"Linger.rsrc","1500","0x05dc","","38","Food"
"Linger.rsrc","1500","0x05dc","","39","Fabric"
"Linger.rsrc","1500","0x05dc","","40","Lumber"
"Linger.rsrc","1500","0x05dc","","41","Grain"
"Linger.rsrc","1500","0x05dc","","42","Produce"
"Linger.rsrc","1500","0x05dc","","43","Fish"
"Linger.rsrc","1500","0x05dc","","44","Livestock"
"Linger.rsrc","1500","0x05dc","","45","Cotton"
"Linger.rsrc","1500","0x05dc","","46","Wool"
"Linger.rsrc","1500","0x05dc","","47","Coal"
"Linger.rsrc","1500","0x05dc","","48","Iron"
"Linger.rsrc","1500","0x05dc","","49","Oil"
"Linger.rsrc","1500","0x05dc","","50","Timber"
"Linger.rsrc","1500","0x05dc","","51","Paper"
"Linger.rsrc","1500","0x05dc","","52","Steel"
"Linger.rsrc","1500","0x05dc","","53","Fuel"
"Linger.rsrc","1500","0x05dc","","54",""
"Linger.rsrc","1500","0x05dc","","55","Clothing"
"Linger.rsrc","1500","0x05dc","","56","Furniture"
"Linger.rsrc","1500","0x05dc","","57","Hardware"
"Linger.rsrc","1500","0x05dc","","58","Arms"
"Linger.rsrc","1500","0x05dc","","59","GP1"
"Linger.rsrc","1500","0x05dc","","60","GP2"
"Linger.rsrc","1500","0x05dc","","61","GP3"
"Linger.rsrc","1500","0x05dc","","62","GP4"
"Linger.rsrc","1500","0x05dc","","63","GP5"
"Linger.rsrc","1500","0x05dc","","64","GP6"
"Linger.rsrc","1500","0x05dc","","65","$"
"Linger.rsrc","1500","0x05dc","","66","Treasury"
"Linger.rsrc","1500","0x05dc","","67","GP#0"
"Linger.rsrc","1500","0x05dc","","68","GP#1"
"Linger.rsrc","1500","0x05dc","","69","GP#2"
"Linger.rsrc","1500","0x05dc","","70","GP#3"
"Linger.rsrc","1500","0x05dc","","71","GP#4"
"Linger.rsrc","1500","0x05dc","","72","GP#5"
"Linger.rsrc","1500","0x05dc","","73","GP#6"
"Linger.rsrc","1500","0x05dc","","74","GP0"
"Linger.rsrc","1500","0x05dc","","75","M7"
"Linger.rsrc","1500","0x05dc","","76","M8"
"Linger.rsrc","1500","0x05dc","","77","M9"
"Linger.rsrc","1500","0x05dc","","78","M10"
"Linger.rsrc","1500","0x05dc","","79","M11"
"Linger.rsrc","1500","0x05dc","","80","M12"
"Linger.rsrc","1500","0x05dc","","81","M13"
"Linger.rsrc","1500","0x05dc","","82","M14"
"Linger.rsrc","1500","0x05dc","","83","M15"
"Linger.rsrc","1500","0x05dc","","84","M16"
"Linger.rsrc","1500","0x05dc","","85","M17"
"Linger.rsrc","1500","0x05dc","","86","M18"
"Linger.rsrc","1500","0x05dc","","87","M19"
"Linger.rsrc","1500","0x05dc","","88","M20"
"Linger.rsrc","1500","0x05dc","","89","M21"
"Linger.rsrc","1500","0x05dc","","90","M22"
"Linger.rsrc","1500","0x05dc","","91","Horses"
"Linger.rsrc","1501","0x05dd","","1","GP Stockpiles"
"Linger.rsrc","1501","0x05dd","","2","Relationship with Minors"
"Linger.rsrc","1504","0x05e0","","1","Button"
"Linger.rsrc","1504","0x05e0","","2","Done"
"Linger.rsrc","1504","0x05e0","","3","Dismissed"
"Linger.rsrc","1504","0x05e0","","4","666"
"Linger.rsrc","1504","0x05e0","","5","Look"
"Linger.rsrc","1505","0x05e1","","1"," "
"Linger.rsrc","1505","0x05e1","","2","Zimm (GP#0 )"
"Linger.rsrc","1505","0x05e1","","3","Kem (GP#1 )"
"Linger.rsrc","1505","0x05e1","","4","Patagon (GP#2 )"
"Linger.rsrc","1505","0x05e1","","5","Deneb (GP#6 )"
"Linger.rsrc","1505","0x05e1","","6","Ordune (GP#5 )"
"Linger.rsrc","1505","0x05e1","","7","Devron (GP#4 )"
"Linger.rsrc","1505","0x05e1","","8","Haxaco (GP#3 )"
"Linger.rsrc","1506","0x05e2","","1","Select World:"
"Linger.rsrc","1508","0x05e4","","1","Decline"
"Linger.rsrc","1508","0x05e4","","2","Accept"
"Linger.rsrc","1509","0x05e5","","1","GP 0 - Zimm (69 missions)"
"Linger.rsrc","1509","0x05e5","","2","Mission 1"
"Linger.rsrc","1509","0x05e5","","3","Static Textmoreand moreand more"
"Linger.rsrc","1509","0x05e5","","4",""
"Linger.rsrc","1509","0x05e5","","5",""
"Linger.rsrc","1509","0x05e5","","6",""
"Linger.rsrc","1509","0x05e5","","7",""
"Linger.rsrc","1509","0x05e5","","8",""
"Linger.rsrc","1509","0x05e5","","9",""
"Linger.rsrc","1509","0x05e5","","10",""
"Linger.rsrc","1509","0x05e5","","11",""
"Linger.rsrc","1509","0x05e5","","12",""
"Linger.rsrc","1509","0x05e5","","13",""
"Linger.rsrc","1509","0x05e5","","14","Static Text"
"Linger.rsrc","1509","0x05e5","","15","temporary: 5 = Peace Treaty, 4 = Non-Aggression, 3 = Alliance, 2 = Higher Index country is ruler, 1 = Lower Index country is ruler, 49 = war"
"Linger.rsrc","1509","0x05e5","","16",""
"Linger.rsrc","1509","0x05e5","","17",""
"Linger.rsrc","1509","0x05e5","","18",""
"Linger.rsrc","1509","0x05e5","","19",""
"Linger.rsrc","1509","0x05e5","","20",""
"Linger.rsrc","1509","0x05e5","","21",""
"Linger.rsrc","1509","0x05e5","","22",""
"Linger.rsrc","1509","0x05e5","","23","How many turns should fly by?"
"Linger.rsrc","1509","0x05e5","","24",""
"Linger.rsrc","1509","0x05e5","","25",""
"Linger.rsrc","1509","0x05e5","","26",""
"Linger.rsrc","1509","0x05e5","","27",""
"Linger.rsrc","1509","0x05e5","","28","Edit Text"
"Linger.rsrc","1520","0x05f0","","1",""
"Linger.rsrc","1520","0x05f0","","2",""
"Linger.rsrc","1520","0x05f0","","3",""
"Linger.rsrc","1520","0x05f0","","4",""
"Linger.rsrc","1520","0x05f0","","5",""
"Linger.rsrc","1520","0x05f0","","6",""
"Linger.rsrc","1520","0x05f0","","7",""
"Linger.rsrc","1520","0x05f0","","8","M 7"
"Linger.rsrc","1520","0x05f0","","9","M 8"
"Linger.rsrc","1520","0x05f0","","10","M 9"
"Linger.rsrc","1520","0x05f0","","11","M10"
"Linger.rsrc","1520","0x05f0","","12","M 11"
"Linger.rsrc","1520","0x05f0","","13","M12"
"Linger.rsrc","1520","0x05f0","","14","M13"
"Linger.rsrc","1520","0x05f0","","15","M14"
"Linger.rsrc","1520","0x05f0","","16","M15"
"Linger.rsrc","1520","0x05f0","","17","M16"
"Linger.rsrc","1520","0x05f0","","18","M17"
"Linger.rsrc","1520","0x05f0","","19","M18"
"Linger.rsrc","1520","0x05f0","","20","M19"
"Linger.rsrc","1520","0x05f0","","21","M20"
"Linger.rsrc","1520","0x05f0","","22","M21"
"Linger.rsrc","1520","0x05f0","","23","M22"
"Linger.rsrc","2009","0x07d9","","1","185"
"Linger.rsrc","2011","0x07db","","1","Season"
"Linger.rsrc","2011","0x07db","","2","0"
"Linger.rsrc","2011","0x07db","","3","Name"
"Linger.rsrc","2011","0x07db","","4","Max"
"Linger.rsrc","2011","0x07db","","5","Get"
"Linger.rsrc","2011","0x07db","","6","Transportation Black Box"
"Linger.rsrc","2011","0x07db","","7","The 'Max' column shows how many of each type of resource is available from the countryside via your railroad network."
"Linger.rsrc","2011","0x07db","","8","The 'Get' column shows how many resources you are currently bringing into the city by rail.You may change the numbers in the 'Get', but their total cannot exceed your rail capacity."
"Linger.rsrc","2011","0x07db","","9","Text. Mill"
"Linger.rsrc","2011","0x07db","","10","Clth. Fact."
"Linger.rsrc","2011","0x07db","","11","Lumber"
"Linger.rsrc","2011","0x07db","","12","Furn. Fact."
"Linger.rsrc","2011","0x07db","","13","Oil Ref."
"Linger.rsrc","2011","0x07db","","14","Pwr Plnt"
"Linger.rsrc","2011","0x07db","","15","0/0"
"Linger.rsrc","2011","0x07db","","16","Steel Mill"
"Linger.rsrc","2011","0x07db","","17","Hard. Fact."
"Linger.rsrc","2011","0x07db","","18","University"
"Linger.rsrc","2011","0x07db","","19","Training"
"Linger.rsrc","2011","0x07db","","20","Armory"
"Linger.rsrc","2011","0x07db","","21","Food Proc"
"Linger.rsrc","2011","0x07db","","22","Warehouse"
"Linger.rsrc","2011","0x07db","","23","Shipyard"
"Linger.rsrc","2011","0x07db","","24","Railyard"
"Linger.rsrc","2011","0x07db","","25","Units"
"Linger.rsrc","2011","0x07db","","26","Untr Trnd Prof"
"Linger.rsrc","2011","0x07db","","27","Clock"
"Linger.rsrc","2011","0x07db","","28","Rolling Stock"
"Linger.rsrc","2011","0x07db","","29","Merchant Marine Capacity"
"Linger.rsrc","7010","0x1b62","","1","Diplomacy Offers"
"Linger.rsrc","7011","0x1b63","","1","Offer Sheet"
"Linger.rsrc","7014","0x1b66","","1","Deal Book"
"Linger.rsrc","7014","0x1b66","","2","Country name"
"Linger.rsrc","7014","0x1b66","","3","Exports"
"Linger.rsrc","7250","0x1c52","Town names","1","Twiddles"
"Linger.rsrc","7250","0x1c52","Town names","2","Littleburg"
"Linger.rsrc","7250","0x1c52","Town names","3","Racheltown"
"Linger.rsrc","7250","0x1c52","Town names","4","Tedaria"
"Linger.rsrc","7250","0x1c52","Town names","5","Billville"
"Linger.rsrc","7250","0x1c52","Town names","6","Ericar"
"Linger.rsrc","7250","0x1c52","Town names","7","Marcford"
"Linger.rsrc","7250","0x1c52","Town names","8","Alexington"
"MapView.rsrc","1000","0x03e8","have city stuff at end","1","Horses"
"MapView.rsrc","1000","0x03e8","have city stuff at end","2",""
"MapView.rsrc","1000","0x03e8","have city stuff at end","3",""
"MapView.rsrc","1000","0x03e8","have city stuff at end","4",""
"MapView.rsrc","1000","0x03e8","have city stuff at end","5","Cotton"
"MapView.rsrc","1000","0x03e8","have city stuff at end","6","Wool"
"MapView.rsrc","1000","0x03e8","have city stuff at end","7","Timber"
"MapView.rsrc","1000","0x03e8","have city stuff at end","8","Coal"
"MapView.rsrc","1000","0x03e8","have city stuff at end","9","Iron"
"MapView.rsrc","1000","0x03e8","have city stuff at end","10","Oil"
"MapView.rsrc","1000","0x03e8","have city stuff at end","11",""
"MapView.rsrc","1000","0x03e8","have city stuff at end","12",""
"MapView.rsrc","1000","0x03e8","have city stuff at end","13","GP0"
"MapView.rsrc","1000","0x03e8","have city stuff at end","14",""
"MapView.rsrc","1000","0x03e8","have city stuff at end","15",""
"MapView.rsrc","1000","0x03e8","have city stuff at end","16",""
"MapView.rsrc","1000","0x03e8","have city stuff at end","17",""
"MapView.rsrc","1000","0x03e8","have city stuff at end","18","$"
"MapView.rsrc","1000","0x03e8","have city stuff at end","19",""
"MapView.rsrc","1000","0x03e8","have city stuff at end","20",""
"MapView.rsrc","1000","0x03e8","have city stuff at end","21",""
"MapView.rsrc","1000","0x03e8","have city stuff at end","22",""
"MapView.rsrc","1000","0x03e8","have city stuff at end","23",""
"MapView.rsrc","1000","0x03e8","have city stuff at end","24",""
"MapView.rsrc","1000","0x03e8","have city stuff at end","25",""
"MapView.rsrc","1000","0x03e8","have city stuff at end","26",""
"MapView.rsrc","1000","0x03e8","have city stuff at end","27",""
"MapView.rsrc","1000","0x03e8","have city stuff at end","28",""
"MapView.rsrc","1000","0x03e8","have city stuff at end","29",""
"MapView.rsrc","1000","0x03e8","have city stuff at end","30",""
"MapView.rsrc","1000","0x03e8","have city stuff at end","31",""
"MapView.rsrc","1000","0x03e8","have city stuff at end","32",""
"MapView.rsrc","1000","0x03e8","have city stuff at end","33",""
"MapView.rsrc","1000","0x03e8","have city stuff at end","34",""
"MapView.rsrc","1000","0x03e8","have city stuff at end","35",""
"MapView.rsrc","1000","0x03e8","have city stuff at end","36","M12"
"MapView.rsrc","1000","0x03e8","have city stuff at end","37",""
"MapView.rsrc","1000","0x03e8","have city stuff at end","38","M10"
"MapView.rsrc","1000","0x03e8","have city stuff at end","39","M13"
"MapView.rsrc","1000","0x03e8","have city stuff at end","40","M15"
"MapView.rsrc","1000","0x03e8","have city stuff at end","41","M16"
"MapView.rsrc","1000","0x03e8","have city stuff at end","42","M17"
"MapView.rsrc","1000","0x03e8","have city stuff at end","43","M18"
"MapView.rsrc","1000","0x03e8","have city stuff at end","44","M19"
"MapView.rsrc","1000","0x03e8","have city stuff at end","45","M20"
"MapView.rsrc","1000","0x03e8","have city stuff at end","46","M14"
"MapView.rsrc","1000","0x03e8","have city stuff at end","47","M21"
"MapView.rsrc","1000","0x03e8","have city stuff at end","48","M22"
"MapView.rsrc","1000","0x03e8","have city stuff at end","49",""
"MapView.rsrc","1000","0x03e8","have city stuff at end","50","M7"
"MapView.rsrc","1000","0x03e8","have city stuff at end","51","M8"
"MapView.rsrc","1000","0x03e8","have city stuff at end","52","M9"
"MapView.rsrc","1000","0x03e8","have city stuff at end","53","M11"
"MapView.rsrc","1002","0x03ea","","1","Diplomacy Notices"
"MapView.rsrc","1004","0x03ec","","1",""
"MapView.rsrc","1004","0x03ec","","2",""
"MapView.rsrc","1004","0x03ec","","3","Automated Turns"
"MapView.rsrc","1009","0x03f1","","1","Great Power Relationship Table"
"MapView.rsrc","1020","0x03fc","","1","Defense Minister"
"MapView.rsrc","1021","0x03fd","","1","Interior Minister"
"MapView.rsrc","1022","0x03fe","","1","Foreign Minister"
"MapView.rsrc","1024","0x0400","","1","Treaty Table"
"MapView.rsrc","1025","0x0401","","1","GP Treaty Table"
"MapView.rsrc","1206","0x04b6","","1","Reccomendations"
"MapView.rsrc","1207","0x04b7","Ambit's Static Text text","1","0"
"MapView.rsrc","1300","0x0514","","1","Navy Cheater"
"MapView.rsrc","1300","0x0514","","2","Unit Type"
"MapView.rsrc","1300","0x0514","","3","Ship Type"
"MapView.rsrc","1300","0x0514","","4","Frigate"
"MapView.rsrc","1300","0x0514","","5","Ship-of-the-Line"
"MapView.rsrc","1300","0x0514","","6","Raider"
"MapView.rsrc","1300","0x0514","","7","Ironclad"
"MapView.rsrc","1300","0x0514","","8","Ironclad Battleship"
"MapView.rsrc","1300","0x0514","","9","Armored Cruiser"
"MapView.rsrc","1300","0x0514","","10","Owner"
"MapView.rsrc","1300","0x0514","","11",""
"MapView.rsrc","1300","0x0514","","12",""
"MapView.rsrc","1300","0x0514","","13",""
"MapView.rsrc","1300","0x0514","","14",""
"MapView.rsrc","1300","0x0514","","15","Civilian Cheater"
"MapView.rsrc","1300","0x0514","","16","Miner"
"MapView.rsrc","1300","0x0514","","17","Prospector"
"MapView.rsrc","1300","0x0514","","18","Farmer"
"MapView.rsrc","1300","0x0514","","19","Forester"
"MapView.rsrc","1300","0x0514","","20","Dreadnought"
"MapView.rsrc","1300","0x0514","","21","Amount"
"MapView.rsrc","1300","0x0514","","22","Battlecruiser"
"MapView.rsrc","1300","0x0514","","23",""
"MapView.rsrc","1300","0x0514","","24",""
"MapView.rsrc","1300","0x0514","","25",""
"MapView.rsrc","1300","0x0514","","26","Cheat!"
"MapView.rsrc","1300","0x0514","","27","Engineer"
"MapView.rsrc","1300","0x0514","","28","Rancher"
"MapView.rsrc","1300","0x0514","","29","Fisherman"
"MapView.rsrc","1300","0x0514","","30","Developer"
"MapView.rsrc","1300","0x0514","","31","Driller"
"MapView.rsrc","1300","0x0514","","32",""
"MapView.rsrc","1300","0x0514","","33",""
"MapView.rsrc","1300","0x0514","","34",""
"MapView.rsrc","1300","0x0514","","35",""
"MapView.rsrc","1300","0x0514","","36",""
"MapView.rsrc","1300","0x0514","","37",""
"MapView.rsrc","1300","0x0514","","38",""
"MapView.rsrc","1300","0x0514","","39",""
"MapView.rsrc","1300","0x0514","","40",""
"MapView.rsrc","1300","0x0514","","41",""
"MapView.rsrc","1300","0x0514","","42","Admiral (amt = exp)"
"MapView.rsrc","1301","0x0515","was 1300","1","Construction Options"
"MapView.rsrc","1301","0x0515","was 1300","2","Mountains"
"MapView.rsrc","1301","0x0515","was 1300","3","Name your new town:"
"MapView.rsrc","1500","0x05dc","","1",""
"MapView.rsrc","1500","0x05dc","","2",""
"MapView.rsrc","1500","0x05dc","","3",""
"MapView.rsrc","1500","0x05dc","","4",""
"MapView.rsrc","1500","0x05dc","","5",""
"MapView.rsrc","1500","0x05dc","","6",""
"MapView.rsrc","1500","0x05dc","","7",""
"MapView.rsrc","1500","0x05dc","","8",""
"MapView.rsrc","1500","0x05dc","","9",""
"MapView.rsrc","1500","0x05dc","","10",""
"MapView.rsrc","1500","0x05dc","","11",""
"MapView.rsrc","1500","0x05dc","","12",""
"MapView.rsrc","1500","0x05dc","","13",""
"MapView.rsrc","1500","0x05dc","","14",""
"MapView.rsrc","1500","0x05dc","","15",""
"MapView.rsrc","1500","0x05dc","","16",""
"MapView.rsrc","1500","0x05dc","","17",""
"MapView.rsrc","1500","0x05dc","","18",""
"MapView.rsrc","1500","0x05dc","","19",""
"MapView.rsrc","1500","0x05dc","","20",""
"MapView.rsrc","1500","0x05dc","","21",""
"MapView.rsrc","1500","0x05dc","","22",""
"MapView.rsrc","1500","0x05dc","","23",""
"MapView.rsrc","1500","0x05dc","","24",""
"MapView.rsrc","1500","0x05dc","","25",""
"MapView.rsrc","1500","0x05dc","","26",""
"MapView.rsrc","1500","0x05dc","","27",""
"MapView.rsrc","1500","0x05dc","","28",""
"MapView.rsrc","1500","0x05dc","","29",""
"MapView.rsrc","1500","0x05dc","","30",""
"MapView.rsrc","1500","0x05dc","","31",""
"MapView.rsrc","1500","0x05dc","","32",""
"MapView.rsrc","1500","0x05dc","","33",""
"MapView.rsrc","1500","0x05dc","","34",""
"MapView.rsrc","1500","0x05dc","","35","OK"
"MapView.rsrc","1500","0x05dc","","36",""
"MapView.rsrc","1500","0x05dc","","37",""
"MapView.rsrc","1500","0x05dc","","38","Food"
"MapView.rsrc","1500","0x05dc","","39","Fabric"
"MapView.rsrc","1500","0x05dc","","40","Lumber"
"MapView.rsrc","1500","0x05dc","","41","Grain"
"MapView.rsrc","1500","0x05dc","","42","Produce"
"MapView.rsrc","1500","0x05dc","","43","Fish"
"MapView.rsrc","1500","0x05dc","","44","Livestock"
"MapView.rsrc","1500","0x05dc","","45","Cotton"
"MapView.rsrc","1500","0x05dc","","46","Wool"
"MapView.rsrc","1500","0x05dc","","47","Coal"
"MapView.rsrc","1500","0x05dc","","48","Iron"
"MapView.rsrc","1500","0x05dc","","49","Oil"
"MapView.rsrc","1500","0x05dc","","50","Timber"
"MapView.rsrc","1500","0x05dc","","51","Paper"
"MapView.rsrc","1500","0x05dc","","52","Steel"
"MapView.rsrc","1500","0x05dc","","53","Fuel"
"MapView.rsrc","1500","0x05dc","","54",""
"MapView.rsrc","1500","0x05dc","","55","Clothing"
"MapView.rsrc","1500","0x05dc","","56","Furniture"
"MapView.rsrc","1500","0x05dc","","57","Hardware"
"MapView.rsrc","1500","0x05dc","","58","Arms"
"MapView.rsrc","1500","0x05dc","","59","GP1"
"MapView.rsrc","1500","0x05dc","","60","GP2"
"MapView.rsrc","1500","0x05dc","","61","GP3"
"MapView.rsrc","1500","0x05dc","","62","GP4"
"MapView.rsrc","1500","0x05dc","","63","GP5"
"MapView.rsrc","1500","0x05dc","","64","GP6"
"MapView.rsrc","1500","0x05dc","","65","$"
"MapView.rsrc","1500","0x05dc","","66","Treasury"
"MapView.rsrc","1500","0x05dc","","67","GP#0"
"MapView.rsrc","1500","0x05dc","","68","GP#1"
"MapView.rsrc","1500","0x05dc","","69","GP#2"
"MapView.rsrc","1500","0x05dc","","70","GP#3"
"MapView.rsrc","1500","0x05dc","","71","GP#4"
"MapView.rsrc","1500","0x05dc","","72","GP#5"
"MapView.rsrc","1500","0x05dc","","73","GP#6"
"MapView.rsrc","1500","0x05dc","","74","GP0"
"MapView.rsrc","1500","0x05dc","","75","M7"
"MapView.rsrc","1500","0x05dc","","76","M8"
"MapView.rsrc","1500","0x05dc","","77","M9"
"MapView.rsrc","1500","0x05dc","","78","M10"
"MapView.rsrc","1500","0x05dc","","79","M11"
"MapView.rsrc","1500","0x05dc","","80","M12"
"MapView.rsrc","1500","0x05dc","","81","M13"
"MapView.rsrc","1500","0x05dc","","82","M14"
"MapView.rsrc","1500","0x05dc","","83","M15"
"MapView.rsrc","1500","0x05dc","","84","M16"
"MapView.rsrc","1500","0x05dc","","85","M17"
"MapView.rsrc","1500","0x05dc","","86","M18"
"MapView.rsrc","1500","0x05dc","","87","M19"
"MapView.rsrc","1500","0x05dc","","88","M20"
"MapView.rsrc","1500","0x05dc","","89","M21"
"MapView.rsrc","1500","0x05dc","","90","M22"
"MapView.rsrc","1500","0x05dc","","91","Horses"
"MapView.rsrc","1500","0x05dc","","92",""
"MapView.rsrc","1500","0x05dc","","93","Deal Book"
"MapView.rsrc","1501","0x05dd","","1","GP Stockpiles"
"MapView.rsrc","1501","0x05dd","","2","Relationship with Minors"
"MapView.rsrc","1506","0x05e2","","1","Owner"
"MapView.rsrc","1508","0x05e4","","1","GP 1"
"MapView.rsrc","1508","0x05e4","","2","GP 2"
"MapView.rsrc","1508","0x05e4","","3","GP 0"
"MapView.rsrc","1508","0x05e4","","4","GP 3"
"MapView.rsrc","1508","0x05e4","","5","GP 6"
"MapView.rsrc","1508","0x05e4","","6","GP 5"
"MapView.rsrc","1508","0x05e4","","7","GP 4"
"MapView.rsrc","1509","0x05e5","","1","Page 14 of 14"
"MapView.rsrc","1509","0x05e5","","2","Skirmish Report"
"MapView.rsrc","1509","0x05e5","","3","Haxaco's Powerful LegionsannhilateOrdune's Pathetic Armies"
"MapView.rsrc","1509","0x05e5","","4","Order of Battle follows"
"MapView.rsrc","1509","0x05e5","","5","LossesHaxaco:  lightOrdune:  heavy"
"MapView.rsrc","1509","0x05e5","","6","Minuteman"
"MapView.rsrc","1509","0x05e5","","7","Skirmishers"
"MapView.rsrc","1509","0x05e5","","8","Regulars"
"MapView.rsrc","1509","0x05e5","","9","Static Text"
"MapView.rsrc","1509","0x05e5","","10","Orders"
"MapView.rsrc","1509","0x05e5","","11","Composition"
"MapView.rsrc","1509","0x05e5","","12","Foreign Fleet Report"
"MapView.rsrc","1509","0x05e5","","13","Pont"
"MapView.rsrc","1509","0x05e5","","14","Task Force Report"
"MapView.rsrc","1509","0x05e5","","15","Force currently located in the"
"MapView.rsrc","1509","0x05e5","","16","Report of the naval forces of"
"MapView.rsrc","1509","0x05e5","","17","Engage all floating objects"
"MapView.rsrc","1509","0x05e5","","18","One hen,two ducks, three quacking geese."
"MapView.rsrc","1509","0x05e5","","19",""
"MapView.rsrc","1509","0x05e5","","20",""
"MapView.rsrc","1509","0x05e5","","21","Edit Text"
"MapView.rsrc","1509","0x05e5","","22","Patrol the watersof whereever"
"MapView.rsrc","1509","0x05e5","","23","• Half a dozen Ships-of-the-Line234"
"MapView.rsrc","1509","0x05e5","","24","Sea of Oblongata"
"MapView.rsrc","1509","0x05e5","","25","in the"
"MapView.rsrc","1509","0x05e5","","26",""
"MapView.rsrc","1509","0x05e5","","27"," Adm. James T. Kirk of the USS Enterprise"
"MapView.rsrc","1509","0x05e5","","28","Foreign Shipping Observed"
"MapView.rsrc","1509","0x05e5","","29","as estimated by"
"MapView.rsrc","1509","0x05e5","","30","Adm. Bob of the SS Minnow commanding"
"MapView.rsrc","1509","0x05e5","","31","Sea of Satanic Salamanders"
"MapView.rsrc","1509","0x05e5","","32",""
"MapView.rsrc","1509","0x05e5","","33",""
"MapView.rsrc","1509","0x05e5","","34","Civilian Report"
"MapView.rsrc","1509","0x05e5","","35",""
"MapView.rsrc","1509","0x05e5","","36","Army Report"
"MapView.rsrc","1509","0x05e5","","37","Enemy Trade Interrupted"
"MapView.rsrc","1509","0x05e5","","38","Blockade"
"MapView.rsrc","1509","0x05e5","","39","A result of a successful"
"MapView.rsrc","1509","0x05e5","","40","3 vessels"
"MapView.rsrc","1509","0x05e5","","41","by a task force commanded by"
"MapView.rsrc","1509","0x05e5","","42","and consisting of"
"MapView.rsrc","1509","0x05e5","","43","Merchants belonging to"
"MapView.rsrc","1509","0x05e5","","44","ownr"
"MapView.rsrc","1509","0x05e5","","45","carrying a cargo of"
"MapView.rsrc","1509","0x05e5","","46","item"
"MapView.rsrc","1509","0x05e5","","47","to"
"MapView.rsrc","1509","0x05e5","","48","Pokei"
"MapView.rsrc","1509","0x05e5","","49","were stopped from completing their trade"
"MapView.rsrc","1509","0x05e5","","50","1 trader, 6 indiamen"
"MapView.rsrc","1520","0x05f0","","1",""
"MapView.rsrc","1520","0x05f0","","2",""
"MapView.rsrc","1520","0x05f0","","3",""
"MapView.rsrc","1520","0x05f0","","4",""
"MapView.rsrc","1520","0x05f0","","5",""
"MapView.rsrc","1520","0x05f0","","6",""
"MapView.rsrc","1520","0x05f0","","7",""
"MapView.rsrc","1520","0x05f0","","8","M 7"
"MapView.rsrc","1520","0x05f0","","9","M 8"
"MapView.rsrc","1520","0x05f0","","10","M 9"
"MapView.rsrc","1520","0x05f0","","11","M10"
"MapView.rsrc","1520","0x05f0","","12","M 11"
"MapView.rsrc","1520","0x05f0","","13","M12"
"MapView.rsrc","1520","0x05f0","","14","M13"
"MapView.rsrc","1520","0x05f0","","15","M14"
"MapView.rsrc","1520","0x05f0","","16","M15"
"MapView.rsrc","1520","0x05f0","","17","M16"
"MapView.rsrc","1520","0x05f0","","18","M17"
"MapView.rsrc","1520","0x05f0","","19","M18"
"MapView.rsrc","1520","0x05f0","","20","M19"
"MapView.rsrc","1520","0x05f0","","21","M20"
"MapView.rsrc","1520","0x05f0","","22","M21"
"MapView.rsrc","1520","0x05f0","","23","M22"
"MapView.rsrc","2009","0x07d9","","1","185"
"MapView.rsrc","2011","0x07db","","1","Season"
"MapView.rsrc","2011","0x07db","","2","0"
"MapView.rsrc","2011","0x07db","","3","Name"
"MapView.rsrc","2011","0x07db","","4","Max"
"MapView.rsrc","2011","0x07db","","5","Get"
"MapView.rsrc","2011","0x07db","","6","Transportation Black Box"
"MapView.rsrc","2011","0x07db","","7","The 'Max' column shows how many of each type of resource is available from the countryside via your railroad network."
"MapView.rsrc","2011","0x07db","","8","The 'Get' column shows how many resources you are currently bringing into the city by rail.You may change the numbers in the 'Get', but their total cannot exceed your rail capacity."
"MapView.rsrc","2011","0x07db","","9","Text. Mill"
"MapView.rsrc","2011","0x07db","","10","Clth. Fact."
"MapView.rsrc","2011","0x07db","","11","Lumber"
"MapView.rsrc","2011","0x07db","","12","Furn. Fact."
"MapView.rsrc","2011","0x07db","","13","Oil Ref."
"MapView.rsrc","2011","0x07db","","14","Pwr Plnt"
"MapView.rsrc","2011","0x07db","","15","0/0"
"MapView.rsrc","2011","0x07db","","16","Steel Mill"
"MapView.rsrc","2011","0x07db","","17","Hard. Fact."
"MapView.rsrc","2011","0x07db","","18","University"
"MapView.rsrc","2011","0x07db","","19","Training"
"MapView.rsrc","2011","0x07db","","20","Armory"
"MapView.rsrc","2011","0x07db","","21","Food Proc"
"MapView.rsrc","2011","0x07db","","22","Warehouse"
"MapView.rsrc","2011","0x07db","","23","Shipyard"
"MapView.rsrc","2011","0x07db","","24","Railyard"
"MapView.rsrc","2011","0x07db","","25","Units"
"MapView.rsrc","2011","0x07db","","26","Untr Trnd Prof"
"MapView.rsrc","2011","0x07db","","27","Clock"
"MapView.rsrc","2011","0x07db","","28","Rolling Stock"
"MapView.rsrc","2011","0x07db","","29","Merchant Marine Capacity"
"MapView.rsrc","3300","0x0ce4","","1",""
"MapView.rsrc","3300","0x0ce4","","2",""
"MapView.rsrc","3300","0x0ce4","","3","$55,555"
"MapView.rsrc","3300","0x0ce4","","4","Winter, 1888"
"MapView.rsrc","7010","0x1b62","","1","Diplomacy Offers"
"MapView.rsrc","7011","0x1b63","","1","Offer Sheet"
"MapView.rsrc","7014","0x1b66","","1","Deal Book"
"MapView.rsrc","7014","0x1b66","","2","Country name"
"MapView.rsrc","7014","0x1b66","","3","Exports"
"MapView.rsrc","7201","0x1c21","","1","Construction Options"
"Shipyard.rsrc","4000","0x0fa0","","1","Cost:"
"Shipyard.rsrc","4000","0x0fa0","","2","Available:"
"Shipyard.rsrc","4000","0x0fa0","","3",""
"Shipyard.rsrc","4000","0x0fa0","","4","Shipyard"
"Startup.rsrc","953","0x03b9","","1",""
"Startup.rsrc","953","0x03b9","","2",""
"Startup.rsrc","953","0x03b9","","3","Chumpto-Tulips"
"Startup.rsrc","1000","0x03e8","","1","Multiplayer"
"Startup.rsrc","1000","0x03e8","","2","Edit Map"
"Startup.rsrc","1000","0x03e8","","3","Oce"
"Startup.rsrc","1000","0x03e8","","4","For"
"Startup.rsrc","1000","0x03e8","","5","Pln"
"Startup.rsrc","1000","0x03e8","","6","Cot"
"Startup.rsrc","1000","0x03e8","","7","Liv"
"Startup.rsrc","1000","0x03e8","","8","Hil"
"Startup.rsrc","1000","0x03e8","","9","Mtn"
"Startup.rsrc","1000","0x03e8","","10","Swa"
"Startup.rsrc","1000","0x03e8","","11","Province"
"Startup.rsrc","1000","0x03e8","","12","Des"
"Startup.rsrc","1000","0x03e8","","13","Hor"
"Startup.rsrc","1000","0x03e8","","14","Grn"
"Startup.rsrc","1000","0x03e8","","15","Pro"
"Startup.rsrc","1000","0x03e8","","16","Shp"
"Startup.rsrc","1000","0x03e8","","17","Tun"
"Startup.rsrc","1000","0x03e8","","18","Coal"
"Startup.rsrc","1000","0x03e8","","19","Iron"
"Startup.rsrc","1000","0x03e8","","20","county seat"
"Startup.rsrc","1000","0x03e8","","21","Type"
"Startup.rsrc","1000","0x03e8","","22","Town"
"Startup.rsrc","1000","0x03e8","","23","City"
"Startup.rsrc","1000","0x03e8","","24","Rail"
"Startup.rsrc","1000","0x03e8","","25","River"
"Startup.rsrc","1000","0x03e8","","26","Gems"
"Startup.rsrc","1000","0x03e8","","27","Gold"
"Startup.rsrc","1000","0x03e8","","28","Oil"
"Startup.rsrc","1000","0x03e8","","29","Scb"
"Startup.rsrc","1001","0x03e9","","1","Traders"
"Startup.rsrc","1001","0x03e9","","2","Indiamen"
"Startup.rsrc","1001","0x03e9","","3","Frigates"
"Startup.rsrc","1001","0x03e9","","4","Ship-of-the-line"
"Startup.rsrc","1001","0x03e9","","5","Paddlewheelers"
"Startup.rsrc","1001","0x03e9","","6","Clippers"
"Startup.rsrc","1001","0x03e9","","7","Raiders"
"Startup.rsrc","1001","0x03e9","","8","Ironclads"
"Startup.rsrc","1001","0x03e9","","9","Battlecruisers"
"Startup.rsrc","1001","0x03e9","","10","Dreadnoughts"
"Startup.rsrc","1001","0x03e9","","11","Cruisers"
"Startup.rsrc","1001","0x03e9","","12","Freighters"
"Startup.rsrc","1001","0x03e9","","13","Battleships"
"Startup.rsrc","1004","0x03ec","","1","Game Setup"
"Startup.rsrc","1300","0x0514","","1","All AutoGP's"
"Startup.rsrc","1300","0x0514","","2","Names:"
"Startup.rsrc","1300","0x0514","","3","Static Text"
"Startup.rsrc","1300","0x0514","","4","Edit Province"
"Startup.rsrc","1300","0x0514","","5","Fort"
"Startup.rsrc","1300","0x0514","","6","SaveLoadExit"
"Startup.rsrc","1300","0x0514","","7","Historical"
"Startup.rsrc","1300","0x0514","","8","Random"
"Startup.rsrc","1300","0x0514","","9",""
"Startup.rsrc","1300","0x0514","","10",""
"Startup.rsrc","1300","0x0514","","11",""
"Startup.rsrc","1300","0x0514","","12","Introductory"
"Startup.rsrc","1300","0x0514","","13","Easy"
"Startup.rsrc","1300","0x0514","","14","Normal"
"Startup.rsrc","1300","0x0514","","15","Game name:"
"Startup.rsrc","1300","0x0514","","16","Revenge of the Patagonians"
"Startup.rsrc","1300","0x0514","","17","Hard"
"Startup.rsrc","1300","0x0514","","18","Nigh-On Impossible"
"Startup.rsrc","1300","0x0514","","19","Difficulty Setting"
"Startup.rsrc","1300","0x0514","","20",""
"Startup.rsrc","1300","0x0514","","21",""
"Startup.rsrc","1300","0x0514","","22","OK"
"Startup.rsrc","1300","0x0514","","23","Zimm (GP #0)"
"Startup.rsrc","1300","0x0514","","24","Player"
"Startup.rsrc","1300","0x0514","","25","Interior"
"Startup.rsrc","1300","0x0514","","26","Foreign"
"Startup.rsrc","1300","0x0514","","27","Defense"
"Startup.rsrc","1300","0x0514","","28",""
"Startup.rsrc","1300","0x0514","","29","Kem (GP #1)"
"Startup.rsrc","1300","0x0514","","30","Patagon (GP #2)"
"Startup.rsrc","1300","0x0514","","31","Haxaco (GP #3)"
"Startup.rsrc","1300","0x0514","","32","Deneb (GP #6)"
"Startup.rsrc","1300","0x0514","","33","Devron (GP #4)"
"Startup.rsrc","1300","0x0514","","34","Ordune (GP #5)"
"Startup.rsrc","8200","0x2008","","1","Range 3"
"Strings.rsrc","3010","0x0bc2","HelpStr terrain map set 1","1","Terrain Map Briefing #1"
"Strings.rsrc","3010","0x0bc2","HelpStr terrain map set 1","2","About Civilians"
"Strings.rsrc","3010","0x0bc2","HelpStr terrain map set 1","3","Displayed Information"
"Strings.rsrc","3010","0x0bc2","HelpStr terrain map set 1","4","Giving Orders"
"Strings.rsrc","3010","0x0bc2","HelpStr terrain map set 1","5","What do different cursors mean?"
"Strings.rsrc","3010","0x0bc2","HelpStr terrain map set 1","6","The unit cycle and selecting units"
"Strings.rsrc","3020","0x0bcc","HelpStr terrain map set 2","1","Terrain Map Briefing #2"
"Strings.rsrc","3020","0x0bcc","HelpStr terrain map set 2","2","About the Toolbar Buttons"
"Strings.rsrc","3020","0x0bcc","HelpStr terrain map set 2","3","Civilian Units on the Map"
"Strings.rsrc","3020","0x0bcc","HelpStr terrain map set 2","4","The four Unit buttons"
"Strings.rsrc","3020","0x0bcc","HelpStr terrain map set 2","5","Visiting the Orders screens"
"Strings.rsrc","3020","0x0bcc","HelpStr terrain map set 2","6","Shortcuts for moving on the map"
"Strings.rsrc","3030","0x0bd6","HelpStr Industry set 1","1","Industry Briefing #1"
"Strings.rsrc","3030","0x0bd6","HelpStr Industry set 1","2","About Industry"
"Strings.rsrc","3030","0x0bd6","HelpStr Industry set 1","3","Functions of Buildings"
"Strings.rsrc","3030","0x0bd6","HelpStr Industry set 1","4","Factory and Mill Production"
"Strings.rsrc","3030","0x0bd6","HelpStr Industry set 1","5","Trade School and Capitol"
"Strings.rsrc","3030","0x0bd6","HelpStr Industry set 1","6","Production Economies"
"Strings.rsrc","3040","0x0be0","HelpStr Introductory Message","1","Introductory Briefing"
"Strings.rsrc","3040","0x0be0","HelpStr Introductory Message","2","Welcome to Imperialism Demo"
"Strings.rsrc","3040","0x0be0","HelpStr Introductory Message","3","Getting More Help"
"Strings.rsrc","3040","0x0be0","HelpStr Introductory Message","4","7 Easy Goals"
"Strings.rsrc","3040","0x0be0","HelpStr Introductory Message","5","7 Medium Goals"
"Strings.rsrc","3040","0x0be0","HelpStr Introductory Message","6","12 Advanced Tips for Success"
"Strings.rsrc","3050","0x0bea","HelpStr Trade set 1","1","Trade Briefing #1"
"Strings.rsrc","3050","0x0bea","HelpStr Trade set 1","2","About Trade"
"Strings.rsrc","3050","0x0bea","HelpStr Trade set 1","3","Displayed Information"
"Strings.rsrc","3050","0x0bea","HelpStr Trade set 1","4","Giving Orders to Buy Commodities"
"Strings.rsrc","3050","0x0bea","HelpStr Trade set 1","5","What determines who gets offers of commodities?"
"Strings.rsrc","3050","0x0bea","HelpStr Trade set 1","6","What determines the World Prices?"
"Strings.rsrc","3060","0x0bf4","HelpStr trade set 2","1","Trade Briefing #2"
"Strings.rsrc","3060","0x0bf4","HelpStr trade set 2","2","Making a Profit"
"Strings.rsrc","3060","0x0bf4","HelpStr trade set 2","3","Goods to Sell"
"Strings.rsrc","3060","0x0bf4","HelpStr trade set 2","4","Using Offer sliders"
"Strings.rsrc","3060","0x0bf4","HelpStr trade set 2","5","Merchant Marine"
"Strings.rsrc","3070","0x0bfe","HelpStr diplomacy set 1","1","Diplomacy Briefing #1"
"Strings.rsrc","3070","0x0bfe","HelpStr diplomacy set 1","2","About Diplomacy"
"Strings.rsrc","3070","0x0bfe","HelpStr diplomacy set 1","3","Obtaining Information"
"Strings.rsrc","3070","0x0bfe","HelpStr diplomacy set 1","4","Diplomatic Orders"
"Strings.rsrc","3070","0x0bfe","HelpStr diplomacy set 1","5","Benefits and Costs of Trade Consulates"
"Strings.rsrc","3070","0x0bfe","HelpStr diplomacy set 1","6","Benefits and Costs of Declaring Wars"
"Strings.rsrc","3080","0x0c08","HelpStr techno set 1","1","Investing in Technology"
"Strings.rsrc","3080","0x0c08","HelpStr techno set 1","2","About Technology Investment"
"Strings.rsrc","3080","0x0c08","HelpStr techno set 1","3","Viewing the Technologies"
"Strings.rsrc","3080","0x0c08","HelpStr techno set 1","4","Purchasing new Technology"
"Strings.rsrc","3080","0x0c08","HelpStr techno set 1","5","Timing your Purchases"
"Strings.rsrc","3090","0x0c12","Chuck's tips set 1","1","Tips on Infrastructure"
"Strings.rsrc","3090","0x0c12","Chuck's tips set 1","2","Industry and the Capital"
"Strings.rsrc","3090","0x0c12","Chuck's tips set 1","3","Gaining more Resources"
"Strings.rsrc","3090","0x0c12","Chuck's tips set 1","4","Growth of Villages"
"Strings.rsrc","3090","0x0c12","Chuck's tips set 1","5","New Technology"
"Strings.rsrc","3090","0x0c12","Chuck's tips set 1","6","Disbanding Civilians"
"Strings.rsrc","3100","0x0c1c","Chuck's tips set 2","1","Foreign Policy Tips"
"Strings.rsrc","3100","0x0c1c","Chuck's tips set 2","2","Diplomatic Policies"
"Strings.rsrc","3100","0x0c1c","Chuck's tips set 2","3","Military Intelligence"
"Strings.rsrc","3100","0x0c1c","Chuck's tips set 2","4","Obtaining Leaders"
"Strings.rsrc","3100","0x0c1c","Chuck's tips set 2","5","Trade and Diplomacy"
"Strings.rsrc","3100","0x0c1c","Chuck's tips set 2","6","Developing Minor Nations"
"Strings.rsrc","3110","0x0c26","HelpStr diplo set 2","1","Diplomacy Briefing #2"
"Strings.rsrc","3110","0x0c26","HelpStr diplo set 2","2","More about Diplomacy"
"Strings.rsrc","3110","0x0c26","HelpStr diplo set 2","3","Other countries’ products"
"Strings.rsrc","3110","0x0c26","HelpStr diplo set 2","4","Setting Trade Policies"
"Strings.rsrc","3110","0x0c26","HelpStr diplo set 2","5","The Value of an Embassy"
"Strings.rsrc","3110","0x0c26","HelpStr diplo set 2","6","Diplomatic Strategy"
"Strings.rsrc","3120","0x0c30","HelpStr trade offer set 1","1","Trade Offers Briefing"
"Strings.rsrc","3120","0x0c30","HelpStr trade offer set 1","2","About Deals for Commodities"
"Strings.rsrc","3120","0x0c30","HelpStr trade offer set 1","3","Using the Trade Book"
"Strings.rsrc","3120","0x0c30","HelpStr trade offer set 1","4","Getting Minister Advice"
"Strings.rsrc","3120","0x0c30","HelpStr trade offer set 1","5","Accepting an Offer"
"Strings.rsrc","3120","0x0c30","HelpStr trade offer set 1","6","Merchant Marine and Commodity Order"
"Strings.rsrc","3130","0x0c3a","HelpStr transport set 1","1","Transport Ledger Briefing"
"Strings.rsrc","3130","0x0c3a","HelpStr transport set 1","2","About the Transport Network"
"Strings.rsrc","3130","0x0c3a","HelpStr transport set 1","3","Information on the Ledger"
"Strings.rsrc","3130","0x0c3a","HelpStr transport set 1","4","Using Sliders "
"Strings.rsrc","3130","0x0c3a","HelpStr transport set 1","5","Transport Extra Food"
"Strings.rsrc","3130","0x0c3a","HelpStr transport set 1","6","Planning a Transport System"
"Strings.rsrc","3140","0x0c44","HelpStr industry set 2","1","Industry Briefing #2"
"Strings.rsrc","3140","0x0c44","HelpStr industry set 2","2","About Industrial Production"
"Strings.rsrc","3140","0x0c44","HelpStr industry set 2","3","Production Dialogs"
"Strings.rsrc","3140","0x0c44","HelpStr industry set 2","4","Giving Orders to Expand Industry"
"Strings.rsrc","3140","0x0c44","HelpStr industry set 2","5","The Railyard"
"Strings.rsrc","3140","0x0c44","HelpStr industry set 2","6","Saving Orders to Next Turn"
"Strings.rsrc","3150","0x0c4e","HelpStr Industry set 3","1","Industry Briefing #3"
"Strings.rsrc","3150","0x0c4e","HelpStr Industry set 3","2","About Unit Construction"
"Strings.rsrc","3150","0x0c4e","HelpStr Industry set 3","3","Cost of new Units"
"Strings.rsrc","3150","0x0c4e","HelpStr Industry set 3","4","Giving Orders to build Units"
"Strings.rsrc","3150","0x0c4e","HelpStr Industry set 3","5","How Many Units to Build?"
"Strings.rsrc","3150","0x0c4e","HelpStr Industry set 3","6","Watch for Warnings"
"Strings.rsrc","3160","0x0c58","HelpStr Diplomacy Offers set 1","1","Diplomacy Offers Briefing"
"Strings.rsrc","3160","0x0c58","HelpStr Diplomacy Offers set 1","2","About Diplomacy Offers"
"Strings.rsrc","3160","0x0c58","HelpStr Diplomacy Offers set 1","3","Obtaining Information"
"Strings.rsrc","3160","0x0c58","HelpStr Diplomacy Offers set 1","4","Consequences of Accepting"
"Strings.rsrc","3160","0x0c58","HelpStr Diplomacy Offers set 1","5","Alliances and Pacts"
"Strings.rsrc","3160","0x0c58","HelpStr Diplomacy Offers set 1","6","Intervention in Minor Nations"
"Strings.rsrc","3170","0x0c62","HelpStr Battle Rep Set 1","1","Battle Reports Briefing"
"Strings.rsrc","3170","0x0c62","HelpStr Battle Rep Set 1","2","About Battle Reports"
"Strings.rsrc","3170","0x0c62","HelpStr Battle Rep Set 1","3","Displayed Information"
"Strings.rsrc","3170","0x0c62","HelpStr Battle Rep Set 1","4","Giving Orders"
"Strings.rsrc","3180","0x0c6c","HelpStr Tactical Set 1","1","Tactical Battles Briefing"
"Strings.rsrc","3180","0x0c6c","HelpStr Tactical Set 1","2","About Tactical Battles"
"Strings.rsrc","3180","0x0c6c","HelpStr Tactical Set 1","3","Displayed Information"
"Strings.rsrc","3180","0x0c6c","HelpStr Tactical Set 1","4","Commanding your Regiments"
"Strings.rsrc","3180","0x0c6c","HelpStr Tactical Set 1","5","Using the Toolbar"
"Strings.rsrc","3180","0x0c6c","HelpStr Tactical Set 1","6","Tactics on the Battlefield"
"Strings.rsrc","3190","0x0c76","HelpStr Council of Govs set 1","1","Council of Governors Briefing"
"Strings.rsrc","3190","0x0c76","HelpStr Council of Govs set 1","2","About the Council of Governors"
"Strings.rsrc","3190","0x0c76","HelpStr Council of Govs set 1","3","Displayed Information"
"Strings.rsrc","3190","0x0c76","HelpStr Council of Govs set 1","4","Winning Votes"
"Strings.rsrc","3190","0x0c76","HelpStr Council of Govs set 1","5","Votes from Owned or Colonized Provinces"
"Strings.rsrc","3190","0x0c76","HelpStr Council of Govs set 1","6","Votes from Provinces in Other Countries"
"Strings.rsrc","3210","0x0c8a","Helpstr deal book set 1","1","Deal Book Briefing"
"Strings.rsrc","3210","0x0c8a","Helpstr deal book set 1","2","About the Deal Book"
"Strings.rsrc","3210","0x0c8a","Helpstr deal book set 1","3","Available Information"
"Strings.rsrc","3210","0x0c8a","Helpstr deal book set 1","4","Overseas Profits"
"Strings.rsrc","3210","0x0c8a","Helpstr deal book set 1","5","The Credit Limit"
"Strings.rsrc","3220","0x0c94","HelpStr Terrain Map set 3","1","Terrain Map Briefing #3"
"Strings.rsrc","3220","0x0c94","HelpStr Terrain Map set 3","2","Marshaling your armies"
"Strings.rsrc","3220","0x0c94","HelpStr Terrain Map set 3","3","How to deploy in friendly provinces"
"Strings.rsrc","3220","0x0c94","HelpStr Terrain Map set 3","4","How to attack an adjacent province"
"Strings.rsrc","3220","0x0c94","HelpStr Terrain Map set 3","5","How to invade from the sea"
"Strings.rsrc","3220","0x0c94","HelpStr Terrain Map set 3","6","Using the Garrison Book"
"Strings.rsrc","3230","0x0c9e","Helpstr Terrain Map set 4","1","Terrain Map Briefing #4"
"Strings.rsrc","3230","0x0c9e","Helpstr Terrain Map set 4","2","Ordering your fleets"
"Strings.rsrc","3230","0x0c9e","Helpstr Terrain Map set 4","3","Moving to other seas"
"Strings.rsrc","3230","0x0c9e","Helpstr Terrain Map set 4","4","Blockades and Patrols"
"Strings.rsrc","3230","0x0c9e","Helpstr Terrain Map set 4","5","Establish a Landing"
"Strings.rsrc","3240","0x0ca8","Helpstr Terrain Map set 5","1","Terrain Map Briefing #5"
"Strings.rsrc","3240","0x0ca8","Helpstr Terrain Map set 5","2","How to get a Developer"
"Strings.rsrc","3240","0x0ca8","Helpstr Terrain Map set 5","3","Where can the Developer Work?"
"Strings.rsrc","3240","0x0ca8","Helpstr Terrain Map set 5","4","How to purchase Land"
"Strings.rsrc","3240","0x0ca8","Helpstr Terrain Map set 5","5","Improving Land you Buy"
"Strings.rsrc","3240","0x0ca8","Helpstr Terrain Map set 5","6","Overseas Profits"
"Strings.rsrc","3250","0x0cb2","HelpStr Pref set 1","1","Preferences Briefing"
"Strings.rsrc","3250","0x0cb2","HelpStr Pref set 1","2","Introduction"
"Strings.rsrc","3250","0x0cb2","HelpStr Pref set 1","3","Tactical or Strategic Battles?"
"Strings.rsrc","3250","0x0cb2","HelpStr Pref set 1","4","Minister Briefings"
"Strings.rsrc","3260","0x0cbc","HelpStr Introductory Message","1","Introductory Briefing"
"Strings.rsrc","3260","0x0cbc","HelpStr Introductory Message","2","Introductory Message"
"Strings.rsrc","3260","0x0cbc","HelpStr Introductory Message","3","Getting more help"
"Strings.rsrc","3260","0x0cbc","HelpStr Introductory Message","4","How to win"
"Strings.rsrc","3260","0x0cbc","HelpStr Introductory Message","5","Game settings and saving your game"
"Strings.rsrc","3260","0x0cbc","HelpStr Introductory Message","6","Taking your turn"
"Strings.rsrc","3270","0x0cc6","Chuck's tips set 3","1","Long term planning"
"Strings.rsrc","3270","0x0cc6","Chuck's tips set 3","2","Vulnerable coastline"
"Strings.rsrc","3270","0x0cc6","Chuck's tips set 3","3","Course of the game"
"Strings.rsrc","3280","0x0cd0","Helpstr City Site Select","1","City Site Selection Briefing"
"Strings.rsrc","3280","0x0cd0","Helpstr City Site Select","2","Searching for the best site"
"Strings.rsrc","3280","0x0cd0","Helpstr City Site Select","3","The need for food"
"Strings.rsrc","3280","0x0cd0","Helpstr City Site Select","4","The value of timber"
"Strings.rsrc","3280","0x0cd0","Helpstr City Site Select","5","Evaluating your country"
"Strings.rsrc","3280","0x0cd0","Helpstr City Site Select","6","How to start again"
"Strings.rsrc","3290","0x0cda","HelpStr Status set 1","1","Status Screen Briefing"
"Strings.rsrc","3290","0x0cda","HelpStr Status set 1","2","About Status Screens"
"Strings.rsrc","3290","0x0cda","HelpStr Status set 1","3","Displayed Information"
"Strings.rsrc","3310","0x0cee","minister bio 1","1","The Man Behind the Face"
"Strings.rsrc","3310","0x0cee","minister bio 1","2","Prince Klemens von Metternich"
"Strings.rsrc","3340","0x0d0c","minister bio 2","1","The Man Behind the Face"
"Strings.rsrc","3340","0x0d0c","minister bio 2","2","Prince Otto von Bismarck"
"Strings.rsrc","3350","0x0d16","minister bio 3","1","The Man Behind the Face"
"Strings.rsrc","3350","0x0d16","minister bio 3","2","J. P. Morgan"
"Strings.rsrc","6000","0x1770","Slideshow titles (Demo only)","1","Acquire up to 28 technologies to improve your industrial and military power..."
"Strings.rsrc","6000","0x1770","Slideshow titles (Demo only)","2","...develop your placid countryside into a giant industrial machine..."
"Strings.rsrc","6000","0x1770","Slideshow titles (Demo only)","3","...see your country towns grow and add new materials to your sprawling transport network..."
"Strings.rsrc","6000","0x1770","Slideshow titles (Demo only)","4","...create dozens of different military units up to early World War I era tanks..."
"Strings.rsrc","6000","0x1770","Slideshow titles (Demo only)","5","...dominate the world markets and strangle your opponents’ trade..."
"Strings.rsrc","6000","0x1770","Slideshow titles (Demo only)","6","...build enormous factories and power them with oil-burning power plants..."
"Strings.rsrc","6000","0x1770","Slideshow titles (Demo only)","7","...crush your enemies forces using the optional tactical combat engine..."
"Strings.rsrc","6000","0x1770","Slideshow titles (Demo only)","8","...view the aftermath of battles on the combat reports screen..."
"Strings.rsrc","6000","0x1770","Slideshow titles (Demo only)","9","...earn additional exciting rewards for your excellent gameplay!"
"Strings.rsrc","7200","0x1c20","engineer","1","($2,000) A connected Depot here will gather the following resources:"
"Strings.rsrc","7200","0x1c20","engineer","2","($3,000) A Port does not require connecting rail, and provides additional fish: "
"Strings.rsrc","7200","0x1c20","engineer","3","($5,000) A level one fort here will protect army units. "
"Strings.rsrc","7200","0x1c20","engineer","4","($7,500) A level two fort will increase protection of armies in this province."
"Strings.rsrc","7200","0x1c20","engineer","5","($10,000) A level three fort provides maximum protection for your troops."
"Strings.rsrc","7200","0x1c20","engineer","6","Construction Options"
"Strings.rsrc","7350","0x1cb6","Terrain Info strings","1","Produces:"
"Strings.rsrc","7350","0x1cb6","Terrain Info strings","2","Can Produce:"
"Strings.rsrc","7350","0x1cb6","Terrain Info strings","3","A Miner here: +"
"Strings.rsrc","7350","0x1cb6","Terrain Info strings","4","A Farmer here: +"
"Strings.rsrc","7350","0x1cb6","Terrain Info strings","5","A Forester here: +"
"Strings.rsrc","7350","0x1cb6","Terrain Info strings","6","A Driller here: +"
"Strings.rsrc","7351","0x1cb7","Terrain names","1","Plains"
"Strings.rsrc","7351","0x1cb7","Terrain names","2","Forest"
"Strings.rsrc","7351","0x1cb7","Terrain names","3","Hills"
"Strings.rsrc","7351","0x1cb7","Terrain names","4","Mountain"
"Strings.rsrc","7351","0x1cb7","Terrain names","5","Swamp"
"Strings.rsrc","7351","0x1cb7","Terrain names","6","Water"
"Strings.rsrc","7351","0x1cb7","Terrain names","7","Desert"
"Strings.rsrc","7351","0x1cb7","Terrain names","8","Farmland"
"Strings.rsrc","8000","0x1f40","GP0 province names Zimm","1","Zimm City"
"Strings.rsrc","8000","0x1f40","GP0 province names Zimm","2","Bergen"
"Strings.rsrc","8000","0x1f40","GP0 province names Zimm","3","Sussex"
"Strings.rsrc","8000","0x1f40","GP0 province names Zimm","4","Essex"
"Strings.rsrc","8000","0x1f40","GP0 province names Zimm","5","Morris"
"Strings.rsrc","8000","0x1f40","GP0 province names Zimm","6","Nassau"
"Strings.rsrc","8000","0x1f40","GP0 province names Zimm","7","Passaic"
"Strings.rsrc","8000","0x1f40","GP0 province names Zimm","8","Warren"
"Strings.rsrc","8000","0x1f40","GP0 province names Zimm","9","Monmouth"
"Strings.rsrc","8001","0x1f41","GP1 province names Kem","1","Kem City"
"Strings.rsrc","8001","0x1f41","GP1 province names Kem","2","Latev"
"Strings.rsrc","8001","0x1f41","GP1 province names Kem","3","Koryak"
"Strings.rsrc","8001","0x1f41","GP1 province names Kem","4","Hukchi"
"Strings.rsrc","8001","0x1f41","GP1 province names Kem","5","Narvik"
"Strings.rsrc","8001","0x1f41","GP1 province names Kem","6","Kara"
"Strings.rsrc","8001","0x1f41","GP1 province names Kem","7","Tromso"
"Strings.rsrc","8001","0x1f41","GP1 province names Kem","8","Tiksi"
"Strings.rsrc","8001","0x1f41","GP1 province names Kem","9","Totyev"
"Strings.rsrc","8002","0x1f42","GP2 province names Patagon","1","Patagon City"
"Strings.rsrc","8002","0x1f42","GP2 province names Patagon","2","Kifisia"
"Strings.rsrc","8002","0x1f42","GP2 province names Patagon","3","Perissos"
"Strings.rsrc","8002","0x1f42","GP2 province names Patagon","4","Petralona"
"Strings.rsrc","8002","0x1f42","GP2 province names Patagon","5","Faliro"
"Strings.rsrc","8002","0x1f42","GP2 province names Patagon","6","Patisia"
"Strings.rsrc","8002","0x1f42","GP2 province names Patagon","7","Kallithea"
"Strings.rsrc","8002","0x1f42","GP2 province names Patagon","8","Pereus"
"Strings.rsrc","8002","0x1f42","GP2 province names Patagon","9","Callisto"
"Strings.rsrc","8003","0x1f43","GP3 province names Haxaco","1","Haxaco City"
"Strings.rsrc","8003","0x1f43","GP3 province names Haxaco","2","Hopatcong"
"Strings.rsrc","8003","0x1f43","GP3 province names Haxaco","3","Hackensack"
"Strings.rsrc","8003","0x1f43","GP3 province names Haxaco","4","Weehawken"
"Strings.rsrc","8003","0x1f43","GP3 province names Haxaco","5","Secaucus"
"Strings.rsrc","8003","0x1f43","GP3 province names Haxaco","6","Watchung"
"Strings.rsrc","8003","0x1f43","GP3 province names Haxaco","7","Piscataway"
"Strings.rsrc","8003","0x1f43","GP3 province names Haxaco","8","Peapack"
"Strings.rsrc","8003","0x1f43","GP3 province names Haxaco","9","Teaneck"
"Strings.rsrc","8004","0x1f44","GP4 province names Devron","1","Devron City"
"Strings.rsrc","8004","0x1f44","GP4 province names Devron","2","Taraval"
"Strings.rsrc","8004","0x1f44","GP4 province names Devron","3","Moraga"
"Strings.rsrc","8004","0x1f44","GP4 province names Devron","4","Pacheco"
"Strings.rsrc","8004","0x1f44","GP4 province names Devron","5","Rivera"
"Strings.rsrc","8004","0x1f44","GP4 province names Devron","6","Ulloa"
"Strings.rsrc","8004","0x1f44","GP4 province names Devron","7","Wawona"
"Strings.rsrc","8004","0x1f44","GP4 province names Devron","8","Anza"
"Strings.rsrc","8004","0x1f44","GP4 province names Devron","9","Lopez"
"Strings.rsrc","8005","0x1f45","GP5 province names Ordune","1","Ordune City"
"Strings.rsrc","8005","0x1f45","GP5 province names Ordune","2","Dunbar"
"Strings.rsrc","8005","0x1f45","GP5 province names Ordune","3","Dunlap"
"Strings.rsrc","8005","0x1f45","GP5 province names Ordune","4","Dunham"
"Strings.rsrc","8005","0x1f45","GP5 province names Ordune","5","Brigadune"
"Strings.rsrc","8005","0x1f45","GP5 province names Ordune","6","Dundee"
"Strings.rsrc","8005","0x1f45","GP5 province names Ordune","7","Oban"
"Strings.rsrc","8005","0x1f45","GP5 province names Ordune","8","Banburn"
"Strings.rsrc","8005","0x1f45","GP5 province names Ordune","9","Dunmore"
"Strings.rsrc","8006","0x1f46","gp6 province names Deneb","1","Deneb City"
"Strings.rsrc","8006","0x1f46","gp6 province names Deneb","2","Lochmaddy"
"Strings.rsrc","8006","0x1f46","gp6 province names Deneb","3","Lochinvar"
"Strings.rsrc","8006","0x1f46","gp6 province names Deneb","4","Gairloch"
"Strings.rsrc","8006","0x1f46","gp6 province names Deneb","5","Girvan"
"Strings.rsrc","8006","0x1f46","gp6 province names Deneb","6","Feolin"
"Strings.rsrc","8006","0x1f46","gp6 province names Deneb","7","Mallaig"
"Strings.rsrc","8006","0x1f46","gp6 province names Deneb","8","Nairn"
"Strings.rsrc","8006","0x1f46","gp6 province names Deneb","9","Banlingen"
"Strings.rsrc","8007","0x1f47","m7 province names Idolon","1","Idolon City"
"Strings.rsrc","8007","0x1f47","m7 province names Idolon","2","Boonton"
"Strings.rsrc","8007","0x1f47","m7 province names Idolon","3","Freedon"
"Strings.rsrc","8007","0x1f47","m7 province names Idolon","4","Kenelon"
"Strings.rsrc","8007","0x1f47","m7 province names Idolon","5","Abalon"
"Strings.rsrc","8008","0x1f48","m8 provinces Kessel","1","Kessel City"
"Strings.rsrc","8008","0x1f48","m8 provinces Kessel","2","Toftlund"
"Strings.rsrc","8008","0x1f48","m8 provinces Kessel","3","Skrydstrup"
"Strings.rsrc","8008","0x1f48","m8 provinces Kessel","4","Nordborg"
"Strings.rsrc","8008","0x1f48","m8 provinces Kessel","5","Ijmuiden"
"Strings.rsrc","8009","0x1f49","Issa provinces","1","Issa city"
"Strings.rsrc","8009","0x1f49","Issa provinces","2","Morissa"
"Strings.rsrc","8009","0x1f49","Issa provinces","3","Dessa"
"Strings.rsrc","8009","0x1f49","Issa provinces","4","Lorassa"
"Strings.rsrc","8009","0x1f49","Issa provinces","5","Mildassa"
"Strings.rsrc","8010","0x1f4a","m10 provinces Zinlu","1","Zinlu City"
"Strings.rsrc","8010","0x1f4a","m10 provinces Zinlu","2","Zabinda"
"Strings.rsrc","8010","0x1f4a","m10 provinces Zinlu","3","Kanfulu"
"Strings.rsrc","8010","0x1f4a","m10 provinces Zinlu","4","Kindu"
"Strings.rsrc","8010","0x1f4a","m10 provinces Zinlu","5","Lanpulu"
"Strings.rsrc","8011","0x1f4b","m11 provinces Pram","1","Pram City"
"Strings.rsrc","8011","0x1f4b","m11 provinces Pram","2","Tenafly"
"Strings.rsrc","8011","0x1f4b","m11 provinces Pram","3","Cresskill"
"Strings.rsrc","8011","0x1f4b","m11 provinces Pram","4","Demarest"
"Strings.rsrc","8011","0x1f4b","m11 provinces Pram","5","Watervliet"
"Strings.rsrc","8012","0x1f4c","m12 provinces Loke","1","Loke City"
"Strings.rsrc","8012","0x1f4c","m12 provinces Loke","2","Lodi"
"Strings.rsrc","8012","0x1f4c","m12 provinces Loke","3","Lavi"
"Strings.rsrc","8012","0x1f4c","m12 provinces Loke","4","Malon"
"Strings.rsrc","8012","0x1f4c","m12 provinces Loke","5","Domi"
"Strings.rsrc","8013","0x1f4d","m13 provinces manx","1","Manx City"
"Strings.rsrc","8013","0x1f4d","m13 provinces manx","2","Yaren"
"Strings.rsrc","8013","0x1f4d","m13 provinces manx","3","Funafuti"
"Strings.rsrc","8013","0x1f4d","m13 provinces manx","4","Suva"
"Strings.rsrc","8013","0x1f4d","m13 provinces manx","5","Yarfulen"
"Strings.rsrc","8014","0x1f4e","m14 provinces pont","1","Pont City"
"Strings.rsrc","8014","0x1f4e","m14 provinces pont","2","Amesbury"
"Strings.rsrc","8014","0x1f4e","m14 provinces pont","3","Shropshire"
"Strings.rsrc","8014","0x1f4e","m14 provinces pont","4","Stratford"
"Strings.rsrc","8014","0x1f4e","m14 provinces pont","5","Salisbury"
"Strings.rsrc","8015","0x1f4f","m15 provinces wodan","1","Wodan City"
"Strings.rsrc","8015","0x1f4f","m15 provinces wodan","2","Richland"
"Strings.rsrc","8015","0x1f4f","m15 provinces wodan","3","Kenniwick"
"Strings.rsrc","8015","0x1f4f","m15 provinces wodan","4","Pasco"
"Strings.rsrc","8015","0x1f4f","m15 provinces wodan","5","Bellevue"
"Strings.rsrc","8016","0x1f50","m16 provinces zazi","1","Zazi City"
"Strings.rsrc","8016","0x1f50","m16 provinces zazi","2","Amir"
"Strings.rsrc","8016","0x1f50","m16 provinces zazi","3","Uri"
"Strings.rsrc","8016","0x1f50","m16 provinces zazi","4","Elon"
"Strings.rsrc","8016","0x1f50","m16 provinces zazi","5","Yosi"
"Strings.rsrc","8017","0x1f51","m17 provinces hurschen","1","Hurschen City"
"Strings.rsrc","8017","0x1f51","m17 provinces hurschen","2","Ginosar"
"Strings.rsrc","8017","0x1f51","m17 provinces hurschen","3","Galon"
"Strings.rsrc","8017","0x1f51","m17 provinces hurschen","4","Eingev"
"Strings.rsrc","8017","0x1f51","m17 provinces hurschen","5","Gazit"
"Strings.rsrc","8018","0x1f52","m18 provinces Twelt","1","Twelt City"
"Strings.rsrc","8018","0x1f52","m18 provinces Twelt","2","Hobart"
"Strings.rsrc","8018","0x1f52","m18 provinces Twelt","3","Brisbane"
"Strings.rsrc","8018","0x1f52","m18 provinces Twelt","4","Peabody"
"Strings.rsrc","8018","0x1f52","m18 provinces Twelt","5","Taz"
"Strings.rsrc","8019","0x1f53","m19 provinces dedge","1","Dedge City"
"Strings.rsrc","8019","0x1f53","m19 provinces dedge","2","Nyack"
"Strings.rsrc","8019","0x1f53","m19 provinces dedge","3","Haverstraw"
"Strings.rsrc","8019","0x1f53","m19 provinces dedge","4","Tappan"
"Strings.rsrc","8019","0x1f53","m19 provinces dedge","5","Ridgemont"
"Strings.rsrc","8020","0x1f54","m20 provinces kathay","1","Kathay City"
"Strings.rsrc","8020","0x1f54","m20 provinces kathay","2","Penthar"
"Strings.rsrc","8020","0x1f54","m20 provinces kathay","3","Osnot"
"Strings.rsrc","8020","0x1f54","m20 provinces kathay","4","Thurston"
"Strings.rsrc","8020","0x1f54","m20 provinces kathay","5","Mul"
"Strings.rsrc","8021","0x1f55","m21 provinces bruhr","1","Bruhr City"
"Strings.rsrc","8021","0x1f55","m21 provinces bruhr","2","Braemar"
"Strings.rsrc","8021","0x1f55","m21 provinces bruhr","3","Ballater"
"Strings.rsrc","8021","0x1f55","m21 provinces bruhr","4","Abmear"
"Strings.rsrc","8021","0x1f55","m21 provinces bruhr","5","Harmear"
"Strings.rsrc","8022","0x1f56","m22 provinces sindel","1","Sindel City"
"Strings.rsrc","8022","0x1f56","m22 provinces sindel","2","Vershire"
"Strings.rsrc","8022","0x1f56","m22 provinces sindel","3","Putney"
"Strings.rsrc","8022","0x1f56","m22 provinces sindel","4","Barnard"
"Strings.rsrc","8022","0x1f56","m22 provinces sindel","5","Chelsea"
"Strings.rsrc","8023","0x1f57","kStrPeopleNames","1","Goody"
"Strings.rsrc","8023","0x1f57","kStrPeopleNames","2","Baker"
"Strings.rsrc","8023","0x1f57","kStrPeopleNames","3","Nelson"
"Strings.rsrc","8023","0x1f57","kStrPeopleNames","4","Jackson"
"Strings.rsrc","8023","0x1f57","kStrPeopleNames","5","Ball"
"Strings.rsrc","8023","0x1f57","kStrPeopleNames","6","Ballarat"
"Strings.rsrc","8023","0x1f57","kStrPeopleNames","7","Fielder"
"Strings.rsrc","8023","0x1f57","kStrPeopleNames","8","Gardner"
"Strings.rsrc","8023","0x1f57","kStrPeopleNames","9","Kalamaz"
"Strings.rsrc","8023","0x1f57","kStrPeopleNames","10","Cooke"
"Strings.rsrc","8023","0x1f57","kStrPeopleNames","11","Balrog"
"Strings.rsrc","8023","0x1f57","kStrPeopleNames","12","Barnes"
"Strings.rsrc","8023","0x1f57","kStrPeopleNames","13","Basilisk"
"Strings.rsrc","8023","0x1f57","kStrPeopleNames","14","Akbarre"
"Strings.rsrc","8023","0x1f57","kStrPeopleNames","15","Holmes"
"Strings.rsrc","8023","0x1f57","kStrPeopleNames","16","Wickham"
"Strings.rsrc","8023","0x1f57","kStrPeopleNames","17","Austen"
"Strings.rsrc","8023","0x1f57","kStrPeopleNames","18","Brownstone"
"Strings.rsrc","8023","0x1f57","kStrPeopleNames","19","Simon"
"Strings.rsrc","8023","0x1f57","kStrPeopleNames","20","Beck"
"Strings.rsrc","8023","0x1f57","kStrPeopleNames","21","Peck"
"Strings.rsrc","8023","0x1f57","kStrPeopleNames","22","Green"
"Strings.rsrc","8023","0x1f57","kStrPeopleNames","23","Sansing"
"Strings.rsrc","8023","0x1f57","kStrPeopleNames","24","Vierra"
"Strings.rsrc","8023","0x1f57","kStrPeopleNames","25","Ferrari"
"Strings.rsrc","8023","0x1f57","kStrPeopleNames","26","Bennet"
"Strings.rsrc","8023","0x1f57","kStrPeopleNames","27","Buscemi"
"Strings.rsrc","8023","0x1f57","kStrPeopleNames","28","Dorrn"
"Strings.rsrc","8023","0x1f57","kStrPeopleNames","29","Doty"
"Strings.rsrc","8023","0x1f57","kStrPeopleNames","30","Horney"
"Strings.rsrc","8023","0x1f57","kStrPeopleNames","31","Forester"
"Strings.rsrc","8023","0x1f57","kStrPeopleNames","32","O'Brien"
"Strings.rsrc","8023","0x1f57","kStrPeopleNames","33","Simpson"
"Strings.rsrc","8023","0x1f57","kStrPeopleNames","34","Eskew"
"Strings.rsrc","8023","0x1f57","kStrPeopleNames","35","Scully"
"Strings.rsrc","8023","0x1f57","kStrPeopleNames","36","Mulder"
"Strings.rsrc","8023","0x1f57","kStrPeopleNames","37","Lewis"
"Strings.rsrc","8023","0x1f57","kStrPeopleNames","38","Clark"
"Strings.rsrc","8023","0x1f57","kStrPeopleNames","39","Stevens"
"Strings.rsrc","8023","0x1f57","kStrPeopleNames","40","Darren"
"Strings.rsrc","8023","0x1f57","kStrPeopleNames","41","Benedict"
"Strings.rsrc","8023","0x1f57","kStrPeopleNames","42","Equinox"
"Strings.rsrc","8023","0x1f57","kStrPeopleNames","43","Gross"
"Strings.rsrc","8023","0x1f57","kStrPeopleNames","44","Murdoch"
"Strings.rsrc","8023","0x1f57","kStrPeopleNames","45","Fredrickson"
"Strings.rsrc","8023","0x1f57","kStrPeopleNames","46","Smith"
"Strings.rsrc","8023","0x1f57","kStrPeopleNames","47","Jones"
"Strings.rsrc","8023","0x1f57","kStrPeopleNames","48","Johnson"
"Strings.rsrc","8023","0x1f57","kStrPeopleNames","49","Niven"
"Strings.rsrc","8023","0x1f57","kStrPeopleNames","50","Cherry"
"Strings.rsrc","8023","0x1f57","kStrPeopleNames","51","Peach"
"Strings.rsrc","8023","0x1f57","kStrPeopleNames","52","Daniel"
"Strings.rsrc","8023","0x1f57","kStrPeopleNames","53","McCarthy"
"Strings.rsrc","8023","0x1f57","kStrPeopleNames","54","Lister"
"Strings.rsrc","8023","0x1f57","kStrPeopleNames","55","Rimmer"
"Strings.rsrc","8023","0x1f57","kStrPeopleNames","56","Juvet"
"Strings.rsrc","8023","0x1f57","kStrPeopleNames","57","Klein"
"Strings.rsrc","8023","0x1f57","kStrPeopleNames","58","Fletcher"
"Strings.rsrc","8023","0x1f57","kStrPeopleNames","59","Curry"
"Strings.rsrc","8023","0x1f57","kStrPeopleNames","60","Crumlish"
"Strings.rsrc","8023","0x1f57","kStrPeopleNames","61","Bligh"
"Strings.rsrc","8023","0x1f57","kStrPeopleNames","62","Andrews"
"Strings.rsrc","8023","0x1f57","kStrPeopleNames","63","Lawes"
"Strings.rsrc","8023","0x1f57","kStrPeopleNames","64","Nicolas"
"Strings.rsrc","8023","0x1f57","kStrPeopleNames","65","North"
"Strings.rsrc","8023","0x1f57","kStrPeopleNames","66","Reifel"
"Strings.rsrc","8023","0x1f57","kStrPeopleNames","67","Poindexter"
"Strings.rsrc","8023","0x1f57","kStrPeopleNames","68","MacDonald"
"Strings.rsrc","8023","0x1f57","kStrPeopleNames","69","Scotty"
"Strings.rsrc","8023","0x1f57","kStrPeopleNames","70","Kirk"
"Strings.rsrc","8023","0x1f57","kStrPeopleNames","71","Sweeny"
"Strings.rsrc","8023","0x1f57","kStrPeopleNames","72","McCoy"
"Strings.rsrc","8023","0x1f57","kStrPeopleNames","73","Emmerich"
"Strings.rsrc","8023","0x1f57","kStrPeopleNames","74","Chamberlain"
"Strings.rsrc","8023","0x1f57","kStrPeopleNames","75","Norman"
"Strings.rsrc","8023","0x1f57","kStrPeopleNames","76","Saxon"
"Strings.rsrc","8023","0x1f57","kStrPeopleNames","77","Roman"
"Strings.rsrc","8023","0x1f57","kStrPeopleNames","78","Martin"
"Strings.rsrc","8023","0x1f57","kStrPeopleNames","79","Noakes"
"Strings.rsrc","8023","0x1f57","kStrPeopleNames","80","Collins"
"Strings.rsrc","8023","0x1f57","kStrPeopleNames","81","Wimsey"
"Strings.rsrc","8023","0x1f57","kStrPeopleNames","82","Vane"
"Strings.rsrc","8023","0x1f57","kStrPeopleNames","83","Pratt"
"Strings.rsrc","8023","0x1f57","kStrPeopleNames","84","Aubrey"
"Strings.rsrc","8023","0x1f57","kStrPeopleNames","85","Ragusa"
"Strings.rsrc","8023","0x1f57","kStrPeopleNames","86","Radcliffe"
"Strings.rsrc","8023","0x1f57","kStrPeopleNames","87","Anderson"
"Strings.rsrc","8023","0x1f57","kStrPeopleNames","88","Gunder"
"Strings.rsrc","8023","0x1f57","kStrPeopleNames","89","Guano"
"Strings.rsrc","8023","0x1f57","kStrPeopleNames","90","Mooney"
"Strings.rsrc","8023","0x1f57","kStrPeopleNames","91","Sooner"
"Strings.rsrc","8023","0x1f57","kStrPeopleNames","92","Samford"
"Strings.rsrc","8023","0x1f57","kStrPeopleNames","93","Watson"
"Strings.rsrc","8023","0x1f57","kStrPeopleNames","94","Fisher"
"Strings.rsrc","8023","0x1f57","kStrPeopleNames","95","Bankes"
"Strings.rsrc","8023","0x1f57","kStrPeopleNames","96","Beresford"
"Strings.rsrc","8023","0x1f57","kStrPeopleNames","97","Tachner"
"Strings.rsrc","8023","0x1f57","kStrPeopleNames","98","Ryan"
"Strings.rsrc","8023","0x1f57","kStrPeopleNames","99","Ritter"
"Strings.rsrc","8023","0x1f57","kStrPeopleNames","100","Bedeau"
"Strings.rsrc","8023","0x1f57","kStrPeopleNames","101","Cox"
"Strings.rsrc","8023","0x1f57","kStrPeopleNames","102","Matthews"
"Strings.rsrc","8023","0x1f57","kStrPeopleNames","103","Francis"
"Strings.rsrc","8023","0x1f57","kStrPeopleNames","104","Scudder"
"Strings.rsrc","8023","0x1f57","kStrPeopleNames","105","Bradbury"
"Strings.rsrc","8023","0x1f57","kStrPeopleNames","106","Strand"
"Strings.rsrc","8023","0x1f57","kStrPeopleNames","107","Stone"
"Strings.rsrc","8023","0x1f57","kStrPeopleNames","108","Peel"
"Strings.rsrc","8023","0x1f57","kStrPeopleNames","109","Ashley"
"Strings.rsrc","8023","0x1f57","kStrPeopleNames","110","Janes"
"Strings.rsrc","8023","0x1f57","kStrPeopleNames","111","Houston"
"Strings.rsrc","8023","0x1f57","kStrPeopleNames","112","Thatcher"
"Strings.rsrc","8023","0x1f57","kStrPeopleNames","113","Albrecht"
"Strings.rsrc","8023","0x1f57","kStrPeopleNames","114","Justin"
"Strings.rsrc","8023","0x1f57","kStrPeopleNames","115","Frankel"
"Strings.rsrc","8023","0x1f57","kStrPeopleNames","116","Danger"
"Strings.rsrc","8023","0x1f57","kStrPeopleNames","117","Markes"
"Strings.rsrc","8023","0x1f57","kStrPeopleNames","118","Spotson"
"Strings.rsrc","8023","0x1f57","kStrPeopleNames","119","Yikes"
"Strings.rsrc","8023","0x1f57","kStrPeopleNames","120","Flushing"
"Strings.rsrc","8023","0x1f57","kStrPeopleNames","121","McGrath"
"Strings.rsrc","8023","0x1f57","kStrPeopleNames","122","Huddles"
"Strings.rsrc","8023","0x1f57","kStrPeopleNames","123","Grant"
"Strings.rsrc","8023","0x1f57","kStrPeopleNames","124","Lee"
"Strings.rsrc","8023","0x1f57","kStrPeopleNames","125","Pike"
"Strings.rsrc","8023","0x1f57","kStrPeopleNames","126","Blaise"
"Strings.rsrc","8023","0x1f57","kStrPeopleNames","127","Kay"
"Strings.rsrc","8023","0x1f57","kStrPeopleNames","128","Arthur"
"Strings.rsrc","8023","0x1f57","kStrPeopleNames","129","Alfred"
"Strings.rsrc","8023","0x1f57","kStrPeopleNames","130","Allen"
"Strings.rsrc","8023","0x1f57","kStrPeopleNames","131","Katz"
"Strings.rsrc","8023","0x1f57","kStrPeopleNames","132","Royston"
"Strings.rsrc","8023","0x1f57","kStrPeopleNames","133","Dullard"
"Strings.rsrc","8023","0x1f57","kStrPeopleNames","134","Samms"
"Strings.rsrc","8023","0x1f57","kStrPeopleNames","135","Beach"
"Strings.rsrc","8023","0x1f57","kStrPeopleNames","136","Richardson"
"Strings.rsrc","8023","0x1f57","kStrPeopleNames","137","Stout"
"Strings.rsrc","8023","0x1f57","kStrPeopleNames","138","Zenon"
"Strings.rsrc","8023","0x1f57","kStrPeopleNames","139","Young"
"Strings.rsrc","8023","0x1f57","kStrPeopleNames","140","Zeller"
"Strings.rsrc","8023","0x1f57","kStrPeopleNames","141","Woods"
"Strings.rsrc","8023","0x1f57","kStrPeopleNames","142","Zorbu"
"Strings.rsrc","8023","0x1f57","kStrPeopleNames","143","Taylor"
"Strings.rsrc","8023","0x1f57","kStrPeopleNames","144","Eldridge"
"Strings.rsrc","8023","0x1f57","kStrPeopleNames","145","Cleaver"
"Strings.rsrc","8023","0x1f57","kStrPeopleNames","146","Tang"
"Strings.rsrc","8023","0x1f57","kStrPeopleNames","147","Ming"
"Strings.rsrc","8023","0x1f57","kStrPeopleNames","148","Sung"
"Strings.rsrc","8023","0x1f57","kStrPeopleNames","149","Bernstein"
"Strings.rsrc","8023","0x1f57","kStrPeopleNames","150","Merl"
"Strings.rsrc","8023","0x1f57","kStrPeopleNames","151","Holzer"
"Strings.rsrc","8023","0x1f57","kStrPeopleNames","152","Bollinger"
"Strings.rsrc","8023","0x1f57","kStrPeopleNames","153","Gamoran"
"Strings.rsrc","8023","0x1f57","kStrPeopleNames","154","Sherin"
"Strings.rsrc","8023","0x1f57","kStrPeopleNames","155","Majeski"
"Strings.rsrc","8023","0x1f57","kStrPeopleNames","156","Faley"
"Strings.rsrc","8023","0x1f57","kStrPeopleNames","157","Conway"
"Strings.rsrc","8023","0x1f57","kStrPeopleNames","158","Heinonen"
"Strings.rsrc","8023","0x1f57","kStrPeopleNames","159","Ackerman"
"Strings.rsrc","8023","0x1f57","kStrPeopleNames","160","Wolff"
"Strings.rsrc","8023","0x1f57","kStrPeopleNames","161","LaSala"
"Strings.rsrc","8023","0x1f57","kStrPeopleNames","162","Waltman"
"Strings.rsrc","8023","0x1f57","kStrPeopleNames","163","Quatrano"
"Strings.rsrc","8023","0x1f57","kStrPeopleNames","164","Lopes"
"Strings.rsrc","8023","0x1f57","kStrPeopleNames","165","Bak"
"Strings.rsrc","8023","0x1f57","kStrPeopleNames","166","Basnayake"
"Strings.rsrc","8023","0x1f57","kStrPeopleNames","167","Namenuk"
"Strings.rsrc","8023","0x1f57","kStrPeopleNames","168","Hillegas"
"Strings.rsrc","8025","0x1f59","kStrShipNames","1","Dreadnought"
"Strings.rsrc","8025","0x1f59","kStrShipNames","2","Victory"
"Strings.rsrc","8025","0x1f59","kStrShipNames","3","Constitution"
"Strings.rsrc","8025","0x1f59","kStrShipNames","4","Constellation"
"Strings.rsrc","8025","0x1f59","kStrShipNames","5","Superb"
"Strings.rsrc","8025","0x1f59","kStrShipNames","6","Vanguard"
"Strings.rsrc","8025","0x1f59","kStrShipNames","7","Neptune"
"Strings.rsrc","8025","0x1f59","kStrShipNames","8","Colossus"
"Strings.rsrc","8025","0x1f59","kStrShipNames","9","Orion"
"Strings.rsrc","8025","0x1f59","kStrShipNames","10","Conqueror"
"Strings.rsrc","8025","0x1f59","kStrShipNames","11","Monarch"
"Strings.rsrc","8025","0x1f59","kStrShipNames","12","Emperor"
"Strings.rsrc","8025","0x1f59","kStrShipNames","13","Thunderer"
"Strings.rsrc","8025","0x1f59","kStrShipNames","14","Centurion"
"Strings.rsrc","8025","0x1f59","kStrShipNames","15","Nautilus"
"Strings.rsrc","8025","0x1f59","kStrShipNames","16","Warspite"
"Strings.rsrc","8025","0x1f59","kStrShipNames","17","Lion"
"Strings.rsrc","8025","0x1f59","kStrShipNames","18","Tiger"
"Strings.rsrc","8025","0x1f59","kStrShipNames","19","Valiant"
"Strings.rsrc","8025","0x1f59","kStrShipNames","20","Invincible"
"Strings.rsrc","8025","0x1f59","kStrShipNames","21","Atropos"
"Strings.rsrc","8025","0x1f59","kStrShipNames","22","Temeraire"
"Strings.rsrc","8025","0x1f59","kStrShipNames","23","Warrior"
"Strings.rsrc","8025","0x1f59","kStrShipNames","24","Courageous"
"Strings.rsrc","8025","0x1f59","kStrShipNames","25","Excalibur"
"Strings.rsrc","8025","0x1f59","kStrShipNames","26","Perseus"
"Strings.rsrc","8025","0x1f59","kStrShipNames","27","Heracles"
"Strings.rsrc","8025","0x1f59","kStrShipNames","28","Enterprise"
"Strings.rsrc","8025","0x1f59","kStrShipNames","29","Hornet"
"Strings.rsrc","8025","0x1f59","kStrShipNames","30","Wasp"
"Strings.rsrc","8025","0x1f59","kStrShipNames","31","Indomitable"
"Strings.rsrc","8025","0x1f59","kStrShipNames","32","Inflexible"
"Strings.rsrc","8025","0x1f59","kStrShipNames","33","Glory"
"Strings.rsrc","8025","0x1f59","kStrShipNames","34","Captain"
"Strings.rsrc","8025","0x1f59","kStrShipNames","35","Cyclops"
"Strings.rsrc","8025","0x1f59","kStrShipNames","36","Scorpion"
"Strings.rsrc","8025","0x1f59","kStrShipNames","37","Dolphin"
"Strings.rsrc","8025","0x1f59","kStrShipNames","38","Furious"
"Strings.rsrc","8025","0x1f59","kStrShipNames","39","Shark"
"Strings.rsrc","8025","0x1f59","kStrShipNames","40","Revenge"
"Strings.rsrc","8025","0x1f59","kStrShipNames","41","Jupiter"
"Strings.rsrc","8025","0x1f59","kStrShipNames","42","Redwing"
"Strings.rsrc","8025","0x1f59","kStrShipNames","43","Flower"
"Strings.rsrc","8025","0x1f59","kStrShipNames","44","Columbia"
"Strings.rsrc","8025","0x1f59","kStrShipNames","45","Terrible"
"Strings.rsrc","8025","0x1f59","kStrShipNames","46","Perilous"
"Strings.rsrc","8025","0x1f59","kStrShipNames","47","Rattler"
"Strings.rsrc","8025","0x1f59","kStrShipNames","48","Vixen"
"Strings.rsrc","8025","0x1f59","kStrShipNames","49","Wolf"
"Strings.rsrc","8025","0x1f59","kStrShipNames","50","Indefatigable"
"Strings.rsrc","8025","0x1f59","kStrShipNames","51","Splendid"
"Strings.rsrc","8025","0x1f59","kStrShipNames","52","Ogre"
"Strings.rsrc","8025","0x1f59","kStrShipNames","53","Meteor"
"Strings.rsrc","8025","0x1f59","kStrShipNames","54","Comet"
"Strings.rsrc","8025","0x1f59","kStrShipNames","55","Whale"
"Strings.rsrc","8025","0x1f59","kStrShipNames","56","Argus"
"Strings.rsrc","8025","0x1f59","kStrShipNames","57","Sea Lion"
"Strings.rsrc","8025","0x1f59","kStrShipNames","58","Walrus"
"Strings.rsrc","8025","0x1f59","kStrShipNames","59","Octopus"
"Strings.rsrc","8025","0x1f59","kStrShipNames","60","Dragon"
"Strings.rsrc","8025","0x1f59","kStrShipNames","61","Defender"
"Strings.rsrc","8025","0x1f59","kStrShipNames","62","Speedy"
"Strings.rsrc","8025","0x1f59","kStrShipNames","63","Leopard"
"Strings.rsrc","8025","0x1f59","kStrShipNames","64","Repulse"
"Strings.rsrc","8025","0x1f59","kStrShipNames","65","Judith"
"Strings.rsrc","8025","0x1f59","kStrShipNames","66","Golden Hind"
"Strings.rsrc","8025","0x1f59","kStrShipNames","67","Bounty"
"Strings.rsrc","8025","0x1f59","kStrShipNames","68","Achilles"
"Strings.rsrc","8025","0x1f59","kStrShipNames","69","Hector"
"Strings.rsrc","8025","0x1f59","kStrShipNames","70","Ajax"
"Strings.rsrc","8025","0x1f59","kStrShipNames","71","Ascendant"
"Strings.rsrc","8025","0x1f59","kStrShipNames","72","Cleopatra"
"Strings.rsrc","8025","0x1f59","kStrShipNames","73","Julius Caesar"
"Strings.rsrc","8025","0x1f59","kStrShipNames","74","Swordfish"
"Strings.rsrc","8025","0x1f59","kStrShipNames","75","Hammerhead"
"Strings.rsrc","8025","0x1f59","kStrShipNames","76","Ivory"
"Strings.rsrc","8025","0x1f59","kStrShipNames","77","Asta"
"Strings.rsrc","8025","0x1f59","kStrShipNames","78","Polar"
"Strings.rsrc","8025","0x1f59","kStrShipNames","79","Artic"
"Strings.rsrc","8025","0x1f59","kStrShipNames","80","Nuda"
"Strings.rsrc","8025","0x1f59","kStrShipNames","81","Bipsiger"
"Strings.rsrc","8025","0x1f59","kStrShipNames","82","Valsalva"
"Strings.rsrc","8025","0x1f59","kStrShipNames","83","Surf"
"Strings.rsrc","8025","0x1f59","kStrShipNames","84","Storm"
"Strings.rsrc","8025","0x1f59","kStrShipNames","85","Gale"
"Strings.rsrc","8025","0x1f59","kStrShipNames","86","Hurricane"
"Strings.rsrc","8025","0x1f59","kStrShipNames","87","Ironsides"
"Strings.rsrc","8025","0x1f59","kStrShipNames","88","Grasper"
"Strings.rsrc","8025","0x1f59","kStrShipNames","89","Nero"
"Strings.rsrc","8025","0x1f59","kStrShipNames","90","Caligula"
"Strings.rsrc","8025","0x1f59","kStrShipNames","91","Gripper"
"Strings.rsrc","8025","0x1f59","kStrShipNames","92","Claudius"
"Strings.rsrc","8025","0x1f59","kStrShipNames","93","Augustus"
"Strings.rsrc","8025","0x1f59","kStrShipNames","94","Octavian"
"Strings.rsrc","8025","0x1f59","kStrShipNames","95","Tiberius"
"Strings.rsrc","8025","0x1f59","kStrShipNames","96","Toadvine"
"Strings.rsrc","8025","0x1f59","kStrShipNames","97","Andromeda"
"Strings.rsrc","8025","0x1f59","kStrShipNames","98","Xanadu"
"Strings.rsrc","8025","0x1f59","kStrShipNames","99","Oberon"
"Strings.rsrc","8025","0x1f59","kStrShipNames","100","Ambit"
"Strings.rsrc","8025","0x1f59","kStrShipNames","101","Duchess"
"Strings.rsrc","8025","0x1f59","kStrShipNames","102","Duke"
"Strings.rsrc","8025","0x1f59","kStrShipNames","103","Surprise"
"Strings.rsrc","8025","0x1f59","kStrShipNames","104","Pegasus"
"Strings.rsrc","8025","0x1f59","kStrShipNames","105","Theseus"
"Strings.rsrc","8025","0x1f59","kStrShipNames","106","Romulus"
"Strings.rsrc","8025","0x1f59","kStrShipNames","107","Remus"
"Strings.rsrc","8025","0x1f59","kStrShipNames","108","Pecky"
"Strings.rsrc","8025","0x1f59","kStrShipNames","109","Snidely"
"Strings.rsrc","8025","0x1f59","kStrShipNames","110","Rachel"
"Strings.rsrc","8025","0x1f59","kStrShipNames","111","Brandonia"
"Strings.rsrc","8025","0x1f59","kStrShipNames","112","Carliana"
"Strings.rsrc","8025","0x1f59","kStrShipNames","113","Average"
"Strings.rsrc","8025","0x1f59","kStrShipNames","114","Nanday"
"Strings.rsrc","8025","0x1f59","kStrShipNames","115","Conure"
"Strings.rsrc","8025","0x1f59","kStrShipNames","116","Parrot"
"Strings.rsrc","8025","0x1f59","kStrShipNames","117","Plummage"
"Strings.rsrc","8025","0x1f59","kStrShipNames","118","Jenday"
"Strings.rsrc","8025","0x1f59","kStrShipNames","119","Gull"
"Strings.rsrc","8025","0x1f59","kStrShipNames","120","Pelican"
"Strings.rsrc","8025","0x1f59","kStrShipNames","121","Condor"
"Strings.rsrc","8025","0x1f59","kStrShipNames","122","Roland"
"Strings.rsrc","8025","0x1f59","kStrShipNames","123","Eclectus"
"Strings.rsrc","8025","0x1f59","kStrShipNames","124","Vampire"
"Strings.rsrc","8025","0x1f59","kStrShipNames","125","Beast"
"Strings.rsrc","8025","0x1f59","kStrShipNames","126","Phantom"
"Strings.rsrc","8025","0x1f59","kStrShipNames","127","Spirit"
"Strings.rsrc","8025","0x1f59","kStrShipNames","128","Defiant"
"Strings.rsrc","8025","0x1f59","kStrShipNames","129","Voyager"
"Strings.rsrc","8025","0x1f59","kStrShipNames","130","Intrepid"
"Strings.rsrc","8025","0x1f59","kStrShipNames","131","Mercury"
"Strings.rsrc","8025","0x1f59","kStrShipNames","132","Venus"
"Strings.rsrc","8025","0x1f59","kStrShipNames","133","Saturn"
"Strings.rsrc","8025","0x1f59","kStrShipNames","134","Pluto"
"Strings.rsrc","8025","0x1f59","kStrShipNames","135","Rebel"
"Strings.rsrc","8025","0x1f59","kStrShipNames","136","Endeavor"
"Strings.rsrc","8025","0x1f59","kStrShipNames","137","Stag"
"Strings.rsrc","8025","0x1f59","kStrShipNames","138","Buffalo"
"Strings.rsrc","8025","0x1f59","kStrShipNames","139","Peachy"
"Strings.rsrc","8025","0x1f59","kStrShipNames","140","Harrier"
"Strings.rsrc","8025","0x1f59","kStrShipNames","141","Stonewall"
"Strings.rsrc","8025","0x1f59","kStrShipNames","142","Legionaire"
"Strings.rsrc","8025","0x1f59","kStrShipNames","143","Bargeman"
"Strings.rsrc","8025","0x1f59","kStrShipNames","144","Salute"
"Strings.rsrc","8025","0x1f59","kStrShipNames","145","Musketeer"
"Strings.rsrc","8025","0x1f59","kStrShipNames","146","Moth"
"Strings.rsrc","8025","0x1f59","kStrShipNames","147","Mothball"
"Strings.rsrc","8025","0x1f59","kStrShipNames","148","Lioness"
"Strings.rsrc","8025","0x1f59","kStrShipNames","149","Tigress"
"Strings.rsrc","8025","0x1f59","kStrShipNames","150","Risk "
"Strings.rsrc","8025","0x1f59","kStrShipNames","151","Brute"
"Strings.rsrc","8025","0x1f59","kStrShipNames","152","Brisk"
"Strings.rsrc","8025","0x1f59","kStrShipNames","153","Butterfly"
"Strings.rsrc","8025","0x1f59","kStrShipNames","154","Imperium"
"Strings.rsrc","8025","0x1f59","kStrShipNames","155","Spider"
"Strings.rsrc","8025","0x1f59","kStrShipNames","156","Insect"
"Strings.rsrc","8025","0x1f59","kStrShipNames","157","Aratinga"
"Strings.rsrc","8025","0x1f59","kStrShipNames","158","Anteater"
"Strings.rsrc","8025","0x1f59","kStrShipNames","159","Profiteer"
"Strings.rsrc","8025","0x1f59","kStrShipNames","160","Falcon"
"Strings.rsrc","8025","0x1f59","kStrShipNames","161","Hawk"
"Strings.rsrc","8025","0x1f59","kStrShipNames","162","Legend"
"Strings.rsrc","8025","0x1f59","kStrShipNames","163","Virago"
"Strings.rsrc","8025","0x1f59","kStrShipNames","164","Capricorn"
"Strings.rsrc","8025","0x1f59","kStrShipNames","165","Leo"
"Strings.rsrc","8025","0x1f59","kStrShipNames","166","Crab"
"Strings.rsrc","8025","0x1f59","kStrShipNames","167","Barracuda"
"Strings.rsrc","8025","0x1f59","kStrShipNames","168","Reliant"
"Strings.rsrc","8025","0x1f59","kStrShipNames","169","Quest"
"Strings.rsrc","8025","0x1f59","kStrShipNames","170","Trophy"
"Strings.rsrc","8025","0x1f59","kStrShipNames","171","Triumph"
"Strings.rsrc","8025","0x1f59","kStrShipNames","172","Pinnacle"
"Strings.rsrc","8025","0x1f59","kStrShipNames","173","Macaw"
"Strings.rsrc","8025","0x1f59","kStrShipNames","174","Albatross"
"Strings.rsrc","8025","0x1f59","kStrShipNames","175","Alligator"
"Strings.rsrc","8025","0x1f59","kStrShipNames","176","Crocadile"
"Strings.rsrc","8025","0x1f59","kStrShipNames","177","Manatee"
"Strings.rsrc","8025","0x1f59","kStrShipNames","178","Porpoise"
"Strings.rsrc","8025","0x1f59","kStrShipNames","179","Jester"
"Strings.rsrc","8025","0x1f59","kStrShipNames","180","Noble"
"Strings.rsrc","8025","0x1f59","kStrShipNames","181","Baron"
"Strings.rsrc","8025","0x1f59","kStrShipNames","182","Baroness"
"Strings.rsrc","8025","0x1f59","kStrShipNames","183","Knight"
"Strings.rsrc","8025","0x1f59","kStrShipNames","184","Gemini"
"Strings.rsrc","8025","0x1f59","kStrShipNames","185","Scout"
"Strings.rsrc","8025","0x1f59","kStrShipNames","186","Ionia"
"Strings.rsrc","8025","0x1f59","kStrShipNames","187","Saber"
"Strings.rsrc","8025","0x1f59","kStrShipNames","188","Sword"
"Strings.rsrc","8025","0x1f59","kStrShipNames","189","Lancer"
"Strings.rsrc","8025","0x1f59","kStrShipNames","190","Sea Urchin"
"Strings.rsrc","8025","0x1f59","kStrShipNames","191","Porcupine"
"Strings.rsrc","8025","0x1f59","kStrShipNames","192","Cobra"
"Strings.rsrc","8025","0x1f59","kStrShipNames","193","Constrictor"
"Strings.rsrc","8025","0x1f59","kStrShipNames","194","Python"
"Strings.rsrc","8025","0x1f59","kStrShipNames","195","Viking"
"Strings.rsrc","8025","0x1f59","kStrShipNames","196","Paradise"
"Strings.rsrc","8025","0x1f59","kStrShipNames","197","Tormentor"
"Strings.rsrc","8025","0x1f59","kStrShipNames","198","Mist"
"Strings.rsrc","8025","0x1f59","kStrShipNames","199","Active"
"Strings.rsrc","8025","0x1f59","kStrShipNames","200","Last Chance"
"Strings.rsrc","8025","0x1f59","kStrShipNames","201","Giant"
"Strings.rsrc","8025","0x1f59","kStrShipNames","202","Faithful"
"Strings.rsrc","8025","0x1f59","kStrShipNames","203","Grand"
"Strings.rsrc","8025","0x1f59","kStrShipNames","204","Fountain"
"Strings.rsrc","8025","0x1f59","kStrShipNames","205","Thistle"
"Strings.rsrc","8025","0x1f59","kStrShipNames","206","Cornucopia"
"Strings.rsrc","8025","0x1f59","kStrShipNames","207","Plentiful"
"Strings.rsrc","8025","0x1f59","kStrShipNames","208","William"
"Strings.rsrc","8025","0x1f59","kStrShipNames","209","Xena"
"Strings.rsrc","8025","0x1f59","kStrShipNames","210","Horrible"
"Strings.rsrc","8025","0x1f59","kStrShipNames","211","Prince"
"Strings.rsrc","8025","0x1f59","kStrShipNames","212","Princess"
"Strings.rsrc","8025","0x1f59","kStrShipNames","213","Muskrat"
"Strings.rsrc","8025","0x1f59","kStrShipNames","214","Hound"
"Strings.rsrc","8025","0x1f59","kStrShipNames","215","Nova"
"Strings.rsrc","8025","0x1f59","kStrShipNames","216","Galaxy"
"Strings.rsrc","8025","0x1f59","kStrShipNames","217","Pole Star"
"Strings.rsrc","8025","0x1f59","kStrShipNames","218","Antares"
"Strings.rsrc","8025","0x1f59","kStrShipNames","219","Betelguese"
"Strings.rsrc","8025","0x1f59","kStrShipNames","220","Rigel"
"Strings.rsrc","8025","0x1f59","kStrShipNames","221","Sirius"
"Strings.rsrc","8025","0x1f59","kStrShipNames","222","Pilot"
"Strings.rsrc","8025","0x1f59","kStrShipNames","223","Landfall"
"Strings.rsrc","8025","0x1f59","kStrShipNames","224","Squid"
"Strings.rsrc","8025","0x1f59","kStrShipNames","225","Lucky"
"Strings.rsrc","8025","0x1f59","kStrShipNames","226","Manta"
"Strings.rsrc","8025","0x1f59","kStrShipNames","227","Plucky"
"Strings.rsrc","8025","0x1f59","kStrShipNames","228","Pequod"
"Strings.rsrc","8025","0x1f59","kStrShipNames","229","Ocean"
"Strings.rsrc","8025","0x1f59","kStrShipNames","230","Seaspray"
"Strings.rsrc","8025","0x1f59","kStrShipNames","231","Select"
"Strings.rsrc","8025","0x1f59","kStrShipNames","232","Lilith"
"Strings.rsrc","8025","0x1f59","kStrShipNames","233","Rose"
"Strings.rsrc","8025","0x1f59","kStrShipNames","234","Karina"
"Strings.rsrc","8025","0x1f59","kStrShipNames","235","Royal Oak"
"Strings.rsrc","8025","0x1f59","kStrShipNames","236","Minotaur"
"Strings.rsrc","8025","0x1f59","kStrShipNames","237","Maria"
"Strings.rsrc","8025","0x1f59","kStrShipNames","238","Tracey"
"Strings.rsrc","8025","0x1f59","kStrShipNames","239","Andrea"
"Strings.rsrc","8025","0x1f59","kStrShipNames","240","King Arthur"
"Strings.rsrc","8025","0x1f59","kStrShipNames","241","Fortress"
"Strings.rsrc","8025","0x1f59","kStrShipNames","242","Sparrow"
"Strings.rsrc","8025","0x1f59","kStrShipNames","243","Thrush"
"Strings.rsrc","8025","0x1f59","kStrShipNames","244","Raven"
"Strings.rsrc","8025","0x1f59","kStrShipNames","245","Lively"
"Strings.rsrc","8025","0x1f59","kStrShipNames","246","Zelda"
"Strings.rsrc","8025","0x1f59","kStrShipNames","247","Rascal"
"Strings.rsrc","8025","0x1f59","kStrShipNames","248","Nemo"
"Strings.rsrc","8025","0x1f59","kStrShipNames","249","Frog"
"Strings.rsrc","8025","0x1f59","kStrShipNames","250","Viceroy"
"Strings.rsrc","9250","0x2422","TM","1","The Textile Mill requires the work of two units of labor plus two units of cotton or wool to produce one unit of fabric."
"Strings.rsrc","9250","0x2422","TM","2","Capacity is the maximum amount of fabric that can be produced in one turn."
"Strings.rsrc","9250","0x2422","TM","3","Cancel construction."
"Strings.rsrc","9250","0x2422","TM","4",""
"Strings.rsrc","9250","0x2422","TM","5",""
"Strings.rsrc","9251","0x2423","CF","1","The Clothing Factory requires the work of two units of labor plus two units of fabric to produce one unit of clothing."
"Strings.rsrc","9251","0x2423","CF","2","Capacity is the maximum amount of clothing that can be produced in one turn."
"Strings.rsrc","9251","0x2423","CF","3","Cancel construction."
"Strings.rsrc","9251","0x2423","CF","4",""
"Strings.rsrc","9251","0x2423","CF","5",""
"Strings.rsrc","9252","0x2424","Steel Mill constructor","1","The Steel Mill requires the work of two units of labor plus one unit of coal plus one unit of iron to produce one unit of steel."
"Strings.rsrc","9252","0x2424","Steel Mill constructor","2","Capacity is the maximum amount of steel that can be produced in one turn."
"Strings.rsrc","9252","0x2424","Steel Mill constructor","3","Cancel construction."
"Strings.rsrc","9252","0x2424","Steel Mill constructor","4",""
"Strings.rsrc","9252","0x2424","Steel Mill constructor","5",""
"Strings.rsrc","9253","0x2425","MW","1","TheMetalworks requires the work of two units of labor plus two units of steel to produce one unit of armaments or hardware."
"Strings.rsrc","9253","0x2425","MW","2","Capacity is the maximum amount of armaments and/or hardware that can be produced in one turn."
"Strings.rsrc","9253","0x2425","MW","3","Cancel construction."
"Strings.rsrc","9253","0x2425","MW","4",""
"Strings.rsrc","9253","0x2425","MW","5",""
"Strings.rsrc","9254","0x2426","LM","1","The Lumber Mill requires the work of two units of labor plus two units of timber to produce one unit of lumber or paper."
"Strings.rsrc","9254","0x2426","LM","2","Capacity is the maximum amount of lumber and/or paper that can be produced in one turn."
"Strings.rsrc","9254","0x2426","LM","3","Cancel construction."
"Strings.rsrc","9254","0x2426","LM","4",""
"Strings.rsrc","9254","0x2426","LM","5",""
"Strings.rsrc","9255","0x2427","FF","1","The Furniture Factory requires the work of two units of labor plus two units of lumber to produce one unit of furniture."
"Strings.rsrc","9255","0x2427","FF","2","Capacity is the maximum amount of furniture that can be produced in one turn."
"Strings.rsrc","9255","0x2427","FF","3","Cancel construction."
"Strings.rsrc","9255","0x2427","FF","4",""
"Strings.rsrc","9255","0x2427","FF","5",""
"Strings.rsrc","9256","0x2428","Oil Refinery constructor","1","The Oil Refinery requires the work of two units of labor plus two units of oil to produce one unit of fuel."
"Strings.rsrc","9256","0x2428","Oil Refinery constructor","2","Capacity is the maximum amount of fuel that can be produced in one turn."
"Strings.rsrc","9256","0x2428","Oil Refinery constructor","3","Cancel construction."
"Strings.rsrc","9256","0x2428","Oil Refinery constructor","4",""
"Strings.rsrc","9256","0x2428","Oil Refinery constructor","5",""
"Strings.rsrc","9261","0x242d","PowerPlant constructor","1","The Power Plant is capable of converting one unit of fuel into six units of power, which can be used as labor."
"Strings.rsrc","9261","0x242d","PowerPlant constructor","2","Power plants can convert up to 100 units of fuel per turn."
"Strings.rsrc","9261","0x242d","PowerPlant constructor","3","Cancel construction."
"Strings.rsrc","9261","0x242d","PowerPlant constructor","4",""
"Strings.rsrc","9261","0x242d","PowerPlant constructor","5",""
"Strings.rsrc","10000","0x2710","Season","1","Winter"
"Strings.rsrc","10000","0x2710","Season","2","Spring"
"Strings.rsrc","10000","0x2710","Season","3","Summer"
"Strings.rsrc","10000","0x2710","Season","4","Fall"
"Strings.rsrc","10001","0x2711","ItemNames","1","Cotton"
"Strings.rsrc","10001","0x2711","ItemNames","2","Wool"
"Strings.rsrc","10001","0x2711","ItemNames","3","Timber"
"Strings.rsrc","10001","0x2711","ItemNames","4","Coal"
"Strings.rsrc","10001","0x2711","ItemNames","5","Iron"
"Strings.rsrc","10001","0x2711","ItemNames","6","Horses"
"Strings.rsrc","10001","0x2711","ItemNames","7","Oil"
"Strings.rsrc","10001","0x2711","ItemNames","8","Food"
"Strings.rsrc","10001","0x2711","ItemNames","9","Fabric"
"Strings.rsrc","10001","0x2711","ItemNames","10","Lumber"
"Strings.rsrc","10001","0x2711","ItemNames","11","Paper"
"Strings.rsrc","10001","0x2711","ItemNames","12","Steel"
"Strings.rsrc","10001","0x2711","ItemNames","13","Fuel"
"Strings.rsrc","10001","0x2711","ItemNames","14","Clothing"
"Strings.rsrc","10001","0x2711","ItemNames","15","Furniture"
"Strings.rsrc","10001","0x2711","ItemNames","16","Hardware"
"Strings.rsrc","10001","0x2711","ItemNames","17","Arms"
"Strings.rsrc","10001","0x2711","ItemNames","18","Grain"
"Strings.rsrc","10001","0x2711","ItemNames","19","Fruit"
"Strings.rsrc","10001","0x2711","ItemNames","20","Fish"
"Strings.rsrc","10001","0x2711","ItemNames","21","Livestock"
"Strings.rsrc","10001","0x2711","ItemNames","22","Gems"
"Strings.rsrc","10001","0x2711","ItemNames","23","Gold"
"Strings.rsrc","10002","0x2712","Technology Advances","1","Scientists have discovered "
"Strings.rsrc","10002","0x2712","Technology Advances","2","High Pressure Steam Engine"
"Strings.rsrc","10002","0x2712","Technology Advances","3","Seed Drill"
"Strings.rsrc","10002","0x2712","Technology Advances","4","Cotton Gin"
"Strings.rsrc","10002","0x2712","Technology Advances","5","Streamlined Hulls"
"Strings.rsrc","10002","0x2712","Technology Advances","6","Square-Set Timbering"
"Strings.rsrc","10002","0x2712","Technology Advances","7","Iron Railroad Bridge"
"Strings.rsrc","10002","0x2712","Technology Advances","8","Feed Grasses"
"Strings.rsrc","10002","0x2712","Technology Advances","9","Spinning Jenny"
"Strings.rsrc","10002","0x2712","Technology Advances","10","Paddlewheels"
"Strings.rsrc","10002","0x2712","Technology Advances","11","Steel Plows"
"Strings.rsrc","10002","0x2712","Technology Advances","12","Bessemer Converter"
"Strings.rsrc","10002","0x2712","Technology Advances","13","Compound Steam Engine"
"Strings.rsrc","10002","0x2712","Technology Advances","14","Rifled Artillery"
"Strings.rsrc","10002","0x2712","Technology Advances","15","Breech-Loading Rifles"
"Strings.rsrc","10002","0x2712","Technology Advances","16","Advanced Iron Working"
"Strings.rsrc","10002","0x2712","Technology Advances","17","Power Loom"
"Strings.rsrc","10002","0x2712","Technology Advances","18","Mechanical Reaper"
"Strings.rsrc","10002","0x2712","Technology Advances","19","Commercial Fertilizer"
"Strings.rsrc","10002","0x2712","Technology Advances","20","Oil Drilling"
"Strings.rsrc","10002","0x2712","Technology Advances","21","Barbed Wire"
"Strings.rsrc","10002","0x2712","Technology Advances","22","Steel Armor Plate"
"Strings.rsrc","10002","0x2712","Technology Advances","23","Large Artillery"
"Strings.rsrc","10002","0x2712","Technology Advances","24","Dynamite"
"Strings.rsrc","10002","0x2712","Technology Advances","25","Marine Engineering"
"Strings.rsrc","10002","0x2712","Technology Advances","26","Machine Guns"
"Strings.rsrc","10002","0x2712","Technology Advances","27","Chemistry"
"Strings.rsrc","10002","0x2712","Technology Advances","28","Improved Range-Finding"
"Strings.rsrc","10002","0x2712","Technology Advances","29","Internal Combustion"
"Strings.rsrc","10003","0x2713","Treaty names shown in dip map key","1",""
"Strings.rsrc","10003","0x2713","Treaty names shown in dip map key","2",""
"Strings.rsrc","10003","0x2713","Treaty names shown in dip map key","3","Alliances"
"Strings.rsrc","10003","0x2713","Treaty names shown in dip map key","4","Non-Aggression Pacts"
"Strings.rsrc","10003","0x2713","Treaty names shown in dip map key","5","Peace Treaty"
"Strings.rsrc","10003","0x2713","Treaty names shown in dip map key","6","Member"
"Strings.rsrc","10003","0x2713","Treaty names shown in dip map key","7","War"
"Strings.rsrc","10004","0x2714","Treaty names shown in dip dlg","1","Member of our Empire"
"Strings.rsrc","10004","0x2714","Treaty names shown in dip dlg","2","Ruler of our Empire"
"Strings.rsrc","10004","0x2714","Treaty names shown in dip dlg","3","Alliance"
"Strings.rsrc","10004","0x2714","Treaty names shown in dip dlg","4","Non-Aggression Pact"
"Strings.rsrc","10004","0x2714","Treaty names shown in dip dlg","5","Peace"
"Strings.rsrc","10004","0x2714","Treaty names shown in dip dlg","6","Member"
"Strings.rsrc","10004","0x2714","Treaty names shown in dip dlg","7","War"
"Strings.rsrc","10005","0x2715","country names","1","Zimm"
"Strings.rsrc","10005","0x2715","country names","2","Kem"
"Strings.rsrc","10005","0x2715","country names","3","Patagon"
"Strings.rsrc","10005","0x2715","country names","4","Haxaco"
"Strings.rsrc","10005","0x2715","country names","5","Devron"
"Strings.rsrc","10005","0x2715","country names","6","Ordune"
"Strings.rsrc","10005","0x2715","country names","7","Deneb"
"Strings.rsrc","10005","0x2715","country names","8","Idolon"
"Strings.rsrc","10005","0x2715","country names","9","Kessel"
"Strings.rsrc","10005","0x2715","country names","10","Issa"
"Strings.rsrc","10005","0x2715","country names","11","Zinlu"
"Strings.rsrc","10005","0x2715","country names","12","Pram"
"Strings.rsrc","10005","0x2715","country names","13","Loke"
"Strings.rsrc","10005","0x2715","country names","14","Manx"
"Strings.rsrc","10005","0x2715","country names","15","Pont"
"Strings.rsrc","10005","0x2715","country names","16","Wodan"
"Strings.rsrc","10005","0x2715","country names","17","Zazi"
"Strings.rsrc","10005","0x2715","country names","18","Hurshen"
"Strings.rsrc","10005","0x2715","country names","19","Twelt"
"Strings.rsrc","10005","0x2715","country names","20","Dedge"
"Strings.rsrc","10005","0x2715","country names","21","Kathay"
"Strings.rsrc","10005","0x2715","country names","22","Bruhr"
"Strings.rsrc","10005","0x2715","country names","23","Sindel"
"Strings.rsrc","10006","0x2716","ship names","1","None"
"Strings.rsrc","10006","0x2716","ship names","2","Trader"
"Strings.rsrc","10006","0x2716","ship names","3","Indiaman"
"Strings.rsrc","10006","0x2716","ship names","4","Frigate"
"Strings.rsrc","10006","0x2716","ship names","5","Ship-of-the-Line"
"Strings.rsrc","10006","0x2716","ship names","6","Paddlewheeler"
"Strings.rsrc","10006","0x2716","ship names","7","Clipper"
"Strings.rsrc","10006","0x2716","ship names","8","Raider"
"Strings.rsrc","10006","0x2716","ship names","9","Ironclad"
"Strings.rsrc","10006","0x2716","ship names","10","Advanced Ironclad"
"Strings.rsrc","10006","0x2716","ship names","11","Freighter"
"Strings.rsrc","10006","0x2716","ship names","12","Armored Cruiser"
"Strings.rsrc","10006","0x2716","ship names","13","Dreadnought"
"Strings.rsrc","10006","0x2716","ship names","14","Battlecruiser"
"Strings.rsrc","10007","0x2717","land unit names","1","Minutemen"
"Strings.rsrc","10007","0x2717","land unit names","2","Skirmishers"
"Strings.rsrc","10007","0x2717","land unit names","3","Regulars"
"Strings.rsrc","10007","0x2717","land unit names","4","Grenadiers"
"Strings.rsrc","10007","0x2717","land unit names","5","Hussars"
"Strings.rsrc","10007","0x2717","land unit names","6","Cuirassiers"
"Strings.rsrc","10007","0x2717","land unit names","7","Light Artillery"
"Strings.rsrc","10007","0x2717","land unit names","8","Artillery"
"Strings.rsrc","10007","0x2717","land unit names","9","Militia"
"Strings.rsrc","10007","0x2717","land unit names","10","Sharpshooters"
"Strings.rsrc","10007","0x2717","land unit names","11","Rifle Infantry"
"Strings.rsrc","10007","0x2717","land unit names","12","Guards"
"Strings.rsrc","10007","0x2717","land unit names","13","Scouts"
"Strings.rsrc","10007","0x2717","land unit names","14","Carbine Cavalry"
"Strings.rsrc","10007","0x2717","land unit names","15","Field Artillery"
"Strings.rsrc","10007","0x2717","land unit names","16","Siege Artillery"
"Strings.rsrc","10007","0x2717","land unit names","17","Conscripts"
"Strings.rsrc","10007","0x2717","land unit names","18","Rangers"
"Strings.rsrc","10007","0x2717","land unit names","19","Infantry"
"Strings.rsrc","10007","0x2717","land unit names","20","Machine Gunners"
"Strings.rsrc","10007","0x2717","land unit names","21","Mech. Infantry"
"Strings.rsrc","10007","0x2717","land unit names","22","Armor"
"Strings.rsrc","10007","0x2717","land unit names","23","Mobile Artillery"
"Strings.rsrc","10007","0x2717","land unit names","24","Railroad Guns"
"Strings.rsrc","10007","0x2717","land unit names","25","Sappers"
"Strings.rsrc","10007","0x2717","land unit names","26","Combat Engineers"
"Strings.rsrc","10007","0x2717","land unit names","27","Saboteurs"
"Strings.rsrc","10007","0x2717","land unit names","28","General"
"Strings.rsrc","10008","0x2718","Civilian unit names","1","Miner"
"Strings.rsrc","10008","0x2718","Civilian unit names","2","Prospector"
"Strings.rsrc","10008","0x2718","Civilian unit names","3","Farmer"
"Strings.rsrc","10008","0x2718","Civilian unit names","4","Forester"
"Strings.rsrc","10008","0x2718","Civilian unit names","5","Engineer"
"Strings.rsrc","10008","0x2718","Civilian unit names","6","Rancher"
"Strings.rsrc","10008","0x2718","Civilian unit names","7","Fisherman"
"Strings.rsrc","10008","0x2718","Civilian unit names","8","Developer"
"Strings.rsrc","10008","0x2718","Civilian unit names","9","Driller"
"Strings.rsrc","10009","0x2719","building names","1","Textile Mill"
"Strings.rsrc","10009","0x2719","building names","2","Clothing Factory"
"Strings.rsrc","10009","0x2719","building names","3","Steel Mill"
"Strings.rsrc","10009","0x2719","building names","4","Metalworks"
"Strings.rsrc","10009","0x2719","building names","5","Lumber Mill"
"Strings.rsrc","10009","0x2719","building names","6","Furniture Factory"
"Strings.rsrc","10009","0x2719","building names","7","Oil Refinery"
"Strings.rsrc","10009","0x2719","building names","8","Shipyard"
"Strings.rsrc","10009","0x2719","building names","9","Armory"
"Strings.rsrc","10009","0x2719","building names","10","Trade School"
"Strings.rsrc","10009","0x2719","building names","11","University"
"Strings.rsrc","10009","0x2719","building names","12","Power Plant"
"Strings.rsrc","10009","0x2719","building names","13","Food Processing"
"Strings.rsrc","10009","0x2719","building names","14","Warehouse"
"Strings.rsrc","10009","0x2719","building names","15","Railyard"
"Strings.rsrc","10009","0x2719","building names","16","Capitol"
"Strings.rsrc","10010","0x271a","ship names - plural","1","None"
"Strings.rsrc","10010","0x271a","ship names - plural","2","Traders"
"Strings.rsrc","10010","0x271a","ship names - plural","3","Indiamen"
"Strings.rsrc","10010","0x271a","ship names - plural","4","Frigates"
"Strings.rsrc","10010","0x271a","ship names - plural","5","Ships-of-the-Line"
"Strings.rsrc","10010","0x271a","ship names - plural","6","Paddlewheelers"
"Strings.rsrc","10010","0x271a","ship names - plural","7","Clippers"
"Strings.rsrc","10010","0x271a","ship names - plural","8","Raiders"
"Strings.rsrc","10010","0x271a","ship names - plural","9","Ironclads"
"Strings.rsrc","10010","0x271a","ship names - plural","10","Advanced Ironclads"
"Strings.rsrc","10010","0x271a","ship names - plural","11","Freighters"
"Strings.rsrc","10010","0x271a","ship names - plural","12","Armored Cruisers"
"Strings.rsrc","10010","0x271a","ship names - plural","13","Dreadnoughts"
"Strings.rsrc","10010","0x271a","ship names - plural","14","Battlecruisers"
"Strings.rsrc","10011","0x271b","Labor types","1","Untrained"
"Strings.rsrc","10011","0x271b","Labor types","2","Trained"
"Strings.rsrc","10011","0x271b","Labor types","3","Expert"
"Strings.rsrc","10012","0x271c","Land unit descriptions","1","Firepower:"
"Strings.rsrc","10012","0x271c","Land unit descriptions","2","Move:"
"Strings.rsrc","10012","0x271c","Land unit descriptions","3","Range:"
"Strings.rsrc","10012","0x271c","Land unit descriptions","4","Entrench:"
"Strings.rsrc","10012","0x271c","Land unit descriptions","5",""
"Strings.rsrc","10012","0x271c","Land unit descriptions","6",""
"Strings.rsrc","10012","0x271c","Land unit descriptions","7",""
"Strings.rsrc","10012","0x271c","Land unit descriptions","8",""
"Strings.rsrc","10012","0x271c","Land unit descriptions","9",""
"Strings.rsrc","10012","0x271c","Land unit descriptions","10",""
"Strings.rsrc","10012","0x271c","Land unit descriptions","11",""
"Strings.rsrc","10012","0x271c","Land unit descriptions","12",""
"Strings.rsrc","10012","0x271c","Land unit descriptions","13",""
"Strings.rsrc","10012","0x271c","Land unit descriptions","14",""
"Strings.rsrc","10012","0x271c","Land unit descriptions","15",""
"Strings.rsrc","10012","0x271c","Land unit descriptions","16",""
"Strings.rsrc","10012","0x271c","Land unit descriptions","17",""
"Strings.rsrc","10012","0x271c","Land unit descriptions","18",""
"Strings.rsrc","10012","0x271c","Land unit descriptions","19",""
"Strings.rsrc","10012","0x271c","Land unit descriptions","20",""
"Strings.rsrc","10012","0x271c","Land unit descriptions","21",""
"Strings.rsrc","10012","0x271c","Land unit descriptions","22",""
"Strings.rsrc","10012","0x271c","Land unit descriptions","23",""
"Strings.rsrc","10012","0x271c","Land unit descriptions","24",""
"Strings.rsrc","10012","0x271c","Land unit descriptions","25",""
"Strings.rsrc","10012","0x271c","Land unit descriptions","26",""
"Strings.rsrc","10012","0x271c","Land unit descriptions","27",""
"Strings.rsrc","10012","0x271c","Land unit descriptions","28",""
"Strings.rsrc","10012","0x271c","Land unit descriptions","29","Firepower:Move:Range:Entrench:"
"Strings.rsrc","10012","0x271c","Land unit descriptions","30","Cost:"
"Strings.rsrc","10012","0x271c","Land unit descriptions","31","Available:"
"Strings.rsrc","10012","0x271c","Land unit descriptions","32","Armory"
"Strings.rsrc","10012","0x271c","Land unit descriptions","33","No"
"Strings.rsrc","10012","0x271c","Land unit descriptions","34","Yes"
"Strings.rsrc","10013","0x271d","Battle sizes","1","Raid"
"Strings.rsrc","10013","0x271d","Battle sizes","2","Skirmish"
"Strings.rsrc","10013","0x271d","Battle sizes","3","Engagement"
"Strings.rsrc","10013","0x271d","Battle sizes","4","Combat"
"Strings.rsrc","10013","0x271d","Battle sizes","5","Battle"
"Strings.rsrc","10014","0x271e","Defeat synonyms","1","Edge"
"Strings.rsrc","10014","0x271e","Defeat synonyms","2","Check"
"Strings.rsrc","10014","0x271e","Defeat synonyms","3","Defeat"
"Strings.rsrc","10014","0x271e","Defeat synonyms","4","Trounce"
"Strings.rsrc","10014","0x271e","Defeat synonyms","5","Rout"
"Strings.rsrc","10014","0x271e","Defeat synonyms","6","Crush"
"Strings.rsrc","10014","0x271e","Defeat synonyms","7","Annihilate"
"Strings.rsrc","10015","0x271f","Loss adjectives","1","negligible"
"Strings.rsrc","10015","0x271f","Loss adjectives","2","light"
"Strings.rsrc","10015","0x271f","Loss adjectives","3","moderate"
"Strings.rsrc","10015","0x271f","Loss adjectives","4","heavy"
"Strings.rsrc","10015","0x271f","Loss adjectives","5","extreme"
"Strings.rsrc","10015","0x271f","Loss adjectives","6","total"
"Strings.rsrc","10015","0x271f","Loss adjectives","7","XXXX"
"Strings.rsrc","10016","0x2720","Army synonyms","1","Forces"
"Strings.rsrc","10016","0x2720","Army synonyms","2","Armies"
"Strings.rsrc","10016","0x2720","Army synonyms","3","Legions"
"Strings.rsrc","10016","0x2720","Army synonyms","4","Soldiers"
"Strings.rsrc","10016","0x2720","Army synonyms","5","Regiments"
"Strings.rsrc","10016","0x2720","Army synonyms","6","Troops"
"Strings.rsrc","10017","0x2721","Good army adjectives","1","Famous"
"Strings.rsrc","10017","0x2721","Good army adjectives","2","Powerful"
"Strings.rsrc","10017","0x2721","Good army adjectives","3","Crack"
"Strings.rsrc","10017","0x2721","Good army adjectives","4","Glorious"
"Strings.rsrc","10017","0x2721","Good army adjectives","5","Veteran"
"Strings.rsrc","10017","0x2721","Good army adjectives","6","Elite"
"Strings.rsrc","10018","0x2722","Bad army adjectives","1","Pathetic"
"Strings.rsrc","10018","0x2722","Bad army adjectives","2","Evil"
"Strings.rsrc","10018","0x2722","Bad army adjectives","3","Barbaric"
"Strings.rsrc","10018","0x2722","Bad army adjectives","4","Paltry"
"Strings.rsrc","10018","0x2722","Bad army adjectives","5","Villainous"
"Strings.rsrc","10018","0x2722","Bad army adjectives","6","Depraved"
"Strings.rsrc","10019","0x2723","Civilian unit descriptions","1",""
"Strings.rsrc","10019","0x2723","Civilian unit descriptions","2",""
"Strings.rsrc","10019","0x2723","Civilian unit descriptions","3",""
"Strings.rsrc","10019","0x2723","Civilian unit descriptions","4",""
"Strings.rsrc","10019","0x2723","Civilian unit descriptions","5",""
"Strings.rsrc","10019","0x2723","Civilian unit descriptions","6",""
"Strings.rsrc","10019","0x2723","Civilian unit descriptions","7",""
"Strings.rsrc","10019","0x2723","Civilian unit descriptions","8",""
"Strings.rsrc","10019","0x2723","Civilian unit descriptions","9",""
"Strings.rsrc","10019","0x2723","Civilian unit descriptions","10","University"
"Strings.rsrc","10019","0x2723","Civilian unit descriptions","11","Cost:"
"Strings.rsrc","10019","0x2723","Civilian unit descriptions","12","Available:"
"Strings.rsrc","10019","0x2723","Civilian unit descriptions","13","Production Levels"
"Strings.rsrc","10019","0x2723","Civilian unit descriptions","14","Level 1"
"Strings.rsrc","10019","0x2723","Civilian unit descriptions","15","Level 2"
"Strings.rsrc","10019","0x2723","Civilian unit descriptions","16","Level 3"
"Strings.rsrc","10020","0x2724","Civilian info box strings","1","[1:unit name] in the province of [2:province] "
"Strings.rsrc","10020","0x2724","Civilian info box strings","2","Laying track"
"Strings.rsrc","10020","0x2724","Civilian info box strings","3","Building a depot"
"Strings.rsrc","10020","0x2724","Civilian info box strings","4","Building a port"
"Strings.rsrc","10020","0x2724","Civilian info box strings","5","Searching for minerals"
"Strings.rsrc","10020","0x2724","Civilian info box strings","6","Building [1:building]"
"Strings.rsrc","10020","0x2724","Civilian info box strings","7","Building [1:mineral] and [2:mineral] mine"
"Strings.rsrc","10020","0x2724","Civilian info box strings","8","Improving local [1:building]"
"Strings.rsrc","10020","0x2724","Civilian info box strings","9","Redeploying"
"Strings.rsrc","10020","0x2724","Civilian info box strings","10","Time to completion: [1:number] months"
"Strings.rsrc","10020","0x2724","Civilian info box strings","11","Building [1:mineral] mine"
"Strings.rsrc","10020","0x2724","Civilian info box strings","12","Civilian Report"
"Strings.rsrc","10020","0x2724","Civilian info box strings","13","Rescind Orders"
"Strings.rsrc","10020","0x2724","Civilian info box strings","14","Confirm Orders"
"Strings.rsrc","10021","0x2725","Civilian development names","1","mine"
"Strings.rsrc","10021","0x2725","Civilian development names","2","n/a"
"Strings.rsrc","10021","0x2725","Civilian development names","3","farms"
"Strings.rsrc","10021","0x2725","Civilian development names","4","logging"
"Strings.rsrc","10021","0x2725","Civilian development names","5","n/a"
"Strings.rsrc","10021","0x2725","Civilian development names","6","ranching"
"Strings.rsrc","10021","0x2725","Civilian development names","7","fishing fleet"
"Strings.rsrc","10021","0x2725","Civilian development names","8","company"
"Strings.rsrc","10021","0x2725","Civilian development names","9","oil wells"
"Strings.rsrc","10022","0x2726","kArmyCategoryStr","1","Militia"
"Strings.rsrc","10022","0x2726","kArmyCategoryStr","2","Light Infantry"
"Strings.rsrc","10022","0x2726","kArmyCategoryStr","3","Regular Infantry"
"Strings.rsrc","10022","0x2726","kArmyCategoryStr","4","Heavy Infantry"
"Strings.rsrc","10022","0x2726","kArmyCategoryStr","5","Light Cavalry"
"Strings.rsrc","10022","0x2726","kArmyCategoryStr","6","Heavy Cavalry"
"Strings.rsrc","10022","0x2726","kArmyCategoryStr","7","Light Artillery"
"Strings.rsrc","10022","0x2726","kArmyCategoryStr","8","Heavy Artillery"
"Strings.rsrc","10022","0x2726","kArmyCategoryStr","9","Demolitionist"
"Strings.rsrc","10022","0x2726","kArmyCategoryStr","10","General"
"Strings.rsrc","10022","0x2726","kArmyCategoryStr","11","unit of unknown type"
"Strings.rsrc","10022","0x2726","kArmyCategoryStr","12","Militia"
"Strings.rsrc","10022","0x2726","kArmyCategoryStr","13","Light Infantry"
"Strings.rsrc","10022","0x2726","kArmyCategoryStr","14","Regular Infantry"
"Strings.rsrc","10022","0x2726","kArmyCategoryStr","15","Heavy Infantry"
"Strings.rsrc","10022","0x2726","kArmyCategoryStr","16","Light Cavalry"
"Strings.rsrc","10022","0x2726","kArmyCategoryStr","17","Heavy Cavalry"
"Strings.rsrc","10022","0x2726","kArmyCategoryStr","18","Light Artillery"
"Strings.rsrc","10022","0x2726","kArmyCategoryStr","19","Heavy Artillery"
"Strings.rsrc","10022","0x2726","kArmyCategoryStr","20","Demolitionists"
"Strings.rsrc","10022","0x2726","kArmyCategoryStr","21","Generals"
"Strings.rsrc","10022","0x2726","kArmyCategoryStr","22","units of unknown type"
"Strings.rsrc","10023","0x2727","Tech Cheater Strings","1","Tech Cheater"
"Strings.rsrc","10024","0x2728","Great Powers cheater","1","Great Powers Cheater"
"Strings.rsrc","10024","0x2728","Great Powers cheater","2","Treasury"
"Strings.rsrc","10024","0x2728","Great Powers cheater","3","Merchant Capacity"
"Strings.rsrc","10024","0x2728","Great Powers cheater","4","Transport Capacity"
"Strings.rsrc","10024","0x2728","Great Powers cheater","5","Total Sales last turn"
"Strings.rsrc","10024","0x2728","Great Powers cheater","6","Total purchases last turn"
"Strings.rsrc","10025","0x2729","War Invitations","1","[1:] has declared war on the minor nation of [2:]. Intervene and declare war on [3:]?"
"Strings.rsrc","10025","0x2729","War Invitations","2","[1:] has declared war on [2:]. Honor alliance with [3:] and declare war on [4:]?"
"Strings.rsrc","10025","0x2729","War Invitations","3","[1:] has declared war on [2:]. Honor alliance with [3:] and declare war on [4:]?"
"Strings.rsrc","10025","0x2729","War Invitations","4","The minor nation of [1:Morocco] is being attacked by your enemy, [2:France]. [3:Morocco] begs for your protection. Will you accept [4:Morocco] into your Empire?"
"Strings.rsrc","10025","0x2729","War Invitations","5","[1:] has declared war on the minor nation of [2:]. Intervene and declare war on [3:]?Warning: Accepting will force us into war with other Great Powers as well."
"Strings.rsrc","10025","0x2729","War Invitations","6","[1:] has declared war on [2:]. Honor alliance with [3:] and declare war on [4:]?Warning: Accepting will force us into war with other Great Powers as well."
"Strings.rsrc","10025","0x2729","War Invitations","7","[1:] has declared war on [2:]. Honor alliance with [3:] and declare war on [4:]?Warning: Accepting will force us into war with other Great Powers as well."
"Strings.rsrc","10025","0x2729","War Invitations","8","The minor nation of [1:Morocco] is being attacked by your enemy, [2:France]. [3:Morocco] begs for your protection. Will you accept [4:Morocco] into your Empire?Warning: Accepting will force us into war with their enemies."
"Strings.rsrc","10026","0x272a","kStrProtectorateTitle","1","[1:] City"
"Strings.rsrc","10027","0x272b","kStrColonyTitle","1","[1:] Colony"
"Strings.rsrc","10028","0x272c","Unit orders","1","Available"
"Strings.rsrc","10028","0x272c","Unit orders","2","Moving"
"Strings.rsrc","10028","0x272c","Unit orders","3","Defending"
"Strings.rsrc","10028","0x272c","Unit orders","4","Available"
"Strings.rsrc","10028","0x272c","Unit orders","5","Available"
"Strings.rsrc","10029","0x272d","Civ toolbar strings","1","unused"
"Strings.rsrc","10029","0x272d","Civ toolbar strings","2","Development"
"Strings.rsrc","10029","0x272d","Civ toolbar strings","3","Resources"
"Strings.rsrc","10029","0x272d","Civ toolbar strings","4","unused"
"Strings.rsrc","10029","0x272d","Civ toolbar strings","5","unused"
"Strings.rsrc","10029","0x272d","Civ toolbar strings","6","Search In:"
"Strings.rsrc","10029","0x272d","Civ toolbar strings","7","Can Build"
"Strings.rsrc","10029","0x272d","Civ toolbar strings","8","Depot"
"Strings.rsrc","10029","0x272d","Civ toolbar strings","9","Port"
"Strings.rsrc","10029","0x272d","Civ toolbar strings","10","Fort"
"Strings.rsrc","10029","0x272d","Civ toolbar strings","11","Cannot Build In"
"Strings.rsrc","10029","0x272d","Civ toolbar strings","12","Select Unit"
"Strings.rsrc","10030","0x272e","kStrWastingTransport","1","Your excellency, we are wasting transport capacity."
"Strings.rsrc","10030","0x272e","kStrWastingTransport","2","City population will not grow unless it receives at least [1:number] grain, [2:number] produce, and [3:number] fish or livestock."
"Strings.rsrc","10030","0x272e","kStrWastingTransport","3","At the current transport levels, [1:number] workers will be sick, and [2:number] workers will starve to death."
"Strings.rsrc","10031","0x272f","kStrWorkersNeed","1","Workers need more [1:food]"
"Strings.rsrc","10031","0x272f","kStrWorkersNeed","2","Workers do not need more [1:food]"
"Strings.rsrc","10032","0x2730","kStrStandardToolbar","1","Game Controls"
"Strings.rsrc","10032","0x2730","kStrStandardToolbar","2","not implemented"
"Strings.rsrc","10032","0x2730","kStrStandardToolbar","3","Help"
"Strings.rsrc","10032","0x2730","kStrStandardToolbar","4","Help"
"Strings.rsrc","10032","0x2730","kStrStandardToolbar","5","Interior Minister"
"Strings.rsrc","10032","0x2730","kStrStandardToolbar","6","Foreign Minister"
"Strings.rsrc","10032","0x2730","kStrStandardToolbar","7","Defense Minister"
"Strings.rsrc","10032","0x2730","kStrStandardToolbar","8","End Phase"
"Strings.rsrc","10032","0x2730","kStrStandardToolbar","9","Year"
"Strings.rsrc","10032","0x2730","kStrStandardToolbar","10","Treasury"
"Strings.rsrc","10032","0x2730","kStrStandardToolbar","11","Next Page"
"Strings.rsrc","10032","0x2730","kStrStandardToolbar","12","Previous Page"
"Strings.rsrc","10032","0x2730","kStrStandardToolbar","13","Return to Map"
"Strings.rsrc","10032","0x2730","kStrStandardToolbar","14","Close Deal Book"
"Strings.rsrc","10032","0x2730","kStrStandardToolbar","15","Return to Map"
"Strings.rsrc","10032","0x2730","kStrStandardToolbar","16","Return to Map"
"Strings.rsrc","10032","0x2730","kStrStandardToolbar","17","Return to Map"
"Strings.rsrc","10032","0x2730","kStrStandardToolbar","18","End Turn"
"Strings.rsrc","10032","0x2730","kStrStandardToolbar","19","Season"
"Strings.rsrc","10032","0x2730","kStrStandardToolbar","20","Give Trade Orders"
"Strings.rsrc","10032","0x2730","kStrStandardToolbar","21","Give Diplomacy Orders"
"Strings.rsrc","10032","0x2730","kStrStandardToolbar","22","Give Industry Orders"
"Strings.rsrc","10032","0x2730","kStrStandardToolbar","23","Give Transport Orders"
"Strings.rsrc","10032","0x2730","kStrStandardToolbar","24","Give Trade Orders (no new orders yet)"
"Strings.rsrc","10032","0x2730","kStrStandardToolbar","25","Give Diplomacy Orders (no new orders yet)"
"Strings.rsrc","10032","0x2730","kStrStandardToolbar","26","Give Industry Orders (no new orders yet)"
"Strings.rsrc","10032","0x2730","kStrStandardToolbar","27","Give Transport Orders (no new orders yet)"
"Strings.rsrc","10032","0x2730","kStrStandardToolbar","28","Give Trade Orders (current screen)"
"Strings.rsrc","10032","0x2730","kStrStandardToolbar","29","Give Diplomacy Orders (current screen)"
"Strings.rsrc","10032","0x2730","kStrStandardToolbar","30","Give Industry Orders (current screen)"
"Strings.rsrc","10032","0x2730","kStrStandardToolbar","31","Give Transport Orders (current screen)"
"Strings.rsrc","10032","0x2730","kStrStandardToolbar","32",""
"Strings.rsrc","10032","0x2730","kStrStandardToolbar","33","Return to Map Room"
"Strings.rsrc","10032","0x2730","kStrStandardToolbar","34","Close Book"
"Strings.rsrc","10033","0x2731","kStrTradeToolbar","1","Deal Book"
"Strings.rsrc","10033","0x2731","kStrTradeToolbar","2","Price History"
"Strings.rsrc","10033","0x2731","kStrTradeToolbar","3","Newspaper"
"Strings.rsrc","10033","0x2731","kStrTradeToolbar","4","Merchant Marine"
"Strings.rsrc","10033","0x2731","kStrTradeToolbar","5","Workers need food"
"Strings.rsrc","10033","0x2731","kStrTradeToolbar","6","Workers demand clothing"
"Strings.rsrc","10033","0x2731","kStrTradeToolbar","7","Workers demand hardware"
"Strings.rsrc","10033","0x2731","kStrTradeToolbar","8","Workers demand furniture"
"Strings.rsrc","10033","0x2731","kStrTradeToolbar","9","No Food Demand"
"Strings.rsrc","10033","0x2731","kStrTradeToolbar","10","No Clothing Demand"
"Strings.rsrc","10033","0x2731","kStrTradeToolbar","11","No Hardware Demand"
"Strings.rsrc","10033","0x2731","kStrTradeToolbar","12","No Furniture Demand"
"Strings.rsrc","10033","0x2731","kStrTradeToolbar","13","Board of Trade"
"Strings.rsrc","10033","0x2731","kStrTradeToolbar","14","Commodity"
"Strings.rsrc","10033","0x2731","kStrTradeToolbar","15","Orders"
"Strings.rsrc","10033","0x2731","kStrTradeToolbar","16","Price"
"Strings.rsrc","10033","0x2731","kStrTradeToolbar","17","Available"
"Strings.rsrc","10033","0x2731","kStrTradeToolbar","18","Quantity to Offer"
"Strings.rsrc","10033","0x2731","kStrTradeToolbar","19","Your Excellency, we cannot place any trade orders as we do not have any merchant ships."
"Strings.rsrc","10033","0x2731","kStrTradeToolbar","20","Textile Mill needs Cotton or Wool"
"Strings.rsrc","10033","0x2731","kStrTradeToolbar","21",""
"Strings.rsrc","10033","0x2731","kStrTradeToolbar","22","Lumber Mill needs Timber"
"Strings.rsrc","10033","0x2731","kStrTradeToolbar","23","Steel Mill needs Coal"
"Strings.rsrc","10033","0x2731","kStrTradeToolbar","24","Steel Mill needs Iron"
"Strings.rsrc","10033","0x2731","kStrTradeToolbar","25","Refinery needs Oil"
"Strings.rsrc","10033","0x2731","kStrTradeToolbar","26","Clothing Factory needs Fabric"
"Strings.rsrc","10033","0x2731","kStrTradeToolbar","27","Furniture Factory needs Lumber"
"Strings.rsrc","10033","0x2731","kStrTradeToolbar","28","Metalworks needs Steel"
"Strings.rsrc","10034","0x2732","kStrMapToolbar","1","Next Unit"
"Strings.rsrc","10034","0x2732","kStrMapToolbar","2","Sleep"
"Strings.rsrc","10034","0x2732","kStrMapToolbar","3","Defend"
"Strings.rsrc","10034","0x2732","kStrMapToolbar","4","Defend"
"Strings.rsrc","10034","0x2732","kStrMapToolbar","5","No orders this turn"
"Strings.rsrc","10034","0x2732","kStrMapToolbar","6","Zoom"
"Strings.rsrc","10034","0x2732","kStrMapToolbar","7","Zoom"
"Strings.rsrc","10034","0x2732","kStrMapToolbar","8","Show Garrison Details"
"Strings.rsrc","10034","0x2732","kStrMapToolbar","9","Show Fleet Details"
"Strings.rsrc","10034","0x2732","kStrMapToolbar","10","Behave Cautiously"
"Strings.rsrc","10034","0x2732","kStrMapToolbar","11","Behave Normally"
"Strings.rsrc","10034","0x2732","kStrMapToolbar","12","Behave Aggressively"
"Strings.rsrc","10034","0x2732","kStrMapToolbar","13","Invest in Technology"
"Strings.rsrc","10034","0x2732","kStrMapToolbar","14","Invest in Technology"
"Strings.rsrc","10034","0x2732","kStrMapToolbar","15","Selected Civilian Unit"
"Strings.rsrc","10034","0x2732","kStrMapToolbar","16","Disband Civilian"
"Strings.rsrc","10035","0x2733","kDiplomacyScreenStr","1","Information:"
"Strings.rsrc","10035","0x2733","kDiplomacyScreenStr","2","Provinces:"
"Strings.rsrc","10035","0x2733","kDiplomacyScreenStr","3","Military:"
"Strings.rsrc","10035","0x2733","kDiplomacyScreenStr","4","Industry:"
"Strings.rsrc","10035","0x2733","kDiplomacyScreenStr","5","Greatest Influence:"
"Strings.rsrc","10035","0x2733","kDiplomacyScreenStr","6","Minor Nation"
"Strings.rsrc","10035","0x2733","kDiplomacyScreenStr","7","Peace"
"Strings.rsrc","10035","0x2733","kDiplomacyScreenStr","8","War"
"Strings.rsrc","10035","0x2733","kDiplomacyScreenStr","9","Trade Consulate"
"Strings.rsrc","10035","0x2733","kDiplomacyScreenStr","10","Pact"
"Strings.rsrc","10035","0x2733","kDiplomacyScreenStr","11","Alliance"
"Strings.rsrc","10035","0x2733","kDiplomacyScreenStr","12","Empire"
"Strings.rsrc","10035","0x2733","kDiplomacyScreenStr","13","Embassy"
"Strings.rsrc","10035","0x2733","kDiplomacyScreenStr","14","[1: Zimm]: Relationships"
"Strings.rsrc","10035","0x2733","kDiplomacyScreenStr","15","Bad"
"Strings.rsrc","10035","0x2733","kDiplomacyScreenStr","16","Good"
"Strings.rsrc","10035","0x2733","kDiplomacyScreenStr","17","Promised Grants:"
"Strings.rsrc","10035","0x2733","kDiplomacyScreenStr","18","[1:Zimm]: Trade Policies"
"Strings.rsrc","10035","0x2733","kDiplomacyScreenStr","19","Major Exports:"
"Strings.rsrc","10035","0x2733","kDiplomacyScreenStr","20","Subsidy"
"Strings.rsrc","10035","0x2733","kDiplomacyScreenStr","21","Boycott"
"Strings.rsrc","10035","0x2733","kDiplomacyScreenStr","22","Colony Boycott"
"Strings.rsrc","10035","0x2733","kDiplomacyScreenStr","23","Colony of [1:Zimm]"
"Strings.rsrc","10035","0x2733","kDiplomacyScreenStr","24","Anarchy"
"Strings.rsrc","10035","0x2733","kDiplomacyScreenStr","25","None"
"Strings.rsrc","10035","0x2733","kDiplomacyScreenStr","26","Poor"
"Strings.rsrc","10035","0x2733","kDiplomacyScreenStr","27","Fair"
"Strings.rsrc","10035","0x2733","kDiplomacyScreenStr","28","Good"
"Strings.rsrc","10035","0x2733","kDiplomacyScreenStr","29","Excellent"
"Strings.rsrc","10035","0x2733","kDiplomacyScreenStr","30","Awesome"
"Strings.rsrc","10035","0x2733","kDiplomacyScreenStr","31","Map Key"
"Strings.rsrc","10035","0x2733","kDiplomacyScreenStr","32","[1:Zimm]: Diplomatic Status"
"Strings.rsrc","10035","0x2733","kDiplomacyScreenStr","33","Diplomatic Overtures"
"Strings.rsrc","10035","0x2733","kDiplomacyScreenStr","34","Foreign Grants"
"Strings.rsrc","10035","0x2733","kDiplomacyScreenStr","35","Relationship:"
"Strings.rsrc","10035","0x2733","kDiplomacyScreenStr","36","Bad"
"Strings.rsrc","10035","0x2733","kDiplomacyScreenStr","37","Good"
"Strings.rsrc","10035","0x2733","kDiplomacyScreenStr","38","Promised Grants:"
"Strings.rsrc","10035","0x2733","kDiplomacyScreenStr","39","$1,000"
"Strings.rsrc","10035","0x2733","kDiplomacyScreenStr","40","$3,000"
"Strings.rsrc","10035","0x2733","kDiplomacyScreenStr","41","$5,000"
"Strings.rsrc","10035","0x2733","kDiplomacyScreenStr","42","$10,000"
"Strings.rsrc","10035","0x2733","kDiplomacyScreenStr","43","Trade Policies"
"Strings.rsrc","10035","0x2733","kDiplomacyScreenStr","44","5%"
"Strings.rsrc","10035","0x2733","kDiplomacyScreenStr","45","10%"
"Strings.rsrc","10035","0x2733","kDiplomacyScreenStr","46","25%"
"Strings.rsrc","10035","0x2733","kDiplomacyScreenStr","47","50%"
"Strings.rsrc","10035","0x2733","kDiplomacyScreenStr","48","75%"
"Strings.rsrc","10035","0x2733","kDiplomacyScreenStr","49","100%"
"Strings.rsrc","10035","0x2733","kDiplomacyScreenStr","50","Subsidies"
"Strings.rsrc","10035","0x2733","kDiplomacyScreenStr","51","Boycott"
"Strings.rsrc","10035","0x2733","kDiplomacyScreenStr","52","Colony Boycott"
"Strings.rsrc","10035","0x2733","kDiplomacyScreenStr","53","The Council of Governors has not yet convened."
"Strings.rsrc","10035","0x2733","kDiplomacyScreenStr","54","Results from the Council of Governors: [1:year]"
"Strings.rsrc","10035","0x2733","kDiplomacyScreenStr","55","Abstaining:"
"Strings.rsrc","10035","0x2733","kDiplomacyScreenStr","56","Invite a Minor Nation to Join Our Empire"
"Strings.rsrc","10035","0x2733","kDiplomacyScreenStr","57","Offer an Alliance to another Great Power"
"Strings.rsrc","10035","0x2733","kDiplomacyScreenStr","58","Offer a Non-Aggression Pact"
"Strings.rsrc","10035","0x2733","kDiplomacyScreenStr","59","Offer a Peace Treaty"
"Strings.rsrc","10035","0x2733","kDiplomacyScreenStr","60","Declare War"
"Strings.rsrc","10035","0x2733","kDiplomacyScreenStr","61","Build a Trade Consulate"
"Strings.rsrc","10035","0x2733","kDiplomacyScreenStr","62","Build an Embassy"
"Strings.rsrc","10035","0x2733","kDiplomacyScreenStr","63","Grant $1,000"
"Strings.rsrc","10035","0x2733","kDiplomacyScreenStr","64","Grant $1,000 Every Turn"
"Strings.rsrc","10035","0x2733","kDiplomacyScreenStr","65","Grant $3,000"
"Strings.rsrc","10035","0x2733","kDiplomacyScreenStr","66","Grant $3,000 Every Turn"
"Strings.rsrc","10035","0x2733","kDiplomacyScreenStr","67","Grant $5,000"
"Strings.rsrc","10035","0x2733","kDiplomacyScreenStr","68","Grant $5,000 Every Turn"
"Strings.rsrc","10035","0x2733","kDiplomacyScreenStr","69","Grant $10,000"
"Strings.rsrc","10035","0x2733","kDiplomacyScreenStr","70","Grant $10,000 Every Turn"
"Strings.rsrc","10035","0x2733","kDiplomacyScreenStr","71","Give 5% Subsidy"
"Strings.rsrc","10035","0x2733","kDiplomacyScreenStr","72","Give 10% Subsidy"
"Strings.rsrc","10035","0x2733","kDiplomacyScreenStr","73","Give 25% Subsidy"
"Strings.rsrc","10035","0x2733","kDiplomacyScreenStr","74","Give 50% Subsidy"
"Strings.rsrc","10035","0x2733","kDiplomacyScreenStr","75","Give 75% Subsidy"
"Strings.rsrc","10035","0x2733","kDiplomacyScreenStr","76","Give 100% Subsidy(Free Trade Goods)"
"Strings.rsrc","10035","0x2733","kDiplomacyScreenStr","77","Boycott All Trade"
"Strings.rsrc","10035","0x2733","kDiplomacyScreenStr","78","Direct Our Colonies to Boycott"
"Strings.rsrc","10035","0x2733","kDiplomacyScreenStr","79","Political Map"
"Strings.rsrc","10035","0x2733","kDiplomacyScreenStr","80","Treaties Map"
"Strings.rsrc","10035","0x2733","kDiplomacyScreenStr","81","Foreign Grants Map"
"Strings.rsrc","10035","0x2733","kDiplomacyScreenStr","82","Trade Map"
"Strings.rsrc","10035","0x2733","kDiplomacyScreenStr","83","World Information"
"Strings.rsrc","10035","0x2733","kDiplomacyScreenStr","84","Offer Treaties"
"Strings.rsrc","10035","0x2733","kDiplomacyScreenStr","85","Influence Nations"
"Strings.rsrc","10035","0x2733","kDiplomacyScreenStr","86","Set Trade Policies"
"Strings.rsrc","10035","0x2733","kDiplomacyScreenStr","87","View Results of Last Election"
"Strings.rsrc","10035","0x2733","kDiplomacyScreenStr","88","Grants: "
"Strings.rsrc","10035","0x2733","kDiplomacyScreenStr","89","No Grants"
"Strings.rsrc","10035","0x2733","kDiplomacyScreenStr","90","Controlled"
"Strings.rsrc","10035","0x2733","kDiplomacyScreenStr","91","Colonies"
"Strings.rsrc","10035","0x2733","kDiplomacyScreenStr","92","Other Great Powers"
"Strings.rsrc","10035","0x2733","kDiplomacyScreenStr","93","Other Minor Nations"
"Strings.rsrc","10035","0x2733","kDiplomacyScreenStr","94","Total Provinces"
"Strings.rsrc","10035","0x2733","kDiplomacyScreenStr","95","Council of Governors"
"Strings.rsrc","10035","0x2733","kDiplomacyScreenStr","96","Nominees:"
"Strings.rsrc","10035","0x2733","kDiplomacyScreenStr","97","Total Boycott"
"Strings.rsrc","10035","0x2733","kDiplomacyScreenStr","98","Most Favored"
"Strings.rsrc","10035","0x2733","kDiplomacyScreenStr","99","Trading Nation:"
"Strings.rsrc","10036","0x2734","kStrCityToolbar","1","Required Food"
"Strings.rsrc","10036","0x2734","kStrCityToolbar","2","Sick workers"
"Strings.rsrc","10036","0x2734","kStrCityToolbar","3","No Illness"
"Strings.rsrc","10036","0x2734","kStrCityToolbar","4","Starved Workers"
"Strings.rsrc","10036","0x2734","kStrCityToolbar","5","No Starvation"
"Strings.rsrc","10036","0x2734","kStrCityToolbar","6","Workers demand clothing"
"Strings.rsrc","10036","0x2734","kStrCityToolbar","7","Workers do not demand clothing"
"Strings.rsrc","10036","0x2734","kStrCityToolbar","8","Workers demand hardware"
"Strings.rsrc","10036","0x2734","kStrCityToolbar","9","Workers do not demand hardware "
"Strings.rsrc","10036","0x2734","kStrCityToolbar","10","Workers demand furniture"
"Strings.rsrc","10036","0x2734","kStrCityToolbar","11","Workers do not demand furniture"
"Strings.rsrc","10036","0x2734","kStrCityToolbar","12","Available labor"
"Strings.rsrc","10036","0x2734","kStrCityToolbar","13","No available labor"
"Strings.rsrc","10036","0x2734","kStrCityToolbar","14","Untrained Workers"
"Strings.rsrc","10036","0x2734","kStrCityToolbar","15","No Untrained Workers"
"Strings.rsrc","10036","0x2734","kStrCityToolbar","16","Trained Workers"
"Strings.rsrc","10036","0x2734","kStrCityToolbar","17","No Trained Workers"
"Strings.rsrc","10036","0x2734","kStrCityToolbar","18","Expert Workers"
"Strings.rsrc","10036","0x2734","kStrCityToolbar","19","No Expert Workers"
"Strings.rsrc","10036","0x2734","kStrCityToolbar","20","Power"
"Strings.rsrc","10036","0x2734","kStrCityToolbar","21","No Power"
"Strings.rsrc","10036","0x2734","kStrCityToolbar","22","Under Construction"
"Strings.rsrc","10036","0x2734","kStrCityToolbar","23","Future Site of "
"Strings.rsrc","10036","0x2734","kStrCityToolbar","24","Expanding"
"Strings.rsrc","10036","0x2734","kStrCityToolbar","25","Production: "
"Strings.rsrc","10036","0x2734","kStrCityToolbar","26","[1: building name]Under Construction"
"Strings.rsrc","10036","0x2734","kStrCityToolbar","27","Building Site for Factory:[1: factory name]"
"Strings.rsrc","10036","0x2734","kStrCityToolbar","28","[1: building name]Production: [2: number] / [3:number] "
"Strings.rsrc","10036","0x2734","kStrCityToolbar","29","[1: building name]Production: [2: number] / [3:number]  (Expanding)"
"Strings.rsrc","10036","0x2734","kStrCityToolbar","30","[1: building name]Production: [2: number] "
"Strings.rsrc","10036","0x2734","kStrCityToolbar","31","[1:itemName] Needed: [2:number] Transporting: [3:number]"
"Strings.rsrc","10036","0x2734","kStrCityToolbar","32","Meat"
"Strings.rsrc","10036","0x2734","kStrCityToolbar","33","[1:itemName] Transporting: [2:number]"
"Strings.rsrc","10036","0x2734","kStrCityToolbar","34","Power"
"Strings.rsrc","10036","0x2734","kStrCityToolbar","35","Labor"
"Strings.rsrc","10037","0x2735","kStrTransportScreen","1","Transport Capacity"
"Strings.rsrc","10037","0x2735","kStrTransportScreen","2","Used Transport Capacity / Total"
"Strings.rsrc","10037","0x2735","kStrTransportScreen","3","Cotton and Wool"
"Strings.rsrc","10037","0x2735","kStrTransportScreen","4","Fish and Livestock"
"Strings.rsrc","10037","0x2735","kStrTransportScreen","5","Transport / Total"
"Strings.rsrc","10037","0x2735","kStrTransportScreen","6","Transport"
"Strings.rsrc","10037","0x2735","kStrTransportScreen","7","Ledger"
"Strings.rsrc","10037","0x2735","kStrTransportScreen","8","[1:item name]Warehouse: [2:number]      Needed: [3:number] "
"Strings.rsrc","10037","0x2735","kStrTransportScreen","9","[1:item name]Warehouse: [2:number] "
"Strings.rsrc","10037","0x2735","kStrTransportScreen","10","[1:gold or gems]Worth: [2:$500] / unit"
"Strings.rsrc","10037","0x2735","kStrTransportScreen","11","[1:item name]Stable: [2:number] "
"Strings.rsrc","10038","0x2736","kShipyardDescStr","1",""
"Strings.rsrc","10038","0x2736","kShipyardDescStr","2",""
"Strings.rsrc","10038","0x2736","kShipyardDescStr","3",""
"Strings.rsrc","10038","0x2736","kShipyardDescStr","4",""
"Strings.rsrc","10038","0x2736","kShipyardDescStr","5",""
"Strings.rsrc","10038","0x2736","kShipyardDescStr","6",""
"Strings.rsrc","10038","0x2736","kShipyardDescStr","7",""
"Strings.rsrc","10038","0x2736","kShipyardDescStr","8",""
"Strings.rsrc","10038","0x2736","kShipyardDescStr","9",""
"Strings.rsrc","10038","0x2736","kShipyardDescStr","10",""
"Strings.rsrc","10038","0x2736","kShipyardDescStr","11",""
"Strings.rsrc","10038","0x2736","kShipyardDescStr","12",""
"Strings.rsrc","10038","0x2736","kShipyardDescStr","13",""
"Strings.rsrc","10038","0x2736","kShipyardDescStr","14","Shipyard"
"Strings.rsrc","10038","0x2736","kShipyardDescStr","15","Cost:"
"Strings.rsrc","10038","0x2736","kShipyardDescStr","16","Available:"
"Strings.rsrc","10038","0x2736","kShipyardDescStr","17","Firepower:"
"Strings.rsrc","10038","0x2736","kShipyardDescStr","18","Range:"
"Strings.rsrc","10038","0x2736","kShipyardDescStr","19","Armor:"
"Strings.rsrc","10038","0x2736","kShipyardDescStr","20","Hull:"
"Strings.rsrc","10038","0x2736","kShipyardDescStr","21","Speed:"
"Strings.rsrc","10038","0x2736","kShipyardDescStr","22","Cargo:"
"Strings.rsrc","10039","0x2737","kStrGameSetup","1","Start New Game on Random Map"
"Strings.rsrc","10039","0x2737","kStrGameSetup","2","Load Saved Game"
"Strings.rsrc","10039","0x2737","kStrGameSetup","3","Multiplayer"
"Strings.rsrc","10039","0x2737","kStrGameSetup","4","Show High Scores"
"Strings.rsrc","10039","0x2737","kStrGameSetup","5","Load Scenario or Tutorial"
"Strings.rsrc","10039","0x2737","kStrGameSetup","6","Host a game"
"Strings.rsrc","10039","0x2737","kStrGameSetup","7","Join a game"
"Strings.rsrc","10039","0x2737","kStrGameSetup","8","This is not a valid saved game."
"Strings.rsrc","10039","0x2737","kStrGameSetup","9","This save file is from an older version which is no longer supported."
"Strings.rsrc","10039","0x2737","kStrGameSetup","10","Quit"
"Strings.rsrc","10039","0x2737","kStrGameSetup","11","Saved Game Screen"
"Strings.rsrc","10039","0x2737","kStrGameSetup","12","Load Saved Game Screen"
"Strings.rsrc","10039","0x2737","kStrGameSetup","13","Unused"
"Strings.rsrc","10039","0x2737","kStrGameSetup","14","Introductory"
"Strings.rsrc","10039","0x2737","kStrGameSetup","15","Easy"
"Strings.rsrc","10039","0x2737","kStrGameSetup","16","Normal"
"Strings.rsrc","10039","0x2737","kStrGameSetup","17","Hard"
"Strings.rsrc","10039","0x2737","kStrGameSetup","18","Nigh-on Impossible"
"Strings.rsrc","10039","0x2737","kStrGameSetup","19","Generate a Random Map"
"Strings.rsrc","10039","0x2737","kStrGameSetup","20","Return to Main Screen"
"Strings.rsrc","10039","0x2737","kStrGameSetup","21","Start the Game With This Map"
"Strings.rsrc","10039","0x2737","kStrGameSetup","22","Map of the World"
"Strings.rsrc","10039","0x2737","kStrGameSetup","23","Game Difficulty Setting"
"Strings.rsrc","10039","0x2737","kStrGameSetup","24","Start Demo With This Map"
"Strings.rsrc","10039","0x2737","kStrGameSetup","25","Name of Multiplayer Game"
"Strings.rsrc","10039","0x2737","kStrGameSetup","26","Your Country's Name"
"Strings.rsrc","10039","0x2737","kStrGameSetup","27","National Flag"
"Strings.rsrc","10039","0x2737","kStrGameSetup","28","National Coat of Arms"
"Strings.rsrc","10039","0x2737","kStrGameSetup","29","Game Name"
"Strings.rsrc","10039","0x2737","kStrGameSetup","30","Country"
"Strings.rsrc","10039","0x2737","kStrGameSetup","31","Host New Game with Random Map"
"Strings.rsrc","10039","0x2737","kStrGameSetup","32","Host New Scenario"
"Strings.rsrc","10039","0x2737","kStrGameSetup","33","Host Saved Game"
"Strings.rsrc","10039","0x2737","kStrGameSetup","34","Return to Main Screen"
"Strings.rsrc","10039","0x2737","kStrGameSetup","35","Join a Game in Progress"
"Strings.rsrc","10039","0x2737","kStrGameSetup","36","Select Connection Method"
"Strings.rsrc","10039","0x2737","kStrGameSetup","37","Set Your Name"
"Strings.rsrc","10039","0x2737","kStrGameSetup","38","Enter Name for Multiplayer Game"
"Strings.rsrc","10039","0x2737","kStrGameSetup","39","You must enter a name to host a game."
"Strings.rsrc","10039","0x2737","kStrGameSetup","40","Unable to Start the Multiplayer Machine"
"Strings.rsrc","10039","0x2737","kStrGameSetup","41","Start Demo"
"Strings.rsrc","10039","0x2737","kStrGameSetup","42","Give up the reins of power?"
"Strings.rsrc","10039","0x2737","kStrGameSetup","43","Are you done attempting to dominate this world?"
"Strings.rsrc","10039","0x2737","kStrGameSetup","44","Previous"
"Strings.rsrc","10039","0x2737","kStrGameSetup","45","Next"
"Strings.rsrc","10039","0x2737","kStrGameSetup","46","Return to Main Multiplayer Screen"
"Strings.rsrc","10039","0x2737","kStrGameSetup","47","As the host of this game, the other players can’t continue without you.  Are you sure you want to quit?"
"Strings.rsrc","10039","0x2737","kStrGameSetup","48","Are you sure you want to drop out of the game?"
"Strings.rsrc","10039","0x2737","kStrGameSetup","49","To be able to continue this game later, you must wait for the host to save and end the game.  If you leave now, a newfangled machine will replace you as head of state.  This process is irreversible!  Are you sure you want to abdicate?"
"Strings.rsrc","10039","0x2737","kStrGameSetup","50","The governing body of [1: country] has chosen to step down.  Control of the country has unwisely been handed over to a steam-powered computing machine."
"Strings.rsrc","10039","0x2737","kStrGameSetup","51","Are you prepared to step down from the current game?"
"Strings.rsrc","10039","0x2737","kStrGameSetup","52","In the interest of courtesy to the other players in this game, please quit the current game before loading another.  Click the “Start New Game” button instead."
"Strings.rsrc","10039","0x2737","kStrGameSetup","53","Select the correct gender form for your country:"
"Strings.rsrc","10039","0x2737","kStrGameSetup","54","Most humble apologies...a bad map has been generated. Please quit and restart. Players shouldn’t ever see this message. "
"Strings.rsrc","10039","0x2737","kStrGameSetup","55","Are you sure you wish to cancel this multiplayer game?  It may be somewhat of a disappointment to other players who have joined."
"Strings.rsrc","10040","0x2738","kStrCityPopups","1","2 Labor + 2 (Cotton or Wool) makes 1 Fabric"
"Strings.rsrc","10040","0x2738","kStrCityPopups","2","2 Labor + 2 Fabric makes 1 Clothing"
"Strings.rsrc","10040","0x2738","kStrCityPopups","3","2 Labor + 1 Coal + 1 Iron makes 1 Steel"
"Strings.rsrc","10040","0x2738","kStrCityPopups","4","2 Labor + 2 Steel makes 1 Armament or 1 Hardware"
"Strings.rsrc","10040","0x2738","kStrCityPopups","5","2 Labor + 2 Timber makes 1 Lumber or 1 Paper"
"Strings.rsrc","10040","0x2738","kStrCityPopups","6","2 Labor + 2 Lumber makes 1 Furniture"
"Strings.rsrc","10040","0x2738","kStrCityPopups","7","2 Labor + 2 Oil makes 1 Fuel"
"Strings.rsrc","10040","0x2738","kStrCityPopups","8",""
"Strings.rsrc","10040","0x2738","kStrCityPopups","9",""
"Strings.rsrc","10040","0x2738","kStrCityPopups","10",""
"Strings.rsrc","10040","0x2738","kStrCityPopups","11",""
"Strings.rsrc","10040","0x2738","kStrCityPopups","12","1 Fuel makes 6 Power"
"Strings.rsrc","10040","0x2738","kStrCityPopups","13","2 Labor + 2 Grain + 1 Produce + 1 Meat makes 2 Canned Food"
"Strings.rsrc","10040","0x2738","kStrCityPopups","14",""
"Strings.rsrc","10040","0x2738","kStrCityPopups","15","2 Labor + 1 Steel + 1 Lumber makes 1 Transport Capacity"
"Strings.rsrc","10040","0x2738","kStrCityPopups","16","1 Food + 1 Furniture + 1 Clothing recruits 1 Untrained Worker"
"Strings.rsrc","10040","0x2738","kStrCityPopups","17","Capacity: [1: number]"
"Strings.rsrc","10040","0x2738","kStrCityPopups","18","-or-"
"Strings.rsrc","10040","0x2738","kStrCityPopups","19","Expand Factory"
"Strings.rsrc","10040","0x2738","kStrCityPopups","20","Expansion in Progress"
"Strings.rsrc","10040","0x2738","kStrCityPopups","21","Cost to Build"
"Strings.rsrc","10040","0x2738","kStrCityPopups","22","Unlimited"
"Strings.rsrc","10040","0x2738","kStrCityPopups","23","Insufficient Funds"
"Strings.rsrc","10040","0x2738","kStrCityPopups","24","Insufficient Materials"
"Strings.rsrc","10040","0x2738","kStrCityPopups","25","1 Untrained Worker = 1 Labor"
"Strings.rsrc","10040","0x2738","kStrCityPopups","26","1 Trained Worker = 2 Labor"
"Strings.rsrc","10040","0x2738","kStrCityPopups","27","1 Expert Worker = 4 Labor"
"Strings.rsrc","10040","0x2738","kStrCityPopups","28","Provinces"
"Strings.rsrc","10040","0x2738","kStrCityPopups","29","[1: number] [2:commodity] "
"Strings.rsrc","10040","0x2738","kStrCityPopups","30","([1:number] Provinces)"
"Strings.rsrc","10040","0x2738","kStrCityPopups","31","1 Untrained Worker + 1 Paper + $100 makes 1 Trained Worker"
"Strings.rsrc","10040","0x2738","kStrCityPopups","32","1 Trained Worker + 2 Paper + $1000 makes 1 Expert Worker"
"Strings.rsrc","10041","0x2739","kStrNewShipAnnouncements","1","***"
"Strings.rsrc","10041","0x2739","kStrNewShipAnnouncements","2","Our merchant capacity has increased to [1:] ."
"Strings.rsrc","10041","0x2739","kStrNewShipAnnouncements","3","[1:numberofships] of our ships have been made obsolete.  The experienced crewmembers have been distributed among the fleet."
"Strings.rsrc","10041","0x2739","kStrNewShipAnnouncements","4","[1:numberofships] of our ships have been made obsolete.  Their inexperienced crewmembers have been discharged."
"Strings.rsrc","10042","0x273a","kStrRewards - •not used, moved to TEXT","1","Congratulations, Your Excellency! Due to the growth of our navy, you have earned the reward of an Admiral in a new [1:ship type]. "
"Strings.rsrc","10042","0x273a","kStrRewards - •not used, moved to TEXT","2","Congratulations, Your Excellency! Due to the growth of our army, you have earned the reward of a General unit. "
"Strings.rsrc","10042","0x273a","kStrRewards - •not used, moved to TEXT","3","Your excellency, I am pleased to report that thanks to our foreign policies, our country has produced a developer unit for overseas exploitation!See Terrain Map Briefing #5 for guidance on using the developer."
"Strings.rsrc","10042","0x273a","kStrRewards - •not used, moved to TEXT","4","Congratulations, Your Excellency. Your wise industrial policies have spurred the growth of the hamlet of [1:] into a village. You will see the new materials produced there on the Transport Ledger."
"Strings.rsrc","10042","0x273a","kStrRewards - •not used, moved to TEXT","5","Your Excellency, I am pleased to report that your industrial policies have continued to spur the growth of [1:]. It has grown into a town with factories of its own. The consumer goods produced there are available for transport."
"Strings.rsrc","10042","0x273a","kStrRewards - •not used, moved to TEXT","6","Your excellency, I am pleased to report that  our shipyard has been upgraded to take advantage of our advanced iron-working capability."
"Strings.rsrc","10042","0x273a","kStrRewards - •not used, moved to TEXT","7","Your excellency, I am pleased to report that  due to our glorious conquest of the capital of [1:], our new troops will be trained in an expanded armory and start with one medal."
"Strings.rsrc","10042","0x273a","kStrRewards - •not used, moved to TEXT","8","Your excellency, I am pleased to report that we have trained enough expert workers to justify expanding the University and opening new departments. Ten units of paper have been added to the warehouse!"
"Strings.rsrc","10042","0x273a","kStrRewards - •not used, moved to TEXT","9","Your excellency, I am pleased to report that we have expanded the railyard to accomodate the industrial materials now available from villages!"
"Strings.rsrc","10042","0x273a","kStrRewards - •not used, moved to TEXT","10","Your excellency, I am pleased to report that the capitol has been expanded to accomodate increased diplomatic traffic resulting from the glorious annexation of another Great Power.We will be able to recruit more workers to the city each turn."
"Strings.rsrc","10042","0x273a","kStrRewards - •not used, moved to TEXT","11","Your excellency, I am pleased to report that [1: country name] has erected a monument as a token of their gratitude for being allowed to join our Empire, and has contributed 2 Clipper ships, adding 8 units of capacity to our merchant marine."
"Strings.rsrc","10042","0x273a","kStrRewards - •not used, moved to TEXT","12","Your excellency, I am pleased to report that a monument has been erected to commemorate our lead in the Council of Governors."
"Strings.rsrc","10042","0x273a","kStrRewards - •not used, moved to TEXT","13","Your excellency, I am pleased to report that a monument has been erected atop the armory to commemorate our many conquests."
"Strings.rsrc","10043","0x273b","kStrBadCitySite","1","The city cannot be placed in a foreign country."
"Strings.rsrc","10043","0x273b","kStrBadCitySite","2","Cities must be built on flat terrain (no hills or mountains). Cities must be built on the coast or on a river. If on a river, your country must control the entire river from the city to the sea."
"Strings.rsrc","10043","0x273b","kStrBadCitySite","3","The city must have uncontested access to water."
"Strings.rsrc","10043","0x273b","kStrBadCitySite","4","The city must be founded on dry land, for practical reasons."
"Strings.rsrc","10044","0x273c","kStrNavyBattles","1","Trading [1: six] [2: cotton] with [3: Devron]"
"Strings.rsrc","10044","0x273c","kStrNavyBattles","2","Merchants captured:"
"Strings.rsrc","10044","0x273c","kStrNavyBattles","3","Merchants sunk:"
"Strings.rsrc","10044","0x273c","kStrNavyBattles","4","Cargo seized:"
"Strings.rsrc","10044","0x273c","kStrNavyBattles","5","Piracy!"
"Strings.rsrc","10044","0x273c","kStrNavyBattles","6","Privateer Interception"
"Strings.rsrc","10044","0x273c","kStrNavyBattles","7","Enemy Merchants Intercepted!"
"Strings.rsrc","10044","0x273c","kStrNavyBattles","8","Warships Defeated!"
"Strings.rsrc","10044","0x273c","kStrNavyBattles","9","Battle at Sea"
"Strings.rsrc","10044","0x273c","kStrNavyBattles","10","Victory at Sea!"
"Strings.rsrc","10044","0x273c","kStrNavyBattles","11","Under orders to [1: patrol]"
"Strings.rsrc","10044","0x273c","kStrNavyBattles","12","make sail to [1: the Sea of Cortez]"
"Strings.rsrc","10044","0x273c","kStrNavyBattles","13","dock at [1: the port of Zimm]"
"Strings.rsrc","10044","0x273c","kStrNavyBattles","14","patrol [1: the Sea of Cortez]"
"Strings.rsrc","10044","0x273c","kStrNavyBattles","15","swab the decks in [1: the Sea of Cortez]"
"Strings.rsrc","10044","0x273c","kStrNavyBattles","16","hold a beachhead in the Province of [1: provinceName]"
"Strings.rsrc","10044","0x273c","kStrNavyBattles","17","blockade [1: the Port of Calais]"
"Strings.rsrc","10044","0x273c","kStrNavyBattles","18","escort merchant shipping"
"Strings.rsrc","10044","0x273c","kStrNavyBattles","19","make all neccessary repairs"
"Strings.rsrc","10044","0x273c","kStrNavyBattles","20","lie low in [1: the Sea of Cortez]"
"Strings.rsrc","10044","0x273c","kStrNavyBattles","21","patrol indefinitely in [1: the Sea of Cortez]"
"Strings.rsrc","10044","0x273c","kStrNavyBattles","22","(reserved)"
"Strings.rsrc","10044","0x273c","kStrNavyBattles","23","(reserved)"
"Strings.rsrc","10044","0x273c","kStrNavyBattles","24","Aggression level: [1: Cautious]"
"Strings.rsrc","10044","0x273c","kStrNavyBattles","25","Cautious"
"Strings.rsrc","10044","0x273c","kStrNavyBattles","26","Normal"
"Strings.rsrc","10044","0x273c","kStrNavyBattles","27","Aggressive"
"Strings.rsrc","10044","0x273c","kStrNavyBattles","28","SUNK"
"Strings.rsrc","10044","0x273c","kStrNavyBattles","29","CAPTURED"
"Strings.rsrc","10044","0x273c","kStrNavyBattles","30","Cargo Seized: [1] [2]"
"Strings.rsrc","10044","0x273c","kStrNavyBattles","31","Interrupted: Trade with [3]"
"Strings.rsrc","10044","0x273c","kStrNavyBattles","32","KIA"
"Strings.rsrc","10044","0x273c","kStrNavyBattles","33","DROWNED"
"Strings.rsrc","10045","0x273d","kStrArmyBattles","1","Retreat this unit?"
"Strings.rsrc","10045","0x273d","kStrArmyBattles","2","Attack Failed!"
"Strings.rsrc","10045","0x273d","kStrArmyBattles","3","Province Changes Hands"
"Strings.rsrc","10045","0x273d","kStrArmyBattles","4","Province Taken!"
"Strings.rsrc","10045","0x273d","kStrArmyBattles","5","Province Lost!"
"Strings.rsrc","10045","0x273d","kStrArmyBattles","6","Defenders Hold"
"Strings.rsrc","10045","0x273d","kStrArmyBattles","7","Enemy Beaten Back!"
"Strings.rsrc","10045","0x273d","kStrArmyBattles","8","[1: provinceName], a province of [2: countryName]"
"Strings.rsrc","10045","0x273d","kStrArmyBattles","9","Attacking force:"
"Strings.rsrc","10045","0x273d","kStrArmyBattles","10","Units defending:"
"Strings.rsrc","10045","0x273d","kStrArmyBattles","11","Commanded by General [1: Patton]"
"Strings.rsrc","10045","0x273d","kStrArmyBattles","12","killed"
"Strings.rsrc","10045","0x273d","kStrArmyBattles","13","Our forces are attacking the province of [1:Quebec], defended by the forces of [2:Canada].  Do you wish me to deploy the troops for you?"
"Strings.rsrc","10045","0x273d","kStrArmyBattles","14","Our garrison in [1:Quebec] is being attacked by the forces of [2:Mexico].  Do you wish me to deploy the troops for you?"
"Strings.rsrc","10045","0x273d","kStrArmyBattles","15","Deploy Troops"
"Strings.rsrc","10045","0x273d","kStrArmyBattles","16","all"
"Strings.rsrc","10045","0x273d","kStrArmyBattles","17","[1]: Units Attacking"
"Strings.rsrc","10045","0x273d","kStrArmyBattles","18","[1]: Defensive Muster"
"Strings.rsrc","10045","0x273d","kStrArmyBattles","19","No battles took place in the last three months."
"Strings.rsrc","10045","0x273d","kStrArmyBattles","20","We are victorious!"
"Strings.rsrc","10045","0x273d","kStrArmyBattles","21","We have lost the battle!"
"Strings.rsrc","10045","0x273d","kStrArmyBattles","22","Attacking Forces"
"Strings.rsrc","10045","0x273d","kStrArmyBattles","23","Defensive Muster"
"Strings.rsrc","10045","0x273d","kStrArmyBattles","24","Location of Encounter"
"Strings.rsrc","10045","0x273d","kStrArmyBattles","25","Result"
"Strings.rsrc","10045","0x273d","kStrArmyBattles","26","Previous Encounter"
"Strings.rsrc","10045","0x273d","kStrArmyBattles","27","Next Encounter"
"Strings.rsrc","10045","0x273d","kStrArmyBattles","28","Detailed Information"
"Strings.rsrc","10045","0x273d","kStrArmyBattles","29","Dismiss Battle Report"
"Strings.rsrc","10045","0x273d","kStrArmyBattles","30","Help"
"Strings.rsrc","10045","0x273d","kStrArmyBattles","31","No battles to report yet- the game has just begun!"
"Strings.rsrc","10045","0x273d","kStrArmyBattles","32","Help on Tactical Battles"
"Strings.rsrc","10045","0x273d","kStrArmyBattles","33","Next Target"
"Strings.rsrc","10045","0x273d","kStrArmyBattles","34","End Unit’s Turn"
"Strings.rsrc","10045","0x273d","kStrArmyBattles","35","Retreat All Units"
"Strings.rsrc","10045","0x273d","kStrArmyBattles","36","Otto-Play"
"Strings.rsrc","10045","0x273d","kStrArmyBattles","37","[1:countryName]'s Casualties:[2:number] units lost"
"Strings.rsrc","10045","0x273d","kStrArmyBattles","38","[1:countryName]'s Casualties:1 unit lost"
"Strings.rsrc","10045","0x273d","kStrArmyBattles","39","[1:countryName]'s Casualties:no casualties"
"Strings.rsrc","10045","0x273d","kStrArmyBattles","40","Attack Preempted!"
"Strings.rsrc","10045","0x273d","kStrArmyBattles","41","Battle Preempted"
"Strings.rsrc","10045","0x273d","kStrArmyBattles","42","Foreign Attack Preempted"
"Strings.rsrc","10045","0x273d","kStrArmyBattles","43","Province Forfeit!"
"Strings.rsrc","10045","0x273d","kStrArmyBattles","44","Uncontested Takeover"
"Strings.rsrc","10045","0x273d","kStrArmyBattles","45","Unopposed Victory!"
"Strings.rsrc","10045","0x273d","kStrArmyBattles","46","Next Unit"
"Strings.rsrc","10045","0x273d","kStrArmyBattles","47","End Deployment"
"Strings.rsrc","10045","0x273d","kStrArmyBattles","48","Capital Province Taken!"
"Strings.rsrc","10045","0x273d","kStrArmyBattles","49","Capital Province Lost!"
"Strings.rsrc","10045","0x273d","kStrArmyBattles","50","Confirm retreat orders?"
"Strings.rsrc","10046","0x273e","kStrDiplomacyWarning","1","Your excellency, the foreign ministers of the world are about to exchange diplomatic proposals, as they do every 3 months. I have not yet received any orders from you. "
"Strings.rsrc","10046","0x273e","kStrDiplomacyWarning","2","Your excellency, perhaps we could use some of our funds to gain influence in other countries"
"Strings.rsrc","10047","0x273f","kStrPlaceCity","1","Your excellency, select your city site.Like any port or depot, your city will draw in resources from the surrounding countryside.Your city will be the hub of your transport network and your industrial command center."
"Strings.rsrc","10047","0x273f","kStrPlaceCity","2","The planetary map generation key is “[1: Earth]”"
"Strings.rsrc","10047","0x273f","kStrPlaceCity","3","Your excellency, select your city site. Like any port or depot, your city will draw in resources from the surrounding countryside. Your city will be the hub of your transport network and your industrial command center."
"Strings.rsrc","10047","0x273f","kStrPlaceCity","4","Select City Site"
"Strings.rsrc","10047","0x273f","kStrPlaceCity","5","Like any port or depot, your city will draw in resources from the surrounding countryside. Your city will be the hub of your transport network and your industrial command center."
"Strings.rsrc","10047","0x273f","kStrPlaceCity","6","Local food can sustain [1] healthy population([2] maximum)"
"Strings.rsrc","10047","0x273f","kStrPlaceCity","7","Cancel Game"
"Strings.rsrc","10047","0x273f","kStrPlaceCity","8","Candidate City Site"
"Strings.rsrc","10047","0x273f","kStrPlaceCity","9","Return to Map Room"
"Strings.rsrc","10048","0x2740","kStrTradeOffers","1","Remaining Merchant Marine"
"Strings.rsrc","10048","0x2740","kStrTradeOffers","2","Open Trade Book"
"Strings.rsrc","10048","0x2740","kStrTradeOffers","3","Preferred Order of Bidders"
"Strings.rsrc","10048","0x2740","kStrTradeOffers","4","View Market"
"Strings.rsrc","10048","0x2740","kStrTradeOffers","5","Close Trade Book"
"Strings.rsrc","10048","0x2740","kStrTradeOffers","6","Reject Offer"
"Strings.rsrc","10048","0x2740","kStrTradeOffers","7","Accept Offer"
"Strings.rsrc","10048","0x2740","kStrTradeOffers","8","[1]: 1 unit"
"Strings.rsrc","10048","0x2740","kStrTradeOffers","9","[1]: [2] units"
"Strings.rsrc","10048","0x2740","kStrTradeOffers","10","Trade Book"
"Strings.rsrc","10048","0x2740","kStrTradeOffers","11","Waiting for offers.  Current market: [1]"
"Strings.rsrc","10048","0x2740","kStrTradeOffers","12","One moment..."
"Strings.rsrc","10048","0x2740","kStrTradeOffers","13","[1:seller] offers[2:amount] units of [3:item]@ [4:price] / unit."
"Strings.rsrc","10048","0x2740","kStrTradeOffers","14","Purchase"
"Strings.rsrc","10048","0x2740","kStrTradeOffers","15","units"
"Strings.rsrc","10048","0x2740","kStrTradeOffers","16","No more offers of [1:item]"
"Strings.rsrc","10048","0x2740","kStrTradeOffers","17","They are not offering us that much, excellency."
"Strings.rsrc","10048","0x2740","kStrTradeOffers","18","We have only enough ships to carry [1] units, your excellency."
"Strings.rsrc","10048","0x2740","kStrTradeOffers","19","Bought [1:amount] [2:item] from [3:seller] @ [4:price] / unit."
"Strings.rsrc","10048","0x2740","kStrTradeOffers","20","Sold [1:amount] [2:item] to [3:buyer] @ [4:price] / unit."
"Strings.rsrc","10048","0x2740","kStrTradeOffers","21","Bought [1:amount] [2:item] from [3:seller]"
"Strings.rsrc","10048","0x2740","kStrTradeOffers","22","Sold [1:amount] [2:item] to [3:buyer]"
"Strings.rsrc","10048","0x2740","kStrTradeOffers","23","[1:seller] offered to sell us [2:item]"
"Strings.rsrc","10048","0x2740","kStrTradeOffers","24","Bottom Line"
"Strings.rsrc","10048","0x2740","kStrTradeOffers","25","Sold"
"Strings.rsrc","10048","0x2740","kStrTradeOffers","26","Bought"
"Strings.rsrc","10048","0x2740","kStrTradeOffers","27","Overseas Profits"
"Strings.rsrc","10048","0x2740","kStrTradeOffers","28","Credit Limit = [1:amount]"
"Strings.rsrc","10048","0x2740","kStrTradeOffers","29","Interest ([1]%)"
"Strings.rsrc","10048","0x2740","kStrTradeOffers","30","Military Upkeep"
"Strings.rsrc","10048","0x2740","kStrTradeOffers","31","Don’t show any more offers this turn for current commodity"
"Strings.rsrc","10048","0x2740","kStrTradeOffers","32","Deal with [1:seller] disrupted at sea."
"Strings.rsrc","10048","0x2740","kStrTradeOffers","33","Cargo returned."
"Strings.rsrc","10048","0x2740","kStrTradeOffers","34","Cargo siezed."
"Strings.rsrc","10048","0x2740","kStrTradeOffers","35","No money lost."
"Strings.rsrc","10048","0x2740","kStrTradeOffers","36","Money lost."
"Strings.rsrc","10049","0x2741","kStrDealBook","1","Deal Book"
"Strings.rsrc","10049","0x2741","kStrDealBook","2","Offering Nations"
"Strings.rsrc","10049","0x2741","kStrDealBook","3","Bidding Nations"
"Strings.rsrc","10049","0x2741","kStrDealBook","4","[1:steel] Market"
"Strings.rsrc","10049","0x2741","kStrDealBook","5","Traders Not Present"
"Strings.rsrc","10049","0x2741","kStrDealBook","6","Return to Deal Pages"
"Strings.rsrc","10049","0x2741","kStrDealBook","7","Turn to Trade Pages"
"Strings.rsrc","10049","0x2741","kStrDealBook","8","Overseas Profits"
"Strings.rsrc","10049","0x2741","kStrDealBook","9","No deals were made this trade period"
"Strings.rsrc","10049","0x2741","kStrDealBook","10","No deals  - there hasn’t been a meeting of the World Trade Market yet."
"Strings.rsrc","10050","0x2742","kStrMultiplayerDlgs","1","Please wait while other rulers consider matters of utmost diplomatic importance..."
"Strings.rsrc","10050","0x2742","kStrMultiplayerDlgs","2","I’m afraid you don’t have the scenario for that game."
"Strings.rsrc","10050","0x2742","kStrMultiplayerDlgs","3","Enter Your Multiplayer Name:"
"Strings.rsrc","10050","0x2742","kStrMultiplayerDlgs","4","Country Name"
"Strings.rsrc","10050","0x2742","kStrMultiplayerDlgs","5","Game to Join"
"Strings.rsrc","10050","0x2742","kStrMultiplayerDlgs","6","Player Status"
"Strings.rsrc","10050","0x2742","kStrMultiplayerDlgs","7","National Flag"
"Strings.rsrc","10050","0x2742","kStrMultiplayerDlgs","8","Player Name"
"Strings.rsrc","10050","0x2742","kStrMultiplayerDlgs","9","Cancel Game"
"Strings.rsrc","10050","0x2742","kStrMultiplayerDlgs","10","Start the Game With These Players"
"Strings.rsrc","10050","0x2742","kStrMultiplayerDlgs","11","The World"
"Strings.rsrc","10050","0x2742","kStrMultiplayerDlgs","12","Status"
"Strings.rsrc","10050","0x2742","kStrMultiplayerDlgs","13","Game Name"
"Strings.rsrc","10050","0x2742","kStrMultiplayerDlgs","14","Send a Message"
"Strings.rsrc","10050","0x2742","kStrMultiplayerDlgs","15","Your Country's Coat of Arms"
"Strings.rsrc","10050","0x2742","kStrMultiplayerDlgs","16","Waiting for players..."
"Strings.rsrc","10050","0x2742","kStrMultiplayerDlgs","17","Bail Out of Game"
"Strings.rsrc","10050","0x2742","kStrMultiplayerDlgs","18","Return to Game"
"Strings.rsrc","10050","0x2742","kStrMultiplayerDlgs","19","The game will be saved automatically at the beginning of every turn and each time the host player saves."
"Strings.rsrc","10050","0x2742","kStrMultiplayerDlgs","20","You do not have the save file for that game."
"Strings.rsrc","10050","0x2742","kStrMultiplayerDlgs","21","(no country assigned)"
"Strings.rsrc","10050","0x2742","kStrMultiplayerDlgs","22","You must choose a country before you will be allowed to exchange messages with other players."
"Strings.rsrc","10050","0x2742","kStrMultiplayerDlgs","23","Game “[1: game name]” saved."
"Strings.rsrc","10050","0x2742","kStrMultiplayerDlgs","24","Waiting for game data..."
"Strings.rsrc","10050","0x2742","kStrMultiplayerDlgs","25","I am afraid we’ve lost our connection to the game."
"Strings.rsrc","10050","0x2742","kStrMultiplayerDlgs","26","Shall we try to reconnect to the game?"
"Strings.rsrc","10050","0x2742","kStrMultiplayerDlgs","27","Do you wish to force the human playing [1: country] out of the game?  If you do so, his control will be overthrown and replaced by a technocratic computerized government.  This process is irreversible."
"Strings.rsrc","10050","0x2742","kStrMultiplayerDlgs","28","The host player has opted to eject the governing body of [1: country] from the game.  Control of the country has been handed over to a steam-powered computing machine."
"Strings.rsrc","10050","0x2742","kStrMultiplayerDlgs","29","The host has chosen to quit the game so we’ll have to quit as well.  The game has been saved."
"Strings.rsrc","10050","0x2742","kStrMultiplayerDlgs","30","The host has chosen to quit the game so we’ll have to quit as well.  The game can’t be saved unless all players are connected.  At the moment one or more players is not connected, so no save occurred."
"Strings.rsrc","10050","0x2742","kStrMultiplayerDlgs","31","The human-goverened and once mighty great power of [1: country] has been eliminated!"
"Strings.rsrc","10050","0x2742","kStrMultiplayerDlgs","32","Your country, the once mighty great power of [1: country], has been eliminated from the game!"
"Strings.rsrc","10050","0x2742","kStrMultiplayerDlgs","33","The host great power of [1: country] has been eliminated!  One hopes he will remain in the game as a spectator, as the game cannot continue without him."
"Strings.rsrc","10050","0x2742","kStrMultiplayerDlgs","34","You have been eliminated from the game!  As the game's host, it is your duty to allow the game to continue, albeit solely as a spectator, for the continued enjoyment of the other players."
"Strings.rsrc","10050","0x2742","kStrMultiplayerDlgs","35","The host player has opted to eject you from the game!!  Control of [1: country] has been handed over to a technocratic puppet government!"
"Strings.rsrc","10050","0x2742","kStrMultiplayerDlgs","36","Just visiting..."
"Strings.rsrc","10050","0x2742","kStrMultiplayerDlgs","37","Network game name is [1:]"
"Strings.rsrc","10050","0x2742","kStrMultiplayerDlgs","38","You're Excellency! There's no going back in multiplayer!"
"Strings.rsrc","10050","0x2742","kStrMultiplayerDlgs","39","The host player has cancelled this game. "
"Strings.rsrc","10050","0x2742","kStrMultiplayerDlgs","40","The game can’t be saved unless all players are connected.  At the moment one or more players is not connected, so no save occurred."
"Strings.rsrc","10050","0x2742","kStrMultiplayerDlgs","41","You have been eliminated from this game!"
"Strings.rsrc","10050","0x2742","kStrMultiplayerDlgs","42","Imperialism servers:"
"Strings.rsrc","10050","0x2742","kStrMultiplayerDlgs","43","Error joining game."
"Strings.rsrc","10050","0x2742","kStrMultiplayerDlgs","44","Select a country"
"Strings.rsrc","10050","0x2742","kStrMultiplayerDlgs","45","Enter Port:"
"Strings.rsrc","10051","0x2743","kStrGameOptions","1","IMPERIALISM"
"Strings.rsrc","10051","0x2743","kStrGameOptions","2","Save Game"
"Strings.rsrc","10051","0x2743","kStrGameOptions","3","Load Game"
"Strings.rsrc","10051","0x2743","kStrGameOptions","4","Start New Game"
"Strings.rsrc","10051","0x2743","kStrGameOptions","5","Set Preferences"
"Strings.rsrc","10051","0x2743","kStrGameOptions","6","Credits"
"Strings.rsrc","10051","0x2743","kStrGameOptions","7","Quit Game"
"Strings.rsrc","10051","0x2743","kStrGameOptions","8","Cancel"
"Strings.rsrc","10051","0x2743","kStrGameOptions","9","Preferences"
"Strings.rsrc","10051","0x2743","kStrGameOptions","10","Force Visit Every Turn"
"Strings.rsrc","10051","0x2743","kStrGameOptions","11","Animations"
"Strings.rsrc","10051","0x2743","kStrGameOptions","12","Messages"
"Strings.rsrc","10051","0x2743","kStrGameOptions","13","Stategic or Tactical Battles"
"Strings.rsrc","10051","0x2743","kStrGameOptions","14","Audio"
"Strings.rsrc","10051","0x2743","kStrGameOptions","15","Unclassified"
"Strings.rsrc","10051","0x2743","kStrGameOptions","16",""
"Strings.rsrc","10051","0x2743","kStrGameOptions","17","Sound Volume"
"Strings.rsrc","10051","0x2743","kStrGameOptions","18","Sound Volume"
"Strings.rsrc","10051","0x2743","kStrGameOptions","19","Music Volume"
"Strings.rsrc","10051","0x2743","kStrGameOptions","20","Music Volume"
"Strings.rsrc","10051","0x2743","kStrGameOptions","21","Warnings On"
"Strings.rsrc","10051","0x2743","kStrGameOptions","22","Warnings Off"
"Strings.rsrc","10051","0x2743","kStrGameOptions","23","Minister Briefings On"
"Strings.rsrc","10051","0x2743","kStrGameOptions","24","Minister Briefings Off"
"Strings.rsrc","10051","0x2743","kStrGameOptions","25","Tactical Battles On"
"Strings.rsrc","10051","0x2743","kStrGameOptions","26","Tactical Battles Off"
"Strings.rsrc","10051","0x2743","kStrGameOptions","27",""
"Strings.rsrc","10051","0x2743","kStrGameOptions","28",""
"Strings.rsrc","10051","0x2743","kStrGameOptions","29",""
"Strings.rsrc","10051","0x2743","kStrGameOptions","30",""
"Strings.rsrc","10051","0x2743","kStrGameOptions","31",""
"Strings.rsrc","10051","0x2743","kStrGameOptions","32",""
"Strings.rsrc","10051","0x2743","kStrGameOptions","33",""
"Strings.rsrc","10051","0x2743","kStrGameOptions","34",""
"Strings.rsrc","10051","0x2743","kStrGameOptions","35",""
"Strings.rsrc","10051","0x2743","kStrGameOptions","36",""
"Strings.rsrc","10051","0x2743","kStrGameOptions","37","Return to Game"
"Strings.rsrc","10051","0x2743","kStrGameOptions","38","Set Sound & Movie Volume"
"Strings.rsrc","10051","0x2743","kStrGameOptions","39","Set Music Volume"
"Strings.rsrc","10051","0x2743","kStrGameOptions","40","Toggle Minister Warning Messages"
"Strings.rsrc","10051","0x2743","kStrGameOptions","41","Toggle Minister Advice Briefings"
"Strings.rsrc","10051","0x2743","kStrGameOptions","42","Toggle Tactical or Automatic Battles"
"Strings.rsrc","10051","0x2743","kStrGameOptions","43","Toggle Automatic Switch to Game Resolution"
"Strings.rsrc","10051","0x2743","kStrGameOptions","44","Toggle Movie Playing"
"Strings.rsrc","10051","0x2743","kStrGameOptions","45","Movie Playing On"
"Strings.rsrc","10051","0x2743","kStrGameOptions","46","Movie Playing Off"
"Strings.rsrc","10051","0x2743","kStrGameOptions","47","Set Movie Volume"
"Strings.rsrc","10051","0x2743","kStrGameOptions","48","Music Tracks:"
"Strings.rsrc","10051","0x2743","kStrGameOptions","49","Regular Turn Music On"
"Strings.rsrc","10051","0x2743","kStrGameOptions","50","Regular Turn Music Off"
"Strings.rsrc","10051","0x2743","kStrGameOptions","51","Trade and Diplomacy Offers Music On"
"Strings.rsrc","10051","0x2743","kStrGameOptions","52","Trade and Diplomacy Offers Music Off"
"Strings.rsrc","10051","0x2743","kStrGameOptions","53","Tactical Battle Music On"
"Strings.rsrc","10051","0x2743","kStrGameOptions","54","Tactical Battle Music Off"
"Strings.rsrc","10051","0x2743","kStrGameOptions","55","Battle Victory Music On"
"Strings.rsrc","10051","0x2743","kStrGameOptions","56","Battle Victory Music Off"
"Strings.rsrc","10051","0x2743","kStrGameOptions","57","Battle Loss On"
"Strings.rsrc","10051","0x2743","kStrGameOptions","58","Battle Loss Off"
"Strings.rsrc","10051","0x2743","kStrGameOptions","59","Toggle Music Track"
"Strings.rsrc","10051","0x2743","kStrGameOptions","60","Mute"
"Strings.rsrc","10052","0x2744","kStrArmyScoutReport","1","General "
"Strings.rsrc","10052","0x2744","kStrArmyScoutReport","2","Garrison Commander of "
"Strings.rsrc","10052","0x2744","kStrArmyScoutReport","3","Admiral "
"Strings.rsrc","10052","0x2744","kStrArmyScoutReport","4","Captain of the "
"Strings.rsrc","10052","0x2744","kStrArmyScoutReport","5","Scouting Report"
"Strings.rsrc","10052","0x2744","kStrArmyScoutReport","6","Report on the army forces of"
"Strings.rsrc","10052","0x2744","kStrArmyScoutReport","7","in the province of"
"Strings.rsrc","10052","0x2744","kStrArmyScoutReport","8","as estimated by"
"Strings.rsrc","10052","0x2744","kStrArmyScoutReport","9","We cannot scout this province without a nearby ship or neighboring armies."
"Strings.rsrc","10052","0x2744","kStrArmyScoutReport","10","No forces are present"
"Strings.rsrc","10052","0x2744","kStrArmyScoutReport","11","Deploying to province: [1:provinceName]"
"Strings.rsrc","10052","0x2744","kStrArmyScoutReport","12","Army Report"
"Strings.rsrc","10052","0x2744","kStrArmyScoutReport","13","Composition"
"Strings.rsrc","10052","0x2744","kStrArmyScoutReport","14","Orders"
"Strings.rsrc","10052","0x2744","kStrArmyScoutReport","15","Attacking province: [1:province]"
"Strings.rsrc","10053","0x2745","kPlayerErrStr","1","Our internal transport network can only handle a force of size [1].  You have selected a force of size [2]."
"Strings.rsrc","10053","0x2745","kPlayerErrStr","2","The ships in the landing zone will support a force of size [1].  You have selected a force of size [2]."
"Strings.rsrc","10053","0x2745","kPlayerErrStr","3","Our ships in the landing zone will only support a force of size [1].  A force of size [2] is already scheduled, and you have selected a force of size [3]."
"Strings.rsrc","10053","0x2745","kPlayerErrStr","4","We do not have the required resources to perform this upgrade."
"Strings.rsrc","10053","0x2745","kPlayerErrStr","5","Armies cannot attack overseas unless a port is present in their province."
"Strings.rsrc","10053","0x2745","kPlayerErrStr","6","No Port"
"Strings.rsrc","10053","0x2745","kPlayerErrStr","7","Our armies cannot move out of this province by sea because the port is blockaded."
"Strings.rsrc","10053","0x2745","kPlayerErrStr","8","Blockaded Port"
"Strings.rsrc","10053","0x2745","kPlayerErrStr","9","Our treasuries cannot meet the required [1:$500], your Excellency."
"Strings.rsrc","10053","0x2745","kPlayerErrStr","10","Please place the Imperialism CD ROM in the drive."
"Strings.rsrc","10053","0x2745","kPlayerErrStr","11","There are no longer enough ships to support the armies landing in this province.  I have cancelled the orders of all armies invading by sea."
"Strings.rsrc","10054","0x2746","kGarrisonStr","1","Rename Unit To:"
"Strings.rsrc","10054","0x2746","kGarrisonStr","2","Rename Unit"
"Strings.rsrc","10054","0x2746","kGarrisonStr","3","Upgrade cost:  [1:number] arms, [2:dollar amt]"
"Strings.rsrc","10054","0x2746","kGarrisonStr","4","Rename Ship To:"
"Strings.rsrc","10054","0x2746","kGarrisonStr","5","Rename Ship"
"Strings.rsrc","10054","0x2746","kGarrisonStr","6","Dismiss"
"Strings.rsrc","10054","0x2746","kGarrisonStr","7","Upgrade cost: [1:number] arms, [2:number] fuel, [3:dollars]"
"Strings.rsrc","10054","0x2746","kGarrisonStr","8","Disbanding"
"Strings.rsrc","10054","0x2746","kGarrisonStr","9","The only benefit to disbanding military units is escaping the burden of their military upkeep.Confirm disband orders?"
"Strings.rsrc","10055","0x2747","kStrRegiment","1","regiment of [1:Hussars]"
"Strings.rsrc","10055","0x2747","kStrRegiment","2","regiments of [1:Hussars]"
"Strings.rsrc","10056","0x2748","kPluralCivilianUnitNamesStr","1","Miners"
"Strings.rsrc","10056","0x2748","kPluralCivilianUnitNamesStr","2","Prospectors"
"Strings.rsrc","10056","0x2748","kPluralCivilianUnitNamesStr","3","Farmers"
"Strings.rsrc","10056","0x2748","kPluralCivilianUnitNamesStr","4","Foresters"
"Strings.rsrc","10056","0x2748","kPluralCivilianUnitNamesStr","5","Engineers"
"Strings.rsrc","10056","0x2748","kPluralCivilianUnitNamesStr","6","Ranchers"
"Strings.rsrc","10056","0x2748","kPluralCivilianUnitNamesStr","7","Fishermen"
"Strings.rsrc","10056","0x2748","kPluralCivilianUnitNamesStr","8","Developers"
"Strings.rsrc","10056","0x2748","kPluralCivilianUnitNamesStr","9","Drillers"
"Strings.rsrc","10057","0x2749","kStrMinisterMsg","1","Foreign Minister"
"Strings.rsrc","10057","0x2749","kStrMinisterMsg","2","Defense Minister"
"Strings.rsrc","10057","0x2749","kStrMinisterMsg","3","Interior Minister"
"Strings.rsrc","10057","0x2749","kStrMinisterMsg","4","Report from your[1:Foreign Minister]"
"Strings.rsrc","10057","0x2749","kStrMinisterMsg","5","Request from your[1:Foreign Minister]"
"Strings.rsrc","10057","0x2749","kStrMinisterMsg","6","Advice from your[1:Foreign Minister]"
"Strings.rsrc","10057","0x2749","kStrMinisterMsg","7","Help from your[1:Foreign Minister]"
"Strings.rsrc","10057","0x2749","kStrMinisterMsg","8","A Message From [1:country]"
"Strings.rsrc","10057","0x2749","kStrMinisterMsg","9","Show Topics Again"
"Strings.rsrc","10057","0x2749","kStrMinisterMsg","10","New units are reporting for duty:"
"Strings.rsrc","10057","0x2749","kStrMinisterMsg","11","I'm afraid we are no longer in power.  Come back some time and note the accomplishments of your betters."
"Strings.rsrc","10057","0x2749","kStrMinisterMsg","12","Game Over"
"Strings.rsrc","10057","0x2749","kStrMinisterMsg","13","Another ruler has won the election!  We had better start groveling."
"Strings.rsrc","10057","0x2749","kStrMinisterMsg","14","Previous Briefing"
"Strings.rsrc","10057","0x2749","kStrMinisterMsg","15","Next Briefing"
"Strings.rsrc","10057","0x2749","kStrMinisterMsg","16","The man behind the face"
"Strings.rsrc","10058","0x274a","kStrDiplomacyOffers","1","What an insult! [1:countryName] has had the nerve to invite our great nation into their empire. Are you going to accept this disgraceful proposal? This would mean utter defeat!"
"Strings.rsrc","10058","0x274a","kStrDiplomacyOffers","2","[1:countryName]  seeks to enter into an alliance with our great Empire. Do you accept their offer?"
"Strings.rsrc","10058","0x274a","kStrDiplomacyOffers","3","[1:countryName] would like to be on better terms with our great Empire. Will you accept their offer of a non-aggression pact?"
"Strings.rsrc","10058","0x274a","kStrDiplomacyOffers","4","[1:countryName] has come groveling for an end to their war with our great Empire. Will you accept their offered peace treaty?"
"Strings.rsrc","10058","0x274a","kStrDiplomacyOffers","5","[1:countryName] is eager to join our glorious Empire. However, they are at war with other Great Powers.  Will you accept [2:countryName] into our Empire and declare war on their enemies?"
"Strings.rsrc","10058","0x274a","kStrDiplomacyOffers","6","Show Diplomatic Offer"
"Strings.rsrc","10058","0x274a","kStrDiplomacyOffers","7","Accept Offer"
"Strings.rsrc","10058","0x274a","kStrDiplomacyOffers","8","Reject Offer"
"Strings.rsrc","10058","0x274a","kStrDiplomacyOffers","9","[1:countryName]  seeks to enter into an alliance with our great Empire. Do you accept their offer?Warning: Accepting will force us into war with their enemies."
"Strings.rsrc","10058","0x274a","kStrDiplomacyOffers","10","[1:countryName] has come groveling for an end to their war with our great Empire. Will you accept their offered peace treaty?Warning: Accepting will break our alliances with their enemies."
"Strings.rsrc","10059","0x274b","kStrDebtor","1","The following items were sold for "
"Strings.rsrc","10059","0x274b","kStrDebtor","2","Due to our inability to pay off our debts, the bank has seized our income and assets to be auctioned off."
"Strings.rsrc","10059","0x274b","kStrDebtor","3","The bank has warned us that we are over our credit limit.  Unless we pay our debts within the next six months, they will foreclose on our goods! "
"Strings.rsrc","10059","0x274b","kStrDebtor","4","Your Excellency, unless we pay off our debts by next season, the bank will auction off our goods!"
"Strings.rsrc","10059","0x274b","kStrDebtor","5","We don’t have enough goods in the warehouse to satisfy our debt!  The bank president has put his nephew in charge of our country. "
"Strings.rsrc","10060","0x274c","kStrDemo","1","This special press release beta edition ends now, at 1840.  Look forward to World War I era units, oil wells, and more!"
"Strings.rsrc","10060","0x274c","kStrDemo","2","Goal Achieved!"
"Strings.rsrc","10060","0x274c","kStrDemo","3","Congratulations - you have achieved one of your goals for the demo: You have built at least one new unit. Keep up the good work!"
"Strings.rsrc","10060","0x274c","kStrDemo","4","Congratulations - you have achieved one of your goals for the demo: You have taken a province. Well done, might makes right."
"Strings.rsrc","10060","0x274c","kStrDemo","5","Congratulations - you have achieved one of your goals for the demo: You have taken purchased a new technology. You will receive it next turn."
"Strings.rsrc","10060","0x274c","kStrDemo","6","Congratulations - you have achieved one of your goals for the demo: You have given orders to transport in all 3 types of food: grains, produce and protein."
"Strings.rsrc","10060","0x274c","kStrDemo","7","Congratulations - you have achieved one of your goals for the demo: You have given orders to transport enough fresh food to provide your workers with a balanced diet without using canned food reserves."
"Strings.rsrc","10060","0x274c","kStrDemo","8","Congratulations - you have achieved one of your goals for the demo: You are transporting both coal and iron. This will be a banner year for your steel production!"
"Strings.rsrc","10060","0x274c","kStrDemo","9","Congratulations - you have achieved one of your goals for the demo: You have increased the amount of labor available for industry and unit building. Well done!Tip: Expert workers eat the same amount as untrained, but are 4 times as productive."
"Strings.rsrc","10060","0x274c","kStrDemo","10","Congratulations - you have achieved one of your goals for the demo: You have expanded your lumbermill. Paper is needed to train workers. Lumber is useful for almost everything."
"Strings.rsrc","10060","0x274c","kStrDemo","11","Congratulations - you have achieved one of your goals for the demo: You have expanded your steelmill. It’s always a good idea to be making a lot of steel and lumber."
"Strings.rsrc","10060","0x274c","kStrDemo","12","Help is available..."
"Strings.rsrc","10060","0x274c","kStrDemo","13","Remember, Your Excellency, your ministers are always available to offer advice and explanations. Simply click the question mark button which appears on the top right of every screen. You can get advice and a reminder of the lists of goals."
"Strings.rsrc","10060","0x274c","kStrDemo","14","Normally you would now receive a Developer unit as a reward for good foreign relations (not provided in the demo). The Developer makes possible a new way of exploiting Minor Nations."
"Strings.rsrc","10060","0x274c","kStrDemo","15","Congratulations - you have achieved one of your goals for the demo: You have proposed a Non-Aggression pact to a minor nation. This will certainly boost your relationship with that nation."
"Strings.rsrc","10060","0x274c","kStrDemo","16","Congratulations - You have built a trade consulate. Every trade deal you make will  boost your relationship with that nation. You can now offer subsidies, which are a huge help in getting trade deals. "
"Strings.rsrc","10060","0x274c","kStrDemo","17","Congratulations - You have built an embassy. Very impressive! Benefits include: able to offer treaties and give grants, send in Developers, and the potential to get that nation to be your Colony."
"Strings.rsrc","10060","0x274c","kStrDemo","18","Congratulations - you have achieved one of your goals for the demo: You have declared war. The military stands ready to serve. Next turn, select the attack force in Hukchi to make your first strike!"
"Strings.rsrc","10060","0x274c","kStrDemo","19","Your Excellency, a war against Loke, our small and weak neighbor to the west, I could understand. But this declaration makes me fear you have fallen too deeply under the sway of the Defense Minister."
"Strings.rsrc","10060","0x274c","kStrDemo","20","Goal Achieved, but at what cost?"
"Strings.rsrc","10060","0x274c","kStrDemo","21","Congratulations - you have achieved one of your goals for the demo: You have given a trade subsidy. This will raise us in that nation’s preferred bidder order. We will be more likely to be able to trade with them."
"Strings.rsrc","10060","0x274c","kStrDemo","22","Congratulations - You have given a grant. Such greasing of the palms improves relations and makes it more likely that you will succeed in wooing them into the Empire."
"Strings.rsrc","10060","0x274c","kStrDemo","23","Normally you be rewarded with an admiral and a new ship here, but not in the demo.Admirals improve your ability to estimate the size of enemy fleets, and increase the capabilities of the fleet they’re in. "
"Strings.rsrc","10060","0x274c","kStrDemo","24","Normally you would receive a new General unit here as a reward for military growth (not provided in demo).Generals improve your ability to estimate the size of enemy armies, and increase the capabilities of the army they’re in. "
"Strings.rsrc","10060","0x274c","kStrDemo","25","Show me more!"
"Strings.rsrc","10060","0x274c","kStrDemo","26","Potential for Greatness"
"Strings.rsrc","10060","0x274c","kStrDemo","27","Your Excellency, you show the potential to become a great ruler! I recommend you buy the full version of Imperialism and unite the world under your leadership!"
"Strings.rsrc","10060","0x274c","kStrDemo","28","Reallocate Resources"
"Strings.rsrc","10060","0x274c","kStrDemo","29","You cannot build that unit right now because you do not have an expert worker available. You need to either create an expert in the Trade School, or reduce the work being done elsewhere so 4 units of labor are freed up."
"Strings.rsrc","10060","0x274c","kStrDemo","30","You cannot build that unit right now because you do not have enough paper. You need to either create paper in the Lumber Mill, or reduce the amount of paper being used elsewhere."
"Strings.rsrc","10060","0x274c","kStrDemo","31","Goals Reminder"
"Strings.rsrc","10060","0x274c","kStrDemo","32","This interactive demo may only be played on a particular world map.  World generation has been disabled."
"Strings.rsrc","10060","0x274c","kStrDemo","33","This interactive demo may only be played as a particular Great Power.  Country selection has been disabled."
"Strings.rsrc","10060","0x274c","kStrDemo","34","This interactive demo may only be played on the Introductory difficulty level.  Difficulty setting selection has been disabled."
"Strings.rsrc","10060","0x274c","kStrDemo","35","You may not attack capitals in this demo."
"Strings.rsrc","10060","0x274c","kStrDemo","36","You cannot build forts in this demo."
"Strings.rsrc","10060","0x274c","kStrDemo","37","While the full version has lovely musical soundtrack, the demo plays no music."
"Strings.rsrc","10060","0x274c","kStrDemo","38","You cannot load or save games in this demo."
"Strings.rsrc","10060","0x274c","kStrDemo","39","That's as far as you can go in the demo.  But just check out what you'll get if you buy the full version..."
"Strings.rsrc","10060","0x274c","kStrDemo","40","‘Otto-play’ has been disabled in this demo."
"Strings.rsrc","10060","0x274c","kStrDemo","41","Saved Games may not be loaded in demo version."
"Strings.rsrc","10060","0x274c","kStrDemo","42","High Scores are not available in demo version."
"Strings.rsrc","10060","0x274c","kStrDemo","43","Scenarios are not available in demo version."
"Strings.rsrc","10060","0x274c","kStrDemo","44","Demo version can not be played multiplayer."
"Strings.rsrc","10060","0x274c","kStrDemo","45","This interactive demo may only be played on a map with fixed province names.  This option has been disabled."
"Strings.rsrc","10060","0x274c","kStrDemo","46","Auto-retreat is not available in the demo."
"Strings.rsrc","10061","0x274d","kStrCivMgr","1","Purchase Land to Develop"
"Strings.rsrc","10061","0x274d","kStrCivMgr","2","Your Excellency, the governor of [1] will sell us this land for [2], which will entitle us to develop it.  Do you agree?"
"Strings.rsrc","10061","0x274d","kStrCivMgr","3","Your Excellency, the governor of [1] has set the price of this land at [2], which we cannot afford."
"Strings.rsrc","10061","0x274d","kStrCivMgr","4","Disband Civilian"
"Strings.rsrc","10061","0x274d","kStrCivMgr","5","Your Excellency, we may disband this unit and send the workers back to the city, but we will not recover the costs of creating it.  Proceed?"
"Strings.rsrc","10061","0x274d","kStrCivMgr","6","Your Excellency, this developer unit represents a group of private businessmen and will add nothing to the city if we disband them.  I could trump up some charges against them if you wish.  Proceed?"
"Strings.rsrc","10061","0x274d","kStrCivMgr","7","[1] has decided to sell this land to [2].  Our money has been refunded."
"Strings.rsrc","10062","0x274e","kStrTechBenefits","1","Allows Engineers to build railroads through farms, plains, deserts, forests, and tundra"
"Strings.rsrc","10062","0x274e","kStrTechBenefits","2","Allows Farmers to improve Grain farms and Orchards to Level I"
"Strings.rsrc","10062","0x274e","kStrTechBenefits","3","Allows Farmers to improve Cotton plantations to Level I"
"Strings.rsrc","10062","0x274e","kStrTechBenefits","4","Allows construction of Clipper Ships"
"Strings.rsrc","10062","0x274e","kStrTechBenefits","5","Allows Miners to improve Coal, Iron, Gold, and Gems mines to Level II"
"Strings.rsrc","10062","0x274e","kStrTechBenefits","6","Allows Engineers to build railroads through swamps. Allows Forester unit and improvement of Timber to Level I"
"Strings.rsrc","10062","0x274e","kStrTechBenefits","7","Allows production of a Rancher and the improvement of Wool farms and Livestock ranches to Level I"
"Strings.rsrc","10062","0x274e","kStrTechBenefits","8","Allows Farmers to improve cotton plantions to Level II. Ranchers may improve Wool farms to Level II"
"Strings.rsrc","10062","0x274e","kStrTechBenefits","9","Allows building of a fast raiding and escort vessel and a large merchant steamship"
"Strings.rsrc","10062","0x274e","kStrTechBenefits","10","Allows Farmers to improve Grain farms and Orchards to Level II"
"Strings.rsrc","10062","0x274e","kStrTechBenefits","11","Allows construction of level 2 forts, recruiting of Sharpshooters and Scouts, and upgrading of Light infantry and Hussars to these more modern units."
"Strings.rsrc","10062","0x274e","kStrTechBenefits","12","Allows Engineers to  build Railroad through hills and Foresters to improve Timber production to Level II"
"Strings.rsrc","10062","0x274e","kStrTechBenefits","13","Allows recruiting of Field Artillery and Siege Artillery regiments, and upgrading of older artillery to these more modern units."
"Strings.rsrc","10062","0x274e","kStrTechBenefits","14","Allows recruiting of Rifle Infantry, Guards, and Carbine Cavalry and upgrading of older regiments to these modern units."
"Strings.rsrc","10062","0x274e","kStrTechBenefits","15","Allows construction of Ironclads"
"Strings.rsrc","10062","0x274e","kStrTechBenefits","16","Allows Farmers to improve cotton plantations to Level III and Ranchers to improve Wool farms to Level III."
"Strings.rsrc","10062","0x274e","kStrTechBenefits","17","Allows Farmers to improve Grain farms to Level III."
"Strings.rsrc","10062","0x274e","kStrTechBenefits","18","Allows Farmers to improve Orchards to Level III."
"Strings.rsrc","10062","0x274e","kStrTechBenefits","19","Allows building of a Driller and production of Oil at Level I. Prospect for Oil in Desert and Swamp. Build Refinery and Power Plant."
"Strings.rsrc","10062","0x274e","kStrTechBenefits","20","Allows Ranchers to improve Livestock ranches to Level II"
"Strings.rsrc","10062","0x274e","kStrTechBenefits","21","Allows construction of Advanced Ironclads"
"Strings.rsrc","10062","0x274e","kStrTechBenefits","22","Allows construction of level 3 forts, recruiting of Railroad Gun and Mobile Artillery regiments, and upgrading older artillery to these more modern units."
"Strings.rsrc","10062","0x274e","kStrTechBenefits","23","Allows Engineers to build rail through mountains and Foresters to improve Timber to Level III. Miners may improve all mines to Level III."
"Strings.rsrc","10062","0x274e","kStrTechBenefits","24","Allows construction of a fast, powerful armored cruiser and an enormous all steel freighter"
"Strings.rsrc","10062","0x274e","kStrTechBenefits","25","Allows recruiting of Modern Infantry, Machine Gunners, and Rangers and upgrading older regiments to these more modern units"
"Strings.rsrc","10062","0x274e","kStrTechBenefits","26","Allows Drillers to improve Oil wells to Level II and Ranchers to improve Livestock ranches to Level III"
"Strings.rsrc","10062","0x274e","kStrTechBenefits","27","Allows construction of Dreadnought Battleships and Battle Cruisers"
"Strings.rsrc","10062","0x274e","kStrTechBenefits","28","Allows recruiting of armored and mechanized regiments and upgrading older units to these modern types. Drillers may improve Oil wells to Level III"
"Strings.rsrc","10063","0x274f","kStrTechShop","1","Purchased in [1:year]"
"Strings.rsrc","10063","0x274f","kStrTechShop","2","Requires [1:technology name] and [2:technology name]"
"Strings.rsrc","10063","0x274f","kStrTechShop","3","Requires [1:technology name]"
"Strings.rsrc","10063","0x274f","kStrTechShop","4","Purchasing"
"Strings.rsrc","10063","0x274f","kStrTechShop","5","Technologies"
"Strings.rsrc","10063","0x274f","kStrTechShop","6","Cost"
"Strings.rsrc","10063","0x274f","kStrTechShop","7","Benefits"
"Strings.rsrc","10063","0x274f","kStrTechShop","8","View Technology Details"
"Strings.rsrc","10063","0x274f","kStrTechShop","9","Purchase Technology"
"Strings.rsrc","10063","0x274f","kStrTechShop","10","Cancel Purchase"
"Strings.rsrc","10064","0x2750","Short Armory Text","1",""
"Strings.rsrc","10064","0x2750","Short Armory Text","2","These men move rapidly across all terrain. They are taught to take cover and fight when not in formation."
"Strings.rsrc","10064","0x2750","Short Armory Text","3","Regular infantry regiments carry muskets and bayonets. They fight best when fortified."
"Strings.rsrc","10064","0x2750","Short Armory Text","4","Grenadier’s weapons are similar to those of the regulars, but their training allows then to inflict more damage."
"Strings.rsrc","10064","0x2750","Short Armory Text","5","Hussars are the fastest scouts in the army but should not be used to attack formed troops."
"Strings.rsrc","10064","0x2750","Short Armory Text","6","Cuirassiers spearhead attacks, but are most effective when attacking unentrenched and unsupported infantry."
"Strings.rsrc","10064","0x2750","Short Armory Text","7","Horse Artillery can be risked closer to enemy lines in immediate support of an attack."
"Strings.rsrc","10064","0x2750","Short Armory Text","8","These guns devastate their foes and demolish fortifications but their slow speed makes them vulnerable."
"Strings.rsrc","10064","0x2750","Short Armory Text","9",""
"Strings.rsrc","10064","0x2750","Short Armory Text","10","Unformed troops armed with long rifles, adept at using terrain for concealment."
"Strings.rsrc","10064","0x2750","Short Armory Text","11","New breechloading rifles allow these infantry to fire faster, and at longer ranges."
"Strings.rsrc","10064","0x2750","Short Armory Text","12","Guard regiments recruit only the largest and strongest soldiers."
"Strings.rsrc","10064","0x2750","Short Armory Text","13","Scouts are lightly armed and fast horsemen adept at reporting on the enemy positions and escaping when sighted."
"Strings.rsrc","10064","0x2750","Short Armory Text","14","Armed with new rapid fire carbines, these cavalry regiments devestate their foes."
"Strings.rsrc","10064","0x2750","Short Armory Text","15","With a rifled gun barrel these units are capable of firing at much longer range than earlier cannons."
"Strings.rsrc","10064","0x2750","Short Armory Text","16","These guns, while extremely slow in the field,  batter entrenchments, knock down walls, and disrupt the foe."
"Strings.rsrc","10064","0x2750","Short Armory Text","17",""
"Strings.rsrc","10064","0x2750","Short Armory Text","18","Mostly concealed from view, these regiments withstand the fire from the enemy quite well."
"Strings.rsrc","10064","0x2750","Short Armory Text","19","Armed with modern rifles, the infantry inflicts extraordinary damage on the attacking forces."
"Strings.rsrc","10064","0x2750","Short Armory Text","20","The firepower of the machine gun makes attacking nearly suicidal without armored units."
"Strings.rsrc","10064","0x2750","Short Armory Text","21","Mechanized Infantry is used to exploit a breakthrough created by armor. Alone, they cannot successfully attack. "
"Strings.rsrc","10064","0x2750","Short Armory Text","22","Armored units are used to break the enemy line or restore a shattered line and combat an enemy breakthrough."
"Strings.rsrc","10064","0x2750","Short Armory Text","23","Large guns towed behind trucks, mobile artillery is a flexible means of inflicting a preliminary bombardment."
"Strings.rsrc","10064","0x2750","Short Armory Text","24","Railroad guns, while limited in their ability to reach the battlefield, have long range and devestating power."
"Strings.rsrc","10064","0x2750","Short Armory Text","25","Sappers are useless in hand to hand combat, but are capable of destroying fortified enemy positions."
"Strings.rsrc","10064","0x2750","Short Armory Text","26","These demolition experts use newly developed explosives to destroy enemy positions."
"Strings.rsrc","10064","0x2750","Short Armory Text","27","Saboteurs are adept at demolition, and in approaching the enemy positions secretly."
"Strings.rsrc","10064","0x2750","Short Armory Text","28",""
"Strings.rsrc","10064","0x2750","Short Armory Text","29","Firepower:Move:Range:Entrench:"
"Strings.rsrc","10064","0x2750","Short Armory Text","30","Cost:"
"Strings.rsrc","10064","0x2750","Short Armory Text","31","Available:"
"Strings.rsrc","10064","0x2750","Short Armory Text","32","Armory"
"Strings.rsrc","10064","0x2750","Short Armory Text","33","No"
"Strings.rsrc","10064","0x2750","Short Armory Text","34","Yes"
"Strings.rsrc","10065","0x2751","Short University Text","1","Miners open mines for minerals ."
"Strings.rsrc","10065","0x2751","Short University Text","2","Prospectors search for minerals in hills and mountains.  "
"Strings.rsrc","10065","0x2751","Short University Text","3","Farmers improve grain, fruit, and cotton production."
"Strings.rsrc","10065","0x2751","Short University Text","4","Foresters improve timber production in hardwood forests."
"Strings.rsrc","10065","0x2751","Short University Text","5","Engineers build transport networks and forts."
"Strings.rsrc","10065","0x2751","Short University Text","6","Ranchers improve wool and livestock production."
"Strings.rsrc","10065","0x2751","Short University Text","7","Fishermen improve the output of fish."
"Strings.rsrc","10065","0x2751","Short University Text","8","Developers buy land for development."
"Strings.rsrc","10065","0x2751","Short University Text","9","Drillers produce oil from swamps, tundra, and deserts."
"Strings.rsrc","10065","0x2751","Short University Text","10","University"
"Strings.rsrc","10065","0x2751","Short University Text","11","Cost:"
"Strings.rsrc","10065","0x2751","Short University Text","12","Available:"
"Strings.rsrc","10065","0x2751","Short University Text","13","Production Levels"
"Strings.rsrc","10066","0x2752","Short Shipyard Text","1","Traders are slow, defenseless, and have a small carrying capacity.  Their one virtue is their extremely low price."
"Strings.rsrc","10066","0x2752","Short Shipyard Text","2","These large ships are slow and  incapable of defending themselves against a ship of the line or a frigate. "
"Strings.rsrc","10066","0x2752","Short Shipyard Text","3","Constructed with one deck of cannons, frigates are used as scouts, raiders, and escorts."
"Strings.rsrc","10066","0x2752","Short Shipyard Text","4","Bristling with up to 130 smoothbore cannons arranged on two or three gun decks, the most powerful vessels in the world until ironclads are developed."
"Strings.rsrc","10066","0x2752","Short Shipyard Text","5","Although faster than earlier sailing vessels, these early steamers cannot compete with a clipper for speed."
"Strings.rsrc","10066","0x2752","Short Shipyard Text","6","Clippers are more likely than other ships to run a blockade or to escape from hostile fleets, due to their speed."
"Strings.rsrc","10066","0x2752","Short Shipyard Text","7","These wooden  vessels are fast scouts and commerce raiders.  Their cannon are rifled breech loaders but they are  too weak to fight in the line of battle."
"Strings.rsrc","10066","0x2752","Short Shipyard Text","8","Early ironclads resist the firepower of foes with armor, but carry fewer cannon than a Ship-of-the-Line."
"Strings.rsrc","10066","0x2752","Short Shipyard Text","9","New long range guns allow advanced ironclads to achieve command of the sea. "
"Strings.rsrc","10066","0x2752","Short Shipyard Text","10","Freighters are large vessels constructed mainly of iron. They have an enormous carrying capacity."
"Strings.rsrc","10066","0x2752","Short Shipyard Text","11","Inexpensive to build, these ships are highly efficient.  Armored cruisers sink  raiders by remaining out of their range."
"Strings.rsrc","10066","0x2752","Short Shipyard Text","12","An all big gun warship with turbine engines, a dreadnought can sink other vessels before they move in range to return fire."
"Strings.rsrc","10066","0x2752","Short Shipyard Text","13","Although possesed of the guns of a dreadnought,  it is risky for a battle cruiser to engage enemy dreadnoughts due to its lighter armor. "
"Strings.rsrc","10066","0x2752","Short Shipyard Text","14","Shipyard"
"Strings.rsrc","10066","0x2752","Short Shipyard Text","15","Cost:"
"Strings.rsrc","10066","0x2752","Short Shipyard Text","16","Available:"
"Strings.rsrc","10066","0x2752","Short Shipyard Text","17","Firepower:"
"Strings.rsrc","10066","0x2752","Short Shipyard Text","18","Range:"
"Strings.rsrc","10066","0x2752","Short Shipyard Text","19","Armor:"
"Strings.rsrc","10066","0x2752","Short Shipyard Text","20","Hull:"
"Strings.rsrc","10066","0x2752","Short Shipyard Text","21","Speed:"
"Strings.rsrc","10066","0x2752","Short Shipyard Text","22","Cargo:"
"Strings.rsrc","10067","0x2753","kStrMinisterWarnings","1","Build transport capacity"
"Strings.rsrc","10067","0x2753","kStrMinisterWarnings","2","Your Excellency. I’m sure you will be galled to learn that the Great Power of [1: countryName] has more than twice our transport capacity!I respectfully remind you to make use of the Railyard."
"Strings.rsrc","10067","0x2753","kStrMinisterWarnings","3","Build merchant ships"
"Strings.rsrc","10067","0x2753","kStrMinisterWarnings","4","Your Excellency. The Great Power of [1:countryName] has more than twice our merchant cargo space.I respectfully urge you to build more merchant ships in the Shipyard."
"Strings.rsrc","10067","0x2753","kStrMinisterWarnings","5","Increase Labor Supply"
"Strings.rsrc","10067","0x2753","kStrMinisterWarnings","6","Your Excellency. The Great Power of [1:countryName] can muster more than twice the industrial labor we can.I respectfully suggest you recruit fresh workers using the Capitol, and improve the quality of our work force using the Trade School. "
"Strings.rsrc","10067","0x2753","kStrMinisterWarnings","7","Expand the Textile Mill"
"Strings.rsrc","10067","0x2753","kStrMinisterWarnings","8","Your Excellency. The Great Power of [1:countryName] has a textile industry with a capacity more than double ours. Please consider giving orders to expand the textile mill."
"Strings.rsrc","10067","0x2753","kStrMinisterWarnings","9","Expand the Steel Mill"
"Strings.rsrc","10067","0x2753","kStrMinisterWarnings","10","Your Excellency. The Great Power of [1:countryName] has a steel mill industry with a capacity more than double ours. Please consider expanding the capacity of our steel mill industry."
"Strings.rsrc","10067","0x2753","kStrMinisterWarnings","11","Expand the Lumber Mill"
"Strings.rsrc","10067","0x2753","kStrMinisterWarnings","12","Your Excellency. The Great Power of [1:countryName] has a lumber industry with a capacity more than double ours. Please consider expanding the capacity of our lumber mill."
"Strings.rsrc","10067","0x2753","kStrMinisterWarnings","13","Build the Oil Refinery"
"Strings.rsrc","10067","0x2753","kStrMinisterWarnings","14","Your Excellency. We have invested in the technology to take advantage of oil. The Great Power of [1:countryName] has already built and expanded their oil refinery several times.I respectfully urge you to build an oil refinery."
"Strings.rsrc","10067","0x2753","kStrMinisterWarnings","15","Invest in Oil Wells"
"Strings.rsrc","10067","0x2753","kStrMinisterWarnings","16","Your Excellency, while we dally over investing in oil wells, the Great Power of [1: countryName] is surging ahead with their oil industry.I respectfully urge you to invest in oil wells!"
"Strings.rsrc","10067","0x2753","kStrMinisterWarnings","17","Expand the Oil Refinery"
"Strings.rsrc","10067","0x2753","kStrMinisterWarnings","18","Your Excellency. The Great Power of [1:countryName] has an oil refining industry with a capacity more than double ours. Please consider expanding the capacity of our oil refinery."
"Strings.rsrc","10067","0x2753","kStrMinisterWarnings","19","Strengthen the Army"
"Strings.rsrc","10067","0x2753","kStrMinisterWarnings","20","Your Excellency. The Great Power of [1:countryName] has an army more than twice as strong as ours. It is a dangerous state of affairs. I strongly urge you to build army units."
"Strings.rsrc","10067","0x2753","kStrMinisterWarnings","21","Strengthen the Navy"
"Strings.rsrc","10067","0x2753","kStrMinisterWarnings","22","Your Excellency. The Great Power of [1:countryName] has a navy more than twice as strong as ours. It is a dangerous state of affairs. I strongly urge you to build naval units."
"Strings.rsrc","10067","0x2753","kStrMinisterWarnings","23","Provide Balanced Diet"
"Strings.rsrc","10067","0x2753","kStrMinisterWarnings","24","Your Excellency, although no one starved, our infrastructure does not supply the workers with a balanced diet. Workers are calling in sick. I respectfully suggest you bring in a better mix of fresh food from the countryside, or trade for canned food."
"Strings.rsrc","10067","0x2753","kStrMinisterWarnings","25","Invest in Technology"
"Strings.rsrc","10067","0x2753","kStrMinisterWarnings","26","Your Excellency, exciting new technologies are available from which we could benefit with merely a small investment to retool affected industries.I respectfully suggest you consider investing in technology."
"Strings.rsrc","10067","0x2753","kStrMinisterWarnings","27","Diplomatic Lead Overthrown!"
"Strings.rsrc","10067","0x2753","kStrMinisterWarnings","28","Your Excellency, due to your wise policies, we had enjoyed the greatest influence over the Minor Nation of [1: name].I am chagrined to report that over the past 3 months, the most undeserving Great Power of  [2: name] has usurped our position."
"Strings.rsrc","10067","0x2753","kStrMinisterWarnings","29","Prepare for Battle"
"Strings.rsrc","10067","0x2753","kStrMinisterWarnings","30","Your Excellency, the Great Power of [1: countryname] declared war on us!You and the Defense Minister must mobilize the army and navy and defend the capitol city at all costs. Diplomacy has failed."
"Strings.rsrc","10067","0x2753","kStrMinisterWarnings","31","Slipping behind in battle for markets"
"Strings.rsrc","10067","0x2753","kStrMinisterWarnings","32","Your Excellency, the Great Power of [1: countryName] has become the most favored trade partner with the minor nation of [2: countryName].Subsidies and frequent trade deals would help us regain our former lead. "
"Strings.rsrc","10067","0x2753","kStrMinisterWarnings","33","Feed the Workers"
"Strings.rsrc","10067","0x2753","kStrMinisterWarnings","34","Your Excellency, food stocks have run dangerously low. Under your current orders, valuable workers will starve!I urge you to reconsider your trade and transport orders."
"Strings.rsrc","10067","0x2753","kStrMinisterWarnings","35","Update Transport Orders"
"Strings.rsrc","10067","0x2753","kStrMinisterWarnings","36","Your Excellency, I beg you never to leave freight cars or barges idle.  Valuable transport capacity is going to waste. Please give me updated transport orders."
"Strings.rsrc","10067","0x2753","kStrMinisterWarnings","37","Provide Diplomatic Orders"
"Strings.rsrc","10067","0x2753","kStrMinisterWarnings","38","Your Excellency, the foreign ministers of the world are about to exchange diplomatic proposals, as they do every 3 months. I have not yet received any orders from you. Please give me instructions using the diplomacy screen."
"Strings.rsrc","10067","0x2753","kStrMinisterWarnings","39","Use Diplomacy Wisely"
"Strings.rsrc","10067","0x2753","kStrMinisterWarnings","40","Your Excellency, perhaps we could use some of our funds to gain influence in other countries."
"Strings.rsrc","10067","0x2753","kStrMinisterWarnings","41","Capitol in Danger!"
"Strings.rsrc","10067","0x2753","kStrMinisterWarnings","42","Your Excellency, hostile forces stronger than our defending armies now border the Capitol City. The situation is dire. I leave tonight for my country estate."
"Strings.rsrc","10067","0x2753","kStrMinisterWarnings","43","Capitol in Danger!"
"Strings.rsrc","10067","0x2753","kStrMinisterWarnings","44","Your Excellency, at least one fleet stronger than our defending navy now controls the seas off our Capitol City. The situation is dire. Our traders could be blockaded and hostile landings are possible. I leave tonight for my country estate."
"Strings.rsrc","10067","0x2753","kStrMinisterWarnings","45","Build a Miner"
"Strings.rsrc","10067","0x2753","kStrMinisterWarnings","46","Congratulations upon your successful prospecting. To make these minerals available for transport, you need to send a miner to this spot to work.If you don’t already have one, I suggest training a miner in the university (in the Industry screen). "
"Strings.rsrc","10067","0x2753","kStrMinisterWarnings","47","Build a Depot"
"Strings.rsrc","10067","0x2753","kStrMinisterWarnings","48","Your Excellency, it is frequently a good idea to consider ordering the engineer to build a depot once he has laid enough track to get beyond the radius of the city. The depot would allow you to transport in resources the city can’t reach."
"Strings.rsrc","10067","0x2753","kStrMinisterWarnings","49","Transport Resources"
"Strings.rsrc","10067","0x2753","kStrMinisterWarnings","50","Your Excellency, I remind you that now that this worker has finished his job, you need to give transport orders to benefit from the additional resources. "
"Strings.rsrc","10067","0x2753","kStrMinisterWarnings","51","Connect all Depots"
"Strings.rsrc","10067","0x2753","kStrMinisterWarnings","52","Congratulations upon the completion of a new depot. Notice the signal next to the building. If it is green, the depot is connected to the city and you can give transport orders to bring in new resources (click the transport button under the mini-map)."
"Strings.rsrc","10067","0x2753","kStrMinisterWarnings","53","Transport Resources"
"Strings.rsrc","10067","0x2753","kStrMinisterWarnings","54","Congratulations upon the completion of a new port. I remind you to set new transport orders to take advantage of the resources it makes available.Because ports do not need to be connected by rail, you can set new orders right away."
"Strings.rsrc","10067","0x2753","kStrMinisterWarnings","55","Increase Transport Capacity"
"Strings.rsrc","10067","0x2753","kStrMinisterWarnings","56","We now have more resources available than we can transport in one turn. This is an excellent sign of growth.I suggest building more transport capacity from the Railyard in the Industry screen."
"Strings.rsrc","10067","0x2753","kStrMinisterWarnings","57","Prospecting Hint"
"Strings.rsrc","10067","0x2753","kStrMinisterWarnings","58","Your prospector was unsuccessful. If you want to see a hint about where to find some minerals, scroll down.Hint #1: Iron can be found in the isolated hills 3 spaces North-East of the capital. "
"Strings.rsrc","10067","0x2753","kStrMinisterWarnings","59","Your prospector was unsuccessful. If you want to see a second hint about where to find some minerals, scroll down.Hint #2: Coal can be found in the hills 1 space North and 2 spaces West of your capital. "
"Strings.rsrc","10067","0x2753","kStrMinisterWarnings","60","Your prospector was unsuccessful. If you want to see a third hint about where to find some minerals, scroll down. Hint #3: Gold can be found in the mountains 2 spaces North and 3 spaces West of your capital. "
"Strings.rsrc","10067","0x2753","kStrMinisterWarnings","61","Look to the Seas!"
"Strings.rsrc","10067","0x2753","kStrMinisterWarnings","62","Your Excellency, there are hostile forces cruising at will in the seas off our coast. I call your attention to:"
"Strings.rsrc","10067","0x2753","kStrMinisterWarnings","63","Defend the Empire!"
"Strings.rsrc","10067","0x2753","kStrMinisterWarnings","64","Your Excellency, you have left a province adjacent to enemy forces undefended. I beg you to reconsider your military deployments."
"Strings.rsrc","10067","0x2753","kStrMinisterWarnings","65","Upgrade the Troops"
"Strings.rsrc","10067","0x2753","kStrMinisterWarnings","66","Your Excellency, we must support the troops with the best new weapons. It is imperative that our military be upgraded, lest our forces be outmatched."
"Strings.rsrc","10067","0x2753","kStrMinisterWarnings","67","Defend Coastal Sea Zones!"
"Strings.rsrc","10067","0x2753","kStrMinisterWarnings","68","Ports in the following provinces are being blockaded and cut off from the transport network:"
"Strings.rsrc","10067","0x2753","kStrMinisterWarnings","69","Consider the Competition..."
"Strings.rsrc","10067","0x2753","kStrMinisterWarnings","70","Your Excellency, that Minor Nation is too deeply under the influence of another Great Power for our grants to be effective."
"Strings.rsrc","10067","0x2753","kStrMinisterWarnings","71","Provide Industrial Orders"
"Strings.rsrc","10067","0x2753","kStrMinisterWarnings","72","Your Excellency, idle workers could be gainfully employed.I have not yet received any orders from you. Please give me instructions using the industry screen."
"Strings.rsrc","10068","0x2754","kDiplomacyErrStr","1","Your Excellency, we must establish an embassy before we can propose such an elaborate treaty."
"Strings.rsrc","10068","0x2754","kDiplomacyErrStr","2","Your Excellency, we are at war with this country.  We must propose a peace treaty before we can hope for more advanced negotiations."
"Strings.rsrc","10068","0x2754","kDiplomacyErrStr","3","Your Excellency, we can only offer alliances to other Great Powers."
"Strings.rsrc","10068","0x2754","kDiplomacyErrStr","4","Left blank.  Do not translate."
"Strings.rsrc","10068","0x2754","kDiplomacyErrStr","5","We are not at war with this country, so a peace treaty is unnecessary at this point."
"Strings.rsrc","10068","0x2754","kDiplomacyErrStr","6","We are already in a state of war with this country."
"Strings.rsrc","10068","0x2754","kDiplomacyErrStr","7","Your excellency, we must establish a trade consulate before we can propose complex trade agreements."
"Strings.rsrc","10068","0x2754","kDiplomacyErrStr","8","We cannot boycott one of our allies, Your Excellency."
"Strings.rsrc","10068","0x2754","kDiplomacyErrStr","9","We already have a trade consulate there, Your Excellency."
"Strings.rsrc","10068","0x2754","kDiplomacyErrStr","10","We must build a trade consulate before we can establish a formal embassy."
"Strings.rsrc","10068","0x2754","kDiplomacyErrStr","11","We already have an embassy there, Your Excellency."
"Strings.rsrc","10068","0x2754","kDiplomacyErrStr","12","Your Excellency, we cannot make diplomatic overtures directly to a colony. We must approach its ruling Great Power."
"Strings.rsrc","10068","0x2754","kDiplomacyErrStr","13","Your Excellency, that nation has lost its capital city and cannot conduct diplomacy any more."
"Strings.rsrc","10068","0x2754","kDiplomacyErrStr","14","Your Excellency, there is no need to make a diplomatic overtures to ourselves. "
"Strings.rsrc","10068","0x2754","kDiplomacyErrStr","15","Your Excellency, we can only offer non-aggression pacts to Minor Nations."
"Strings.rsrc","10068","0x2754","kDiplomacyErrStr","16","Your Excellency, we already have a non-aggression pact with that Minor Nation."
"Strings.rsrc","10068","0x2754","kDiplomacyErrStr","17","Your Excellency, we already have an alliance with that Great Power."
"Strings.rsrc","10068","0x2754","kDiplomacyErrStr","18","Nice idea, Your Excellency, but we may only invite Minor Nations into the Empire."
"Strings.rsrc","10068","0x2754","kDiplomacyErrStr","19","Your Excellency, we are already boycotting that country."
"Strings.rsrc","10068","0x2754","kDiplomacyErrStr","20","Your Excellency, we must establish an embassy before we can grant foreign aid."
"Strings.rsrc","10068","0x2754","kDiplomacyErrStr","21","Your Excellency, unfortunately we do not have the $5000 required to establish an embassy."
"Strings.rsrc","10068","0x2754","kDiplomacyErrStr","22","Your Excellency, unfortunately we do not have the $500 required to establish a trade consulate."
"Strings.rsrc","10068","0x2754","kDiplomacyErrStr","23","Unfortunately Your Excellency, we do not have enough money to offer so large a grant."
"Strings.rsrc","10069","0x2755","kStrTerrainHelp","1","Ocean"
"Strings.rsrc","10069","0x2755","kStrTerrainHelp","2","Dry Plains"
"Strings.rsrc","10069","0x2755","kStrTerrainHelp","3","Plantation"
"Strings.rsrc","10069","0x2755","kStrTerrainHelp","4","Open Range"
"Strings.rsrc","10069","0x2755","kStrTerrainHelp","5","Horse Ranch"
"Strings.rsrc","10069","0x2755","kStrTerrainHelp","6","Grain Farm"
"Strings.rsrc","10069","0x2755","kStrTerrainHelp","7","Orchard"
"Strings.rsrc","10069","0x2755","kStrTerrainHelp","8","Fertile Hills"
"Strings.rsrc","10069","0x2755","kStrTerrainHelp","9","Barren Hills"
"Strings.rsrc","10069","0x2755","kStrTerrainHelp","10","Mountains"
"Strings.rsrc","10069","0x2755","kStrTerrainHelp","11","Swamp"
"Strings.rsrc","10069","0x2755","kStrTerrainHelp","12","Desert"
"Strings.rsrc","10069","0x2755","kStrTerrainHelp","13","Tundra"
"Strings.rsrc","10069","0x2755","kStrTerrainHelp","14","Hardwood Forest"
"Strings.rsrc","10069","0x2755","kStrTerrainHelp","15","Town"
"Strings.rsrc","10069","0x2755","kStrTerrainHelp","16","Scrub Forest"
"Strings.rsrc","10069","0x2755","kStrTerrainHelp","17","Capital"
"Strings.rsrc","10069","0x2755","kStrTerrainHelp","18","Province Border"
"Strings.rsrc","10069","0x2755","kStrTerrainHelp","19","National Border"
"Strings.rsrc","10069","0x2755","kStrTerrainHelp","20","Rail Depot"
"Strings.rsrc","10069","0x2755","kStrTerrainHelp","21","Port"
"Strings.rsrc","10069","0x2755","kStrTerrainHelp","22","River"
"Strings.rsrc","10069","0x2755","kStrTerrainHelp","23","Mine"
"Strings.rsrc","10069","0x2755","kStrTerrainHelp","24","Log Cabin"
"Strings.rsrc","10069","0x2755","kStrTerrainHelp","25","Barn"
"Strings.rsrc","10069","0x2755","kStrTerrainHelp","26","Silo"
"Strings.rsrc","10069","0x2755","kStrTerrainHelp","27","Oil Derrick"
"Strings.rsrc","10069","0x2755","kStrTerrainHelp","28","Purchase Flag"
"Strings.rsrc","10069","0x2755","kStrTerrainHelp","29","Encampment"
"Strings.rsrc","10069","0x2755","kStrTerrainHelp","30","[1:provinceName], Great Power of [2:countryName]"
"Strings.rsrc","10069","0x2755","kStrTerrainHelp","31","[1:provinceName], Minor Nation of [2:countryName]"
"Strings.rsrc","10069","0x2755","kStrTerrainHelp","32","(originally a province of [1:countryName])"
"Strings.rsrc","10069","0x2755","kStrTerrainHelp","33","Miner"
"Strings.rsrc","10069","0x2755","kStrTerrainHelp","34","Prospector"
"Strings.rsrc","10069","0x2755","kStrTerrainHelp","35","Farmer"
"Strings.rsrc","10069","0x2755","kStrTerrainHelp","36","Forester"
"Strings.rsrc","10069","0x2755","kStrTerrainHelp","37","Engineer"
"Strings.rsrc","10069","0x2755","kStrTerrainHelp","38","Rancher"
"Strings.rsrc","10069","0x2755","kStrTerrainHelp","39","Fisherman"
"Strings.rsrc","10069","0x2755","kStrTerrainHelp","40","Developer"
"Strings.rsrc","10069","0x2755","kStrTerrainHelp","41","Driller"
"Strings.rsrc","10069","0x2755","kStrTerrainHelp","42","Army Movement"
"Strings.rsrc","10069","0x2755","kStrTerrainHelp","43","Blockading Fleet"
"Strings.rsrc","10069","0x2755","kStrTerrainHelp","44","Anchor"
"Strings.rsrc","10069","0x2755","kStrTerrainHelp","45","Moving Fleet"
"Strings.rsrc","10069","0x2755","kStrTerrainHelp","46","Patrolling Fleet"
"Strings.rsrc","10069","0x2755","kStrTerrainHelp","47","Invading Fleet"
"Strings.rsrc","10069","0x2755","kStrTerrainHelp","48","Docked Fleet"
"Strings.rsrc","10069","0x2755","kStrTerrainHelp","49","Fleet"
"Strings.rsrc","10069","0x2755","kStrTerrainHelp","50","Sea Zone Border"
"Strings.rsrc","10070","0x2756","kStrTerrainDefs","1","Valuable only for the production of fish."
"Strings.rsrc","10070","0x2756","kStrTerrainDefs","2","Dry flat country, only useful for meager grain production. "
"Strings.rsrc","10070","0x2756","kStrTerrainDefs","3","Ideal climate and soil for the production of cotton."
"Strings.rsrc","10070","0x2756","kStrTerrainDefs","4","Flat terrain with good grazing for livestock."
"Strings.rsrc","10070","0x2756","kStrTerrainDefs","5","Blue grass country, ideal for raising horses."
"Strings.rsrc","10070","0x2756","kStrTerrainDefs","6","Plentiful grain may be grown in this rich topsoil."
"Strings.rsrc","10070","0x2756","kStrTerrainDefs","7","Orchards and gardens which grow plentiful fruits and vegetables. "
"Strings.rsrc","10070","0x2756","kStrTerrainDefs","8","Fertile rolling country, ideal for raising sheep."
"Strings.rsrc","10070","0x2756","kStrTerrainDefs","9","Rough rocky hills, too barren for agriculture. Iron and coal may be found. "
"Strings.rsrc","10070","0x2756","kStrTerrainDefs","10","High country often covered by ice and snow. All minerals can be found here."
"Strings.rsrc","10070","0x2756","kStrTerrainDefs","11","These wetlands may conceal oil deposits."
"Strings.rsrc","10070","0x2756","kStrTerrainDefs","12","Dry country, valueless except for the possibility of oil."
"Strings.rsrc","10070","0x2756","kStrTerrainDefs","13","Icy plains. Oil may be found here."
"Strings.rsrc","10070","0x2756","kStrTerrainDefs","14","These woodlands offer plentiful hardwoods, perfect for logging operations."
"Strings.rsrc","10070","0x2756","kStrTerrainDefs","15","The population center of a province, a town may eventually develop industries depending on the resources present in the county."
"Strings.rsrc","10070","0x2756","kStrTerrainDefs","16","Woodlands with little valuable timber."
"Strings.rsrc","10070","0x2756","kStrTerrainDefs","17","The center of government and industry, as well as the main port for trade. No nation can survive the loss of its capital city."
"Strings.rsrc","10070","0x2756","kStrTerrainDefs","18","White lines represent the borders between provinces of the same nation."
"Strings.rsrc","10070","0x2756","kStrTerrainDefs","19","Wide borders represent the frontier between two nations. Each nation’s color appears on its side of the border."
"Strings.rsrc","10070","0x2756","kStrTerrainDefs","20","If connected to the transport network, a rail depot gathers all commodities in its own terrain tile and in adjacent tiles, and makes them available for transport to industry."
"Strings.rsrc","10070","0x2756","kStrTerrainDefs","21","A port gathers all resources from its own terrain tile, adjacent tiles, and from adjacent rivers and ocean tiles. Unless the port or the capital city is blockaded the resources gathered are always available."
"Strings.rsrc","10070","0x2756","kStrTerrainDefs","22","Rivers connect ports built in any tile on the river. Each river tile supplies one unit of fish to an adjacent port."
"Strings.rsrc","10070","0x2756","kStrTerrainDefs","23","A mine allows minerals present to be extracted."
"Strings.rsrc","10070","0x2756","kStrTerrainDefs","24","Increases the output of logging operations."
"Strings.rsrc","10070","0x2756","kStrTerrainDefs","25","Increases the production of livestock or sheep present in this terrain."
"Strings.rsrc","10070","0x2756","kStrTerrainDefs","26","Increases the production of grain, produce, or cotton in this terrain."
"Strings.rsrc","10070","0x2756","kStrTerrainDefs","27","Allows oil present to be extracted."
"Strings.rsrc","10070","0x2756","kStrTerrainDefs","28","The flag indicates purchase of this land by a Great Power."
"Strings.rsrc","10070","0x2756","kStrTerrainDefs","29","A military encampment. Forces here defend the entire province."
"Strings.rsrc","10070","0x2756","kStrTerrainDefs","30",""
"Strings.rsrc","10070","0x2756","kStrTerrainDefs","31",""
"Strings.rsrc","10070","0x2756","kStrTerrainDefs","32",""
"Strings.rsrc","10070","0x2756","kStrTerrainDefs","33","A Miner opens mines so that minerals can be extracted."
"Strings.rsrc","10070","0x2756","kStrTerrainDefs","34","A Prospector searches for minerals in hills and mountains and oil in swamp, desert and tundra.  Successful prospecting is necessary before miners or drillers can work. "
"Strings.rsrc","10070","0x2756","kStrTerrainDefs","35","A Farmer improves grain, fruit, and cotton production."
"Strings.rsrc","10070","0x2756","kStrTerrainDefs","36","A Forester improves timber production in hardwood forests."
"Strings.rsrc","10070","0x2756","kStrTerrainDefs","37","An Engineer builds ports, railroads, depots, and forts."
"Strings.rsrc","10070","0x2756","kStrTerrainDefs","38","A Rancher improves wool and livestock production."
"Strings.rsrc","10070","0x2756","kStrTerrainDefs","39","Fisherman"
"Strings.rsrc","10070","0x2756","kStrTerrainDefs","40","A Developer purchases land in Minor Nations for exploitation."
"Strings.rsrc","10070","0x2756","kStrTerrainDefs","41","A Driller produces oil from swamps, tundra, and deserts."
"Strings.rsrc","10070","0x2756","kStrTerrainDefs","42","A Military arrow pointing into a province indicates that armies are moving into that province. Green arrows indicate friendly deployment. Red arrows indicate attack."
"Strings.rsrc","10070","0x2756","kStrTerrainDefs","43","A Fleet on blockade duty attempts to intercept any hostile ships that enter or leave the port."
"Strings.rsrc","10070","0x2756","kStrTerrainDefs","44","An anchor shows the location of the country’s capital city port, through which all trade is conducted."
"Strings.rsrc","10070","0x2756","kStrTerrainDefs","45","A Fleet displaying a ship’s wheel is assigned to sail to a new sea zone or port."
"Strings.rsrc","10070","0x2756","kStrTerrainDefs","46","A Fleet ordered to patrol a sea zone attempts to intercept all hostile ships in, or moving through, the zone."
"Strings.rsrc","10070","0x2756","kStrTerrainDefs","47","A Fleet ordered to establish a landing site displays a cannon. Troops may be landed the turn after the site is established."
"Strings.rsrc","10070","0x2756","kStrTerrainDefs","48","Docked Fleets are available for assignment.  If left in port these ships will be repaired, or will serve as escorts for merchants."
"Strings.rsrc","10070","0x2756","kStrTerrainDefs","49","A Fleet displaying no icon is available for assignment in its sea zone, or movement to another zone."
"Strings.rsrc","10070","0x2756","kStrTerrainDefs","50","Light blue lines represent the borders between sea zones."
"Strings.rsrc","10071","0x2757","kStrGameStatus","1","Imperialism"
"Strings.rsrc","10071","0x2757","kStrGameStatus","2","Tips"
"Strings.rsrc","10071","0x2757","kStrGameStatus","3","Newspaper"
"Strings.rsrc","10071","0x2757","kStrGameStatus","4","Deal Book"
"Strings.rsrc","10071","0x2757","kStrGameStatus","5","Battle Report"
"Strings.rsrc","10071","0x2757","kStrGameStatus","6","Status"
"Strings.rsrc","10071","0x2757","kStrGameStatus","7","Cancel"
"Strings.rsrc","10071","0x2757","kStrGameStatus","8","Advice"
"Strings.rsrc","10071","0x2757","kStrGameStatus","9","Council Projection"
"Strings.rsrc","10071","0x2757","kStrGameStatus","10","Interior Strength"
"Strings.rsrc","10071","0x2757","kStrGameStatus","11","Diplomatic Strength"
"Strings.rsrc","10071","0x2757","kStrGameStatus","12","Military Strength"
"Strings.rsrc","10071","0x2757","kStrGameStatus","13","Merchant Marine"
"Strings.rsrc","10071","0x2757","kStrGameStatus","14","World Exports"
"Strings.rsrc","10071","0x2757","kStrGameStatus","15","Industry"
"Strings.rsrc","10071","0x2757","kStrGameStatus","16","Labor"
"Strings.rsrc","10071","0x2757","kStrGameStatus","17","Overseas Profits"
"Strings.rsrc","10071","0x2757","kStrGameStatus","18","Internal Transport"
"Strings.rsrc","10072","0x2758","kStrMoreStartup","1","Enter Your Network Name"
"Strings.rsrc","10072","0x2758","kStrMoreStartup","2","Difficulty Level"
"Strings.rsrc","10072","0x2758","kStrMoreStartup","3","Names:"
"Strings.rsrc","10072","0x2758","kStrMoreStartup","4","Fixed"
"Strings.rsrc","10072","0x2758","kStrMoreStartup","5","Random"
"Strings.rsrc","10072","0x2758","kStrMoreStartup","6","Enter a Map Generation Key"
"Strings.rsrc","10072","0x2758","kStrMoreStartup","7","(generating world...)"
"Strings.rsrc","10072","0x2758","kStrMoreStartup","8","Scenario Library"
"Strings.rsrc","10072","0x2758","kStrMoreStartup","9","- Autosave -"
"Strings.rsrc","10072","0x2758","kStrMoreStartup","10","Flat"
"Strings.rsrc","10072","0x2758","kStrMoreStartup","11","Round"
"Strings.rsrc","10072","0x2758","kStrMoreStartup","12","Locate Province:"
"Strings.rsrc","10072","0x2758","kStrMoreStartup","13","Locate Sea Zone:"
"Strings.rsrc","10072","0x2758","kStrMoreStartup","14","There is no province named ‘[1:name]’"
"Strings.rsrc","10072","0x2758","kStrMoreStartup","15","There is no sea zone named ‘[1:name]’"
"Strings.rsrc","10072","0x2758","kStrMoreStartup","16","An error occoured while loading the saved game.  This save file may be corrupted."
"Strings.rsrc","10072","0x2758","kStrMoreStartup","17","Select Autosave Game"
"Strings.rsrc","10072","0x2758","kStrMoreStartup","18","Select Saved Game"
"Strings.rsrc","10072","0x2758","kStrMoreStartup","19","Click to Select Country"
"Strings.rsrc","10072","0x2758","kStrMoreStartup","20","Load Saved Game"
"Strings.rsrc","10072","0x2758","kStrMoreStartup","21","Return to Game without Saving"
"Strings.rsrc","10072","0x2758","kStrMoreStartup","22","Select Slot for Saved Game"
"Strings.rsrc","10072","0x2758","kStrMoreStartup","23","Select a slot for your saved game."
"Strings.rsrc","10072","0x2758","kStrMoreStartup","24","Load Scenario or Tutorial Screen"
"Strings.rsrc","10072","0x2758","kStrMoreStartup","25","Start Selected Scenario or Tutorial"
"Strings.rsrc","10072","0x2758","kStrMoreStartup","26","Select Scenario or Tutorial"
"Strings.rsrc","10072","0x2758","kStrMoreStartup","27","Show Previous List"
"Strings.rsrc","10072","0x2758","kStrMoreStartup","28","Show More Scenarios and Tutorials"
"Strings.rsrc","10072","0x2758","kStrMoreStartup","29","You must select a Great Power(shown in color)"
"Strings.rsrc","10072","0x2758","kStrMoreStartup","30","Select Usual Namesor Random Names"
"Strings.rsrc","10072","0x2758","kStrMoreStartup","31","(Loading game...)"
"Strings.rsrc","10072","0x2758","kStrMoreStartup","32","(Starting game...)"
"Strings.rsrc","10072","0x2758","kStrMoreStartup","33","More..."
"Strings.rsrc","10073","0x2759","kStrMultiplayer","1","( computer )"
"Strings.rsrc","10073","0x2759","kStrMultiplayer","2","I’m afraid that Great Power has already been selected by another player."
"Strings.rsrc","10073","0x2759","kStrMultiplayer","3","Begin Game"
"Strings.rsrc","10073","0x2759","kStrMultiplayer","4","I am afraid we've lost the connection to [1: country]. "
"Strings.rsrc","10073","0x2759","kStrMultiplayer","5","You have been eliminated from a game of which you are the host.   The other players still need your computer to act as the host for them to be able to continue to play."
"Strings.rsrc","10073","0x2759","kStrMultiplayer","6","I am afraid we’ve lost our connection."
"Strings.rsrc","10073","0x2759","kStrMultiplayer","7","Delete Save Files"
"Strings.rsrc","10073","0x2759","kStrMultiplayer","8","Do you wish to delete all save files for games you have joined in the past?  If you do so, you will be unable to rejoin any saved multiplayer games.  Saved games in which you were the host will be unaffected."
"Strings.rsrc","10073","0x2759","kStrMultiplayer","9","[1: number] save files deleted."
"Strings.rsrc","10073","0x2759","kStrMultiplayer","10","We have been rejoined by [1: country]"
"Strings.rsrc","10074","0x275a","kStrAquatic","1","[1] Lake"
"Strings.rsrc","10074","0x275a","kStrAquatic","2","[1] Lake"
"Strings.rsrc","10074","0x275a","kStrAquatic","3","Lake [1]"
"Strings.rsrc","10074","0x275a","kStrAquatic","4","Lake [1]"
"Strings.rsrc","10074","0x275a","kStrAquatic","5","[1] Bay"
"Strings.rsrc","10074","0x275a","kStrAquatic","6","[1] Gulf"
"Strings.rsrc","10074","0x275a","kStrAquatic","7","Bay of [1]"
"Strings.rsrc","10074","0x275a","kStrAquatic","8","Gulf of [1]"
"Strings.rsrc","10074","0x275a","kStrAquatic","9","[1] Channel"
"Strings.rsrc","10074","0x275a","kStrAquatic","10","[1] Narrows"
"Strings.rsrc","10074","0x275a","kStrAquatic","11","Strait of [1]"
"Strings.rsrc","10074","0x275a","kStrAquatic","12","Straits of [1]"
"Strings.rsrc","10074","0x275a","kStrAquatic","13","[1] Sea"
"Strings.rsrc","10074","0x275a","kStrAquatic","14","[1] Sea"
"Strings.rsrc","10074","0x275a","kStrAquatic","15","[1] Sea"
"Strings.rsrc","10074","0x275a","kStrAquatic","16","Sea of [1]"
"Strings.rsrc","10074","0x275a","kStrAquatic","17","[1] Ocean"
"Strings.rsrc","10074","0x275a","kStrAquatic","18","[1] Ocean"
"Strings.rsrc","10074","0x275a","kStrAquatic","19","[1] Ocean"
"Strings.rsrc","10074","0x275a","kStrAquatic","20","[1] Ocean"
"Strings.rsrc","10074","0x275a","kStrAquatic","21","Port of [1]"
"Strings.rsrc","10074","0x275a","kStrAquatic","22","Port of [1]"
"Strings.rsrc","10074","0x275a","kStrAquatic","23","Port [1]"
"Strings.rsrc","10074","0x275a","kStrAquatic","24","Port [1]"
"Strings.rsrc","10075","0x275b","kStrSeaNames","1","Red"
"Strings.rsrc","10075","0x275b","kStrSeaNames","2","Black"
"Strings.rsrc","10075","0x275b","kStrSeaNames","3","Blue"
"Strings.rsrc","10075","0x275b","kStrSeaNames","4","Green"
"Strings.rsrc","10075","0x275b","kStrSeaNames","5","Wine-Dark"
"Strings.rsrc","10075","0x275b","kStrSeaNames","6","Briny"
"Strings.rsrc","10075","0x275b","kStrSeaNames","7","Atlantic"
"Strings.rsrc","10075","0x275b","kStrSeaNames","8","Pacific"
"Strings.rsrc","10075","0x275b","kStrSeaNames","9","Orestian"
"Strings.rsrc","10075","0x275b","kStrSeaNames","10","Pelican"
"Strings.rsrc","10075","0x275b","kStrSeaNames","11","Blood"
"Strings.rsrc","10075","0x275b","kStrSeaNames","12","Dead"
"Strings.rsrc","10075","0x275b","kStrSeaNames","13","Sand"
"Strings.rsrc","10075","0x275b","kStrSeaNames","14","Cylon"
"Strings.rsrc","10075","0x275b","kStrSeaNames","15","Good Hope"
"Strings.rsrc","10075","0x275b","kStrSeaNames","16","Clytemnestra"
"Strings.rsrc","10075","0x275b","kStrSeaNames","17","Coral"
"Strings.rsrc","10075","0x275b","kStrSeaNames","18","Clamshell"
"Strings.rsrc","10075","0x275b","kStrSeaNames","19","Pearl"
"Strings.rsrc","10075","0x275b","kStrSeaNames","20","Ra"
"Strings.rsrc","10075","0x275b","kStrSeaNames","21","Sorrow"
"Strings.rsrc","10075","0x275b","kStrSeaNames","22","Poseidon"
"Strings.rsrc","10075","0x275b","kStrSeaNames","23","Nautilus"
"Strings.rsrc","10075","0x275b","kStrSeaNames","24","Yellow"
"Strings.rsrc","10075","0x275b","kStrSeaNames","25","Octopus"
"Strings.rsrc","10075","0x275b","kStrSeaNames","26","Oriental"
"Strings.rsrc","10075","0x275b","kStrSeaNames","27","Tempest"
"Strings.rsrc","10075","0x275b","kStrSeaNames","28","Anduin"
"Strings.rsrc","10075","0x275b","kStrSeaNames","29","Frog"
"Strings.rsrc","10075","0x275b","kStrSeaNames","30","Holy"
"Strings.rsrc","10075","0x275b","kStrSeaNames","31","Occidental"
"Strings.rsrc","10075","0x275b","kStrSeaNames","32","Huttick"
"Strings.rsrc","10075","0x275b","kStrSeaNames","33","Aoki"
"Strings.rsrc","10075","0x275b","kStrSeaNames","34","Underwood"
"Strings.rsrc","10075","0x275b","kStrSeaNames","35","Baba"
"Strings.rsrc","10075","0x275b","kStrSeaNames","36","Minnow"
"Strings.rsrc","10075","0x275b","kStrSeaNames","37","Oleander"
"Strings.rsrc","10076","0x275c","kStrEmbeddedArt","1","Imperialism"
"Strings.rsrc","10076","0x275c","kStrEmbeddedArt","2","Start Game"
"Strings.rsrc","10076","0x275c","kStrEmbeddedArt","3","OK"
"Strings.rsrc","10076","0x275c","kStrEmbeddedArt","4","Cancel"
"Strings.rsrc","10076","0x275c","kStrEmbeddedArt","5","Accept"
"Strings.rsrc","10076","0x275c","kStrEmbeddedArt","6","Reject"
"Strings.rsrc","10076","0x275c","kStrEmbeddedArt","7","End turn"
"Strings.rsrc","10076","0x275c","kStrEmbeddedArt","8","Bid"
"Strings.rsrc","10076","0x275c","kStrEmbeddedArt","9","Offer"
"Strings.rsrc","10076","0x275c","kStrEmbeddedArt","10","Imperial Times"
"Strings.rsrc","10076","0x275c","kStrEmbeddedArt","11","The Fine Art of Conquering the World"
"Strings.rsrc","10076","0x275c","kStrEmbeddedArt","12","Offer Sheet"
"Strings.rsrc","10076","0x275c","kStrEmbeddedArt","13","Save Game"
"Strings.rsrc","10076","0x275c","kStrEmbeddedArt","14","Load Game"
"Strings.rsrc","10076","0x275c","kStrEmbeddedArt","15","Reply"
"Strings.rsrc","10077","0x275d","kDipScreen2","1","Your Excellency, an alliance with [1:country] would force us into war with the following nations:"
"Strings.rsrc","10077","0x275d","kDipScreen2","2","If [1] accepts our offer, we will automatically declare war on them as well.  Proceed?"
"Strings.rsrc","10077","0x275d","kDipScreen2","3","Eliminated"
"Strings.rsrc","10077","0x275d","kDipScreen2","4","[1: countryName] Wins!"
"Strings.rsrc","10077","0x275d","kDipScreen2","5","Your Excellency, bringing [1: country] into our Empire would force us into war with the following nations:"
"Strings.rsrc","10077","0x275d","kDipScreen2","6","Beware Entanglements"
"Strings.rsrc","10078","0x275e","kStrNewspaper","1","Prime Rate: [1]%"
"Strings.rsrc","10078","0x275e","kStrNewspaper","2","Market Watch: [1]"
"Strings.rsrc","10078","0x275e","kStrNewspaper","3","Industrial Index: [1]"
"Strings.rsrc","10078","0x275e","kStrNewspaper","4","Defense Index: [1]"
"Strings.rsrc","10078","0x275e","kStrNewspaper","5"," and "
"Strings.rsrc","10078","0x275e","kStrNewspaper","6","Newspaper will become available after the end of the turn."
"Strings.rsrc","10079","0x275f","kStrOrdinalNumbers","1","[1:1]st"
"Strings.rsrc","10079","0x275f","kStrOrdinalNumbers","2","[1:2]nd"
"Strings.rsrc","10079","0x275f","kStrOrdinalNumbers","3","[1:3]rd"
"Strings.rsrc","10079","0x275f","kStrOrdinalNumbers","4","[1:4]th"
"Strings.rsrc","10080","0x2760","kStrShipDesignation","1","FF"
"Strings.rsrc","10080","0x2760","kStrShipDesignation","2","SL"
"Strings.rsrc","10080","0x2760","kStrShipDesignation","3","RD"
"Strings.rsrc","10080","0x2760","kStrShipDesignation","4","IC"
"Strings.rsrc","10080","0x2760","kStrShipDesignation","5","IB"
"Strings.rsrc","10080","0x2760","kStrShipDesignation","6","CL"
"Strings.rsrc","10080","0x2760","kStrShipDesignation","7","BB"
"Strings.rsrc","10080","0x2760","kStrShipDesignation","8","BC"
"Strings.rsrc","10081","0x2761","kStrGameScore","1","Victory for [1]!"
"Strings.rsrc","10081","0x2761","kStrGameScore","2","Points for:"
"Strings.rsrc","10081","0x2761","kStrGameScore","3","Labor"
"Strings.rsrc","10081","0x2761","kStrGameScore","4","Transport"
"Strings.rsrc","10081","0x2761","kStrGameScore","5","Industry"
"Strings.rsrc","10081","0x2761","kStrGameScore","6","ProvincesControlled orColonized"
"Strings.rsrc","10081","0x2761","kStrGameScore","7","Military"
"Strings.rsrc","10081","0x2761","kStrGameScore","8","Navy"
"Strings.rsrc","10081","0x2761","kStrGameScore","9","DiplomaticRelations"
"Strings.rsrc","10081","0x2761","kStrGameScore","10","MerchantMarine"
"Strings.rsrc","10081","0x2761","kStrGameScore","11","Year"
"Strings.rsrc","10081","0x2761","kStrGameScore","12","Subtotal"
"Strings.rsrc","10081","0x2761","kStrGameScore","13","Difficulty: [1]"
"Strings.rsrc","10081","0x2761","kStrGameScore","14","Total"
"Strings.rsrc","10082","0x2762","kStrNavyScoutReport","1","[1:admiralName] commanding"
"Strings.rsrc","10082","0x2762","kStrNavyScoutReport","2","Patrol the waters of the [1:seaName]"
"Strings.rsrc","10082","0x2762","kStrNavyScoutReport","3","Send in the troops."
"Strings.rsrc","10082","0x2762","kStrNavyScoutReport","4","All hands to swab the decks."
"Strings.rsrc","10082","0x2762","kStrNavyScoutReport","5","Prey only on the weak and infirm"
"Strings.rsrc","10082","0x2762","kStrNavyScoutReport","6","Catch as catch can"
"Strings.rsrc","10082","0x2762","kStrNavyScoutReport","7","If it floats and it doesn't say 'quack', sink it"
"Strings.rsrc","10082","0x2762","kStrNavyScoutReport","8","Task Force Report"
"Strings.rsrc","10082","0x2762","kStrNavyScoutReport","9","Force currently located in"
"Strings.rsrc","10082","0x2762","kStrNavyScoutReport","10","Composition"
"Strings.rsrc","10082","0x2762","kStrNavyScoutReport","11","Orders"
"Strings.rsrc","10082","0x2762","kStrNavyScoutReport","12","Make all speed for [1:seaZoneName]"
"Strings.rsrc","10082","0x2762","kStrNavyScoutReport","13","a democratically elected council of seamen"
"Strings.rsrc","10082","0x2762","kStrNavyScoutReport","14","[1:admiral name] of the [2: ship name]"
"Strings.rsrc","10082","0x2762","kStrNavyScoutReport","15","the Captain of the [1: ship name]"
"Strings.rsrc","10082","0x2762","kStrNavyScoutReport","16","anonymous phone call"
"Strings.rsrc","10082","0x2762","kStrNavyScoutReport","17","[1: country]’s task force in [2: location] of one vessel, under orders to [4: orders]"
"Strings.rsrc","10082","0x2762","kStrNavyScoutReport","18","[1: country]’s task force in [2: location] of [3: number more than one] vessels, under orders to [4: orders]"
"Strings.rsrc","10082","0x2762","kStrNavyScoutReport","19","swab the decks"
"Strings.rsrc","10082","0x2762","kStrNavyScoutReport","20","sail"
"Strings.rsrc","10082","0x2762","kStrNavyScoutReport","21","sail home"
"Strings.rsrc","10082","0x2762","kStrNavyScoutReport","22","patrol indefinitely"
"Strings.rsrc","10082","0x2762","kStrNavyScoutReport","23","patrol"
"Strings.rsrc","10082","0x2762","kStrNavyScoutReport","24","secure a beachhead"
"Strings.rsrc","10082","0x2762","kStrNavyScoutReport","25","blockade"
"Strings.rsrc","10082","0x2762","kStrNavyScoutReport","26","escort"
"Strings.rsrc","10082","0x2762","kStrNavyScoutReport","27","repair"
"Strings.rsrc","10082","0x2762","kStrNavyScoutReport","28","evade"
"Strings.rsrc","10082","0x2762","kStrNavyScoutReport","29","evade indefinitely"
"Strings.rsrc","10082","0x2762","kStrNavyScoutReport","30","Forces of unknown type, apparently few in number"
"Strings.rsrc","10082","0x2762","kStrNavyScoutReport","31",", "
"Strings.rsrc","10082","0x2762","kStrNavyScoutReport","32",", and "
"Strings.rsrc","10082","0x2762","kStrNavyScoutReport","33","[1: number] [2:ship type]"
"Strings.rsrc","10082","0x2762","kStrNavyScoutReport","34","one warship of unknown type"
"Strings.rsrc","10082","0x2762","kStrNavyScoutReport","35","[1: number more than one] warships of unknown type"
"Strings.rsrc","10082","0x2762","kStrNavyScoutReport","36","Um, not sure. I guess somewhere around [1: very poor estimate]"
"Strings.rsrc","10082","0x2762","kStrNavyScoutReport","37","In the ballpark of [1: poor estimate]"
"Strings.rsrc","10082","0x2762","kStrNavyScoutReport","38","Around about [1: fair estimate]"
"Strings.rsrc","10082","0x2762","kStrNavyScoutReport","39","Approximately [1: okay estimate]"
"Strings.rsrc","10082","0x2762","kStrNavyScoutReport","40","Not far from [1: good estimate]"
"Strings.rsrc","10082","0x2762","kStrNavyScoutReport","41","Precisely [1: very good estimate]"
"Strings.rsrc","10082","0x2762","kStrNavyScoutReport","42","Foreign Fleet Report"
"Strings.rsrc","10082","0x2762","kStrNavyScoutReport","43","Report on the naval forces of"
"Strings.rsrc","10082","0x2762","kStrNavyScoutReport","44","in the"
"Strings.rsrc","10082","0x2762","kStrNavyScoutReport","45","Foreign Shipping Observed"
"Strings.rsrc","10082","0x2762","kStrNavyScoutReport","46","as estimated by"
"Strings.rsrc","10082","0x2762","kStrNavyScoutReport","47","Enemy Beachhead Report"
"Strings.rsrc","10082","0x2762","kStrNavyScoutReport","48","Report on a fleet belonging to"
"Strings.rsrc","10082","0x2762","kStrNavyScoutReport","49","invading from the"
"Strings.rsrc","10082","0x2762","kStrNavyScoutReport","50","Enemy Shipping Involved"
"Strings.rsrc","10082","0x2762","kStrNavyScoutReport","51","as reported by"
"Strings.rsrc","10082","0x2762","kStrNavyScoutReport","52","Coastwatchers in [1: province]"
"Strings.rsrc","10082","0x2762","kStrNavyScoutReport","53","Enemy Blockade Report"
"Strings.rsrc","10082","0x2762","kStrNavyScoutReport","54","Report on a fleet belonging to"
"Strings.rsrc","10082","0x2762","kStrNavyScoutReport","55","blockading our home port from the"
"Strings.rsrc","10082","0x2762","kStrNavyScoutReport","56","Enemy Shipping Involved"
"Strings.rsrc","10082","0x2762","kStrNavyScoutReport","57","Blockade the [1: the Port of Calais]"
"Strings.rsrc","10083","0x2763","kStrPCOnly","1","Play Imperialism"
"Strings.rsrc","10083","0x2763","kStrPCOnly","2","Game Options"
"Strings.rsrc","10083","0x2763","kStrPCOnly","3","Install Imperialism"
"Strings.rsrc","10083","0x2763","kStrPCOnly","4","Install DirectX 3"
"Strings.rsrc","10083","0x2763","kStrPCOnly","5","Uninstall Imperialism"
"Strings.rsrc","10083","0x2763","kStrPCOnly","6","Quit"
"Strings.rsrc","10083","0x2763","kStrPCOnly","7","Unable to automatically switch to 640x480 resolution, 256 color graphics mode.  Please do so manually."
"Strings.rsrc","10083","0x2763","kStrPCOnly","8","No language (.irg) files were found.  Unable to start Imperialism."
"Strings.rsrc","10083","0x2763","kStrPCOnly","9","No games found to join."
"Strings.rsrc","10083","0x2763","kStrPCOnly","10","July 4, 1997"
"Strings.rsrc","10083","0x2763","kStrPCOnly","11","Beta v. 0.9.7b4g"
"Strings.rsrc","10083","0x2763","kStrPCOnly","12","This interactive demo is based on a beta version of Imperialism.  Many features of the game have been disabled."
"Strings.rsrc","10083","0x2763","kStrPCOnly","13","Copyright (c) 1997  SSI, a Mindscape Company"
"Strings.rsrc","10083","0x2763","kStrPCOnly","14","Developer: Frog City"
"Strings.rsrc","10083","0x2763","kStrPCOnly","15","Select a Game to Join"
"Strings.rsrc","10083","0x2763","kStrPCOnly","16","Language"
"Strings.rsrc","10083","0x2763","kStrPCOnly","17","Switch to game resolution when starting the game"
"Strings.rsrc","10083","0x2763","kStrPCOnly","18","OK"
"Strings.rsrc","10083","0x2763","kStrPCOnly","19","Imperialism Setup"
"Strings.rsrc","10083","0x2763","kStrPCOnly","20","Imperialism Demo"
"Strings.rsrc","10083","0x2763","kStrPCOnly","21","Imperialism Options"
"Strings.rsrc","10083","0x2763","kStrPCOnly","22","Enabled"
"Strings.rsrc","10083","0x2763","kStrPCOnly","23","Disabled"
"Strings.rsrc","10083","0x2763","kStrPCOnly","24","Switch to Game Resolution When Starting the Game"
"Strings.rsrc","10083","0x2763","kStrPCOnly","25","You are low on free disk space ([1:number] MB free).  Unless there is at least 25 MB of free space on the Windows drive, the game may not run correctly, and may not be able to save your game.  Do wish to play anyway?"
"Strings.rsrc","10084","0x2764","kStrTradeAdvice","1","Purchase Recommended"
"Strings.rsrc","10084","0x2764","kStrTradeAdvice","2","We have an Embassy with [1: countryName], thus each trade improves our relationship with them."
"Strings.rsrc","10084","0x2764","kStrTradeAdvice","3","We have a Consulate with [1: countryName], thus each trade improves our relationship with them."
"Strings.rsrc","10084","0x2764","kStrTradeAdvice","4","Industry needs more [1:item]."
"Strings.rsrc","10084","0x2764","kStrTradeAdvice","5","Industry does not need more [1:item]. A purchase of merely one unit will provide the diplomatic benefits of a trade deal."
"Strings.rsrc","10084","0x2764","kStrTradeAdvice","6","Purchase Not Recommended"
"Strings.rsrc","10084","0x2764","kStrTradeAdvice","7","We have no consulate with [1:countryName], thus trade serves no diplomatic purpose."
"Strings.rsrc","10084","0x2764","kStrTradeAdvice","8","Industry does not need more [1:item]."
"Strings.rsrc","10084","0x2764","kStrTradeAdvice","9","[1:countryName] is a Great Power."
"Strings.rsrc","10084","0x2764","kStrTradeAdvice","10","[1:countryName] is a Minor Nation. Their favorite trade partner is [2:countryName]."
"Strings.rsrc","10084","0x2764","kStrTradeAdvice","11","We have an Embassy with [1: countryName]."
"Strings.rsrc","10084","0x2764","kStrTradeAdvice","12","We have a Consulate with [1: countryName]."
"Strings.rsrc","10084","0x2764","kStrTradeAdvice","13","We have no Consulate with [1: countryName]."
"Strings.rsrc","10084","0x2764","kStrTradeAdvice","14","[1:]Industrial Need: [3:number]Warehouse: [2:number]Transport: [4: number]Already Purchased: [5:number]"
"Strings.rsrc","10084","0x2764","kStrTradeAdvice","15","[1:countryName] is a Minor Nation. We are their favorite trade partner."
"Strings.rsrc","10084","0x2764","kStrTradeAdvice","16","[1:countryName] is our Colony."
"Strings.rsrc","10084","0x2764","kStrTradeAdvice","17","[1:countryName] is our colony, thus we do not need to seek better relations through trade."
"Strings.rsrc","10084","0x2764","kStrTradeAdvice","18","Advice From Foreign Minister"
"Strings.rsrc","10085","0x2765","kStrVolumeLabel","1","IMPERIALISM"
"Strings.rsrc","10086","0x2766","Minister names","1","The man behind the face"
"Tech.rsrc","3200","0x0c80","","1","Sample Text 12345678"
"Tech.rsrc","3300","0x0ce4","","1","Winter, 1888"
"Tech.rsrc","3300","0x0ce4","","2","$55,555"
"TechStore.rsrc","1001","0x03e9","","1","Static Text"
"TechStore.rsrc","3300","0x0ce4","","1","Winter, 1888"
"TechStore.rsrc","3300","0x0ce4","","2","$55,555"
"Trade.rsrc","253","0x00fd","","1","0"
"Trade.rsrc","1000","0x03e8","have city stuff at end","1","Horses"
"Trade.rsrc","1000","0x03e8","have city stuff at end","2",""
"Trade.rsrc","1000","0x03e8","have city stuff at end","3",""
"Trade.rsrc","1000","0x03e8","have city stuff at end","4",""
"Trade.rsrc","1000","0x03e8","have city stuff at end","5","Cotton"
"Trade.rsrc","1000","0x03e8","have city stuff at end","6","Wool"
"Trade.rsrc","1000","0x03e8","have city stuff at end","7","Timber"
"Trade.rsrc","1000","0x03e8","have city stuff at end","8","Coal"
"Trade.rsrc","1000","0x03e8","have city stuff at end","9","Iron"
"Trade.rsrc","1000","0x03e8","have city stuff at end","10","Oil"
"Trade.rsrc","1000","0x03e8","have city stuff at end","11",""
"Trade.rsrc","1000","0x03e8","have city stuff at end","12",""
"Trade.rsrc","1000","0x03e8","have city stuff at end","13","GP0"
"Trade.rsrc","1000","0x03e8","have city stuff at end","14",""
"Trade.rsrc","1000","0x03e8","have city stuff at end","15",""
"Trade.rsrc","1000","0x03e8","have city stuff at end","16",""
"Trade.rsrc","1000","0x03e8","have city stuff at end","17",""
"Trade.rsrc","1000","0x03e8","have city stuff at end","18","$"
"Trade.rsrc","1000","0x03e8","have city stuff at end","19",""
"Trade.rsrc","1000","0x03e8","have city stuff at end","20",""
"Trade.rsrc","1000","0x03e8","have city stuff at end","21",""
"Trade.rsrc","1000","0x03e8","have city stuff at end","22",""
"Trade.rsrc","1000","0x03e8","have city stuff at end","23",""
"Trade.rsrc","1000","0x03e8","have city stuff at end","24",""
"Trade.rsrc","1000","0x03e8","have city stuff at end","25",""
"Trade.rsrc","1000","0x03e8","have city stuff at end","26",""
"Trade.rsrc","1000","0x03e8","have city stuff at end","27",""
"Trade.rsrc","1000","0x03e8","have city stuff at end","28",""
"Trade.rsrc","1000","0x03e8","have city stuff at end","29",""
"Trade.rsrc","1000","0x03e8","have city stuff at end","30",""
"Trade.rsrc","1000","0x03e8","have city stuff at end","31",""
"Trade.rsrc","1000","0x03e8","have city stuff at end","32",""
"Trade.rsrc","1000","0x03e8","have city stuff at end","33",""
"Trade.rsrc","1000","0x03e8","have city stuff at end","34",""
"Trade.rsrc","1000","0x03e8","have city stuff at end","35",""
"Trade.rsrc","1000","0x03e8","have city stuff at end","36","M12"
"Trade.rsrc","1000","0x03e8","have city stuff at end","37",""
"Trade.rsrc","1000","0x03e8","have city stuff at end","38","M10"
"Trade.rsrc","1000","0x03e8","have city stuff at end","39","M13"
"Trade.rsrc","1000","0x03e8","have city stuff at end","40","M15"
"Trade.rsrc","1000","0x03e8","have city stuff at end","41","M16"
"Trade.rsrc","1000","0x03e8","have city stuff at end","42","M17"
"Trade.rsrc","1000","0x03e8","have city stuff at end","43","M18"
"Trade.rsrc","1000","0x03e8","have city stuff at end","44","M19"
"Trade.rsrc","1000","0x03e8","have city stuff at end","45","M20"
"Trade.rsrc","1000","0x03e8","have city stuff at end","46","M14"
"Trade.rsrc","1000","0x03e8","have city stuff at end","47","M21"
"Trade.rsrc","1000","0x03e8","have city stuff at end","48","M22"
"Trade.rsrc","1000","0x03e8","have city stuff at end","49",""
"Trade.rsrc","1000","0x03e8","have city stuff at end","50","M7"
"Trade.rsrc","1000","0x03e8","have city stuff at end","51","M8"
"Trade.rsrc","1000","0x03e8","have city stuff at end","52","M9"
"Trade.rsrc","1000","0x03e8","have city stuff at end","53","M11"
"Trade.rsrc","1002","0x03ea","","1","Diplomacy Notices"
"Trade.rsrc","1004","0x03ec","","1",""
"Trade.rsrc","1004","0x03ec","","2",""
"Trade.rsrc","1004","0x03ec","","3","Automated Turns"
"Trade.rsrc","1009","0x03f1","","1","Great Power Relationship Table"
"Trade.rsrc","1020","0x03fc","","1","Defense Minister"
"Trade.rsrc","1021","0x03fd","","1","Interior Minister"
"Trade.rsrc","1022","0x03fe","","1","Foreign Minister"
"Trade.rsrc","1024","0x0400","","1","Treaty Table"
"Trade.rsrc","1025","0x0401","","1","GP Treaty Table"
"Trade.rsrc","1206","0x04b6","","1","Reccomendations"
"Trade.rsrc","1206","0x04b6","","2",""
"Trade.rsrc","1206","0x04b6","","3",""
"Trade.rsrc","1206","0x04b6","","4",""
"Trade.rsrc","1206","0x04b6","","5","Minor Stockpiles"
"Trade.rsrc","1206","0x04b6","","6","Minors' Trade Bids"
"Trade.rsrc","1207","0x04b7","Ambit's Static Text text","1","0"
"Trade.rsrc","1500","0x05dc","","1",""
"Trade.rsrc","1500","0x05dc","","2",""
"Trade.rsrc","1500","0x05dc","","3",""
"Trade.rsrc","1500","0x05dc","","4",""
"Trade.rsrc","1500","0x05dc","","5",""
"Trade.rsrc","1500","0x05dc","","6",""
"Trade.rsrc","1500","0x05dc","","7",""
"Trade.rsrc","1500","0x05dc","","8",""
"Trade.rsrc","1500","0x05dc","","9",""
"Trade.rsrc","1500","0x05dc","","10",""
"Trade.rsrc","1500","0x05dc","","11",""
"Trade.rsrc","1500","0x05dc","","12",""
"Trade.rsrc","1500","0x05dc","","13",""
"Trade.rsrc","1500","0x05dc","","14",""
"Trade.rsrc","1500","0x05dc","","15",""
"Trade.rsrc","1500","0x05dc","","16",""
"Trade.rsrc","1500","0x05dc","","17",""
"Trade.rsrc","1500","0x05dc","","18",""
"Trade.rsrc","1500","0x05dc","","19",""
"Trade.rsrc","1500","0x05dc","","20",""
"Trade.rsrc","1500","0x05dc","","21",""
"Trade.rsrc","1500","0x05dc","","22",""
"Trade.rsrc","1500","0x05dc","","23",""
"Trade.rsrc","1500","0x05dc","","24",""
"Trade.rsrc","1500","0x05dc","","25",""
"Trade.rsrc","1500","0x05dc","","26",""
"Trade.rsrc","1500","0x05dc","","27",""
"Trade.rsrc","1500","0x05dc","","28",""
"Trade.rsrc","1500","0x05dc","","29",""
"Trade.rsrc","1500","0x05dc","","30",""
"Trade.rsrc","1500","0x05dc","","31",""
"Trade.rsrc","1500","0x05dc","","32",""
"Trade.rsrc","1500","0x05dc","","33",""
"Trade.rsrc","1500","0x05dc","","34",""
"Trade.rsrc","1500","0x05dc","","35","OK"
"Trade.rsrc","1500","0x05dc","","36",""
"Trade.rsrc","1500","0x05dc","","37",""
"Trade.rsrc","1500","0x05dc","","38","Food"
"Trade.rsrc","1500","0x05dc","","39","Fabric"
"Trade.rsrc","1500","0x05dc","","40","Lumber"
"Trade.rsrc","1500","0x05dc","","41","Grain"
"Trade.rsrc","1500","0x05dc","","42","Produce"
"Trade.rsrc","1500","0x05dc","","43","Fish"
"Trade.rsrc","1500","0x05dc","","44","Livestock"
"Trade.rsrc","1500","0x05dc","","45","Cotton"
"Trade.rsrc","1500","0x05dc","","46","Wool"
"Trade.rsrc","1500","0x05dc","","47","Coal"
"Trade.rsrc","1500","0x05dc","","48","Iron"
"Trade.rsrc","1500","0x05dc","","49","Oil"
"Trade.rsrc","1500","0x05dc","","50","Timber"
"Trade.rsrc","1500","0x05dc","","51","Paper"
"Trade.rsrc","1500","0x05dc","","52","Steel"
"Trade.rsrc","1500","0x05dc","","53","Fuel"
"Trade.rsrc","1500","0x05dc","","54",""
"Trade.rsrc","1500","0x05dc","","55","Clothing"
"Trade.rsrc","1500","0x05dc","","56","Furniture"
"Trade.rsrc","1500","0x05dc","","57","Hardware"
"Trade.rsrc","1500","0x05dc","","58","Arms"
"Trade.rsrc","1500","0x05dc","","59","GP1"
"Trade.rsrc","1500","0x05dc","","60","GP2"
"Trade.rsrc","1500","0x05dc","","61","GP3"
"Trade.rsrc","1500","0x05dc","","62","GP4"
"Trade.rsrc","1500","0x05dc","","63","GP5"
"Trade.rsrc","1500","0x05dc","","64","GP6"
"Trade.rsrc","1500","0x05dc","","65","$"
"Trade.rsrc","1500","0x05dc","","66","Treasury"
"Trade.rsrc","1500","0x05dc","","67","GP#0"
"Trade.rsrc","1500","0x05dc","","68","GP#1"
"Trade.rsrc","1500","0x05dc","","69","GP#2"
"Trade.rsrc","1500","0x05dc","","70","GP#3"
"Trade.rsrc","1500","0x05dc","","71","GP#4"
"Trade.rsrc","1500","0x05dc","","72","GP#5"
"Trade.rsrc","1500","0x05dc","","73","GP#6"
"Trade.rsrc","1500","0x05dc","","74","GP0"
"Trade.rsrc","1500","0x05dc","","75","M7"
"Trade.rsrc","1500","0x05dc","","76","M8"
"Trade.rsrc","1500","0x05dc","","77","M9"
"Trade.rsrc","1500","0x05dc","","78","M10"
"Trade.rsrc","1500","0x05dc","","79","M11"
"Trade.rsrc","1500","0x05dc","","80","M12"
"Trade.rsrc","1500","0x05dc","","81","M13"
"Trade.rsrc","1500","0x05dc","","82","M14"
"Trade.rsrc","1500","0x05dc","","83","M15"
"Trade.rsrc","1500","0x05dc","","84","M16"
"Trade.rsrc","1500","0x05dc","","85","M17"
"Trade.rsrc","1500","0x05dc","","86","M18"
"Trade.rsrc","1500","0x05dc","","87","M19"
"Trade.rsrc","1500","0x05dc","","88","M20"
"Trade.rsrc","1500","0x05dc","","89","M21"
"Trade.rsrc","1500","0x05dc","","90","M22"
"Trade.rsrc","1500","0x05dc","","91","Horses"
"Trade.rsrc","1500","0x05dc","","92",""
"Trade.rsrc","1500","0x05dc","","93","Deal Book"
"Trade.rsrc","1501","0x05dd","","1","GP Stockpiles"
"Trade.rsrc","1501","0x05dd","","2","Relationship with Minors"
"Trade.rsrc","1504","0x05e0","","1","Button"
"Trade.rsrc","1504","0x05e0","","2","Done"
"Trade.rsrc","1504","0x05e0","","3","Dismissed"
"Trade.rsrc","1504","0x05e0","","4","666"
"Trade.rsrc","1505","0x05e1","","1"," "
"Trade.rsrc","1505","0x05e1","","2","Zimm (GP#0 )"
"Trade.rsrc","1505","0x05e1","","3","Kem (GP#1 )"
"Trade.rsrc","1505","0x05e1","","4","Patagon (GP#2 )"
"Trade.rsrc","1505","0x05e1","","5","Deneb (GP#6 )"
"Trade.rsrc","1505","0x05e1","","6","Ordune (GP#5 )"
"Trade.rsrc","1505","0x05e1","","7","Devron (GP#4 )"
"Trade.rsrc","1505","0x05e1","","8","Haxaco (GP#3 )"
"Trade.rsrc","1508","0x05e4","","1","Decline"
"Trade.rsrc","1508","0x05e4","","2","Accept"
"Trade.rsrc","1509","0x05e5","","1","Board of Trade"
"Trade.rsrc","1509","0x05e5","","2","Commodity"
"Trade.rsrc","1509","0x05e5","","3","Orders"
"Trade.rsrc","1509","0x05e5","","4","Price"
"Trade.rsrc","1509","0x05e5","","5","Available"
"Trade.rsrc","1509","0x05e5","","6","Quantity to Offer"
"Trade.rsrc","1520","0x05f0","","1",""
"Trade.rsrc","1520","0x05f0","","2",""
"Trade.rsrc","1520","0x05f0","","3",""
"Trade.rsrc","1520","0x05f0","","4",""
"Trade.rsrc","1520","0x05f0","","5",""
"Trade.rsrc","1520","0x05f0","","6",""
"Trade.rsrc","1520","0x05f0","","7",""
"Trade.rsrc","1520","0x05f0","","8","M 7"
"Trade.rsrc","1520","0x05f0","","9","M 8"
"Trade.rsrc","1520","0x05f0","","10","M 9"
"Trade.rsrc","1520","0x05f0","","11","M10"
"Trade.rsrc","1520","0x05f0","","12","M 11"
"Trade.rsrc","1520","0x05f0","","13","M12"
"Trade.rsrc","1520","0x05f0","","14","M13"
"Trade.rsrc","1520","0x05f0","","15","M14"
"Trade.rsrc","1520","0x05f0","","16","M15"
"Trade.rsrc","1520","0x05f0","","17","M16"
"Trade.rsrc","1520","0x05f0","","18","M17"
"Trade.rsrc","1520","0x05f0","","19","M18"
"Trade.rsrc","1520","0x05f0","","20","M19"
"Trade.rsrc","1520","0x05f0","","21","M20"
"Trade.rsrc","1520","0x05f0","","22","M21"
"Trade.rsrc","1520","0x05f0","","23","M22"
"Trade.rsrc","2009","0x07d9","","1","185"
"Trade.rsrc","2011","0x07db","","1","Season"
"Trade.rsrc","2011","0x07db","","2","0"
"Trade.rsrc","2011","0x07db","","3","Name"
"Trade.rsrc","2011","0x07db","","4","Max"
"Trade.rsrc","2011","0x07db","","5","Get"
"Trade.rsrc","2011","0x07db","","6","Transportation Black Box"
"Trade.rsrc","2011","0x07db","","7","The 'Max' column shows how many of each type of resource is available from the countryside via your railroad network."
"Trade.rsrc","2011","0x07db","","8","The 'Get' column shows how many resources you are currently bringing into the city by rail.You may change the numbers in the 'Get', but their total cannot exceed your rail capacity."
"Trade.rsrc","2011","0x07db","","9","Text. Mill"
"Trade.rsrc","2011","0x07db","","10","Clth. Fact."
"Trade.rsrc","2011","0x07db","","11","Lumber"
"Trade.rsrc","2011","0x07db","","12","Furn. Fact."
"Trade.rsrc","2011","0x07db","","13","Oil Ref."
"Trade.rsrc","2011","0x07db","","14","Pwr Plnt"
"Trade.rsrc","2011","0x07db","","15","0/0"
"Trade.rsrc","2011","0x07db","","16","Steel Mill"
"Trade.rsrc","2011","0x07db","","17","Hard. Fact."
"Trade.rsrc","2011","0x07db","","18","University"
"Trade.rsrc","2011","0x07db","","19","Training"
"Trade.rsrc","2011","0x07db","","20","Armory"
"Trade.rsrc","2011","0x07db","","21","Food Proc"
"Trade.rsrc","2011","0x07db","","22","Warehouse"
"Trade.rsrc","2011","0x07db","","23","Shipyard"
"Trade.rsrc","2011","0x07db","","24","Railyard"
"Trade.rsrc","2011","0x07db","","25","Units"
"Trade.rsrc","2011","0x07db","","26","Untr Trnd Prof"
"Trade.rsrc","2011","0x07db","","27","Clock"
"Trade.rsrc","2011","0x07db","","28","Rolling Stock"
"Trade.rsrc","2011","0x07db","","29","Merchant Marine Capacity"
"Trade.rsrc","3300","0x0ce4","","1","Winter, 1888"
"Trade.rsrc","3300","0x0ce4","","2","$55,555"
"Trade.rsrc","7010","0x1b62","","1","Diplomacy Offers"
"Trade.rsrc","7011","0x1b63","","1","Offer Sheet"
"Trade.rsrc","7014","0x1b66","","1","Deal Book"
"Trade.rsrc","7014","0x1b66","","2","Country name"
"Trade.rsrc","7014","0x1b66","","3","Exports"
"Trade.rsrc","7250","0x1c52","Town names","1","Twiddles"
"Trade.rsrc","7250","0x1c52","Town names","2","Littleburg"
"Trade.rsrc","7250","0x1c52","Town names","3","Racheltown"
"Trade.rsrc","7250","0x1c52","Town names","4","Tedaria"
"Trade.rsrc","7250","0x1c52","Town names","5","Billville"
"Trade.rsrc","7250","0x1c52","Town names","6","Ericar"
"Trade.rsrc","7250","0x1c52","Town names","7","Marcford"
"Trade.rsrc","7250","0x1c52","Town names","8","Alexington"
"Transport.rsrc","3300","0x0ce4","","1","$55,555"
"Transport.rsrc","3300","0x0ce4","","2","Winter, 1888"
"Transport.rsrc","5001","0x1389","","1","Transport"
"Transport.rsrc","5001","0x1389","","2","Ledger"
"Transport.rsrc","5001","0x1389","","3","Static Text"
"Univ.rsrc","4000","0x0fa0","","1","Cost:"
"Univ.rsrc","4000","0x0fa0","","2","Available:"
"Univ.rsrc","4000","0x0fa0","","3","$1,000"
"Univ.rsrc","4000","0x0fa0","","4","Level1"
"Univ.rsrc","4000","0x0fa0","","5","University"
