address|name|symbol|prototype|library|member|match_kind|confidence|candidate_count
0x004019ba|??1?$CIP@UIBindCtx@@$1?IID_IBindCtx@@3U_GUID@@B@@QAE@XZ|??1?$CIP@UIBindCtx@@$1?IID_IBindCtx@@3U_GUID@@B@@QAE@XZ|public: __thiscall CIP<struct IBindCtx, &struct _GUID const IID_IBindCtx>::~CIP<struct IBindCtx, &struct _GUID const IID_IBindCtx>(void)|nafxcw|olemon.obj|ambiguous|review|77
0x0040231a|??1?$CIP@UIBindCtx@@$1?IID_IBindCtx@@3U_GUID@@B@@QAE@XZ|??1?$CIP@UIBindCtx@@$1?IID_IBindCtx@@3U_GUID@@B@@QAE@XZ|public: __thiscall CIP<struct IBindCtx, &struct _GUID const IID_IBindCtx>::~CIP<struct IBindCtx, &struct _GUID const IID_IBindCtx>(void)|nafxcw|olemon.obj|ambiguous|review|77
0x0040257c|??1?$CIP@UIBindCtx@@$1?IID_IBindCtx@@3U_GUID@@B@@QAE@XZ|??1?$CIP@UIBindCtx@@$1?IID_IBindCtx@@3U_GUID@@B@@QAE@XZ|public: __thiscall CIP<struct IBindCtx, &struct _GUID const IID_IBindCtx>::~CIP<struct IBindCtx, &struct _GUID const IID_IBindCtx>(void)|nafxcw|olemon.obj|ambiguous|review|77
0x004028d8|??1?$CIP@UIBindCtx@@$1?IID_IBindCtx@@3U_GUID@@B@@QAE@XZ|??1?$CIP@UIBindCtx@@$1?IID_IBindCtx@@3U_GUID@@B@@QAE@XZ|public: __thiscall CIP<struct IBindCtx, &struct _GUID const IID_IBindCtx>::~CIP<struct IBindCtx, &struct _GUID const IID_IBindCtx>(void)|nafxcw|olemon.obj|ambiguous|review|77
0x00402a7c|??1?$CIP@UIBindCtx@@$1?IID_IBindCtx@@3U_GUID@@B@@QAE@XZ|??1?$CIP@UIBindCtx@@$1?IID_IBindCtx@@3U_GUID@@B@@QAE@XZ|public: __thiscall CIP<struct IBindCtx, &struct _GUID const IID_IBindCtx>::~CIP<struct IBindCtx, &struct _GUID const IID_IBindCtx>(void)|nafxcw|olemon.obj|ambiguous|review|77
0x00402eeb|??1?$CIP@UIBindCtx@@$1?IID_IBindCtx@@3U_GUID@@B@@QAE@XZ|??1?$CIP@UIBindCtx@@$1?IID_IBindCtx@@3U_GUID@@B@@QAE@XZ|public: __thiscall CIP<struct IBindCtx, &struct _GUID const IID_IBindCtx>::~CIP<struct IBindCtx, &struct _GUID const IID_IBindCtx>(void)|nafxcw|olemon.obj|ambiguous|review|77
0x0040318e|??1?$CIP@UIBindCtx@@$1?IID_IBindCtx@@3U_GUID@@B@@QAE@XZ|??1?$CIP@UIBindCtx@@$1?IID_IBindCtx@@3U_GUID@@B@@QAE@XZ|public: __thiscall CIP<struct IBindCtx, &struct _GUID const IID_IBindCtx>::~CIP<struct IBindCtx, &struct _GUID const IID_IBindCtx>(void)|nafxcw|olemon.obj|ambiguous|review|77
0x00403f71|??1?$CIP@UIBindCtx@@$1?IID_IBindCtx@@3U_GUID@@B@@QAE@XZ|??1?$CIP@UIBindCtx@@$1?IID_IBindCtx@@3U_GUID@@B@@QAE@XZ|public: __thiscall CIP<struct IBindCtx, &struct _GUID const IID_IBindCtx>::~CIP<struct IBindCtx, &struct _GUID const IID_IBindCtx>(void)|nafxcw|olemon.obj|ambiguous|review|77
0x004042c8|??1?$CIP@UIBindCtx@@$1?IID_IBindCtx@@3U_GUID@@B@@QAE@XZ|??1?$CIP@UIBindCtx@@$1?IID_IBindCtx@@3U_GUID@@B@@QAE@XZ|public: __thiscall CIP<struct IBindCtx, &struct _GUID const IID_IBindCtx>::~CIP<struct IBindCtx, &struct _GUID const IID_IBindCtx>(void)|nafxcw|olemon.obj|ambiguous|review|77
0x00404a25|??1?$CIP@UIBindCtx@@$1?IID_IBindCtx@@3U_GUID@@B@@QAE@XZ|??1?$CIP@UIBindCtx@@$1?IID_IBindCtx@@3U_GUID@@B@@QAE@XZ|public: __thiscall CIP<struct IBindCtx, &struct _GUID const IID_IBindCtx>::~CIP<struct IBindCtx, &struct _GUID const IID_IBindCtx>(void)|nafxcw|olemon.obj|ambiguous|review|77
0x004056a5|??1?$CIP@UIBindCtx@@$1?IID_IBindCtx@@3U_GUID@@B@@QAE@XZ|??1?$CIP@UIBindCtx@@$1?IID_IBindCtx@@3U_GUID@@B@@QAE@XZ|public: __thiscall CIP<struct IBindCtx, &struct _GUID const IID_IBindCtx>::~CIP<struct IBindCtx, &struct _GUID const IID_IBindCtx>(void)|nafxcw|olemon.obj|ambiguous|review|77
0x00405c72|??1?$CIP@UIBindCtx@@$1?IID_IBindCtx@@3U_GUID@@B@@QAE@XZ|??1?$CIP@UIBindCtx@@$1?IID_IBindCtx@@3U_GUID@@B@@QAE@XZ|public: __thiscall CIP<struct IBindCtx, &struct _GUID const IID_IBindCtx>::~CIP<struct IBindCtx, &struct _GUID const IID_IBindCtx>(void)|nafxcw|olemon.obj|ambiguous|review|77
0x004067c1|??1?$CIP@UIBindCtx@@$1?IID_IBindCtx@@3U_GUID@@B@@QAE@XZ|??1?$CIP@UIBindCtx@@$1?IID_IBindCtx@@3U_GUID@@B@@QAE@XZ|public: __thiscall CIP<struct IBindCtx, &struct _GUID const IID_IBindCtx>::~CIP<struct IBindCtx, &struct _GUID const IID_IBindCtx>(void)|nafxcw|olemon.obj|ambiguous|review|77
0x00406c1c|??1?$CIP@UIBindCtx@@$1?IID_IBindCtx@@3U_GUID@@B@@QAE@XZ|??1?$CIP@UIBindCtx@@$1?IID_IBindCtx@@3U_GUID@@B@@QAE@XZ|public: __thiscall CIP<struct IBindCtx, &struct _GUID const IID_IBindCtx>::~CIP<struct IBindCtx, &struct _GUID const IID_IBindCtx>(void)|nafxcw|olemon.obj|ambiguous|review|77
0x00406ccb|??1?$CIP@UIBindCtx@@$1?IID_IBindCtx@@3U_GUID@@B@@QAE@XZ|??1?$CIP@UIBindCtx@@$1?IID_IBindCtx@@3U_GUID@@B@@QAE@XZ|public: __thiscall CIP<struct IBindCtx, &struct _GUID const IID_IBindCtx>::~CIP<struct IBindCtx, &struct _GUID const IID_IBindCtx>(void)|nafxcw|olemon.obj|ambiguous|review|77
0x00407f4a|??1?$CIP@UIBindCtx@@$1?IID_IBindCtx@@3U_GUID@@B@@QAE@XZ|??1?$CIP@UIBindCtx@@$1?IID_IBindCtx@@3U_GUID@@B@@QAE@XZ|public: __thiscall CIP<struct IBindCtx, &struct _GUID const IID_IBindCtx>::~CIP<struct IBindCtx, &struct _GUID const IID_IBindCtx>(void)|nafxcw|olemon.obj|ambiguous|review|77
0x00408328|??1?$CIP@UIBindCtx@@$1?IID_IBindCtx@@3U_GUID@@B@@QAE@XZ|??1?$CIP@UIBindCtx@@$1?IID_IBindCtx@@3U_GUID@@B@@QAE@XZ|public: __thiscall CIP<struct IBindCtx, &struct _GUID const IID_IBindCtx>::~CIP<struct IBindCtx, &struct _GUID const IID_IBindCtx>(void)|nafxcw|olemon.obj|ambiguous|review|77
0x00408ed6|??1?$CIP@UIBindCtx@@$1?IID_IBindCtx@@3U_GUID@@B@@QAE@XZ|??1?$CIP@UIBindCtx@@$1?IID_IBindCtx@@3U_GUID@@B@@QAE@XZ|public: __thiscall CIP<struct IBindCtx, &struct _GUID const IID_IBindCtx>::~CIP<struct IBindCtx, &struct _GUID const IID_IBindCtx>(void)|nafxcw|olemon.obj|ambiguous|review|77
0x0040928c|??1?$CIP@UIBindCtx@@$1?IID_IBindCtx@@3U_GUID@@B@@QAE@XZ|??1?$CIP@UIBindCtx@@$1?IID_IBindCtx@@3U_GUID@@B@@QAE@XZ|public: __thiscall CIP<struct IBindCtx, &struct _GUID const IID_IBindCtx>::~CIP<struct IBindCtx, &struct _GUID const IID_IBindCtx>(void)|nafxcw|olemon.obj|ambiguous|review|77
0x00409980|??1?$CIP@UIBindCtx@@$1?IID_IBindCtx@@3U_GUID@@B@@QAE@XZ|??1?$CIP@UIBindCtx@@$1?IID_IBindCtx@@3U_GUID@@B@@QAE@XZ|public: __thiscall CIP<struct IBindCtx, &struct _GUID const IID_IBindCtx>::~CIP<struct IBindCtx, &struct _GUID const IID_IBindCtx>(void)|nafxcw|olemon.obj|ambiguous|review|77
0x00412aa0|AfxGetAfxWndProc|?AfxGetAfxWndProc@@YGP6GJPAUHWND__@@IIJ@ZXZ|long (__stdcall * __stdcall AfxGetAfxWndProc(void))(struct HWND__*, unsigned int, unsigned int, long)|nafxcw|wincore.obj|ambiguous|review|239
0x00412bd0|CDatabase::BindParameters|?BindParameters@CDatabase@@UAEXPAX@Z|public: virtual void __thiscall CDatabase::BindParameters(void *)|nafxcw|dbcore.obj|ambiguous|review|45
0x00412bf0|CObject::AssertValid|?AssertValid@CObject@@UBEXXZ|public: virtual void __thiscall CObject::AssertValid(void) const|nafxcw|except.obj|ambiguous|review|23
0x00412c10|CDatabase::BindParameters|?BindParameters@CDatabase@@UAEXPAX@Z|public: virtual void __thiscall CDatabase::BindParameters(void *)|nafxcw|dbcore.obj|ambiguous|review|45
0x00412c30|_G__non_rtti_object|??_G__non_rtti_object@@UAEPAXI@Z|public: virtual void * __thiscall __non_rtti_object::`scalar deleting dtor'(unsigned int)|libcmt|rtti.obj|ambiguous|review|5
0x00413550|_G__non_rtti_object|??_G__non_rtti_object@@UAEPAXI@Z|public: virtual void * __thiscall __non_rtti_object::`scalar deleting dtor'(unsigned int)|libcmt|rtti.obj|ambiguous|review|5
0x004135f0|_G__non_rtti_object|??_G__non_rtti_object@@UAEPAXI@Z|public: virtual void * __thiscall __non_rtti_object::`scalar deleting dtor'(unsigned int)|libcmt|rtti.obj|ambiguous|review|5
0x004136c0|CDatabase::BindParameters|?BindParameters@CDatabase@@UAEXPAX@Z|public: virtual void __thiscall CDatabase::BindParameters(void *)|nafxcw|dbcore.obj|ambiguous|review|45
0x004136e0|AfxGetAfxWndProc|?AfxGetAfxWndProc@@YGP6GJPAUHWND__@@IIJ@ZXZ|long (__stdcall * __stdcall AfxGetAfxWndProc(void))(struct HWND__*, unsigned int, unsigned int, long)|nafxcw|wincore.obj|ambiguous|review|239
0x00413c00|_G__non_rtti_object|??_G__non_rtti_object@@UAEPAXI@Z|public: virtual void * __thiscall __non_rtti_object::`scalar deleting dtor'(unsigned int)|libcmt|rtti.obj|ambiguous|review|5
0x00413cd0|_G__non_rtti_object|??_G__non_rtti_object@@UAEPAXI@Z|public: virtual void * __thiscall __non_rtti_object::`scalar deleting dtor'(unsigned int)|libcmt|rtti.obj|ambiguous|review|5
0x00414770|CObject::AssertValid|?AssertValid@CObject@@UBEXXZ|public: virtual void __thiscall CObject::AssertValid(void) const|nafxcw|except.obj|ambiguous|review|23
0x00414850|AfxGetAfxWndProc|?AfxGetAfxWndProc@@YGP6GJPAUHWND__@@IIJ@ZXZ|long (__stdcall * __stdcall AfxGetAfxWndProc(void))(struct HWND__*, unsigned int, unsigned int, long)|nafxcw|wincore.obj|ambiguous|review|239
0x00415030|CDatabase::BindParameters|?BindParameters@CDatabase@@UAEXPAX@Z|public: virtual void __thiscall CDatabase::BindParameters(void *)|nafxcw|dbcore.obj|ambiguous|review|45
0x00415d50|COleStreamFile::GetStream|?GetStream@COleStreamFile@@QBEPAUIStream@@XZ|public: struct IStream * __thiscall COleStreamFile::GetStream(void) const|nafxcw|olestrm.obj|unique|review|1
0x00415f90|_G__non_rtti_object|??_G__non_rtti_object@@UAEPAXI@Z|public: virtual void * __thiscall __non_rtti_object::`scalar deleting dtor'(unsigned int)|libcmt|rtti.obj|ambiguous|review|5
0x00426f80|CObject::AssertValid|?AssertValid@CObject@@UBEXXZ|public: virtual void __thiscall CObject::AssertValid(void) const|nafxcw|except.obj|ambiguous|review|23
0x00427220|CObject::AssertValid|?AssertValid@CObject@@UBEXXZ|public: virtual void __thiscall CObject::AssertValid(void) const|nafxcw|except.obj|ambiguous|review|23
0x00427240|CAsyncMonikerFile::OnProgress|?OnProgress@CAsyncMonikerFile@@MAEXKKKPBD@Z|protected: virtual void __thiscall CAsyncMonikerFile::OnProgress(unsigned long, unsigned long, unsigned long, char const *)|nafxcw|oleasmon.obj|unique|review|1
0x004293c0|_G__non_rtti_object|??_G__non_rtti_object@@UAEPAXI@Z|public: virtual void * __thiscall __non_rtti_object::`scalar deleting dtor'(unsigned int)|libcmt|rtti.obj|ambiguous|review|5
0x00429530|_G__non_rtti_object|??_G__non_rtti_object@@UAEPAXI@Z|public: virtual void * __thiscall __non_rtti_object::`scalar deleting dtor'(unsigned int)|libcmt|rtti.obj|ambiguous|review|5
0x00430280|_G__non_rtti_object|??_G__non_rtti_object@@UAEPAXI@Z|public: virtual void * __thiscall __non_rtti_object::`scalar deleting dtor'(unsigned int)|libcmt|rtti.obj|ambiguous|review|5
0x004302d0|_G__non_rtti_object|??_G__non_rtti_object@@UAEPAXI@Z|public: virtual void * __thiscall __non_rtti_object::`scalar deleting dtor'(unsigned int)|libcmt|rtti.obj|ambiguous|review|5
0x00430350|_G__non_rtti_object|??_G__non_rtti_object@@UAEPAXI@Z|public: virtual void * __thiscall __non_rtti_object::`scalar deleting dtor'(unsigned int)|libcmt|rtti.obj|ambiguous|review|5
0x004303d0|_G__non_rtti_object|??_G__non_rtti_object@@UAEPAXI@Z|public: virtual void * __thiscall __non_rtti_object::`scalar deleting dtor'(unsigned int)|libcmt|rtti.obj|ambiguous|review|5
0x00430450|_G__non_rtti_object|??_G__non_rtti_object@@UAEPAXI@Z|public: virtual void * __thiscall __non_rtti_object::`scalar deleting dtor'(unsigned int)|libcmt|rtti.obj|ambiguous|review|5
0x004304d0|_G__non_rtti_object|??_G__non_rtti_object@@UAEPAXI@Z|public: virtual void * __thiscall __non_rtti_object::`scalar deleting dtor'(unsigned int)|libcmt|rtti.obj|ambiguous|review|5
0x00430550|CObject::AssertValid|?AssertValid@CObject@@UBEXXZ|public: virtual void __thiscall CObject::AssertValid(void) const|nafxcw|except.obj|ambiguous|review|23
0x00430570|_G__non_rtti_object|??_G__non_rtti_object@@UAEPAXI@Z|public: virtual void * __thiscall __non_rtti_object::`scalar deleting dtor'(unsigned int)|libcmt|rtti.obj|ambiguous|review|5
0x004305c0|CObject::AssertValid|?AssertValid@CObject@@UBEXXZ|public: virtual void __thiscall CObject::AssertValid(void) const|nafxcw|except.obj|ambiguous|review|23
0x004305e0|_G__non_rtti_object|??_G__non_rtti_object@@UAEPAXI@Z|public: virtual void * __thiscall __non_rtti_object::`scalar deleting dtor'(unsigned int)|libcmt|rtti.obj|ambiguous|review|5
0x00430630|_AfxBindStatusCallback::CInnerUnknown::CInnerUnknown|??0CInnerUnknown@_AfxBindStatusCallback@@QAE@XZ|public: __thiscall _AfxBindStatusCallback::CInnerUnknown::CInnerUnknown(void)|nafxcw|oleasmon.obj|ambiguous|review|5
0x00430660|_G__non_rtti_object|??_G__non_rtti_object@@UAEPAXI@Z|public: virtual void * __thiscall __non_rtti_object::`scalar deleting dtor'(unsigned int)|libcmt|rtti.obj|ambiguous|review|5
0x00430900|_G__non_rtti_object|??_G__non_rtti_object@@UAEPAXI@Z|public: virtual void * __thiscall __non_rtti_object::`scalar deleting dtor'(unsigned int)|libcmt|rtti.obj|ambiguous|review|5
0x004309e0|_G__non_rtti_object|??_G__non_rtti_object@@UAEPAXI@Z|public: virtual void * __thiscall __non_rtti_object::`scalar deleting dtor'(unsigned int)|libcmt|rtti.obj|ambiguous|review|5
0x00430a30|_G__non_rtti_object|??_G__non_rtti_object@@UAEPAXI@Z|public: virtual void * __thiscall __non_rtti_object::`scalar deleting dtor'(unsigned int)|libcmt|rtti.obj|ambiguous|review|5
0x00430b00|_G__non_rtti_object|??_G__non_rtti_object@@UAEPAXI@Z|public: virtual void * __thiscall __non_rtti_object::`scalar deleting dtor'(unsigned int)|libcmt|rtti.obj|ambiguous|review|5
0x00430b80|_G__non_rtti_object|??_G__non_rtti_object@@UAEPAXI@Z|public: virtual void * __thiscall __non_rtti_object::`scalar deleting dtor'(unsigned int)|libcmt|rtti.obj|ambiguous|review|5
0x00430bd0|COleDocument::GetContainer|?GetContainer@COleDocument@@UAEPAUIOleItemContainer@@XZ|public: virtual struct IOleItemContainer * __thiscall COleDocument::GetContainer(void)|nafxcw|oledoc1.obj|ambiguous|review|21
0x00430bf0|CDatabase::BindParameters|?BindParameters@CDatabase@@UAEXPAX@Z|public: virtual void __thiscall CDatabase::BindParameters(void *)|nafxcw|dbcore.obj|ambiguous|review|45
0x00430c10|CAsyncMonikerFile::OnProgress|?OnProgress@CAsyncMonikerFile@@MAEXKKKPBD@Z|protected: virtual void __thiscall CAsyncMonikerFile::OnProgress(unsigned long, unsigned long, unsigned long, char const *)|nafxcw|oleasmon.obj|unique|review|1
0x00435540|_G__non_rtti_object|??_G__non_rtti_object@@UAEPAXI@Z|public: virtual void * __thiscall __non_rtti_object::`scalar deleting dtor'(unsigned int)|libcmt|rtti.obj|ambiguous|review|5
0x004355c0|_G__non_rtti_object|??_G__non_rtti_object@@UAEPAXI@Z|public: virtual void * __thiscall __non_rtti_object::`scalar deleting dtor'(unsigned int)|libcmt|rtti.obj|ambiguous|review|5
0x00435640|_G__non_rtti_object|??_G__non_rtti_object@@UAEPAXI@Z|public: virtual void * __thiscall __non_rtti_object::`scalar deleting dtor'(unsigned int)|libcmt|rtti.obj|ambiguous|review|5
0x00435690|_G__non_rtti_object|??_G__non_rtti_object@@UAEPAXI@Z|public: virtual void * __thiscall __non_rtti_object::`scalar deleting dtor'(unsigned int)|libcmt|rtti.obj|ambiguous|review|5
0x004356e0|_AfxBindStatusCallback::CInnerUnknown::CInnerUnknown|??0CInnerUnknown@_AfxBindStatusCallback@@QAE@XZ|public: __thiscall _AfxBindStatusCallback::CInnerUnknown::CInnerUnknown(void)|nafxcw|oleasmon.obj|ambiguous|review|5
0x00435710|_G__non_rtti_object|??_G__non_rtti_object@@UAEPAXI@Z|public: virtual void * __thiscall __non_rtti_object::`scalar deleting dtor'(unsigned int)|libcmt|rtti.obj|ambiguous|review|5
0x0043d5c0|_G__non_rtti_object|??_G__non_rtti_object@@UAEPAXI@Z|public: virtual void * __thiscall __non_rtti_object::`scalar deleting dtor'(unsigned int)|libcmt|rtti.obj|ambiguous|review|5
0x0043d650|_G__non_rtti_object|??_G__non_rtti_object@@UAEPAXI@Z|public: virtual void * __thiscall __non_rtti_object::`scalar deleting dtor'(unsigned int)|libcmt|rtti.obj|ambiguous|review|5
0x0043d6a0|_G__non_rtti_object|??_G__non_rtti_object@@UAEPAXI@Z|public: virtual void * __thiscall __non_rtti_object::`scalar deleting dtor'(unsigned int)|libcmt|rtti.obj|ambiguous|review|5
0x0043d720|_G__non_rtti_object|??_G__non_rtti_object@@UAEPAXI@Z|public: virtual void * __thiscall __non_rtti_object::`scalar deleting dtor'(unsigned int)|libcmt|rtti.obj|ambiguous|review|5
0x0043d770|_AfxBindStatusCallback::CInnerUnknown::CInnerUnknown|??0CInnerUnknown@_AfxBindStatusCallback@@QAE@XZ|public: __thiscall _AfxBindStatusCallback::CInnerUnknown::CInnerUnknown(void)|nafxcw|oleasmon.obj|ambiguous|review|5
0x0043d7a0|_G__non_rtti_object|??_G__non_rtti_object@@UAEPAXI@Z|public: virtual void * __thiscall __non_rtti_object::`scalar deleting dtor'(unsigned int)|libcmt|rtti.obj|ambiguous|review|5
0x0043d7f0|_G__non_rtti_object|??_G__non_rtti_object@@UAEPAXI@Z|public: virtual void * __thiscall __non_rtti_object::`scalar deleting dtor'(unsigned int)|libcmt|rtti.obj|ambiguous|review|5
0x0043d870|_G__non_rtti_object|??_G__non_rtti_object@@UAEPAXI@Z|public: virtual void * __thiscall __non_rtti_object::`scalar deleting dtor'(unsigned int)|libcmt|rtti.obj|ambiguous|review|5
0x0043d8c0|_AfxBindStatusCallback::CInnerUnknown::CInnerUnknown|??0CInnerUnknown@_AfxBindStatusCallback@@QAE@XZ|public: __thiscall _AfxBindStatusCallback::CInnerUnknown::CInnerUnknown(void)|nafxcw|oleasmon.obj|ambiguous|review|5
0x0043d960|_AfxBindStatusCallback::CInnerUnknown::CInnerUnknown|??0CInnerUnknown@_AfxBindStatusCallback@@QAE@XZ|public: __thiscall _AfxBindStatusCallback::CInnerUnknown::CInnerUnknown(void)|nafxcw|oleasmon.obj|ambiguous|review|5
0x0043d990|_AfxBindStatusCallback::CInnerUnknown::CInnerUnknown|??0CInnerUnknown@_AfxBindStatusCallback@@QAE@XZ|public: __thiscall _AfxBindStatusCallback::CInnerUnknown::CInnerUnknown(void)|nafxcw|oleasmon.obj|ambiguous|review|5
0x0043d9c0|_AfxBindStatusCallback::CInnerUnknown::CInnerUnknown|??0CInnerUnknown@_AfxBindStatusCallback@@QAE@XZ|public: __thiscall _AfxBindStatusCallback::CInnerUnknown::CInnerUnknown(void)|nafxcw|oleasmon.obj|ambiguous|review|5
0x0043d9f0|CObject::AssertValid|?AssertValid@CObject@@UBEXXZ|public: virtual void __thiscall CObject::AssertValid(void) const|nafxcw|except.obj|ambiguous|review|23
0x0043da10|_G__non_rtti_object|??_G__non_rtti_object@@UAEPAXI@Z|public: virtual void * __thiscall __non_rtti_object::`scalar deleting dtor'(unsigned int)|libcmt|rtti.obj|ambiguous|review|5
0x0043da40|_G__non_rtti_object|??_G__non_rtti_object@@UAEPAXI@Z|public: virtual void * __thiscall __non_rtti_object::`scalar deleting dtor'(unsigned int)|libcmt|rtti.obj|ambiguous|review|5
0x0043da70|_G__non_rtti_object|??_G__non_rtti_object@@UAEPAXI@Z|public: virtual void * __thiscall __non_rtti_object::`scalar deleting dtor'(unsigned int)|libcmt|rtti.obj|ambiguous|review|5
0x0043daa0|_G__non_rtti_object|??_G__non_rtti_object@@UAEPAXI@Z|public: virtual void * __thiscall __non_rtti_object::`scalar deleting dtor'(unsigned int)|libcmt|rtti.obj|ambiguous|review|5
0x0043dad0|_G__non_rtti_object|??_G__non_rtti_object@@UAEPAXI@Z|public: virtual void * __thiscall __non_rtti_object::`scalar deleting dtor'(unsigned int)|libcmt|rtti.obj|ambiguous|review|5
0x0044a6c0|_AfxBindStatusCallback::CInnerUnknown::CInnerUnknown|??0CInnerUnknown@_AfxBindStatusCallback@@QAE@XZ|public: __thiscall _AfxBindStatusCallback::CInnerUnknown::CInnerUnknown(void)|nafxcw|oleasmon.obj|ambiguous|review|5
0x0044a6f0|_AfxBindStatusCallback::CInnerUnknown::CInnerUnknown|??0CInnerUnknown@_AfxBindStatusCallback@@QAE@XZ|public: __thiscall _AfxBindStatusCallback::CInnerUnknown::CInnerUnknown(void)|nafxcw|oleasmon.obj|ambiguous|review|5
0x0044a720|_G__non_rtti_object|??_G__non_rtti_object@@UAEPAXI@Z|public: virtual void * __thiscall __non_rtti_object::`scalar deleting dtor'(unsigned int)|libcmt|rtti.obj|ambiguous|review|5
0x0044a7a0|_G__non_rtti_object|??_G__non_rtti_object@@UAEPAXI@Z|public: virtual void * __thiscall __non_rtti_object::`scalar deleting dtor'(unsigned int)|libcmt|rtti.obj|ambiguous|review|5
0x0044fa80|_AfxBindStatusCallback::CInnerUnknown::CInnerUnknown|??0CInnerUnknown@_AfxBindStatusCallback@@QAE@XZ|public: __thiscall _AfxBindStatusCallback::CInnerUnknown::CInnerUnknown(void)|nafxcw|oleasmon.obj|ambiguous|review|5
0x0044fab0|_G__non_rtti_object|??_G__non_rtti_object@@UAEPAXI@Z|public: virtual void * __thiscall __non_rtti_object::`scalar deleting dtor'(unsigned int)|libcmt|rtti.obj|ambiguous|review|5
0x0044fae0|_G__non_rtti_object|??_G__non_rtti_object@@UAEPAXI@Z|public: virtual void * __thiscall __non_rtti_object::`scalar deleting dtor'(unsigned int)|libcmt|rtti.obj|ambiguous|review|5
0x0044fb10|_G__non_rtti_object|??_G__non_rtti_object@@UAEPAXI@Z|public: virtual void * __thiscall __non_rtti_object::`scalar deleting dtor'(unsigned int)|libcmt|rtti.obj|ambiguous|review|5
0x00453830|_G__non_rtti_object|??_G__non_rtti_object@@UAEPAXI@Z|public: virtual void * __thiscall __non_rtti_object::`scalar deleting dtor'(unsigned int)|libcmt|rtti.obj|ambiguous|review|5
0x0045acb0|CObject::AssertValid|?AssertValid@CObject@@UBEXXZ|public: virtual void __thiscall CObject::AssertValid(void) const|nafxcw|except.obj|ambiguous|review|23
0x0045acd0|_G__non_rtti_object|??_G__non_rtti_object@@UAEPAXI@Z|public: virtual void * __thiscall __non_rtti_object::`scalar deleting dtor'(unsigned int)|libcmt|rtti.obj|ambiguous|review|5
0x0045ad20|_AfxBindStatusCallback::CInnerUnknown::CInnerUnknown|??0CInnerUnknown@_AfxBindStatusCallback@@QAE@XZ|public: __thiscall _AfxBindStatusCallback::CInnerUnknown::CInnerUnknown(void)|nafxcw|oleasmon.obj|ambiguous|review|5
0x0045ad70|_G__non_rtti_object|??_G__non_rtti_object@@UAEPAXI@Z|public: virtual void * __thiscall __non_rtti_object::`scalar deleting dtor'(unsigned int)|libcmt|rtti.obj|ambiguous|review|5
0x0045ada0|CObject::AssertValid|?AssertValid@CObject@@UBEXXZ|public: virtual void __thiscall CObject::AssertValid(void) const|nafxcw|except.obj|ambiguous|review|23
0x0045adc0|_G__non_rtti_object|??_G__non_rtti_object@@UAEPAXI@Z|public: virtual void * __thiscall __non_rtti_object::`scalar deleting dtor'(unsigned int)|libcmt|rtti.obj|ambiguous|review|5
0x0045ae10|_G__non_rtti_object|??_G__non_rtti_object@@UAEPAXI@Z|public: virtual void * __thiscall __non_rtti_object::`scalar deleting dtor'(unsigned int)|libcmt|rtti.obj|ambiguous|review|5
0x0045ae60|_AfxBindStatusCallback::CInnerUnknown::CInnerUnknown|??0CInnerUnknown@_AfxBindStatusCallback@@QAE@XZ|public: __thiscall _AfxBindStatusCallback::CInnerUnknown::CInnerUnknown(void)|nafxcw|oleasmon.obj|ambiguous|review|5
0x0045ae90|_G__non_rtti_object|??_G__non_rtti_object@@UAEPAXI@Z|public: virtual void * __thiscall __non_rtti_object::`scalar deleting dtor'(unsigned int)|libcmt|rtti.obj|ambiguous|review|5
0x0045af30|_G__non_rtti_object|??_G__non_rtti_object@@UAEPAXI@Z|public: virtual void * __thiscall __non_rtti_object::`scalar deleting dtor'(unsigned int)|libcmt|rtti.obj|ambiguous|review|5
0x0045af80|_AfxBindStatusCallback::CInnerUnknown::CInnerUnknown|??0CInnerUnknown@_AfxBindStatusCallback@@QAE@XZ|public: __thiscall _AfxBindStatusCallback::CInnerUnknown::CInnerUnknown(void)|nafxcw|oleasmon.obj|ambiguous|review|5
0x0045afb0|_G__non_rtti_object|??_G__non_rtti_object@@UAEPAXI@Z|public: virtual void * __thiscall __non_rtti_object::`scalar deleting dtor'(unsigned int)|libcmt|rtti.obj|ambiguous|review|5
0x0045b030|_G__non_rtti_object|??_G__non_rtti_object@@UAEPAXI@Z|public: virtual void * __thiscall __non_rtti_object::`scalar deleting dtor'(unsigned int)|libcmt|rtti.obj|ambiguous|review|5
0x0045d270|_AfxBindStatusCallback::CInnerUnknown::CInnerUnknown|??0CInnerUnknown@_AfxBindStatusCallback@@QAE@XZ|public: __thiscall _AfxBindStatusCallback::CInnerUnknown::CInnerUnknown(void)|nafxcw|oleasmon.obj|ambiguous|review|5
0x0045d2a0|CDatabase::BindParameters|?BindParameters@CDatabase@@UAEXPAX@Z|public: virtual void __thiscall CDatabase::BindParameters(void *)|nafxcw|dbcore.obj|ambiguous|review|45
0x0045d2c0|_G__non_rtti_object|??_G__non_rtti_object@@UAEPAXI@Z|public: virtual void * __thiscall __non_rtti_object::`scalar deleting dtor'(unsigned int)|libcmt|rtti.obj|ambiguous|review|5
0x0045d310|_G__non_rtti_object|??_G__non_rtti_object@@UAEPAXI@Z|public: virtual void * __thiscall __non_rtti_object::`scalar deleting dtor'(unsigned int)|libcmt|rtti.obj|ambiguous|review|5
0x0045d360|_G__non_rtti_object|??_G__non_rtti_object@@UAEPAXI@Z|public: virtual void * __thiscall __non_rtti_object::`scalar deleting dtor'(unsigned int)|libcmt|rtti.obj|ambiguous|review|5
0x0045d3e0|_G__non_rtti_object|??_G__non_rtti_object@@UAEPAXI@Z|public: virtual void * __thiscall __non_rtti_object::`scalar deleting dtor'(unsigned int)|libcmt|rtti.obj|ambiguous|review|5
0x0045d430|_G__non_rtti_object|??_G__non_rtti_object@@UAEPAXI@Z|public: virtual void * __thiscall __non_rtti_object::`scalar deleting dtor'(unsigned int)|libcmt|rtti.obj|ambiguous|review|5
0x0045d480|_AfxBindStatusCallback::CInnerUnknown::CInnerUnknown|??0CInnerUnknown@_AfxBindStatusCallback@@QAE@XZ|public: __thiscall _AfxBindStatusCallback::CInnerUnknown::CInnerUnknown(void)|nafxcw|oleasmon.obj|ambiguous|review|5
0x0045d4b0|_G__non_rtti_object|??_G__non_rtti_object@@UAEPAXI@Z|public: virtual void * __thiscall __non_rtti_object::`scalar deleting dtor'(unsigned int)|libcmt|rtti.obj|ambiguous|review|5
0x004600c0|_AfxBindStatusCallback::CInnerUnknown::CInnerUnknown|??0CInnerUnknown@_AfxBindStatusCallback@@QAE@XZ|public: __thiscall _AfxBindStatusCallback::CInnerUnknown::CInnerUnknown(void)|nafxcw|oleasmon.obj|ambiguous|review|5
0x004600f0|_G__non_rtti_object|??_G__non_rtti_object@@UAEPAXI@Z|public: virtual void * __thiscall __non_rtti_object::`scalar deleting dtor'(unsigned int)|libcmt|rtti.obj|ambiguous|review|5
0x00460140|_G__non_rtti_object|??_G__non_rtti_object@@UAEPAXI@Z|public: virtual void * __thiscall __non_rtti_object::`scalar deleting dtor'(unsigned int)|libcmt|rtti.obj|ambiguous|review|5
0x00479440|AfxGetAfxWndProc|?AfxGetAfxWndProc@@YGP6GJPAUHWND__@@IIJ@ZXZ|long (__stdcall * __stdcall AfxGetAfxWndProc(void))(struct HWND__*, unsigned int, unsigned int, long)|nafxcw|wincore.obj|ambiguous|review|239
0x00479460|AfxGetAfxWndProc|?AfxGetAfxWndProc@@YGP6GJPAUHWND__@@IIJ@ZXZ|long (__stdcall * __stdcall AfxGetAfxWndProc(void))(struct HWND__*, unsigned int, unsigned int, long)|nafxcw|wincore.obj|ambiguous|review|239
0x004796a0|CDockState::GetVersion|?GetVersion@CDockState@@QAEKXZ|public: unsigned long __thiscall CDockState::GetVersion(void)|nafxcw|dockstat.obj|ambiguous|review|2
0x004796c0|CDocument::SetModifiedFlag|?SetModifiedFlag@CDocument@@UAEXH@Z|public: virtual void __thiscall CDocument::SetModifiedFlag(int)|nafxcw|doccore.obj|unique|high|1
0x004796e0|_G__non_rtti_object|??_G__non_rtti_object@@UAEPAXI@Z|public: virtual void * __thiscall __non_rtti_object::`scalar deleting dtor'(unsigned int)|libcmt|rtti.obj|ambiguous|review|5
0x004798b0|CFindReplaceDialog::PostNcDestroy|?PostNcDestroy@CFindReplaceDialog@@MAEXXZ|protected: virtual void __thiscall CFindReplaceDialog::PostNcDestroy(void)|nafxcw|dlgfr.obj|ambiguous|review|3
0x004798f0|_G__non_rtti_object|??_G__non_rtti_object@@UAEPAXI@Z|public: virtual void * __thiscall __non_rtti_object::`scalar deleting dtor'(unsigned int)|libcmt|rtti.obj|ambiguous|review|5
0x00479920|CException::~CException|??1CException@@UAE@XZ|public: virtual __thiscall CException::~CException(void)|nafxcw|except.obj|ambiguous|review|16
0x00479ba0|CDocManager::GetFirstDocTemplatePosition|?GetFirstDocTemplatePosition@CDocManager@@UBEPAU__POSITION@@XZ|public: virtual struct __POSITION * __thiscall CDocManager::GetFirstDocTemplatePosition(void) const|nafxcw|docmgr.obj|unique|review|1
0x00479d50|_G__non_rtti_object|??_G__non_rtti_object@@UAEPAXI@Z|public: virtual void * __thiscall __non_rtti_object::`scalar deleting dtor'(unsigned int)|libcmt|rtti.obj|ambiguous|review|5
0x00479ed0|AfxGetAfxWndProc|?AfxGetAfxWndProc@@YGP6GJPAUHWND__@@IIJ@ZXZ|long (__stdcall * __stdcall AfxGetAfxWndProc(void))(struct HWND__*, unsigned int, unsigned int, long)|nafxcw|wincore.obj|ambiguous|review|239
0x00479ef0|AfxGetAppModuleState|?AfxGetAppModuleState@@YGPAVAFX_MODULE_STATE@@XZ|class AFX_MODULE_STATE * __stdcall AfxGetAppModuleState(void)|nafxcw|afxstate.obj|ambiguous|review|4
0x00479fb0|_G__non_rtti_object|??_G__non_rtti_object@@UAEPAXI@Z|public: virtual void * __thiscall __non_rtti_object::`scalar deleting dtor'(unsigned int)|libcmt|rtti.obj|ambiguous|review|5
0x0047d090|_G__non_rtti_object|??_G__non_rtti_object@@UAEPAXI@Z|public: virtual void * __thiscall __non_rtti_object::`scalar deleting dtor'(unsigned int)|libcmt|rtti.obj|ambiguous|review|5
0x0047d1a0|AfxGetAfxWndProc|?AfxGetAfxWndProc@@YGP6GJPAUHWND__@@IIJ@ZXZ|long (__stdcall * __stdcall AfxGetAfxWndProc(void))(struct HWND__*, unsigned int, unsigned int, long)|nafxcw|wincore.obj|ambiguous|review|239
0x0047d250|_G__non_rtti_object|??_G__non_rtti_object@@UAEPAXI@Z|public: virtual void * __thiscall __non_rtti_object::`scalar deleting dtor'(unsigned int)|libcmt|rtti.obj|ambiguous|review|5
0x0047d340|AfxGetAfxWndProc|?AfxGetAfxWndProc@@YGP6GJPAUHWND__@@IIJ@ZXZ|long (__stdcall * __stdcall AfxGetAfxWndProc(void))(struct HWND__*, unsigned int, unsigned int, long)|nafxcw|wincore.obj|ambiguous|review|239
0x0047d3f0|_G__non_rtti_object|??_G__non_rtti_object@@UAEPAXI@Z|public: virtual void * __thiscall __non_rtti_object::`scalar deleting dtor'(unsigned int)|libcmt|rtti.obj|ambiguous|review|5
0x0047d450|AfxGetAfxWndProc|?AfxGetAfxWndProc@@YGP6GJPAUHWND__@@IIJ@ZXZ|long (__stdcall * __stdcall AfxGetAfxWndProc(void))(struct HWND__*, unsigned int, unsigned int, long)|nafxcw|wincore.obj|ambiguous|review|239
0x0047d4b0|_G__non_rtti_object|??_G__non_rtti_object@@UAEPAXI@Z|public: virtual void * __thiscall __non_rtti_object::`scalar deleting dtor'(unsigned int)|libcmt|rtti.obj|ambiguous|review|5
0x0047d520|AfxGetAfxWndProc|?AfxGetAfxWndProc@@YGP6GJPAUHWND__@@IIJ@ZXZ|long (__stdcall * __stdcall AfxGetAfxWndProc(void))(struct HWND__*, unsigned int, unsigned int, long)|nafxcw|wincore.obj|ambiguous|review|239
0x0047d5b0|CDatabase::BindParameters|?BindParameters@CDatabase@@UAEXPAX@Z|public: virtual void __thiscall CDatabase::BindParameters(void *)|nafxcw|dbcore.obj|ambiguous|review|45
0x0047d5d0|AfxGetAfxWndProc|?AfxGetAfxWndProc@@YGP6GJPAUHWND__@@IIJ@ZXZ|long (__stdcall * __stdcall AfxGetAfxWndProc(void))(struct HWND__*, unsigned int, unsigned int, long)|nafxcw|wincore.obj|ambiguous|review|239
0x0047dc40|_G__non_rtti_object|??_G__non_rtti_object@@UAEPAXI@Z|public: virtual void * __thiscall __non_rtti_object::`scalar deleting dtor'(unsigned int)|libcmt|rtti.obj|ambiguous|review|5
0x0047dcc0|AfxGetAfxWndProc|?AfxGetAfxWndProc@@YGP6GJPAUHWND__@@IIJ@ZXZ|long (__stdcall * __stdcall AfxGetAfxWndProc(void))(struct HWND__*, unsigned int, unsigned int, long)|nafxcw|wincore.obj|ambiguous|review|239
0x0047ddf0|AfxGetAfxWndProc|?AfxGetAfxWndProc@@YGP6GJPAUHWND__@@IIJ@ZXZ|long (__stdcall * __stdcall AfxGetAfxWndProc(void))(struct HWND__*, unsigned int, unsigned int, long)|nafxcw|wincore.obj|ambiguous|review|239
0x0047ded0|_G__non_rtti_object|??_G__non_rtti_object@@UAEPAXI@Z|public: virtual void * __thiscall __non_rtti_object::`scalar deleting dtor'(unsigned int)|libcmt|rtti.obj|ambiguous|review|5
0x0047df90|CDatabase::BindParameters|?BindParameters@CDatabase@@UAEXPAX@Z|public: virtual void __thiscall CDatabase::BindParameters(void *)|nafxcw|dbcore.obj|ambiguous|review|45
0x0047dfb0|AfxGetAfxWndProc|?AfxGetAfxWndProc@@YGP6GJPAUHWND__@@IIJ@ZXZ|long (__stdcall * __stdcall AfxGetAfxWndProc(void))(struct HWND__*, unsigned int, unsigned int, long)|nafxcw|wincore.obj|ambiguous|review|239
0x0047e090|_G__non_rtti_object|??_G__non_rtti_object@@UAEPAXI@Z|public: virtual void * __thiscall __non_rtti_object::`scalar deleting dtor'(unsigned int)|libcmt|rtti.obj|ambiguous|review|5
0x0047e100|AfxGetAfxWndProc|?AfxGetAfxWndProc@@YGP6GJPAUHWND__@@IIJ@ZXZ|long (__stdcall * __stdcall AfxGetAfxWndProc(void))(struct HWND__*, unsigned int, unsigned int, long)|nafxcw|wincore.obj|ambiguous|review|239
0x0047e390|_G__non_rtti_object|??_G__non_rtti_object@@UAEPAXI@Z|public: virtual void * __thiscall __non_rtti_object::`scalar deleting dtor'(unsigned int)|libcmt|rtti.obj|ambiguous|review|5
0x0047f2b0|CView::OnActivateFrame|?OnActivateFrame@CView@@MAEXIPAVCFrameWnd@@@Z|protected: virtual void __thiscall CView::OnActivateFrame(unsigned int, class CFrameWnd *)|nafxcw|viewcore.obj|ambiguous|review|10
0x0047f320|CDatabase::BindParameters|?BindParameters@CDatabase@@UAEXPAX@Z|public: virtual void __thiscall CDatabase::BindParameters(void *)|nafxcw|dbcore.obj|ambiguous|review|45
0x0047f340|AfxGetAfxWndProc|?AfxGetAfxWndProc@@YGP6GJPAUHWND__@@IIJ@ZXZ|long (__stdcall * __stdcall AfxGetAfxWndProc(void))(struct HWND__*, unsigned int, unsigned int, long)|nafxcw|wincore.obj|ambiguous|review|239
0x0047f410|CDatabase::BindParameters|?BindParameters@CDatabase@@UAEXPAX@Z|public: virtual void __thiscall CDatabase::BindParameters(void *)|nafxcw|dbcore.obj|ambiguous|review|45
0x0047f430|AfxGetAfxWndProc|?AfxGetAfxWndProc@@YGP6GJPAUHWND__@@IIJ@ZXZ|long (__stdcall * __stdcall AfxGetAfxWndProc(void))(struct HWND__*, unsigned int, unsigned int, long)|nafxcw|wincore.obj|ambiguous|review|239
0x0047f4e0|_G__non_rtti_object|??_G__non_rtti_object@@UAEPAXI@Z|public: virtual void * __thiscall __non_rtti_object::`scalar deleting dtor'(unsigned int)|libcmt|rtti.obj|ambiguous|review|5
0x0047f600|AfxGetAfxWndProc|?AfxGetAfxWndProc@@YGP6GJPAUHWND__@@IIJ@ZXZ|long (__stdcall * __stdcall AfxGetAfxWndProc(void))(struct HWND__*, unsigned int, unsigned int, long)|nafxcw|wincore.obj|ambiguous|review|239
0x0047fd70|COleUILinkInfo::AddRef|?AddRef@COleUILinkInfo@@UAGKXZ|public: virtual unsigned long __stdcall COleUILinkInfo::AddRef(void)|nafxcw|oledlgs1.obj|ambiguous|review|27
0x00480aa0|_G__non_rtti_object|??_G__non_rtti_object@@UAEPAXI@Z|public: virtual void * __thiscall __non_rtti_object::`scalar deleting dtor'(unsigned int)|libcmt|rtti.obj|ambiguous|review|5
0x00480b00|AfxGetAfxWndProc|?AfxGetAfxWndProc@@YGP6GJPAUHWND__@@IIJ@ZXZ|long (__stdcall * __stdcall AfxGetAfxWndProc(void))(struct HWND__*, unsigned int, unsigned int, long)|nafxcw|wincore.obj|ambiguous|review|239
0x00480b20|CByteArray::CByteArray|??0CByteArray@@QAE@XZ|public: __thiscall CByteArray::CByteArray(void)|nafxcw|array_b.obj|ambiguous|review|7
0x00480dd0|_G__non_rtti_object|??_G__non_rtti_object@@UAEPAXI@Z|public: virtual void * __thiscall __non_rtti_object::`scalar deleting dtor'(unsigned int)|libcmt|rtti.obj|ambiguous|review|5
0x00481130|_G__non_rtti_object|??_G__non_rtti_object@@UAEPAXI@Z|public: virtual void * __thiscall __non_rtti_object::`scalar deleting dtor'(unsigned int)|libcmt|rtti.obj|ambiguous|review|5
0x004811e0|CDatabase::BindParameters|?BindParameters@CDatabase@@UAEXPAX@Z|public: virtual void __thiscall CDatabase::BindParameters(void *)|nafxcw|dbcore.obj|ambiguous|review|45
0x00481200|AfxGetAfxWndProc|?AfxGetAfxWndProc@@YGP6GJPAUHWND__@@IIJ@ZXZ|long (__stdcall * __stdcall AfxGetAfxWndProc(void))(struct HWND__*, unsigned int, unsigned int, long)|nafxcw|wincore.obj|ambiguous|review|239
0x00481480|_G__non_rtti_object|??_G__non_rtti_object@@UAEPAXI@Z|public: virtual void * __thiscall __non_rtti_object::`scalar deleting dtor'(unsigned int)|libcmt|rtti.obj|ambiguous|review|5
0x004815d0|AfxGetAfxWndProc|?AfxGetAfxWndProc@@YGP6GJPAUHWND__@@IIJ@ZXZ|long (__stdcall * __stdcall AfxGetAfxWndProc(void))(struct HWND__*, unsigned int, unsigned int, long)|nafxcw|wincore.obj|ambiguous|review|239
0x00481670|CDatabase::BindParameters|?BindParameters@CDatabase@@UAEXPAX@Z|public: virtual void __thiscall CDatabase::BindParameters(void *)|nafxcw|dbcore.obj|ambiguous|review|45
0x00481690|AfxGetAfxWndProc|?AfxGetAfxWndProc@@YGP6GJPAUHWND__@@IIJ@ZXZ|long (__stdcall * __stdcall AfxGetAfxWndProc(void))(struct HWND__*, unsigned int, unsigned int, long)|nafxcw|wincore.obj|ambiguous|review|239
0x00481730|CDatabase::BindParameters|?BindParameters@CDatabase@@UAEXPAX@Z|public: virtual void __thiscall CDatabase::BindParameters(void *)|nafxcw|dbcore.obj|ambiguous|review|45
0x00481750|AfxGetAfxWndProc|?AfxGetAfxWndProc@@YGP6GJPAUHWND__@@IIJ@ZXZ|long (__stdcall * __stdcall AfxGetAfxWndProc(void))(struct HWND__*, unsigned int, unsigned int, long)|nafxcw|wincore.obj|ambiguous|review|239
0x00481800|_G__non_rtti_object|??_G__non_rtti_object@@UAEPAXI@Z|public: virtual void * __thiscall __non_rtti_object::`scalar deleting dtor'(unsigned int)|libcmt|rtti.obj|ambiguous|review|5
0x004818d0|AfxGetAfxWndProc|?AfxGetAfxWndProc@@YGP6GJPAUHWND__@@IIJ@ZXZ|long (__stdcall * __stdcall AfxGetAfxWndProc(void))(struct HWND__*, unsigned int, unsigned int, long)|nafxcw|wincore.obj|ambiguous|review|239
0x00481970|CDatabase::BindParameters|?BindParameters@CDatabase@@UAEXPAX@Z|public: virtual void __thiscall CDatabase::BindParameters(void *)|nafxcw|dbcore.obj|ambiguous|review|45
0x00481990|AfxGetAfxWndProc|?AfxGetAfxWndProc@@YGP6GJPAUHWND__@@IIJ@ZXZ|long (__stdcall * __stdcall AfxGetAfxWndProc(void))(struct HWND__*, unsigned int, unsigned int, long)|nafxcw|wincore.obj|ambiguous|review|239
0x00481a30|CDatabase::BindParameters|?BindParameters@CDatabase@@UAEXPAX@Z|public: virtual void __thiscall CDatabase::BindParameters(void *)|nafxcw|dbcore.obj|ambiguous|review|45
0x00481a50|AfxGetAfxWndProc|?AfxGetAfxWndProc@@YGP6GJPAUHWND__@@IIJ@ZXZ|long (__stdcall * __stdcall AfxGetAfxWndProc(void))(struct HWND__*, unsigned int, unsigned int, long)|nafxcw|wincore.obj|ambiguous|review|239
0x00481af0|CDatabase::BindParameters|?BindParameters@CDatabase@@UAEXPAX@Z|public: virtual void __thiscall CDatabase::BindParameters(void *)|nafxcw|dbcore.obj|ambiguous|review|45
0x00481b10|AfxGetAfxWndProc|?AfxGetAfxWndProc@@YGP6GJPAUHWND__@@IIJ@ZXZ|long (__stdcall * __stdcall AfxGetAfxWndProc(void))(struct HWND__*, unsigned int, unsigned int, long)|nafxcw|wincore.obj|ambiguous|review|239
0x00481bf0|_G__non_rtti_object|??_G__non_rtti_object@@UAEPAXI@Z|public: virtual void * __thiscall __non_rtti_object::`scalar deleting dtor'(unsigned int)|libcmt|rtti.obj|ambiguous|review|5
0x00481ce0|AfxGetAfxWndProc|?AfxGetAfxWndProc@@YGP6GJPAUHWND__@@IIJ@ZXZ|long (__stdcall * __stdcall AfxGetAfxWndProc(void))(struct HWND__*, unsigned int, unsigned int, long)|nafxcw|wincore.obj|ambiguous|review|239
0x00481d80|CDatabase::BindParameters|?BindParameters@CDatabase@@UAEXPAX@Z|public: virtual void __thiscall CDatabase::BindParameters(void *)|nafxcw|dbcore.obj|ambiguous|review|45
0x00481da0|AfxGetAfxWndProc|?AfxGetAfxWndProc@@YGP6GJPAUHWND__@@IIJ@ZXZ|long (__stdcall * __stdcall AfxGetAfxWndProc(void))(struct HWND__*, unsigned int, unsigned int, long)|nafxcw|wincore.obj|ambiguous|review|239
0x00481e80|_G__non_rtti_object|??_G__non_rtti_object@@UAEPAXI@Z|public: virtual void * __thiscall __non_rtti_object::`scalar deleting dtor'(unsigned int)|libcmt|rtti.obj|ambiguous|review|5
0x00481f70|AfxGetAfxWndProc|?AfxGetAfxWndProc@@YGP6GJPAUHWND__@@IIJ@ZXZ|long (__stdcall * __stdcall AfxGetAfxWndProc(void))(struct HWND__*, unsigned int, unsigned int, long)|nafxcw|wincore.obj|ambiguous|review|239
0x00482010|CDatabase::BindParameters|?BindParameters@CDatabase@@UAEXPAX@Z|public: virtual void __thiscall CDatabase::BindParameters(void *)|nafxcw|dbcore.obj|ambiguous|review|45
0x00482030|AfxGetAfxWndProc|?AfxGetAfxWndProc@@YGP6GJPAUHWND__@@IIJ@ZXZ|long (__stdcall * __stdcall AfxGetAfxWndProc(void))(struct HWND__*, unsigned int, unsigned int, long)|nafxcw|wincore.obj|ambiguous|review|239
0x004820e0|_G__non_rtti_object|??_G__non_rtti_object@@UAEPAXI@Z|public: virtual void * __thiscall __non_rtti_object::`scalar deleting dtor'(unsigned int)|libcmt|rtti.obj|ambiguous|review|5
0x004821b0|AfxGetAfxWndProc|?AfxGetAfxWndProc@@YGP6GJPAUHWND__@@IIJ@ZXZ|long (__stdcall * __stdcall AfxGetAfxWndProc(void))(struct HWND__*, unsigned int, unsigned int, long)|nafxcw|wincore.obj|ambiguous|review|239
0x004822e0|CObject::AssertValid|?AssertValid@CObject@@UBEXXZ|public: virtual void __thiscall CObject::AssertValid(void) const|nafxcw|except.obj|ambiguous|review|23
0x00482420|CDatabase::BindParameters|?BindParameters@CDatabase@@UAEXPAX@Z|public: virtual void __thiscall CDatabase::BindParameters(void *)|nafxcw|dbcore.obj|ambiguous|review|45
0x00482440|AfxGetAfxWndProc|?AfxGetAfxWndProc@@YGP6GJPAUHWND__@@IIJ@ZXZ|long (__stdcall * __stdcall AfxGetAfxWndProc(void))(struct HWND__*, unsigned int, unsigned int, long)|nafxcw|wincore.obj|ambiguous|review|239
0x00482930|AfxGetAfxWndProc|?AfxGetAfxWndProc@@YGP6GJPAUHWND__@@IIJ@ZXZ|long (__stdcall * __stdcall AfxGetAfxWndProc(void))(struct HWND__*, unsigned int, unsigned int, long)|nafxcw|wincore.obj|ambiguous|review|239
0x004829c0|_G__non_rtti_object|??_G__non_rtti_object@@UAEPAXI@Z|public: virtual void * __thiscall __non_rtti_object::`scalar deleting dtor'(unsigned int)|libcmt|rtti.obj|ambiguous|review|5
0x004829f0|_G__non_rtti_object|??_G__non_rtti_object@@UAEPAXI@Z|public: virtual void * __thiscall __non_rtti_object::`scalar deleting dtor'(unsigned int)|libcmt|rtti.obj|ambiguous|review|5
0x00482bd0|AfxGetAfxWndProc|?AfxGetAfxWndProc@@YGP6GJPAUHWND__@@IIJ@ZXZ|long (__stdcall * __stdcall AfxGetAfxWndProc(void))(struct HWND__*, unsigned int, unsigned int, long)|nafxcw|wincore.obj|ambiguous|review|239
0x00483ab0|CException::~CException|??1CException@@UAE@XZ|public: virtual __thiscall CException::~CException(void)|nafxcw|except.obj|ambiguous|review|16
0x00483ad0|_G__non_rtti_object|??_G__non_rtti_object@@UAEPAXI@Z|public: virtual void * __thiscall __non_rtti_object::`scalar deleting dtor'(unsigned int)|libcmt|rtti.obj|ambiguous|review|5
0x004847a0|_G__non_rtti_object|??_G__non_rtti_object@@UAEPAXI@Z|public: virtual void * __thiscall __non_rtti_object::`scalar deleting dtor'(unsigned int)|libcmt|rtti.obj|ambiguous|review|5
0x00484970|IUnknown::IUnknown|??0IUnknown@@QAE@XZ|public: __thiscall IUnknown::IUnknown(void)|nafxcw|olemon.obj|ambiguous|review|3
0x00484990|_G__non_rtti_object|??_G__non_rtti_object@@UAEPAXI@Z|public: virtual void * __thiscall __non_rtti_object::`scalar deleting dtor'(unsigned int)|libcmt|rtti.obj|ambiguous|review|5
0x004849c0|CException::~CException|??1CException@@UAE@XZ|public: virtual __thiscall CException::~CException(void)|nafxcw|except.obj|ambiguous|review|16
0x00484bb0|AfxGetAfxWndProc|?AfxGetAfxWndProc@@YGP6GJPAUHWND__@@IIJ@ZXZ|long (__stdcall * __stdcall AfxGetAfxWndProc(void))(struct HWND__*, unsigned int, unsigned int, long)|nafxcw|wincore.obj|ambiguous|review|239
0x00484bd0|AfxGetAfxWndProc|?AfxGetAfxWndProc@@YGP6GJPAUHWND__@@IIJ@ZXZ|long (__stdcall * __stdcall AfxGetAfxWndProc(void))(struct HWND__*, unsigned int, unsigned int, long)|nafxcw|wincore.obj|ambiguous|review|239
0x00485c00|CColorDialog::OnCtlColor|?OnCtlColor@CColorDialog@@IAEPAUHBRUSH__@@PAVCDC@@PAVCWnd@@I@Z|protected: struct HBRUSH__* __thiscall CColorDialog::OnCtlColor(class CDC *, class CWnd *, unsigned int)|nafxcw|dlgclr.obj|ambiguous|review|2
0x00485e20|AfxGetAfxWndProc|?AfxGetAfxWndProc@@YGP6GJPAUHWND__@@IIJ@ZXZ|long (__stdcall * __stdcall AfxGetAfxWndProc(void))(struct HWND__*, unsigned int, unsigned int, long)|nafxcw|wincore.obj|ambiguous|review|239
0x00485e40|AfxGetAppModuleState|?AfxGetAppModuleState@@YGPAVAFX_MODULE_STATE@@XZ|class AFX_MODULE_STATE * __stdcall AfxGetAppModuleState(void)|nafxcw|afxstate.obj|ambiguous|review|4
0x00485f50|CException::~CException|??1CException@@UAE@XZ|public: virtual __thiscall CException::~CException(void)|nafxcw|except.obj|ambiguous|review|16
0x00485f70|CDatabase::BindParameters|?BindParameters@CDatabase@@UAEXPAX@Z|public: virtual void __thiscall CDatabase::BindParameters(void *)|nafxcw|dbcore.obj|ambiguous|review|45
0x00485f90|CDatabase::BindParameters|?BindParameters@CDatabase@@UAEXPAX@Z|public: virtual void __thiscall CDatabase::BindParameters(void *)|nafxcw|dbcore.obj|ambiguous|review|45
0x00486030|AfxGetAfxWndProc|?AfxGetAfxWndProc@@YGP6GJPAUHWND__@@IIJ@ZXZ|long (__stdcall * __stdcall AfxGetAfxWndProc(void))(struct HWND__*, unsigned int, unsigned int, long)|nafxcw|wincore.obj|ambiguous|review|239
0x00486300|CDatabase::BindParameters|?BindParameters@CDatabase@@UAEXPAX@Z|public: virtual void __thiscall CDatabase::BindParameters(void *)|nafxcw|dbcore.obj|ambiguous|review|45
0x00486350|_G__non_rtti_object|??_G__non_rtti_object@@UAEPAXI@Z|public: virtual void * __thiscall __non_rtti_object::`scalar deleting dtor'(unsigned int)|libcmt|rtti.obj|ambiguous|review|5
0x00486380|CException::~CException|??1CException@@UAE@XZ|public: virtual __thiscall CException::~CException(void)|nafxcw|except.obj|ambiguous|review|16
0x004863a0|AfxGetAfxWndProc|?AfxGetAfxWndProc@@YGP6GJPAUHWND__@@IIJ@ZXZ|long (__stdcall * __stdcall AfxGetAfxWndProc(void))(struct HWND__*, unsigned int, unsigned int, long)|nafxcw|wincore.obj|ambiguous|review|239
0x004863f0|_G__non_rtti_object|??_G__non_rtti_object@@UAEPAXI@Z|public: virtual void * __thiscall __non_rtti_object::`scalar deleting dtor'(unsigned int)|libcmt|rtti.obj|ambiguous|review|5
0x00486420|CException::~CException|??1CException@@UAE@XZ|public: virtual __thiscall CException::~CException(void)|nafxcw|except.obj|ambiguous|review|16
0x00486440|AfxGetAfxWndProc|?AfxGetAfxWndProc@@YGP6GJPAUHWND__@@IIJ@ZXZ|long (__stdcall * __stdcall AfxGetAfxWndProc(void))(struct HWND__*, unsigned int, unsigned int, long)|nafxcw|wincore.obj|ambiguous|review|239
0x00486530|CView::OnActivateFrame|?OnActivateFrame@CView@@MAEXIPAVCFrameWnd@@@Z|protected: virtual void __thiscall CView::OnActivateFrame(unsigned int, class CFrameWnd *)|nafxcw|viewcore.obj|ambiguous|review|10
0x00486550|CView::OnActivateFrame|?OnActivateFrame@CView@@MAEXIPAVCFrameWnd@@@Z|protected: virtual void __thiscall CView::OnActivateFrame(unsigned int, class CFrameWnd *)|nafxcw|viewcore.obj|ambiguous|review|10
0x004865e0|_G__non_rtti_object|??_G__non_rtti_object@@UAEPAXI@Z|public: virtual void * __thiscall __non_rtti_object::`scalar deleting dtor'(unsigned int)|libcmt|rtti.obj|ambiguous|review|5
0x00486610|CException::~CException|??1CException@@UAE@XZ|public: virtual __thiscall CException::~CException(void)|nafxcw|except.obj|ambiguous|review|16
0x00486630|AfxGetAfxWndProc|?AfxGetAfxWndProc@@YGP6GJPAUHWND__@@IIJ@ZXZ|long (__stdcall * __stdcall AfxGetAfxWndProc(void))(struct HWND__*, unsigned int, unsigned int, long)|nafxcw|wincore.obj|ambiguous|review|239
0x00486740|AfxGetAfxWndProc|?AfxGetAfxWndProc@@YGP6GJPAUHWND__@@IIJ@ZXZ|long (__stdcall * __stdcall AfxGetAfxWndProc(void))(struct HWND__*, unsigned int, unsigned int, long)|nafxcw|wincore.obj|ambiguous|review|239
0x004867b0|_G__non_rtti_object|??_G__non_rtti_object@@UAEPAXI@Z|public: virtual void * __thiscall __non_rtti_object::`scalar deleting dtor'(unsigned int)|libcmt|rtti.obj|ambiguous|review|5
0x00486990|CFileDialog::OnLBSelChangedNotify|?OnLBSelChangedNotify@CFileDialog@@MAEXIII@Z|protected: virtual void __thiscall CFileDialog::OnLBSelChangedNotify(unsigned int, unsigned int, unsigned int)|nafxcw|dlgfile.obj|ambiguous|review|2
0x00486f60|_G__non_rtti_object|??_G__non_rtti_object@@UAEPAXI@Z|public: virtual void * __thiscall __non_rtti_object::`scalar deleting dtor'(unsigned int)|libcmt|rtti.obj|ambiguous|review|5
0x004871c0|AfxGetAfxWndProc|?AfxGetAfxWndProc@@YGP6GJPAUHWND__@@IIJ@ZXZ|long (__stdcall * __stdcall AfxGetAfxWndProc(void))(struct HWND__*, unsigned int, unsigned int, long)|nafxcw|wincore.obj|ambiguous|review|239
0x00487210|_G__non_rtti_object|??_G__non_rtti_object@@UAEPAXI@Z|public: virtual void * __thiscall __non_rtti_object::`scalar deleting dtor'(unsigned int)|libcmt|rtti.obj|ambiguous|review|5
0x00487240|CException::~CException|??1CException@@UAE@XZ|public: virtual __thiscall CException::~CException(void)|nafxcw|except.obj|ambiguous|review|16
0x00487280|CDC::SetAttribDC|?SetAttribDC@CDC@@UAEXPAUHDC__@@@Z|public: virtual void __thiscall CDC::SetAttribDC(struct HDC__*)|nafxcw|wingdi.obj|duplicate-body|review|1
0x004872e0|CDatabase::BindParameters|?BindParameters@CDatabase@@UAEXPAX@Z|public: virtual void __thiscall CDatabase::BindParameters(void *)|nafxcw|dbcore.obj|ambiguous|review|45
0x00487350|AfxGetAfxWndProc|?AfxGetAfxWndProc@@YGP6GJPAUHWND__@@IIJ@ZXZ|long (__stdcall * __stdcall AfxGetAfxWndProc(void))(struct HWND__*, unsigned int, unsigned int, long)|nafxcw|wincore.obj|ambiguous|review|239
0x004873b0|_G__non_rtti_object|??_G__non_rtti_object@@UAEPAXI@Z|public: virtual void * __thiscall __non_rtti_object::`scalar deleting dtor'(unsigned int)|libcmt|rtti.obj|ambiguous|review|5
0x004873e0|CException::~CException|??1CException@@UAE@XZ|public: virtual __thiscall CException::~CException(void)|nafxcw|except.obj|ambiguous|review|16
0x00487800|AfxGetAfxWndProc|?AfxGetAfxWndProc@@YGP6GJPAUHWND__@@IIJ@ZXZ|long (__stdcall * __stdcall AfxGetAfxWndProc(void))(struct HWND__*, unsigned int, unsigned int, long)|nafxcw|wincore.obj|ambiguous|review|239
0x00487850|_G__non_rtti_object|??_G__non_rtti_object@@UAEPAXI@Z|public: virtual void * __thiscall __non_rtti_object::`scalar deleting dtor'(unsigned int)|libcmt|rtti.obj|ambiguous|review|5
0x00487880|CException::~CException|??1CException@@UAE@XZ|public: virtual __thiscall CException::~CException(void)|nafxcw|except.obj|ambiguous|review|16
0x004878e0|CFindReplaceDialog::PostNcDestroy|?PostNcDestroy@CFindReplaceDialog@@MAEXXZ|protected: virtual void __thiscall CFindReplaceDialog::PostNcDestroy(void)|nafxcw|dlgfr.obj|ambiguous|review|3
0x00487a00|CObject::AssertValid|?AssertValid@CObject@@UBEXXZ|public: virtual void __thiscall CObject::AssertValid(void) const|nafxcw|except.obj|ambiguous|review|23
0x00487b10|AfxGetAfxWndProc|?AfxGetAfxWndProc@@YGP6GJPAUHWND__@@IIJ@ZXZ|long (__stdcall * __stdcall AfxGetAfxWndProc(void))(struct HWND__*, unsigned int, unsigned int, long)|nafxcw|wincore.obj|ambiguous|review|239
0x00487ed0|AfxGetAfxWndProc|?AfxGetAfxWndProc@@YGP6GJPAUHWND__@@IIJ@ZXZ|long (__stdcall * __stdcall AfxGetAfxWndProc(void))(struct HWND__*, unsigned int, unsigned int, long)|nafxcw|wincore.obj|ambiguous|review|239
0x00487f70|CDatabase::BindParameters|?BindParameters@CDatabase@@UAEXPAX@Z|public: virtual void __thiscall CDatabase::BindParameters(void *)|nafxcw|dbcore.obj|ambiguous|review|45
0x00487f90|CDatabase::BindParameters|?BindParameters@CDatabase@@UAEXPAX@Z|public: virtual void __thiscall CDatabase::BindParameters(void *)|nafxcw|dbcore.obj|ambiguous|review|45
0x00488140|CFindReplaceDialog::PostNcDestroy|?PostNcDestroy@CFindReplaceDialog@@MAEXXZ|protected: virtual void __thiscall CFindReplaceDialog::PostNcDestroy(void)|nafxcw|dlgfr.obj|ambiguous|review|3
0x00488390|_G__non_rtti_object|??_G__non_rtti_object@@UAEPAXI@Z|public: virtual void * __thiscall __non_rtti_object::`scalar deleting dtor'(unsigned int)|libcmt|rtti.obj|ambiguous|review|5
0x004883e0|AfxGetAfxWndProc|?AfxGetAfxWndProc@@YGP6GJPAUHWND__@@IIJ@ZXZ|long (__stdcall * __stdcall AfxGetAfxWndProc(void))(struct HWND__*, unsigned int, unsigned int, long)|nafxcw|wincore.obj|ambiguous|review|239
0x004884c0|_G__non_rtti_object|??_G__non_rtti_object@@UAEPAXI@Z|public: virtual void * __thiscall __non_rtti_object::`scalar deleting dtor'(unsigned int)|libcmt|rtti.obj|ambiguous|review|5
0x00488510|AfxGetAfxWndProc|?AfxGetAfxWndProc@@YGP6GJPAUHWND__@@IIJ@ZXZ|long (__stdcall * __stdcall AfxGetAfxWndProc(void))(struct HWND__*, unsigned int, unsigned int, long)|nafxcw|wincore.obj|ambiguous|review|239
0x004886d0|COleStreamFile::GetStream|?GetStream@COleStreamFile@@QBEPAUIStream@@XZ|public: struct IStream * __thiscall COleStreamFile::GetStream(void) const|nafxcw|olestrm.obj|unique|review|1
0x00488790|CFindReplaceDialog::PostNcDestroy|?PostNcDestroy@CFindReplaceDialog@@MAEXXZ|protected: virtual void __thiscall CFindReplaceDialog::PostNcDestroy(void)|nafxcw|dlgfr.obj|ambiguous|review|3
0x00488800|CDatabase::BindParameters|?BindParameters@CDatabase@@UAEXPAX@Z|public: virtual void __thiscall CDatabase::BindParameters(void *)|nafxcw|dbcore.obj|ambiguous|review|45
0x00488820|CDatabase::BindParameters|?BindParameters@CDatabase@@UAEXPAX@Z|public: virtual void __thiscall CDatabase::BindParameters(void *)|nafxcw|dbcore.obj|ambiguous|review|45
0x00488870|_G__non_rtti_object|??_G__non_rtti_object@@UAEPAXI@Z|public: virtual void * __thiscall __non_rtti_object::`scalar deleting dtor'(unsigned int)|libcmt|rtti.obj|ambiguous|review|5
0x004888f0|_G__non_rtti_object|??_G__non_rtti_object@@UAEPAXI@Z|public: virtual void * __thiscall __non_rtti_object::`scalar deleting dtor'(unsigned int)|libcmt|rtti.obj|ambiguous|review|5
0x004889d0|AfxGetAfxWndProc|?AfxGetAfxWndProc@@YGP6GJPAUHWND__@@IIJ@ZXZ|long (__stdcall * __stdcall AfxGetAfxWndProc(void))(struct HWND__*, unsigned int, unsigned int, long)|nafxcw|wincore.obj|ambiguous|review|239
0x00488a10|_G__non_rtti_object|??_G__non_rtti_object@@UAEPAXI@Z|public: virtual void * __thiscall __non_rtti_object::`scalar deleting dtor'(unsigned int)|libcmt|rtti.obj|ambiguous|review|5
0x00488a40|CException::~CException|??1CException@@UAE@XZ|public: virtual __thiscall CException::~CException(void)|nafxcw|except.obj|ambiguous|review|16
0x00488ab0|CFindReplaceDialog::PostNcDestroy|?PostNcDestroy@CFindReplaceDialog@@MAEXXZ|protected: virtual void __thiscall CFindReplaceDialog::PostNcDestroy(void)|nafxcw|dlgfr.obj|ambiguous|review|3
0x00488ad0|COleDocument::GetContainer|?GetContainer@COleDocument@@UAEPAUIOleItemContainer@@XZ|public: virtual struct IOleItemContainer * __thiscall COleDocument::GetContainer(void)|nafxcw|oledoc1.obj|ambiguous|review|21
0x00488af0|COleDocument::GetContainer|?GetContainer@COleDocument@@UAEPAUIOleItemContainer@@XZ|public: virtual struct IOleItemContainer * __thiscall COleDocument::GetContainer(void)|nafxcw|oledoc1.obj|ambiguous|review|21
0x00488b40|CView::OnActivateFrame|?OnActivateFrame@CView@@MAEXIPAVCFrameWnd@@@Z|protected: virtual void __thiscall CView::OnActivateFrame(unsigned int, class CFrameWnd *)|nafxcw|viewcore.obj|ambiguous|review|10
0x00488e30|CDatabase::BindParameters|?BindParameters@CDatabase@@UAEXPAX@Z|public: virtual void __thiscall CDatabase::BindParameters(void *)|nafxcw|dbcore.obj|ambiguous|review|45
0x00488e50|CDatabase::BindParameters|?BindParameters@CDatabase@@UAEXPAX@Z|public: virtual void __thiscall CDatabase::BindParameters(void *)|nafxcw|dbcore.obj|ambiguous|review|45
0x00488e70|CView::OnActivateFrame|?OnActivateFrame@CView@@MAEXIPAVCFrameWnd@@@Z|protected: virtual void __thiscall CView::OnActivateFrame(unsigned int, class CFrameWnd *)|nafxcw|viewcore.obj|ambiguous|review|10
0x004890f0|AfxGetAfxWndProc|?AfxGetAfxWndProc@@YGP6GJPAUHWND__@@IIJ@ZXZ|long (__stdcall * __stdcall AfxGetAfxWndProc(void))(struct HWND__*, unsigned int, unsigned int, long)|nafxcw|wincore.obj|ambiguous|review|239
0x00489110|DNameNode::DNameNode|??0DNameNode@@IAE@XZ|protected: __thiscall DNameNode::DNameNode(void)|libcmt|undname.obj|duplicate-body|review|1
0x00489130|_G__non_rtti_object|??_G__non_rtti_object@@UAEPAXI@Z|public: virtual void * __thiscall __non_rtti_object::`scalar deleting dtor'(unsigned int)|libcmt|rtti.obj|ambiguous|review|5
0x00489160|CDC::SetOutputDC|?SetOutputDC@CDC@@UAEXPAUHDC__@@@Z|public: virtual void __thiscall CDC::SetOutputDC(struct HDC__*)|nafxcw|wingdi.obj|ambiguous|review|2
0x004893f0|AfxGetAfxWndProc|?AfxGetAfxWndProc@@YGP6GJPAUHWND__@@IIJ@ZXZ|long (__stdcall * __stdcall AfxGetAfxWndProc(void))(struct HWND__*, unsigned int, unsigned int, long)|nafxcw|wincore.obj|ambiguous|review|239
0x00489410|exception::exception|??0exception@@QAE@XZ|public: __thiscall exception::exception(void)|libcmt|stdexcpt.obj|unique|high|1
0x00489440|_G__non_rtti_object|??_G__non_rtti_object@@UAEPAXI@Z|public: virtual void * __thiscall __non_rtti_object::`scalar deleting dtor'(unsigned int)|libcmt|rtti.obj|ambiguous|review|5
0x00489470|CException::~CException|??1CException@@UAE@XZ|public: virtual __thiscall CException::~CException(void)|nafxcw|except.obj|ambiguous|review|16
0x00489490|CObject::AssertValid|?AssertValid@CObject@@UBEXXZ|public: virtual void __thiscall CObject::AssertValid(void) const|nafxcw|except.obj|ambiguous|review|23
0x00489500|CDocManager::GetFirstDocTemplatePosition|?GetFirstDocTemplatePosition@CDocManager@@UBEPAU__POSITION@@XZ|public: virtual struct __POSITION * __thiscall CDocManager::GetFirstDocTemplatePosition(void) const|nafxcw|docmgr.obj|unique|review|1
0x004895c0|AfxGetAfxWndProc|?AfxGetAfxWndProc@@YGP6GJPAUHWND__@@IIJ@ZXZ|long (__stdcall * __stdcall AfxGetAfxWndProc(void))(struct HWND__*, unsigned int, unsigned int, long)|nafxcw|wincore.obj|ambiguous|review|239
0x00489610|_G__non_rtti_object|??_G__non_rtti_object@@UAEPAXI@Z|public: virtual void * __thiscall __non_rtti_object::`scalar deleting dtor'(unsigned int)|libcmt|rtti.obj|ambiguous|review|5
0x00489640|CException::~CException|??1CException@@UAE@XZ|public: virtual __thiscall CException::~CException(void)|nafxcw|except.obj|ambiguous|review|16
0x004896e0|CDocManager::GetFirstDocTemplatePosition|?GetFirstDocTemplatePosition@CDocManager@@UBEPAU__POSITION@@XZ|public: virtual struct __POSITION * __thiscall CDocManager::GetFirstDocTemplatePosition(void) const|nafxcw|docmgr.obj|unique|review|1
0x00489700|DNameStatusNode::length|?length@DNameStatusNode@@UBEHXZ|public: virtual int __thiscall DNameStatusNode::length(void) const|libcmt|undname.obj|ambiguous|review|2
0x00489740|CDC::SetAttribDC|?SetAttribDC@CDC@@UAEXPAUHDC__@@@Z|public: virtual void __thiscall CDC::SetAttribDC(struct HDC__*)|nafxcw|wingdi.obj|duplicate-body|review|1
0x004899a0|CView::OnActivateFrame|?OnActivateFrame@CView@@MAEXIPAVCFrameWnd@@@Z|protected: virtual void __thiscall CView::OnActivateFrame(unsigned int, class CFrameWnd *)|nafxcw|viewcore.obj|ambiguous|review|10
0x00489a50|__set_inconsistency|?__set_inconsistency@@YAP6AXXZP6AXXZ@Z|void (__cdecl * __cdecl __set_inconsistency(void (__cdecl *)(void)))(void)|libcmt|user.obj|ambiguous|review|2
0x00489a70|_query_new_handler|?_query_new_handler@@YAP6AHI@ZXZ|int (__cdecl * __cdecl _query_new_handler(void))(unsigned int)|libcmt|handler.obj|ambiguous|review|6
0x00489ee0|AfxGetAfxWndProc|?AfxGetAfxWndProc@@YGP6GJPAUHWND__@@IIJ@ZXZ|long (__stdcall * __stdcall AfxGetAfxWndProc(void))(struct HWND__*, unsigned int, unsigned int, long)|nafxcw|wincore.obj|ambiguous|review|239
0x00489f40|AfxGetAfxWndProc|?AfxGetAfxWndProc@@YGP6GJPAUHWND__@@IIJ@ZXZ|long (__stdcall * __stdcall AfxGetAfxWndProc(void))(struct HWND__*, unsigned int, unsigned int, long)|nafxcw|wincore.obj|ambiguous|review|239
0x0048a0e0|AfxGetAfxWndProc|?AfxGetAfxWndProc@@YGP6GJPAUHWND__@@IIJ@ZXZ|long (__stdcall * __stdcall AfxGetAfxWndProc(void))(struct HWND__*, unsigned int, unsigned int, long)|nafxcw|wincore.obj|ambiguous|review|239
0x0048a130|_G__non_rtti_object|??_G__non_rtti_object@@UAEPAXI@Z|public: virtual void * __thiscall __non_rtti_object::`scalar deleting dtor'(unsigned int)|libcmt|rtti.obj|ambiguous|review|5
0x0048a160|CException::~CException|??1CException@@UAE@XZ|public: virtual __thiscall CException::~CException(void)|nafxcw|except.obj|ambiguous|review|16
0x0048a2c0|DNameStatusNode::length|?length@DNameStatusNode@@UBEHXZ|public: virtual int __thiscall DNameStatusNode::length(void) const|libcmt|undname.obj|ambiguous|review|2
0x0048a550|COleDocument::GetContainer|?GetContainer@COleDocument@@UAEPAUIOleItemContainer@@XZ|public: virtual struct IOleItemContainer * __thiscall COleDocument::GetContainer(void)|nafxcw|oledoc1.obj|ambiguous|review|21
0x0048a650|CObject::AssertValid|?AssertValid@CObject@@UBEXXZ|public: virtual void __thiscall CObject::AssertValid(void) const|nafxcw|except.obj|ambiguous|review|23
0x0048a690|CObject::AssertValid|?AssertValid@CObject@@UBEXXZ|public: virtual void __thiscall CObject::AssertValid(void) const|nafxcw|except.obj|ambiguous|review|23
0x0048a6b0|CDatabase::BindParameters|?BindParameters@CDatabase@@UAEXPAX@Z|public: virtual void __thiscall CDatabase::BindParameters(void *)|nafxcw|dbcore.obj|ambiguous|review|45
0x0048a710|CDatabase::BindParameters|?BindParameters@CDatabase@@UAEXPAX@Z|public: virtual void __thiscall CDatabase::BindParameters(void *)|nafxcw|dbcore.obj|ambiguous|review|45
0x0048a730|COleDocument::GetContainer|?GetContainer@COleDocument@@UAEPAUIOleItemContainer@@XZ|public: virtual struct IOleItemContainer * __thiscall COleDocument::GetContainer(void)|nafxcw|oledoc1.obj|ambiguous|review|21
0x0048a8c0|AfxGetAfxWndProc|?AfxGetAfxWndProc@@YGP6GJPAUHWND__@@IIJ@ZXZ|long (__stdcall * __stdcall AfxGetAfxWndProc(void))(struct HWND__*, unsigned int, unsigned int, long)|nafxcw|wincore.obj|ambiguous|review|239
0x0048a9a0|_G__non_rtti_object|??_G__non_rtti_object@@UAEPAXI@Z|public: virtual void * __thiscall __non_rtti_object::`scalar deleting dtor'(unsigned int)|libcmt|rtti.obj|ambiguous|review|5
0x0048ab70|CDatabase::BindParameters|?BindParameters@CDatabase@@UAEXPAX@Z|public: virtual void __thiscall CDatabase::BindParameters(void *)|nafxcw|dbcore.obj|ambiguous|review|45
0x0048abc0|CObject::AssertValid|?AssertValid@CObject@@UBEXXZ|public: virtual void __thiscall CObject::AssertValid(void) const|nafxcw|except.obj|ambiguous|review|23
0x0048ada0|_G__non_rtti_object|??_G__non_rtti_object@@UAEPAXI@Z|public: virtual void * __thiscall __non_rtti_object::`scalar deleting dtor'(unsigned int)|libcmt|rtti.obj|ambiguous|review|5
0x0048c1c0|CView::OnActivateFrame|?OnActivateFrame@CView@@MAEXIPAVCFrameWnd@@@Z|protected: virtual void __thiscall CView::OnActivateFrame(unsigned int, class CFrameWnd *)|nafxcw|viewcore.obj|ambiguous|review|10
0x0048c9e0|CDatabase::BindParameters|?BindParameters@CDatabase@@UAEXPAX@Z|public: virtual void __thiscall CDatabase::BindParameters(void *)|nafxcw|dbcore.obj|ambiguous|review|45
0x0048ca00|CDatabase::BindParameters|?BindParameters@CDatabase@@UAEXPAX@Z|public: virtual void __thiscall CDatabase::BindParameters(void *)|nafxcw|dbcore.obj|ambiguous|review|45
0x0048ca20|CDatabase::BindParameters|?BindParameters@CDatabase@@UAEXPAX@Z|public: virtual void __thiscall CDatabase::BindParameters(void *)|nafxcw|dbcore.obj|ambiguous|review|45
0x0048ca40|CView::OnActivateFrame|?OnActivateFrame@CView@@MAEXIPAVCFrameWnd@@@Z|protected: virtual void __thiscall CView::OnActivateFrame(unsigned int, class CFrameWnd *)|nafxcw|viewcore.obj|ambiguous|review|10
0x0048cad0|_G__non_rtti_object|??_G__non_rtti_object@@UAEPAXI@Z|public: virtual void * __thiscall __non_rtti_object::`scalar deleting dtor'(unsigned int)|libcmt|rtti.obj|ambiguous|review|5
0x0048cb90|AfxGetAfxWndProc|?AfxGetAfxWndProc@@YGP6GJPAUHWND__@@IIJ@ZXZ|long (__stdcall * __stdcall AfxGetAfxWndProc(void))(struct HWND__*, unsigned int, unsigned int, long)|nafxcw|wincore.obj|ambiguous|review|239
0x0048cd50|AfxGetAfxWndProc|?AfxGetAfxWndProc@@YGP6GJPAUHWND__@@IIJ@ZXZ|long (__stdcall * __stdcall AfxGetAfxWndProc(void))(struct HWND__*, unsigned int, unsigned int, long)|nafxcw|wincore.obj|ambiguous|review|239
0x0048ce40|_G__non_rtti_object|??_G__non_rtti_object@@UAEPAXI@Z|public: virtual void * __thiscall __non_rtti_object::`scalar deleting dtor'(unsigned int)|libcmt|rtti.obj|ambiguous|review|5
0x0048d220|AfxGetAfxWndProc|?AfxGetAfxWndProc@@YGP6GJPAUHWND__@@IIJ@ZXZ|long (__stdcall * __stdcall AfxGetAfxWndProc(void))(struct HWND__*, unsigned int, unsigned int, long)|nafxcw|wincore.obj|ambiguous|review|239
0x0048d640|_G__non_rtti_object|??_G__non_rtti_object@@UAEPAXI@Z|public: virtual void * __thiscall __non_rtti_object::`scalar deleting dtor'(unsigned int)|libcmt|rtti.obj|ambiguous|review|5
0x0048e500|AfxGetAfxWndProc|?AfxGetAfxWndProc@@YGP6GJPAUHWND__@@IIJ@ZXZ|long (__stdcall * __stdcall AfxGetAfxWndProc(void))(struct HWND__*, unsigned int, unsigned int, long)|nafxcw|wincore.obj|ambiguous|review|239
0x0048e590|_G__non_rtti_object|??_G__non_rtti_object@@UAEPAXI@Z|public: virtual void * __thiscall __non_rtti_object::`scalar deleting dtor'(unsigned int)|libcmt|rtti.obj|ambiguous|review|5
0x0048e9c0|CView::OnActivateFrame|?OnActivateFrame@CView@@MAEXIPAVCFrameWnd@@@Z|protected: virtual void __thiscall CView::OnActivateFrame(unsigned int, class CFrameWnd *)|nafxcw|viewcore.obj|ambiguous|review|10
0x0048e9e0|CDatabase::BindParameters|?BindParameters@CDatabase@@UAEXPAX@Z|public: virtual void __thiscall CDatabase::BindParameters(void *)|nafxcw|dbcore.obj|ambiguous|review|45
0x0048eaf0|AfxGetAfxWndProc|?AfxGetAfxWndProc@@YGP6GJPAUHWND__@@IIJ@ZXZ|long (__stdcall * __stdcall AfxGetAfxWndProc(void))(struct HWND__*, unsigned int, unsigned int, long)|nafxcw|wincore.obj|ambiguous|review|239
0x0048ec00|_G__non_rtti_object|??_G__non_rtti_object@@UAEPAXI@Z|public: virtual void * __thiscall __non_rtti_object::`scalar deleting dtor'(unsigned int)|libcmt|rtti.obj|ambiguous|review|5
0x0048ecc0|AfxGetAfxWndProc|?AfxGetAfxWndProc@@YGP6GJPAUHWND__@@IIJ@ZXZ|long (__stdcall * __stdcall AfxGetAfxWndProc(void))(struct HWND__*, unsigned int, unsigned int, long)|nafxcw|wincore.obj|ambiguous|review|239
0x0048edd0|_G__non_rtti_object|??_G__non_rtti_object@@UAEPAXI@Z|public: virtual void * __thiscall __non_rtti_object::`scalar deleting dtor'(unsigned int)|libcmt|rtti.obj|ambiguous|review|5
0x0048ee90|AfxGetAfxWndProc|?AfxGetAfxWndProc@@YGP6GJPAUHWND__@@IIJ@ZXZ|long (__stdcall * __stdcall AfxGetAfxWndProc(void))(struct HWND__*, unsigned int, unsigned int, long)|nafxcw|wincore.obj|ambiguous|review|239
0x0048efa0|AfxGetAfxWndProc|?AfxGetAfxWndProc@@YGP6GJPAUHWND__@@IIJ@ZXZ|long (__stdcall * __stdcall AfxGetAfxWndProc(void))(struct HWND__*, unsigned int, unsigned int, long)|nafxcw|wincore.obj|ambiguous|review|239
0x0048f050|_G__non_rtti_object|??_G__non_rtti_object@@UAEPAXI@Z|public: virtual void * __thiscall __non_rtti_object::`scalar deleting dtor'(unsigned int)|libcmt|rtti.obj|ambiguous|review|5
0x0048f870|AfxGetAfxWndProc|?AfxGetAfxWndProc@@YGP6GJPAUHWND__@@IIJ@ZXZ|long (__stdcall * __stdcall AfxGetAfxWndProc(void))(struct HWND__*, unsigned int, unsigned int, long)|nafxcw|wincore.obj|ambiguous|review|239
0x0048f9a0|_G__non_rtti_object|??_G__non_rtti_object@@UAEPAXI@Z|public: virtual void * __thiscall __non_rtti_object::`scalar deleting dtor'(unsigned int)|libcmt|rtti.obj|ambiguous|review|5
0x00490380|AfxGetAfxWndProc|?AfxGetAfxWndProc@@YGP6GJPAUHWND__@@IIJ@ZXZ|long (__stdcall * __stdcall AfxGetAfxWndProc(void))(struct HWND__*, unsigned int, unsigned int, long)|nafxcw|wincore.obj|ambiguous|review|239
0x00491040|AfxGetAfxWndProc|?AfxGetAfxWndProc@@YGP6GJPAUHWND__@@IIJ@ZXZ|long (__stdcall * __stdcall AfxGetAfxWndProc(void))(struct HWND__*, unsigned int, unsigned int, long)|nafxcw|wincore.obj|ambiguous|review|239
0x004913e0|AfxGetAfxWndProc|?AfxGetAfxWndProc@@YGP6GJPAUHWND__@@IIJ@ZXZ|long (__stdcall * __stdcall AfxGetAfxWndProc(void))(struct HWND__*, unsigned int, unsigned int, long)|nafxcw|wincore.obj|ambiguous|review|239
0x00491480|_G__non_rtti_object|??_G__non_rtti_object@@UAEPAXI@Z|public: virtual void * __thiscall __non_rtti_object::`scalar deleting dtor'(unsigned int)|libcmt|rtti.obj|ambiguous|review|5
0x00491b10|_G__non_rtti_object|??_G__non_rtti_object@@UAEPAXI@Z|public: virtual void * __thiscall __non_rtti_object::`scalar deleting dtor'(unsigned int)|libcmt|rtti.obj|ambiguous|review|5
0x00491f90|AfxGetAfxWndProc|?AfxGetAfxWndProc@@YGP6GJPAUHWND__@@IIJ@ZXZ|long (__stdcall * __stdcall AfxGetAfxWndProc(void))(struct HWND__*, unsigned int, unsigned int, long)|nafxcw|wincore.obj|ambiguous|review|239
0x00492110|_G__non_rtti_object|??_G__non_rtti_object@@UAEPAXI@Z|public: virtual void * __thiscall __non_rtti_object::`scalar deleting dtor'(unsigned int)|libcmt|rtti.obj|ambiguous|review|5
0x00492310|AfxGetAfxWndProc|?AfxGetAfxWndProc@@YGP6GJPAUHWND__@@IIJ@ZXZ|long (__stdcall * __stdcall AfxGetAfxWndProc(void))(struct HWND__*, unsigned int, unsigned int, long)|nafxcw|wincore.obj|ambiguous|review|239
0x00492510|CObList::CObList|??0CObList@@QAE@H@Z|public: __thiscall CObList::CObList(int)|nafxcw|list_o.obj|ambiguous|review|3
0x00492950|_G__non_rtti_object|??_G__non_rtti_object@@UAEPAXI@Z|public: virtual void * __thiscall __non_rtti_object::`scalar deleting dtor'(unsigned int)|libcmt|rtti.obj|ambiguous|review|5
0x00492980|_G__non_rtti_object|??_G__non_rtti_object@@UAEPAXI@Z|public: virtual void * __thiscall __non_rtti_object::`scalar deleting dtor'(unsigned int)|libcmt|rtti.obj|ambiguous|review|5
0x00492c70|_G__non_rtti_object|??_G__non_rtti_object@@UAEPAXI@Z|public: virtual void * __thiscall __non_rtti_object::`scalar deleting dtor'(unsigned int)|libcmt|rtti.obj|ambiguous|review|5
0x00492ca0|CException::~CException|??1CException@@UAE@XZ|public: virtual __thiscall CException::~CException(void)|nafxcw|except.obj|ambiguous|review|16
0x00492cc0|CFrameWnd::GetActiveFrame|?GetActiveFrame@CFrameWnd@@UAEPAV1@XZ|public: virtual class CFrameWnd * __thiscall CFrameWnd::GetActiveFrame(void)|nafxcw|winfrm.obj|unique|review|1
0x00492ce0|CFrameWnd::GetActiveFrame|?GetActiveFrame@CFrameWnd@@UAEPAV1@XZ|public: virtual class CFrameWnd * __thiscall CFrameWnd::GetActiveFrame(void)|nafxcw|winfrm.obj|unique|review|1
0x00492d00|CDatabase::BindParameters|?BindParameters@CDatabase@@UAEXPAX@Z|public: virtual void __thiscall CDatabase::BindParameters(void *)|nafxcw|dbcore.obj|ambiguous|review|45
0x00492d20|CDatabase::BindParameters|?BindParameters@CDatabase@@UAEXPAX@Z|public: virtual void __thiscall CDatabase::BindParameters(void *)|nafxcw|dbcore.obj|ambiguous|review|45
0x00492d40|CDatabase::BindParameters|?BindParameters@CDatabase@@UAEXPAX@Z|public: virtual void __thiscall CDatabase::BindParameters(void *)|nafxcw|dbcore.obj|ambiguous|review|45
0x00492d60|CDatabase::BindParameters|?BindParameters@CDatabase@@UAEXPAX@Z|public: virtual void __thiscall CDatabase::BindParameters(void *)|nafxcw|dbcore.obj|ambiguous|review|45
0x00492de0|_G__non_rtti_object|??_G__non_rtti_object@@UAEPAXI@Z|public: virtual void * __thiscall __non_rtti_object::`scalar deleting dtor'(unsigned int)|libcmt|rtti.obj|ambiguous|review|5
0x00492f30|_G__non_rtti_object|??_G__non_rtti_object@@UAEPAXI@Z|public: virtual void * __thiscall __non_rtti_object::`scalar deleting dtor'(unsigned int)|libcmt|rtti.obj|ambiguous|review|5
0x00493450|AfxGetAfxWndProc|?AfxGetAfxWndProc@@YGP6GJPAUHWND__@@IIJ@ZXZ|long (__stdcall * __stdcall AfxGetAfxWndProc(void))(struct HWND__*, unsigned int, unsigned int, long)|nafxcw|wincore.obj|ambiguous|review|239
0x00493730|_G__non_rtti_object|??_G__non_rtti_object@@UAEPAXI@Z|public: virtual void * __thiscall __non_rtti_object::`scalar deleting dtor'(unsigned int)|libcmt|rtti.obj|ambiguous|review|5
0x004937e0|AfxGetAfxWndProc|?AfxGetAfxWndProc@@YGP6GJPAUHWND__@@IIJ@ZXZ|long (__stdcall * __stdcall AfxGetAfxWndProc(void))(struct HWND__*, unsigned int, unsigned int, long)|nafxcw|wincore.obj|ambiguous|review|239
0x00493b30|CFileDialog::OnLBSelChangedNotify|?OnLBSelChangedNotify@CFileDialog@@MAEXIII@Z|protected: virtual void __thiscall CFileDialog::OnLBSelChangedNotify(unsigned int, unsigned int, unsigned int)|nafxcw|dlgfile.obj|ambiguous|review|2
0x00493b50|CColorDialog::OnCtlColor|?OnCtlColor@CColorDialog@@IAEPAUHBRUSH__@@PAVCDC@@PAVCWnd@@I@Z|protected: struct HBRUSH__* __thiscall CColorDialog::OnCtlColor(class CDC *, class CWnd *, unsigned int)|nafxcw|dlgclr.obj|ambiguous|review|2
0x00493cc0|CToolBar::OnEraseBkgnd|?OnEraseBkgnd@CToolBar@@IAEHPAVCDC@@@Z|protected: int __thiscall CToolBar::OnEraseBkgnd(class CDC *)|nafxcw|bartool.obj|ambiguous|review|7
0x004950d0|__set_app_type|___set_app_type||libcmt|errmode.obj|duplicate-body|review|1
0x004972a0|COleDocument::GetContainer|?GetContainer@COleDocument@@UAEPAUIOleItemContainer@@XZ|public: virtual struct IOleItemContainer * __thiscall COleDocument::GetContainer(void)|nafxcw|oledoc1.obj|ambiguous|review|21
0x004972e0|CObject::AssertValid|?AssertValid@CObject@@UBEXXZ|public: virtual void __thiscall CObject::AssertValid(void) const|nafxcw|except.obj|ambiguous|review|23
0x00497c00|COleDocument::GetContainer|?GetContainer@COleDocument@@UAEPAUIOleItemContainer@@XZ|public: virtual struct IOleItemContainer * __thiscall COleDocument::GetContainer(void)|nafxcw|oledoc1.obj|ambiguous|review|21
0x004985b0|DNameNode::DNameNode|??0DNameNode@@IAE@XZ|protected: __thiscall DNameNode::DNameNode(void)|libcmt|undname.obj|duplicate-body|review|1
0x00498c60|CObject::AssertValid|?AssertValid@CObject@@UBEXXZ|public: virtual void __thiscall CObject::AssertValid(void) const|nafxcw|except.obj|ambiguous|review|23
0x00498c80|CObject::AssertValid|?AssertValid@CObject@@UBEXXZ|public: virtual void __thiscall CObject::AssertValid(void) const|nafxcw|except.obj|ambiguous|review|23
0x00498ca0|CObject::AssertValid|?AssertValid@CObject@@UBEXXZ|public: virtual void __thiscall CObject::AssertValid(void) const|nafxcw|except.obj|ambiguous|review|23
0x00498dd0|_G__non_rtti_object|??_G__non_rtti_object@@UAEPAXI@Z|public: virtual void * __thiscall __non_rtti_object::`scalar deleting dtor'(unsigned int)|libcmt|rtti.obj|ambiguous|review|5
0x004995a0|AfxDaoGetEngine|?AfxDaoGetEngine@@YGPAU_DAODBEngine@@XZ|struct _DAODBEngine * __stdcall AfxDaoGetEngine(void)|nafxcw|daocore.obj|unique|high|1
0x0049b5d0|_G__non_rtti_object|??_G__non_rtti_object@@UAEPAXI@Z|public: virtual void * __thiscall __non_rtti_object::`scalar deleting dtor'(unsigned int)|libcmt|rtti.obj|ambiguous|review|5
0x0049b600|_G__non_rtti_object|??_G__non_rtti_object@@UAEPAXI@Z|public: virtual void * __thiscall __non_rtti_object::`scalar deleting dtor'(unsigned int)|libcmt|rtti.obj|ambiguous|review|5
0x0049bf90|AfxGetAfxWndProc|?AfxGetAfxWndProc@@YGP6GJPAUHWND__@@IIJ@ZXZ|long (__stdcall * __stdcall AfxGetAfxWndProc(void))(struct HWND__*, unsigned int, unsigned int, long)|nafxcw|wincore.obj|ambiguous|review|239
0x0049bfb0|CObject::AssertValid|?AssertValid@CObject@@UBEXXZ|public: virtual void __thiscall CObject::AssertValid(void) const|nafxcw|except.obj|ambiguous|review|23
0x0049c950|??1?$CIP@UIBindCtx@@$1?IID_IBindCtx@@3U_GUID@@B@@QAE@XZ|??1?$CIP@UIBindCtx@@$1?IID_IBindCtx@@3U_GUID@@B@@QAE@XZ|public: __thiscall CIP<struct IBindCtx, &struct _GUID const IID_IBindCtx>::~CIP<struct IBindCtx, &struct _GUID const IID_IBindCtx>(void)|nafxcw|olemon.obj|ambiguous|review|77
0x0049cbc0|_G__non_rtti_object|??_G__non_rtti_object@@UAEPAXI@Z|public: virtual void * __thiscall __non_rtti_object::`scalar deleting dtor'(unsigned int)|libcmt|rtti.obj|ambiguous|review|5
0x0049cc20|AfxGetAfxWndProc|?AfxGetAfxWndProc@@YGP6GJPAUHWND__@@IIJ@ZXZ|long (__stdcall * __stdcall AfxGetAfxWndProc(void))(struct HWND__*, unsigned int, unsigned int, long)|nafxcw|wincore.obj|ambiguous|review|239
0x0049cc40|__set_app_type|___set_app_type||libcmt|errmode.obj|duplicate-body|review|1
0x0049d6d0|AfxGetAfxWndProc|?AfxGetAfxWndProc@@YGP6GJPAUHWND__@@IIJ@ZXZ|long (__stdcall * __stdcall AfxGetAfxWndProc(void))(struct HWND__*, unsigned int, unsigned int, long)|nafxcw|wincore.obj|ambiguous|review|239
0x0049d790|AfxGetAfxWndProc|?AfxGetAfxWndProc@@YGP6GJPAUHWND__@@IIJ@ZXZ|long (__stdcall * __stdcall AfxGetAfxWndProc(void))(struct HWND__*, unsigned int, unsigned int, long)|nafxcw|wincore.obj|ambiguous|review|239
0x0049d8b0|_G__non_rtti_object|??_G__non_rtti_object@@UAEPAXI@Z|public: virtual void * __thiscall __non_rtti_object::`scalar deleting dtor'(unsigned int)|libcmt|rtti.obj|ambiguous|review|5
0x0049dab0|_G__non_rtti_object|??_G__non_rtti_object@@UAEPAXI@Z|public: virtual void * __thiscall __non_rtti_object::`scalar deleting dtor'(unsigned int)|libcmt|rtti.obj|ambiguous|review|5
0x0049dae0|CException::~CException|??1CException@@UAE@XZ|public: virtual __thiscall CException::~CException(void)|nafxcw|except.obj|ambiguous|review|16
0x0049ddd0|_G__non_rtti_object|??_G__non_rtti_object@@UAEPAXI@Z|public: virtual void * __thiscall __non_rtti_object::`scalar deleting dtor'(unsigned int)|libcmt|rtti.obj|ambiguous|review|5
0x0049de00|CException::~CException|??1CException@@UAE@XZ|public: virtual __thiscall CException::~CException(void)|nafxcw|except.obj|ambiguous|review|16
0x0049de20|AfxGetAfxWndProc|?AfxGetAfxWndProc@@YGP6GJPAUHWND__@@IIJ@ZXZ|long (__stdcall * __stdcall AfxGetAfxWndProc(void))(struct HWND__*, unsigned int, unsigned int, long)|nafxcw|wincore.obj|ambiguous|review|239
0x0049deb0|AfxGetAfxWndProc|?AfxGetAfxWndProc@@YGP6GJPAUHWND__@@IIJ@ZXZ|long (__stdcall * __stdcall AfxGetAfxWndProc(void))(struct HWND__*, unsigned int, unsigned int, long)|nafxcw|wincore.obj|ambiguous|review|239
0x0049e5d0|AfxGetAfxWndProc|?AfxGetAfxWndProc@@YGP6GJPAUHWND__@@IIJ@ZXZ|long (__stdcall * __stdcall AfxGetAfxWndProc(void))(struct HWND__*, unsigned int, unsigned int, long)|nafxcw|wincore.obj|ambiguous|review|239
0x0049e5f0|IUnknown::IUnknown|??0IUnknown@@QAE@XZ|public: __thiscall IUnknown::IUnknown(void)|nafxcw|olemon.obj|ambiguous|review|3
0x0049e610|_G__non_rtti_object|??_G__non_rtti_object@@UAEPAXI@Z|public: virtual void * __thiscall __non_rtti_object::`scalar deleting dtor'(unsigned int)|libcmt|rtti.obj|ambiguous|review|5
0x0049e640|CException::~CException|??1CException@@UAE@XZ|public: virtual __thiscall CException::~CException(void)|nafxcw|except.obj|ambiguous|review|16
0x0049e660|CView::OnActivateFrame|?OnActivateFrame@CView@@MAEXIPAVCFrameWnd@@@Z|protected: virtual void __thiscall CView::OnActivateFrame(unsigned int, class CFrameWnd *)|nafxcw|viewcore.obj|ambiguous|review|10
0x0049e680|CDatabase::BindParameters|?BindParameters@CDatabase@@UAEXPAX@Z|public: virtual void __thiscall CDatabase::BindParameters(void *)|nafxcw|dbcore.obj|ambiguous|review|45
0x0049f050|_G__non_rtti_object|??_G__non_rtti_object@@UAEPAXI@Z|public: virtual void * __thiscall __non_rtti_object::`scalar deleting dtor'(unsigned int)|libcmt|rtti.obj|ambiguous|review|5
0x0049f080|CException::~CException|??1CException@@UAE@XZ|public: virtual __thiscall CException::~CException(void)|nafxcw|except.obj|ambiguous|review|16
0x0049f0a0|AfxGetAfxWndProc|?AfxGetAfxWndProc@@YGP6GJPAUHWND__@@IIJ@ZXZ|long (__stdcall * __stdcall AfxGetAfxWndProc(void))(struct HWND__*, unsigned int, unsigned int, long)|nafxcw|wincore.obj|ambiguous|review|239
0x0049f480|_G__non_rtti_object|??_G__non_rtti_object@@UAEPAXI@Z|public: virtual void * __thiscall __non_rtti_object::`scalar deleting dtor'(unsigned int)|libcmt|rtti.obj|ambiguous|review|5
0x0049f4b0|CException::~CException|??1CException@@UAE@XZ|public: virtual __thiscall CException::~CException(void)|nafxcw|except.obj|ambiguous|review|16
0x0049f4d0|AfxGetAfxWndProc|?AfxGetAfxWndProc@@YGP6GJPAUHWND__@@IIJ@ZXZ|long (__stdcall * __stdcall AfxGetAfxWndProc(void))(struct HWND__*, unsigned int, unsigned int, long)|nafxcw|wincore.obj|ambiguous|review|239
0x0049f630|_G__non_rtti_object|??_G__non_rtti_object@@UAEPAXI@Z|public: virtual void * __thiscall __non_rtti_object::`scalar deleting dtor'(unsigned int)|libcmt|rtti.obj|ambiguous|review|5
0x0049f660|CException::~CException|??1CException@@UAE@XZ|public: virtual __thiscall CException::~CException(void)|nafxcw|except.obj|ambiguous|review|16
0x0049f680|AfxGetAfxWndProc|?AfxGetAfxWndProc@@YGP6GJPAUHWND__@@IIJ@ZXZ|long (__stdcall * __stdcall AfxGetAfxWndProc(void))(struct HWND__*, unsigned int, unsigned int, long)|nafxcw|wincore.obj|ambiguous|review|239
0x0049fcf0|_G__non_rtti_object|??_G__non_rtti_object@@UAEPAXI@Z|public: virtual void * __thiscall __non_rtti_object::`scalar deleting dtor'(unsigned int)|libcmt|rtti.obj|ambiguous|review|5
0x0049fd20|CException::~CException|??1CException@@UAE@XZ|public: virtual __thiscall CException::~CException(void)|nafxcw|except.obj|ambiguous|review|16
0x0049fd40|AfxGetAfxWndProc|?AfxGetAfxWndProc@@YGP6GJPAUHWND__@@IIJ@ZXZ|long (__stdcall * __stdcall AfxGetAfxWndProc(void))(struct HWND__*, unsigned int, unsigned int, long)|nafxcw|wincore.obj|ambiguous|review|239
0x0049ff20|_G__non_rtti_object|??_G__non_rtti_object@@UAEPAXI@Z|public: virtual void * __thiscall __non_rtti_object::`scalar deleting dtor'(unsigned int)|libcmt|rtti.obj|ambiguous|review|5
0x0049ff50|CException::~CException|??1CException@@UAE@XZ|public: virtual __thiscall CException::~CException(void)|nafxcw|except.obj|ambiguous|review|16
0x0049ff70|AfxGetAfxWndProc|?AfxGetAfxWndProc@@YGP6GJPAUHWND__@@IIJ@ZXZ|long (__stdcall * __stdcall AfxGetAfxWndProc(void))(struct HWND__*, unsigned int, unsigned int, long)|nafxcw|wincore.obj|ambiguous|review|239
0x004a0050|_G__non_rtti_object|??_G__non_rtti_object@@UAEPAXI@Z|public: virtual void * __thiscall __non_rtti_object::`scalar deleting dtor'(unsigned int)|libcmt|rtti.obj|ambiguous|review|5
0x004a0080|CException::~CException|??1CException@@UAE@XZ|public: virtual __thiscall CException::~CException(void)|nafxcw|except.obj|ambiguous|review|16
0x004a00a0|AfxGetAfxWndProc|?AfxGetAfxWndProc@@YGP6GJPAUHWND__@@IIJ@ZXZ|long (__stdcall * __stdcall AfxGetAfxWndProc(void))(struct HWND__*, unsigned int, unsigned int, long)|nafxcw|wincore.obj|ambiguous|review|239
0x004a0430|_G__non_rtti_object|??_G__non_rtti_object@@UAEPAXI@Z|public: virtual void * __thiscall __non_rtti_object::`scalar deleting dtor'(unsigned int)|libcmt|rtti.obj|ambiguous|review|5
0x004a0460|CException::~CException|??1CException@@UAE@XZ|public: virtual __thiscall CException::~CException(void)|nafxcw|except.obj|ambiguous|review|16
0x004a0480|AfxGetAfxWndProc|?AfxGetAfxWndProc@@YGP6GJPAUHWND__@@IIJ@ZXZ|long (__stdcall * __stdcall AfxGetAfxWndProc(void))(struct HWND__*, unsigned int, unsigned int, long)|nafxcw|wincore.obj|ambiguous|review|239
0x004a0a80|AfxGetAfxWndProc|?AfxGetAfxWndProc@@YGP6GJPAUHWND__@@IIJ@ZXZ|long (__stdcall * __stdcall AfxGetAfxWndProc(void))(struct HWND__*, unsigned int, unsigned int, long)|nafxcw|wincore.obj|ambiguous|review|239
0x004a0ad0|_G__non_rtti_object|??_G__non_rtti_object@@UAEPAXI@Z|public: virtual void * __thiscall __non_rtti_object::`scalar deleting dtor'(unsigned int)|libcmt|rtti.obj|ambiguous|review|5
0x004a0b00|CException::~CException|??1CException@@UAE@XZ|public: virtual __thiscall CException::~CException(void)|nafxcw|except.obj|ambiguous|review|16
0x004a1850|AfxGetAfxWndProc|?AfxGetAfxWndProc@@YGP6GJPAUHWND__@@IIJ@ZXZ|long (__stdcall * __stdcall AfxGetAfxWndProc(void))(struct HWND__*, unsigned int, unsigned int, long)|nafxcw|wincore.obj|ambiguous|review|239
0x004a18a0|_G__non_rtti_object|??_G__non_rtti_object@@UAEPAXI@Z|public: virtual void * __thiscall __non_rtti_object::`scalar deleting dtor'(unsigned int)|libcmt|rtti.obj|ambiguous|review|5
0x004a18d0|CException::~CException|??1CException@@UAE@XZ|public: virtual __thiscall CException::~CException(void)|nafxcw|except.obj|ambiguous|review|16
0x004a5c50|_G__non_rtti_object|??_G__non_rtti_object@@UAEPAXI@Z|public: virtual void * __thiscall __non_rtti_object::`scalar deleting dtor'(unsigned int)|libcmt|rtti.obj|ambiguous|review|5
0x004a5c80|CException::~CException|??1CException@@UAE@XZ|public: virtual __thiscall CException::~CException(void)|nafxcw|except.obj|ambiguous|review|16
0x004a76d0|AfxGetAfxWndProc|?AfxGetAfxWndProc@@YGP6GJPAUHWND__@@IIJ@ZXZ|long (__stdcall * __stdcall AfxGetAfxWndProc(void))(struct HWND__*, unsigned int, unsigned int, long)|nafxcw|wincore.obj|ambiguous|review|239
0x004a7720|_G__non_rtti_object|??_G__non_rtti_object@@UAEPAXI@Z|public: virtual void * __thiscall __non_rtti_object::`scalar deleting dtor'(unsigned int)|libcmt|rtti.obj|ambiguous|review|5
0x004a7750|CException::~CException|??1CException@@UAE@XZ|public: virtual __thiscall CException::~CException(void)|nafxcw|except.obj|ambiguous|review|16
0x004a8430|AfxGetAfxWndProc|?AfxGetAfxWndProc@@YGP6GJPAUHWND__@@IIJ@ZXZ|long (__stdcall * __stdcall AfxGetAfxWndProc(void))(struct HWND__*, unsigned int, unsigned int, long)|nafxcw|wincore.obj|ambiguous|review|239
0x004a84c0|_G__non_rtti_object|??_G__non_rtti_object@@UAEPAXI@Z|public: virtual void * __thiscall __non_rtti_object::`scalar deleting dtor'(unsigned int)|libcmt|rtti.obj|ambiguous|review|5
0x004a87f0|AfxGetAfxWndProc|?AfxGetAfxWndProc@@YGP6GJPAUHWND__@@IIJ@ZXZ|long (__stdcall * __stdcall AfxGetAfxWndProc(void))(struct HWND__*, unsigned int, unsigned int, long)|nafxcw|wincore.obj|ambiguous|review|239
0x004a8840|_G__non_rtti_object|??_G__non_rtti_object@@UAEPAXI@Z|public: virtual void * __thiscall __non_rtti_object::`scalar deleting dtor'(unsigned int)|libcmt|rtti.obj|ambiguous|review|5
0x004a8d10|AfxGetAfxWndProc|?AfxGetAfxWndProc@@YGP6GJPAUHWND__@@IIJ@ZXZ|long (__stdcall * __stdcall AfxGetAfxWndProc(void))(struct HWND__*, unsigned int, unsigned int, long)|nafxcw|wincore.obj|ambiguous|review|239
0x004a8d30|_AfxBindStatusCallback::CInnerUnknown::CInnerUnknown|??0CInnerUnknown@_AfxBindStatusCallback@@QAE@XZ|public: __thiscall _AfxBindStatusCallback::CInnerUnknown::CInnerUnknown(void)|nafxcw|oleasmon.obj|ambiguous|review|5
0x004a8d60|_G__non_rtti_object|??_G__non_rtti_object@@UAEPAXI@Z|public: virtual void * __thiscall __non_rtti_object::`scalar deleting dtor'(unsigned int)|libcmt|rtti.obj|ambiguous|review|5
0x004a8d90|CException::~CException|??1CException@@UAE@XZ|public: virtual __thiscall CException::~CException(void)|nafxcw|except.obj|ambiguous|review|16
0x004a9400|_G__non_rtti_object|??_G__non_rtti_object@@UAEPAXI@Z|public: virtual void * __thiscall __non_rtti_object::`scalar deleting dtor'(unsigned int)|libcmt|rtti.obj|ambiguous|review|5
0x004a94c0|AfxGetAfxWndProc|?AfxGetAfxWndProc@@YGP6GJPAUHWND__@@IIJ@ZXZ|long (__stdcall * __stdcall AfxGetAfxWndProc(void))(struct HWND__*, unsigned int, unsigned int, long)|nafxcw|wincore.obj|ambiguous|review|239
0x004a94e0|_AfxBindStatusCallback::CInnerUnknown::CInnerUnknown|??0CInnerUnknown@_AfxBindStatusCallback@@QAE@XZ|public: __thiscall _AfxBindStatusCallback::CInnerUnknown::CInnerUnknown(void)|nafxcw|oleasmon.obj|ambiguous|review|5
0x004a9510|_G__non_rtti_object|??_G__non_rtti_object@@UAEPAXI@Z|public: virtual void * __thiscall __non_rtti_object::`scalar deleting dtor'(unsigned int)|libcmt|rtti.obj|ambiguous|review|5
0x004a9fc0|AfxGetAfxWndProc|?AfxGetAfxWndProc@@YGP6GJPAUHWND__@@IIJ@ZXZ|long (__stdcall * __stdcall AfxGetAfxWndProc(void))(struct HWND__*, unsigned int, unsigned int, long)|nafxcw|wincore.obj|ambiguous|review|239
0x004aa4d0|_G__non_rtti_object|??_G__non_rtti_object@@UAEPAXI@Z|public: virtual void * __thiscall __non_rtti_object::`scalar deleting dtor'(unsigned int)|libcmt|rtti.obj|ambiguous|review|5
0x004aa520|AfxGetAfxWndProc|?AfxGetAfxWndProc@@YGP6GJPAUHWND__@@IIJ@ZXZ|long (__stdcall * __stdcall AfxGetAfxWndProc(void))(struct HWND__*, unsigned int, unsigned int, long)|nafxcw|wincore.obj|ambiguous|review|239
0x004aa840|_G__non_rtti_object|??_G__non_rtti_object@@UAEPAXI@Z|public: virtual void * __thiscall __non_rtti_object::`scalar deleting dtor'(unsigned int)|libcmt|rtti.obj|ambiguous|review|5
0x004aa870|CException::~CException|??1CException@@UAE@XZ|public: virtual __thiscall CException::~CException(void)|nafxcw|except.obj|ambiguous|review|16
0x004aa900|AfxGetAfxWndProc|?AfxGetAfxWndProc@@YGP6GJPAUHWND__@@IIJ@ZXZ|long (__stdcall * __stdcall AfxGetAfxWndProc(void))(struct HWND__*, unsigned int, unsigned int, long)|nafxcw|wincore.obj|ambiguous|review|239
0x004aad20|CObject::AssertValid|?AssertValid@CObject@@UBEXXZ|public: virtual void __thiscall CObject::AssertValid(void) const|nafxcw|except.obj|ambiguous|review|23
0x004aad40|_G__non_rtti_object|??_G__non_rtti_object@@UAEPAXI@Z|public: virtual void * __thiscall __non_rtti_object::`scalar deleting dtor'(unsigned int)|libcmt|rtti.obj|ambiguous|review|5
0x004aae10|AfxGetAfxWndProc|?AfxGetAfxWndProc@@YGP6GJPAUHWND__@@IIJ@ZXZ|long (__stdcall * __stdcall AfxGetAfxWndProc(void))(struct HWND__*, unsigned int, unsigned int, long)|nafxcw|wincore.obj|ambiguous|review|239
0x004ab400|_G__non_rtti_object|??_G__non_rtti_object@@UAEPAXI@Z|public: virtual void * __thiscall __non_rtti_object::`scalar deleting dtor'(unsigned int)|libcmt|rtti.obj|ambiguous|review|5
0x004ab450|AfxGetAfxWndProc|?AfxGetAfxWndProc@@YGP6GJPAUHWND__@@IIJ@ZXZ|long (__stdcall * __stdcall AfxGetAfxWndProc(void))(struct HWND__*, unsigned int, unsigned int, long)|nafxcw|wincore.obj|ambiguous|review|239
0x004ab620|_G__non_rtti_object|??_G__non_rtti_object@@UAEPAXI@Z|public: virtual void * __thiscall __non_rtti_object::`scalar deleting dtor'(unsigned int)|libcmt|rtti.obj|ambiguous|review|5
0x004ab650|CException::~CException|??1CException@@UAE@XZ|public: virtual __thiscall CException::~CException(void)|nafxcw|except.obj|ambiguous|review|16
0x004ab6e0|AfxGetAfxWndProc|?AfxGetAfxWndProc@@YGP6GJPAUHWND__@@IIJ@ZXZ|long (__stdcall * __stdcall AfxGetAfxWndProc(void))(struct HWND__*, unsigned int, unsigned int, long)|nafxcw|wincore.obj|ambiguous|review|239
0x004ab800|CObject::AssertValid|?AssertValid@CObject@@UBEXXZ|public: virtual void __thiscall CObject::AssertValid(void) const|nafxcw|except.obj|ambiguous|review|23
0x004ab820|_G__non_rtti_object|??_G__non_rtti_object@@UAEPAXI@Z|public: virtual void * __thiscall __non_rtti_object::`scalar deleting dtor'(unsigned int)|libcmt|rtti.obj|ambiguous|review|5
0x004ab950|AfxGetAfxWndProc|?AfxGetAfxWndProc@@YGP6GJPAUHWND__@@IIJ@ZXZ|long (__stdcall * __stdcall AfxGetAfxWndProc(void))(struct HWND__*, unsigned int, unsigned int, long)|nafxcw|wincore.obj|ambiguous|review|239
0x004ac650|_G__non_rtti_object|??_G__non_rtti_object@@UAEPAXI@Z|public: virtual void * __thiscall __non_rtti_object::`scalar deleting dtor'(unsigned int)|libcmt|rtti.obj|ambiguous|review|5
0x004ac6a0|AfxGetAfxWndProc|?AfxGetAfxWndProc@@YGP6GJPAUHWND__@@IIJ@ZXZ|long (__stdcall * __stdcall AfxGetAfxWndProc(void))(struct HWND__*, unsigned int, unsigned int, long)|nafxcw|wincore.obj|ambiguous|review|239
0x004ac860|AfxGetAfxWndProc|?AfxGetAfxWndProc@@YGP6GJPAUHWND__@@IIJ@ZXZ|long (__stdcall * __stdcall AfxGetAfxWndProc(void))(struct HWND__*, unsigned int, unsigned int, long)|nafxcw|wincore.obj|ambiguous|review|239
0x004ac950|_G__non_rtti_object|??_G__non_rtti_object@@UAEPAXI@Z|public: virtual void * __thiscall __non_rtti_object::`scalar deleting dtor'(unsigned int)|libcmt|rtti.obj|ambiguous|review|5
0x004ac980|CException::~CException|??1CException@@UAE@XZ|public: virtual __thiscall CException::~CException(void)|nafxcw|except.obj|ambiguous|review|16
0x004ac9a0|AfxGetAfxWndProc|?AfxGetAfxWndProc@@YGP6GJPAUHWND__@@IIJ@ZXZ|long (__stdcall * __stdcall AfxGetAfxWndProc(void))(struct HWND__*, unsigned int, unsigned int, long)|nafxcw|wincore.obj|ambiguous|review|239
0x004acb40|AfxGetAfxWndProc|?AfxGetAfxWndProc@@YGP6GJPAUHWND__@@IIJ@ZXZ|long (__stdcall * __stdcall AfxGetAfxWndProc(void))(struct HWND__*, unsigned int, unsigned int, long)|nafxcw|wincore.obj|ambiguous|review|239
0x004aea70|AfxGetAfxWndProc|?AfxGetAfxWndProc@@YGP6GJPAUHWND__@@IIJ@ZXZ|long (__stdcall * __stdcall AfxGetAfxWndProc(void))(struct HWND__*, unsigned int, unsigned int, long)|nafxcw|wincore.obj|ambiguous|review|239
0x004aeb50|_G__non_rtti_object|??_G__non_rtti_object@@UAEPAXI@Z|public: virtual void * __thiscall __non_rtti_object::`scalar deleting dtor'(unsigned int)|libcmt|rtti.obj|ambiguous|review|5
0x004aeba0|AfxGetAfxWndProc|?AfxGetAfxWndProc@@YGP6GJPAUHWND__@@IIJ@ZXZ|long (__stdcall * __stdcall AfxGetAfxWndProc(void))(struct HWND__*, unsigned int, unsigned int, long)|nafxcw|wincore.obj|ambiguous|review|239
0x004af040|_G__non_rtti_object|??_G__non_rtti_object@@UAEPAXI@Z|public: virtual void * __thiscall __non_rtti_object::`scalar deleting dtor'(unsigned int)|libcmt|rtti.obj|ambiguous|review|5
0x004af090|AfxGetAfxWndProc|?AfxGetAfxWndProc@@YGP6GJPAUHWND__@@IIJ@ZXZ|long (__stdcall * __stdcall AfxGetAfxWndProc(void))(struct HWND__*, unsigned int, unsigned int, long)|nafxcw|wincore.obj|ambiguous|review|239
0x004af710|_G__non_rtti_object|??_G__non_rtti_object@@UAEPAXI@Z|public: virtual void * __thiscall __non_rtti_object::`scalar deleting dtor'(unsigned int)|libcmt|rtti.obj|ambiguous|review|5
0x004af760|AfxGetAfxWndProc|?AfxGetAfxWndProc@@YGP6GJPAUHWND__@@IIJ@ZXZ|long (__stdcall * __stdcall AfxGetAfxWndProc(void))(struct HWND__*, unsigned int, unsigned int, long)|nafxcw|wincore.obj|ambiguous|review|239
0x004af980|_G__non_rtti_object|??_G__non_rtti_object@@UAEPAXI@Z|public: virtual void * __thiscall __non_rtti_object::`scalar deleting dtor'(unsigned int)|libcmt|rtti.obj|ambiguous|review|5
0x004af9d0|AfxGetAfxWndProc|?AfxGetAfxWndProc@@YGP6GJPAUHWND__@@IIJ@ZXZ|long (__stdcall * __stdcall AfxGetAfxWndProc(void))(struct HWND__*, unsigned int, unsigned int, long)|nafxcw|wincore.obj|ambiguous|review|239
0x004afd30|_G__non_rtti_object|??_G__non_rtti_object@@UAEPAXI@Z|public: virtual void * __thiscall __non_rtti_object::`scalar deleting dtor'(unsigned int)|libcmt|rtti.obj|ambiguous|review|5
0x004afd80|AfxGetAfxWndProc|?AfxGetAfxWndProc@@YGP6GJPAUHWND__@@IIJ@ZXZ|long (__stdcall * __stdcall AfxGetAfxWndProc(void))(struct HWND__*, unsigned int, unsigned int, long)|nafxcw|wincore.obj|ambiguous|review|239
0x004affd0|_G__non_rtti_object|??_G__non_rtti_object@@UAEPAXI@Z|public: virtual void * __thiscall __non_rtti_object::`scalar deleting dtor'(unsigned int)|libcmt|rtti.obj|ambiguous|review|5
0x004b0000|CException::~CException|??1CException@@UAE@XZ|public: virtual __thiscall CException::~CException(void)|nafxcw|except.obj|ambiguous|review|16
0x004b0020|AfxGetAfxWndProc|?AfxGetAfxWndProc@@YGP6GJPAUHWND__@@IIJ@ZXZ|long (__stdcall * __stdcall AfxGetAfxWndProc(void))(struct HWND__*, unsigned int, unsigned int, long)|nafxcw|wincore.obj|ambiguous|review|239
0x004b06d0|AfxGetAfxWndProc|?AfxGetAfxWndProc@@YGP6GJPAUHWND__@@IIJ@ZXZ|long (__stdcall * __stdcall AfxGetAfxWndProc(void))(struct HWND__*, unsigned int, unsigned int, long)|nafxcw|wincore.obj|ambiguous|review|239
0x004b0970|??0?$CIP@UIBindCtx@@$1?IID_IBindCtx@@3U_GUID@@B@@QAE@XZ|??0?$CIP@UIBindCtx@@$1?IID_IBindCtx@@3U_GUID@@B@@QAE@XZ|public: __thiscall CIP<struct IBindCtx, &struct _GUID const IID_IBindCtx>::CIP<struct IBindCtx, &struct _GUID const IID_IBindCtx>(void)|nafxcw|olemon.obj|ambiguous|review|8
0x004b0b60|AfxGetAfxWndProc|?AfxGetAfxWndProc@@YGP6GJPAUHWND__@@IIJ@ZXZ|long (__stdcall * __stdcall AfxGetAfxWndProc(void))(struct HWND__*, unsigned int, unsigned int, long)|nafxcw|wincore.obj|ambiguous|review|239
0x004b0b80|_AfxBindStatusCallback::CInnerUnknown::CInnerUnknown|??0CInnerUnknown@_AfxBindStatusCallback@@QAE@XZ|public: __thiscall _AfxBindStatusCallback::CInnerUnknown::CInnerUnknown(void)|nafxcw|oleasmon.obj|ambiguous|review|5
0x004b0bb0|_G__non_rtti_object|??_G__non_rtti_object@@UAEPAXI@Z|public: virtual void * __thiscall __non_rtti_object::`scalar deleting dtor'(unsigned int)|libcmt|rtti.obj|ambiguous|review|5
0x004b0be0|CException::~CException|??1CException@@UAE@XZ|public: virtual __thiscall CException::~CException(void)|nafxcw|except.obj|ambiguous|review|16
0x004b0d10|AfxGetAfxWndProc|?AfxGetAfxWndProc@@YGP6GJPAUHWND__@@IIJ@ZXZ|long (__stdcall * __stdcall AfxGetAfxWndProc(void))(struct HWND__*, unsigned int, unsigned int, long)|nafxcw|wincore.obj|ambiguous|review|239
0x004b0da0|_G__non_rtti_object|??_G__non_rtti_object@@UAEPAXI@Z|public: virtual void * __thiscall __non_rtti_object::`scalar deleting dtor'(unsigned int)|libcmt|rtti.obj|ambiguous|review|5
0x004b1080|AfxGetAfxWndProc|?AfxGetAfxWndProc@@YGP6GJPAUHWND__@@IIJ@ZXZ|long (__stdcall * __stdcall AfxGetAfxWndProc(void))(struct HWND__*, unsigned int, unsigned int, long)|nafxcw|wincore.obj|ambiguous|review|239
0x004b10d0|_G__non_rtti_object|??_G__non_rtti_object@@UAEPAXI@Z|public: virtual void * __thiscall __non_rtti_object::`scalar deleting dtor'(unsigned int)|libcmt|rtti.obj|ambiguous|review|5
0x004b1100|CException::~CException|??1CException@@UAE@XZ|public: virtual __thiscall CException::~CException(void)|nafxcw|except.obj|ambiguous|review|16
0x004b1410|CObject::AssertValid|?AssertValid@CObject@@UBEXXZ|public: virtual void __thiscall CObject::AssertValid(void) const|nafxcw|except.obj|ambiguous|review|23
0x004b1430|_G__non_rtti_object|??_G__non_rtti_object@@UAEPAXI@Z|public: virtual void * __thiscall __non_rtti_object::`scalar deleting dtor'(unsigned int)|libcmt|rtti.obj|ambiguous|review|5
0x004b1480|AfxGetAfxWndProc|?AfxGetAfxWndProc@@YGP6GJPAUHWND__@@IIJ@ZXZ|long (__stdcall * __stdcall AfxGetAfxWndProc(void))(struct HWND__*, unsigned int, unsigned int, long)|nafxcw|wincore.obj|ambiguous|review|239
0x004b18f0|_G__non_rtti_object|??_G__non_rtti_object@@UAEPAXI@Z|public: virtual void * __thiscall __non_rtti_object::`scalar deleting dtor'(unsigned int)|libcmt|rtti.obj|ambiguous|review|5
0x004b1940|AfxGetAfxWndProc|?AfxGetAfxWndProc@@YGP6GJPAUHWND__@@IIJ@ZXZ|long (__stdcall * __stdcall AfxGetAfxWndProc(void))(struct HWND__*, unsigned int, unsigned int, long)|nafxcw|wincore.obj|ambiguous|review|239
0x004b1990|CObject::AssertValid|?AssertValid@CObject@@UBEXXZ|public: virtual void __thiscall CObject::AssertValid(void) const|nafxcw|except.obj|ambiguous|review|23
0x004b1a20|_G__non_rtti_object|??_G__non_rtti_object@@UAEPAXI@Z|public: virtual void * __thiscall __non_rtti_object::`scalar deleting dtor'(unsigned int)|libcmt|rtti.obj|ambiguous|review|5
0x004b1a70|AfxGetAfxWndProc|?AfxGetAfxWndProc@@YGP6GJPAUHWND__@@IIJ@ZXZ|long (__stdcall * __stdcall AfxGetAfxWndProc(void))(struct HWND__*, unsigned int, unsigned int, long)|nafxcw|wincore.obj|ambiguous|review|239
0x004b2110|AfxGetAfxWndProc|?AfxGetAfxWndProc@@YGP6GJPAUHWND__@@IIJ@ZXZ|long (__stdcall * __stdcall AfxGetAfxWndProc(void))(struct HWND__*, unsigned int, unsigned int, long)|nafxcw|wincore.obj|ambiguous|review|239
0x004b2160|_G__non_rtti_object|??_G__non_rtti_object@@UAEPAXI@Z|public: virtual void * __thiscall __non_rtti_object::`scalar deleting dtor'(unsigned int)|libcmt|rtti.obj|ambiguous|review|5
0x004b2190|CException::~CException|??1CException@@UAE@XZ|public: virtual __thiscall CException::~CException(void)|nafxcw|except.obj|ambiguous|review|16
0x004b2490|AfxGetAfxWndProc|?AfxGetAfxWndProc@@YGP6GJPAUHWND__@@IIJ@ZXZ|long (__stdcall * __stdcall AfxGetAfxWndProc(void))(struct HWND__*, unsigned int, unsigned int, long)|nafxcw|wincore.obj|ambiguous|review|239
0x004b2520|_G__non_rtti_object|??_G__non_rtti_object@@UAEPAXI@Z|public: virtual void * __thiscall __non_rtti_object::`scalar deleting dtor'(unsigned int)|libcmt|rtti.obj|ambiguous|review|5
0x004b2550|CException::~CException|??1CException@@UAE@XZ|public: virtual __thiscall CException::~CException(void)|nafxcw|except.obj|ambiguous|review|16
0x004b3050|_G__non_rtti_object|??_G__non_rtti_object@@UAEPAXI@Z|public: virtual void * __thiscall __non_rtti_object::`scalar deleting dtor'(unsigned int)|libcmt|rtti.obj|ambiguous|review|5
0x004b3080|CException::~CException|??1CException@@UAE@XZ|public: virtual __thiscall CException::~CException(void)|nafxcw|except.obj|ambiguous|review|16
0x004b4210|CObject::AssertValid|?AssertValid@CObject@@UBEXXZ|public: virtual void __thiscall CObject::AssertValid(void) const|nafxcw|except.obj|ambiguous|review|23
0x004b4ee0|AfxGetAfxWndProc|?AfxGetAfxWndProc@@YGP6GJPAUHWND__@@IIJ@ZXZ|long (__stdcall * __stdcall AfxGetAfxWndProc(void))(struct HWND__*, unsigned int, unsigned int, long)|nafxcw|wincore.obj|ambiguous|review|239
0x004b4f00|IUnknown::IUnknown|??0IUnknown@@QAE@XZ|public: __thiscall IUnknown::IUnknown(void)|nafxcw|olemon.obj|ambiguous|review|3
0x004b4f20|_G__non_rtti_object|??_G__non_rtti_object@@UAEPAXI@Z|public: virtual void * __thiscall __non_rtti_object::`scalar deleting dtor'(unsigned int)|libcmt|rtti.obj|ambiguous|review|5
0x004b4f50|CException::~CException|??1CException@@UAE@XZ|public: virtual __thiscall CException::~CException(void)|nafxcw|except.obj|ambiguous|review|16
0x004b5140|CObject::AssertValid|?AssertValid@CObject@@UBEXXZ|public: virtual void __thiscall CObject::AssertValid(void) const|nafxcw|except.obj|ambiguous|review|23
0x004b5160|CObject::AssertValid|?AssertValid@CObject@@UBEXXZ|public: virtual void __thiscall CObject::AssertValid(void) const|nafxcw|except.obj|ambiguous|review|23
0x004b5200|AfxGetAfxWndProc|?AfxGetAfxWndProc@@YGP6GJPAUHWND__@@IIJ@ZXZ|long (__stdcall * __stdcall AfxGetAfxWndProc(void))(struct HWND__*, unsigned int, unsigned int, long)|nafxcw|wincore.obj|ambiguous|review|239
0x004b5240|_G__non_rtti_object|??_G__non_rtti_object@@UAEPAXI@Z|public: virtual void * __thiscall __non_rtti_object::`scalar deleting dtor'(unsigned int)|libcmt|rtti.obj|ambiguous|review|5
0x004b5270|CException::~CException|??1CException@@UAE@XZ|public: virtual __thiscall CException::~CException(void)|nafxcw|except.obj|ambiguous|review|16
0x004b57e0|AfxGetAfxWndProc|?AfxGetAfxWndProc@@YGP6GJPAUHWND__@@IIJ@ZXZ|long (__stdcall * __stdcall AfxGetAfxWndProc(void))(struct HWND__*, unsigned int, unsigned int, long)|nafxcw|wincore.obj|ambiguous|review|239
0x004b5820|_G__non_rtti_object|??_G__non_rtti_object@@UAEPAXI@Z|public: virtual void * __thiscall __non_rtti_object::`scalar deleting dtor'(unsigned int)|libcmt|rtti.obj|ambiguous|review|5
0x004b5850|CException::~CException|??1CException@@UAE@XZ|public: virtual __thiscall CException::~CException(void)|nafxcw|except.obj|ambiguous|review|16
0x004b5b70|AfxGetAfxWndProc|?AfxGetAfxWndProc@@YGP6GJPAUHWND__@@IIJ@ZXZ|long (__stdcall * __stdcall AfxGetAfxWndProc(void))(struct HWND__*, unsigned int, unsigned int, long)|nafxcw|wincore.obj|ambiguous|review|239
0x004b5bb0|_G__non_rtti_object|??_G__non_rtti_object@@UAEPAXI@Z|public: virtual void * __thiscall __non_rtti_object::`scalar deleting dtor'(unsigned int)|libcmt|rtti.obj|ambiguous|review|5
0x004b5be0|CException::~CException|??1CException@@UAE@XZ|public: virtual __thiscall CException::~CException(void)|nafxcw|except.obj|ambiguous|review|16
0x004b6a90|AfxGetAfxWndProc|?AfxGetAfxWndProc@@YGP6GJPAUHWND__@@IIJ@ZXZ|long (__stdcall * __stdcall AfxGetAfxWndProc(void))(struct HWND__*, unsigned int, unsigned int, long)|nafxcw|wincore.obj|ambiguous|review|239
0x004b6ad0|_G__non_rtti_object|??_G__non_rtti_object@@UAEPAXI@Z|public: virtual void * __thiscall __non_rtti_object::`scalar deleting dtor'(unsigned int)|libcmt|rtti.obj|ambiguous|review|5
0x004b6b00|CException::~CException|??1CException@@UAE@XZ|public: virtual __thiscall CException::~CException(void)|nafxcw|except.obj|ambiguous|review|16
0x004b6f00|CObject::AssertValid|?AssertValid@CObject@@UBEXXZ|public: virtual void __thiscall CObject::AssertValid(void) const|nafxcw|except.obj|ambiguous|review|23
0x004b6f50|AfxGetAfxWndProc|?AfxGetAfxWndProc@@YGP6GJPAUHWND__@@IIJ@ZXZ|long (__stdcall * __stdcall AfxGetAfxWndProc(void))(struct HWND__*, unsigned int, unsigned int, long)|nafxcw|wincore.obj|ambiguous|review|239
0x004b6f90|_G__non_rtti_object|??_G__non_rtti_object@@UAEPAXI@Z|public: virtual void * __thiscall __non_rtti_object::`scalar deleting dtor'(unsigned int)|libcmt|rtti.obj|ambiguous|review|5
0x004b6fc0|CException::~CException|??1CException@@UAE@XZ|public: virtual __thiscall CException::~CException(void)|nafxcw|except.obj|ambiguous|review|16
0x004b7a20|AfxGetAfxWndProc|?AfxGetAfxWndProc@@YGP6GJPAUHWND__@@IIJ@ZXZ|long (__stdcall * __stdcall AfxGetAfxWndProc(void))(struct HWND__*, unsigned int, unsigned int, long)|nafxcw|wincore.obj|ambiguous|review|239
0x004b7a60|_G__non_rtti_object|??_G__non_rtti_object@@UAEPAXI@Z|public: virtual void * __thiscall __non_rtti_object::`scalar deleting dtor'(unsigned int)|libcmt|rtti.obj|ambiguous|review|5
0x004b7a90|CException::~CException|??1CException@@UAE@XZ|public: virtual __thiscall CException::~CException(void)|nafxcw|except.obj|ambiguous|review|16
0x004b7c20|CObject::AssertValid|?AssertValid@CObject@@UBEXXZ|public: virtual void __thiscall CObject::AssertValid(void) const|nafxcw|except.obj|ambiguous|review|23
0x004b7df0|AfxGetAfxWndProc|?AfxGetAfxWndProc@@YGP6GJPAUHWND__@@IIJ@ZXZ|long (__stdcall * __stdcall AfxGetAfxWndProc(void))(struct HWND__*, unsigned int, unsigned int, long)|nafxcw|wincore.obj|ambiguous|review|239
0x004b7e30|_G__non_rtti_object|??_G__non_rtti_object@@UAEPAXI@Z|public: virtual void * __thiscall __non_rtti_object::`scalar deleting dtor'(unsigned int)|libcmt|rtti.obj|ambiguous|review|5
0x004b7e60|CException::~CException|??1CException@@UAE@XZ|public: virtual __thiscall CException::~CException(void)|nafxcw|except.obj|ambiguous|review|16
0x004b80a0|CObject::AssertValid|?AssertValid@CObject@@UBEXXZ|public: virtual void __thiscall CObject::AssertValid(void) const|nafxcw|except.obj|ambiguous|review|23
0x004b8140|AfxGetAfxWndProc|?AfxGetAfxWndProc@@YGP6GJPAUHWND__@@IIJ@ZXZ|long (__stdcall * __stdcall AfxGetAfxWndProc(void))(struct HWND__*, unsigned int, unsigned int, long)|nafxcw|wincore.obj|ambiguous|review|239
0x004b8420|CObject::AssertValid|?AssertValid@CObject@@UBEXXZ|public: virtual void __thiscall CObject::AssertValid(void) const|nafxcw|except.obj|ambiguous|review|23
0x004b84a0|AfxGetAfxWndProc|?AfxGetAfxWndProc@@YGP6GJPAUHWND__@@IIJ@ZXZ|long (__stdcall * __stdcall AfxGetAfxWndProc(void))(struct HWND__*, unsigned int, unsigned int, long)|nafxcw|wincore.obj|ambiguous|review|239
0x004b84e0|_G__non_rtti_object|??_G__non_rtti_object@@UAEPAXI@Z|public: virtual void * __thiscall __non_rtti_object::`scalar deleting dtor'(unsigned int)|libcmt|rtti.obj|ambiguous|review|5
0x004b8510|CException::~CException|??1CException@@UAE@XZ|public: virtual __thiscall CException::~CException(void)|nafxcw|except.obj|ambiguous|review|16
0x004b8cc0|AfxGetAfxWndProc|?AfxGetAfxWndProc@@YGP6GJPAUHWND__@@IIJ@ZXZ|long (__stdcall * __stdcall AfxGetAfxWndProc(void))(struct HWND__*, unsigned int, unsigned int, long)|nafxcw|wincore.obj|ambiguous|review|239
0x004b8d00|_G__non_rtti_object|??_G__non_rtti_object@@UAEPAXI@Z|public: virtual void * __thiscall __non_rtti_object::`scalar deleting dtor'(unsigned int)|libcmt|rtti.obj|ambiguous|review|5
0x004b8d30|CException::~CException|??1CException@@UAE@XZ|public: virtual __thiscall CException::~CException(void)|nafxcw|except.obj|ambiguous|review|16
0x004b8f80|AfxGetAfxWndProc|?AfxGetAfxWndProc@@YGP6GJPAUHWND__@@IIJ@ZXZ|long (__stdcall * __stdcall AfxGetAfxWndProc(void))(struct HWND__*, unsigned int, unsigned int, long)|nafxcw|wincore.obj|ambiguous|review|239
0x004b8fc0|_G__non_rtti_object|??_G__non_rtti_object@@UAEPAXI@Z|public: virtual void * __thiscall __non_rtti_object::`scalar deleting dtor'(unsigned int)|libcmt|rtti.obj|ambiguous|review|5
0x004b8ff0|CException::~CException|??1CException@@UAE@XZ|public: virtual __thiscall CException::~CException(void)|nafxcw|except.obj|ambiguous|review|16
0x004ba2c0|AfxGetAfxWndProc|?AfxGetAfxWndProc@@YGP6GJPAUHWND__@@IIJ@ZXZ|long (__stdcall * __stdcall AfxGetAfxWndProc(void))(struct HWND__*, unsigned int, unsigned int, long)|nafxcw|wincore.obj|ambiguous|review|239
0x004ba360|_G__non_rtti_object|??_G__non_rtti_object@@UAEPAXI@Z|public: virtual void * __thiscall __non_rtti_object::`scalar deleting dtor'(unsigned int)|libcmt|rtti.obj|ambiguous|review|5
0x004bcfd0|_G__non_rtti_object|??_G__non_rtti_object@@UAEPAXI@Z|public: virtual void * __thiscall __non_rtti_object::`scalar deleting dtor'(unsigned int)|libcmt|rtti.obj|ambiguous|review|5
0x004bd020|AfxGetAfxWndProc|?AfxGetAfxWndProc@@YGP6GJPAUHWND__@@IIJ@ZXZ|long (__stdcall * __stdcall AfxGetAfxWndProc(void))(struct HWND__*, unsigned int, unsigned int, long)|nafxcw|wincore.obj|ambiguous|review|239
0x004bd370|_G__non_rtti_object|??_G__non_rtti_object@@UAEPAXI@Z|public: virtual void * __thiscall __non_rtti_object::`scalar deleting dtor'(unsigned int)|libcmt|rtti.obj|ambiguous|review|5
0x004bd3c0|AfxGetAfxWndProc|?AfxGetAfxWndProc@@YGP6GJPAUHWND__@@IIJ@ZXZ|long (__stdcall * __stdcall AfxGetAfxWndProc(void))(struct HWND__*, unsigned int, unsigned int, long)|nafxcw|wincore.obj|ambiguous|review|239
0x004bd810|_G__non_rtti_object|??_G__non_rtti_object@@UAEPAXI@Z|public: virtual void * __thiscall __non_rtti_object::`scalar deleting dtor'(unsigned int)|libcmt|rtti.obj|ambiguous|review|5
0x004bd860|AfxGetAfxWndProc|?AfxGetAfxWndProc@@YGP6GJPAUHWND__@@IIJ@ZXZ|long (__stdcall * __stdcall AfxGetAfxWndProc(void))(struct HWND__*, unsigned int, unsigned int, long)|nafxcw|wincore.obj|ambiguous|review|239
0x004be190|CDatabase::BindParameters|?BindParameters@CDatabase@@UAEXPAX@Z|public: virtual void __thiscall CDatabase::BindParameters(void *)|nafxcw|dbcore.obj|ambiguous|review|45
0x004be1b0|AfxGetAfxWndProc|?AfxGetAfxWndProc@@YGP6GJPAUHWND__@@IIJ@ZXZ|long (__stdcall * __stdcall AfxGetAfxWndProc(void))(struct HWND__*, unsigned int, unsigned int, long)|nafxcw|wincore.obj|ambiguous|review|239
0x004be200|_G__non_rtti_object|??_G__non_rtti_object@@UAEPAXI@Z|public: virtual void * __thiscall __non_rtti_object::`scalar deleting dtor'(unsigned int)|libcmt|rtti.obj|ambiguous|review|5
0x004be230|CException::~CException|??1CException@@UAE@XZ|public: virtual __thiscall CException::~CException(void)|nafxcw|except.obj|ambiguous|review|16
0x004be3f0|CDatabase::BindParameters|?BindParameters@CDatabase@@UAEXPAX@Z|public: virtual void __thiscall CDatabase::BindParameters(void *)|nafxcw|dbcore.obj|ambiguous|review|45
0x004be410|CDatabase::BindParameters|?BindParameters@CDatabase@@UAEXPAX@Z|public: virtual void __thiscall CDatabase::BindParameters(void *)|nafxcw|dbcore.obj|ambiguous|review|45
0x004be430|CDatabase::BindParameters|?BindParameters@CDatabase@@UAEXPAX@Z|public: virtual void __thiscall CDatabase::BindParameters(void *)|nafxcw|dbcore.obj|ambiguous|review|45
0x004be6d0|CDatabase::BindParameters|?BindParameters@CDatabase@@UAEXPAX@Z|public: virtual void __thiscall CDatabase::BindParameters(void *)|nafxcw|dbcore.obj|ambiguous|review|45
0x004be820|AfxGetAfxWndProc|?AfxGetAfxWndProc@@YGP6GJPAUHWND__@@IIJ@ZXZ|long (__stdcall * __stdcall AfxGetAfxWndProc(void))(struct HWND__*, unsigned int, unsigned int, long)|nafxcw|wincore.obj|ambiguous|review|239
0x004be880|_G__non_rtti_object|??_G__non_rtti_object@@UAEPAXI@Z|public: virtual void * __thiscall __non_rtti_object::`scalar deleting dtor'(unsigned int)|libcmt|rtti.obj|ambiguous|review|5
0x004be8b0|CException::~CException|??1CException@@UAE@XZ|public: virtual __thiscall CException::~CException(void)|nafxcw|except.obj|ambiguous|review|16
0x004bec10|_G__non_rtti_object|??_G__non_rtti_object@@UAEPAXI@Z|public: virtual void * __thiscall __non_rtti_object::`scalar deleting dtor'(unsigned int)|libcmt|rtti.obj|ambiguous|review|5
0x004bff60|CView::OnActivateFrame|?OnActivateFrame@CView@@MAEXIPAVCFrameWnd@@@Z|protected: virtual void __thiscall CView::OnActivateFrame(unsigned int, class CFrameWnd *)|nafxcw|viewcore.obj|ambiguous|review|10
0x004c59c0|AfxGetAfxWndProc|?AfxGetAfxWndProc@@YGP6GJPAUHWND__@@IIJ@ZXZ|long (__stdcall * __stdcall AfxGetAfxWndProc(void))(struct HWND__*, unsigned int, unsigned int, long)|nafxcw|wincore.obj|ambiguous|review|239
0x004c5a20|_G__non_rtti_object|??_G__non_rtti_object@@UAEPAXI@Z|public: virtual void * __thiscall __non_rtti_object::`scalar deleting dtor'(unsigned int)|libcmt|rtti.obj|ambiguous|review|5
0x004c5a50|CException::~CException|??1CException@@UAE@XZ|public: virtual __thiscall CException::~CException(void)|nafxcw|except.obj|ambiguous|review|16
0x004c5cc0|AfxGetAfxWndProc|?AfxGetAfxWndProc@@YGP6GJPAUHWND__@@IIJ@ZXZ|long (__stdcall * __stdcall AfxGetAfxWndProc(void))(struct HWND__*, unsigned int, unsigned int, long)|nafxcw|wincore.obj|ambiguous|review|239
0x004c5d20|_G__non_rtti_object|??_G__non_rtti_object@@UAEPAXI@Z|public: virtual void * __thiscall __non_rtti_object::`scalar deleting dtor'(unsigned int)|libcmt|rtti.obj|ambiguous|review|5
0x004c5d50|CException::~CException|??1CException@@UAE@XZ|public: virtual __thiscall CException::~CException(void)|nafxcw|except.obj|ambiguous|review|16
0x004c5fc0|AfxGetAfxWndProc|?AfxGetAfxWndProc@@YGP6GJPAUHWND__@@IIJ@ZXZ|long (__stdcall * __stdcall AfxGetAfxWndProc(void))(struct HWND__*, unsigned int, unsigned int, long)|nafxcw|wincore.obj|ambiguous|review|239
0x004c6020|_G__non_rtti_object|??_G__non_rtti_object@@UAEPAXI@Z|public: virtual void * __thiscall __non_rtti_object::`scalar deleting dtor'(unsigned int)|libcmt|rtti.obj|ambiguous|review|5
0x004c6050|CException::~CException|??1CException@@UAE@XZ|public: virtual __thiscall CException::~CException(void)|nafxcw|except.obj|ambiguous|review|16
0x004c62d0|AfxGetAfxWndProc|?AfxGetAfxWndProc@@YGP6GJPAUHWND__@@IIJ@ZXZ|long (__stdcall * __stdcall AfxGetAfxWndProc(void))(struct HWND__*, unsigned int, unsigned int, long)|nafxcw|wincore.obj|ambiguous|review|239
0x004c6330|_G__non_rtti_object|??_G__non_rtti_object@@UAEPAXI@Z|public: virtual void * __thiscall __non_rtti_object::`scalar deleting dtor'(unsigned int)|libcmt|rtti.obj|ambiguous|review|5
0x004c6360|CException::~CException|??1CException@@UAE@XZ|public: virtual __thiscall CException::~CException(void)|nafxcw|except.obj|ambiguous|review|16
0x004c68c0|DNameStatusNode::length|?length@DNameStatusNode@@UBEHXZ|public: virtual int __thiscall DNameStatusNode::length(void) const|libcmt|undname.obj|ambiguous|review|2
0x004c6aa0|_G__non_rtti_object|??_G__non_rtti_object@@UAEPAXI@Z|public: virtual void * __thiscall __non_rtti_object::`scalar deleting dtor'(unsigned int)|libcmt|rtti.obj|ambiguous|review|5
0x004c6e90|AfxGetAfxWndProc|?AfxGetAfxWndProc@@YGP6GJPAUHWND__@@IIJ@ZXZ|long (__stdcall * __stdcall AfxGetAfxWndProc(void))(struct HWND__*, unsigned int, unsigned int, long)|nafxcw|wincore.obj|ambiguous|review|239
0x004c6ee0|_G__non_rtti_object|??_G__non_rtti_object@@UAEPAXI@Z|public: virtual void * __thiscall __non_rtti_object::`scalar deleting dtor'(unsigned int)|libcmt|rtti.obj|ambiguous|review|5
0x004c6fb0|CObject::AssertValid|?AssertValid@CObject@@UBEXXZ|public: virtual void __thiscall CObject::AssertValid(void) const|nafxcw|except.obj|ambiguous|review|23
0x004c6fd0|CObject::AssertValid|?AssertValid@CObject@@UBEXXZ|public: virtual void __thiscall CObject::AssertValid(void) const|nafxcw|except.obj|ambiguous|review|23
0x004c7290|AfxGetAfxWndProc|?AfxGetAfxWndProc@@YGP6GJPAUHWND__@@IIJ@ZXZ|long (__stdcall * __stdcall AfxGetAfxWndProc(void))(struct HWND__*, unsigned int, unsigned int, long)|nafxcw|wincore.obj|ambiguous|review|239
0x004c72e0|_G__non_rtti_object|??_G__non_rtti_object@@UAEPAXI@Z|public: virtual void * __thiscall __non_rtti_object::`scalar deleting dtor'(unsigned int)|libcmt|rtti.obj|ambiguous|review|5
0x004c7fb0|AfxGetAfxWndProc|?AfxGetAfxWndProc@@YGP6GJPAUHWND__@@IIJ@ZXZ|long (__stdcall * __stdcall AfxGetAfxWndProc(void))(struct HWND__*, unsigned int, unsigned int, long)|nafxcw|wincore.obj|ambiguous|review|239
0x004c8000|_G__non_rtti_object|??_G__non_rtti_object@@UAEPAXI@Z|public: virtual void * __thiscall __non_rtti_object::`scalar deleting dtor'(unsigned int)|libcmt|rtti.obj|ambiguous|review|5
0x004c82a0|AfxGetAfxWndProc|?AfxGetAfxWndProc@@YGP6GJPAUHWND__@@IIJ@ZXZ|long (__stdcall * __stdcall AfxGetAfxWndProc(void))(struct HWND__*, unsigned int, unsigned int, long)|nafxcw|wincore.obj|ambiguous|review|239
0x004c82f0|_G__non_rtti_object|??_G__non_rtti_object@@UAEPAXI@Z|public: virtual void * __thiscall __non_rtti_object::`scalar deleting dtor'(unsigned int)|libcmt|rtti.obj|ambiguous|review|5
0x004c9e10|AfxGetAfxWndProc|?AfxGetAfxWndProc@@YGP6GJPAUHWND__@@IIJ@ZXZ|long (__stdcall * __stdcall AfxGetAfxWndProc(void))(struct HWND__*, unsigned int, unsigned int, long)|nafxcw|wincore.obj|ambiguous|review|239
0x004c9e60|_G__non_rtti_object|??_G__non_rtti_object@@UAEPAXI@Z|public: virtual void * __thiscall __non_rtti_object::`scalar deleting dtor'(unsigned int)|libcmt|rtti.obj|ambiguous|review|5
0x004caaf0|AfxGetAfxWndProc|?AfxGetAfxWndProc@@YGP6GJPAUHWND__@@IIJ@ZXZ|long (__stdcall * __stdcall AfxGetAfxWndProc(void))(struct HWND__*, unsigned int, unsigned int, long)|nafxcw|wincore.obj|ambiguous|review|239
0x004cac40|AfxGetAfxWndProc|?AfxGetAfxWndProc@@YGP6GJPAUHWND__@@IIJ@ZXZ|long (__stdcall * __stdcall AfxGetAfxWndProc(void))(struct HWND__*, unsigned int, unsigned int, long)|nafxcw|wincore.obj|ambiguous|review|239
0x004cac90|_G__non_rtti_object|??_G__non_rtti_object@@UAEPAXI@Z|public: virtual void * __thiscall __non_rtti_object::`scalar deleting dtor'(unsigned int)|libcmt|rtti.obj|ambiguous|review|5
0x004cc3a0|AfxGetAfxWndProc|?AfxGetAfxWndProc@@YGP6GJPAUHWND__@@IIJ@ZXZ|long (__stdcall * __stdcall AfxGetAfxWndProc(void))(struct HWND__*, unsigned int, unsigned int, long)|nafxcw|wincore.obj|ambiguous|review|239
0x004cc3f0|_G__non_rtti_object|??_G__non_rtti_object@@UAEPAXI@Z|public: virtual void * __thiscall __non_rtti_object::`scalar deleting dtor'(unsigned int)|libcmt|rtti.obj|ambiguous|review|5
0x004cc470|CAsyncMonikerFile::OnProgress|?OnProgress@CAsyncMonikerFile@@MAEXKKKPBD@Z|protected: virtual void __thiscall CAsyncMonikerFile::OnProgress(unsigned long, unsigned long, unsigned long, char const *)|nafxcw|oleasmon.obj|unique|review|1
0x004cc770|AfxGetAfxWndProc|?AfxGetAfxWndProc@@YGP6GJPAUHWND__@@IIJ@ZXZ|long (__stdcall * __stdcall AfxGetAfxWndProc(void))(struct HWND__*, unsigned int, unsigned int, long)|nafxcw|wincore.obj|ambiguous|review|239
0x004cc7d0|_G__non_rtti_object|??_G__non_rtti_object@@UAEPAXI@Z|public: virtual void * __thiscall __non_rtti_object::`scalar deleting dtor'(unsigned int)|libcmt|rtti.obj|ambiguous|review|5
0x004cd820|AfxGetAfxWndProc|?AfxGetAfxWndProc@@YGP6GJPAUHWND__@@IIJ@ZXZ|long (__stdcall * __stdcall AfxGetAfxWndProc(void))(struct HWND__*, unsigned int, unsigned int, long)|nafxcw|wincore.obj|ambiguous|review|239
0x004cd880|_G__non_rtti_object|??_G__non_rtti_object@@UAEPAXI@Z|public: virtual void * __thiscall __non_rtti_object::`scalar deleting dtor'(unsigned int)|libcmt|rtti.obj|ambiguous|review|5
0x004ce500|AfxGetAfxWndProc|?AfxGetAfxWndProc@@YGP6GJPAUHWND__@@IIJ@ZXZ|long (__stdcall * __stdcall AfxGetAfxWndProc(void))(struct HWND__*, unsigned int, unsigned int, long)|nafxcw|wincore.obj|ambiguous|review|239
0x004ce520|_AfxBindStatusCallback::CInnerUnknown::CInnerUnknown|??0CInnerUnknown@_AfxBindStatusCallback@@QAE@XZ|public: __thiscall _AfxBindStatusCallback::CInnerUnknown::CInnerUnknown(void)|nafxcw|oleasmon.obj|ambiguous|review|5
0x004ce550|_G__non_rtti_object|??_G__non_rtti_object@@UAEPAXI@Z|public: virtual void * __thiscall __non_rtti_object::`scalar deleting dtor'(unsigned int)|libcmt|rtti.obj|ambiguous|review|5
0x004ced80|AfxGetAfxWndProc|?AfxGetAfxWndProc@@YGP6GJPAUHWND__@@IIJ@ZXZ|long (__stdcall * __stdcall AfxGetAfxWndProc(void))(struct HWND__*, unsigned int, unsigned int, long)|nafxcw|wincore.obj|ambiguous|review|239
0x004cedd0|_G__non_rtti_object|??_G__non_rtti_object@@UAEPAXI@Z|public: virtual void * __thiscall __non_rtti_object::`scalar deleting dtor'(unsigned int)|libcmt|rtti.obj|ambiguous|review|5
0x004d0540|AfxGetAfxWndProc|?AfxGetAfxWndProc@@YGP6GJPAUHWND__@@IIJ@ZXZ|long (__stdcall * __stdcall AfxGetAfxWndProc(void))(struct HWND__*, unsigned int, unsigned int, long)|nafxcw|wincore.obj|ambiguous|review|239
0x004d0590|_G__non_rtti_object|??_G__non_rtti_object@@UAEPAXI@Z|public: virtual void * __thiscall __non_rtti_object::`scalar deleting dtor'(unsigned int)|libcmt|rtti.obj|ambiguous|review|5
0x004d17e0|AfxGetAfxWndProc|?AfxGetAfxWndProc@@YGP6GJPAUHWND__@@IIJ@ZXZ|long (__stdcall * __stdcall AfxGetAfxWndProc(void))(struct HWND__*, unsigned int, unsigned int, long)|nafxcw|wincore.obj|ambiguous|review|239
0x004d1800|_AfxBindStatusCallback::CInnerUnknown::CInnerUnknown|??0CInnerUnknown@_AfxBindStatusCallback@@QAE@XZ|public: __thiscall _AfxBindStatusCallback::CInnerUnknown::CInnerUnknown(void)|nafxcw|oleasmon.obj|ambiguous|review|5
0x004d1830|_G__non_rtti_object|??_G__non_rtti_object@@UAEPAXI@Z|public: virtual void * __thiscall __non_rtti_object::`scalar deleting dtor'(unsigned int)|libcmt|rtti.obj|ambiguous|review|5
0x004d1e60|??1?$CIP@UIBindCtx@@$1?IID_IBindCtx@@3U_GUID@@B@@QAE@XZ|??1?$CIP@UIBindCtx@@$1?IID_IBindCtx@@3U_GUID@@B@@QAE@XZ|public: __thiscall CIP<struct IBindCtx, &struct _GUID const IID_IBindCtx>::~CIP<struct IBindCtx, &struct _GUID const IID_IBindCtx>(void)|nafxcw|olemon.obj|ambiguous|review|77
0x004d2030|AfxGetAfxWndProc|?AfxGetAfxWndProc@@YGP6GJPAUHWND__@@IIJ@ZXZ|long (__stdcall * __stdcall AfxGetAfxWndProc(void))(struct HWND__*, unsigned int, unsigned int, long)|nafxcw|wincore.obj|ambiguous|review|239
0x004d2050|IUnknown::IUnknown|??0IUnknown@@QAE@XZ|public: __thiscall IUnknown::IUnknown(void)|nafxcw|olemon.obj|ambiguous|review|3
0x004d2070|_G__non_rtti_object|??_G__non_rtti_object@@UAEPAXI@Z|public: virtual void * __thiscall __non_rtti_object::`scalar deleting dtor'(unsigned int)|libcmt|rtti.obj|ambiguous|review|5
0x004d20a0|CException::~CException|??1CException@@UAE@XZ|public: virtual __thiscall CException::~CException(void)|nafxcw|except.obj|ambiguous|review|16
0x004d20c0|CObject::AssertValid|?AssertValid@CObject@@UBEXXZ|public: virtual void __thiscall CObject::AssertValid(void) const|nafxcw|except.obj|ambiguous|review|23
0x004d49a0|_G__non_rtti_object|??_G__non_rtti_object@@UAEPAXI@Z|public: virtual void * __thiscall __non_rtti_object::`scalar deleting dtor'(unsigned int)|libcmt|rtti.obj|ambiguous|review|5
0x004d49d0|CException::~CException|??1CException@@UAE@XZ|public: virtual __thiscall CException::~CException(void)|nafxcw|except.obj|ambiguous|review|16
0x004d4bd0|CDatabase::BindParameters|?BindParameters@CDatabase@@UAEXPAX@Z|public: virtual void __thiscall CDatabase::BindParameters(void *)|nafxcw|dbcore.obj|ambiguous|review|45
0x004d6570|AfxGetAfxWndProc|?AfxGetAfxWndProc@@YGP6GJPAUHWND__@@IIJ@ZXZ|long (__stdcall * __stdcall AfxGetAfxWndProc(void))(struct HWND__*, unsigned int, unsigned int, long)|nafxcw|wincore.obj|ambiguous|review|239
0x004d6590|_AfxBindStatusCallback::CInnerUnknown::CInnerUnknown|??0CInnerUnknown@_AfxBindStatusCallback@@QAE@XZ|public: __thiscall _AfxBindStatusCallback::CInnerUnknown::CInnerUnknown(void)|nafxcw|oleasmon.obj|ambiguous|review|5
0x004d65c0|_G__non_rtti_object|??_G__non_rtti_object@@UAEPAXI@Z|public: virtual void * __thiscall __non_rtti_object::`scalar deleting dtor'(unsigned int)|libcmt|rtti.obj|ambiguous|review|5
0x004d6790|CView::OnActivateFrame|?OnActivateFrame@CView@@MAEXIPAVCFrameWnd@@@Z|protected: virtual void __thiscall CView::OnActivateFrame(unsigned int, class CFrameWnd *)|nafxcw|viewcore.obj|ambiguous|review|10
0x004d67b0|AfxGetAfxWndProc|?AfxGetAfxWndProc@@YGP6GJPAUHWND__@@IIJ@ZXZ|long (__stdcall * __stdcall AfxGetAfxWndProc(void))(struct HWND__*, unsigned int, unsigned int, long)|nafxcw|wincore.obj|ambiguous|review|239
0x004d6850|_G__non_rtti_object|??_G__non_rtti_object@@UAEPAXI@Z|public: virtual void * __thiscall __non_rtti_object::`scalar deleting dtor'(unsigned int)|libcmt|rtti.obj|ambiguous|review|5
0x004d7e90|CDatabase::BindParameters|?BindParameters@CDatabase@@UAEXPAX@Z|public: virtual void __thiscall CDatabase::BindParameters(void *)|nafxcw|dbcore.obj|ambiguous|review|45
0x004d7f80|CView::OnActivateFrame|?OnActivateFrame@CView@@MAEXIPAVCFrameWnd@@@Z|protected: virtual void __thiscall CView::OnActivateFrame(unsigned int, class CFrameWnd *)|nafxcw|viewcore.obj|ambiguous|review|10
0x004d7fa0|CFileDialog::OnLBSelChangedNotify|?OnLBSelChangedNotify@CFileDialog@@MAEXIII@Z|protected: virtual void __thiscall CFileDialog::OnLBSelChangedNotify(unsigned int, unsigned int, unsigned int)|nafxcw|dlgfile.obj|ambiguous|review|2
0x004d7fe0|CView::OnActivateFrame|?OnActivateFrame@CView@@MAEXIPAVCFrameWnd@@@Z|protected: virtual void __thiscall CView::OnActivateFrame(unsigned int, class CFrameWnd *)|nafxcw|viewcore.obj|ambiguous|review|10
0x004d89d0|AfxGetAfxWndProc|?AfxGetAfxWndProc@@YGP6GJPAUHWND__@@IIJ@ZXZ|long (__stdcall * __stdcall AfxGetAfxWndProc(void))(struct HWND__*, unsigned int, unsigned int, long)|nafxcw|wincore.obj|ambiguous|review|239
0x004d8bc0|CObject::AssertValid|?AssertValid@CObject@@UBEXXZ|public: virtual void __thiscall CObject::AssertValid(void) const|nafxcw|except.obj|ambiguous|review|23
0x004d8be0|CDatabase::BindParameters|?BindParameters@CDatabase@@UAEXPAX@Z|public: virtual void __thiscall CDatabase::BindParameters(void *)|nafxcw|dbcore.obj|ambiguous|review|45
0x004d8c20|_G__non_rtti_object|??_G__non_rtti_object@@UAEPAXI@Z|public: virtual void * __thiscall __non_rtti_object::`scalar deleting dtor'(unsigned int)|libcmt|rtti.obj|ambiguous|review|5
0x004da5c0|CObject::AssertValid|?AssertValid@CObject@@UBEXXZ|public: virtual void __thiscall CObject::AssertValid(void) const|nafxcw|except.obj|ambiguous|review|23
0x004dab00|CObject::AssertValid|?AssertValid@CObject@@UBEXXZ|public: virtual void __thiscall CObject::AssertValid(void) const|nafxcw|except.obj|ambiguous|review|23
0x004dca80|CDatabase::BindParameters|?BindParameters@CDatabase@@UAEXPAX@Z|public: virtual void __thiscall CDatabase::BindParameters(void *)|nafxcw|dbcore.obj|ambiguous|review|45
0x004dcc30|CObject::AssertValid|?AssertValid@CObject@@UBEXXZ|public: virtual void __thiscall CObject::AssertValid(void) const|nafxcw|except.obj|ambiguous|review|23
0x004de2b0|CObject::AssertValid|?AssertValid@CObject@@UBEXXZ|public: virtual void __thiscall CObject::AssertValid(void) const|nafxcw|except.obj|ambiguous|review|23
0x004e0420|CDatabase::BindParameters|?BindParameters@CDatabase@@UAEXPAX@Z|public: virtual void __thiscall CDatabase::BindParameters(void *)|nafxcw|dbcore.obj|ambiguous|review|45
0x004e0440|CDatabase::BindParameters|?BindParameters@CDatabase@@UAEXPAX@Z|public: virtual void __thiscall CDatabase::BindParameters(void *)|nafxcw|dbcore.obj|ambiguous|review|45
0x004e1f20|CObject::AssertValid|?AssertValid@CObject@@UBEXXZ|public: virtual void __thiscall CObject::AssertValid(void) const|nafxcw|except.obj|ambiguous|review|23
0x004e2190|CObject::AssertValid|?AssertValid@CObject@@UBEXXZ|public: virtual void __thiscall CObject::AssertValid(void) const|nafxcw|except.obj|ambiguous|review|23
0x004e36f0|AfxGetAfxWndProc|?AfxGetAfxWndProc@@YGP6GJPAUHWND__@@IIJ@ZXZ|long (__stdcall * __stdcall AfxGetAfxWndProc(void))(struct HWND__*, unsigned int, unsigned int, long)|nafxcw|wincore.obj|ambiguous|review|239
0x004e3790|_G__non_rtti_object|??_G__non_rtti_object@@UAEPAXI@Z|public: virtual void * __thiscall __non_rtti_object::`scalar deleting dtor'(unsigned int)|libcmt|rtti.obj|ambiguous|review|5
0x004e6610|CObject::AssertValid|?AssertValid@CObject@@UBEXXZ|public: virtual void __thiscall CObject::AssertValid(void) const|nafxcw|except.obj|ambiguous|review|23
0x004e6630|_G__non_rtti_object|??_G__non_rtti_object@@UAEPAXI@Z|public: virtual void * __thiscall __non_rtti_object::`scalar deleting dtor'(unsigned int)|libcmt|rtti.obj|ambiguous|review|5
0x004e6660|CException::~CException|??1CException@@UAE@XZ|public: virtual __thiscall CException::~CException(void)|nafxcw|except.obj|ambiguous|review|16
0x004e6680|AfxGetAfxWndProc|?AfxGetAfxWndProc@@YGP6GJPAUHWND__@@IIJ@ZXZ|long (__stdcall * __stdcall AfxGetAfxWndProc(void))(struct HWND__*, unsigned int, unsigned int, long)|nafxcw|wincore.obj|ambiguous|review|239
0x004e66f0|AfxGetAfxWndProc|?AfxGetAfxWndProc@@YGP6GJPAUHWND__@@IIJ@ZXZ|long (__stdcall * __stdcall AfxGetAfxWndProc(void))(struct HWND__*, unsigned int, unsigned int, long)|nafxcw|wincore.obj|ambiguous|review|239
0x004e6b30|AfxGetAfxWndProc|?AfxGetAfxWndProc@@YGP6GJPAUHWND__@@IIJ@ZXZ|long (__stdcall * __stdcall AfxGetAfxWndProc(void))(struct HWND__*, unsigned int, unsigned int, long)|nafxcw|wincore.obj|ambiguous|review|239
0x004e6b80|_G__non_rtti_object|??_G__non_rtti_object@@UAEPAXI@Z|public: virtual void * __thiscall __non_rtti_object::`scalar deleting dtor'(unsigned int)|libcmt|rtti.obj|ambiguous|review|5
0x004e7910|CDatabase::BindParameters|?BindParameters@CDatabase@@UAEXPAX@Z|public: virtual void __thiscall CDatabase::BindParameters(void *)|nafxcw|dbcore.obj|ambiguous|review|45
0x004e7930|CDatabase::BindParameters|?BindParameters@CDatabase@@UAEXPAX@Z|public: virtual void __thiscall CDatabase::BindParameters(void *)|nafxcw|dbcore.obj|ambiguous|review|45
0x004e7950|CDatabase::BindParameters|?BindParameters@CDatabase@@UAEXPAX@Z|public: virtual void __thiscall CDatabase::BindParameters(void *)|nafxcw|dbcore.obj|ambiguous|review|45
0x004e7970|CObject::AssertValid|?AssertValid@CObject@@UBEXXZ|public: virtual void __thiscall CObject::AssertValid(void) const|nafxcw|except.obj|ambiguous|review|23
0x004e7ca0|CObject::AssertValid|?AssertValid@CObject@@UBEXXZ|public: virtual void __thiscall CObject::AssertValid(void) const|nafxcw|except.obj|ambiguous|review|23
0x004ea430|CFileDialog::OnLBSelChangedNotify|?OnLBSelChangedNotify@CFileDialog@@MAEXIII@Z|protected: virtual void __thiscall CFileDialog::OnLBSelChangedNotify(unsigned int, unsigned int, unsigned int)|nafxcw|dlgfile.obj|ambiguous|review|2
0x004ea450|CObject::AssertValid|?AssertValid@CObject@@UBEXXZ|public: virtual void __thiscall CObject::AssertValid(void) const|nafxcw|except.obj|ambiguous|review|23
0x004ec0c0|AfxGetAfxWndProc|?AfxGetAfxWndProc@@YGP6GJPAUHWND__@@IIJ@ZXZ|long (__stdcall * __stdcall AfxGetAfxWndProc(void))(struct HWND__*, unsigned int, unsigned int, long)|nafxcw|wincore.obj|ambiguous|review|239
0x004ec0e0|_AfxBindStatusCallback::CInnerUnknown::CInnerUnknown|??0CInnerUnknown@_AfxBindStatusCallback@@QAE@XZ|public: __thiscall _AfxBindStatusCallback::CInnerUnknown::CInnerUnknown(void)|nafxcw|oleasmon.obj|ambiguous|review|5
0x004ec110|_G__non_rtti_object|??_G__non_rtti_object@@UAEPAXI@Z|public: virtual void * __thiscall __non_rtti_object::`scalar deleting dtor'(unsigned int)|libcmt|rtti.obj|ambiguous|review|5
0x004ec140|CException::~CException|??1CException@@UAE@XZ|public: virtual __thiscall CException::~CException(void)|nafxcw|except.obj|ambiguous|review|16
0x004ed4c0|AfxGetAfxWndProc|?AfxGetAfxWndProc@@YGP6GJPAUHWND__@@IIJ@ZXZ|long (__stdcall * __stdcall AfxGetAfxWndProc(void))(struct HWND__*, unsigned int, unsigned int, long)|nafxcw|wincore.obj|ambiguous|review|239
0x004ed510|_G__non_rtti_object|??_G__non_rtti_object@@UAEPAXI@Z|public: virtual void * __thiscall __non_rtti_object::`scalar deleting dtor'(unsigned int)|libcmt|rtti.obj|ambiguous|review|5
0x004ed540|CException::~CException|??1CException@@UAE@XZ|public: virtual __thiscall CException::~CException(void)|nafxcw|except.obj|ambiguous|review|16
0x004ed7f0|AfxGetAfxWndProc|?AfxGetAfxWndProc@@YGP6GJPAUHWND__@@IIJ@ZXZ|long (__stdcall * __stdcall AfxGetAfxWndProc(void))(struct HWND__*, unsigned int, unsigned int, long)|nafxcw|wincore.obj|ambiguous|review|239
0x004ed840|_G__non_rtti_object|??_G__non_rtti_object@@UAEPAXI@Z|public: virtual void * __thiscall __non_rtti_object::`scalar deleting dtor'(unsigned int)|libcmt|rtti.obj|ambiguous|review|5
0x004ed870|CException::~CException|??1CException@@UAE@XZ|public: virtual __thiscall CException::~CException(void)|nafxcw|except.obj|ambiguous|review|16
0x004edae0|AfxGetAfxWndProc|?AfxGetAfxWndProc@@YGP6GJPAUHWND__@@IIJ@ZXZ|long (__stdcall * __stdcall AfxGetAfxWndProc(void))(struct HWND__*, unsigned int, unsigned int, long)|nafxcw|wincore.obj|ambiguous|review|239
0x004edb30|_G__non_rtti_object|??_G__non_rtti_object@@UAEPAXI@Z|public: virtual void * __thiscall __non_rtti_object::`scalar deleting dtor'(unsigned int)|libcmt|rtti.obj|ambiguous|review|5
0x004edb60|CException::~CException|??1CException@@UAE@XZ|public: virtual __thiscall CException::~CException(void)|nafxcw|except.obj|ambiguous|review|16
0x004eddc0|AfxGetAfxWndProc|?AfxGetAfxWndProc@@YGP6GJPAUHWND__@@IIJ@ZXZ|long (__stdcall * __stdcall AfxGetAfxWndProc(void))(struct HWND__*, unsigned int, unsigned int, long)|nafxcw|wincore.obj|ambiguous|review|239
0x004ede10|_G__non_rtti_object|??_G__non_rtti_object@@UAEPAXI@Z|public: virtual void * __thiscall __non_rtti_object::`scalar deleting dtor'(unsigned int)|libcmt|rtti.obj|ambiguous|review|5
0x004ede40|CException::~CException|??1CException@@UAE@XZ|public: virtual __thiscall CException::~CException(void)|nafxcw|except.obj|ambiguous|review|16
0x004ee0b0|AfxGetAfxWndProc|?AfxGetAfxWndProc@@YGP6GJPAUHWND__@@IIJ@ZXZ|long (__stdcall * __stdcall AfxGetAfxWndProc(void))(struct HWND__*, unsigned int, unsigned int, long)|nafxcw|wincore.obj|ambiguous|review|239
0x004ee100|_G__non_rtti_object|??_G__non_rtti_object@@UAEPAXI@Z|public: virtual void * __thiscall __non_rtti_object::`scalar deleting dtor'(unsigned int)|libcmt|rtti.obj|ambiguous|review|5
0x004ee130|CException::~CException|??1CException@@UAE@XZ|public: virtual __thiscall CException::~CException(void)|nafxcw|except.obj|ambiguous|review|16
0x004ee520|AfxGetAfxWndProc|?AfxGetAfxWndProc@@YGP6GJPAUHWND__@@IIJ@ZXZ|long (__stdcall * __stdcall AfxGetAfxWndProc(void))(struct HWND__*, unsigned int, unsigned int, long)|nafxcw|wincore.obj|ambiguous|review|239
0x004ee540|_AfxBindStatusCallback::CInnerUnknown::CInnerUnknown|??0CInnerUnknown@_AfxBindStatusCallback@@QAE@XZ|public: __thiscall _AfxBindStatusCallback::CInnerUnknown::CInnerUnknown(void)|nafxcw|oleasmon.obj|ambiguous|review|5
0x004ee570|_G__non_rtti_object|??_G__non_rtti_object@@UAEPAXI@Z|public: virtual void * __thiscall __non_rtti_object::`scalar deleting dtor'(unsigned int)|libcmt|rtti.obj|ambiguous|review|5
0x004ee6a0|AfxGetAfxWndProc|?AfxGetAfxWndProc@@YGP6GJPAUHWND__@@IIJ@ZXZ|long (__stdcall * __stdcall AfxGetAfxWndProc(void))(struct HWND__*, unsigned int, unsigned int, long)|nafxcw|wincore.obj|ambiguous|review|239
0x004ee700|_G__non_rtti_object|??_G__non_rtti_object@@UAEPAXI@Z|public: virtual void * __thiscall __non_rtti_object::`scalar deleting dtor'(unsigned int)|libcmt|rtti.obj|ambiguous|review|5
0x004f0dd0|_G__non_rtti_object|??_G__non_rtti_object@@UAEPAXI@Z|public: virtual void * __thiscall __non_rtti_object::`scalar deleting dtor'(unsigned int)|libcmt|rtti.obj|ambiguous|review|5
0x004f0e00|CException::~CException|??1CException@@UAE@XZ|public: virtual __thiscall CException::~CException(void)|nafxcw|except.obj|ambiguous|review|16
0x004f2910|AfxGetAfxWndProc|?AfxGetAfxWndProc@@YGP6GJPAUHWND__@@IIJ@ZXZ|long (__stdcall * __stdcall AfxGetAfxWndProc(void))(struct HWND__*, unsigned int, unsigned int, long)|nafxcw|wincore.obj|ambiguous|review|239
0x004f2c40|AfxGetAfxWndProc|?AfxGetAfxWndProc@@YGP6GJPAUHWND__@@IIJ@ZXZ|long (__stdcall * __stdcall AfxGetAfxWndProc(void))(struct HWND__*, unsigned int, unsigned int, long)|nafxcw|wincore.obj|ambiguous|review|239
0x004f2c90|_G__non_rtti_object|??_G__non_rtti_object@@UAEPAXI@Z|public: virtual void * __thiscall __non_rtti_object::`scalar deleting dtor'(unsigned int)|libcmt|rtti.obj|ambiguous|review|5
0x004f2fb0|AfxGetAfxWndProc|?AfxGetAfxWndProc@@YGP6GJPAUHWND__@@IIJ@ZXZ|long (__stdcall * __stdcall AfxGetAfxWndProc(void))(struct HWND__*, unsigned int, unsigned int, long)|nafxcw|wincore.obj|ambiguous|review|239
0x004f3000|_G__non_rtti_object|??_G__non_rtti_object@@UAEPAXI@Z|public: virtual void * __thiscall __non_rtti_object::`scalar deleting dtor'(unsigned int)|libcmt|rtti.obj|ambiguous|review|5
0x004f3220|CObject::AssertValid|?AssertValid@CObject@@UBEXXZ|public: virtual void __thiscall CObject::AssertValid(void) const|nafxcw|except.obj|ambiguous|review|23
0x004f32d0|AfxGetAfxWndProc|?AfxGetAfxWndProc@@YGP6GJPAUHWND__@@IIJ@ZXZ|long (__stdcall * __stdcall AfxGetAfxWndProc(void))(struct HWND__*, unsigned int, unsigned int, long)|nafxcw|wincore.obj|ambiguous|review|239
0x004f3320|_G__non_rtti_object|??_G__non_rtti_object@@UAEPAXI@Z|public: virtual void * __thiscall __non_rtti_object::`scalar deleting dtor'(unsigned int)|libcmt|rtti.obj|ambiguous|review|5
0x004f3670|AfxGetAfxWndProc|?AfxGetAfxWndProc@@YGP6GJPAUHWND__@@IIJ@ZXZ|long (__stdcall * __stdcall AfxGetAfxWndProc(void))(struct HWND__*, unsigned int, unsigned int, long)|nafxcw|wincore.obj|ambiguous|review|239
0x004f36c0|_G__non_rtti_object|??_G__non_rtti_object@@UAEPAXI@Z|public: virtual void * __thiscall __non_rtti_object::`scalar deleting dtor'(unsigned int)|libcmt|rtti.obj|ambiguous|review|5
0x004f38c0|AfxGetAfxWndProc|?AfxGetAfxWndProc@@YGP6GJPAUHWND__@@IIJ@ZXZ|long (__stdcall * __stdcall AfxGetAfxWndProc(void))(struct HWND__*, unsigned int, unsigned int, long)|nafxcw|wincore.obj|ambiguous|review|239
0x004f38e0|_AfxBindStatusCallback::CInnerUnknown::CInnerUnknown|??0CInnerUnknown@_AfxBindStatusCallback@@QAE@XZ|public: __thiscall _AfxBindStatusCallback::CInnerUnknown::CInnerUnknown(void)|nafxcw|oleasmon.obj|ambiguous|review|5
0x004f3910|_G__non_rtti_object|??_G__non_rtti_object@@UAEPAXI@Z|public: virtual void * __thiscall __non_rtti_object::`scalar deleting dtor'(unsigned int)|libcmt|rtti.obj|ambiguous|review|5
0x004f3b60|AfxGetAfxWndProc|?AfxGetAfxWndProc@@YGP6GJPAUHWND__@@IIJ@ZXZ|long (__stdcall * __stdcall AfxGetAfxWndProc(void))(struct HWND__*, unsigned int, unsigned int, long)|nafxcw|wincore.obj|ambiguous|review|239
0x004f3c70|IUnknown::IUnknown|??0IUnknown@@QAE@XZ|public: __thiscall IUnknown::IUnknown(void)|nafxcw|olemon.obj|ambiguous|review|3
0x004f3c90|_G__non_rtti_object|??_G__non_rtti_object@@UAEPAXI@Z|public: virtual void * __thiscall __non_rtti_object::`scalar deleting dtor'(unsigned int)|libcmt|rtti.obj|ambiguous|review|5
0x004f5f90|CView::OnActivateFrame|?OnActivateFrame@CView@@MAEXIPAVCFrameWnd@@@Z|protected: virtual void __thiscall CView::OnActivateFrame(unsigned int, class CFrameWnd *)|nafxcw|viewcore.obj|ambiguous|review|10
0x004f7970|_G__non_rtti_object|??_G__non_rtti_object@@UAEPAXI@Z|public: virtual void * __thiscall __non_rtti_object::`scalar deleting dtor'(unsigned int)|libcmt|rtti.obj|ambiguous|review|5
0x004f79c0|AfxGetAfxWndProc|?AfxGetAfxWndProc@@YGP6GJPAUHWND__@@IIJ@ZXZ|long (__stdcall * __stdcall AfxGetAfxWndProc(void))(struct HWND__*, unsigned int, unsigned int, long)|nafxcw|wincore.obj|ambiguous|review|239
0x004f7aa0|AfxGetAfxWndProc|?AfxGetAfxWndProc@@YGP6GJPAUHWND__@@IIJ@ZXZ|long (__stdcall * __stdcall AfxGetAfxWndProc(void))(struct HWND__*, unsigned int, unsigned int, long)|nafxcw|wincore.obj|ambiguous|review|239
0x004f8060|AfxGetAfxWndProc|?AfxGetAfxWndProc@@YGP6GJPAUHWND__@@IIJ@ZXZ|long (__stdcall * __stdcall AfxGetAfxWndProc(void))(struct HWND__*, unsigned int, unsigned int, long)|nafxcw|wincore.obj|ambiguous|review|239
0x004f8760|AfxGetAfxWndProc|?AfxGetAfxWndProc@@YGP6GJPAUHWND__@@IIJ@ZXZ|long (__stdcall * __stdcall AfxGetAfxWndProc(void))(struct HWND__*, unsigned int, unsigned int, long)|nafxcw|wincore.obj|ambiguous|review|239
0x004f8f50|AfxGetAfxWndProc|?AfxGetAfxWndProc@@YGP6GJPAUHWND__@@IIJ@ZXZ|long (__stdcall * __stdcall AfxGetAfxWndProc(void))(struct HWND__*, unsigned int, unsigned int, long)|nafxcw|wincore.obj|ambiguous|review|239
0x004f8fa0|_G__non_rtti_object|??_G__non_rtti_object@@UAEPAXI@Z|public: virtual void * __thiscall __non_rtti_object::`scalar deleting dtor'(unsigned int)|libcmt|rtti.obj|ambiguous|review|5
0x004f9ff0|AfxGetAfxWndProc|?AfxGetAfxWndProc@@YGP6GJPAUHWND__@@IIJ@ZXZ|long (__stdcall * __stdcall AfxGetAfxWndProc(void))(struct HWND__*, unsigned int, unsigned int, long)|nafxcw|wincore.obj|ambiguous|review|239
0x004fb010|AfxGetAfxWndProc|?AfxGetAfxWndProc@@YGP6GJPAUHWND__@@IIJ@ZXZ|long (__stdcall * __stdcall AfxGetAfxWndProc(void))(struct HWND__*, unsigned int, unsigned int, long)|nafxcw|wincore.obj|ambiguous|review|239
0x004fb760|AfxGetAfxWndProc|?AfxGetAfxWndProc@@YGP6GJPAUHWND__@@IIJ@ZXZ|long (__stdcall * __stdcall AfxGetAfxWndProc(void))(struct HWND__*, unsigned int, unsigned int, long)|nafxcw|wincore.obj|ambiguous|review|239
0x004fba50|AfxGetAfxWndProc|?AfxGetAfxWndProc@@YGP6GJPAUHWND__@@IIJ@ZXZ|long (__stdcall * __stdcall AfxGetAfxWndProc(void))(struct HWND__*, unsigned int, unsigned int, long)|nafxcw|wincore.obj|ambiguous|review|239
0x004fca70|AfxGetAfxWndProc|?AfxGetAfxWndProc@@YGP6GJPAUHWND__@@IIJ@ZXZ|long (__stdcall * __stdcall AfxGetAfxWndProc(void))(struct HWND__*, unsigned int, unsigned int, long)|nafxcw|wincore.obj|ambiguous|review|239
0x004fdf50|_G__non_rtti_object|??_G__non_rtti_object@@UAEPAXI@Z|public: virtual void * __thiscall __non_rtti_object::`scalar deleting dtor'(unsigned int)|libcmt|rtti.obj|ambiguous|review|5
0x004fdfa0|AfxGetAfxWndProc|?AfxGetAfxWndProc@@YGP6GJPAUHWND__@@IIJ@ZXZ|long (__stdcall * __stdcall AfxGetAfxWndProc(void))(struct HWND__*, unsigned int, unsigned int, long)|nafxcw|wincore.obj|ambiguous|review|239
0x004fe240|_G__non_rtti_object|??_G__non_rtti_object@@UAEPAXI@Z|public: virtual void * __thiscall __non_rtti_object::`scalar deleting dtor'(unsigned int)|libcmt|rtti.obj|ambiguous|review|5
0x004fe290|AfxGetAfxWndProc|?AfxGetAfxWndProc@@YGP6GJPAUHWND__@@IIJ@ZXZ|long (__stdcall * __stdcall AfxGetAfxWndProc(void))(struct HWND__*, unsigned int, unsigned int, long)|nafxcw|wincore.obj|ambiguous|review|239
0x004fe780|AfxGetAfxWndProc|?AfxGetAfxWndProc@@YGP6GJPAUHWND__@@IIJ@ZXZ|long (__stdcall * __stdcall AfxGetAfxWndProc(void))(struct HWND__*, unsigned int, unsigned int, long)|nafxcw|wincore.obj|ambiguous|review|239
0x004fe7f0|_G__non_rtti_object|??_G__non_rtti_object@@UAEPAXI@Z|public: virtual void * __thiscall __non_rtti_object::`scalar deleting dtor'(unsigned int)|libcmt|rtti.obj|ambiguous|review|5
0x004fe820|CException::~CException|??1CException@@UAE@XZ|public: virtual __thiscall CException::~CException(void)|nafxcw|except.obj|ambiguous|review|16
0x004fed50|CDatabase::BindParameters|?BindParameters@CDatabase@@UAEXPAX@Z|public: virtual void __thiscall CDatabase::BindParameters(void *)|nafxcw|dbcore.obj|ambiguous|review|45
0x004ff150|_G__non_rtti_object|??_G__non_rtti_object@@UAEPAXI@Z|public: virtual void * __thiscall __non_rtti_object::`scalar deleting dtor'(unsigned int)|libcmt|rtti.obj|ambiguous|review|5
0x004ff180|CException::~CException|??1CException@@UAE@XZ|public: virtual __thiscall CException::~CException(void)|nafxcw|except.obj|ambiguous|review|16
0x004ff1a0|AfxGetAfxWndProc|?AfxGetAfxWndProc@@YGP6GJPAUHWND__@@IIJ@ZXZ|long (__stdcall * __stdcall AfxGetAfxWndProc(void))(struct HWND__*, unsigned int, unsigned int, long)|nafxcw|wincore.obj|ambiguous|review|239
0x004ff280|_G__non_rtti_object|??_G__non_rtti_object@@UAEPAXI@Z|public: virtual void * __thiscall __non_rtti_object::`scalar deleting dtor'(unsigned int)|libcmt|rtti.obj|ambiguous|review|5
0x004ff2d0|AfxGetAfxWndProc|?AfxGetAfxWndProc@@YGP6GJPAUHWND__@@IIJ@ZXZ|long (__stdcall * __stdcall AfxGetAfxWndProc(void))(struct HWND__*, unsigned int, unsigned int, long)|nafxcw|wincore.obj|ambiguous|review|239
0x004ff490|AfxGetAfxWndProc|?AfxGetAfxWndProc@@YGP6GJPAUHWND__@@IIJ@ZXZ|long (__stdcall * __stdcall AfxGetAfxWndProc(void))(struct HWND__*, unsigned int, unsigned int, long)|nafxcw|wincore.obj|ambiguous|review|239
0x004ff4d0|_G__non_rtti_object|??_G__non_rtti_object@@UAEPAXI@Z|public: virtual void * __thiscall __non_rtti_object::`scalar deleting dtor'(unsigned int)|libcmt|rtti.obj|ambiguous|review|5
0x004ff500|CException::~CException|??1CException@@UAE@XZ|public: virtual __thiscall CException::~CException(void)|nafxcw|except.obj|ambiguous|review|16
0x004ff6c0|AfxGetAfxWndProc|?AfxGetAfxWndProc@@YGP6GJPAUHWND__@@IIJ@ZXZ|long (__stdcall * __stdcall AfxGetAfxWndProc(void))(struct HWND__*, unsigned int, unsigned int, long)|nafxcw|wincore.obj|ambiguous|review|239
0x004ff6e0|IUnknown::IUnknown|??0IUnknown@@QAE@XZ|public: __thiscall IUnknown::IUnknown(void)|nafxcw|olemon.obj|ambiguous|review|3
0x004ff700|_G__non_rtti_object|??_G__non_rtti_object@@UAEPAXI@Z|public: virtual void * __thiscall __non_rtti_object::`scalar deleting dtor'(unsigned int)|libcmt|rtti.obj|ambiguous|review|5
0x004ff730|CException::~CException|??1CException@@UAE@XZ|public: virtual __thiscall CException::~CException(void)|nafxcw|except.obj|ambiguous|review|16
0x004ffbf0|AfxGetAfxWndProc|?AfxGetAfxWndProc@@YGP6GJPAUHWND__@@IIJ@ZXZ|long (__stdcall * __stdcall AfxGetAfxWndProc(void))(struct HWND__*, unsigned int, unsigned int, long)|nafxcw|wincore.obj|ambiguous|review|239
0x004ffc60|_G__non_rtti_object|??_G__non_rtti_object@@UAEPAXI@Z|public: virtual void * __thiscall __non_rtti_object::`scalar deleting dtor'(unsigned int)|libcmt|rtti.obj|ambiguous|review|5
0x00500200|CObject::AssertValid|?AssertValid@CObject@@UBEXXZ|public: virtual void __thiscall CObject::AssertValid(void) const|nafxcw|except.obj|ambiguous|review|23
0x00500220|CObject::AssertValid|?AssertValid@CObject@@UBEXXZ|public: virtual void __thiscall CObject::AssertValid(void) const|nafxcw|except.obj|ambiguous|review|23
0x00500300|AfxGetAfxWndProc|?AfxGetAfxWndProc@@YGP6GJPAUHWND__@@IIJ@ZXZ|long (__stdcall * __stdcall AfxGetAfxWndProc(void))(struct HWND__*, unsigned int, unsigned int, long)|nafxcw|wincore.obj|ambiguous|review|239
0x00500320|_AfxBindStatusCallback::CInnerUnknown::CInnerUnknown|??0CInnerUnknown@_AfxBindStatusCallback@@QAE@XZ|public: __thiscall _AfxBindStatusCallback::CInnerUnknown::CInnerUnknown(void)|nafxcw|oleasmon.obj|ambiguous|review|5
0x00500350|_G__non_rtti_object|??_G__non_rtti_object@@UAEPAXI@Z|public: virtual void * __thiscall __non_rtti_object::`scalar deleting dtor'(unsigned int)|libcmt|rtti.obj|ambiguous|review|5
0x005005c0|AfxGetAfxWndProc|?AfxGetAfxWndProc@@YGP6GJPAUHWND__@@IIJ@ZXZ|long (__stdcall * __stdcall AfxGetAfxWndProc(void))(struct HWND__*, unsigned int, unsigned int, long)|nafxcw|wincore.obj|ambiguous|review|239
0x00500630|_G__non_rtti_object|??_G__non_rtti_object@@UAEPAXI@Z|public: virtual void * __thiscall __non_rtti_object::`scalar deleting dtor'(unsigned int)|libcmt|rtti.obj|ambiguous|review|5
0x00500660|CException::~CException|??1CException@@UAE@XZ|public: virtual __thiscall CException::~CException(void)|nafxcw|except.obj|ambiguous|review|16
0x005033e0|CFileDialog::OnLBSelChangedNotify|?OnLBSelChangedNotify@CFileDialog@@MAEXIII@Z|protected: virtual void __thiscall CFileDialog::OnLBSelChangedNotify(unsigned int, unsigned int, unsigned int)|nafxcw|dlgfile.obj|ambiguous|review|2
0x00503400|CDatabase::BindParameters|?BindParameters@CDatabase@@UAEXPAX@Z|public: virtual void __thiscall CDatabase::BindParameters(void *)|nafxcw|dbcore.obj|ambiguous|review|45
0x00503c70|AfxGetAfxWndProc|?AfxGetAfxWndProc@@YGP6GJPAUHWND__@@IIJ@ZXZ|long (__stdcall * __stdcall AfxGetAfxWndProc(void))(struct HWND__*, unsigned int, unsigned int, long)|nafxcw|wincore.obj|ambiguous|review|239
0x00503cc0|_G__non_rtti_object|??_G__non_rtti_object@@UAEPAXI@Z|public: virtual void * __thiscall __non_rtti_object::`scalar deleting dtor'(unsigned int)|libcmt|rtti.obj|ambiguous|review|5
0x00504bd0|AfxGetAfxWndProc|?AfxGetAfxWndProc@@YGP6GJPAUHWND__@@IIJ@ZXZ|long (__stdcall * __stdcall AfxGetAfxWndProc(void))(struct HWND__*, unsigned int, unsigned int, long)|nafxcw|wincore.obj|ambiguous|review|239
0x00504bf0|_AfxBindStatusCallback::CInnerUnknown::CInnerUnknown|??0CInnerUnknown@_AfxBindStatusCallback@@QAE@XZ|public: __thiscall _AfxBindStatusCallback::CInnerUnknown::CInnerUnknown(void)|nafxcw|oleasmon.obj|ambiguous|review|5
0x00504c20|_G__non_rtti_object|??_G__non_rtti_object@@UAEPAXI@Z|public: virtual void * __thiscall __non_rtti_object::`scalar deleting dtor'(unsigned int)|libcmt|rtti.obj|ambiguous|review|5
0x00504d20|AfxGetAfxWndProc|?AfxGetAfxWndProc@@YGP6GJPAUHWND__@@IIJ@ZXZ|long (__stdcall * __stdcall AfxGetAfxWndProc(void))(struct HWND__*, unsigned int, unsigned int, long)|nafxcw|wincore.obj|ambiguous|review|239
0x00504d40|_AfxBindStatusCallback::CInnerUnknown::CInnerUnknown|??0CInnerUnknown@_AfxBindStatusCallback@@QAE@XZ|public: __thiscall _AfxBindStatusCallback::CInnerUnknown::CInnerUnknown(void)|nafxcw|oleasmon.obj|ambiguous|review|5
0x00504d70|_G__non_rtti_object|??_G__non_rtti_object@@UAEPAXI@Z|public: virtual void * __thiscall __non_rtti_object::`scalar deleting dtor'(unsigned int)|libcmt|rtti.obj|ambiguous|review|5
0x00504e70|AfxGetAfxWndProc|?AfxGetAfxWndProc@@YGP6GJPAUHWND__@@IIJ@ZXZ|long (__stdcall * __stdcall AfxGetAfxWndProc(void))(struct HWND__*, unsigned int, unsigned int, long)|nafxcw|wincore.obj|ambiguous|review|239
0x00505ac0|AfxGetAfxWndProc|?AfxGetAfxWndProc@@YGP6GJPAUHWND__@@IIJ@ZXZ|long (__stdcall * __stdcall AfxGetAfxWndProc(void))(struct HWND__*, unsigned int, unsigned int, long)|nafxcw|wincore.obj|ambiguous|review|239
0x00505ae0|_AfxBindStatusCallback::CInnerUnknown::CInnerUnknown|??0CInnerUnknown@_AfxBindStatusCallback@@QAE@XZ|public: __thiscall _AfxBindStatusCallback::CInnerUnknown::CInnerUnknown(void)|nafxcw|oleasmon.obj|ambiguous|review|5
0x00505b10|_G__non_rtti_object|??_G__non_rtti_object@@UAEPAXI@Z|public: virtual void * __thiscall __non_rtti_object::`scalar deleting dtor'(unsigned int)|libcmt|rtti.obj|ambiguous|review|5
0x00505fd0|AfxGetAfxWndProc|?AfxGetAfxWndProc@@YGP6GJPAUHWND__@@IIJ@ZXZ|long (__stdcall * __stdcall AfxGetAfxWndProc(void))(struct HWND__*, unsigned int, unsigned int, long)|nafxcw|wincore.obj|ambiguous|review|239
0x00505ff0|_AfxBindStatusCallback::CInnerUnknown::CInnerUnknown|??0CInnerUnknown@_AfxBindStatusCallback@@QAE@XZ|public: __thiscall _AfxBindStatusCallback::CInnerUnknown::CInnerUnknown(void)|nafxcw|oleasmon.obj|ambiguous|review|5
0x00506020|_G__non_rtti_object|??_G__non_rtti_object@@UAEPAXI@Z|public: virtual void * __thiscall __non_rtti_object::`scalar deleting dtor'(unsigned int)|libcmt|rtti.obj|ambiguous|review|5
0x005063a0|AfxGetAfxWndProc|?AfxGetAfxWndProc@@YGP6GJPAUHWND__@@IIJ@ZXZ|long (__stdcall * __stdcall AfxGetAfxWndProc(void))(struct HWND__*, unsigned int, unsigned int, long)|nafxcw|wincore.obj|ambiguous|review|239
0x00506430|_G__non_rtti_object|??_G__non_rtti_object@@UAEPAXI@Z|public: virtual void * __thiscall __non_rtti_object::`scalar deleting dtor'(unsigned int)|libcmt|rtti.obj|ambiguous|review|5
0x00506a60|AfxGetAfxWndProc|?AfxGetAfxWndProc@@YGP6GJPAUHWND__@@IIJ@ZXZ|long (__stdcall * __stdcall AfxGetAfxWndProc(void))(struct HWND__*, unsigned int, unsigned int, long)|nafxcw|wincore.obj|ambiguous|review|239
0x00506ab0|_G__non_rtti_object|??_G__non_rtti_object@@UAEPAXI@Z|public: virtual void * __thiscall __non_rtti_object::`scalar deleting dtor'(unsigned int)|libcmt|rtti.obj|ambiguous|review|5
0x00507380|AfxGetAfxWndProc|?AfxGetAfxWndProc@@YGP6GJPAUHWND__@@IIJ@ZXZ|long (__stdcall * __stdcall AfxGetAfxWndProc(void))(struct HWND__*, unsigned int, unsigned int, long)|nafxcw|wincore.obj|ambiguous|review|239
0x005073d0|_G__non_rtti_object|??_G__non_rtti_object@@UAEPAXI@Z|public: virtual void * __thiscall __non_rtti_object::`scalar deleting dtor'(unsigned int)|libcmt|rtti.obj|ambiguous|review|5
0x005077a0|AfxGetAfxWndProc|?AfxGetAfxWndProc@@YGP6GJPAUHWND__@@IIJ@ZXZ|long (__stdcall * __stdcall AfxGetAfxWndProc(void))(struct HWND__*, unsigned int, unsigned int, long)|nafxcw|wincore.obj|ambiguous|review|239
0x00507800|_G__non_rtti_object|??_G__non_rtti_object@@UAEPAXI@Z|public: virtual void * __thiscall __non_rtti_object::`scalar deleting dtor'(unsigned int)|libcmt|rtti.obj|ambiguous|review|5
0x00507c40|AfxGetAfxWndProc|?AfxGetAfxWndProc@@YGP6GJPAUHWND__@@IIJ@ZXZ|long (__stdcall * __stdcall AfxGetAfxWndProc(void))(struct HWND__*, unsigned int, unsigned int, long)|nafxcw|wincore.obj|ambiguous|review|239
0x00507d80|_G__non_rtti_object|??_G__non_rtti_object@@UAEPAXI@Z|public: virtual void * __thiscall __non_rtti_object::`scalar deleting dtor'(unsigned int)|libcmt|rtti.obj|ambiguous|review|5
0x00509c80|AfxGetAfxWndProc|?AfxGetAfxWndProc@@YGP6GJPAUHWND__@@IIJ@ZXZ|long (__stdcall * __stdcall AfxGetAfxWndProc(void))(struct HWND__*, unsigned int, unsigned int, long)|nafxcw|wincore.obj|ambiguous|review|239
0x00509e30|_G__non_rtti_object|??_G__non_rtti_object@@UAEPAXI@Z|public: virtual void * __thiscall __non_rtti_object::`scalar deleting dtor'(unsigned int)|libcmt|rtti.obj|ambiguous|review|5
0x0050e3b0|AfxGetAfxWndProc|?AfxGetAfxWndProc@@YGP6GJPAUHWND__@@IIJ@ZXZ|long (__stdcall * __stdcall AfxGetAfxWndProc(void))(struct HWND__*, unsigned int, unsigned int, long)|nafxcw|wincore.obj|ambiguous|review|239
0x0050e460|_G__non_rtti_object|??_G__non_rtti_object@@UAEPAXI@Z|public: virtual void * __thiscall __non_rtti_object::`scalar deleting dtor'(unsigned int)|libcmt|rtti.obj|ambiguous|review|5
0x00515de0|CFileDialog::OnLBSelChangedNotify|?OnLBSelChangedNotify@CFileDialog@@MAEXIII@Z|protected: virtual void __thiscall CFileDialog::OnLBSelChangedNotify(unsigned int, unsigned int, unsigned int)|nafxcw|dlgfile.obj|ambiguous|review|2
0x00519b30|AfxGetAfxWndProc|?AfxGetAfxWndProc@@YGP6GJPAUHWND__@@IIJ@ZXZ|long (__stdcall * __stdcall AfxGetAfxWndProc(void))(struct HWND__*, unsigned int, unsigned int, long)|nafxcw|wincore.obj|ambiguous|review|239
0x00519c40|_G__non_rtti_object|??_G__non_rtti_object@@UAEPAXI@Z|public: virtual void * __thiscall __non_rtti_object::`scalar deleting dtor'(unsigned int)|libcmt|rtti.obj|ambiguous|review|5
0x0051b120|AfxGetAfxWndProc|?AfxGetAfxWndProc@@YGP6GJPAUHWND__@@IIJ@ZXZ|long (__stdcall * __stdcall AfxGetAfxWndProc(void))(struct HWND__*, unsigned int, unsigned int, long)|nafxcw|wincore.obj|ambiguous|review|239
0x0051b140|_AfxBindStatusCallback::CInnerUnknown::CInnerUnknown|??0CInnerUnknown@_AfxBindStatusCallback@@QAE@XZ|public: __thiscall _AfxBindStatusCallback::CInnerUnknown::CInnerUnknown(void)|nafxcw|oleasmon.obj|ambiguous|review|5
0x0051b170|_G__non_rtti_object|??_G__non_rtti_object@@UAEPAXI@Z|public: virtual void * __thiscall __non_rtti_object::`scalar deleting dtor'(unsigned int)|libcmt|rtti.obj|ambiguous|review|5
0x0051baf0|AfxGetAfxWndProc|?AfxGetAfxWndProc@@YGP6GJPAUHWND__@@IIJ@ZXZ|long (__stdcall * __stdcall AfxGetAfxWndProc(void))(struct HWND__*, unsigned int, unsigned int, long)|nafxcw|wincore.obj|ambiguous|review|239
0x0051bb10|_AfxBindStatusCallback::CInnerUnknown::CInnerUnknown|??0CInnerUnknown@_AfxBindStatusCallback@@QAE@XZ|public: __thiscall _AfxBindStatusCallback::CInnerUnknown::CInnerUnknown(void)|nafxcw|oleasmon.obj|ambiguous|review|5
0x0051bb40|_G__non_rtti_object|??_G__non_rtti_object@@UAEPAXI@Z|public: virtual void * __thiscall __non_rtti_object::`scalar deleting dtor'(unsigned int)|libcmt|rtti.obj|ambiguous|review|5
0x0051be90|AfxGetAfxWndProc|?AfxGetAfxWndProc@@YGP6GJPAUHWND__@@IIJ@ZXZ|long (__stdcall * __stdcall AfxGetAfxWndProc(void))(struct HWND__*, unsigned int, unsigned int, long)|nafxcw|wincore.obj|ambiguous|review|239
0x0051bfa0|_G__non_rtti_object|??_G__non_rtti_object@@UAEPAXI@Z|public: virtual void * __thiscall __non_rtti_object::`scalar deleting dtor'(unsigned int)|libcmt|rtti.obj|ambiguous|review|5
0x0051cbf0|_G__non_rtti_object|??_G__non_rtti_object@@UAEPAXI@Z|public: virtual void * __thiscall __non_rtti_object::`scalar deleting dtor'(unsigned int)|libcmt|rtti.obj|ambiguous|review|5
0x0051cc40|AfxGetAfxWndProc|?AfxGetAfxWndProc@@YGP6GJPAUHWND__@@IIJ@ZXZ|long (__stdcall * __stdcall AfxGetAfxWndProc(void))(struct HWND__*, unsigned int, unsigned int, long)|nafxcw|wincore.obj|ambiguous|review|239
0x00525950|AfxGetAfxWndProc|?AfxGetAfxWndProc@@YGP6GJPAUHWND__@@IIJ@ZXZ|long (__stdcall * __stdcall AfxGetAfxWndProc(void))(struct HWND__*, unsigned int, unsigned int, long)|nafxcw|wincore.obj|ambiguous|review|239
0x00525990|_G__non_rtti_object|??_G__non_rtti_object@@UAEPAXI@Z|public: virtual void * __thiscall __non_rtti_object::`scalar deleting dtor'(unsigned int)|libcmt|rtti.obj|ambiguous|review|5
0x005259c0|CException::~CException|??1CException@@UAE@XZ|public: virtual __thiscall CException::~CException(void)|nafxcw|except.obj|ambiguous|review|16
0x0052eb60|AfxGetAfxWndProc|?AfxGetAfxWndProc@@YGP6GJPAUHWND__@@IIJ@ZXZ|long (__stdcall * __stdcall AfxGetAfxWndProc(void))(struct HWND__*, unsigned int, unsigned int, long)|nafxcw|wincore.obj|ambiguous|review|239
0x0052eba0|_G__non_rtti_object|??_G__non_rtti_object@@UAEPAXI@Z|public: virtual void * __thiscall __non_rtti_object::`scalar deleting dtor'(unsigned int)|libcmt|rtti.obj|ambiguous|review|5
0x0052ebd0|CException::~CException|??1CException@@UAE@XZ|public: virtual __thiscall CException::~CException(void)|nafxcw|except.obj|ambiguous|review|16
0x0052efb0|CDatabase::BindParameters|?BindParameters@CDatabase@@UAEXPAX@Z|public: virtual void __thiscall CDatabase::BindParameters(void *)|nafxcw|dbcore.obj|ambiguous|review|45
0x0052f050|AfxGetAfxWndProc|?AfxGetAfxWndProc@@YGP6GJPAUHWND__@@IIJ@ZXZ|long (__stdcall * __stdcall AfxGetAfxWndProc(void))(struct HWND__*, unsigned int, unsigned int, long)|nafxcw|wincore.obj|ambiguous|review|239
0x0052f0e0|_G__non_rtti_object|??_G__non_rtti_object@@UAEPAXI@Z|public: virtual void * __thiscall __non_rtti_object::`scalar deleting dtor'(unsigned int)|libcmt|rtti.obj|ambiguous|review|5
0x0052f110|CException::~CException|??1CException@@UAE@XZ|public: virtual __thiscall CException::~CException(void)|nafxcw|except.obj|ambiguous|review|16
0x0052fd80|CObject::AssertValid|?AssertValid@CObject@@UBEXXZ|public: virtual void __thiscall CObject::AssertValid(void) const|nafxcw|except.obj|ambiguous|review|23
0x0052fda0|CObject::AssertValid|?AssertValid@CObject@@UBEXXZ|public: virtual void __thiscall CObject::AssertValid(void) const|nafxcw|except.obj|ambiguous|review|23
0x00531110|CObject::AssertValid|?AssertValid@CObject@@UBEXXZ|public: virtual void __thiscall CObject::AssertValid(void) const|nafxcw|except.obj|ambiguous|review|23
0x005311b0|AfxGetAfxWndProc|?AfxGetAfxWndProc@@YGP6GJPAUHWND__@@IIJ@ZXZ|long (__stdcall * __stdcall AfxGetAfxWndProc(void))(struct HWND__*, unsigned int, unsigned int, long)|nafxcw|wincore.obj|ambiguous|review|239
0x00531240|_G__non_rtti_object|??_G__non_rtti_object@@UAEPAXI@Z|public: virtual void * __thiscall __non_rtti_object::`scalar deleting dtor'(unsigned int)|libcmt|rtti.obj|ambiguous|review|5
0x00531270|CException::~CException|??1CException@@UAE@XZ|public: virtual __thiscall CException::~CException(void)|nafxcw|except.obj|ambiguous|review|16
0x00531af0|CObject::AssertValid|?AssertValid@CObject@@UBEXXZ|public: virtual void __thiscall CObject::AssertValid(void) const|nafxcw|except.obj|ambiguous|review|23
0x00531bc0|AfxGetAfxWndProc|?AfxGetAfxWndProc@@YGP6GJPAUHWND__@@IIJ@ZXZ|long (__stdcall * __stdcall AfxGetAfxWndProc(void))(struct HWND__*, unsigned int, unsigned int, long)|nafxcw|wincore.obj|ambiguous|review|239
0x00531c50|_G__non_rtti_object|??_G__non_rtti_object@@UAEPAXI@Z|public: virtual void * __thiscall __non_rtti_object::`scalar deleting dtor'(unsigned int)|libcmt|rtti.obj|ambiguous|review|5
0x00531c80|CException::~CException|??1CException@@UAE@XZ|public: virtual __thiscall CException::~CException(void)|nafxcw|except.obj|ambiguous|review|16
0x00532760|AfxGetAfxWndProc|?AfxGetAfxWndProc@@YGP6GJPAUHWND__@@IIJ@ZXZ|long (__stdcall * __stdcall AfxGetAfxWndProc(void))(struct HWND__*, unsigned int, unsigned int, long)|nafxcw|wincore.obj|ambiguous|review|239
0x005327f0|_G__non_rtti_object|??_G__non_rtti_object@@UAEPAXI@Z|public: virtual void * __thiscall __non_rtti_object::`scalar deleting dtor'(unsigned int)|libcmt|rtti.obj|ambiguous|review|5
0x00532820|CException::~CException|??1CException@@UAE@XZ|public: virtual __thiscall CException::~CException(void)|nafxcw|except.obj|ambiguous|review|16
0x005328d0|CObject::AssertValid|?AssertValid@CObject@@UBEXXZ|public: virtual void __thiscall CObject::AssertValid(void) const|nafxcw|except.obj|ambiguous|review|23
0x005330f0|AfxGetAfxWndProc|?AfxGetAfxWndProc@@YGP6GJPAUHWND__@@IIJ@ZXZ|long (__stdcall * __stdcall AfxGetAfxWndProc(void))(struct HWND__*, unsigned int, unsigned int, long)|nafxcw|wincore.obj|ambiguous|review|239
0x00533180|_G__non_rtti_object|??_G__non_rtti_object@@UAEPAXI@Z|public: virtual void * __thiscall __non_rtti_object::`scalar deleting dtor'(unsigned int)|libcmt|rtti.obj|ambiguous|review|5
0x005331b0|CException::~CException|??1CException@@UAE@XZ|public: virtual __thiscall CException::~CException(void)|nafxcw|except.obj|ambiguous|review|16
0x00533880|AfxGetAfxWndProc|?AfxGetAfxWndProc@@YGP6GJPAUHWND__@@IIJ@ZXZ|long (__stdcall * __stdcall AfxGetAfxWndProc(void))(struct HWND__*, unsigned int, unsigned int, long)|nafxcw|wincore.obj|ambiguous|review|239
0x00533910|_G__non_rtti_object|??_G__non_rtti_object@@UAEPAXI@Z|public: virtual void * __thiscall __non_rtti_object::`scalar deleting dtor'(unsigned int)|libcmt|rtti.obj|ambiguous|review|5
0x00533940|CException::~CException|??1CException@@UAE@XZ|public: virtual __thiscall CException::~CException(void)|nafxcw|except.obj|ambiguous|review|16
0x00533ff0|AfxGetAfxWndProc|?AfxGetAfxWndProc@@YGP6GJPAUHWND__@@IIJ@ZXZ|long (__stdcall * __stdcall AfxGetAfxWndProc(void))(struct HWND__*, unsigned int, unsigned int, long)|nafxcw|wincore.obj|ambiguous|review|239
0x00534080|_G__non_rtti_object|??_G__non_rtti_object@@UAEPAXI@Z|public: virtual void * __thiscall __non_rtti_object::`scalar deleting dtor'(unsigned int)|libcmt|rtti.obj|ambiguous|review|5
0x005340b0|CException::~CException|??1CException@@UAE@XZ|public: virtual __thiscall CException::~CException(void)|nafxcw|except.obj|ambiguous|review|16
0x005346f0|AfxGetAfxWndProc|?AfxGetAfxWndProc@@YGP6GJPAUHWND__@@IIJ@ZXZ|long (__stdcall * __stdcall AfxGetAfxWndProc(void))(struct HWND__*, unsigned int, unsigned int, long)|nafxcw|wincore.obj|ambiguous|review|239
0x00534710|_AfxBindStatusCallback::CInnerUnknown::CInnerUnknown|??0CInnerUnknown@_AfxBindStatusCallback@@QAE@XZ|public: __thiscall _AfxBindStatusCallback::CInnerUnknown::CInnerUnknown(void)|nafxcw|oleasmon.obj|ambiguous|review|5
0x00534740|_G__non_rtti_object|??_G__non_rtti_object@@UAEPAXI@Z|public: virtual void * __thiscall __non_rtti_object::`scalar deleting dtor'(unsigned int)|libcmt|rtti.obj|ambiguous|review|5
0x00534770|??1?$CIP@UIBindCtx@@$1?IID_IBindCtx@@3U_GUID@@B@@QAE@XZ|??1?$CIP@UIBindCtx@@$1?IID_IBindCtx@@3U_GUID@@B@@QAE@XZ|public: __thiscall CIP<struct IBindCtx, &struct _GUID const IID_IBindCtx>::~CIP<struct IBindCtx, &struct _GUID const IID_IBindCtx>(void)|nafxcw|olemon.obj|ambiguous|review|77
0x00534850|AfxGetAfxWndProc|?AfxGetAfxWndProc@@YGP6GJPAUHWND__@@IIJ@ZXZ|long (__stdcall * __stdcall AfxGetAfxWndProc(void))(struct HWND__*, unsigned int, unsigned int, long)|nafxcw|wincore.obj|ambiguous|review|239
0x00534870|_AfxBindStatusCallback::CInnerUnknown::CInnerUnknown|??0CInnerUnknown@_AfxBindStatusCallback@@QAE@XZ|public: __thiscall _AfxBindStatusCallback::CInnerUnknown::CInnerUnknown(void)|nafxcw|oleasmon.obj|ambiguous|review|5
0x005348a0|_G__non_rtti_object|??_G__non_rtti_object@@UAEPAXI@Z|public: virtual void * __thiscall __non_rtti_object::`scalar deleting dtor'(unsigned int)|libcmt|rtti.obj|ambiguous|review|5
0x005348d0|??1?$CIP@UIBindCtx@@$1?IID_IBindCtx@@3U_GUID@@B@@QAE@XZ|??1?$CIP@UIBindCtx@@$1?IID_IBindCtx@@3U_GUID@@B@@QAE@XZ|public: __thiscall CIP<struct IBindCtx, &struct _GUID const IID_IBindCtx>::~CIP<struct IBindCtx, &struct _GUID const IID_IBindCtx>(void)|nafxcw|olemon.obj|ambiguous|review|77
0x00534c20|COleObjectFactory::GetLicenseKey|?GetLicenseKey@COleObjectFactory@@MAEHKPAPAG@Z|protected: virtual int __thiscall COleObjectFactory::GetLicenseKey(unsigned long, unsigned short **)|nafxcw|olefact.obj|ambiguous|review|8
0x00534c40|CObject::AssertValid|?AssertValid@CObject@@UBEXXZ|public: virtual void __thiscall CObject::AssertValid(void) const|nafxcw|except.obj|ambiguous|review|23
0x00534c80|CCmdTarget::EnableAggregation|?EnableAggregation@CCmdTarget@@QAEXXZ|public: void __thiscall CCmdTarget::EnableAggregation(void)|nafxcw|oleunk.obj|unique|high|1
0x00534ca0|CObject::AssertValid|?AssertValid@CObject@@UBEXXZ|public: virtual void __thiscall CObject::AssertValid(void) const|nafxcw|except.obj|ambiguous|review|23
0x00534cf0|CObject::AssertValid|?AssertValid@CObject@@UBEXXZ|public: virtual void __thiscall CObject::AssertValid(void) const|nafxcw|except.obj|ambiguous|review|23
0x00534d10|CFrameWnd::GetActiveFrame|?GetActiveFrame@CFrameWnd@@UAEPAV1@XZ|public: virtual class CFrameWnd * __thiscall CFrameWnd::GetActiveFrame(void)|nafxcw|winfrm.obj|unique|review|1
0x00534d90|COleDocument::GetContainer|?GetContainer@COleDocument@@UAEPAUIOleItemContainer@@XZ|public: virtual struct IOleItemContainer * __thiscall COleDocument::GetContainer(void)|nafxcw|oledoc1.obj|ambiguous|review|21
0x00534db0|COleDocument::GetContainer|?GetContainer@COleDocument@@UAEPAUIOleItemContainer@@XZ|public: virtual struct IOleItemContainer * __thiscall COleDocument::GetContainer(void)|nafxcw|oledoc1.obj|ambiguous|review|21
0x00534ed0|CView::OnActivateFrame|?OnActivateFrame@CView@@MAEXIPAVCFrameWnd@@@Z|protected: virtual void __thiscall CView::OnActivateFrame(unsigned int, class CFrameWnd *)|nafxcw|viewcore.obj|ambiguous|review|10
0x00534ef0|CView::OnActivateFrame|?OnActivateFrame@CView@@MAEXIPAVCFrameWnd@@@Z|protected: virtual void __thiscall CView::OnActivateFrame(unsigned int, class CFrameWnd *)|nafxcw|viewcore.obj|ambiguous|review|10
0x00534f10|CView::OnActivateFrame|?OnActivateFrame@CView@@MAEXIPAVCFrameWnd@@@Z|protected: virtual void __thiscall CView::OnActivateFrame(unsigned int, class CFrameWnd *)|nafxcw|viewcore.obj|ambiguous|review|10
0x00534f30|CView::OnActivateFrame|?OnActivateFrame@CView@@MAEXIPAVCFrameWnd@@@Z|protected: virtual void __thiscall CView::OnActivateFrame(unsigned int, class CFrameWnd *)|nafxcw|viewcore.obj|ambiguous|review|10
0x00534f50|CDatabase::BindParameters|?BindParameters@CDatabase@@UAEXPAX@Z|public: virtual void __thiscall CDatabase::BindParameters(void *)|nafxcw|dbcore.obj|ambiguous|review|45
0x00534fb0|AfxGetAfxWndProc|?AfxGetAfxWndProc@@YGP6GJPAUHWND__@@IIJ@ZXZ|long (__stdcall * __stdcall AfxGetAfxWndProc(void))(struct HWND__*, unsigned int, unsigned int, long)|nafxcw|wincore.obj|ambiguous|review|239
0x00534fd0|AfxGetAppModuleState|?AfxGetAppModuleState@@YGPAVAFX_MODULE_STATE@@XZ|class AFX_MODULE_STATE * __stdcall AfxGetAppModuleState(void)|nafxcw|afxstate.obj|ambiguous|review|4
0x00535050|_G__non_rtti_object|??_G__non_rtti_object@@UAEPAXI@Z|public: virtual void * __thiscall __non_rtti_object::`scalar deleting dtor'(unsigned int)|libcmt|rtti.obj|ambiguous|review|5
0x00535080|CException::~CException|??1CException@@UAE@XZ|public: virtual __thiscall CException::~CException(void)|nafxcw|except.obj|ambiguous|review|16
0x005354c0|CDatabase::BindParameters|?BindParameters@CDatabase@@UAEXPAX@Z|public: virtual void __thiscall CDatabase::BindParameters(void *)|nafxcw|dbcore.obj|ambiguous|review|45
0x00535520|COleDocument::GetContainer|?GetContainer@COleDocument@@UAEPAUIOleItemContainer@@XZ|public: virtual struct IOleItemContainer * __thiscall COleDocument::GetContainer(void)|nafxcw|oledoc1.obj|ambiguous|review|21
0x00535540|CFrameWnd::GetActiveFrame|?GetActiveFrame@CFrameWnd@@UAEPAV1@XZ|public: virtual class CFrameWnd * __thiscall CFrameWnd::GetActiveFrame(void)|nafxcw|winfrm.obj|unique|review|1
0x00535560|_G__non_rtti_object|??_G__non_rtti_object@@UAEPAXI@Z|public: virtual void * __thiscall __non_rtti_object::`scalar deleting dtor'(unsigned int)|libcmt|rtti.obj|ambiguous|review|5
0x00535590|CException::~CException|??1CException@@UAE@XZ|public: virtual __thiscall CException::~CException(void)|nafxcw|except.obj|ambiguous|review|16
0x005355f0|_G__non_rtti_object|??_G__non_rtti_object@@UAEPAXI@Z|public: virtual void * __thiscall __non_rtti_object::`scalar deleting dtor'(unsigned int)|libcmt|rtti.obj|ambiguous|review|5
0x00535620|CException::~CException|??1CException@@UAE@XZ|public: virtual __thiscall CException::~CException(void)|nafxcw|except.obj|ambiguous|review|16
0x005356a0|_G__non_rtti_object|??_G__non_rtti_object@@UAEPAXI@Z|public: virtual void * __thiscall __non_rtti_object::`scalar deleting dtor'(unsigned int)|libcmt|rtti.obj|ambiguous|review|5
0x005356d0|CException::~CException|??1CException@@UAE@XZ|public: virtual __thiscall CException::~CException(void)|nafxcw|except.obj|ambiguous|review|16
0x00535710|CFrameWnd::GetActiveFrame|?GetActiveFrame@CFrameWnd@@UAEPAV1@XZ|public: virtual class CFrameWnd * __thiscall CFrameWnd::GetActiveFrame(void)|nafxcw|winfrm.obj|unique|review|1
0x00535730|COleDocument::GetContainer|?GetContainer@COleDocument@@UAEPAUIOleItemContainer@@XZ|public: virtual struct IOleItemContainer * __thiscall COleDocument::GetContainer(void)|nafxcw|oledoc1.obj|ambiguous|review|21
0x005357d0|_G__non_rtti_object|??_G__non_rtti_object@@UAEPAXI@Z|public: virtual void * __thiscall __non_rtti_object::`scalar deleting dtor'(unsigned int)|libcmt|rtti.obj|ambiguous|review|5
0x00535800|CException::~CException|??1CException@@UAE@XZ|public: virtual __thiscall CException::~CException(void)|nafxcw|except.obj|ambiguous|review|16
0x00536450|AfxGetAfxWndProc|?AfxGetAfxWndProc@@YGP6GJPAUHWND__@@IIJ@ZXZ|long (__stdcall * __stdcall AfxGetAfxWndProc(void))(struct HWND__*, unsigned int, unsigned int, long)|nafxcw|wincore.obj|ambiguous|review|239
0x00536470|AfxGetAppModuleState|?AfxGetAppModuleState@@YGPAVAFX_MODULE_STATE@@XZ|class AFX_MODULE_STATE * __stdcall AfxGetAppModuleState(void)|nafxcw|afxstate.obj|ambiguous|review|4
0x00538780|AfxGetAfxWndProc|?AfxGetAfxWndProc@@YGP6GJPAUHWND__@@IIJ@ZXZ|long (__stdcall * __stdcall AfxGetAfxWndProc(void))(struct HWND__*, unsigned int, unsigned int, long)|nafxcw|wincore.obj|ambiguous|review|239
0x005387a0|AfxGetAppModuleState|?AfxGetAppModuleState@@YGPAVAFX_MODULE_STATE@@XZ|class AFX_MODULE_STATE * __stdcall AfxGetAppModuleState(void)|nafxcw|afxstate.obj|ambiguous|review|4
0x00539900|CFrameWnd::GetActiveFrame|?GetActiveFrame@CFrameWnd@@UAEPAV1@XZ|public: virtual class CFrameWnd * __thiscall CFrameWnd::GetActiveFrame(void)|nafxcw|winfrm.obj|unique|review|1
0x00539960|_G__non_rtti_object|??_G__non_rtti_object@@UAEPAXI@Z|public: virtual void * __thiscall __non_rtti_object::`scalar deleting dtor'(unsigned int)|libcmt|rtti.obj|ambiguous|review|5
0x00539990|CException::~CException|??1CException@@UAE@XZ|public: virtual __thiscall CException::~CException(void)|nafxcw|except.obj|ambiguous|review|16
0x005399b0|AfxGetAfxWndProc|?AfxGetAfxWndProc@@YGP6GJPAUHWND__@@IIJ@ZXZ|long (__stdcall * __stdcall AfxGetAfxWndProc(void))(struct HWND__*, unsigned int, unsigned int, long)|nafxcw|wincore.obj|ambiguous|review|239
0x005399d0|AfxGetAppModuleState|?AfxGetAppModuleState@@YGPAVAFX_MODULE_STATE@@XZ|class AFX_MODULE_STATE * __stdcall AfxGetAppModuleState(void)|nafxcw|afxstate.obj|ambiguous|review|4
0x0053a3d0|_G__non_rtti_object|??_G__non_rtti_object@@UAEPAXI@Z|public: virtual void * __thiscall __non_rtti_object::`scalar deleting dtor'(unsigned int)|libcmt|rtti.obj|ambiguous|review|5
0x0053a400|CException::~CException|??1CException@@UAE@XZ|public: virtual __thiscall CException::~CException(void)|nafxcw|except.obj|ambiguous|review|16
0x0053a420|AfxGetAfxWndProc|?AfxGetAfxWndProc@@YGP6GJPAUHWND__@@IIJ@ZXZ|long (__stdcall * __stdcall AfxGetAfxWndProc(void))(struct HWND__*, unsigned int, unsigned int, long)|nafxcw|wincore.obj|ambiguous|review|239
0x0053a440|AfxGetAppModuleState|?AfxGetAppModuleState@@YGPAVAFX_MODULE_STATE@@XZ|class AFX_MODULE_STATE * __stdcall AfxGetAppModuleState(void)|nafxcw|afxstate.obj|ambiguous|review|4
0x0053aa90|_G__non_rtti_object|??_G__non_rtti_object@@UAEPAXI@Z|public: virtual void * __thiscall __non_rtti_object::`scalar deleting dtor'(unsigned int)|libcmt|rtti.obj|ambiguous|review|5
0x0053aac0|CException::~CException|??1CException@@UAE@XZ|public: virtual __thiscall CException::~CException(void)|nafxcw|except.obj|ambiguous|review|16
0x0053aae0|AfxGetAfxWndProc|?AfxGetAfxWndProc@@YGP6GJPAUHWND__@@IIJ@ZXZ|long (__stdcall * __stdcall AfxGetAfxWndProc(void))(struct HWND__*, unsigned int, unsigned int, long)|nafxcw|wincore.obj|ambiguous|review|239
0x0053ab00|AfxGetAppModuleState|?AfxGetAppModuleState@@YGPAVAFX_MODULE_STATE@@XZ|class AFX_MODULE_STATE * __stdcall AfxGetAppModuleState(void)|nafxcw|afxstate.obj|ambiguous|review|4
0x0053bb20|AfxGetAfxWndProc|?AfxGetAfxWndProc@@YGP6GJPAUHWND__@@IIJ@ZXZ|long (__stdcall * __stdcall AfxGetAfxWndProc(void))(struct HWND__*, unsigned int, unsigned int, long)|nafxcw|wincore.obj|ambiguous|review|239
0x0053bb40|AfxGetAppModuleState|?AfxGetAppModuleState@@YGPAVAFX_MODULE_STATE@@XZ|class AFX_MODULE_STATE * __stdcall AfxGetAppModuleState(void)|nafxcw|afxstate.obj|ambiguous|review|4
0x0053bbe0|CFrameWnd::GetActiveFrame|?GetActiveFrame@CFrameWnd@@UAEPAV1@XZ|public: virtual class CFrameWnd * __thiscall CFrameWnd::GetActiveFrame(void)|nafxcw|winfrm.obj|unique|review|1
0x0053bf90|COleDocument::GetContainer|?GetContainer@COleDocument@@UAEPAUIOleItemContainer@@XZ|public: virtual struct IOleItemContainer * __thiscall COleDocument::GetContainer(void)|nafxcw|oledoc1.obj|ambiguous|review|21
0x0053c030|AfxGetAfxWndProc|?AfxGetAfxWndProc@@YGP6GJPAUHWND__@@IIJ@ZXZ|long (__stdcall * __stdcall AfxGetAfxWndProc(void))(struct HWND__*, unsigned int, unsigned int, long)|nafxcw|wincore.obj|ambiguous|review|239
0x0053c050|AfxGetAppModuleState|?AfxGetAppModuleState@@YGPAVAFX_MODULE_STATE@@XZ|class AFX_MODULE_STATE * __stdcall AfxGetAppModuleState(void)|nafxcw|afxstate.obj|ambiguous|review|4
0x0053c1d0|_G__non_rtti_object|??_G__non_rtti_object@@UAEPAXI@Z|public: virtual void * __thiscall __non_rtti_object::`scalar deleting dtor'(unsigned int)|libcmt|rtti.obj|ambiguous|review|5
0x0053c200|CException::~CException|??1CException@@UAE@XZ|public: virtual __thiscall CException::~CException(void)|nafxcw|except.obj|ambiguous|review|16
0x0053d710|AfxGetAfxWndProc|?AfxGetAfxWndProc@@YGP6GJPAUHWND__@@IIJ@ZXZ|long (__stdcall * __stdcall AfxGetAfxWndProc(void))(struct HWND__*, unsigned int, unsigned int, long)|nafxcw|wincore.obj|ambiguous|review|239
0x0053d730|AfxGetAppModuleState|?AfxGetAppModuleState@@YGPAVAFX_MODULE_STATE@@XZ|class AFX_MODULE_STATE * __stdcall AfxGetAppModuleState(void)|nafxcw|afxstate.obj|ambiguous|review|4
0x0053d7c0|_G__non_rtti_object|??_G__non_rtti_object@@UAEPAXI@Z|public: virtual void * __thiscall __non_rtti_object::`scalar deleting dtor'(unsigned int)|libcmt|rtti.obj|ambiguous|review|5
0x0053d7f0|CException::~CException|??1CException@@UAE@XZ|public: virtual __thiscall CException::~CException(void)|nafxcw|except.obj|ambiguous|review|16
0x0053e670|AfxGetAfxWndProc|?AfxGetAfxWndProc@@YGP6GJPAUHWND__@@IIJ@ZXZ|long (__stdcall * __stdcall AfxGetAfxWndProc(void))(struct HWND__*, unsigned int, unsigned int, long)|nafxcw|wincore.obj|ambiguous|review|239
0x0053e690|AfxGetAppModuleState|?AfxGetAppModuleState@@YGPAVAFX_MODULE_STATE@@XZ|class AFX_MODULE_STATE * __stdcall AfxGetAppModuleState(void)|nafxcw|afxstate.obj|ambiguous|review|4
0x0053f260|AfxGetAfxWndProc|?AfxGetAfxWndProc@@YGP6GJPAUHWND__@@IIJ@ZXZ|long (__stdcall * __stdcall AfxGetAfxWndProc(void))(struct HWND__*, unsigned int, unsigned int, long)|nafxcw|wincore.obj|ambiguous|review|239
0x0053f280|AfxGetAppModuleState|?AfxGetAppModuleState@@YGPAVAFX_MODULE_STATE@@XZ|class AFX_MODULE_STATE * __stdcall AfxGetAppModuleState(void)|nafxcw|afxstate.obj|ambiguous|review|4
0x0053f3c0|_G__non_rtti_object|??_G__non_rtti_object@@UAEPAXI@Z|public: virtual void * __thiscall __non_rtti_object::`scalar deleting dtor'(unsigned int)|libcmt|rtti.obj|ambiguous|review|5
0x0053f3f0|CException::~CException|??1CException@@UAE@XZ|public: virtual __thiscall CException::~CException(void)|nafxcw|except.obj|ambiguous|review|16
0x00540940|_G__non_rtti_object|??_G__non_rtti_object@@UAEPAXI@Z|public: virtual void * __thiscall __non_rtti_object::`scalar deleting dtor'(unsigned int)|libcmt|rtti.obj|ambiguous|review|5
0x005409e0|AfxGetAfxWndProc|?AfxGetAfxWndProc@@YGP6GJPAUHWND__@@IIJ@ZXZ|long (__stdcall * __stdcall AfxGetAfxWndProc(void))(struct HWND__*, unsigned int, unsigned int, long)|nafxcw|wincore.obj|ambiguous|review|239
0x00540aa0|CObject::AssertValid|?AssertValid@CObject@@UBEXXZ|public: virtual void __thiscall CObject::AssertValid(void) const|nafxcw|except.obj|ambiguous|review|23
0x00540b80|CObject::AssertValid|?AssertValid@CObject@@UBEXXZ|public: virtual void __thiscall CObject::AssertValid(void) const|nafxcw|except.obj|ambiguous|review|23
0x00540f40|_G__non_rtti_object|??_G__non_rtti_object@@UAEPAXI@Z|public: virtual void * __thiscall __non_rtti_object::`scalar deleting dtor'(unsigned int)|libcmt|rtti.obj|ambiguous|review|5
0x00540fe0|AfxGetAfxWndProc|?AfxGetAfxWndProc@@YGP6GJPAUHWND__@@IIJ@ZXZ|long (__stdcall * __stdcall AfxGetAfxWndProc(void))(struct HWND__*, unsigned int, unsigned int, long)|nafxcw|wincore.obj|ambiguous|review|239
0x005412f0|_G__non_rtti_object|??_G__non_rtti_object@@UAEPAXI@Z|public: virtual void * __thiscall __non_rtti_object::`scalar deleting dtor'(unsigned int)|libcmt|rtti.obj|ambiguous|review|5
0x00541390|AfxGetAfxWndProc|?AfxGetAfxWndProc@@YGP6GJPAUHWND__@@IIJ@ZXZ|long (__stdcall * __stdcall AfxGetAfxWndProc(void))(struct HWND__*, unsigned int, unsigned int, long)|nafxcw|wincore.obj|ambiguous|review|239
0x00541880|CObject::AssertValid|?AssertValid@CObject@@UBEXXZ|public: virtual void __thiscall CObject::AssertValid(void) const|nafxcw|except.obj|ambiguous|review|23
0x005418a0|CObject::AssertValid|?AssertValid@CObject@@UBEXXZ|public: virtual void __thiscall CObject::AssertValid(void) const|nafxcw|except.obj|ambiguous|review|23
0x005418c0|CObject::AssertValid|?AssertValid@CObject@@UBEXXZ|public: virtual void __thiscall CObject::AssertValid(void) const|nafxcw|except.obj|ambiguous|review|23
0x005418e0|CObject::AssertValid|?AssertValid@CObject@@UBEXXZ|public: virtual void __thiscall CObject::AssertValid(void) const|nafxcw|except.obj|ambiguous|review|23
0x00541900|CObject::AssertValid|?AssertValid@CObject@@UBEXXZ|public: virtual void __thiscall CObject::AssertValid(void) const|nafxcw|except.obj|ambiguous|review|23
0x00541920|CObject::AssertValid|?AssertValid@CObject@@UBEXXZ|public: virtual void __thiscall CObject::AssertValid(void) const|nafxcw|except.obj|ambiguous|review|23
0x00541940|CDatabase::BindParameters|?BindParameters@CDatabase@@UAEXPAX@Z|public: virtual void __thiscall CDatabase::BindParameters(void *)|nafxcw|dbcore.obj|ambiguous|review|45
0x00541960|CObject::AssertValid|?AssertValid@CObject@@UBEXXZ|public: virtual void __thiscall CObject::AssertValid(void) const|nafxcw|except.obj|ambiguous|review|23
0x00541980|CObject::AssertValid|?AssertValid@CObject@@UBEXXZ|public: virtual void __thiscall CObject::AssertValid(void) const|nafxcw|except.obj|ambiguous|review|23
0x005419a0|CObject::AssertValid|?AssertValid@CObject@@UBEXXZ|public: virtual void __thiscall CObject::AssertValid(void) const|nafxcw|except.obj|ambiguous|review|23
0x005419c0|CObject::AssertValid|?AssertValid@CObject@@UBEXXZ|public: virtual void __thiscall CObject::AssertValid(void) const|nafxcw|except.obj|ambiguous|review|23
0x00541a00|CDatabase::BindParameters|?BindParameters@CDatabase@@UAEXPAX@Z|public: virtual void __thiscall CDatabase::BindParameters(void *)|nafxcw|dbcore.obj|ambiguous|review|45
0x00541a20|CDatabase::BindParameters|?BindParameters@CDatabase@@UAEXPAX@Z|public: virtual void __thiscall CDatabase::BindParameters(void *)|nafxcw|dbcore.obj|ambiguous|review|45
0x00541a40|CObject::AssertValid|?AssertValid@CObject@@UBEXXZ|public: virtual void __thiscall CObject::AssertValid(void) const|nafxcw|except.obj|ambiguous|review|23
0x00541a60|CDatabase::BindParameters|?BindParameters@CDatabase@@UAEXPAX@Z|public: virtual void __thiscall CDatabase::BindParameters(void *)|nafxcw|dbcore.obj|ambiguous|review|45
0x00541a80|_G__non_rtti_object|??_G__non_rtti_object@@UAEPAXI@Z|public: virtual void * __thiscall __non_rtti_object::`scalar deleting dtor'(unsigned int)|libcmt|rtti.obj|ambiguous|review|5
0x00541b20|AfxGetAfxWndProc|?AfxGetAfxWndProc@@YGP6GJPAUHWND__@@IIJ@ZXZ|long (__stdcall * __stdcall AfxGetAfxWndProc(void))(struct HWND__*, unsigned int, unsigned int, long)|nafxcw|wincore.obj|ambiguous|review|239
0x00541cb0|CFileDialog::OnLBSelChangedNotify|?OnLBSelChangedNotify@CFileDialog@@MAEXIII@Z|protected: virtual void __thiscall CFileDialog::OnLBSelChangedNotify(unsigned int, unsigned int, unsigned int)|nafxcw|dlgfile.obj|ambiguous|review|2
0x00541cd0|_G__non_rtti_object|??_G__non_rtti_object@@UAEPAXI@Z|public: virtual void * __thiscall __non_rtti_object::`scalar deleting dtor'(unsigned int)|libcmt|rtti.obj|ambiguous|review|5
0x00541d70|AfxGetAfxWndProc|?AfxGetAfxWndProc@@YGP6GJPAUHWND__@@IIJ@ZXZ|long (__stdcall * __stdcall AfxGetAfxWndProc(void))(struct HWND__*, unsigned int, unsigned int, long)|nafxcw|wincore.obj|ambiguous|review|239
0x00542560|_G__non_rtti_object|??_G__non_rtti_object@@UAEPAXI@Z|public: virtual void * __thiscall __non_rtti_object::`scalar deleting dtor'(unsigned int)|libcmt|rtti.obj|ambiguous|review|5
0x00542590|CException::~CException|??1CException@@UAE@XZ|public: virtual __thiscall CException::~CException(void)|nafxcw|except.obj|ambiguous|review|16
0x005425b0|AfxGetAfxWndProc|?AfxGetAfxWndProc@@YGP6GJPAUHWND__@@IIJ@ZXZ|long (__stdcall * __stdcall AfxGetAfxWndProc(void))(struct HWND__*, unsigned int, unsigned int, long)|nafxcw|wincore.obj|ambiguous|review|239
0x00542650|AfxGetAfxWndProc|?AfxGetAfxWndProc@@YGP6GJPAUHWND__@@IIJ@ZXZ|long (__stdcall * __stdcall AfxGetAfxWndProc(void))(struct HWND__*, unsigned int, unsigned int, long)|nafxcw|wincore.obj|ambiguous|review|239
0x005427a0|DNameNode::DNameNode|??0DNameNode@@IAE@XZ|protected: __thiscall DNameNode::DNameNode(void)|libcmt|undname.obj|duplicate-body|review|1
0x005427e0|_G__non_rtti_object|??_G__non_rtti_object@@UAEPAXI@Z|public: virtual void * __thiscall __non_rtti_object::`scalar deleting dtor'(unsigned int)|libcmt|rtti.obj|ambiguous|review|5
0x0054b010|_G__non_rtti_object|??_G__non_rtti_object@@UAEPAXI@Z|public: virtual void * __thiscall __non_rtti_object::`scalar deleting dtor'(unsigned int)|libcmt|rtti.obj|ambiguous|review|5
0x0054b040|CException::~CException|??1CException@@UAE@XZ|public: virtual __thiscall CException::~CException(void)|nafxcw|except.obj|ambiguous|review|16
0x0054b0d0|AfxGetAfxWndProc|?AfxGetAfxWndProc@@YGP6GJPAUHWND__@@IIJ@ZXZ|long (__stdcall * __stdcall AfxGetAfxWndProc(void))(struct HWND__*, unsigned int, unsigned int, long)|nafxcw|wincore.obj|ambiguous|review|239
0x0054c660|CDatabase::BindParameters|?BindParameters@CDatabase@@UAEXPAX@Z|public: virtual void __thiscall CDatabase::BindParameters(void *)|nafxcw|dbcore.obj|ambiguous|review|45
0x0054c680|CAsyncMonikerFile::OnProgress|?OnProgress@CAsyncMonikerFile@@MAEXKKKPBD@Z|protected: virtual void __thiscall CAsyncMonikerFile::OnProgress(unsigned long, unsigned long, unsigned long, char const *)|nafxcw|oleasmon.obj|unique|review|1
0x0054d6d0|AfxGetAfxWndProc|?AfxGetAfxWndProc@@YGP6GJPAUHWND__@@IIJ@ZXZ|long (__stdcall * __stdcall AfxGetAfxWndProc(void))(struct HWND__*, unsigned int, unsigned int, long)|nafxcw|wincore.obj|ambiguous|review|239
0x0054e710|AfxGetAfxWndProc|?AfxGetAfxWndProc@@YGP6GJPAUHWND__@@IIJ@ZXZ|long (__stdcall * __stdcall AfxGetAfxWndProc(void))(struct HWND__*, unsigned int, unsigned int, long)|nafxcw|wincore.obj|ambiguous|review|239
0x0054ead0|AfxGetAfxWndProc|?AfxGetAfxWndProc@@YGP6GJPAUHWND__@@IIJ@ZXZ|long (__stdcall * __stdcall AfxGetAfxWndProc(void))(struct HWND__*, unsigned int, unsigned int, long)|nafxcw|wincore.obj|ambiguous|review|239
0x0054eca0|AfxGetAfxWndProc|?AfxGetAfxWndProc@@YGP6GJPAUHWND__@@IIJ@ZXZ|long (__stdcall * __stdcall AfxGetAfxWndProc(void))(struct HWND__*, unsigned int, unsigned int, long)|nafxcw|wincore.obj|ambiguous|review|239
0x0054f4e0|AfxGetAfxWndProc|?AfxGetAfxWndProc@@YGP6GJPAUHWND__@@IIJ@ZXZ|long (__stdcall * __stdcall AfxGetAfxWndProc(void))(struct HWND__*, unsigned int, unsigned int, long)|nafxcw|wincore.obj|ambiguous|review|239
0x0054f5c0|_G__non_rtti_object|??_G__non_rtti_object@@UAEPAXI@Z|public: virtual void * __thiscall __non_rtti_object::`scalar deleting dtor'(unsigned int)|libcmt|rtti.obj|ambiguous|review|5
0x005505c0|_query_new_handler|?_query_new_handler@@YAP6AHI@ZXZ|int (__cdecl * __cdecl _query_new_handler(void))(unsigned int)|libcmt|handler.obj|ambiguous|review|6
0x00551410|AfxGetAfxWndProc|?AfxGetAfxWndProc@@YGP6GJPAUHWND__@@IIJ@ZXZ|long (__stdcall * __stdcall AfxGetAfxWndProc(void))(struct HWND__*, unsigned int, unsigned int, long)|nafxcw|wincore.obj|ambiguous|review|239
0x00551550|_G__non_rtti_object|??_G__non_rtti_object@@UAEPAXI@Z|public: virtual void * __thiscall __non_rtti_object::`scalar deleting dtor'(unsigned int)|libcmt|rtti.obj|ambiguous|review|5
0x005527e0|AfxGetAfxWndProc|?AfxGetAfxWndProc@@YGP6GJPAUHWND__@@IIJ@ZXZ|long (__stdcall * __stdcall AfxGetAfxWndProc(void))(struct HWND__*, unsigned int, unsigned int, long)|nafxcw|wincore.obj|ambiguous|review|239
0x00552870|_G__non_rtti_object|??_G__non_rtti_object@@UAEPAXI@Z|public: virtual void * __thiscall __non_rtti_object::`scalar deleting dtor'(unsigned int)|libcmt|rtti.obj|ambiguous|review|5
0x005528a0|CException::~CException|??1CException@@UAE@XZ|public: virtual __thiscall CException::~CException(void)|nafxcw|except.obj|ambiguous|review|16
0x005528c0|CObject::AssertValid|?AssertValid@CObject@@UBEXXZ|public: virtual void __thiscall CObject::AssertValid(void) const|nafxcw|except.obj|ambiguous|review|23
0x00552f60|CDC::SetOutputDC|?SetOutputDC@CDC@@UAEXPAUHDC__@@@Z|public: virtual void __thiscall CDC::SetOutputDC(struct HDC__*)|nafxcw|wingdi.obj|ambiguous|review|2
0x00556570|AfxGetAfxWndProc|?AfxGetAfxWndProc@@YGP6GJPAUHWND__@@IIJ@ZXZ|long (__stdcall * __stdcall AfxGetAfxWndProc(void))(struct HWND__*, unsigned int, unsigned int, long)|nafxcw|wincore.obj|ambiguous|review|239
0x005565c0|_G__non_rtti_object|??_G__non_rtti_object@@UAEPAXI@Z|public: virtual void * __thiscall __non_rtti_object::`scalar deleting dtor'(unsigned int)|libcmt|rtti.obj|ambiguous|review|5
0x005565f0|CException::~CException|??1CException@@UAE@XZ|public: virtual __thiscall CException::~CException(void)|nafxcw|except.obj|ambiguous|review|16
0x0055b6a0|_G__non_rtti_object|??_G__non_rtti_object@@UAEPAXI@Z|public: virtual void * __thiscall __non_rtti_object::`scalar deleting dtor'(unsigned int)|libcmt|rtti.obj|ambiguous|review|5
0x0055b6d0|CException::~CException|??1CException@@UAE@XZ|public: virtual __thiscall CException::~CException(void)|nafxcw|except.obj|ambiguous|review|16
0x0055b6f0|AfxGetAfxWndProc|?AfxGetAfxWndProc@@YGP6GJPAUHWND__@@IIJ@ZXZ|long (__stdcall * __stdcall AfxGetAfxWndProc(void))(struct HWND__*, unsigned int, unsigned int, long)|nafxcw|wincore.obj|ambiguous|review|239
0x0055ba10|CWnd::GetSuperWndProcAddr|?GetSuperWndProcAddr@CWnd@@MAEPAP6GJPAUHWND__@@IIJ@ZXZ|protected: virtual long (__stdcall ** __thiscall CWnd::GetSuperWndProcAddr(void))(struct HWND__*, unsigned int, unsigned int, long)|nafxcw|wincore.obj|unique|review|1
0x0055d1e0|AfxGetAfxWndProc|?AfxGetAfxWndProc@@YGP6GJPAUHWND__@@IIJ@ZXZ|long (__stdcall * __stdcall AfxGetAfxWndProc(void))(struct HWND__*, unsigned int, unsigned int, long)|nafxcw|wincore.obj|ambiguous|review|239
0x0055e6e0|AfxGetAfxWndProc|?AfxGetAfxWndProc@@YGP6GJPAUHWND__@@IIJ@ZXZ|long (__stdcall * __stdcall AfxGetAfxWndProc(void))(struct HWND__*, unsigned int, unsigned int, long)|nafxcw|wincore.obj|ambiguous|review|239
0x005616c0|_G__non_rtti_object|??_G__non_rtti_object@@UAEPAXI@Z|public: virtual void * __thiscall __non_rtti_object::`scalar deleting dtor'(unsigned int)|libcmt|rtti.obj|ambiguous|review|5
0x005617d0|AfxGetAfxWndProc|?AfxGetAfxWndProc@@YGP6GJPAUHWND__@@IIJ@ZXZ|long (__stdcall * __stdcall AfxGetAfxWndProc(void))(struct HWND__*, unsigned int, unsigned int, long)|nafxcw|wincore.obj|ambiguous|review|239
0x00562140|_G__non_rtti_object|??_G__non_rtti_object@@UAEPAXI@Z|public: virtual void * __thiscall __non_rtti_object::`scalar deleting dtor'(unsigned int)|libcmt|rtti.obj|ambiguous|review|5
0x00562170|CException::~CException|??1CException@@UAE@XZ|public: virtual __thiscall CException::~CException(void)|nafxcw|except.obj|ambiguous|review|16
0x00562190|AfxGetAfxWndProc|?AfxGetAfxWndProc@@YGP6GJPAUHWND__@@IIJ@ZXZ|long (__stdcall * __stdcall AfxGetAfxWndProc(void))(struct HWND__*, unsigned int, unsigned int, long)|nafxcw|wincore.obj|ambiguous|review|239
0x00564900|AfxGetAfxWndProc|?AfxGetAfxWndProc@@YGP6GJPAUHWND__@@IIJ@ZXZ|long (__stdcall * __stdcall AfxGetAfxWndProc(void))(struct HWND__*, unsigned int, unsigned int, long)|nafxcw|wincore.obj|ambiguous|review|239
0x00564950|_G__non_rtti_object|??_G__non_rtti_object@@UAEPAXI@Z|public: virtual void * __thiscall __non_rtti_object::`scalar deleting dtor'(unsigned int)|libcmt|rtti.obj|ambiguous|review|5
0x00564d00|AfxGetAfxWndProc|?AfxGetAfxWndProc@@YGP6GJPAUHWND__@@IIJ@ZXZ|long (__stdcall * __stdcall AfxGetAfxWndProc(void))(struct HWND__*, unsigned int, unsigned int, long)|nafxcw|wincore.obj|ambiguous|review|239
0x00564d70|_G__non_rtti_object|??_G__non_rtti_object@@UAEPAXI@Z|public: virtual void * __thiscall __non_rtti_object::`scalar deleting dtor'(unsigned int)|libcmt|rtti.obj|ambiguous|review|5
0x00564f90|_G__non_rtti_object|??_G__non_rtti_object@@UAEPAXI@Z|public: virtual void * __thiscall __non_rtti_object::`scalar deleting dtor'(unsigned int)|libcmt|rtti.obj|ambiguous|review|5
0x00564fc0|CException::~CException|??1CException@@UAE@XZ|public: virtual __thiscall CException::~CException(void)|nafxcw|except.obj|ambiguous|review|16
0x005650a0|AfxGetAfxWndProc|?AfxGetAfxWndProc@@YGP6GJPAUHWND__@@IIJ@ZXZ|long (__stdcall * __stdcall AfxGetAfxWndProc(void))(struct HWND__*, unsigned int, unsigned int, long)|nafxcw|wincore.obj|ambiguous|review|239
0x005653b0|_G__non_rtti_object|??_G__non_rtti_object@@UAEPAXI@Z|public: virtual void * __thiscall __non_rtti_object::`scalar deleting dtor'(unsigned int)|libcmt|rtti.obj|ambiguous|review|5
0x00565470|AfxGetAfxWndProc|?AfxGetAfxWndProc@@YGP6GJPAUHWND__@@IIJ@ZXZ|long (__stdcall * __stdcall AfxGetAfxWndProc(void))(struct HWND__*, unsigned int, unsigned int, long)|nafxcw|wincore.obj|ambiguous|review|239
0x00565e70|AfxGetAfxWndProc|?AfxGetAfxWndProc@@YGP6GJPAUHWND__@@IIJ@ZXZ|long (__stdcall * __stdcall AfxGetAfxWndProc(void))(struct HWND__*, unsigned int, unsigned int, long)|nafxcw|wincore.obj|ambiguous|review|239
0x00565ee0|_G__non_rtti_object|??_G__non_rtti_object@@UAEPAXI@Z|public: virtual void * __thiscall __non_rtti_object::`scalar deleting dtor'(unsigned int)|libcmt|rtti.obj|ambiguous|review|5
0x00568ba0|AfxGetAfxWndProc|?AfxGetAfxWndProc@@YGP6GJPAUHWND__@@IIJ@ZXZ|long (__stdcall * __stdcall AfxGetAfxWndProc(void))(struct HWND__*, unsigned int, unsigned int, long)|nafxcw|wincore.obj|ambiguous|review|239
0x00568bc0|_AfxBindStatusCallback::CInnerUnknown::CInnerUnknown|??0CInnerUnknown@_AfxBindStatusCallback@@QAE@XZ|public: __thiscall _AfxBindStatusCallback::CInnerUnknown::CInnerUnknown(void)|nafxcw|oleasmon.obj|ambiguous|review|5
0x00568bf0|_G__non_rtti_object|??_G__non_rtti_object@@UAEPAXI@Z|public: virtual void * __thiscall __non_rtti_object::`scalar deleting dtor'(unsigned int)|libcmt|rtti.obj|ambiguous|review|5
0x00568d50|AfxGetAfxWndProc|?AfxGetAfxWndProc@@YGP6GJPAUHWND__@@IIJ@ZXZ|long (__stdcall * __stdcall AfxGetAfxWndProc(void))(struct HWND__*, unsigned int, unsigned int, long)|nafxcw|wincore.obj|ambiguous|review|239
0x00569250|AfxGetAfxWndProc|?AfxGetAfxWndProc@@YGP6GJPAUHWND__@@IIJ@ZXZ|long (__stdcall * __stdcall AfxGetAfxWndProc(void))(struct HWND__*, unsigned int, unsigned int, long)|nafxcw|wincore.obj|ambiguous|review|239
0x00569270|_AfxBindStatusCallback::CInnerUnknown::CInnerUnknown|??0CInnerUnknown@_AfxBindStatusCallback@@QAE@XZ|public: __thiscall _AfxBindStatusCallback::CInnerUnknown::CInnerUnknown(void)|nafxcw|oleasmon.obj|ambiguous|review|5
0x005692a0|_G__non_rtti_object|??_G__non_rtti_object@@UAEPAXI@Z|public: virtual void * __thiscall __non_rtti_object::`scalar deleting dtor'(unsigned int)|libcmt|rtti.obj|ambiguous|review|5
0x005694b0|AfxGetAfxWndProc|?AfxGetAfxWndProc@@YGP6GJPAUHWND__@@IIJ@ZXZ|long (__stdcall * __stdcall AfxGetAfxWndProc(void))(struct HWND__*, unsigned int, unsigned int, long)|nafxcw|wincore.obj|ambiguous|review|239
0x005694d0|_AfxBindStatusCallback::CInnerUnknown::CInnerUnknown|??0CInnerUnknown@_AfxBindStatusCallback@@QAE@XZ|public: __thiscall _AfxBindStatusCallback::CInnerUnknown::CInnerUnknown(void)|nafxcw|oleasmon.obj|ambiguous|review|5
0x00569500|_G__non_rtti_object|??_G__non_rtti_object@@UAEPAXI@Z|public: virtual void * __thiscall __non_rtti_object::`scalar deleting dtor'(unsigned int)|libcmt|rtti.obj|ambiguous|review|5
0x00569870|_G__non_rtti_object|??_G__non_rtti_object@@UAEPAXI@Z|public: virtual void * __thiscall __non_rtti_object::`scalar deleting dtor'(unsigned int)|libcmt|rtti.obj|ambiguous|review|5
0x005698c0|AfxGetAfxWndProc|?AfxGetAfxWndProc@@YGP6GJPAUHWND__@@IIJ@ZXZ|long (__stdcall * __stdcall AfxGetAfxWndProc(void))(struct HWND__*, unsigned int, unsigned int, long)|nafxcw|wincore.obj|ambiguous|review|239
0x00569b60|_G__non_rtti_object|??_G__non_rtti_object@@UAEPAXI@Z|public: virtual void * __thiscall __non_rtti_object::`scalar deleting dtor'(unsigned int)|libcmt|rtti.obj|ambiguous|review|5
0x00569b90|CException::~CException|??1CException@@UAE@XZ|public: virtual __thiscall CException::~CException(void)|nafxcw|except.obj|ambiguous|review|16
0x00569c20|AfxGetAfxWndProc|?AfxGetAfxWndProc@@YGP6GJPAUHWND__@@IIJ@ZXZ|long (__stdcall * __stdcall AfxGetAfxWndProc(void))(struct HWND__*, unsigned int, unsigned int, long)|nafxcw|wincore.obj|ambiguous|review|239
0x00569d50|CObject::AssertValid|?AssertValid@CObject@@UBEXXZ|public: virtual void __thiscall CObject::AssertValid(void) const|nafxcw|except.obj|ambiguous|review|23
0x00569d70|_G__non_rtti_object|??_G__non_rtti_object@@UAEPAXI@Z|public: virtual void * __thiscall __non_rtti_object::`scalar deleting dtor'(unsigned int)|libcmt|rtti.obj|ambiguous|review|5
0x00569e40|AfxGetAfxWndProc|?AfxGetAfxWndProc@@YGP6GJPAUHWND__@@IIJ@ZXZ|long (__stdcall * __stdcall AfxGetAfxWndProc(void))(struct HWND__*, unsigned int, unsigned int, long)|nafxcw|wincore.obj|ambiguous|review|239
0x0056a590|AfxGetAfxWndProc|?AfxGetAfxWndProc@@YGP6GJPAUHWND__@@IIJ@ZXZ|long (__stdcall * __stdcall AfxGetAfxWndProc(void))(struct HWND__*, unsigned int, unsigned int, long)|nafxcw|wincore.obj|ambiguous|review|239
0x0056b290|AfxGetAfxWndProc|?AfxGetAfxWndProc@@YGP6GJPAUHWND__@@IIJ@ZXZ|long (__stdcall * __stdcall AfxGetAfxWndProc(void))(struct HWND__*, unsigned int, unsigned int, long)|nafxcw|wincore.obj|ambiguous|review|239
0x0056b800|_G__non_rtti_object|??_G__non_rtti_object@@UAEPAXI@Z|public: virtual void * __thiscall __non_rtti_object::`scalar deleting dtor'(unsigned int)|libcmt|rtti.obj|ambiguous|review|5
0x0056b850|AfxGetAfxWndProc|?AfxGetAfxWndProc@@YGP6GJPAUHWND__@@IIJ@ZXZ|long (__stdcall * __stdcall AfxGetAfxWndProc(void))(struct HWND__*, unsigned int, unsigned int, long)|nafxcw|wincore.obj|ambiguous|review|239
0x0056bca0|AfxGetAfxWndProc|?AfxGetAfxWndProc@@YGP6GJPAUHWND__@@IIJ@ZXZ|long (__stdcall * __stdcall AfxGetAfxWndProc(void))(struct HWND__*, unsigned int, unsigned int, long)|nafxcw|wincore.obj|ambiguous|review|239
0x0056e1e0|AfxGetAfxWndProc|?AfxGetAfxWndProc@@YGP6GJPAUHWND__@@IIJ@ZXZ|long (__stdcall * __stdcall AfxGetAfxWndProc(void))(struct HWND__*, unsigned int, unsigned int, long)|nafxcw|wincore.obj|ambiguous|review|239
0x0056e8c0|AfxGetAfxWndProc|?AfxGetAfxWndProc@@YGP6GJPAUHWND__@@IIJ@ZXZ|long (__stdcall * __stdcall AfxGetAfxWndProc(void))(struct HWND__*, unsigned int, unsigned int, long)|nafxcw|wincore.obj|ambiguous|review|239
0x0056ee30|AfxGetAfxWndProc|?AfxGetAfxWndProc@@YGP6GJPAUHWND__@@IIJ@ZXZ|long (__stdcall * __stdcall AfxGetAfxWndProc(void))(struct HWND__*, unsigned int, unsigned int, long)|nafxcw|wincore.obj|ambiguous|review|239
0x0056f390|AfxGetAfxWndProc|?AfxGetAfxWndProc@@YGP6GJPAUHWND__@@IIJ@ZXZ|long (__stdcall * __stdcall AfxGetAfxWndProc(void))(struct HWND__*, unsigned int, unsigned int, long)|nafxcw|wincore.obj|ambiguous|review|239
0x0056f3b0|IUnknown::IUnknown|??0IUnknown@@QAE@XZ|public: __thiscall IUnknown::IUnknown(void)|nafxcw|olemon.obj|ambiguous|review|3
0x0056f3d0|_G__non_rtti_object|??_G__non_rtti_object@@UAEPAXI@Z|public: virtual void * __thiscall __non_rtti_object::`scalar deleting dtor'(unsigned int)|libcmt|rtti.obj|ambiguous|review|5
0x0056f400|CException::~CException|??1CException@@UAE@XZ|public: virtual __thiscall CException::~CException(void)|nafxcw|except.obj|ambiguous|review|16
0x0056f460|CView::OnActivateFrame|?OnActivateFrame@CView@@MAEXIPAVCFrameWnd@@@Z|protected: virtual void __thiscall CView::OnActivateFrame(unsigned int, class CFrameWnd *)|nafxcw|viewcore.obj|ambiguous|review|10
0x0056f480|CObject::AssertValid|?AssertValid@CObject@@UBEXXZ|public: virtual void __thiscall CObject::AssertValid(void) const|nafxcw|except.obj|ambiguous|review|23
0x0056f540|AfxGetAfxWndProc|?AfxGetAfxWndProc@@YGP6GJPAUHWND__@@IIJ@ZXZ|long (__stdcall * __stdcall AfxGetAfxWndProc(void))(struct HWND__*, unsigned int, unsigned int, long)|nafxcw|wincore.obj|ambiguous|review|239
0x0056f830|AfxGetAfxWndProc|?AfxGetAfxWndProc@@YGP6GJPAUHWND__@@IIJ@ZXZ|long (__stdcall * __stdcall AfxGetAfxWndProc(void))(struct HWND__*, unsigned int, unsigned int, long)|nafxcw|wincore.obj|ambiguous|review|239
0x0056f9a0|AfxGetAfxWndProc|?AfxGetAfxWndProc@@YGP6GJPAUHWND__@@IIJ@ZXZ|long (__stdcall * __stdcall AfxGetAfxWndProc(void))(struct HWND__*, unsigned int, unsigned int, long)|nafxcw|wincore.obj|ambiguous|review|239
0x0056fa00|_G__non_rtti_object|??_G__non_rtti_object@@UAEPAXI@Z|public: virtual void * __thiscall __non_rtti_object::`scalar deleting dtor'(unsigned int)|libcmt|rtti.obj|ambiguous|review|5
0x00570060|AfxGetAfxWndProc|?AfxGetAfxWndProc@@YGP6GJPAUHWND__@@IIJ@ZXZ|long (__stdcall * __stdcall AfxGetAfxWndProc(void))(struct HWND__*, unsigned int, unsigned int, long)|nafxcw|wincore.obj|ambiguous|review|239
0x005700a0|_G__non_rtti_object|??_G__non_rtti_object@@UAEPAXI@Z|public: virtual void * __thiscall __non_rtti_object::`scalar deleting dtor'(unsigned int)|libcmt|rtti.obj|ambiguous|review|5
0x005700d0|CException::~CException|??1CException@@UAE@XZ|public: virtual __thiscall CException::~CException(void)|nafxcw|except.obj|ambiguous|review|16
0x00570270|AfxGetAfxWndProc|?AfxGetAfxWndProc@@YGP6GJPAUHWND__@@IIJ@ZXZ|long (__stdcall * __stdcall AfxGetAfxWndProc(void))(struct HWND__*, unsigned int, unsigned int, long)|nafxcw|wincore.obj|ambiguous|review|239
0x00570310|_G__non_rtti_object|??_G__non_rtti_object@@UAEPAXI@Z|public: virtual void * __thiscall __non_rtti_object::`scalar deleting dtor'(unsigned int)|libcmt|rtti.obj|ambiguous|review|5
0x005707d0|AfxGetAfxWndProc|?AfxGetAfxWndProc@@YGP6GJPAUHWND__@@IIJ@ZXZ|long (__stdcall * __stdcall AfxGetAfxWndProc(void))(struct HWND__*, unsigned int, unsigned int, long)|nafxcw|wincore.obj|ambiguous|review|239
0x00570820|_G__non_rtti_object|??_G__non_rtti_object@@UAEPAXI@Z|public: virtual void * __thiscall __non_rtti_object::`scalar deleting dtor'(unsigned int)|libcmt|rtti.obj|ambiguous|review|5
0x005709d0|AfxGetAfxWndProc|?AfxGetAfxWndProc@@YGP6GJPAUHWND__@@IIJ@ZXZ|long (__stdcall * __stdcall AfxGetAfxWndProc(void))(struct HWND__*, unsigned int, unsigned int, long)|nafxcw|wincore.obj|ambiguous|review|239
0x00570a20|_G__non_rtti_object|??_G__non_rtti_object@@UAEPAXI@Z|public: virtual void * __thiscall __non_rtti_object::`scalar deleting dtor'(unsigned int)|libcmt|rtti.obj|ambiguous|review|5
0x00570b90|AfxGetAfxWndProc|?AfxGetAfxWndProc@@YGP6GJPAUHWND__@@IIJ@ZXZ|long (__stdcall * __stdcall AfxGetAfxWndProc(void))(struct HWND__*, unsigned int, unsigned int, long)|nafxcw|wincore.obj|ambiguous|review|239
0x00570be0|_G__non_rtti_object|??_G__non_rtti_object@@UAEPAXI@Z|public: virtual void * __thiscall __non_rtti_object::`scalar deleting dtor'(unsigned int)|libcmt|rtti.obj|ambiguous|review|5
0x00570d40|AfxGetAfxWndProc|?AfxGetAfxWndProc@@YGP6GJPAUHWND__@@IIJ@ZXZ|long (__stdcall * __stdcall AfxGetAfxWndProc(void))(struct HWND__*, unsigned int, unsigned int, long)|nafxcw|wincore.obj|ambiguous|review|239
0x00570d90|_G__non_rtti_object|??_G__non_rtti_object@@UAEPAXI@Z|public: virtual void * __thiscall __non_rtti_object::`scalar deleting dtor'(unsigned int)|libcmt|rtti.obj|ambiguous|review|5
0x005710d0|AfxGetAfxWndProc|?AfxGetAfxWndProc@@YGP6GJPAUHWND__@@IIJ@ZXZ|long (__stdcall * __stdcall AfxGetAfxWndProc(void))(struct HWND__*, unsigned int, unsigned int, long)|nafxcw|wincore.obj|ambiguous|review|239
0x005710f0|_AfxBindStatusCallback::CInnerUnknown::CInnerUnknown|??0CInnerUnknown@_AfxBindStatusCallback@@QAE@XZ|public: __thiscall _AfxBindStatusCallback::CInnerUnknown::CInnerUnknown(void)|nafxcw|oleasmon.obj|ambiguous|review|5
0x00571120|_G__non_rtti_object|??_G__non_rtti_object@@UAEPAXI@Z|public: virtual void * __thiscall __non_rtti_object::`scalar deleting dtor'(unsigned int)|libcmt|rtti.obj|ambiguous|review|5
0x00571440|AfxGetAfxWndProc|?AfxGetAfxWndProc@@YGP6GJPAUHWND__@@IIJ@ZXZ|long (__stdcall * __stdcall AfxGetAfxWndProc(void))(struct HWND__*, unsigned int, unsigned int, long)|nafxcw|wincore.obj|ambiguous|review|239
0x00571460|_AfxBindStatusCallback::CInnerUnknown::CInnerUnknown|??0CInnerUnknown@_AfxBindStatusCallback@@QAE@XZ|public: __thiscall _AfxBindStatusCallback::CInnerUnknown::CInnerUnknown(void)|nafxcw|oleasmon.obj|ambiguous|review|5
0x00571490|_G__non_rtti_object|??_G__non_rtti_object@@UAEPAXI@Z|public: virtual void * __thiscall __non_rtti_object::`scalar deleting dtor'(unsigned int)|libcmt|rtti.obj|ambiguous|review|5
0x00571580|AfxGetAfxWndProc|?AfxGetAfxWndProc@@YGP6GJPAUHWND__@@IIJ@ZXZ|long (__stdcall * __stdcall AfxGetAfxWndProc(void))(struct HWND__*, unsigned int, unsigned int, long)|nafxcw|wincore.obj|ambiguous|review|239
0x005715d0|_G__non_rtti_object|??_G__non_rtti_object@@UAEPAXI@Z|public: virtual void * __thiscall __non_rtti_object::`scalar deleting dtor'(unsigned int)|libcmt|rtti.obj|ambiguous|review|5
0x005717a0|AfxGetAfxWndProc|?AfxGetAfxWndProc@@YGP6GJPAUHWND__@@IIJ@ZXZ|long (__stdcall * __stdcall AfxGetAfxWndProc(void))(struct HWND__*, unsigned int, unsigned int, long)|nafxcw|wincore.obj|ambiguous|review|239
0x00571800|_G__non_rtti_object|??_G__non_rtti_object@@UAEPAXI@Z|public: virtual void * __thiscall __non_rtti_object::`scalar deleting dtor'(unsigned int)|libcmt|rtti.obj|ambiguous|review|5
0x005719d0|AfxGetAfxWndProc|?AfxGetAfxWndProc@@YGP6GJPAUHWND__@@IIJ@ZXZ|long (__stdcall * __stdcall AfxGetAfxWndProc(void))(struct HWND__*, unsigned int, unsigned int, long)|nafxcw|wincore.obj|ambiguous|review|239
0x00571a30|_G__non_rtti_object|??_G__non_rtti_object@@UAEPAXI@Z|public: virtual void * __thiscall __non_rtti_object::`scalar deleting dtor'(unsigned int)|libcmt|rtti.obj|ambiguous|review|5
0x00571c00|AfxGetAfxWndProc|?AfxGetAfxWndProc@@YGP6GJPAUHWND__@@IIJ@ZXZ|long (__stdcall * __stdcall AfxGetAfxWndProc(void))(struct HWND__*, unsigned int, unsigned int, long)|nafxcw|wincore.obj|ambiguous|review|239
0x00571c60|_G__non_rtti_object|??_G__non_rtti_object@@UAEPAXI@Z|public: virtual void * __thiscall __non_rtti_object::`scalar deleting dtor'(unsigned int)|libcmt|rtti.obj|ambiguous|review|5
0x00571f50|AfxGetAfxWndProc|?AfxGetAfxWndProc@@YGP6GJPAUHWND__@@IIJ@ZXZ|long (__stdcall * __stdcall AfxGetAfxWndProc(void))(struct HWND__*, unsigned int, unsigned int, long)|nafxcw|wincore.obj|ambiguous|review|239
0x00571f70|_AfxBindStatusCallback::CInnerUnknown::CInnerUnknown|??0CInnerUnknown@_AfxBindStatusCallback@@QAE@XZ|public: __thiscall _AfxBindStatusCallback::CInnerUnknown::CInnerUnknown(void)|nafxcw|oleasmon.obj|ambiguous|review|5
0x00571fa0|_G__non_rtti_object|??_G__non_rtti_object@@UAEPAXI@Z|public: virtual void * __thiscall __non_rtti_object::`scalar deleting dtor'(unsigned int)|libcmt|rtti.obj|ambiguous|review|5
0x00572110|AfxGetAfxWndProc|?AfxGetAfxWndProc@@YGP6GJPAUHWND__@@IIJ@ZXZ|long (__stdcall * __stdcall AfxGetAfxWndProc(void))(struct HWND__*, unsigned int, unsigned int, long)|nafxcw|wincore.obj|ambiguous|review|239
0x00572160|_G__non_rtti_object|??_G__non_rtti_object@@UAEPAXI@Z|public: virtual void * __thiscall __non_rtti_object::`scalar deleting dtor'(unsigned int)|libcmt|rtti.obj|ambiguous|review|5
0x005723d0|CObject::AssertValid|?AssertValid@CObject@@UBEXXZ|public: virtual void __thiscall CObject::AssertValid(void) const|nafxcw|except.obj|ambiguous|review|23
0x005723f0|AfxGetAfxWndProc|?AfxGetAfxWndProc@@YGP6GJPAUHWND__@@IIJ@ZXZ|long (__stdcall * __stdcall AfxGetAfxWndProc(void))(struct HWND__*, unsigned int, unsigned int, long)|nafxcw|wincore.obj|ambiguous|review|239
0x00572440|_G__non_rtti_object|??_G__non_rtti_object@@UAEPAXI@Z|public: virtual void * __thiscall __non_rtti_object::`scalar deleting dtor'(unsigned int)|libcmt|rtti.obj|ambiguous|review|5
0x005725b0|AfxGetAfxWndProc|?AfxGetAfxWndProc@@YGP6GJPAUHWND__@@IIJ@ZXZ|long (__stdcall * __stdcall AfxGetAfxWndProc(void))(struct HWND__*, unsigned int, unsigned int, long)|nafxcw|wincore.obj|ambiguous|review|239
0x00572670|_G__non_rtti_object|??_G__non_rtti_object@@UAEPAXI@Z|public: virtual void * __thiscall __non_rtti_object::`scalar deleting dtor'(unsigned int)|libcmt|rtti.obj|ambiguous|review|5
0x00572b10|AfxGetAfxWndProc|?AfxGetAfxWndProc@@YGP6GJPAUHWND__@@IIJ@ZXZ|long (__stdcall * __stdcall AfxGetAfxWndProc(void))(struct HWND__*, unsigned int, unsigned int, long)|nafxcw|wincore.obj|ambiguous|review|239
0x00572b60|_G__non_rtti_object|??_G__non_rtti_object@@UAEPAXI@Z|public: virtual void * __thiscall __non_rtti_object::`scalar deleting dtor'(unsigned int)|libcmt|rtti.obj|ambiguous|review|5
0x00572bb0|CObject::AssertValid|?AssertValid@CObject@@UBEXXZ|public: virtual void __thiscall CObject::AssertValid(void) const|nafxcw|except.obj|ambiguous|review|23
0x00572c60|AfxGetAfxWndProc|?AfxGetAfxWndProc@@YGP6GJPAUHWND__@@IIJ@ZXZ|long (__stdcall * __stdcall AfxGetAfxWndProc(void))(struct HWND__*, unsigned int, unsigned int, long)|nafxcw|wincore.obj|ambiguous|review|239
0x00572cb0|_G__non_rtti_object|??_G__non_rtti_object@@UAEPAXI@Z|public: virtual void * __thiscall __non_rtti_object::`scalar deleting dtor'(unsigned int)|libcmt|rtti.obj|ambiguous|review|5
0x00572dc0|AfxGetAfxWndProc|?AfxGetAfxWndProc@@YGP6GJPAUHWND__@@IIJ@ZXZ|long (__stdcall * __stdcall AfxGetAfxWndProc(void))(struct HWND__*, unsigned int, unsigned int, long)|nafxcw|wincore.obj|ambiguous|review|239
0x00572e10|_G__non_rtti_object|??_G__non_rtti_object@@UAEPAXI@Z|public: virtual void * __thiscall __non_rtti_object::`scalar deleting dtor'(unsigned int)|libcmt|rtti.obj|ambiguous|review|5
0x00573170|AfxGetAfxWndProc|?AfxGetAfxWndProc@@YGP6GJPAUHWND__@@IIJ@ZXZ|long (__stdcall * __stdcall AfxGetAfxWndProc(void))(struct HWND__*, unsigned int, unsigned int, long)|nafxcw|wincore.obj|ambiguous|review|239
0x005731d0|_G__non_rtti_object|??_G__non_rtti_object@@UAEPAXI@Z|public: virtual void * __thiscall __non_rtti_object::`scalar deleting dtor'(unsigned int)|libcmt|rtti.obj|ambiguous|review|5
0x005737b0|AfxGetAfxWndProc|?AfxGetAfxWndProc@@YGP6GJPAUHWND__@@IIJ@ZXZ|long (__stdcall * __stdcall AfxGetAfxWndProc(void))(struct HWND__*, unsigned int, unsigned int, long)|nafxcw|wincore.obj|ambiguous|review|239
0x00573800|_G__non_rtti_object|??_G__non_rtti_object@@UAEPAXI@Z|public: virtual void * __thiscall __non_rtti_object::`scalar deleting dtor'(unsigned int)|libcmt|rtti.obj|ambiguous|review|5
0x00573a00|AfxGetAfxWndProc|?AfxGetAfxWndProc@@YGP6GJPAUHWND__@@IIJ@ZXZ|long (__stdcall * __stdcall AfxGetAfxWndProc(void))(struct HWND__*, unsigned int, unsigned int, long)|nafxcw|wincore.obj|ambiguous|review|239
0x00573a50|_G__non_rtti_object|??_G__non_rtti_object@@UAEPAXI@Z|public: virtual void * __thiscall __non_rtti_object::`scalar deleting dtor'(unsigned int)|libcmt|rtti.obj|ambiguous|review|5
0x00573c90|AfxGetAfxWndProc|?AfxGetAfxWndProc@@YGP6GJPAUHWND__@@IIJ@ZXZ|long (__stdcall * __stdcall AfxGetAfxWndProc(void))(struct HWND__*, unsigned int, unsigned int, long)|nafxcw|wincore.obj|ambiguous|review|239
0x00573df0|_G__non_rtti_object|??_G__non_rtti_object@@UAEPAXI@Z|public: virtual void * __thiscall __non_rtti_object::`scalar deleting dtor'(unsigned int)|libcmt|rtti.obj|ambiguous|review|5
0x00574490|AfxGetAfxWndProc|?AfxGetAfxWndProc@@YGP6GJPAUHWND__@@IIJ@ZXZ|long (__stdcall * __stdcall AfxGetAfxWndProc(void))(struct HWND__*, unsigned int, unsigned int, long)|nafxcw|wincore.obj|ambiguous|review|239
0x00574f20|AfxGetAfxWndProc|?AfxGetAfxWndProc@@YGP6GJPAUHWND__@@IIJ@ZXZ|long (__stdcall * __stdcall AfxGetAfxWndProc(void))(struct HWND__*, unsigned int, unsigned int, long)|nafxcw|wincore.obj|ambiguous|review|239
0x00574f40|_AfxBindStatusCallback::CInnerUnknown::CInnerUnknown|??0CInnerUnknown@_AfxBindStatusCallback@@QAE@XZ|public: __thiscall _AfxBindStatusCallback::CInnerUnknown::CInnerUnknown(void)|nafxcw|oleasmon.obj|ambiguous|review|5
0x00574f70|_G__non_rtti_object|??_G__non_rtti_object@@UAEPAXI@Z|public: virtual void * __thiscall __non_rtti_object::`scalar deleting dtor'(unsigned int)|libcmt|rtti.obj|ambiguous|review|5
0x00575210|_G__non_rtti_object|??_G__non_rtti_object@@UAEPAXI@Z|public: virtual void * __thiscall __non_rtti_object::`scalar deleting dtor'(unsigned int)|libcmt|rtti.obj|ambiguous|review|5
0x00575240|CException::~CException|??1CException@@UAE@XZ|public: virtual __thiscall CException::~CException(void)|nafxcw|except.obj|ambiguous|review|16
0x00575260|AfxGetAfxWndProc|?AfxGetAfxWndProc@@YGP6GJPAUHWND__@@IIJ@ZXZ|long (__stdcall * __stdcall AfxGetAfxWndProc(void))(struct HWND__*, unsigned int, unsigned int, long)|nafxcw|wincore.obj|ambiguous|review|239
0x00575300|AfxGetAfxWndProc|?AfxGetAfxWndProc@@YGP6GJPAUHWND__@@IIJ@ZXZ|long (__stdcall * __stdcall AfxGetAfxWndProc(void))(struct HWND__*, unsigned int, unsigned int, long)|nafxcw|wincore.obj|ambiguous|review|239
0x00575840|AfxGetAfxWndProc|?AfxGetAfxWndProc@@YGP6GJPAUHWND__@@IIJ@ZXZ|long (__stdcall * __stdcall AfxGetAfxWndProc(void))(struct HWND__*, unsigned int, unsigned int, long)|nafxcw|wincore.obj|ambiguous|review|239
0x00575860|_AfxBindStatusCallback::CInnerUnknown::CInnerUnknown|??0CInnerUnknown@_AfxBindStatusCallback@@QAE@XZ|public: __thiscall _AfxBindStatusCallback::CInnerUnknown::CInnerUnknown(void)|nafxcw|oleasmon.obj|ambiguous|review|5
0x00575890|_G__non_rtti_object|??_G__non_rtti_object@@UAEPAXI@Z|public: virtual void * __thiscall __non_rtti_object::`scalar deleting dtor'(unsigned int)|libcmt|rtti.obj|ambiguous|review|5
0x00575f10|AfxGetAfxWndProc|?AfxGetAfxWndProc@@YGP6GJPAUHWND__@@IIJ@ZXZ|long (__stdcall * __stdcall AfxGetAfxWndProc(void))(struct HWND__*, unsigned int, unsigned int, long)|nafxcw|wincore.obj|ambiguous|review|239
0x00575f30|_AfxBindStatusCallback::CInnerUnknown::CInnerUnknown|??0CInnerUnknown@_AfxBindStatusCallback@@QAE@XZ|public: __thiscall _AfxBindStatusCallback::CInnerUnknown::CInnerUnknown(void)|nafxcw|oleasmon.obj|ambiguous|review|5
0x00575f60|_G__non_rtti_object|??_G__non_rtti_object@@UAEPAXI@Z|public: virtual void * __thiscall __non_rtti_object::`scalar deleting dtor'(unsigned int)|libcmt|rtti.obj|ambiguous|review|5
0x00576980|AfxGetAfxWndProc|?AfxGetAfxWndProc@@YGP6GJPAUHWND__@@IIJ@ZXZ|long (__stdcall * __stdcall AfxGetAfxWndProc(void))(struct HWND__*, unsigned int, unsigned int, long)|nafxcw|wincore.obj|ambiguous|review|239
0x00576b20|_G__non_rtti_object|??_G__non_rtti_object@@UAEPAXI@Z|public: virtual void * __thiscall __non_rtti_object::`scalar deleting dtor'(unsigned int)|libcmt|rtti.obj|ambiguous|review|5
0x00576b70|AfxGetAfxWndProc|?AfxGetAfxWndProc@@YGP6GJPAUHWND__@@IIJ@ZXZ|long (__stdcall * __stdcall AfxGetAfxWndProc(void))(struct HWND__*, unsigned int, unsigned int, long)|nafxcw|wincore.obj|ambiguous|review|239
0x00576d60|AfxGetAfxWndProc|?AfxGetAfxWndProc@@YGP6GJPAUHWND__@@IIJ@ZXZ|long (__stdcall * __stdcall AfxGetAfxWndProc(void))(struct HWND__*, unsigned int, unsigned int, long)|nafxcw|wincore.obj|ambiguous|review|239
0x00576e00|_G__non_rtti_object|??_G__non_rtti_object@@UAEPAXI@Z|public: virtual void * __thiscall __non_rtti_object::`scalar deleting dtor'(unsigned int)|libcmt|rtti.obj|ambiguous|review|5
0x00578830|AfxGetAfxWndProc|?AfxGetAfxWndProc@@YGP6GJPAUHWND__@@IIJ@ZXZ|long (__stdcall * __stdcall AfxGetAfxWndProc(void))(struct HWND__*, unsigned int, unsigned int, long)|nafxcw|wincore.obj|ambiguous|review|239
0x00579470|AfxGetAfxWndProc|?AfxGetAfxWndProc@@YGP6GJPAUHWND__@@IIJ@ZXZ|long (__stdcall * __stdcall AfxGetAfxWndProc(void))(struct HWND__*, unsigned int, unsigned int, long)|nafxcw|wincore.obj|ambiguous|review|239
0x00579680|AfxGetAfxWndProc|?AfxGetAfxWndProc@@YGP6GJPAUHWND__@@IIJ@ZXZ|long (__stdcall * __stdcall AfxGetAfxWndProc(void))(struct HWND__*, unsigned int, unsigned int, long)|nafxcw|wincore.obj|ambiguous|review|239
0x005796f0|_G__non_rtti_object|??_G__non_rtti_object@@UAEPAXI@Z|public: virtual void * __thiscall __non_rtti_object::`scalar deleting dtor'(unsigned int)|libcmt|rtti.obj|ambiguous|review|5
0x00579b60|AfxGetAfxWndProc|?AfxGetAfxWndProc@@YGP6GJPAUHWND__@@IIJ@ZXZ|long (__stdcall * __stdcall AfxGetAfxWndProc(void))(struct HWND__*, unsigned int, unsigned int, long)|nafxcw|wincore.obj|ambiguous|review|239
0x0057ac30|AfxGetAfxWndProc|?AfxGetAfxWndProc@@YGP6GJPAUHWND__@@IIJ@ZXZ|long (__stdcall * __stdcall AfxGetAfxWndProc(void))(struct HWND__*, unsigned int, unsigned int, long)|nafxcw|wincore.obj|ambiguous|review|239
0x0057b080|AfxGetAfxWndProc|?AfxGetAfxWndProc@@YGP6GJPAUHWND__@@IIJ@ZXZ|long (__stdcall * __stdcall AfxGetAfxWndProc(void))(struct HWND__*, unsigned int, unsigned int, long)|nafxcw|wincore.obj|ambiguous|review|239
0x0057b6f0|_G__non_rtti_object|??_G__non_rtti_object@@UAEPAXI@Z|public: virtual void * __thiscall __non_rtti_object::`scalar deleting dtor'(unsigned int)|libcmt|rtti.obj|ambiguous|review|5
0x0057b720|??1?$CIP@UIBindCtx@@$1?IID_IBindCtx@@3U_GUID@@B@@QAE@XZ|??1?$CIP@UIBindCtx@@$1?IID_IBindCtx@@3U_GUID@@B@@QAE@XZ|public: __thiscall CIP<struct IBindCtx, &struct _GUID const IID_IBindCtx>::~CIP<struct IBindCtx, &struct _GUID const IID_IBindCtx>(void)|nafxcw|olemon.obj|ambiguous|review|77
0x0057b740|AfxGetAfxWndProc|?AfxGetAfxWndProc@@YGP6GJPAUHWND__@@IIJ@ZXZ|long (__stdcall * __stdcall AfxGetAfxWndProc(void))(struct HWND__*, unsigned int, unsigned int, long)|nafxcw|wincore.obj|ambiguous|review|239
0x0057b760|CObject::AssertValid|?AssertValid@CObject@@UBEXXZ|public: virtual void __thiscall CObject::AssertValid(void) const|nafxcw|except.obj|ambiguous|review|23
0x0057b9c0|AfxGetAfxWndProc|?AfxGetAfxWndProc@@YGP6GJPAUHWND__@@IIJ@ZXZ|long (__stdcall * __stdcall AfxGetAfxWndProc(void))(struct HWND__*, unsigned int, unsigned int, long)|nafxcw|wincore.obj|ambiguous|review|239
0x0057bb50|_G__non_rtti_object|??_G__non_rtti_object@@UAEPAXI@Z|public: virtual void * __thiscall __non_rtti_object::`scalar deleting dtor'(unsigned int)|libcmt|rtti.obj|ambiguous|review|5
0x0057c390|CObject::AssertValid|?AssertValid@CObject@@UBEXXZ|public: virtual void __thiscall CObject::AssertValid(void) const|nafxcw|except.obj|ambiguous|review|23
0x0057f490|COleDocument::GetContainer|?GetContainer@COleDocument@@UAEPAUIOleItemContainer@@XZ|public: virtual struct IOleItemContainer * __thiscall COleDocument::GetContainer(void)|nafxcw|oledoc1.obj|ambiguous|review|21
0x00583950|AfxGetAfxWndProc|?AfxGetAfxWndProc@@YGP6GJPAUHWND__@@IIJ@ZXZ|long (__stdcall * __stdcall AfxGetAfxWndProc(void))(struct HWND__*, unsigned int, unsigned int, long)|nafxcw|wincore.obj|ambiguous|review|239
0x005839a0|_G__non_rtti_object|??_G__non_rtti_object@@UAEPAXI@Z|public: virtual void * __thiscall __non_rtti_object::`scalar deleting dtor'(unsigned int)|libcmt|rtti.obj|ambiguous|review|5
0x00583b30|AfxGetAfxWndProc|?AfxGetAfxWndProc@@YGP6GJPAUHWND__@@IIJ@ZXZ|long (__stdcall * __stdcall AfxGetAfxWndProc(void))(struct HWND__*, unsigned int, unsigned int, long)|nafxcw|wincore.obj|ambiguous|review|239
0x00583b80|_G__non_rtti_object|??_G__non_rtti_object@@UAEPAXI@Z|public: virtual void * __thiscall __non_rtti_object::`scalar deleting dtor'(unsigned int)|libcmt|rtti.obj|ambiguous|review|5
0x00583d30|AfxGetAfxWndProc|?AfxGetAfxWndProc@@YGP6GJPAUHWND__@@IIJ@ZXZ|long (__stdcall * __stdcall AfxGetAfxWndProc(void))(struct HWND__*, unsigned int, unsigned int, long)|nafxcw|wincore.obj|ambiguous|review|239
0x00583d80|_G__non_rtti_object|??_G__non_rtti_object@@UAEPAXI@Z|public: virtual void * __thiscall __non_rtti_object::`scalar deleting dtor'(unsigned int)|libcmt|rtti.obj|ambiguous|review|5
0x00583f10|AfxGetAfxWndProc|?AfxGetAfxWndProc@@YGP6GJPAUHWND__@@IIJ@ZXZ|long (__stdcall * __stdcall AfxGetAfxWndProc(void))(struct HWND__*, unsigned int, unsigned int, long)|nafxcw|wincore.obj|ambiguous|review|239
0x00583f60|_G__non_rtti_object|??_G__non_rtti_object@@UAEPAXI@Z|public: virtual void * __thiscall __non_rtti_object::`scalar deleting dtor'(unsigned int)|libcmt|rtti.obj|ambiguous|review|5
0x005840c0|AfxGetAfxWndProc|?AfxGetAfxWndProc@@YGP6GJPAUHWND__@@IIJ@ZXZ|long (__stdcall * __stdcall AfxGetAfxWndProc(void))(struct HWND__*, unsigned int, unsigned int, long)|nafxcw|wincore.obj|ambiguous|review|239
0x005840e0|_AfxBindStatusCallback::CInnerUnknown::CInnerUnknown|??0CInnerUnknown@_AfxBindStatusCallback@@QAE@XZ|public: __thiscall _AfxBindStatusCallback::CInnerUnknown::CInnerUnknown(void)|nafxcw|oleasmon.obj|ambiguous|review|5
0x00584110|_G__non_rtti_object|??_G__non_rtti_object@@UAEPAXI@Z|public: virtual void * __thiscall __non_rtti_object::`scalar deleting dtor'(unsigned int)|libcmt|rtti.obj|ambiguous|review|5
0x00584280|AfxGetAfxWndProc|?AfxGetAfxWndProc@@YGP6GJPAUHWND__@@IIJ@ZXZ|long (__stdcall * __stdcall AfxGetAfxWndProc(void))(struct HWND__*, unsigned int, unsigned int, long)|nafxcw|wincore.obj|ambiguous|review|239
0x005842a0|_AfxBindStatusCallback::CInnerUnknown::CInnerUnknown|??0CInnerUnknown@_AfxBindStatusCallback@@QAE@XZ|public: __thiscall _AfxBindStatusCallback::CInnerUnknown::CInnerUnknown(void)|nafxcw|oleasmon.obj|ambiguous|review|5
0x005842d0|_G__non_rtti_object|??_G__non_rtti_object@@UAEPAXI@Z|public: virtual void * __thiscall __non_rtti_object::`scalar deleting dtor'(unsigned int)|libcmt|rtti.obj|ambiguous|review|5
0x00584460|AfxGetAfxWndProc|?AfxGetAfxWndProc@@YGP6GJPAUHWND__@@IIJ@ZXZ|long (__stdcall * __stdcall AfxGetAfxWndProc(void))(struct HWND__*, unsigned int, unsigned int, long)|nafxcw|wincore.obj|ambiguous|review|239
0x00584480|_AfxBindStatusCallback::CInnerUnknown::CInnerUnknown|??0CInnerUnknown@_AfxBindStatusCallback@@QAE@XZ|public: __thiscall _AfxBindStatusCallback::CInnerUnknown::CInnerUnknown(void)|nafxcw|oleasmon.obj|ambiguous|review|5
0x005844b0|_G__non_rtti_object|??_G__non_rtti_object@@UAEPAXI@Z|public: virtual void * __thiscall __non_rtti_object::`scalar deleting dtor'(unsigned int)|libcmt|rtti.obj|ambiguous|review|5
0x00584760|AfxGetAfxWndProc|?AfxGetAfxWndProc@@YGP6GJPAUHWND__@@IIJ@ZXZ|long (__stdcall * __stdcall AfxGetAfxWndProc(void))(struct HWND__*, unsigned int, unsigned int, long)|nafxcw|wincore.obj|ambiguous|review|239
0x00584780|_AfxBindStatusCallback::CInnerUnknown::CInnerUnknown|??0CInnerUnknown@_AfxBindStatusCallback@@QAE@XZ|public: __thiscall _AfxBindStatusCallback::CInnerUnknown::CInnerUnknown(void)|nafxcw|oleasmon.obj|ambiguous|review|5
0x005847b0|_G__non_rtti_object|??_G__non_rtti_object@@UAEPAXI@Z|public: virtual void * __thiscall __non_rtti_object::`scalar deleting dtor'(unsigned int)|libcmt|rtti.obj|ambiguous|review|5
0x00584910|AfxGetAfxWndProc|?AfxGetAfxWndProc@@YGP6GJPAUHWND__@@IIJ@ZXZ|long (__stdcall * __stdcall AfxGetAfxWndProc(void))(struct HWND__*, unsigned int, unsigned int, long)|nafxcw|wincore.obj|ambiguous|review|239
0x00584930|_AfxBindStatusCallback::CInnerUnknown::CInnerUnknown|??0CInnerUnknown@_AfxBindStatusCallback@@QAE@XZ|public: __thiscall _AfxBindStatusCallback::CInnerUnknown::CInnerUnknown(void)|nafxcw|oleasmon.obj|ambiguous|review|5
0x00584960|_G__non_rtti_object|??_G__non_rtti_object@@UAEPAXI@Z|public: virtual void * __thiscall __non_rtti_object::`scalar deleting dtor'(unsigned int)|libcmt|rtti.obj|ambiguous|review|5
0x00584ad0|AfxGetAfxWndProc|?AfxGetAfxWndProc@@YGP6GJPAUHWND__@@IIJ@ZXZ|long (__stdcall * __stdcall AfxGetAfxWndProc(void))(struct HWND__*, unsigned int, unsigned int, long)|nafxcw|wincore.obj|ambiguous|review|239
0x00584af0|_AfxBindStatusCallback::CInnerUnknown::CInnerUnknown|??0CInnerUnknown@_AfxBindStatusCallback@@QAE@XZ|public: __thiscall _AfxBindStatusCallback::CInnerUnknown::CInnerUnknown(void)|nafxcw|oleasmon.obj|ambiguous|review|5
0x00584b20|_G__non_rtti_object|??_G__non_rtti_object@@UAEPAXI@Z|public: virtual void * __thiscall __non_rtti_object::`scalar deleting dtor'(unsigned int)|libcmt|rtti.obj|ambiguous|review|5
0x00584c40|AfxGetAfxWndProc|?AfxGetAfxWndProc@@YGP6GJPAUHWND__@@IIJ@ZXZ|long (__stdcall * __stdcall AfxGetAfxWndProc(void))(struct HWND__*, unsigned int, unsigned int, long)|nafxcw|wincore.obj|ambiguous|review|239
0x00584ce0|_G__non_rtti_object|??_G__non_rtti_object@@UAEPAXI@Z|public: virtual void * __thiscall __non_rtti_object::`scalar deleting dtor'(unsigned int)|libcmt|rtti.obj|ambiguous|review|5
0x00584e00|AfxGetAfxWndProc|?AfxGetAfxWndProc@@YGP6GJPAUHWND__@@IIJ@ZXZ|long (__stdcall * __stdcall AfxGetAfxWndProc(void))(struct HWND__*, unsigned int, unsigned int, long)|nafxcw|wincore.obj|ambiguous|review|239
0x00584e20|_AfxBindStatusCallback::CInnerUnknown::CInnerUnknown|??0CInnerUnknown@_AfxBindStatusCallback@@QAE@XZ|public: __thiscall _AfxBindStatusCallback::CInnerUnknown::CInnerUnknown(void)|nafxcw|oleasmon.obj|ambiguous|review|5
0x00584e50|_G__non_rtti_object|??_G__non_rtti_object@@UAEPAXI@Z|public: virtual void * __thiscall __non_rtti_object::`scalar deleting dtor'(unsigned int)|libcmt|rtti.obj|ambiguous|review|5
0x00585ff0|AfxGetAfxWndProc|?AfxGetAfxWndProc@@YGP6GJPAUHWND__@@IIJ@ZXZ|long (__stdcall * __stdcall AfxGetAfxWndProc(void))(struct HWND__*, unsigned int, unsigned int, long)|nafxcw|wincore.obj|ambiguous|review|239
0x00586010|_AfxBindStatusCallback::CInnerUnknown::CInnerUnknown|??0CInnerUnknown@_AfxBindStatusCallback@@QAE@XZ|public: __thiscall _AfxBindStatusCallback::CInnerUnknown::CInnerUnknown(void)|nafxcw|oleasmon.obj|ambiguous|review|5
0x00586040|_G__non_rtti_object|??_G__non_rtti_object@@UAEPAXI@Z|public: virtual void * __thiscall __non_rtti_object::`scalar deleting dtor'(unsigned int)|libcmt|rtti.obj|ambiguous|review|5
0x00586310|AfxGetAfxWndProc|?AfxGetAfxWndProc@@YGP6GJPAUHWND__@@IIJ@ZXZ|long (__stdcall * __stdcall AfxGetAfxWndProc(void))(struct HWND__*, unsigned int, unsigned int, long)|nafxcw|wincore.obj|ambiguous|review|239
0x005863b0|_G__non_rtti_object|??_G__non_rtti_object@@UAEPAXI@Z|public: virtual void * __thiscall __non_rtti_object::`scalar deleting dtor'(unsigned int)|libcmt|rtti.obj|ambiguous|review|5
0x00586610|AfxGetAfxWndProc|?AfxGetAfxWndProc@@YGP6GJPAUHWND__@@IIJ@ZXZ|long (__stdcall * __stdcall AfxGetAfxWndProc(void))(struct HWND__*, unsigned int, unsigned int, long)|nafxcw|wincore.obj|ambiguous|review|239
0x00586630|_AfxBindStatusCallback::CInnerUnknown::CInnerUnknown|??0CInnerUnknown@_AfxBindStatusCallback@@QAE@XZ|public: __thiscall _AfxBindStatusCallback::CInnerUnknown::CInnerUnknown(void)|nafxcw|oleasmon.obj|ambiguous|review|5
0x00586660|_G__non_rtti_object|??_G__non_rtti_object@@UAEPAXI@Z|public: virtual void * __thiscall __non_rtti_object::`scalar deleting dtor'(unsigned int)|libcmt|rtti.obj|ambiguous|review|5
0x00586900|AfxGetAfxWndProc|?AfxGetAfxWndProc@@YGP6GJPAUHWND__@@IIJ@ZXZ|long (__stdcall * __stdcall AfxGetAfxWndProc(void))(struct HWND__*, unsigned int, unsigned int, long)|nafxcw|wincore.obj|ambiguous|review|239
0x00586970|_G__non_rtti_object|??_G__non_rtti_object@@UAEPAXI@Z|public: virtual void * __thiscall __non_rtti_object::`scalar deleting dtor'(unsigned int)|libcmt|rtti.obj|ambiguous|review|5
0x00586b50|AfxGetAfxWndProc|?AfxGetAfxWndProc@@YGP6GJPAUHWND__@@IIJ@ZXZ|long (__stdcall * __stdcall AfxGetAfxWndProc(void))(struct HWND__*, unsigned int, unsigned int, long)|nafxcw|wincore.obj|ambiguous|review|239
0x00586b70|_AfxBindStatusCallback::CInnerUnknown::CInnerUnknown|??0CInnerUnknown@_AfxBindStatusCallback@@QAE@XZ|public: __thiscall _AfxBindStatusCallback::CInnerUnknown::CInnerUnknown(void)|nafxcw|oleasmon.obj|ambiguous|review|5
0x00586ba0|_G__non_rtti_object|??_G__non_rtti_object@@UAEPAXI@Z|public: virtual void * __thiscall __non_rtti_object::`scalar deleting dtor'(unsigned int)|libcmt|rtti.obj|ambiguous|review|5
0x00586cc0|AfxGetAfxWndProc|?AfxGetAfxWndProc@@YGP6GJPAUHWND__@@IIJ@ZXZ|long (__stdcall * __stdcall AfxGetAfxWndProc(void))(struct HWND__*, unsigned int, unsigned int, long)|nafxcw|wincore.obj|ambiguous|review|239
0x00586ce0|_AfxBindStatusCallback::CInnerUnknown::CInnerUnknown|??0CInnerUnknown@_AfxBindStatusCallback@@QAE@XZ|public: __thiscall _AfxBindStatusCallback::CInnerUnknown::CInnerUnknown(void)|nafxcw|oleasmon.obj|ambiguous|review|5
0x00586d10|_G__non_rtti_object|??_G__non_rtti_object@@UAEPAXI@Z|public: virtual void * __thiscall __non_rtti_object::`scalar deleting dtor'(unsigned int)|libcmt|rtti.obj|ambiguous|review|5
0x00586ff0|CDatabase::BindParameters|?BindParameters@CDatabase@@UAEXPAX@Z|public: virtual void __thiscall CDatabase::BindParameters(void *)|nafxcw|dbcore.obj|ambiguous|review|45
0x00587090|AfxGetAfxWndProc|?AfxGetAfxWndProc@@YGP6GJPAUHWND__@@IIJ@ZXZ|long (__stdcall * __stdcall AfxGetAfxWndProc(void))(struct HWND__*, unsigned int, unsigned int, long)|nafxcw|wincore.obj|ambiguous|review|239
0x005870b0|_AfxBindStatusCallback::CInnerUnknown::CInnerUnknown|??0CInnerUnknown@_AfxBindStatusCallback@@QAE@XZ|public: __thiscall _AfxBindStatusCallback::CInnerUnknown::CInnerUnknown(void)|nafxcw|oleasmon.obj|ambiguous|review|5
0x005870e0|_G__non_rtti_object|??_G__non_rtti_object@@UAEPAXI@Z|public: virtual void * __thiscall __non_rtti_object::`scalar deleting dtor'(unsigned int)|libcmt|rtti.obj|ambiguous|review|5
0x00588560|AfxGetAfxWndProc|?AfxGetAfxWndProc@@YGP6GJPAUHWND__@@IIJ@ZXZ|long (__stdcall * __stdcall AfxGetAfxWndProc(void))(struct HWND__*, unsigned int, unsigned int, long)|nafxcw|wincore.obj|ambiguous|review|239
0x005885c0|_G__non_rtti_object|??_G__non_rtti_object@@UAEPAXI@Z|public: virtual void * __thiscall __non_rtti_object::`scalar deleting dtor'(unsigned int)|libcmt|rtti.obj|ambiguous|review|5
0x00588ad0|AfxGetAfxWndProc|?AfxGetAfxWndProc@@YGP6GJPAUHWND__@@IIJ@ZXZ|long (__stdcall * __stdcall AfxGetAfxWndProc(void))(struct HWND__*, unsigned int, unsigned int, long)|nafxcw|wincore.obj|ambiguous|review|239
0x00588b20|_G__non_rtti_object|??_G__non_rtti_object@@UAEPAXI@Z|public: virtual void * __thiscall __non_rtti_object::`scalar deleting dtor'(unsigned int)|libcmt|rtti.obj|ambiguous|review|5
0x005891b0|AfxGetAfxWndProc|?AfxGetAfxWndProc@@YGP6GJPAUHWND__@@IIJ@ZXZ|long (__stdcall * __stdcall AfxGetAfxWndProc(void))(struct HWND__*, unsigned int, unsigned int, long)|nafxcw|wincore.obj|ambiguous|review|239
0x00589210|_G__non_rtti_object|??_G__non_rtti_object@@UAEPAXI@Z|public: virtual void * __thiscall __non_rtti_object::`scalar deleting dtor'(unsigned int)|libcmt|rtti.obj|ambiguous|review|5
0x00589700|AfxGetAfxWndProc|?AfxGetAfxWndProc@@YGP6GJPAUHWND__@@IIJ@ZXZ|long (__stdcall * __stdcall AfxGetAfxWndProc(void))(struct HWND__*, unsigned int, unsigned int, long)|nafxcw|wincore.obj|ambiguous|review|239
0x00589760|_G__non_rtti_object|??_G__non_rtti_object@@UAEPAXI@Z|public: virtual void * __thiscall __non_rtti_object::`scalar deleting dtor'(unsigned int)|libcmt|rtti.obj|ambiguous|review|5
0x00589f70|AfxGetAfxWndProc|?AfxGetAfxWndProc@@YGP6GJPAUHWND__@@IIJ@ZXZ|long (__stdcall * __stdcall AfxGetAfxWndProc(void))(struct HWND__*, unsigned int, unsigned int, long)|nafxcw|wincore.obj|ambiguous|review|239
0x00589fd0|_G__non_rtti_object|??_G__non_rtti_object@@UAEPAXI@Z|public: virtual void * __thiscall __non_rtti_object::`scalar deleting dtor'(unsigned int)|libcmt|rtti.obj|ambiguous|review|5
0x0058a570|AfxGetAfxWndProc|?AfxGetAfxWndProc@@YGP6GJPAUHWND__@@IIJ@ZXZ|long (__stdcall * __stdcall AfxGetAfxWndProc(void))(struct HWND__*, unsigned int, unsigned int, long)|nafxcw|wincore.obj|ambiguous|review|239
0x0058a5c0|_G__non_rtti_object|??_G__non_rtti_object@@UAEPAXI@Z|public: virtual void * __thiscall __non_rtti_object::`scalar deleting dtor'(unsigned int)|libcmt|rtti.obj|ambiguous|review|5
0x0058ab40|AfxGetAfxWndProc|?AfxGetAfxWndProc@@YGP6GJPAUHWND__@@IIJ@ZXZ|long (__stdcall * __stdcall AfxGetAfxWndProc(void))(struct HWND__*, unsigned int, unsigned int, long)|nafxcw|wincore.obj|ambiguous|review|239
0x0058aba0|_G__non_rtti_object|??_G__non_rtti_object@@UAEPAXI@Z|public: virtual void * __thiscall __non_rtti_object::`scalar deleting dtor'(unsigned int)|libcmt|rtti.obj|ambiguous|review|5
0x0058aed0|AfxGetAfxWndProc|?AfxGetAfxWndProc@@YGP6GJPAUHWND__@@IIJ@ZXZ|long (__stdcall * __stdcall AfxGetAfxWndProc(void))(struct HWND__*, unsigned int, unsigned int, long)|nafxcw|wincore.obj|ambiguous|review|239
0x0058af30|_G__non_rtti_object|??_G__non_rtti_object@@UAEPAXI@Z|public: virtual void * __thiscall __non_rtti_object::`scalar deleting dtor'(unsigned int)|libcmt|rtti.obj|ambiguous|review|5
0x0058b3c0|AfxGetAfxWndProc|?AfxGetAfxWndProc@@YGP6GJPAUHWND__@@IIJ@ZXZ|long (__stdcall * __stdcall AfxGetAfxWndProc(void))(struct HWND__*, unsigned int, unsigned int, long)|nafxcw|wincore.obj|ambiguous|review|239
0x0058b410|_G__non_rtti_object|??_G__non_rtti_object@@UAEPAXI@Z|public: virtual void * __thiscall __non_rtti_object::`scalar deleting dtor'(unsigned int)|libcmt|rtti.obj|ambiguous|review|5
0x0058b640|AfxGetAfxWndProc|?AfxGetAfxWndProc@@YGP6GJPAUHWND__@@IIJ@ZXZ|long (__stdcall * __stdcall AfxGetAfxWndProc(void))(struct HWND__*, unsigned int, unsigned int, long)|nafxcw|wincore.obj|ambiguous|review|239
0x0058b660|_AfxBindStatusCallback::CInnerUnknown::CInnerUnknown|??0CInnerUnknown@_AfxBindStatusCallback@@QAE@XZ|public: __thiscall _AfxBindStatusCallback::CInnerUnknown::CInnerUnknown(void)|nafxcw|oleasmon.obj|ambiguous|review|5
0x0058b690|_G__non_rtti_object|??_G__non_rtti_object@@UAEPAXI@Z|public: virtual void * __thiscall __non_rtti_object::`scalar deleting dtor'(unsigned int)|libcmt|rtti.obj|ambiguous|review|5
0x0058b9f0|AfxGetAfxWndProc|?AfxGetAfxWndProc@@YGP6GJPAUHWND__@@IIJ@ZXZ|long (__stdcall * __stdcall AfxGetAfxWndProc(void))(struct HWND__*, unsigned int, unsigned int, long)|nafxcw|wincore.obj|ambiguous|review|239
0x0058ba40|_G__non_rtti_object|??_G__non_rtti_object@@UAEPAXI@Z|public: virtual void * __thiscall __non_rtti_object::`scalar deleting dtor'(unsigned int)|libcmt|rtti.obj|ambiguous|review|5
0x0058beb0|AfxGetAfxWndProc|?AfxGetAfxWndProc@@YGP6GJPAUHWND__@@IIJ@ZXZ|long (__stdcall * __stdcall AfxGetAfxWndProc(void))(struct HWND__*, unsigned int, unsigned int, long)|nafxcw|wincore.obj|ambiguous|review|239
0x0058bf00|_G__non_rtti_object|??_G__non_rtti_object@@UAEPAXI@Z|public: virtual void * __thiscall __non_rtti_object::`scalar deleting dtor'(unsigned int)|libcmt|rtti.obj|ambiguous|review|5
0x0058c280|AfxGetAfxWndProc|?AfxGetAfxWndProc@@YGP6GJPAUHWND__@@IIJ@ZXZ|long (__stdcall * __stdcall AfxGetAfxWndProc(void))(struct HWND__*, unsigned int, unsigned int, long)|nafxcw|wincore.obj|ambiguous|review|239
0x0058c2e0|_G__non_rtti_object|??_G__non_rtti_object@@UAEPAXI@Z|public: virtual void * __thiscall __non_rtti_object::`scalar deleting dtor'(unsigned int)|libcmt|rtti.obj|ambiguous|review|5
0x0058c8b0|AfxGetAfxWndProc|?AfxGetAfxWndProc@@YGP6GJPAUHWND__@@IIJ@ZXZ|long (__stdcall * __stdcall AfxGetAfxWndProc(void))(struct HWND__*, unsigned int, unsigned int, long)|nafxcw|wincore.obj|ambiguous|review|239
0x0058c8d0|_AfxBindStatusCallback::CInnerUnknown::CInnerUnknown|??0CInnerUnknown@_AfxBindStatusCallback@@QAE@XZ|public: __thiscall _AfxBindStatusCallback::CInnerUnknown::CInnerUnknown(void)|nafxcw|oleasmon.obj|ambiguous|review|5
0x0058c900|_G__non_rtti_object|??_G__non_rtti_object@@UAEPAXI@Z|public: virtual void * __thiscall __non_rtti_object::`scalar deleting dtor'(unsigned int)|libcmt|rtti.obj|ambiguous|review|5
0x0058dec0|AfxGetAfxWndProc|?AfxGetAfxWndProc@@YGP6GJPAUHWND__@@IIJ@ZXZ|long (__stdcall * __stdcall AfxGetAfxWndProc(void))(struct HWND__*, unsigned int, unsigned int, long)|nafxcw|wincore.obj|ambiguous|review|239
0x0058dee0|_AfxBindStatusCallback::CInnerUnknown::CInnerUnknown|??0CInnerUnknown@_AfxBindStatusCallback@@QAE@XZ|public: __thiscall _AfxBindStatusCallback::CInnerUnknown::CInnerUnknown(void)|nafxcw|oleasmon.obj|ambiguous|review|5
0x0058df10|_G__non_rtti_object|??_G__non_rtti_object@@UAEPAXI@Z|public: virtual void * __thiscall __non_rtti_object::`scalar deleting dtor'(unsigned int)|libcmt|rtti.obj|ambiguous|review|5
0x0058e3a0|AfxGetAfxWndProc|?AfxGetAfxWndProc@@YGP6GJPAUHWND__@@IIJ@ZXZ|long (__stdcall * __stdcall AfxGetAfxWndProc(void))(struct HWND__*, unsigned int, unsigned int, long)|nafxcw|wincore.obj|ambiguous|review|239
0x0058e3c0|_AfxBindStatusCallback::CInnerUnknown::CInnerUnknown|??0CInnerUnknown@_AfxBindStatusCallback@@QAE@XZ|public: __thiscall _AfxBindStatusCallback::CInnerUnknown::CInnerUnknown(void)|nafxcw|oleasmon.obj|ambiguous|review|5
0x0058e3f0|_G__non_rtti_object|??_G__non_rtti_object@@UAEPAXI@Z|public: virtual void * __thiscall __non_rtti_object::`scalar deleting dtor'(unsigned int)|libcmt|rtti.obj|ambiguous|review|5
0x0058ea80|AfxGetAfxWndProc|?AfxGetAfxWndProc@@YGP6GJPAUHWND__@@IIJ@ZXZ|long (__stdcall * __stdcall AfxGetAfxWndProc(void))(struct HWND__*, unsigned int, unsigned int, long)|nafxcw|wincore.obj|ambiguous|review|239
0x0058eaa0|_AfxBindStatusCallback::CInnerUnknown::CInnerUnknown|??0CInnerUnknown@_AfxBindStatusCallback@@QAE@XZ|public: __thiscall _AfxBindStatusCallback::CInnerUnknown::CInnerUnknown(void)|nafxcw|oleasmon.obj|ambiguous|review|5
0x0058ead0|_G__non_rtti_object|??_G__non_rtti_object@@UAEPAXI@Z|public: virtual void * __thiscall __non_rtti_object::`scalar deleting dtor'(unsigned int)|libcmt|rtti.obj|ambiguous|review|5
0x0058f0f0|AfxGetAfxWndProc|?AfxGetAfxWndProc@@YGP6GJPAUHWND__@@IIJ@ZXZ|long (__stdcall * __stdcall AfxGetAfxWndProc(void))(struct HWND__*, unsigned int, unsigned int, long)|nafxcw|wincore.obj|ambiguous|review|239
0x00590c10|AfxGetAfxWndProc|?AfxGetAfxWndProc@@YGP6GJPAUHWND__@@IIJ@ZXZ|long (__stdcall * __stdcall AfxGetAfxWndProc(void))(struct HWND__*, unsigned int, unsigned int, long)|nafxcw|wincore.obj|ambiguous|review|239
0x00590c30|_AfxBindStatusCallback::CInnerUnknown::CInnerUnknown|??0CInnerUnknown@_AfxBindStatusCallback@@QAE@XZ|public: __thiscall _AfxBindStatusCallback::CInnerUnknown::CInnerUnknown(void)|nafxcw|oleasmon.obj|ambiguous|review|5
0x00590c60|_G__non_rtti_object|??_G__non_rtti_object@@UAEPAXI@Z|public: virtual void * __thiscall __non_rtti_object::`scalar deleting dtor'(unsigned int)|libcmt|rtti.obj|ambiguous|review|5
0x00591580|AfxGetAfxWndProc|?AfxGetAfxWndProc@@YGP6GJPAUHWND__@@IIJ@ZXZ|long (__stdcall * __stdcall AfxGetAfxWndProc(void))(struct HWND__*, unsigned int, unsigned int, long)|nafxcw|wincore.obj|ambiguous|review|239
0x005915a0|_AfxBindStatusCallback::CInnerUnknown::CInnerUnknown|??0CInnerUnknown@_AfxBindStatusCallback@@QAE@XZ|public: __thiscall _AfxBindStatusCallback::CInnerUnknown::CInnerUnknown(void)|nafxcw|oleasmon.obj|ambiguous|review|5
0x005915d0|_G__non_rtti_object|??_G__non_rtti_object@@UAEPAXI@Z|public: virtual void * __thiscall __non_rtti_object::`scalar deleting dtor'(unsigned int)|libcmt|rtti.obj|ambiguous|review|5
0x00591e50|AfxGetAfxWndProc|?AfxGetAfxWndProc@@YGP6GJPAUHWND__@@IIJ@ZXZ|long (__stdcall * __stdcall AfxGetAfxWndProc(void))(struct HWND__*, unsigned int, unsigned int, long)|nafxcw|wincore.obj|ambiguous|review|239
0x00591ec0|_G__non_rtti_object|??_G__non_rtti_object@@UAEPAXI@Z|public: virtual void * __thiscall __non_rtti_object::`scalar deleting dtor'(unsigned int)|libcmt|rtti.obj|ambiguous|review|5
0x005928e0|AfxGetAfxWndProc|?AfxGetAfxWndProc@@YGP6GJPAUHWND__@@IIJ@ZXZ|long (__stdcall * __stdcall AfxGetAfxWndProc(void))(struct HWND__*, unsigned int, unsigned int, long)|nafxcw|wincore.obj|ambiguous|review|239
0x00592900|_AfxBindStatusCallback::CInnerUnknown::CInnerUnknown|??0CInnerUnknown@_AfxBindStatusCallback@@QAE@XZ|public: __thiscall _AfxBindStatusCallback::CInnerUnknown::CInnerUnknown(void)|nafxcw|oleasmon.obj|ambiguous|review|5
0x00592930|_G__non_rtti_object|??_G__non_rtti_object@@UAEPAXI@Z|public: virtual void * __thiscall __non_rtti_object::`scalar deleting dtor'(unsigned int)|libcmt|rtti.obj|ambiguous|review|5
0x00593350|AfxGetAfxWndProc|?AfxGetAfxWndProc@@YGP6GJPAUHWND__@@IIJ@ZXZ|long (__stdcall * __stdcall AfxGetAfxWndProc(void))(struct HWND__*, unsigned int, unsigned int, long)|nafxcw|wincore.obj|ambiguous|review|239
0x005933b0|_G__non_rtti_object|??_G__non_rtti_object@@UAEPAXI@Z|public: virtual void * __thiscall __non_rtti_object::`scalar deleting dtor'(unsigned int)|libcmt|rtti.obj|ambiguous|review|5
0x005933e0|CException::~CException|??1CException@@UAE@XZ|public: virtual __thiscall CException::~CException(void)|nafxcw|except.obj|ambiguous|review|16
0x00593f00|AfxGetAfxWndProc|?AfxGetAfxWndProc@@YGP6GJPAUHWND__@@IIJ@ZXZ|long (__stdcall * __stdcall AfxGetAfxWndProc(void))(struct HWND__*, unsigned int, unsigned int, long)|nafxcw|wincore.obj|ambiguous|review|239
0x00594fc0|CDatabase::BindParameters|?BindParameters@CDatabase@@UAEXPAX@Z|public: virtual void __thiscall CDatabase::BindParameters(void *)|nafxcw|dbcore.obj|ambiguous|review|45
0x00594fe0|AfxGetAfxWndProc|?AfxGetAfxWndProc@@YGP6GJPAUHWND__@@IIJ@ZXZ|long (__stdcall * __stdcall AfxGetAfxWndProc(void))(struct HWND__*, unsigned int, unsigned int, long)|nafxcw|wincore.obj|ambiguous|review|239
0x00595040|_G__non_rtti_object|??_G__non_rtti_object@@UAEPAXI@Z|public: virtual void * __thiscall __non_rtti_object::`scalar deleting dtor'(unsigned int)|libcmt|rtti.obj|ambiguous|review|5
0x00596040|CFileDialog::OnLBSelChangedNotify|?OnLBSelChangedNotify@CFileDialog@@MAEXIII@Z|protected: virtual void __thiscall CFileDialog::OnLBSelChangedNotify(unsigned int, unsigned int, unsigned int)|nafxcw|dlgfile.obj|ambiguous|review|2
0x00596060|CFileDialog::OnLBSelChangedNotify|?OnLBSelChangedNotify@CFileDialog@@MAEXIII@Z|protected: virtual void __thiscall CFileDialog::OnLBSelChangedNotify(unsigned int, unsigned int, unsigned int)|nafxcw|dlgfile.obj|ambiguous|review|2
0x00596080|CObject::AssertValid|?AssertValid@CObject@@UBEXXZ|public: virtual void __thiscall CObject::AssertValid(void) const|nafxcw|except.obj|ambiguous|review|23
0x005960c0|CAsyncMonikerFile::OnProgress|?OnProgress@CAsyncMonikerFile@@MAEXKKKPBD@Z|protected: virtual void __thiscall CAsyncMonikerFile::OnProgress(unsigned long, unsigned long, unsigned long, char const *)|nafxcw|oleasmon.obj|unique|review|1
0x00596680|CView::OnActivateFrame|?OnActivateFrame@CView@@MAEXIPAVCFrameWnd@@@Z|protected: virtual void __thiscall CView::OnActivateFrame(unsigned int, class CFrameWnd *)|nafxcw|viewcore.obj|ambiguous|review|10
0x005966a0|CDatabase::BindParameters|?BindParameters@CDatabase@@UAEXPAX@Z|public: virtual void __thiscall CDatabase::BindParameters(void *)|nafxcw|dbcore.obj|ambiguous|review|45
0x005966c0|CDatabase::BindParameters|?BindParameters@CDatabase@@UAEXPAX@Z|public: virtual void __thiscall CDatabase::BindParameters(void *)|nafxcw|dbcore.obj|ambiguous|review|45
0x005967f0|AfxGetAfxWndProc|?AfxGetAfxWndProc@@YGP6GJPAUHWND__@@IIJ@ZXZ|long (__stdcall * __stdcall AfxGetAfxWndProc(void))(struct HWND__*, unsigned int, unsigned int, long)|nafxcw|wincore.obj|ambiguous|review|239
0x005969c0|AfxGetAfxWndProc|?AfxGetAfxWndProc@@YGP6GJPAUHWND__@@IIJ@ZXZ|long (__stdcall * __stdcall AfxGetAfxWndProc(void))(struct HWND__*, unsigned int, unsigned int, long)|nafxcw|wincore.obj|ambiguous|review|239
0x00596a30|_G__non_rtti_object|??_G__non_rtti_object@@UAEPAXI@Z|public: virtual void * __thiscall __non_rtti_object::`scalar deleting dtor'(unsigned int)|libcmt|rtti.obj|ambiguous|review|5
0x0059a360|AfxGetAfxWndProc|?AfxGetAfxWndProc@@YGP6GJPAUHWND__@@IIJ@ZXZ|long (__stdcall * __stdcall AfxGetAfxWndProc(void))(struct HWND__*, unsigned int, unsigned int, long)|nafxcw|wincore.obj|ambiguous|review|239
0x0059a3f0|_G__non_rtti_object|??_G__non_rtti_object@@UAEPAXI@Z|public: virtual void * __thiscall __non_rtti_object::`scalar deleting dtor'(unsigned int)|libcmt|rtti.obj|ambiguous|review|5
0x0059ad70|CObject::AssertValid|?AssertValid@CObject@@UBEXXZ|public: virtual void __thiscall CObject::AssertValid(void) const|nafxcw|except.obj|ambiguous|review|23
0x0059ad90|CObject::AssertValid|?AssertValid@CObject@@UBEXXZ|public: virtual void __thiscall CObject::AssertValid(void) const|nafxcw|except.obj|ambiguous|review|23
0x0059adb0|CDatabase::BindParameters|?BindParameters@CDatabase@@UAEXPAX@Z|public: virtual void __thiscall CDatabase::BindParameters(void *)|nafxcw|dbcore.obj|ambiguous|review|45
0x0059add0|CDatabase::BindParameters|?BindParameters@CDatabase@@UAEXPAX@Z|public: virtual void __thiscall CDatabase::BindParameters(void *)|nafxcw|dbcore.obj|ambiguous|review|45
0x0059ae10|CObject::AssertValid|?AssertValid@CObject@@UBEXXZ|public: virtual void __thiscall CObject::AssertValid(void) const|nafxcw|except.obj|ambiguous|review|23
0x0059ae30|_G__non_rtti_object|??_G__non_rtti_object@@UAEPAXI@Z|public: virtual void * __thiscall __non_rtti_object::`scalar deleting dtor'(unsigned int)|libcmt|rtti.obj|ambiguous|review|5
0x0059ae60|CException::~CException|??1CException@@UAE@XZ|public: virtual __thiscall CException::~CException(void)|nafxcw|except.obj|ambiguous|review|16
0x0059ae80|AfxGetAfxWndProc|?AfxGetAfxWndProc@@YGP6GJPAUHWND__@@IIJ@ZXZ|long (__stdcall * __stdcall AfxGetAfxWndProc(void))(struct HWND__*, unsigned int, unsigned int, long)|nafxcw|wincore.obj|ambiguous|review|239
0x0059b140|_G__non_rtti_object|??_G__non_rtti_object@@UAEPAXI@Z|public: virtual void * __thiscall __non_rtti_object::`scalar deleting dtor'(unsigned int)|libcmt|rtti.obj|ambiguous|review|5
0x0059b170|CException::~CException|??1CException@@UAE@XZ|public: virtual __thiscall CException::~CException(void)|nafxcw|except.obj|ambiguous|review|16
0x0059b190|AfxGetAfxWndProc|?AfxGetAfxWndProc@@YGP6GJPAUHWND__@@IIJ@ZXZ|long (__stdcall * __stdcall AfxGetAfxWndProc(void))(struct HWND__*, unsigned int, unsigned int, long)|nafxcw|wincore.obj|ambiguous|review|239
0x0059b390|_G__non_rtti_object|??_G__non_rtti_object@@UAEPAXI@Z|public: virtual void * __thiscall __non_rtti_object::`scalar deleting dtor'(unsigned int)|libcmt|rtti.obj|ambiguous|review|5
0x0059b3c0|CException::~CException|??1CException@@UAE@XZ|public: virtual __thiscall CException::~CException(void)|nafxcw|except.obj|ambiguous|review|16
0x0059ebb0|_G__non_rtti_object|??_G__non_rtti_object@@UAEPAXI@Z|public: virtual void * __thiscall __non_rtti_object::`scalar deleting dtor'(unsigned int)|libcmt|rtti.obj|ambiguous|review|5
0x0059ebe0|CException::~CException|??1CException@@UAE@XZ|public: virtual __thiscall CException::~CException(void)|nafxcw|except.obj|ambiguous|review|16
0x0059ec00|AfxGetAfxWndProc|?AfxGetAfxWndProc@@YGP6GJPAUHWND__@@IIJ@ZXZ|long (__stdcall * __stdcall AfxGetAfxWndProc(void))(struct HWND__*, unsigned int, unsigned int, long)|nafxcw|wincore.obj|ambiguous|review|239
0x0059ed80|_G__non_rtti_object|??_G__non_rtti_object@@UAEPAXI@Z|public: virtual void * __thiscall __non_rtti_object::`scalar deleting dtor'(unsigned int)|libcmt|rtti.obj|ambiguous|review|5
0x0059edb0|CException::~CException|??1CException@@UAE@XZ|public: virtual __thiscall CException::~CException(void)|nafxcw|except.obj|ambiguous|review|16
0x0059ef20|_G__non_rtti_object|??_G__non_rtti_object@@UAEPAXI@Z|public: virtual void * __thiscall __non_rtti_object::`scalar deleting dtor'(unsigned int)|libcmt|rtti.obj|ambiguous|review|5
0x0059ef50|CException::~CException|??1CException@@UAE@XZ|public: virtual __thiscall CException::~CException(void)|nafxcw|except.obj|ambiguous|review|16
0x0059ef70|AfxGetAfxWndProc|?AfxGetAfxWndProc@@YGP6GJPAUHWND__@@IIJ@ZXZ|long (__stdcall * __stdcall AfxGetAfxWndProc(void))(struct HWND__*, unsigned int, unsigned int, long)|nafxcw|wincore.obj|ambiguous|review|239
0x0059f070|_G__non_rtti_object|??_G__non_rtti_object@@UAEPAXI@Z|public: virtual void * __thiscall __non_rtti_object::`scalar deleting dtor'(unsigned int)|libcmt|rtti.obj|ambiguous|review|5
0x0059f0a0|CException::~CException|??1CException@@UAE@XZ|public: virtual __thiscall CException::~CException(void)|nafxcw|except.obj|ambiguous|review|16
0x0059f0c0|AfxGetAfxWndProc|?AfxGetAfxWndProc@@YGP6GJPAUHWND__@@IIJ@ZXZ|long (__stdcall * __stdcall AfxGetAfxWndProc(void))(struct HWND__*, unsigned int, unsigned int, long)|nafxcw|wincore.obj|ambiguous|review|239
0x0059f710|CView::OnActivateFrame|?OnActivateFrame@CView@@MAEXIPAVCFrameWnd@@@Z|protected: virtual void __thiscall CView::OnActivateFrame(unsigned int, class CFrameWnd *)|nafxcw|viewcore.obj|ambiguous|review|10
0x0059f750|AfxGetAfxWndProc|?AfxGetAfxWndProc@@YGP6GJPAUHWND__@@IIJ@ZXZ|long (__stdcall * __stdcall AfxGetAfxWndProc(void))(struct HWND__*, unsigned int, unsigned int, long)|nafxcw|wincore.obj|ambiguous|review|239
0x0059f7a0|_G__non_rtti_object|??_G__non_rtti_object@@UAEPAXI@Z|public: virtual void * __thiscall __non_rtti_object::`scalar deleting dtor'(unsigned int)|libcmt|rtti.obj|ambiguous|review|5
0x0059f7d0|CException::~CException|??1CException@@UAE@XZ|public: virtual __thiscall CException::~CException(void)|nafxcw|except.obj|ambiguous|review|16
0x005a4750|AfxGetAfxWndProc|?AfxGetAfxWndProc@@YGP6GJPAUHWND__@@IIJ@ZXZ|long (__stdcall * __stdcall AfxGetAfxWndProc(void))(struct HWND__*, unsigned int, unsigned int, long)|nafxcw|wincore.obj|ambiguous|review|239
0x005a4770|??1?$CIP@UIBindCtx@@$1?IID_IBindCtx@@3U_GUID@@B@@QAE@XZ|??1?$CIP@UIBindCtx@@$1?IID_IBindCtx@@3U_GUID@@B@@QAE@XZ|public: __thiscall CIP<struct IBindCtx, &struct _GUID const IID_IBindCtx>::~CIP<struct IBindCtx, &struct _GUID const IID_IBindCtx>(void)|nafxcw|olemon.obj|ambiguous|review|77
0x005a54d0|_G__non_rtti_object|??_G__non_rtti_object@@UAEPAXI@Z|public: virtual void * __thiscall __non_rtti_object::`scalar deleting dtor'(unsigned int)|libcmt|rtti.obj|ambiguous|review|5
0x005a5500|CException::~CException|??1CException@@UAE@XZ|public: virtual __thiscall CException::~CException(void)|nafxcw|except.obj|ambiguous|review|16
0x005a5520|AfxGetAfxWndProc|?AfxGetAfxWndProc@@YGP6GJPAUHWND__@@IIJ@ZXZ|long (__stdcall * __stdcall AfxGetAfxWndProc(void))(struct HWND__*, unsigned int, unsigned int, long)|nafxcw|wincore.obj|ambiguous|review|239
0x005a5d40|COleDocument::GetContainer|?GetContainer@COleDocument@@UAEPAUIOleItemContainer@@XZ|public: virtual struct IOleItemContainer * __thiscall COleDocument::GetContainer(void)|nafxcw|oledoc1.obj|ambiguous|review|21
0x005a5d60|COleDocument::GetContainer|?GetContainer@COleDocument@@UAEPAUIOleItemContainer@@XZ|public: virtual struct IOleItemContainer * __thiscall COleDocument::GetContainer(void)|nafxcw|oledoc1.obj|ambiguous|review|21
0x005a5dc0|_G__non_rtti_object|??_G__non_rtti_object@@UAEPAXI@Z|public: virtual void * __thiscall __non_rtti_object::`scalar deleting dtor'(unsigned int)|libcmt|rtti.obj|ambiguous|review|5
0x005a5df0|CException::~CException|??1CException@@UAE@XZ|public: virtual __thiscall CException::~CException(void)|nafxcw|except.obj|ambiguous|review|16
0x005a5e10|AfxGetAfxWndProc|?AfxGetAfxWndProc@@YGP6GJPAUHWND__@@IIJ@ZXZ|long (__stdcall * __stdcall AfxGetAfxWndProc(void))(struct HWND__*, unsigned int, unsigned int, long)|nafxcw|wincore.obj|ambiguous|review|239
0x005a5f00|AfxGetAfxWndProc|?AfxGetAfxWndProc@@YGP6GJPAUHWND__@@IIJ@ZXZ|long (__stdcall * __stdcall AfxGetAfxWndProc(void))(struct HWND__*, unsigned int, unsigned int, long)|nafxcw|wincore.obj|ambiguous|review|239
0x005a6270|AfxGetAfxWndProc|?AfxGetAfxWndProc@@YGP6GJPAUHWND__@@IIJ@ZXZ|long (__stdcall * __stdcall AfxGetAfxWndProc(void))(struct HWND__*, unsigned int, unsigned int, long)|nafxcw|wincore.obj|ambiguous|review|239
0x005a6540|AfxGetAfxWndProc|?AfxGetAfxWndProc@@YGP6GJPAUHWND__@@IIJ@ZXZ|long (__stdcall * __stdcall AfxGetAfxWndProc(void))(struct HWND__*, unsigned int, unsigned int, long)|nafxcw|wincore.obj|ambiguous|review|239
0x005a6560|_AfxBindStatusCallback::CInnerUnknown::CInnerUnknown|??0CInnerUnknown@_AfxBindStatusCallback@@QAE@XZ|public: __thiscall _AfxBindStatusCallback::CInnerUnknown::CInnerUnknown(void)|nafxcw|oleasmon.obj|ambiguous|review|5
0x005a6590|_G__non_rtti_object|??_G__non_rtti_object@@UAEPAXI@Z|public: virtual void * __thiscall __non_rtti_object::`scalar deleting dtor'(unsigned int)|libcmt|rtti.obj|ambiguous|review|5
0x005a65c0|CException::~CException|??1CException@@UAE@XZ|public: virtual __thiscall CException::~CException(void)|nafxcw|except.obj|ambiguous|review|16
0x005a8330|AfxGetAfxWndProc|?AfxGetAfxWndProc@@YGP6GJPAUHWND__@@IIJ@ZXZ|long (__stdcall * __stdcall AfxGetAfxWndProc(void))(struct HWND__*, unsigned int, unsigned int, long)|nafxcw|wincore.obj|ambiguous|review|239
0x005a83c0|CView::OnActivateFrame|?OnActivateFrame@CView@@MAEXIPAVCFrameWnd@@@Z|protected: virtual void __thiscall CView::OnActivateFrame(unsigned int, class CFrameWnd *)|nafxcw|viewcore.obj|ambiguous|review|10
0x005a83e0|_G__non_rtti_object|??_G__non_rtti_object@@UAEPAXI@Z|public: virtual void * __thiscall __non_rtti_object::`scalar deleting dtor'(unsigned int)|libcmt|rtti.obj|ambiguous|review|5
0x005a9d70|AfxGetAfxWndProc|?AfxGetAfxWndProc@@YGP6GJPAUHWND__@@IIJ@ZXZ|long (__stdcall * __stdcall AfxGetAfxWndProc(void))(struct HWND__*, unsigned int, unsigned int, long)|nafxcw|wincore.obj|ambiguous|review|239
0x005ac820|AfxGetAfxWndProc|?AfxGetAfxWndProc@@YGP6GJPAUHWND__@@IIJ@ZXZ|long (__stdcall * __stdcall AfxGetAfxWndProc(void))(struct HWND__*, unsigned int, unsigned int, long)|nafxcw|wincore.obj|ambiguous|review|239
0x005ad0d0|CDatabase::BindParameters|?BindParameters@CDatabase@@UAEXPAX@Z|public: virtual void __thiscall CDatabase::BindParameters(void *)|nafxcw|dbcore.obj|ambiguous|review|45
0x005ad0f0|CDatabase::BindParameters|?BindParameters@CDatabase@@UAEXPAX@Z|public: virtual void __thiscall CDatabase::BindParameters(void *)|nafxcw|dbcore.obj|ambiguous|review|45
0x005ad110|_G__non_rtti_object|??_G__non_rtti_object@@UAEPAXI@Z|public: virtual void * __thiscall __non_rtti_object::`scalar deleting dtor'(unsigned int)|libcmt|rtti.obj|ambiguous|review|5
0x005ad160|AfxGetAfxWndProc|?AfxGetAfxWndProc@@YGP6GJPAUHWND__@@IIJ@ZXZ|long (__stdcall * __stdcall AfxGetAfxWndProc(void))(struct HWND__*, unsigned int, unsigned int, long)|nafxcw|wincore.obj|ambiguous|review|239
0x005ad380|AfxGetAfxWndProc|?AfxGetAfxWndProc@@YGP6GJPAUHWND__@@IIJ@ZXZ|long (__stdcall * __stdcall AfxGetAfxWndProc(void))(struct HWND__*, unsigned int, unsigned int, long)|nafxcw|wincore.obj|ambiguous|review|239
0x005ad4b0|AfxGetAfxWndProc|?AfxGetAfxWndProc@@YGP6GJPAUHWND__@@IIJ@ZXZ|long (__stdcall * __stdcall AfxGetAfxWndProc(void))(struct HWND__*, unsigned int, unsigned int, long)|nafxcw|wincore.obj|ambiguous|review|239
0x005ad740|AfxGetAfxWndProc|?AfxGetAfxWndProc@@YGP6GJPAUHWND__@@IIJ@ZXZ|long (__stdcall * __stdcall AfxGetAfxWndProc(void))(struct HWND__*, unsigned int, unsigned int, long)|nafxcw|wincore.obj|ambiguous|review|239
0x005adb70|AfxGetAfxWndProc|?AfxGetAfxWndProc@@YGP6GJPAUHWND__@@IIJ@ZXZ|long (__stdcall * __stdcall AfxGetAfxWndProc(void))(struct HWND__*, unsigned int, unsigned int, long)|nafxcw|wincore.obj|ambiguous|review|239
0x005adbb0|_G__non_rtti_object|??_G__non_rtti_object@@UAEPAXI@Z|public: virtual void * __thiscall __non_rtti_object::`scalar deleting dtor'(unsigned int)|libcmt|rtti.obj|ambiguous|review|5
0x005adbe0|CException::~CException|??1CException@@UAE@XZ|public: virtual __thiscall CException::~CException(void)|nafxcw|except.obj|ambiguous|review|16
0x005add00|AfxGetAfxWndProc|?AfxGetAfxWndProc@@YGP6GJPAUHWND__@@IIJ@ZXZ|long (__stdcall * __stdcall AfxGetAfxWndProc(void))(struct HWND__*, unsigned int, unsigned int, long)|nafxcw|wincore.obj|ambiguous|review|239
0x005add20|IUnknown::IUnknown|??0IUnknown@@QAE@XZ|public: __thiscall IUnknown::IUnknown(void)|nafxcw|olemon.obj|ambiguous|review|3
0x005add40|_G__non_rtti_object|??_G__non_rtti_object@@UAEPAXI@Z|public: virtual void * __thiscall __non_rtti_object::`scalar deleting dtor'(unsigned int)|libcmt|rtti.obj|ambiguous|review|5
0x005add70|CException::~CException|??1CException@@UAE@XZ|public: virtual __thiscall CException::~CException(void)|nafxcw|except.obj|ambiguous|review|16
0x005ae680|AfxGetAfxWndProc|?AfxGetAfxWndProc@@YGP6GJPAUHWND__@@IIJ@ZXZ|long (__stdcall * __stdcall AfxGetAfxWndProc(void))(struct HWND__*, unsigned int, unsigned int, long)|nafxcw|wincore.obj|ambiguous|review|239
0x005ae6a0|IUnknown::IUnknown|??0IUnknown@@QAE@XZ|public: __thiscall IUnknown::IUnknown(void)|nafxcw|olemon.obj|ambiguous|review|3
0x005ae6c0|_G__non_rtti_object|??_G__non_rtti_object@@UAEPAXI@Z|public: virtual void * __thiscall __non_rtti_object::`scalar deleting dtor'(unsigned int)|libcmt|rtti.obj|ambiguous|review|5
0x005ae6f0|CException::~CException|??1CException@@UAE@XZ|public: virtual __thiscall CException::~CException(void)|nafxcw|except.obj|ambiguous|review|16
0x005aeb70|AfxGetAfxWndProc|?AfxGetAfxWndProc@@YGP6GJPAUHWND__@@IIJ@ZXZ|long (__stdcall * __stdcall AfxGetAfxWndProc(void))(struct HWND__*, unsigned int, unsigned int, long)|nafxcw|wincore.obj|ambiguous|review|239
0x005aec00|_G__non_rtti_object|??_G__non_rtti_object@@UAEPAXI@Z|public: virtual void * __thiscall __non_rtti_object::`scalar deleting dtor'(unsigned int)|libcmt|rtti.obj|ambiguous|review|5
0x005aec80|CObject::AssertValid|?AssertValid@CObject@@UBEXXZ|public: virtual void __thiscall CObject::AssertValid(void) const|nafxcw|except.obj|ambiguous|review|23
0x005aef60|AfxGetAfxWndProc|?AfxGetAfxWndProc@@YGP6GJPAUHWND__@@IIJ@ZXZ|long (__stdcall * __stdcall AfxGetAfxWndProc(void))(struct HWND__*, unsigned int, unsigned int, long)|nafxcw|wincore.obj|ambiguous|review|239
0x005aef80|IUnknown::IUnknown|??0IUnknown@@QAE@XZ|public: __thiscall IUnknown::IUnknown(void)|nafxcw|olemon.obj|ambiguous|review|3
0x005aefa0|_G__non_rtti_object|??_G__non_rtti_object@@UAEPAXI@Z|public: virtual void * __thiscall __non_rtti_object::`scalar deleting dtor'(unsigned int)|libcmt|rtti.obj|ambiguous|review|5
0x005aefd0|CException::~CException|??1CException@@UAE@XZ|public: virtual __thiscall CException::~CException(void)|nafxcw|except.obj|ambiguous|review|16
0x005b0ef0|AfxGetAfxWndProc|?AfxGetAfxWndProc@@YGP6GJPAUHWND__@@IIJ@ZXZ|long (__stdcall * __stdcall AfxGetAfxWndProc(void))(struct HWND__*, unsigned int, unsigned int, long)|nafxcw|wincore.obj|ambiguous|review|239
0x005b1040|_G__non_rtti_object|??_G__non_rtti_object@@UAEPAXI@Z|public: virtual void * __thiscall __non_rtti_object::`scalar deleting dtor'(unsigned int)|libcmt|rtti.obj|ambiguous|review|5
0x005b1070|CException::~CException|??1CException@@UAE@XZ|public: virtual __thiscall CException::~CException(void)|nafxcw|except.obj|ambiguous|review|16
0x005b1100|AfxGetAfxWndProc|?AfxGetAfxWndProc@@YGP6GJPAUHWND__@@IIJ@ZXZ|long (__stdcall * __stdcall AfxGetAfxWndProc(void))(struct HWND__*, unsigned int, unsigned int, long)|nafxcw|wincore.obj|ambiguous|review|239
0x005b1200|_G__non_rtti_object|??_G__non_rtti_object@@UAEPAXI@Z|public: virtual void * __thiscall __non_rtti_object::`scalar deleting dtor'(unsigned int)|libcmt|rtti.obj|ambiguous|review|5
0x005b12c0|AfxGetAfxWndProc|?AfxGetAfxWndProc@@YGP6GJPAUHWND__@@IIJ@ZXZ|long (__stdcall * __stdcall AfxGetAfxWndProc(void))(struct HWND__*, unsigned int, unsigned int, long)|nafxcw|wincore.obj|ambiguous|review|239
0x005b22a0|AfxGetAfxWndProc|?AfxGetAfxWndProc@@YGP6GJPAUHWND__@@IIJ@ZXZ|long (__stdcall * __stdcall AfxGetAfxWndProc(void))(struct HWND__*, unsigned int, unsigned int, long)|nafxcw|wincore.obj|ambiguous|review|239
0x005b27d0|_G__non_rtti_object|??_G__non_rtti_object@@UAEPAXI@Z|public: virtual void * __thiscall __non_rtti_object::`scalar deleting dtor'(unsigned int)|libcmt|rtti.obj|ambiguous|review|5
0x005b2820|AfxGetAfxWndProc|?AfxGetAfxWndProc@@YGP6GJPAUHWND__@@IIJ@ZXZ|long (__stdcall * __stdcall AfxGetAfxWndProc(void))(struct HWND__*, unsigned int, unsigned int, long)|nafxcw|wincore.obj|ambiguous|review|239
0x005b2860|CObject::AssertValid|?AssertValid@CObject@@UBEXXZ|public: virtual void __thiscall CObject::AssertValid(void) const|nafxcw|except.obj|ambiguous|review|23
0x005b2900|_G__non_rtti_object|??_G__non_rtti_object@@UAEPAXI@Z|public: virtual void * __thiscall __non_rtti_object::`scalar deleting dtor'(unsigned int)|libcmt|rtti.obj|ambiguous|review|5
0x005b2950|AfxGetAfxWndProc|?AfxGetAfxWndProc@@YGP6GJPAUHWND__@@IIJ@ZXZ|long (__stdcall * __stdcall AfxGetAfxWndProc(void))(struct HWND__*, unsigned int, unsigned int, long)|nafxcw|wincore.obj|ambiguous|review|239
0x005b2a30|_G__non_rtti_object|??_G__non_rtti_object@@UAEPAXI@Z|public: virtual void * __thiscall __non_rtti_object::`scalar deleting dtor'(unsigned int)|libcmt|rtti.obj|ambiguous|review|5
0x005b2a80|AfxGetAfxWndProc|?AfxGetAfxWndProc@@YGP6GJPAUHWND__@@IIJ@ZXZ|long (__stdcall * __stdcall AfxGetAfxWndProc(void))(struct HWND__*, unsigned int, unsigned int, long)|nafxcw|wincore.obj|ambiguous|review|239
0x005b2d30|_G__non_rtti_object|??_G__non_rtti_object@@UAEPAXI@Z|public: virtual void * __thiscall __non_rtti_object::`scalar deleting dtor'(unsigned int)|libcmt|rtti.obj|ambiguous|review|5
0x005b2d80|AfxGetAfxWndProc|?AfxGetAfxWndProc@@YGP6GJPAUHWND__@@IIJ@ZXZ|long (__stdcall * __stdcall AfxGetAfxWndProc(void))(struct HWND__*, unsigned int, unsigned int, long)|nafxcw|wincore.obj|ambiguous|review|239
0x005b3390|_G__non_rtti_object|??_G__non_rtti_object@@UAEPAXI@Z|public: virtual void * __thiscall __non_rtti_object::`scalar deleting dtor'(unsigned int)|libcmt|rtti.obj|ambiguous|review|5
0x005b33e0|AfxGetAfxWndProc|?AfxGetAfxWndProc@@YGP6GJPAUHWND__@@IIJ@ZXZ|long (__stdcall * __stdcall AfxGetAfxWndProc(void))(struct HWND__*, unsigned int, unsigned int, long)|nafxcw|wincore.obj|ambiguous|review|239
0x005b3b70|_G__non_rtti_object|??_G__non_rtti_object@@UAEPAXI@Z|public: virtual void * __thiscall __non_rtti_object::`scalar deleting dtor'(unsigned int)|libcmt|rtti.obj|ambiguous|review|5
0x005b3bc0|AfxGetAfxWndProc|?AfxGetAfxWndProc@@YGP6GJPAUHWND__@@IIJ@ZXZ|long (__stdcall * __stdcall AfxGetAfxWndProc(void))(struct HWND__*, unsigned int, unsigned int, long)|nafxcw|wincore.obj|ambiguous|review|239
0x005b4020|_G__non_rtti_object|??_G__non_rtti_object@@UAEPAXI@Z|public: virtual void * __thiscall __non_rtti_object::`scalar deleting dtor'(unsigned int)|libcmt|rtti.obj|ambiguous|review|5
0x005b4070|AfxGetAfxWndProc|?AfxGetAfxWndProc@@YGP6GJPAUHWND__@@IIJ@ZXZ|long (__stdcall * __stdcall AfxGetAfxWndProc(void))(struct HWND__*, unsigned int, unsigned int, long)|nafxcw|wincore.obj|ambiguous|review|239
0x005b4650|_G__non_rtti_object|??_G__non_rtti_object@@UAEPAXI@Z|public: virtual void * __thiscall __non_rtti_object::`scalar deleting dtor'(unsigned int)|libcmt|rtti.obj|ambiguous|review|5
0x005b46a0|AfxGetAfxWndProc|?AfxGetAfxWndProc@@YGP6GJPAUHWND__@@IIJ@ZXZ|long (__stdcall * __stdcall AfxGetAfxWndProc(void))(struct HWND__*, unsigned int, unsigned int, long)|nafxcw|wincore.obj|ambiguous|review|239
0x005b47f0|AfxGetAfxWndProc|?AfxGetAfxWndProc@@YGP6GJPAUHWND__@@IIJ@ZXZ|long (__stdcall * __stdcall AfxGetAfxWndProc(void))(struct HWND__*, unsigned int, unsigned int, long)|nafxcw|wincore.obj|ambiguous|review|239
0x005b4fb0|AfxGetAfxWndProc|?AfxGetAfxWndProc@@YGP6GJPAUHWND__@@IIJ@ZXZ|long (__stdcall * __stdcall AfxGetAfxWndProc(void))(struct HWND__*, unsigned int, unsigned int, long)|nafxcw|wincore.obj|ambiguous|review|239
0x005b5000|_G__non_rtti_object|??_G__non_rtti_object@@UAEPAXI@Z|public: virtual void * __thiscall __non_rtti_object::`scalar deleting dtor'(unsigned int)|libcmt|rtti.obj|ambiguous|review|5
0x005b51c0|AfxGetAfxWndProc|?AfxGetAfxWndProc@@YGP6GJPAUHWND__@@IIJ@ZXZ|long (__stdcall * __stdcall AfxGetAfxWndProc(void))(struct HWND__*, unsigned int, unsigned int, long)|nafxcw|wincore.obj|ambiguous|review|239
0x005b5210|_G__non_rtti_object|??_G__non_rtti_object@@UAEPAXI@Z|public: virtual void * __thiscall __non_rtti_object::`scalar deleting dtor'(unsigned int)|libcmt|rtti.obj|ambiguous|review|5
0x005b52e0|AfxGetAfxWndProc|?AfxGetAfxWndProc@@YGP6GJPAUHWND__@@IIJ@ZXZ|long (__stdcall * __stdcall AfxGetAfxWndProc(void))(struct HWND__*, unsigned int, unsigned int, long)|nafxcw|wincore.obj|ambiguous|review|239
0x005b5300|_AfxBindStatusCallback::CInnerUnknown::CInnerUnknown|??0CInnerUnknown@_AfxBindStatusCallback@@QAE@XZ|public: __thiscall _AfxBindStatusCallback::CInnerUnknown::CInnerUnknown(void)|nafxcw|oleasmon.obj|ambiguous|review|5
0x005b5330|_G__non_rtti_object|??_G__non_rtti_object@@UAEPAXI@Z|public: virtual void * __thiscall __non_rtti_object::`scalar deleting dtor'(unsigned int)|libcmt|rtti.obj|ambiguous|review|5
0x005b5400|AfxGetAfxWndProc|?AfxGetAfxWndProc@@YGP6GJPAUHWND__@@IIJ@ZXZ|long (__stdcall * __stdcall AfxGetAfxWndProc(void))(struct HWND__*, unsigned int, unsigned int, long)|nafxcw|wincore.obj|ambiguous|review|239
0x005b5420|_AfxBindStatusCallback::CInnerUnknown::CInnerUnknown|??0CInnerUnknown@_AfxBindStatusCallback@@QAE@XZ|public: __thiscall _AfxBindStatusCallback::CInnerUnknown::CInnerUnknown(void)|nafxcw|oleasmon.obj|ambiguous|review|5
0x005b5450|_G__non_rtti_object|??_G__non_rtti_object@@UAEPAXI@Z|public: virtual void * __thiscall __non_rtti_object::`scalar deleting dtor'(unsigned int)|libcmt|rtti.obj|ambiguous|review|5
0x005b5570|AfxGetAfxWndProc|?AfxGetAfxWndProc@@YGP6GJPAUHWND__@@IIJ@ZXZ|long (__stdcall * __stdcall AfxGetAfxWndProc(void))(struct HWND__*, unsigned int, unsigned int, long)|nafxcw|wincore.obj|ambiguous|review|239
0x005b5600|_G__non_rtti_object|??_G__non_rtti_object@@UAEPAXI@Z|public: virtual void * __thiscall __non_rtti_object::`scalar deleting dtor'(unsigned int)|libcmt|rtti.obj|ambiguous|review|5
0x005b58f0|AfxGetAfxWndProc|?AfxGetAfxWndProc@@YGP6GJPAUHWND__@@IIJ@ZXZ|long (__stdcall * __stdcall AfxGetAfxWndProc(void))(struct HWND__*, unsigned int, unsigned int, long)|nafxcw|wincore.obj|ambiguous|review|239
0x005b5960|_G__non_rtti_object|??_G__non_rtti_object@@UAEPAXI@Z|public: virtual void * __thiscall __non_rtti_object::`scalar deleting dtor'(unsigned int)|libcmt|rtti.obj|ambiguous|review|5
0x005b5bb0|AfxGetAfxWndProc|?AfxGetAfxWndProc@@YGP6GJPAUHWND__@@IIJ@ZXZ|long (__stdcall * __stdcall AfxGetAfxWndProc(void))(struct HWND__*, unsigned int, unsigned int, long)|nafxcw|wincore.obj|ambiguous|review|239
0x005b5c60|_G__non_rtti_object|??_G__non_rtti_object@@UAEPAXI@Z|public: virtual void * __thiscall __non_rtti_object::`scalar deleting dtor'(unsigned int)|libcmt|rtti.obj|ambiguous|review|5
0x005b5c90|??1?$CIP@UIBindCtx@@$1?IID_IBindCtx@@3U_GUID@@B@@QAE@XZ|??1?$CIP@UIBindCtx@@$1?IID_IBindCtx@@3U_GUID@@B@@QAE@XZ|public: __thiscall CIP<struct IBindCtx, &struct _GUID const IID_IBindCtx>::~CIP<struct IBindCtx, &struct _GUID const IID_IBindCtx>(void)|nafxcw|olemon.obj|ambiguous|review|77
0x005b5fd0|AfxGetAfxWndProc|?AfxGetAfxWndProc@@YGP6GJPAUHWND__@@IIJ@ZXZ|long (__stdcall * __stdcall AfxGetAfxWndProc(void))(struct HWND__*, unsigned int, unsigned int, long)|nafxcw|wincore.obj|ambiguous|review|239
0x005b6690|AfxGetAfxWndProc|?AfxGetAfxWndProc@@YGP6GJPAUHWND__@@IIJ@ZXZ|long (__stdcall * __stdcall AfxGetAfxWndProc(void))(struct HWND__*, unsigned int, unsigned int, long)|nafxcw|wincore.obj|ambiguous|review|239
0x005b69e0|AfxGetAfxWndProc|?AfxGetAfxWndProc@@YGP6GJPAUHWND__@@IIJ@ZXZ|long (__stdcall * __stdcall AfxGetAfxWndProc(void))(struct HWND__*, unsigned int, unsigned int, long)|nafxcw|wincore.obj|ambiguous|review|239
0x005b6a00|_AfxBindStatusCallback::CInnerUnknown::CInnerUnknown|??0CInnerUnknown@_AfxBindStatusCallback@@QAE@XZ|public: __thiscall _AfxBindStatusCallback::CInnerUnknown::CInnerUnknown(void)|nafxcw|oleasmon.obj|ambiguous|review|5
0x005b6a30|_G__non_rtti_object|??_G__non_rtti_object@@UAEPAXI@Z|public: virtual void * __thiscall __non_rtti_object::`scalar deleting dtor'(unsigned int)|libcmt|rtti.obj|ambiguous|review|5
0x005b6c40|AfxGetAfxWndProc|?AfxGetAfxWndProc@@YGP6GJPAUHWND__@@IIJ@ZXZ|long (__stdcall * __stdcall AfxGetAfxWndProc(void))(struct HWND__*, unsigned int, unsigned int, long)|nafxcw|wincore.obj|ambiguous|review|239
0x005b6c60|IUnknown::IUnknown|??0IUnknown@@QAE@XZ|public: __thiscall IUnknown::IUnknown(void)|nafxcw|olemon.obj|ambiguous|review|3
0x005b6c80|_G__non_rtti_object|??_G__non_rtti_object@@UAEPAXI@Z|public: virtual void * __thiscall __non_rtti_object::`scalar deleting dtor'(unsigned int)|libcmt|rtti.obj|ambiguous|review|5
0x005b6cb0|CException::~CException|??1CException@@UAE@XZ|public: virtual __thiscall CException::~CException(void)|nafxcw|except.obj|ambiguous|review|16
0x005b7a00|AfxGetAfxWndProc|?AfxGetAfxWndProc@@YGP6GJPAUHWND__@@IIJ@ZXZ|long (__stdcall * __stdcall AfxGetAfxWndProc(void))(struct HWND__*, unsigned int, unsigned int, long)|nafxcw|wincore.obj|ambiguous|review|239
0x005b7a20|IUnknown::IUnknown|??0IUnknown@@QAE@XZ|public: __thiscall IUnknown::IUnknown(void)|nafxcw|olemon.obj|ambiguous|review|3
0x005b7a40|_G__non_rtti_object|??_G__non_rtti_object@@UAEPAXI@Z|public: virtual void * __thiscall __non_rtti_object::`scalar deleting dtor'(unsigned int)|libcmt|rtti.obj|ambiguous|review|5
0x005b7a70|CException::~CException|??1CException@@UAE@XZ|public: virtual __thiscall CException::~CException(void)|nafxcw|except.obj|ambiguous|review|16
0x005ba1a0|AfxGetAfxWndProc|?AfxGetAfxWndProc@@YGP6GJPAUHWND__@@IIJ@ZXZ|long (__stdcall * __stdcall AfxGetAfxWndProc(void))(struct HWND__*, unsigned int, unsigned int, long)|nafxcw|wincore.obj|ambiguous|review|239
0x005ba1c0|_AfxBindStatusCallback::CInnerUnknown::CInnerUnknown|??0CInnerUnknown@_AfxBindStatusCallback@@QAE@XZ|public: __thiscall _AfxBindStatusCallback::CInnerUnknown::CInnerUnknown(void)|nafxcw|oleasmon.obj|ambiguous|review|5
0x005ba1f0|_G__non_rtti_object|??_G__non_rtti_object@@UAEPAXI@Z|public: virtual void * __thiscall __non_rtti_object::`scalar deleting dtor'(unsigned int)|libcmt|rtti.obj|ambiguous|review|5
0x005ba3e0|AfxGetAfxWndProc|?AfxGetAfxWndProc@@YGP6GJPAUHWND__@@IIJ@ZXZ|long (__stdcall * __stdcall AfxGetAfxWndProc(void))(struct HWND__*, unsigned int, unsigned int, long)|nafxcw|wincore.obj|ambiguous|review|239
0x005ba400|_AfxBindStatusCallback::CInnerUnknown::CInnerUnknown|??0CInnerUnknown@_AfxBindStatusCallback@@QAE@XZ|public: __thiscall _AfxBindStatusCallback::CInnerUnknown::CInnerUnknown(void)|nafxcw|oleasmon.obj|ambiguous|review|5
0x005ba430|_G__non_rtti_object|??_G__non_rtti_object@@UAEPAXI@Z|public: virtual void * __thiscall __non_rtti_object::`scalar deleting dtor'(unsigned int)|libcmt|rtti.obj|ambiguous|review|5
0x005ba460|CException::~CException|??1CException@@UAE@XZ|public: virtual __thiscall CException::~CException(void)|nafxcw|except.obj|ambiguous|review|16
0x005ba700|AfxGetAfxWndProc|?AfxGetAfxWndProc@@YGP6GJPAUHWND__@@IIJ@ZXZ|long (__stdcall * __stdcall AfxGetAfxWndProc(void))(struct HWND__*, unsigned int, unsigned int, long)|nafxcw|wincore.obj|ambiguous|review|239
0x005ba720|_AfxBindStatusCallback::CInnerUnknown::CInnerUnknown|??0CInnerUnknown@_AfxBindStatusCallback@@QAE@XZ|public: __thiscall _AfxBindStatusCallback::CInnerUnknown::CInnerUnknown(void)|nafxcw|oleasmon.obj|ambiguous|review|5
0x005ba750|_G__non_rtti_object|??_G__non_rtti_object@@UAEPAXI@Z|public: virtual void * __thiscall __non_rtti_object::`scalar deleting dtor'(unsigned int)|libcmt|rtti.obj|ambiguous|review|5
0x005baba0|AfxGetAfxWndProc|?AfxGetAfxWndProc@@YGP6GJPAUHWND__@@IIJ@ZXZ|long (__stdcall * __stdcall AfxGetAfxWndProc(void))(struct HWND__*, unsigned int, unsigned int, long)|nafxcw|wincore.obj|ambiguous|review|239
0x005bac00|_G__non_rtti_object|??_G__non_rtti_object@@UAEPAXI@Z|public: virtual void * __thiscall __non_rtti_object::`scalar deleting dtor'(unsigned int)|libcmt|rtti.obj|ambiguous|review|5
0x005bc760|AfxGetAfxWndProc|?AfxGetAfxWndProc@@YGP6GJPAUHWND__@@IIJ@ZXZ|long (__stdcall * __stdcall AfxGetAfxWndProc(void))(struct HWND__*, unsigned int, unsigned int, long)|nafxcw|wincore.obj|ambiguous|review|239
0x005bcc10|AfxGetAfxWndProc|?AfxGetAfxWndProc@@YGP6GJPAUHWND__@@IIJ@ZXZ|long (__stdcall * __stdcall AfxGetAfxWndProc(void))(struct HWND__*, unsigned int, unsigned int, long)|nafxcw|wincore.obj|ambiguous|review|239
0x005bcf70|_G__non_rtti_object|??_G__non_rtti_object@@UAEPAXI@Z|public: virtual void * __thiscall __non_rtti_object::`scalar deleting dtor'(unsigned int)|libcmt|rtti.obj|ambiguous|review|5
0x005bcfa0|CException::~CException|??1CException@@UAE@XZ|public: virtual __thiscall CException::~CException(void)|nafxcw|except.obj|ambiguous|review|16
0x005bd030|AfxGetAfxWndProc|?AfxGetAfxWndProc@@YGP6GJPAUHWND__@@IIJ@ZXZ|long (__stdcall * __stdcall AfxGetAfxWndProc(void))(struct HWND__*, unsigned int, unsigned int, long)|nafxcw|wincore.obj|ambiguous|review|239
0x005bd1a0|_G__non_rtti_object|??_G__non_rtti_object@@UAEPAXI@Z|public: virtual void * __thiscall __non_rtti_object::`scalar deleting dtor'(unsigned int)|libcmt|rtti.obj|ambiguous|review|5
0x005bd260|AfxGetAfxWndProc|?AfxGetAfxWndProc@@YGP6GJPAUHWND__@@IIJ@ZXZ|long (__stdcall * __stdcall AfxGetAfxWndProc(void))(struct HWND__*, unsigned int, unsigned int, long)|nafxcw|wincore.obj|ambiguous|review|239
0x005bd670|AfxGetAfxWndProc|?AfxGetAfxWndProc@@YGP6GJPAUHWND__@@IIJ@ZXZ|long (__stdcall * __stdcall AfxGetAfxWndProc(void))(struct HWND__*, unsigned int, unsigned int, long)|nafxcw|wincore.obj|ambiguous|review|239
0x005bd900|_G__non_rtti_object|??_G__non_rtti_object@@UAEPAXI@Z|public: virtual void * __thiscall __non_rtti_object::`scalar deleting dtor'(unsigned int)|libcmt|rtti.obj|ambiguous|review|5
0x005bd930|CException::~CException|??1CException@@UAE@XZ|public: virtual __thiscall CException::~CException(void)|nafxcw|except.obj|ambiguous|review|16
0x005bd9c0|AfxGetAfxWndProc|?AfxGetAfxWndProc@@YGP6GJPAUHWND__@@IIJ@ZXZ|long (__stdcall * __stdcall AfxGetAfxWndProc(void))(struct HWND__*, unsigned int, unsigned int, long)|nafxcw|wincore.obj|ambiguous|review|239
0x005bdaf0|_G__non_rtti_object|??_G__non_rtti_object@@UAEPAXI@Z|public: virtual void * __thiscall __non_rtti_object::`scalar deleting dtor'(unsigned int)|libcmt|rtti.obj|ambiguous|review|5
0x005bdbb0|AfxGetAfxWndProc|?AfxGetAfxWndProc@@YGP6GJPAUHWND__@@IIJ@ZXZ|long (__stdcall * __stdcall AfxGetAfxWndProc(void))(struct HWND__*, unsigned int, unsigned int, long)|nafxcw|wincore.obj|ambiguous|review|239
0x005bded0|AfxGetAfxWndProc|?AfxGetAfxWndProc@@YGP6GJPAUHWND__@@IIJ@ZXZ|long (__stdcall * __stdcall AfxGetAfxWndProc(void))(struct HWND__*, unsigned int, unsigned int, long)|nafxcw|wincore.obj|ambiguous|review|239
0x005be550|AfxGetAfxWndProc|?AfxGetAfxWndProc@@YGP6GJPAUHWND__@@IIJ@ZXZ|long (__stdcall * __stdcall AfxGetAfxWndProc(void))(struct HWND__*, unsigned int, unsigned int, long)|nafxcw|wincore.obj|ambiguous|review|239
0x005be5b0|_G__non_rtti_object|??_G__non_rtti_object@@UAEPAXI@Z|public: virtual void * __thiscall __non_rtti_object::`scalar deleting dtor'(unsigned int)|libcmt|rtti.obj|ambiguous|review|5
0x005c0d60|AfxGetAfxWndProc|?AfxGetAfxWndProc@@YGP6GJPAUHWND__@@IIJ@ZXZ|long (__stdcall * __stdcall AfxGetAfxWndProc(void))(struct HWND__*, unsigned int, unsigned int, long)|nafxcw|wincore.obj|ambiguous|review|239
0x005c0d80|_AfxBindStatusCallback::CInnerUnknown::CInnerUnknown|??0CInnerUnknown@_AfxBindStatusCallback@@QAE@XZ|public: __thiscall _AfxBindStatusCallback::CInnerUnknown::CInnerUnknown(void)|nafxcw|oleasmon.obj|ambiguous|review|5
0x005c0db0|_G__non_rtti_object|??_G__non_rtti_object@@UAEPAXI@Z|public: virtual void * __thiscall __non_rtti_object::`scalar deleting dtor'(unsigned int)|libcmt|rtti.obj|ambiguous|review|5
0x005c0de0|CException::~CException|??1CException@@UAE@XZ|public: virtual __thiscall CException::~CException(void)|nafxcw|except.obj|ambiguous|review|16
0x005c14a0|AfxGetAfxWndProc|?AfxGetAfxWndProc@@YGP6GJPAUHWND__@@IIJ@ZXZ|long (__stdcall * __stdcall AfxGetAfxWndProc(void))(struct HWND__*, unsigned int, unsigned int, long)|nafxcw|wincore.obj|ambiguous|review|239
0x005c14c0|_AfxBindStatusCallback::CInnerUnknown::CInnerUnknown|??0CInnerUnknown@_AfxBindStatusCallback@@QAE@XZ|public: __thiscall _AfxBindStatusCallback::CInnerUnknown::CInnerUnknown(void)|nafxcw|oleasmon.obj|ambiguous|review|5
0x005c14f0|_G__non_rtti_object|??_G__non_rtti_object@@UAEPAXI@Z|public: virtual void * __thiscall __non_rtti_object::`scalar deleting dtor'(unsigned int)|libcmt|rtti.obj|ambiguous|review|5
0x005c1520|CException::~CException|??1CException@@UAE@XZ|public: virtual __thiscall CException::~CException(void)|nafxcw|except.obj|ambiguous|review|16
0x005c18e0|AfxGetAfxWndProc|?AfxGetAfxWndProc@@YGP6GJPAUHWND__@@IIJ@ZXZ|long (__stdcall * __stdcall AfxGetAfxWndProc(void))(struct HWND__*, unsigned int, unsigned int, long)|nafxcw|wincore.obj|ambiguous|review|239
0x005c1900|_AfxBindStatusCallback::CInnerUnknown::CInnerUnknown|??0CInnerUnknown@_AfxBindStatusCallback@@QAE@XZ|public: __thiscall _AfxBindStatusCallback::CInnerUnknown::CInnerUnknown(void)|nafxcw|oleasmon.obj|ambiguous|review|5
0x005c1930|_G__non_rtti_object|??_G__non_rtti_object@@UAEPAXI@Z|public: virtual void * __thiscall __non_rtti_object::`scalar deleting dtor'(unsigned int)|libcmt|rtti.obj|ambiguous|review|5
0x005c1960|CException::~CException|??1CException@@UAE@XZ|public: virtual __thiscall CException::~CException(void)|nafxcw|except.obj|ambiguous|review|16
0x005c1af0|AfxGetAfxWndProc|?AfxGetAfxWndProc@@YGP6GJPAUHWND__@@IIJ@ZXZ|long (__stdcall * __stdcall AfxGetAfxWndProc(void))(struct HWND__*, unsigned int, unsigned int, long)|nafxcw|wincore.obj|ambiguous|review|239
0x005c1b10|_AfxBindStatusCallback::CInnerUnknown::CInnerUnknown|??0CInnerUnknown@_AfxBindStatusCallback@@QAE@XZ|public: __thiscall _AfxBindStatusCallback::CInnerUnknown::CInnerUnknown(void)|nafxcw|oleasmon.obj|ambiguous|review|5
0x005c1b40|_G__non_rtti_object|??_G__non_rtti_object@@UAEPAXI@Z|public: virtual void * __thiscall __non_rtti_object::`scalar deleting dtor'(unsigned int)|libcmt|rtti.obj|ambiguous|review|5
0x005c2470|CObject::AssertValid|?AssertValid@CObject@@UBEXXZ|public: virtual void __thiscall CObject::AssertValid(void) const|nafxcw|except.obj|ambiguous|review|23
0x005c2490|AfxGetAfxWndProc|?AfxGetAfxWndProc@@YGP6GJPAUHWND__@@IIJ@ZXZ|long (__stdcall * __stdcall AfxGetAfxWndProc(void))(struct HWND__*, unsigned int, unsigned int, long)|nafxcw|wincore.obj|ambiguous|review|239
0x005c24e0|_G__non_rtti_object|??_G__non_rtti_object@@UAEPAXI@Z|public: virtual void * __thiscall __non_rtti_object::`scalar deleting dtor'(unsigned int)|libcmt|rtti.obj|ambiguous|review|5
0x005c2510|CException::~CException|??1CException@@UAE@XZ|public: virtual __thiscall CException::~CException(void)|nafxcw|except.obj|ambiguous|review|16
0x005c2610|CDatabase::BindParameters|?BindParameters@CDatabase@@UAEXPAX@Z|public: virtual void __thiscall CDatabase::BindParameters(void *)|nafxcw|dbcore.obj|ambiguous|review|45
0x005c28a0|AfxGetAfxWndProc|?AfxGetAfxWndProc@@YGP6GJPAUHWND__@@IIJ@ZXZ|long (__stdcall * __stdcall AfxGetAfxWndProc(void))(struct HWND__*, unsigned int, unsigned int, long)|nafxcw|wincore.obj|ambiguous|review|239
0x005c28f0|_G__non_rtti_object|??_G__non_rtti_object@@UAEPAXI@Z|public: virtual void * __thiscall __non_rtti_object::`scalar deleting dtor'(unsigned int)|libcmt|rtti.obj|ambiguous|review|5
0x005c2920|CException::~CException|??1CException@@UAE@XZ|public: virtual __thiscall CException::~CException(void)|nafxcw|except.obj|ambiguous|review|16
0x005c2dd0|AfxGetAfxWndProc|?AfxGetAfxWndProc@@YGP6GJPAUHWND__@@IIJ@ZXZ|long (__stdcall * __stdcall AfxGetAfxWndProc(void))(struct HWND__*, unsigned int, unsigned int, long)|nafxcw|wincore.obj|ambiguous|review|239
0x005c2ed0|_G__non_rtti_object|??_G__non_rtti_object@@UAEPAXI@Z|public: virtual void * __thiscall __non_rtti_object::`scalar deleting dtor'(unsigned int)|libcmt|rtti.obj|ambiguous|review|5
0x005d5040|AfxGetAfxWndProc|?AfxGetAfxWndProc@@YGP6GJPAUHWND__@@IIJ@ZXZ|long (__stdcall * __stdcall AfxGetAfxWndProc(void))(struct HWND__*, unsigned int, unsigned int, long)|nafxcw|wincore.obj|ambiguous|review|239
0x005d50b0|_G__non_rtti_object|??_G__non_rtti_object@@UAEPAXI@Z|public: virtual void * __thiscall __non_rtti_object::`scalar deleting dtor'(unsigned int)|libcmt|rtti.obj|ambiguous|review|5
0x005d50e0|CException::~CException|??1CException@@UAE@XZ|public: virtual __thiscall CException::~CException(void)|nafxcw|except.obj|ambiguous|review|16
0x005d51e0|CFindReplaceDialog::PostNcDestroy|?PostNcDestroy@CFindReplaceDialog@@MAEXXZ|protected: virtual void __thiscall CFindReplaceDialog::PostNcDestroy(void)|nafxcw|dlgfr.obj|ambiguous|review|3
0x005d5d10|??B?$CIP@UIUnknown@@$1?IID_IUnknown@@3U_GUID@@B@@QAEPAUIUnknown@@XZ|??B?$CIP@UIUnknown@@$1?IID_IUnknown@@3U_GUID@@B@@QAEPAUIUnknown@@XZ|public: struct IUnknown * __thiscall CIP<struct IUnknown, &struct _GUID const IID_IUnknown>::operator struct IUnknown *(void)|nafxcw|oleasmon.obj|ambiguous|review|14
0x005d6e30|CDatabase::BindParameters|?BindParameters@CDatabase@@UAEXPAX@Z|public: virtual void __thiscall CDatabase::BindParameters(void *)|nafxcw|dbcore.obj|ambiguous|review|45
0x005d7190|CDatabase::BindParameters|?BindParameters@CDatabase@@UAEXPAX@Z|public: virtual void __thiscall CDatabase::BindParameters(void *)|nafxcw|dbcore.obj|ambiguous|review|45
0x005dbd10|CObject::AssertValid|?AssertValid@CObject@@UBEXXZ|public: virtual void __thiscall CObject::AssertValid(void) const|nafxcw|except.obj|ambiguous|review|23
0x005dcd50|_G__non_rtti_object|??_G__non_rtti_object@@UAEPAXI@Z|public: virtual void * __thiscall __non_rtti_object::`scalar deleting dtor'(unsigned int)|libcmt|rtti.obj|ambiguous|review|5
0x005dcdd0|AfxGetAfxWndProc|?AfxGetAfxWndProc@@YGP6GJPAUHWND__@@IIJ@ZXZ|long (__stdcall * __stdcall AfxGetAfxWndProc(void))(struct HWND__*, unsigned int, unsigned int, long)|nafxcw|wincore.obj|ambiguous|review|239
0x005dee80|CDatabase::BindParameters|?BindParameters@CDatabase@@UAEXPAX@Z|public: virtual void __thiscall CDatabase::BindParameters(void *)|nafxcw|dbcore.obj|ambiguous|review|45
0x005deea0|AfxGetAfxWndProc|?AfxGetAfxWndProc@@YGP6GJPAUHWND__@@IIJ@ZXZ|long (__stdcall * __stdcall AfxGetAfxWndProc(void))(struct HWND__*, unsigned int, unsigned int, long)|nafxcw|wincore.obj|ambiguous|review|239
0x005df260|AfxGetAfxWndProc|?AfxGetAfxWndProc@@YGP6GJPAUHWND__@@IIJ@ZXZ|long (__stdcall * __stdcall AfxGetAfxWndProc(void))(struct HWND__*, unsigned int, unsigned int, long)|nafxcw|wincore.obj|ambiguous|review|239
0x005df300|_G__non_rtti_object|??_G__non_rtti_object@@UAEPAXI@Z|public: virtual void * __thiscall __non_rtti_object::`scalar deleting dtor'(unsigned int)|libcmt|rtti.obj|ambiguous|review|5
0x005df3f0|CDatabase::BindParameters|?BindParameters@CDatabase@@UAEXPAX@Z|public: virtual void __thiscall CDatabase::BindParameters(void *)|nafxcw|dbcore.obj|ambiguous|review|45
0x005df410|CDatabase::BindParameters|?BindParameters@CDatabase@@UAEXPAX@Z|public: virtual void __thiscall CDatabase::BindParameters(void *)|nafxcw|dbcore.obj|ambiguous|review|45
0x005df610|CException::~CException|??1CException@@UAE@XZ|public: virtual __thiscall CException::~CException(void)|nafxcw|except.obj|ambiguous|review|16
0x005df630|_G__non_rtti_object|??_G__non_rtti_object@@UAEPAXI@Z|public: virtual void * __thiscall __non_rtti_object::`scalar deleting dtor'(unsigned int)|libcmt|rtti.obj|ambiguous|review|5
0x005df780|CDatabase::BindParameters|?BindParameters@CDatabase@@UAEXPAX@Z|public: virtual void __thiscall CDatabase::BindParameters(void *)|nafxcw|dbcore.obj|ambiguous|review|45
0x005df8d0|AfxGetAfxWndProc|?AfxGetAfxWndProc@@YGP6GJPAUHWND__@@IIJ@ZXZ|long (__stdcall * __stdcall AfxGetAfxWndProc(void))(struct HWND__*, unsigned int, unsigned int, long)|nafxcw|wincore.obj|ambiguous|review|240
0x005e1c60|_G__non_rtti_object|??_G__non_rtti_object@@UAEPAXI@Z|public: virtual void * __thiscall __non_rtti_object::`scalar deleting dtor'(unsigned int)|libcmt|rtti.obj|ambiguous|review|5
0x005e1cc0|AfxGetAfxWndProc|?AfxGetAfxWndProc@@YGP6GJPAUHWND__@@IIJ@ZXZ|long (__stdcall * __stdcall AfxGetAfxWndProc(void))(struct HWND__*, unsigned int, unsigned int, long)|nafxcw|wincore.obj|ambiguous|review|239
0x005e2210|AfxGetAfxWndProc|?AfxGetAfxWndProc@@YGP6GJPAUHWND__@@IIJ@ZXZ|long (__stdcall * __stdcall AfxGetAfxWndProc(void))(struct HWND__*, unsigned int, unsigned int, long)|nafxcw|wincore.obj|ambiguous|review|239
0x005e22f0|_G__non_rtti_object|??_G__non_rtti_object@@UAEPAXI@Z|public: virtual void * __thiscall __non_rtti_object::`scalar deleting dtor'(unsigned int)|libcmt|rtti.obj|ambiguous|review|5
0x005e2490|CDatabase::BindParameters|?BindParameters@CDatabase@@UAEXPAX@Z|public: virtual void __thiscall CDatabase::BindParameters(void *)|nafxcw|dbcore.obj|ambiguous|review|45
0x005e2b50|CObject::AssertValid|?AssertValid@CObject@@UBEXXZ|public: virtual void __thiscall CObject::AssertValid(void) const|nafxcw|except.obj|ambiguous|review|23
0x005e2b70|CObject::AssertValid|?AssertValid@CObject@@UBEXXZ|public: virtual void __thiscall CObject::AssertValid(void) const|nafxcw|except.obj|ambiguous|review|23
0x005e33c0|AfxGetAfxWndProc|?AfxGetAfxWndProc@@YGP6GJPAUHWND__@@IIJ@ZXZ|long (__stdcall * __stdcall AfxGetAfxWndProc(void))(struct HWND__*, unsigned int, unsigned int, long)|nafxcw|wincore.obj|ambiguous|review|239
0x005e33e0|IUnknown::IUnknown|??0IUnknown@@QAE@XZ|public: __thiscall IUnknown::IUnknown(void)|nafxcw|olemon.obj|ambiguous|review|3
0x005e3400|_G__non_rtti_object|??_G__non_rtti_object@@UAEPAXI@Z|public: virtual void * __thiscall __non_rtti_object::`scalar deleting dtor'(unsigned int)|libcmt|rtti.obj|ambiguous|review|5
0x005e3430|CException::~CException|??1CException@@UAE@XZ|public: virtual __thiscall CException::~CException(void)|nafxcw|except.obj|ambiguous|review|16
0x005e3450|CObject::AssertValid|?AssertValid@CObject@@UBEXXZ|public: virtual void __thiscall CObject::AssertValid(void) const|nafxcw|except.obj|ambiguous|review|23
0x005e3470|CFindReplaceDialog::PostNcDestroy|?PostNcDestroy@CFindReplaceDialog@@MAEXXZ|protected: virtual void __thiscall CFindReplaceDialog::PostNcDestroy(void)|nafxcw|dlgfr.obj|ambiguous|review|3
0x005e4280|_query_new_handler|?_query_new_handler@@YAP6AHI@ZXZ|int (__cdecl * __cdecl _query_new_handler(void))(unsigned int)|libcmt|handler.obj|ambiguous|review|6
0x005e42a0|CDatabase::BindParameters|?BindParameters@CDatabase@@UAEXPAX@Z|public: virtual void __thiscall CDatabase::BindParameters(void *)|nafxcw|dbcore.obj|ambiguous|review|45
0x005e4540|CObList::CObList|??0CObList@@QAE@H@Z|public: __thiscall CObList::CObList(int)|nafxcw|list_o.obj|ambiguous|review|3
0x005e4780|CByteArray::CByteArray|??0CByteArray@@QAE@XZ|public: __thiscall CByteArray::CByteArray(void)|nafxcw|array_b.obj|ambiguous|review|7
0x005e4a30|_G__non_rtti_object|??_G__non_rtti_object@@UAEPAXI@Z|public: virtual void * __thiscall __non_rtti_object::`scalar deleting dtor'(unsigned int)|libcmt|rtti.obj|ambiguous|review|5
0x005e4a60|_G__non_rtti_object|??_G__non_rtti_object@@UAEPAXI@Z|public: virtual void * __thiscall __non_rtti_object::`scalar deleting dtor'(unsigned int)|libcmt|rtti.obj|ambiguous|review|5
0x005e50a0|CView::OnActivateFrame|?OnActivateFrame@CView@@MAEXIPAVCFrameWnd@@@Z|protected: virtual void __thiscall CView::OnActivateFrame(unsigned int, class CFrameWnd *)|nafxcw|viewcore.obj|ambiguous|review|10
0x005e5170|CRichEditView::GetContextMenu|?GetContextMenu@CRichEditView@@MAEPAUHMENU__@@GPAUIOleObject@@PAU_charrange@@@Z|protected: virtual struct HMENU__* __thiscall CRichEditView::GetContextMenu(unsigned short, struct IOleObject *, struct _charrange *)|nafxcw|viewrich.obj|ambiguous|review|9
0x005e5190|CRichEditView::GetContextMenu|?GetContextMenu@CRichEditView@@MAEPAUHMENU__@@GPAUIOleObject@@PAU_charrange@@@Z|protected: virtual struct HMENU__* __thiscall CRichEditView::GetContextMenu(unsigned short, struct IOleObject *, struct _charrange *)|nafxcw|viewrich.obj|ambiguous|review|9
0x005e539c|AfxGetMainWnd|?AfxGetMainWnd@@YGPAVCWnd@@XZ|class CWnd * __stdcall AfxGetMainWnd(void)|nafxcw|wincore.obj|unique|high|1
0x005e53bc|_GCNoTrackObject|??_GCNoTrackObject@@UAEPAXI@Z|public: virtual void * __thiscall CNoTrackObject::`scalar deleting dtor'(unsigned int)|nafxcw|afxstate.obj|unique|high|1
0x005e53d8|CThreadLocal<class AFX_MODULE_THREAD_STATE>::CreateObject|?CreateObject@?$CThreadLocal@VAFX_MODULE_THREAD_STATE@@@@SGPAVCNoTrackObject@@XZ|public: static class CNoTrackObject * __stdcall CThreadLocal<class AFX_MODULE_THREAD_STATE>::CreateObject(void)|nafxcw|afxstate.obj|unique|high|1
0x005e540c|CThreadLocal<class _AFX_THREAD_STATE>::CreateObject|?CreateObject@?$CThreadLocal@V_AFX_THREAD_STATE@@@@SGPAVCNoTrackObject@@XZ|public: static class CNoTrackObject * __stdcall CThreadLocal<class _AFX_THREAD_STATE>::CreateObject(void)|nafxcw|except.obj|unique|high|1
0x005e5440|CProcessLocal<class _AFX_CTL3D_STATE>::CreateObject|?CreateObject@?$CProcessLocal@V_AFX_CTL3D_STATE@@@@SGPAVCNoTrackObject@@XZ|public: static class CNoTrackObject * __stdcall CProcessLocal<class _AFX_CTL3D_STATE>::CreateObject(void)|nafxcw|wincore.obj|unique|high|1
0x005e5455|_G_AFX_CTL3D_STATE|??_G_AFX_CTL3D_STATE@@UAEPAXI@Z|public: virtual void * __thiscall _AFX_CTL3D_STATE::`scalar deleting dtor'(unsigned int)|nafxcw|wincore.obj|unique-via-existing|high|20
0x005e5470|CThreadLocal<class _AFX_CTL3D_THREAD>::CreateObject|?CreateObject@?$CThreadLocal@V_AFX_CTL3D_THREAD@@@@SGPAVCNoTrackObject@@XZ|public: static class CNoTrackObject * __stdcall CThreadLocal<class _AFX_CTL3D_THREAD>::CreateObject(void)|nafxcw|thrdcore.obj|unique-via-existing|high|2
0x005e5485|_G_AFX_CTL3D_THREAD|??_G_AFX_CTL3D_THREAD@@UAEPAXI@Z|public: virtual void * __thiscall _AFX_CTL3D_THREAD::`scalar deleting dtor'(unsigned int)|nafxcw|thrdcore.obj|unique-via-existing|high|20
0x005e54a0|CProcessLocal<class _AFX_WIN_STATE>::CreateObject|?CreateObject@?$CProcessLocal@V_AFX_WIN_STATE@@@@SGPAVCNoTrackObject@@XZ|public: static class CNoTrackObject * __stdcall CProcessLocal<class _AFX_WIN_STATE>::CreateObject(void)|nafxcw|wincore.obj|unique-via-existing|high|2
0x005e54d1|CWnd::GetOwner|?GetOwner@CWnd@@QBEPAV1@XZ|public: class CWnd * __thiscall CWnd::GetOwner(void) const|nafxcw|wincore.obj|unique|high|1
0x005e54e8|CHandleMap::~CHandleMap|??1CHandleMap@@QAE@XZ|public: __thiscall CHandleMap::~CHandleMap(void)|nafxcw|afxstate.obj|unique|high|1
0x005e5529|CDragListBox::~CDragListBox|??1CDragListBox@@UAE@XZ|public: virtual __thiscall CDragListBox::~CDragListBox(void)|nafxcw|winctrl2.obj|unique-via-existing|high|22
0x005e5561|CDragListBox::PreSubclassWindow|?PreSubclassWindow@CDragListBox@@UAEXXZ|public: virtual void __thiscall CDragListBox::PreSubclassWindow(void)|nafxcw|winctrl2.obj|unique|high|1
0x005e556b|CDragListBox::BeginDrag|?BeginDrag@CDragListBox@@UAEHVCPoint@@@Z|public: virtual int __thiscall CDragListBox::BeginDrag(class CPoint)|nafxcw|winctrl2.obj|unique|high|1
0x005e5597|CDragListBox::CancelDrag|?CancelDrag@CDragListBox@@UAEXVCPoint@@@Z|public: virtual void __thiscall CDragListBox::CancelDrag(class CPoint)|nafxcw|winctrl2.obj|unique|high|1
0x005e55a4|CDragListBox::Dragging|?Dragging@CDragListBox@@UAEIVCPoint@@@Z|public: virtual unsigned int __thiscall CDragListBox::Dragging(class CPoint)|nafxcw|winctrl2.obj|unique|high|1
0x005e56cd|CDragListBox::DrawInsert|?DrawInsert@CDragListBox@@UAEXH@Z|public: virtual void __thiscall CDragListBox::DrawInsert(int)|nafxcw|winctrl2.obj|unique|high|1
0x005e56f2|CDragListBox::DrawSingle|?DrawSingle@CDragListBox@@QAEXH@Z|public: void __thiscall CDragListBox::DrawSingle(int)|nafxcw|winctrl2.obj|unique|high|1
0x005e57e9|CDragListBox::OnChildNotify|?OnChildNotify@CDragListBox@@MAEHIIJPAJ@Z|protected: virtual int __thiscall CDragListBox::OnChildNotify(unsigned int, unsigned int, long, long *)|nafxcw|winctrl2.obj|unique|high|1
0x005e58ab|CAnimateCtrl::Create|?Create@CAnimateCtrl@@QAEHKABUtagRECT@@PAVCWnd@@I@Z|public: int __thiscall CAnimateCtrl::Create(unsigned long, struct tagRECT const &, class CWnd *, unsigned int)|nafxcw|winctrl2.obj|ambiguous|review|11
0x005e58e4|CProgressCtrl::~CProgressCtrl|??1CProgressCtrl@@UAE@XZ|public: virtual __thiscall CProgressCtrl::~CProgressCtrl(void)|nafxcw|winctrl2.obj|duplicate-body|review|22
0x005e591c|CToolBarCtrl::AddBitmap|?AddBitmap@CToolBarCtrl@@QAEHHPAVCBitmap@@@Z|public: int __thiscall CToolBarCtrl::AddBitmap(int, class CBitmap *)|nafxcw|winctrl2.obj|unique|high|1
0x005e5950|CToolBarCtrl::AddBitmap|?AddBitmap@CToolBarCtrl@@QAEHHI@Z|public: int __thiscall CToolBarCtrl::AddBitmap(int, unsigned int)|nafxcw|winctrl2.obj|unique|high|1
0x005e5987|CToolBarCtrl::SaveState|?SaveState@CToolBarCtrl@@QAEXPAUHKEY__@@PBD1@Z|public: void __thiscall CToolBarCtrl::SaveState(struct HKEY__*, char const *, char const *)|nafxcw|winctrl2.obj|unique|high|1
0x005e59b7|CToolBarCtrl::RestoreState|?RestoreState@CToolBarCtrl@@QAEXPAUHKEY__@@PBD1@Z|public: void __thiscall CToolBarCtrl::RestoreState(struct HKEY__*, char const *, char const *)|nafxcw|winctrl2.obj|unique|high|1
0x005e59e7|CToolBarCtrl::AddString|?AddString@CToolBarCtrl@@QAEHI@Z|public: int __thiscall CToolBarCtrl::AddString(unsigned int)|nafxcw|winctrl2.obj|unique|high|1
0x005e5a0d|CToolBarCtrl::OnCreate|?OnCreate@CToolBarCtrl@@IAEHPAUtagCREATESTRUCTA@@@Z|protected: int __thiscall CToolBarCtrl::OnCreate(struct tagCREATESTRUCTA *)|nafxcw|winctrl2.obj|unique|high|1
0x005e5a36|CAnimateCtrl::Create|?Create@CAnimateCtrl@@QAEHKABUtagRECT@@PAVCWnd@@I@Z|public: int __thiscall CAnimateCtrl::Create(unsigned long, struct tagRECT const &, class CWnd *, unsigned int)|nafxcw|winctrl2.obj|ambiguous|review|11
0x005e5a6f|CProgressCtrl::~CProgressCtrl|??1CProgressCtrl@@UAE@XZ|public: virtual __thiscall CProgressCtrl::~CProgressCtrl(void)|nafxcw|winctrl2.obj|duplicate-body|review|22
0x005e5ad2|CStatusBarCtrl::GetText|?GetText@CStatusBarCtrl@@QBE?AVCString@@HPAH@Z|public: class CString __thiscall CStatusBarCtrl::GetText(int, int *) const|nafxcw|winctrl2.obj|unique|high|1
0x005e5b9a|CStatusBarCtrl::GetBorders|?GetBorders@CStatusBarCtrl@@QBEHAAH00@Z|public: int __thiscall CStatusBarCtrl::GetBorders(int &, int &, int &) const|nafxcw|winctrl2.obj|unique|high|1
0x005e5bd7|CListCtrl::OnChildNotify|?OnChildNotify@CListCtrl@@MAEHIIJPAJ@Z|protected: virtual int __thiscall CListCtrl::OnChildNotify(unsigned int, unsigned int, long, long *)|nafxcw|winctrl2.obj|duplicate-body|review|5
0x005e5c0b|CAnimateCtrl::Create|?Create@CAnimateCtrl@@QAEHKABUtagRECT@@PAVCWnd@@I@Z|public: int __thiscall CAnimateCtrl::Create(unsigned long, struct tagRECT const &, class CWnd *, unsigned int)|nafxcw|winctrl2.obj|ambiguous|review|11
0x005e5c44|CProgressCtrl::~CProgressCtrl|??1CProgressCtrl@@UAE@XZ|public: virtual __thiscall CProgressCtrl::~CProgressCtrl(void)|nafxcw|winctrl2.obj|duplicate-body|review|22
0x005e5c9c|CListCtrl::InsertColumn|?InsertColumn@CListCtrl@@QAEHHPBDHHH@Z|public: int __thiscall CListCtrl::InsertColumn(int, char const *, int, int, int)|nafxcw|winctrl2.obj|unique|high|1
0x005e5cef|CListCtrl::InsertItem|?InsertItem@CListCtrl@@QAEHIHPBDIIHJ@Z|public: int __thiscall CListCtrl::InsertItem(unsigned int, int, char const *, unsigned int, unsigned int, int, long)|nafxcw|winctrl2.obj|unique|high|1
0x005e5d3b|CListCtrl::HitTest|?HitTest@CListCtrl@@QBEHVCPoint@@PAI@Z|public: int __thiscall CListCtrl::HitTest(class CPoint, unsigned int *) const|nafxcw|winctrl2.obj|unique|high|1
0x005e5d71|CListCtrl::SetItem|?SetItem@CListCtrl@@QAEHHHIPBDHIIJ@Z|public: int __thiscall CListCtrl::SetItem(int, int, unsigned int, char const *, int, unsigned int, unsigned int, long)|nafxcw|winctrl2.obj|unique|high|1
0x005e5dbf|CListCtrl::GetItemText|?GetItemText@CListCtrl@@QBE?AVCString@@HH@Z|public: class CString __thiscall CListCtrl::GetItemText(int, int) const|nafxcw|winctrl2.obj|unique|high|1
0x005e5e64|CListCtrl::GetItemText|?GetItemText@CListCtrl@@QBEHHHPADH@Z|public: int __thiscall CListCtrl::GetItemText(int, int, char *, int) const|nafxcw|winctrl2.obj|unique|high|1
0x005e5ea9|CListCtrl::GetItemData|?GetItemData@CListCtrl@@QBEKH@Z|public: unsigned long __thiscall CListCtrl::GetItemData(int) const|nafxcw|winctrl2.obj|unique|high|1
0x005e5eee|CListCtrl::OnChildNotify|?OnChildNotify@CListCtrl@@MAEHIIJPAJ@Z|protected: virtual int __thiscall CListCtrl::OnChildNotify(unsigned int, unsigned int, long, long *)|nafxcw|winctrl2.obj|duplicate-body|review|5
0x005e5f1c|CListCtrl::RemoveImageList|?RemoveImageList@CListCtrl@@IAEXH@Z|protected: void __thiscall CListCtrl::RemoveImageList(int)|nafxcw|winctrl2.obj|unique-via-existing|high|2
0x005e5f55|CListCtrl::OnNcDestroy|?OnNcDestroy@CListCtrl@@IAEXXZ|protected: void __thiscall CListCtrl::OnNcDestroy(void)|nafxcw|winctrl2.obj|unique-via-existing|high|2
0x005e5fe5|CAnimateCtrl::Create|?Create@CAnimateCtrl@@QAEHKABUtagRECT@@PAVCWnd@@I@Z|public: int __thiscall CAnimateCtrl::Create(unsigned long, struct tagRECT const &, class CWnd *, unsigned int)|nafxcw|winctrl2.obj|ambiguous|review|11
0x005e601e|CProgressCtrl::~CProgressCtrl|??1CProgressCtrl@@UAE@XZ|public: virtual __thiscall CProgressCtrl::~CProgressCtrl(void)|nafxcw|winctrl2.obj|duplicate-body|review|22
0x005e6076|CTreeCtrl::GetItemText|?GetItemText@CTreeCtrl@@QBE?AVCString@@PAU_TREEITEM@@@Z|public: class CString __thiscall CTreeCtrl::GetItemText(struct _TREEITEM *) const|nafxcw|winctrl2.obj|unique|high|1
0x005e6116|CTreeCtrl::GetItemImage|?GetItemImage@CTreeCtrl@@QBEHPAU_TREEITEM@@AAH1@Z|public: int __thiscall CTreeCtrl::GetItemImage(struct _TREEITEM *, int &, int &) const|nafxcw|winctrl2.obj|unique|high|1
0x005e6155|CTreeCtrl::GetItemState|?GetItemState@CTreeCtrl@@QBEIPAU_TREEITEM@@I@Z|public: unsigned int __thiscall CTreeCtrl::GetItemState(struct _TREEITEM *, unsigned int) const|nafxcw|winctrl2.obj|unique|high|1
0x005e618d|CTreeCtrl::GetItemData|?GetItemData@CTreeCtrl@@QBEKPAU_TREEITEM@@@Z|public: unsigned long __thiscall CTreeCtrl::GetItemData(struct _TREEITEM *) const|nafxcw|winctrl2.obj|unique|high|1
0x005e61bb|CTreeCtrl::ItemHasChildren|?ItemHasChildren@CTreeCtrl@@QBEHPAU_TREEITEM@@@Z|public: int __thiscall CTreeCtrl::ItemHasChildren(struct _TREEITEM *) const|nafxcw|winctrl2.obj|unique|high|1
0x005e61e9|CTreeCtrl::SetItem|?SetItem@CTreeCtrl@@QAEHPAU_TREEITEM@@IPBDHHIIJ@Z|public: int __thiscall CTreeCtrl::SetItem(struct _TREEITEM *, unsigned int, char const *, int, int, unsigned int, unsigned int, long)|nafxcw|winctrl2.obj|unique|high|1
0x005e6237|CTreeCtrl::InsertItem|?InsertItem@CTreeCtrl@@QAEPAU_TREEITEM@@IPBDHHIIJPAU2@1@Z|public: struct _TREEITEM * __thiscall CTreeCtrl::InsertItem(unsigned int, char const *, int, int, unsigned int, unsigned int, long, struct _TREEITEM *, struct _TREEITEM *)|nafxcw|winctrl2.obj|unique|high|1
0x005e628b|CTreeCtrl::HitTest|?HitTest@CTreeCtrl@@QBEPAU_TREEITEM@@VCPoint@@PAI@Z|public: struct _TREEITEM * __thiscall CTreeCtrl::HitTest(class CPoint, unsigned int *) const|nafxcw|winctrl2.obj|unique|high|1
0x005e62c1|CTreeCtrl::RemoveImageList|?RemoveImageList@CTreeCtrl@@IAEXH@Z|protected: void __thiscall CTreeCtrl::RemoveImageList(int)|nafxcw|winctrl2.obj|unique-via-existing|high|2
0x005e62fa|CTreeCtrl::OnDestroy|?OnDestroy@CTreeCtrl@@QAEXXZ|public: void __thiscall CTreeCtrl::OnDestroy(void)|nafxcw|winctrl2.obj|unique-via-existing|high|2
0x005e6379|CAnimateCtrl::Create|?Create@CAnimateCtrl@@QAEHKABUtagRECT@@PAVCWnd@@I@Z|public: int __thiscall CAnimateCtrl::Create(unsigned long, struct tagRECT const &, class CWnd *, unsigned int)|nafxcw|winctrl2.obj|ambiguous|review|11
0x005e63b2|CProgressCtrl::~CProgressCtrl|??1CProgressCtrl@@UAE@XZ|public: virtual __thiscall CProgressCtrl::~CProgressCtrl(void)|nafxcw|winctrl2.obj|duplicate-body|review|22
0x005e6416|CAnimateCtrl::Create|?Create@CAnimateCtrl@@QAEHKABUtagRECT@@PAVCWnd@@I@Z|public: int __thiscall CAnimateCtrl::Create(unsigned long, struct tagRECT const &, class CWnd *, unsigned int)|nafxcw|winctrl2.obj|ambiguous|review|11
0x005e644f|CAnimateCtrl::~CAnimateCtrl|??1CAnimateCtrl@@UAE@XZ|public: virtual __thiscall CAnimateCtrl::~CAnimateCtrl(void)|nafxcw|winctrl2.obj|ambiguous|review|22
0x005e64be|CSliderCtrl::SetRange|?SetRange@CSliderCtrl@@QAEXHHH@Z|public: void __thiscall CSliderCtrl::SetRange(int, int, int)|nafxcw|winctrl2.obj|unique|high|1
0x005e6557|CAnimateCtrl::Create|?Create@CAnimateCtrl@@QAEHKABUtagRECT@@PAVCWnd@@I@Z|public: int __thiscall CAnimateCtrl::Create(unsigned long, struct tagRECT const &, class CWnd *, unsigned int)|nafxcw|winctrl2.obj|ambiguous|review|11
0x005e6590|CProgressCtrl::~CProgressCtrl|??1CProgressCtrl@@UAE@XZ|public: virtual __thiscall CProgressCtrl::~CProgressCtrl(void)|nafxcw|winctrl2.obj|duplicate-body|review|22
0x005e65c8|CAnimateCtrl::Create|?Create@CAnimateCtrl@@QAEHKABUtagRECT@@PAVCWnd@@I@Z|public: int __thiscall CAnimateCtrl::Create(unsigned long, struct tagRECT const &, class CWnd *, unsigned int)|nafxcw|winctrl2.obj|ambiguous|review|11
0x005e6601|CProgressCtrl::~CProgressCtrl|??1CProgressCtrl@@UAE@XZ|public: virtual __thiscall CProgressCtrl::~CProgressCtrl(void)|nafxcw|winctrl2.obj|duplicate-body|review|22
0x005e663c|CListCtrl::OnChildNotify|?OnChildNotify@CListCtrl@@MAEHIIJPAJ@Z|protected: virtual int __thiscall CListCtrl::OnChildNotify(unsigned int, unsigned int, long, long *)|nafxcw|winctrl2.obj|duplicate-body|review|5
0x005e666a|CAnimateCtrl::Create|?Create@CAnimateCtrl@@QAEHKABUtagRECT@@PAVCWnd@@I@Z|public: int __thiscall CAnimateCtrl::Create(unsigned long, struct tagRECT const &, class CWnd *, unsigned int)|nafxcw|winctrl2.obj|ambiguous|review|11
0x005e66a3|CProgressCtrl::~CProgressCtrl|??1CProgressCtrl@@UAE@XZ|public: virtual __thiscall CProgressCtrl::~CProgressCtrl(void)|nafxcw|winctrl2.obj|duplicate-body|review|22
0x005e6710|CAnimateCtrl::Create|?Create@CAnimateCtrl@@QAEHKABUtagRECT@@PAVCWnd@@I@Z|public: int __thiscall CAnimateCtrl::Create(unsigned long, struct tagRECT const &, class CWnd *, unsigned int)|nafxcw|winctrl2.obj|ambiguous|review|11
0x005e6749|CProgressCtrl::~CProgressCtrl|??1CProgressCtrl@@UAE@XZ|public: virtual __thiscall CProgressCtrl::~CProgressCtrl(void)|nafxcw|winctrl2.obj|duplicate-body|review|22
0x005e6784|CListCtrl::OnChildNotify|?OnChildNotify@CListCtrl@@MAEHIIJPAJ@Z|protected: virtual int __thiscall CListCtrl::OnChildNotify(unsigned int, unsigned int, long, long *)|nafxcw|winctrl2.obj|duplicate-body|review|5
0x005e67ec|CAnimateCtrl::Create|?Create@CAnimateCtrl@@QAEHKABUtagRECT@@PAVCWnd@@I@Z|public: int __thiscall CAnimateCtrl::Create(unsigned long, struct tagRECT const &, class CWnd *, unsigned int)|nafxcw|winctrl2.obj|ambiguous|review|11
0x005e6825|CProgressCtrl::~CProgressCtrl|??1CProgressCtrl@@UAE@XZ|public: virtual __thiscall CProgressCtrl::~CProgressCtrl(void)|nafxcw|winctrl2.obj|duplicate-body|review|22
0x005e685d|CProgressCtrl::~CProgressCtrl|??1CProgressCtrl@@UAE@XZ|public: virtual __thiscall CProgressCtrl::~CProgressCtrl(void)|nafxcw|winctrl2.obj|duplicate-body|review|22
0x005e68a2|_GCGdiObject|??_GCGdiObject@@UAEPAXI@Z|public: virtual void * __thiscall CGdiObject::`scalar deleting dtor'(unsigned int)|nafxcw|winmini.obj|duplicate-body|review|191
0x005e68be|CBrush::~CBrush|??1CBrush@@UAE@XZ|public: virtual __thiscall CBrush::~CBrush(void)|nafxcw|winmini.obj|duplicate-body|review|19
0x005e68f1|CMenu::Detach|?Detach@CMenu@@QAEPAUHMENU__@@XZ|public: struct HMENU__* __thiscall CMenu::Detach(void)|nafxcw|winmenu.obj|duplicate-body|review|3
0x005e698b|CMenu::DestroyMenu|?DestroyMenu@CMenu@@QAEHXZ|public: int __thiscall CMenu::DestroyMenu(void)|nafxcw|winmenu.obj|unique-via-existing|high|4
0x005e69a1|CMenu::DeleteTempMap|?DeleteTempMap@CMenu@@SGXXZ|public: static void __stdcall CMenu::DeleteTempMap(void)|nafxcw|winmenu.obj|duplicate-body|review|5
0x005e69cb|CImageList::FromHandlePermanent|?FromHandlePermanent@CImageList@@SGPAV1@PAU_IMAGELIST@@@Z|public: static class CImageList * __stdcall CImageList::FromHandlePermanent(struct _IMAGELIST *)|nafxcw|winctrl2.obj|ambiguous|review|3
0x005e69e7|CImageList::Create|?Create@CImageList@@QAEHHHIHH@Z|public: int __thiscall CImageList::Create(int, int, unsigned int, int, int)|nafxcw|winctrl2.obj|unique|high|1
0x005e6a0f|CImageList::Create|?Create@CImageList@@QAEHIHHK@Z|public: int __thiscall CImageList::Create(unsigned int, int, int, unsigned long)|nafxcw|winctrl2.obj|ambiguous|review|2
0x005e6a41|CImageList::Create|?Create@CImageList@@QAEHIHHK@Z|public: int __thiscall CImageList::Create(unsigned int, int, int, unsigned long)|nafxcw|winctrl2.obj|ambiguous|review|2
0x005e6a73|CImageList::Create|?Create@CImageList@@QAEHAAV1@H0HHH@Z|public: int __thiscall CImageList::Create(class CImageList &, int, class CImageList &, int, int, int)|nafxcw|winctrl2.obj|unique|high|1
0x005e6aa4|CImageList::Attach|?Attach@CImageList@@QAEHPAU_IMAGELIST@@@Z|public: int __thiscall CImageList::Attach(struct _IMAGELIST *)|nafxcw|winctrl2.obj|unique-via-existing|high|3
0x005e6ad1|CImageList::Read|?Read@CImageList@@QAEHPAVCArchive@@@Z|public: int __thiscall CImageList::Read(class CArchive *)|nafxcw|winctrl2.obj|unique|high|1
0x005e6afe|CImageList::Write|?Write@CImageList@@QAEHPAVCArchive@@@Z|public: int __thiscall CImageList::Write(class CArchive *)|nafxcw|winctrl2.obj|unique|high|1
0x005e6b22|CListBox::GetCurSel|?GetCurSel@CListBox@@QBEHXZ|public: int __thiscall CListBox::GetCurSel(void) const|nafxcw|winctrl2.obj|unique|high|1
0x005e6b35|_GCHeaderCtrl|??_GCHeaderCtrl@@UAEPAXI@Z|public: virtual void * __thiscall CHeaderCtrl::`scalar deleting dtor'(unsigned int)|nafxcw|winctrl2.obj|duplicate-body|review|191
0x005e6b51|_GCHeaderCtrl|??_GCHeaderCtrl@@UAEPAXI@Z|public: virtual void * __thiscall CHeaderCtrl::`scalar deleting dtor'(unsigned int)|nafxcw|winctrl2.obj|duplicate-body|review|191
0x005e6b6d|_GCHeaderCtrl|??_GCHeaderCtrl@@UAEPAXI@Z|public: virtual void * __thiscall CHeaderCtrl::`scalar deleting dtor'(unsigned int)|nafxcw|winctrl2.obj|duplicate-body|review|191
0x005e6b89|_GCHeaderCtrl|??_GCHeaderCtrl@@UAEPAXI@Z|public: virtual void * __thiscall CHeaderCtrl::`scalar deleting dtor'(unsigned int)|nafxcw|winctrl2.obj|duplicate-body|review|191
0x005e6ba5|_GCHeaderCtrl|??_GCHeaderCtrl@@UAEPAXI@Z|public: virtual void * __thiscall CHeaderCtrl::`scalar deleting dtor'(unsigned int)|nafxcw|winctrl2.obj|duplicate-body|review|191
0x005e6bc1|_GCHeaderCtrl|??_GCHeaderCtrl@@UAEPAXI@Z|public: virtual void * __thiscall CHeaderCtrl::`scalar deleting dtor'(unsigned int)|nafxcw|winctrl2.obj|duplicate-body|review|191
0x005e6bdd|_GCHeaderCtrl|??_GCHeaderCtrl@@UAEPAXI@Z|public: virtual void * __thiscall CHeaderCtrl::`scalar deleting dtor'(unsigned int)|nafxcw|winctrl2.obj|duplicate-body|review|191
0x005e6bf9|_GCHeaderCtrl|??_GCHeaderCtrl@@UAEPAXI@Z|public: virtual void * __thiscall CHeaderCtrl::`scalar deleting dtor'(unsigned int)|nafxcw|winctrl2.obj|duplicate-body|review|191
0x005e6c15|_GCHeaderCtrl|??_GCHeaderCtrl@@UAEPAXI@Z|public: virtual void * __thiscall CHeaderCtrl::`scalar deleting dtor'(unsigned int)|nafxcw|winctrl2.obj|duplicate-body|review|191
0x005e6c31|_GCHeaderCtrl|??_GCHeaderCtrl@@UAEPAXI@Z|public: virtual void * __thiscall CHeaderCtrl::`scalar deleting dtor'(unsigned int)|nafxcw|winctrl2.obj|duplicate-body|review|191
0x005e6c4d|_GCHeaderCtrl|??_GCHeaderCtrl@@UAEPAXI@Z|public: virtual void * __thiscall CHeaderCtrl::`scalar deleting dtor'(unsigned int)|nafxcw|winctrl2.obj|duplicate-body|review|191
0x005e6c69|_GCHeaderCtrl|??_GCHeaderCtrl@@UAEPAXI@Z|public: virtual void * __thiscall CHeaderCtrl::`scalar deleting dtor'(unsigned int)|nafxcw|winctrl2.obj|duplicate-body|review|191
0x005e6c85|_GCHeaderCtrl|??_GCHeaderCtrl@@UAEPAXI@Z|public: virtual void * __thiscall CHeaderCtrl::`scalar deleting dtor'(unsigned int)|nafxcw|winctrl2.obj|duplicate-body|review|191
0x005e6ca1|_GCHeaderCtrl|??_GCHeaderCtrl@@UAEPAXI@Z|public: virtual void * __thiscall CHeaderCtrl::`scalar deleting dtor'(unsigned int)|nafxcw|winctrl2.obj|duplicate-body|review|191
0x005e6cbd|_GCHeaderCtrl|??_GCHeaderCtrl@@UAEPAXI@Z|public: virtual void * __thiscall CHeaderCtrl::`scalar deleting dtor'(unsigned int)|nafxcw|winctrl2.obj|duplicate-body|review|191
0x005e6cd9|_GCHeaderCtrl|??_GCHeaderCtrl@@UAEPAXI@Z|public: virtual void * __thiscall CHeaderCtrl::`scalar deleting dtor'(unsigned int)|nafxcw|winctrl2.obj|duplicate-body|review|191
0x005e6cf5|CFile::SetFilePath|?SetFilePath@CFile@@UAEXPBD@Z|public: virtual void __thiscall CFile::SetFilePath(char const *)|nafxcw|filecore.obj|unique|high|1
0x005e6d04|CArchive::operator<<|??6CArchive@@QAEAAV0@E@Z|public: class CArchive & __thiscall CArchive::operator<<(unsigned char)|nafxcw|arccore.obj|unique|high|1
0x005e6d27|CArchive::operator<<|??6CArchive@@QAEAAV0@G@Z|public: class CArchive & __thiscall CArchive::operator<<(unsigned short)|nafxcw|arccore.obj|unique|high|1
0x005e6d4e|CArchive::operator<<|??6CArchive@@QAEAAV0@K@Z|public: class CArchive & __thiscall CArchive::operator<<(unsigned long)|nafxcw|arccore.obj|unique-via-existing|high|3
0x005e6d74|CArchive::operator>>|??5CArchive@@QAEAAV0@AAE@Z|public: class CArchive & __thiscall CArchive::operator>>(unsigned char &)|nafxcw|arccore.obj|unique|high|1
0x005e6da3|CArchive::operator>>|??5CArchive@@QAEAAV0@AAG@Z|public: class CArchive & __thiscall CArchive::operator>>(unsigned short &)|nafxcw|arccore.obj|unique|high|1
0x005e6dd6|CArchive::operator>>|??5CArchive@@QAEAAV0@AAK@Z|public: class CArchive & __thiscall CArchive::operator>>(unsigned long &)|nafxcw|arccore.obj|unique-via-existing|high|3
0x005e6e08|CMemoryException::CMemoryException|??0CMemoryException@@QAE@HI@Z|public: __thiscall CMemoryException::CMemoryException(int, unsigned int)|nafxcw|except.obj|duplicate-body|review|4
0x005e6e32|_GCAnimateCtrl|??_GCAnimateCtrl@@UAEPAXI@Z|public: virtual void * __thiscall CAnimateCtrl::`scalar deleting dtor'(unsigned int)|nafxcw|winctrl2.obj|ambiguous|review|191
0x005e6e4e|CException::~CException|??1CException@@UAE@XZ|public: virtual __thiscall CException::~CException(void)|nafxcw|except.obj|ambiguous|review|16
0x005e6e55|CMemoryException::CMemoryException|??0CMemoryException@@QAE@HI@Z|public: __thiscall CMemoryException::CMemoryException(int, unsigned int)|nafxcw|except.obj|duplicate-body|review|4
0x005e6e7f|_GCAnimateCtrl|??_GCAnimateCtrl@@UAEPAXI@Z|public: virtual void * __thiscall CAnimateCtrl::`scalar deleting dtor'(unsigned int)|nafxcw|winctrl2.obj|ambiguous|review|191
0x005e6e9b|CException::~CException|??1CException@@UAE@XZ|public: virtual __thiscall CException::~CException(void)|nafxcw|except.obj|ambiguous|review|16
0x005e6ea2|_GCAnimateCtrl|??_GCAnimateCtrl@@UAEPAXI@Z|public: virtual void * __thiscall CAnimateCtrl::`scalar deleting dtor'(unsigned int)|nafxcw|winctrl2.obj|ambiguous|review|191
0x005e6ebe|CFtpConnection::GetCurrentDirectoryA|?GetCurrentDirectoryA@CFtpConnection@@QBEHPADPAK@Z|public: int __thiscall CFtpConnection::GetCurrentDirectoryA(char *, unsigned long *) const|nafxcw|inet.obj|ambiguous|review|4
0x005e6ed2|CFtpConnection::CreateDirectoryA|?CreateDirectoryA@CFtpConnection@@QAEHPBD@Z|public: int __thiscall CFtpConnection::CreateDirectoryA(char const *)|nafxcw|inet.obj|ambiguous|review|6
0x005e6ee2|CDC::DrawTextA|?DrawTextA@CDC@@UAEHPBDHPAUtagRECT@@I@Z|public: virtual int __thiscall CDC::DrawTextA(char const *, int, struct tagRECT *, unsigned int)|nafxcw|wingdi.obj|ambiguous|review|4
0x005e6efe|CDC::ExtTextOutA|?ExtTextOutA@CDC@@UAEHHHIPBUtagRECT@@PBDIPAH@Z|public: virtual int __thiscall CDC::ExtTextOutA(int, int, unsigned int, struct tagRECT const *, char const *, unsigned int, int *)|nafxcw|wingdi.obj|unique|high|1
0x005e6f23|CDC::TabbedTextOutA|?TabbedTextOutA@CDC@@UAE?AVCSize@@HHPBDHHPAHH@Z|public: virtual class CSize __thiscall CDC::TabbedTextOutA(int, int, char const *, int, int, int *, int)|nafxcw|wingdi.obj|unique|high|1
0x005e6f5b|CDC::DrawTextA|?DrawTextA@CDC@@UAEHPBDHPAUtagRECT@@I@Z|public: virtual int __thiscall CDC::DrawTextA(char const *, int, struct tagRECT *, unsigned int)|nafxcw|wingdi.obj|ambiguous|review|4
0x005e6f77|GrayStringA|?GrayStringA@CDC@@UAEHPAVCBrush@@P6GHPAUHDC__@@JH@ZJHHHHH@Z|public: virtual int __thiscall CDC::GrayStringA(class CBrush *, int (__stdcall *)(struct HDC__*, long, int), long, int, int, int, int, int)|nafxcw|dcmeta.obj|unique|high|1
0x005e6fa7|CDC::DrawTextA|?DrawTextA@CDC@@UAEHPBDHPAUtagRECT@@I@Z|public: virtual int __thiscall CDC::DrawTextA(char const *, int, struct tagRECT *, unsigned int)|nafxcw|wingdi.obj|ambiguous|review|4
0x005e6fc3|_GCAnimateCtrl|??_GCAnimateCtrl@@UAEPAXI@Z|public: virtual void * __thiscall CAnimateCtrl::`scalar deleting dtor'(unsigned int)|nafxcw|winctrl2.obj|ambiguous|review|191
0x005e6fdf|CMemoryException::CMemoryException|??0CMemoryException@@QAE@HI@Z|public: __thiscall CMemoryException::CMemoryException(int, unsigned int)|nafxcw|except.obj|duplicate-body|review|4
0x005e7009|_GCAnimateCtrl|??_GCAnimateCtrl@@UAEPAXI@Z|public: virtual void * __thiscall CAnimateCtrl::`scalar deleting dtor'(unsigned int)|nafxcw|winctrl2.obj|ambiguous|review|191
0x005e7025|CException::~CException|??1CException@@UAE@XZ|public: virtual __thiscall CException::~CException(void)|nafxcw|except.obj|ambiguous|review|16
0x005e702c|CMemoryException::CMemoryException|??0CMemoryException@@QAE@HI@Z|public: __thiscall CMemoryException::CMemoryException(int, unsigned int)|nafxcw|except.obj|duplicate-body|review|4
0x005e7056|_GCAnimateCtrl|??_GCAnimateCtrl@@UAEPAXI@Z|public: virtual void * __thiscall CAnimateCtrl::`scalar deleting dtor'(unsigned int)|nafxcw|winctrl2.obj|ambiguous|review|191
0x005e7072|CException::~CException|??1CException@@UAE@XZ|public: virtual __thiscall CException::~CException(void)|nafxcw|except.obj|ambiguous|review|16
0x005e7079|_GCAnimateCtrl|??_GCAnimateCtrl@@UAEPAXI@Z|public: virtual void * __thiscall CAnimateCtrl::`scalar deleting dtor'(unsigned int)|nafxcw|winctrl2.obj|ambiguous|review|191
0x005e709d|CCtrlView::~CCtrlView|??1CCtrlView@@UAE@XZ|public: virtual __thiscall CCtrlView::~CCtrlView(void)|nafxcw|viewcore.obj|ambiguous|review|3
0x005e70ce|_GCGdiObject|??_GCGdiObject@@UAEPAXI@Z|public: virtual void * __thiscall CGdiObject::`scalar deleting dtor'(unsigned int)|nafxcw|winmini.obj|duplicate-body|review|191
0x005e70ea|CBrush::~CBrush|??1CBrush@@UAE@XZ|public: virtual __thiscall CBrush::~CBrush(void)|nafxcw|winmini.obj|duplicate-body|review|19
0x005e711d|CArchiveStream::CArchiveStream|??0CArchiveStream@@QAE@PAVCArchive@@@Z|public: __thiscall CArchiveStream::CArchiveStream(class CArchive *)|nafxcw|arcstrm.obj|unique-via-existing|high|2
0x005e717b|CFileDialog::OnLBSelChangedNotify|?OnLBSelChangedNotify@CFileDialog@@MAEXIII@Z|protected: virtual void __thiscall CFileDialog::OnLBSelChangedNotify(unsigned int, unsigned int, unsigned int)|nafxcw|dlgfile.obj|ambiguous|review|2
0x005e72f1|_GCFileException|??_GCFileException@@UAEPAXI@Z|public: virtual void * __thiscall CFileException::`scalar deleting dtor'(unsigned int)|nafxcw|filecore.obj|unique-via-existing|high|191
0x005e730d|CArchiveException::~CArchiveException|??1CArchiveException@@UAE@XZ|public: virtual __thiscall CArchiveException::~CArchiveException(void)|nafxcw|arcex.obj|ambiguous|review|2
0x005e7350|_fpmath|__fpmath||libcmt|fpinit.obj|unique|high|1
0x005e7370|CObject::AssertValid|?AssertValid@CObject@@UBEXXZ|public: virtual void __thiscall CObject::AssertValid(void) const|nafxcw|except.obj|ambiguous|review|23
0x005e7380|_cfltcvt_init|__cfltcvt_init||libcmt|fpinit.obj|unique|high|1
0x005e73d0|_ftol|__ftol||libcmt|ftol.obj|unique|high|1
0x005e7440|_CallMemberFunction0|?_CallMemberFunction0@@YGXPAX0@Z|void __stdcall _CallMemberFunction0(void *, void *)|libcmt|trnsctrl.obj|unique-via-existing|high|3
0x005e7450|_CallMemberFunction2|?_CallMemberFunction2@@YGXPAX00H@Z|void __stdcall _CallMemberFunction2(void *, void *, void *, int)|libcmt|trnsctrl.obj|duplicate-body|review|3
0x005e7460|_CallMemberFunction2|?_CallMemberFunction2@@YGXPAX00H@Z|void __stdcall _CallMemberFunction2(void *, void *, void *, int)|libcmt|trnsctrl.obj|duplicate-body|review|3
0x005e7470|_UnwindNestedFrames|?_UnwindNestedFrames@@YGXPAUEHRegistrationNode@@PAUEHExceptionRecord@@@Z|void __stdcall _UnwindNestedFrames(struct EHRegistrationNode *, struct EHExceptionRecord *)|libcmt|trnsctrl.obj|unique|high|1
0x005e74d0|__CxxFrameHandler|___CxxFrameHandler||libcmt|trnsctrl.obj|unique|high|1
0x005e7530|_CallCatchBlock2|?_CallCatchBlock2@@YAPAXPAUEHRegistrationNode@@PBU_s_FuncInfo@@PAXHK@Z|void * __cdecl _CallCatchBlock2(struct EHRegistrationNode *, struct _s_FuncInfo const *, void *, int, unsigned long)|libcmt|trnsctrl.obj|unique|high|1
0x005e75c0|_CallSETranslator|?_CallSETranslator@@YAHPAUEHExceptionRecord@@PAUEHRegistrationNode@@PAX2PBU_s_FuncInfo@@H1@Z|int __cdecl _CallSETranslator(struct EHExceptionRecord *, struct EHRegistrationNode *, void *, void *, struct _s_FuncInfo const *, int, struct EHRegistrationNode *)|libcmt|trnsctrl.obj|unique|high|1
0x005e7720|_GetRangeOfTrysToCheck|?_GetRangeOfTrysToCheck@@YAPBU_s_TryBlockMapEntry@@PBU_s_FuncInfo@@HHPAI1@Z|struct _s_TryBlockMapEntry const * __cdecl _GetRangeOfTrysToCheck(struct _s_FuncInfo const *, int, int, unsigned int *, unsigned int *)|libcmt|trnsctrl.obj|unique|high|1
0x005e784a|_abnormal_termination|__abnormal_termination||libcmt|exsup.obj|unique|high|1
0x005e786d|_NLG_Notify1|__NLG_Notify1||libcmt|exsup.obj|unique|high|1
0x005e7890|_onexit|__onexit||libcmt|onexit.obj|unique|high|1
0x005e7920|atexit|_atexit||libcmt|onexit.obj|unique|high|1
0x005e7980|_mbscmp|__mbscmp||libcmt|mbscmp.obj|unique|high|1
0x005e7a80|_set_new_handler|?_set_new_handler@@YAP6AHI@ZP6AHI@Z@Z|int (__cdecl * __cdecl _set_new_handler(int (__cdecl *)(unsigned int)))(unsigned int)|libcmt|handler.obj|unique|high|1
0x005e7ac0|_callnewh|__callnewh||libcmt|handler.obj|unique|high|1
0x005e7d30|_findclose|__findclose||libcmt|findfile.obj|unique|high|1
0x005e7d60|__timet_from_ft|___timet_from_ft||libcmt|findfile.obj|unique|high|1
0x005e7df0|_aullshr|__aullshr||libcmt|ullshr.obj|unique|high|1
0x005e7f50|free|_free||libcmt|free.obj|unique|high|1
0x005e7fc0|realloc|_realloc||libcmt|realloc.obj|unique|high|1
0x005e8170|type_info::~type_info|??1type_info@@UAE@XZ|public: virtual __thiscall type_info::~type_info(void)|libcmt|typinfo.obj|unique|high|1
0x005e81a0|_Gtype_info|??_Gtype_info@@UAEPAXI@Z|public: virtual void * __thiscall type_info::`scalar deleting dtor'(unsigned int)|libcmt|typinfo.obj|unique-via-existing|high|5
0x005e8310|malloc|_malloc||libcmt|malloc.obj|unique|high|1
0x005e8330|_nh_malloc|__nh_malloc||libcmt|malloc.obj|unique|high|1
0x005e8380|_heap_alloc|__heap_alloc||libcmt|malloc.obj|unique|high|1
0x005e83e0|srand|_srand||libcmt|rand.obj|unique|high|1
0x005e83f0|rand|_rand||libcmt|rand.obj|unique|high|1
0x005e8760|atol|_atol||libcmt|atox.obj|unique|high|1
0x005e8800|atoi|_atoi||libcmt|atox.obj|unique-via-existing|high|8
0x005e8970|isdigit|_isdigit||libcmt|_ctype.obj|unique|high|1
0x005e89d0|isspace|_isspace||libcmt|_ctype.obj|unique|high|1
0x005e8bb0|vsprintf|_vsprintf||libcmt|vsprintf.obj|unique|high|1
0x005e8c20|_alloca_probe|__alloca_probe||libcmt|chkstk.obj|ambiguous|review|2
0x005e8cf0|localtime|_localtime||libcmt|localtim.obj|unique|high|1
0x005e8ee0|time|_time||libcmt|time.obj|unique|high|1
0x005e9010|fclose|_fclose||libcmt|fclose.obj|unique|high|1
0x005e9050|_fclose_lk|__fclose_lk||libcmt|fclose.obj|unique|high|1
0x005e90c0|_fsopen|__fsopen||libcmt|fopen.obj|unique-via-existing|high|2
0x005e9100|fopen|_fopen||libcmt|fopen.obj|unique-via-existing|high|2
0x005e9120|fprintf|_fprintf||libcmt|fprintf.obj|unique-via-existing|high|2
0x005e9170|fwrite|_fwrite||libcmt|fwrite.obj|unique-via-existing|high|2
0x005e91b0|_fwrite_lk|__fwrite_lk||libcmt|fwrite.obj|unique|high|1
0x005e9300|fscanf|_fscanf||libcmt|fscanf.obj|unique-via-existing|high|2
0x005e9340|strncpy|_strncpy||libcmt|strncpy.obj|unique|high|1
0x005e9440|fread|_fread||libcmt|fread.obj|unique-via-existing|high|2
0x005e9480|_fread_lk|__fread_lk||libcmt|fread.obj|unique|high|1
0x005e95c0|fgetc|_fgetc||libcmt|fgetc.obj|unique|high|1
0x005e9620|_itoa|__itoa||libcmt|xtoa.obj|unique|high|1
0x005e9840|sprintf|_sprintf||libcmt|sprintf.obj|unique|high|1
0x005e9a90|memset|_memset||libcmt|memset.obj|unique|high|1
0x005e9ae8|_EH_prolog|__EH_prolog||libcmt|ehprolog.obj|unique|high|1
0x005e9b10|_strdup|__strdup||libcmt|strdup.obj|unique-via-existing|high|2
0x005e9b60|_cinit|__cinit||libcmt|crt0dat.obj|unique|high|1
0x005e9b90|exit|_exit||libcmt|crt0dat.obj|unique|high|1
0x005e9bb0|_exit|__exit||libcmt|crt0dat.obj|unique|high|1
0x005e9cb0|_lockexit|__lockexit||libcmt|crt0dat.obj|unique-via-existing|high|2
0x005e9cc0|_unlockexit|__unlockexit||libcmt|crt0dat.obj|unique-via-existing|high|2
0x005ea030|wcslen|_wcslen||libcmt|wcslen.obj|unique|high|1
0x005ea050|_mbschr|__mbschr||libcmt|mbschr.obj|unique|high|1
0x005ea120|_mbspbrk|__mbspbrk||libcmt|mbspbrk.obj|unique|high|1
0x005ea1d0|_mbsupr|__mbsupr||libcmt|mbsupr.obj|unique|high|1
0x005ea280|_mbslwr|__mbslwr||libcmt|mbslwr.obj|unique|high|1
0x005ea330|_mbsrev|__mbsrev||libcmt|mbsrev.obj|unique|high|1
0x005ea3b0|_beginthreadex|__beginthreadex||libcmt|threadex.obj|unique|high|1
0x005ea520|memcmp|_memcmp||libcmt|memcmp.obj|unique|high|1
0x005ea5d0|_CxxThrowException@8|__CxxThrowException@8||libcmt|throw.obj|unique|high|1
0x005ea620|_mbsspn|__mbsspn||libcmt|mbsspn.obj|unique|high|1
0x005ea6d0|_mbscspn|__mbscspn||libcmt|mbscspn.obj|unique|high|1
0x005ea780|_mbsrchr|__mbsrchr||libcmt|mbsrchr.obj|unique|high|1
0x005ea810|_mbsstr|__mbsstr||libcmt|mbsstr.obj|unique|high|1
0x005ea8b0|_mbclen|__mbclen||libcmt|mbclen.obj|unique|high|1
0x005ea8d0|_ismbcdigit|__ismbcdigit||libcmt|ismbdgt.obj|unique|high|1
0x005ea970|_mbsinc|__mbsinc||libcmt|mbsinc.obj|unique|high|1
0x005ea990|_ismbcspace|__ismbcspace||libcmt|ismbspc.obj|unique|high|1
0x005eaa30|abs|_abs||libcmt|abs.obj|ambiguous|review|2
0x005eaa40|strtol|_strtol||libcmt|strtol.obj|unique-via-existing|high|6
0x005eacf0|strtoul|_strtoul||libcmt|strtol.obj|unique-via-existing|high|2
0x005ead10|_purecall|__purecall||libcmt|purevirt.obj|unique|high|1
0x005ead20|_dosmaperr|__dosmaperr||libcmt|dosmap.obj|unique|high|1
0x005eada0|_errno|__errno||libcmt|dosmap.obj|unique|high|1
0x005eadb0|__doserrno|___doserrno||libcmt|dosmap.obj|unique|high|1
0x005eae70|_msize|__msize||libcmt|msize.obj|unique|high|1
0x005eaee0|_setmbcp|__setmbcp||libcmt|mbctype.obj|unique|high|1
0x005eb1f0|__initmbctable|___initmbctable||libcmt|mbctype.obj|unique|high|1
0x005eb200|mktime|_mktime||libcmt|mktime.obj|unique-via-existing|high|3
0x005eb460|gmtime|_gmtime||libcmt|gmtime.obj|unique|high|1
0x005ebb20|strftime|_strftime||libcmt|strftime.obj|unique|high|1
0x005ebb40|_Strftime|__Strftime||libcmt|strftime.obj|unique|high|1
0x005ec6c0|_setdefaultprecision|__setdefaultprecision||libcmt|fp8.obj|unique|high|1
0x005ec6e0|_ms_p5_test_fdiv|__ms_p5_test_fdiv||libcmt|testfdiv.obj|unique|high|1
0x005ec730|_ms_p5_mp_test_fdiv|__ms_p5_mp_test_fdiv||libcmt|testfdiv.obj|unique|high|1
0x005ec760|_forcdecpt|__forcdecpt||libcmt|cvt.obj|unique|high|1
0x005ec8b0|_cftoe|__cftoe||libcmt|cvt.obj|unique|high|1
0x005eca30|_cftof|__cftof||libcmt|cvt.obj|unique|high|1
0x005ecb60|_cftog|__cftog||libcmt|cvt.obj|unique|high|1
0x005eccc0|__InternalCxxFrameHandler|___InternalCxxFrameHandler||libcmt|frame.obj|unique|high|1
0x005ed740|_mtinit|__mtinit||libcmt|tidtable.obj|unique|high|1
0x005ed7d0|_initptd|__initptd||libcmt|tidtable.obj|unique|high|1
0x005ed7f0|_getptd|__getptd||libcmt|tidtable.obj|unique|high|1
0x005ed870|_freeptd|__freeptd||libcmt|tidtable.obj|unique|high|1
0x005eda70|_mtinitlocks|__mtinitlocks||libcmt|mlock.obj|unique|high|1
0x005edb20|_lock|__lock||libcmt|mlock.obj|unique|high|1
0x005edba0|_unlock|__unlock||libcmt|mlock.obj|unique|high|1
0x005edbc0|_lock_file|__lock_file||libcmt|mlock.obj|unique-via-existing|high|2
0x005edc00|_lock_file2|__lock_file2||libcmt|mlock.obj|unique-via-existing|high|2
0x005edc30|_unlock_file|__unlock_file||libcmt|mlock.obj|unique-via-existing|high|2
0x005edc70|_unlock_file2|__unlock_file2||libcmt|mlock.obj|unique-via-existing|high|2
0x005edcc0|__loctotime_t|___loctotime_t||libcmt|dtoxtime.obj|unique|high|1
0x005ede75|_seh_longjmp_unwind@4|__seh_longjmp_unwind@4||libcmt|exsup3.obj|unique|high|1
0x005ede90|_heap_init|__heap_init||libcmt|heapinit.obj|unique|high|1
0x005edf40|__sbh_new_region|___sbh_new_region||libcmt|sbheap.obj|unique|high|1
0x005ee0b0|__sbh_release_region|___sbh_release_region||libcmt|sbheap.obj|unique|high|1
0x005ee110|__sbh_decommit_pages|___sbh_decommit_pages||libcmt|sbheap.obj|unique|high|1
0x005ee1e0|__sbh_find_block|___sbh_find_block||libcmt|sbheap.obj|unique|high|1
0x005ee240|__sbh_free_block|___sbh_free_block||libcmt|sbheap.obj|unique|high|1
0x005ee2a0|__sbh_alloc_block|___sbh_alloc_block||libcmt|sbheap.obj|unique|high|1
0x005ee4e0|__sbh_alloc_block_from_page|___sbh_alloc_block_from_page||libcmt|sbheap.obj|unique|high|1
0x005ee660|__sbh_resize_block|___sbh_resize_block||libcmt|sbheap.obj|unique|high|1
0x005ee900|_isctype|__isctype||libcmt|isctype.obj|unique|high|1
0x005ee9a0|_allmul|__allmul||libcmt|llmul.obj|unique|high|1
0x005ee9e0|_flsbuf|__flsbuf||libcmt|_flsbuf.obj|unique|high|1
0x005ef5d0|__tzset|___tzset||libcmt|tzset.obj|unique|high|1
0x005ef910|_isindst|__isindst||libcmt|tzset.obj|unique|high|1
0x005efd50|_close|__close||libcmt|close.obj|unique|high|1
0x005efdc0|_close_lk|__close_lk||libcmt|close.obj|unique|high|1
0x005efe50|_freebuf|__freebuf||libcmt|_freebuf.obj|unique|high|1
0x005efe90|fflush|_fflush||libcmt|fflush.obj|unique|high|1
0x005efed0|_fflush_lk|__fflush_lk||libcmt|fflush.obj|unique|high|1
0x005eff10|_flush|__flush||libcmt|fflush.obj|unique|high|1
0x005f0220|_getstream|__getstream||libcmt|stream.obj|unique|high|1
0x005f0300|_stbuf|__stbuf||libcmt|_sftbuf.obj|unique|high|1
0x005f03a0|_ftbuf|__ftbuf||libcmt|_sftbuf.obj|unique|high|1
0x005f03e0|_write|__write||libcmt|write.obj|unique-via-existing|high|3
0x005f0460|_write_lk|__write_lk||libcmt|write.obj|unique|high|1
0x005f1490|_filbuf|__filbuf||libcmt|_filbuf.obj|unique|high|1
0x005f1580|_read|__read||libcmt|read.obj|unique-via-existing|high|3
0x005f1600|_read_lk|__read_lk||libcmt|read.obj|unique|high|1
0x005f1830|_aulldiv|__aulldiv||libcmt|ulldiv.obj|unique|high|1
0x005f18a0|_aullrem|__aullrem||libcmt|ullrem.obj|unique|high|1
0x005f1c70|_ismbblead|__ismbblead||libcmt|ismbbyte.obj|unique|high|1
0x005f1d20|_setenvp|__setenvp||libcmt|stdenvp.obj|unique|high|1
0x005f1e10|_setargv|__setargv||libcmt|stdargv.obj|unique|high|1
0x005f22c0|__crtGetEnvironmentStringsA|___crtGetEnvironmentStringsA||libcmt|aw_env.obj|unique|high|1
0x005f2420|_ioinit|__ioinit||libcmt|ioinit.obj|unique|high|1
0x005f2690|_FF_MSGBANNER|__FF_MSGBANNER||libcmt|crt0msg.obj|unique|high|1
0x005f26d0|_NMSG_WRITE|__NMSG_WRITE||libcmt|crt0msg.obj|unique|high|1
0x005f29b0|strpbrk|_strpbrk||libcmt|strpbrk.obj|unique|high|1
0x005f29f0|__crtLCMapStringW|___crtLCMapStringW||libcmt|aw_map.obj|unique|high|1
0x005f2c40|__crtLCMapStringA|___crtLCMapStringA||libcmt|aw_map.obj|unique|high|1
0x005f2e90|_strrev|__strrev||libcmt|strrev.obj|unique|high|1
0x005f2ec0|calloc|_calloc||libcmt|calloc.obj|unique|high|1
0x005f2f70|__CxxUnhandledExceptionFilter|?__CxxUnhandledExceptionFilter@@YGJPAU_EXCEPTION_POINTERS@@@Z|long __stdcall __CxxUnhandledExceptionFilter(struct _EXCEPTION_POINTERS *)|libcmt|unhandld.obj|unique|high|1
0x005f3000|strspn|_strspn||libcmt|strspn.obj|unique|high|1
0x005f3040|strcspn|_strcspn||libcmt|strcspn.obj|unique|high|1
0x005f3080|strrchr|_strrchr||libcmt|strrchr.obj|unique|high|1
0x005f30b0|strstr|_strstr||libcmt|strstr.obj|unique|high|1
0x005f3130|__crtGetStringTypeW|___crtGetStringTypeW||libcmt|aw_str.obj|unique|high|1
0x005f32c0|__crtGetStringTypeA|___crtGetStringTypeA||libcmt|aw_str.obj|unique|high|1
0x005f3400|toupper|_toupper||libcmt|toupper.obj|unique|high|1
0x005f3490|_toupper_lk|__toupper_lk||libcmt|toupper.obj|unique|high|1
0x005f3ec0|_strcmpi|__strcmpi||libcmt|stricmp.obj|unique-via-existing|high|2
0x005f3f90|_statusfp|__statusfp||libcmt|ieee87.obj|unique|high|1
0x005f3fb0|_clearfp|__clearfp||libcmt|ieee87.obj|unique|high|1
0x005f3fd0|_control87|__control87||libcmt|ieee87.obj|unique|high|1
0x005f4010|_controlfp|__controlfp||libcmt|ieee87.obj|unique|high|1
0x005f41e0|tolower|_tolower||libcmt|tolower.obj|unique|high|1
0x005f4270|_tolower_lk|__tolower_lk||libcmt|tolower.obj|unique|high|1
0x005f4370|_ZeroTail|__ZeroTail||libcmt|intrncvt.obj|unique|high|1
0x005f43e0|_IncMan|__IncMan||libcmt|intrncvt.obj|unique|high|1
0x005f4450|_RoundMan|__RoundMan||libcmt|intrncvt.obj|unique|high|1
0x005f44f0|_CopyMan|__CopyMan||libcmt|intrncvt.obj|unique|high|1
0x005f4510|_FillZeroMan|__FillZeroMan||libcmt|intrncvt.obj|unique|high|1
0x005f4520|_IsZeroMan|__IsZeroMan||libcmt|intrncvt.obj|unique|high|1
0x005f4540|_ShrMan|__ShrMan||libcmt|intrncvt.obj|unique|high|1
0x005f4600|_ld12cvt|__ld12cvt||libcmt|intrncvt.obj|unique|high|1
0x005f47d0|_ld12tod|__ld12tod||libcmt|intrncvt.obj|ambiguous|review|2
0x005f47f0|_ld12tod|__ld12tod||libcmt|intrncvt.obj|ambiguous|review|2
0x005f4890|_atodbl|__atodbl||libcmt|intrncvt.obj|ambiguous|review|2
0x005f4910|_atodbl|__atodbl||libcmt|intrncvt.obj|ambiguous|review|2
0x005f4950|_fptostr|__fptostr||libcmt|_fptostr.obj|unique|high|1
0x005f49f0|_fltout2|__fltout2||libcmt|cfout.obj|unique|high|1
0x005f4a80|__dtold|___dtold||libcmt|cfout.obj|unique|high|1
0x005f4b40|_fptrap|__fptrap||libcmt|crt0fp.obj|unique|high|1
0x005f4b50|_ValidateRead|?_ValidateRead@@YAHPBXI@Z|int __cdecl _ValidateRead(void const *, unsigned int)|libcmt|validate.obj|unique-via-existing|high|2
0x005f4b70|_ValidateWrite|?_ValidateWrite@@YAHPAXI@Z|int __cdecl _ValidateWrite(void *, unsigned int)|libcmt|validate.obj|unique-via-existing|high|2
0x005f4b90|_ValidateExecute|?_ValidateExecute@@YAHP6GHXZ@Z|int __cdecl _ValidateExecute(int (__stdcall *)(void))|libcmt|validate.obj|unique|high|1
0x005f4cb0|_lseek|__lseek||libcmt|lseek.obj|unique-via-existing|high|3
0x005f4d30|_lseek_lk|__lseek_lk||libcmt|lseek.obj|unique|high|1
0x005f4db0|_getbuf|__getbuf||libcmt|_getbuf.obj|unique|high|1
0x005f4e10|_isatty|__isatty||libcmt|isatty.obj|unique|high|1
0x005f4e40|wctomb|_wctomb||libcmt|wctomb.obj|unique|high|1
0x005f4eb0|_wctomb_lk|__wctomb_lk||libcmt|wctomb.obj|unique|high|1
0x005f4f30|wcstombs|_wcstombs||libcmt|wcstombs.obj|unique-via-existing|high|3
0x005f4fb0|_wcstombs_lk|__wcstombs_lk||libcmt|wcstombs.obj|unique|high|1
0x005f5210|_getenv_lk|__getenv_lk||libcmt|getenv.obj|unique|high|1
0x005f52a0|_alloc_osfhnd|__alloc_osfhnd||libcmt|osfinfo.obj|unique|high|1
0x005f5410|_set_osfhnd|__set_osfhnd||libcmt|osfinfo.obj|unique|high|1
0x005f54c0|_free_osfhnd|__free_osfhnd||libcmt|osfinfo.obj|unique|high|1
0x005f5560|_get_osfhandle|__get_osfhandle||libcmt|osfinfo.obj|unique|high|1
0x005f5660|_lock_fhandle|__lock_fhandle||libcmt|osfinfo.obj|unique|high|1
0x005f56d0|_unlock_fhandle|__unlock_fhandle||libcmt|osfinfo.obj|unique|high|1
0x005f5700|_commit|__commit||libcmt|commit.obj|unique|high|1
0x005f5b60|mbtowc|_mbtowc||libcmt|mbtowc.obj|unique-via-existing|high|3
0x005f5be0|_mbtowc_lk|__mbtowc_lk||libcmt|mbtowc.obj|unique|high|1
0x005f5ce0|_allshl|__allshl||libcmt|llshl.obj|unique|high|1
0x005f5d30|_ungetc_lk|__ungetc_lk||libcmt|ungetc.obj|unique|high|1
0x005f5dc0|__crtMessageBoxA|___crtMessageBoxA||libcmt|crtmbox.obj|unique|high|1
0x005f6dc0|strncmp|_strncmp||libcmt|strncmp.obj|unique|high|1
0x005f7830|__addl|___addl||libcmt|mantold.obj|unique|high|1
0x005f7860|__add_12|___add_12||libcmt|mantold.obj|unique|high|1
0x005f78d0|__shl_12|___shl_12||libcmt|mantold.obj|unique|high|1
0x005f7900|__shr_12|___shr_12||libcmt|mantold.obj|unique|high|1
0x005f7930|__mtold12|___mtold12||libcmt|mantold.obj|unique|high|1
0x005f8210|$I10_OUTPUT|_$I10_OUTPUT||libcmt|x10fout.obj|unique|high|1
0x005f8640|_mbsnbicoll|__mbsnbicoll||libcmt|mbsnbico.obj|unique|high|1
0x005f8680|__wtomb_environ|___wtomb_environ||libcmt|wtombenv.obj|unique|high|1
0x005f8770|_chsize_lk|__chsize_lk||libcmt|chsize.obj|unique|high|1
0x005f88c0|__getlocaleinfo|___getlocaleinfo||libcmt|inithelp.obj|unique|high|1
0x005f8a80|__crtGetLocaleInfoW|___crtGetLocaleInfoW||libcmt|aw_loc.obj|unique|high|1
0x005f8bb0|__crtGetLocaleInfoA|___crtGetLocaleInfoA||libcmt|aw_loc.obj|unique|high|1
0x005f8f10|__ld12mul|___ld12mul||libcmt|tenpow.obj|unique|high|1
0x005f91d0|__multtenpow12|___multtenpow12||libcmt|tenpow.obj|unique|high|1
0x005f94b0|__crtCompareStringA|___crtCompareStringA||libcmt|aw_cmp.obj|unique|high|1
0x005f97b0|__crtsetenv|___crtsetenv||libcmt|setenv.obj|unique|high|1
0x005f9b20|_setmode_lk|__setmode_lk||libcmt|setmode.obj|unique|high|1
0x005f9b90|towupper|_towupper||libcmt|towupper.obj|unique|high|1
0x005f9c20|_towupper_lk|__towupper_lk||libcmt|towupper.obj|unique|high|1
0x005f9ca0|iswctype|_iswctype||libcmt|iswctype.obj|unique|high|1
0x005fa7c2|WinMain@16|_WinMain@16||nafxcw|appmodul.obj|unique|high|1
0x005fa7da|AfxInitialize|?AfxInitialize@@YGHHK@Z|int __stdcall AfxInitialize(int, unsigned long)|nafxcw|appmodul.obj|unique|high|1
0x005fa7f8|_AFX_TERM_APP_STATE::_AFX_TERM_APP_STATE|??0_AFX_TERM_APP_STATE@@QAE@XZ|public: __thiscall _AFX_TERM_APP_STATE::_AFX_TERM_APP_STATE(void)|nafxcw|appmodul.obj|unique|high|1
0x005fa80b|_AFX_TERM_APP_STATE::~_AFX_TERM_APP_STATE|??1_AFX_TERM_APP_STATE@@QAE@XZ|public: __thiscall _AFX_TERM_APP_STATE::~_AFX_TERM_APP_STATE(void)|nafxcw|appmodul.obj|unique|high|1
0x005fa845|CToolTipCtrl::CToolTipCtrl|??0CToolTipCtrl@@QAE@XZ|public: __thiscall CToolTipCtrl::CToolTipCtrl(void)|nafxcw|tooltip.obj|unique|high|1
0x005fa87e|_GCMonikerFile|??_GCMonikerFile@@UAEPAXI@Z|public: virtual void * __thiscall CMonikerFile::`scalar deleting dtor'(unsigned int)|nafxcw|olemon.obj|unique-via-existing|high|191
0x005fa89a|CToolTipCtrl::Create|?Create@CToolTipCtrl@@QAEHPAVCWnd@@K@Z|public: int __thiscall CToolTipCtrl::Create(class CWnd *, unsigned long)|nafxcw|tooltip.obj|unique|high|1
0x005fa8e5|CToolTipCtrl::~CToolTipCtrl|??1CToolTipCtrl@@UAE@XZ|public: virtual __thiscall CToolTipCtrl::~CToolTipCtrl(void)|nafxcw|tooltip.obj|unique|high|1
0x005fa92c|CToolTipCtrl::DestroyToolTipCtrl|?DestroyToolTipCtrl@CToolTipCtrl@@QAEHXZ|public: int __thiscall CToolTipCtrl::DestroyToolTipCtrl(void)|nafxcw|tooltip.obj|unique|high|1
0x005fa946|CToolTipCtrl::OnAddTool|?OnAddTool@CToolTipCtrl@@IAEJIJ@Z|protected: long __thiscall CToolTipCtrl::OnAddTool(unsigned int, long)|nafxcw|tooltip.obj|unique|high|1
0x005fa9d1|CToolTipCtrl::OnWindowFromPoint|?OnWindowFromPoint@CToolTipCtrl@@IAEJIJ@Z|protected: long __thiscall CToolTipCtrl::OnWindowFromPoint(unsigned int, long)|nafxcw|tooltip.obj|unique|high|1
0x005faa44|CToolTipCtrl::AddTool|?AddTool@CToolTipCtrl@@QAEHPAVCWnd@@PBDPBUtagRECT@@I@Z|public: int __thiscall CToolTipCtrl::AddTool(class CWnd *, char const *, struct tagRECT const *, unsigned int)|nafxcw|tooltip.obj|unique|high|1
0x005faa92|CToolTipCtrl::AddTool|?AddTool@CToolTipCtrl@@QAEHPAVCWnd@@IPBUtagRECT@@I@Z|public: int __thiscall CToolTipCtrl::AddTool(class CWnd *, unsigned int, struct tagRECT const *, unsigned int)|nafxcw|tooltip.obj|unique|high|1
0x005faaec|CToolTipCtrl::DelTool|?DelTool@CToolTipCtrl@@QAEXPAVCWnd@@I@Z|public: void __thiscall CToolTipCtrl::DelTool(class CWnd *, unsigned int)|nafxcw|tooltip.obj|unique|high|1
0x005fab1d|CToolTipCtrl::GetText|?GetText@CToolTipCtrl@@QBEXAAVCString@@PAVCWnd@@I@Z|public: void __thiscall CToolTipCtrl::GetText(class CString &, class CWnd *, unsigned int) const|nafxcw|tooltip.obj|unique|high|1
0x005fab68|CToolTipCtrl::GetToolInfo|?GetToolInfo@CToolTipCtrl@@QBEHAAVCToolInfo@@PAVCWnd@@I@Z|public: int __thiscall CToolTipCtrl::GetToolInfo(class CToolInfo &, class CWnd *, unsigned int) const|nafxcw|tooltip.obj|unique|high|1
0x005fab9a|CToolTipCtrl::HitTest|?HitTest@CToolTipCtrl@@QBEHPAVCWnd@@VCPoint@@PAUtagTOOLINFOA@@@Z|public: int __thiscall CToolTipCtrl::HitTest(class CWnd *, class CPoint, struct tagTOOLINFOA *) const|nafxcw|tooltip.obj|unique|high|1
0x005fac0d|CToolTipCtrl::SetToolRect|?SetToolRect@CToolTipCtrl@@QAEXPAVCWnd@@IPBUtagRECT@@@Z|public: void __thiscall CToolTipCtrl::SetToolRect(class CWnd *, unsigned int, struct tagRECT const *)|nafxcw|tooltip.obj|unique|high|1
0x005fac4f|CToolTipCtrl::UpdateTipText|?UpdateTipText@CToolTipCtrl@@QAEXPBDPAVCWnd@@I@Z|public: void __thiscall CToolTipCtrl::UpdateTipText(char const *, class CWnd *, unsigned int)|nafxcw|tooltip.obj|unique|high|1
0x005fac86|CToolTipCtrl::UpdateTipText|?UpdateTipText@CToolTipCtrl@@QAEXIPAVCWnd@@I@Z|public: void __thiscall CToolTipCtrl::UpdateTipText(unsigned int, class CWnd *, unsigned int)|nafxcw|tooltip.obj|unique|high|1
0x005facd6|CToolTipCtrl::FillInToolInfo|?FillInToolInfo@CToolTipCtrl@@QBEXAAUtagTOOLINFOA@@PAVCWnd@@I@Z|public: void __thiscall CToolTipCtrl::FillInToolInfo(struct tagTOOLINFOA &, class CWnd *, unsigned int) const|nafxcw|tooltip.obj|unique|high|1
0x005fad29|CWnd::EnableToolTips|?EnableToolTips@CWnd@@QAEHH@Z|public: int __thiscall CWnd::EnableToolTips(int)|nafxcw|tooltip.obj|unique|high|1
0x005fadcb|CWnd::_FilterToolTipMessage|?_FilterToolTipMessage@CWnd@@SGXPAUtagMSG@@PAV1@@Z|public: static void __stdcall CWnd::_FilterToolTipMessage(struct tagMSG *, class CWnd *)|nafxcw|tooltip.obj|unique|high|1
0x005faddb|CWnd::FilterToolTipMessage|?FilterToolTipMessage@CWnd@@QAEXPAUtagMSG@@@Z|public: void __thiscall CWnd::FilterToolTipMessage(struct tagMSG *)|nafxcw|tooltip.obj|unique|high|1
0x005feb02|AfxIsValidAddress|?AfxIsValidAddress@@YGHPBXIH@Z|int __stdcall AfxIsValidAddress(void const *, unsigned int, int)|nafxcw|validadd.obj|unique|high|1
0x005feb3b|CString::CString|??0CString@@QAE@DH@Z|public: __thiscall CString::CString(char, int)|nafxcw|strex.obj|unique|high|1
0x005feb73|CString::CString|??0CString@@QAE@PBDH@Z|public: __thiscall CString::CString(char const *, int)|nafxcw|strex.obj|unique|high|1
0x005feba9|CString::operator=|??4CString@@QAEABV0@D@Z|public: class CString const & __thiscall CString::operator=(char)|nafxcw|strex.obj|unique-via-existing|high|2
0x005febbe|operator+|??H@YG?AVCString@@ABV0@D@Z|class CString __stdcall operator+(class CString const &, char)|nafxcw|strex.obj|unique|high|1
0x005fec20|operator+|??H@YG?AVCString@@DABV0@@Z|class CString __stdcall operator+(char, class CString const &)|nafxcw|strex.obj|unique|high|1
0x005fec82|CString::Mid|?Mid@CString@@QBE?AV1@H@Z|public: class CString __thiscall CString::Mid(int) const|nafxcw|strex.obj|unique|high|1
0x005feca5|CString::Mid|?Mid@CString@@QBE?AV1@HH@Z|public: class CString __thiscall CString::Mid(int, int) const|nafxcw|strex.obj|unique|high|1
0x005fed30|CString::Right|?Right@CString@@QBE?AV1@H@Z|public: class CString __thiscall CString::Right(int) const|nafxcw|strex.obj|unique|high|1
0x005fedad|CString::Left|?Left@CString@@QBE?AV1@H@Z|public: class CString __thiscall CString::Left(int) const|nafxcw|strex.obj|unique|high|1
0x005fee24|CString::SpanExcluding|?SpanExcluding@CString@@QBE?AV1@PBD@Z|public: class CString __thiscall CString::SpanExcluding(char const *) const|nafxcw|strex.obj|duplicate-body|review|2
0x005fee4e|CString::SpanExcluding|?SpanExcluding@CString@@QBE?AV1@PBD@Z|public: class CString __thiscall CString::SpanExcluding(char const *) const|nafxcw|strex.obj|duplicate-body|review|2
0x005fee78|CString::ReverseFind|?ReverseFind@CString@@QBEHD@Z|public: int __thiscall CString::ReverseFind(char) const|nafxcw|strex.obj|unique-via-existing|high|2
0x005fee99|CString::FindOneOf|?FindOneOf@CString@@QBEHPBD@Z|public: int __thiscall CString::FindOneOf(char const *) const|nafxcw|strcore.obj|duplicate-body|review|2
0x005feeb8|CString::FormatV|?FormatV@CString@@IAEXPBDPAD@Z|protected: void __thiscall CString::FormatV(char const *, char *)|nafxcw|strex.obj|unique|high|1
0x005ff15e|CString::Format|?Format@CString@@QAAXPBDZZ|public: void __cdecl CString::Format(char const *, ...)|nafxcw|strex.obj|unique|high|1
0x005ff1ba|CString::FormatMessageA|?FormatMessageA@CString@@QAAXPBDZZ|public: void __cdecl CString::FormatMessageA(char const *, ...)|nafxcw|strex.obj|unique|high|1
0x005ff206|CString::FormatMessageA|?FormatMessageA@CString@@QAAXIZZ|public: void __cdecl CString::FormatMessageA(unsigned int, ...)|nafxcw|strex.obj|unique|high|1
0x005ff289|CString::TrimRight|?TrimRight@CString@@QAEXXZ|public: void __thiscall CString::TrimRight(void)|nafxcw|strex.obj|unique|high|1
0x005ff2d2|CString::TrimLeft|?TrimLeft@CString@@QAEXXZ|public: void __thiscall CString::TrimLeft(void)|nafxcw|strex.obj|unique|high|1
0x005ff36a|CopyElements|?CopyElements@@YGXPAVCString@@PBV1@H@Z|void __stdcall CopyElements(class CString *, class CString const *, int)|nafxcw|strex.obj|unique|high|1
0x005ff3cd|CSimpleException::InitString|?InitString@CSimpleException@@QAEXXZ|public: void __thiscall CSimpleException::InitString(void)|nafxcw|except.obj|unique|high|1
0x005ff439|AfxThrowMemoryException|?AfxThrowMemoryException@@YGXXZ|void __stdcall AfxThrowMemoryException(void)|nafxcw|except.obj|unique-via-existing|high|4
0x005ff454|AfxThrowNotSupportedException|?AfxThrowNotSupportedException@@YGXXZ|void __stdcall AfxThrowNotSupportedException(void)|nafxcw|except.obj|unique-via-existing|high|4
0x005ff46f|CFileDialog::CFileDialog|??0CFileDialog@@QAE@HPBD0K0PAVCWnd@@@Z|public: __thiscall CFileDialog::CFileDialog(int, char const *, char const *, unsigned long, char const *, class CWnd *)|nafxcw|dlgfile.obj|unique|high|1
0x005ff5c5|_GCAnimateCtrl|??_GCAnimateCtrl@@UAEPAXI@Z|public: virtual void * __thiscall CAnimateCtrl::`scalar deleting dtor'(unsigned int)|nafxcw|winctrl2.obj|ambiguous|review|191
0x005ff5e1|CFileDialog::DoModal|?DoModal@CFileDialog@@UAEHXZ|public: virtual int __thiscall CFileDialog::DoModal(void)|nafxcw|dlgfile.obj|unique|high|1
0x005ff69e|CFileDialog::GetPathName|?GetPathName@CFileDialog@@QBE?AVCString@@XZ|public: class CString __thiscall CFileDialog::GetPathName(void) const|nafxcw|dlgfile.obj|unique|high|1
0x005ff7ac|CFileDialog::GetFileName|?GetFileName@CFileDialog@@QBE?AVCString@@XZ|public: class CString __thiscall CFileDialog::GetFileName(void) const|nafxcw|dlgfile.obj|unique|high|1
0x005ff976|CFileDialog::GetFileTitle|?GetFileTitle@CFileDialog@@QBE?AVCString@@XZ|public: class CString __thiscall CFileDialog::GetFileTitle(void) const|nafxcw|dlgfile.obj|unique|high|1
0x005ff9e2|CFileDialog::GetNextPathName|?GetNextPathName@CFileDialog@@QBE?AVCString@@AAPAU__POSITION@@@Z|public: class CString __thiscall CFileDialog::GetNextPathName(struct __POSITION *&) const|nafxcw|dlgfile.obj|unique|high|1
0x005ffc15|CFileDialog::GetFolderPath|?GetFolderPath@CFileDialog@@QBE?AVCString@@XZ|public: class CString __thiscall CFileDialog::GetFolderPath(void) const|nafxcw|dlgfile.obj|unique|high|1
0x005ffd2d|CFileDialog::OnInitDone|?OnInitDone@CFileDialog@@MAEXXZ|protected: virtual void __thiscall CFileDialog::OnInitDone(void)|nafxcw|dlgfile.obj|unique|high|1
0x005ffd49|CFileDialog::OnNotify|?OnNotify@CFileDialog@@MAEHIJPAJ@Z|protected: virtual int __thiscall CFileDialog::OnNotify(unsigned int, long, long *)|nafxcw|dlgfile.obj|unique|high|1
0x005ffe2c|__CxxSetUnhandledExceptionFilter|?__CxxSetUnhandledExceptionFilter@@YAXXZ|void __cdecl __CxxSetUnhandledExceptionFilter(void)|libcmt|unhandld.obj|duplicate-body|review|1
0x005ffe42|__CxxSetUnhandledExceptionFilter|?__CxxSetUnhandledExceptionFilter@@YAXXZ|void __cdecl __CxxSetUnhandledExceptionFilter(void)|libcmt|unhandld.obj|duplicate-body|review|1
0x005ffe58|__CxxSetUnhandledExceptionFilter|?__CxxSetUnhandledExceptionFilter@@YAXXZ|void __cdecl __CxxSetUnhandledExceptionFilter(void)|libcmt|unhandld.obj|duplicate-body|review|1
0x005ffe6e|__CxxSetUnhandledExceptionFilter|?__CxxSetUnhandledExceptionFilter@@YAXXZ|void __cdecl __CxxSetUnhandledExceptionFilter(void)|libcmt|unhandld.obj|duplicate-body|review|1
0x005ffe84|__CxxSetUnhandledExceptionFilter|?__CxxSetUnhandledExceptionFilter@@YAXXZ|void __cdecl __CxxSetUnhandledExceptionFilter(void)|libcmt|unhandld.obj|duplicate-body|review|1
0x005ffe9a|__CxxSetUnhandledExceptionFilter|?__CxxSetUnhandledExceptionFilter@@YAXXZ|void __cdecl __CxxSetUnhandledExceptionFilter(void)|libcmt|unhandld.obj|duplicate-body|review|1
0x005ffeb1|_AfxCommDlgProc|?_AfxCommDlgProc@@YGIPAUHWND__@@IIJ@Z|unsigned int __stdcall _AfxCommDlgProc(struct HWND__*, unsigned int, unsigned int, long)|nafxcw|dlgcomm.obj|unique|high|1
0x005fffe6|CCommonDialog::OnOK|?OnOK@CCommonDialog@@MAEXXZ|protected: virtual void __thiscall CCommonDialog::OnOK(void)|nafxcw|dlgcomm.obj|unique|high|1
0x0060000a|CTime::CTime|??0CTime@@QAE@HHHHHHH@Z|public: __thiscall CTime::CTime(int, int, int, int, int, int, int)|nafxcw|timecore.obj|unique|high|1
0x00600056|CTime::CTime|??0CTime@@QAE@GGH@Z|public: __thiscall CTime::CTime(unsigned short, unsigned short, int)|nafxcw|timecore.obj|unique|high|1
0x006000bf|CTime::CTime|??0CTime@@QAE@ABU_SYSTEMTIME@@H@Z|public: __thiscall CTime::CTime(struct _SYSTEMTIME const &, int)|nafxcw|timecore.obj|unique|high|1
0x0060010b|CTime::CTime|??0CTime@@QAE@ABU_FILETIME@@H@Z|public: __thiscall CTime::CTime(struct _FILETIME const &, int)|nafxcw|timecore.obj|unique|high|1
0x00600196|CTime::GetLocalTm|?GetLocalTm@CTime@@QBEPAUtm@@PAU2@@Z|public: struct tm * __thiscall CTime::GetLocalTm(struct tm *) const|nafxcw|timecore.obj|unique|high|1
0x00600205|CTimeSpan::Format|?Format@CTimeSpan@@QBE?AVCString@@PBD@Z|public: class CString __thiscall CTimeSpan::Format(char const *) const|nafxcw|timecore.obj|unique|high|1
0x00600331|CTimeSpan::Format|?Format@CTimeSpan@@QBE?AVCString@@I@Z|public: class CString __thiscall CTimeSpan::Format(unsigned int) const|nafxcw|timecore.obj|unique-via-existing|high|5
0x0060038d|CTime::FormatGmt|?FormatGmt@CTime@@QBE?AVCString@@PBD@Z|public: class CString __thiscall CTime::FormatGmt(char const *) const|nafxcw|timecore.obj|duplicate-body|review|2
0x006003de|CTime::FormatGmt|?FormatGmt@CTime@@QBE?AVCString@@PBD@Z|public: class CString __thiscall CTime::FormatGmt(char const *) const|nafxcw|timecore.obj|duplicate-body|review|2
0x0060042f|CTime::FormatGmt|?FormatGmt@CTime@@QBE?AVCString@@I@Z|public: class CString __thiscall CTime::FormatGmt(unsigned int) const|nafxcw|timecore.obj|duplicate-body|review|5
0x0060048b|CTime::FormatGmt|?FormatGmt@CTime@@QBE?AVCString@@I@Z|public: class CString __thiscall CTime::FormatGmt(unsigned int) const|nafxcw|timecore.obj|duplicate-body|review|5
0x00601b74|CPlex::Create|?Create@CPlex@@SGPAU1@AAPAU1@II@Z|public: static struct CPlex * __stdcall CPlex::Create(struct CPlex *&, unsigned int, unsigned int)|nafxcw|plex.obj|unique|high|1
0x00601b94|CPlex::FreeDataChain|?FreeDataChain@CPlex@@QAEXXZ|public: void __thiscall CPlex::FreeDataChain(void)|nafxcw|plex.obj|unique|high|1
0x00601baa|CPtrArray::CPtrArray|??0CPtrArray@@QAE@XZ|public: __thiscall CPtrArray::CPtrArray(void)|nafxcw|array_p.obj|unique-via-existing|high|7
0x00601bc1|_GCUIntArray|??_GCUIntArray@@UAEPAXI@Z|public: virtual void * __thiscall CUIntArray::`scalar deleting dtor'(unsigned int)|nafxcw|array_u.obj|unique-via-existing|high|191
0x00601bdd|CByteArray::~CByteArray|??1CByteArray@@UAE@XZ|public: virtual __thiscall CByteArray::~CByteArray(void)|nafxcw|array_b.obj|ambiguous|review|6
0x00601c14|CPtrArray::SetSize|?SetSize@CPtrArray@@QAEXHH@Z|public: void __thiscall CPtrArray::SetSize(int, int)|nafxcw|array_p.obj|unique-via-existing|high|4
0x00601d37|CUIntArray::Append|?Append@CUIntArray@@QAEHABV1@@Z|public: int __thiscall CUIntArray::Append(class CUIntArray const &)|nafxcw|array_u.obj|unique-via-existing|high|4
0x00601d71|CDWordArray::Copy|?Copy@CDWordArray@@QAEXABV1@@Z|public: void __thiscall CDWordArray::Copy(class CDWordArray const &)|nafxcw|array_d.obj|ambiguous|review|4
0x00601d9d|CUIntArray::FreeExtra|?FreeExtra@CUIntArray@@QAEXXZ|public: void __thiscall CUIntArray::FreeExtra(void)|nafxcw|array_u.obj|unique-via-existing|high|5
0x00601de3|CDWordArray::SetAtGrow|?SetAtGrow@CDWordArray@@QAEXHK@Z|public: void __thiscall CDWordArray::SetAtGrow(int, unsigned long)|nafxcw|array_d.obj|ambiguous|review|4
0x00601e0a|CPtrArray::InsertAt|?InsertAt@CPtrArray@@QAEXHPAXH@Z|public: void __thiscall CPtrArray::InsertAt(int, void *, int)|nafxcw|array_p.obj|unique-via-existing|high|4
0x00601e9f|CDWordArray::RemoveAt|?RemoveAt@CDWordArray@@QAEXHH@Z|public: void __thiscall CDWordArray::RemoveAt(int, int)|nafxcw|array_d.obj|ambiguous|review|4
0x00601f1d|CPtrList::CPtrList|??0CPtrList@@QAE@H@Z|public: __thiscall CPtrList::CPtrList(int)|nafxcw|list_p.obj|unique-via-existing|high|3
0x00601f40|_GCAnimateCtrl|??_GCAnimateCtrl@@UAEPAXI@Z|public: virtual void * __thiscall CAnimateCtrl::`scalar deleting dtor'(unsigned int)|nafxcw|winctrl2.obj|ambiguous|review|191
0x00601f5c|CPtrList::RemoveAll|?RemoveAll@CPtrList@@QAEXXZ|public: void __thiscall CPtrList::RemoveAll(void)|nafxcw|list_p.obj|unique-via-existing|high|2
0x00601f7c|CPtrList::~CPtrList|??1CPtrList@@UAE@XZ|public: virtual __thiscall CPtrList::~CPtrList(void)|nafxcw|list_p.obj|unique-via-existing|high|19
0x00601faf|CPtrList::NewNode|?NewNode@CPtrList@@IAEPAUCNode@1@PAU21@0@Z|protected: struct CPtrList::CNode * __thiscall CPtrList::NewNode(struct CPtrList::CNode *, struct CPtrList::CNode *)|nafxcw|list_p.obj|unique-via-existing|high|2
0x00602004|CPtrList::FreeNode|?FreeNode@CPtrList@@IAEXPAUCNode@1@@Z|protected: void __thiscall CPtrList::FreeNode(struct CPtrList::CNode *)|nafxcw|list_p.obj|unique-via-existing|high|6
0x0060201d|CPtrList::AddHead|?AddHead@CPtrList@@QAEPAU__POSITION@@PAX@Z|public: struct __POSITION * __thiscall CPtrList::AddHead(void *)|nafxcw|list_p.obj|unique-via-existing|high|2
0x00602047|CPtrList::AddTail|?AddTail@CPtrList@@QAEPAU__POSITION@@PAX@Z|public: struct __POSITION * __thiscall CPtrList::AddTail(void *)|nafxcw|list_p.obj|unique-via-existing|high|2
0x006020b9|CPtrList::RemoveHead|?RemoveHead@CPtrList@@QAEPAXXZ|public: void * __thiscall CPtrList::RemoveHead(void)|nafxcw|list_p.obj|unique-via-existing|high|2
0x006020dd|CPtrList::RemoveTail|?RemoveTail@CPtrList@@QAEPAXXZ|public: void * __thiscall CPtrList::RemoveTail(void)|nafxcw|list_p.obj|unique-via-existing|high|2
0x00602101|CPtrList::InsertBefore|?InsertBefore@CPtrList@@QAEPAU__POSITION@@PAU2@PAX@Z|public: struct __POSITION * __thiscall CPtrList::InsertBefore(struct __POSITION *, void *)|nafxcw|list_p.obj|unique-via-existing|high|2
0x00602140|CPtrList::InsertAfter|?InsertAfter@CPtrList@@QAEPAU__POSITION@@PAU2@PAX@Z|public: struct __POSITION * __thiscall CPtrList::InsertAfter(struct __POSITION *, void *)|nafxcw|list_p.obj|unique-via-existing|high|2
0x0060217d|CPtrList::RemoveAt|?RemoveAt@CPtrList@@QAEXPAU__POSITION@@@Z|public: void __thiscall CPtrList::RemoveAt(struct __POSITION *)|nafxcw|list_p.obj|unique-via-existing|high|3
0x006021b4|CObList::FindIndex|?FindIndex@CObList@@QBEPAU__POSITION@@H@Z|public: struct __POSITION * __thiscall CObList::FindIndex(int) const|nafxcw|list_o.obj|ambiguous|review|3
0x006021d6|CPtrList::Find|?Find@CPtrList@@QBEPAU__POSITION@@PAXPAU2@@Z|public: struct __POSITION * __thiscall CPtrList::Find(void *, struct __POSITION *) const|nafxcw|list_p.obj|unique-via-existing|high|2
0x0060339a|CMapPtrToPtr::CMapPtrToPtr|??0CMapPtrToPtr@@QAE@H@Z|public: __thiscall CMapPtrToPtr::CMapPtrToPtr(int)|nafxcw|map_pp.obj|unique-via-existing|high|7
0x006033c1|_GCGdiObject|??_GCGdiObject@@UAEPAXI@Z|public: virtual void * __thiscall CGdiObject::`scalar deleting dtor'(unsigned int)|nafxcw|winmini.obj|duplicate-body|review|191
0x006033dd|CMapPtrToPtr::InitHashTable|?InitHashTable@CMapPtrToPtr@@QAEXIH@Z|public: void __thiscall CMapPtrToPtr::InitHashTable(unsigned int, int)|nafxcw|map_pp.obj|unique-via-existing|high|7
0x00603423|CMapPtrToPtr::RemoveAll|?RemoveAll@CMapPtrToPtr@@QAEXXZ|public: void __thiscall CMapPtrToPtr::RemoveAll(void)|nafxcw|map_pp.obj|unique-via-existing|high|4
0x0060344e|CMapPtrToPtr::~CMapPtrToPtr|??1CMapPtrToPtr@@UAE@XZ|public: virtual __thiscall CMapPtrToPtr::~CMapPtrToPtr(void)|nafxcw|map_pp.obj|unique-via-existing|high|19
0x00603481|CMapPtrToPtr::NewAssoc|?NewAssoc@CMapPtrToPtr@@IAEPAUCAssoc@1@XZ|protected: struct CMapPtrToPtr::CAssoc * __thiscall CMapPtrToPtr::NewAssoc(void)|nafxcw|map_pp.obj|unique|high|1
0x006034cb|CMapPtrToPtr::FreeAssoc|?FreeAssoc@CMapPtrToPtr@@IAEXPAUCAssoc@1@@Z|protected: void __thiscall CMapPtrToPtr::FreeAssoc(struct CMapPtrToPtr::CAssoc *)|nafxcw|map_pp.obj|ambiguous|review|6
0x006034e4|CMapPtrToPtr::GetAssocAt|?GetAssocAt@CMapPtrToPtr@@IBEPAUCAssoc@1@PAXAAI@Z|protected: struct CMapPtrToPtr::CAssoc * __thiscall CMapPtrToPtr::GetAssocAt(void *, unsigned int &) const|nafxcw|map_pp.obj|unique-via-existing|high|2
0x00603516|CMapPtrToPtr::GetValueAt|?GetValueAt@CMapPtrToPtr@@QBEPAXPAX@Z|public: void * __thiscall CMapPtrToPtr::GetValueAt(void *) const|nafxcw|map_pp.obj|unique|high|1
0x00603549|CMapPtrToPtr::Lookup|?Lookup@CMapPtrToPtr@@QBEHPAXAAPAX@Z|public: int __thiscall CMapPtrToPtr::Lookup(void *, void *&) const|nafxcw|map_pp.obj|unique-via-existing|high|6
0x0060356b|CMapPtrToPtr::operator[]|??ACMapPtrToPtr@@QAEAAPAXPAX@Z|public: void *& __thiscall CMapPtrToPtr::operator[](void *)|nafxcw|map_pp.obj|unique-via-existing|high|2
0x006035bb|CMapPtrToPtr::RemoveKey|?RemoveKey@CMapPtrToPtr@@QAEHPAX@Z|public: int __thiscall CMapPtrToPtr::RemoveKey(void *)|nafxcw|map_pp.obj|unique-via-existing|high|2
0x006035fd|CMapPtrToPtr::GetNextAssoc|?GetNextAssoc@CMapPtrToPtr@@QBEXAAPAU__POSITION@@AAPAX1@Z|public: void __thiscall CMapPtrToPtr::GetNextAssoc(struct __POSITION *&, void *&, void *&) const|nafxcw|map_pp.obj|unique|high|1
0x0060366f|CMapStringToPtr::CMapStringToPtr|??0CMapStringToPtr@@QAE@H@Z|public: __thiscall CMapStringToPtr::CMapStringToPtr(int)|nafxcw|map_sp.obj|unique-via-existing|high|7
0x00603696|_GCGdiObject|??_GCGdiObject@@UAEPAXI@Z|public: virtual void * __thiscall CGdiObject::`scalar deleting dtor'(unsigned int)|nafxcw|winmini.obj|duplicate-body|review|191
0x006036b2|CMapStringToOb::InitHashTable|?InitHashTable@CMapStringToOb@@QAEXIH@Z|public: void __thiscall CMapStringToOb::InitHashTable(unsigned int, int)|nafxcw|map_so.obj|unique-via-existing|high|7
0x006036f8|CMapStringToOb::RemoveAll|?RemoveAll@CMapStringToOb@@QAEXXZ|public: void __thiscall CMapStringToOb::RemoveAll(void)|nafxcw|map_so.obj|unique-via-existing|high|2
0x0060374a|CMapStringToPtr::~CMapStringToPtr|??1CMapStringToPtr@@UAE@XZ|public: virtual __thiscall CMapStringToPtr::~CMapStringToPtr(void)|nafxcw|map_sp.obj|unique-via-existing|high|19
0x0060377d|CMapStringToOb::NewAssoc|?NewAssoc@CMapStringToOb@@IAEPAUCAssoc@1@XZ|protected: struct CMapStringToOb::CAssoc * __thiscall CMapStringToOb::NewAssoc(void)|nafxcw|map_so.obj|unique-via-existing|high|2
0x006037dd|CMapStringToOb::FreeAssoc|?FreeAssoc@CMapStringToOb@@IAEXPAUCAssoc@1@@Z|protected: void __thiscall CMapStringToOb::FreeAssoc(struct CMapStringToOb::CAssoc *)|nafxcw|map_so.obj|unique-via-existing|high|3
0x00603806|CMapStringToOb::GetAssocAt|?GetAssocAt@CMapStringToOb@@IBEPAUCAssoc@1@PBDAAI@Z|protected: struct CMapStringToOb::CAssoc * __thiscall CMapStringToOb::GetAssocAt(char const *, unsigned int &) const|nafxcw|map_so.obj|unique-via-existing|high|3
0x00603860|CMapStringToPtr::Lookup|?Lookup@CMapStringToPtr@@QBEHPBDAAPAX@Z|public: int __thiscall CMapStringToPtr::Lookup(char const *, void *&) const|nafxcw|map_sp.obj|unique-via-existing|high|2
0x00603882|CMapStringToPtr::LookupKey|?LookupKey@CMapStringToPtr@@QBEHPBDAAPBD@Z|public: int __thiscall CMapStringToPtr::LookupKey(char const *, char const *&) const|nafxcw|map_sp.obj|unique-via-existing|high|6
0x006038a4|CMapStringToPtr::operator[]|??ACMapStringToPtr@@QAEAAPAXPBD@Z|public: void *& __thiscall CMapStringToPtr::operator[](char const *)|nafxcw|map_sp.obj|unique-via-existing|high|3
0x00603906|CMapStringToOb::RemoveKey|?RemoveKey@CMapStringToOb@@QAEHPBD@Z|public: int __thiscall CMapStringToOb::RemoveKey(char const *)|nafxcw|map_so.obj|unique-via-existing|high|3
0x0060396e|CMapStringToOb::GetNextAssoc|?GetNextAssoc@CMapStringToOb@@QBEXAAPAU__POSITION@@AAVCString@@AAPAVCObject@@@Z|public: void __thiscall CMapStringToOb::GetNextAssoc(struct __POSITION *&, class CString &, class CObject *&) const|nafxcw|map_so.obj|ambiguous|review|2
0x00604b68|AfxDlgProc|?AfxDlgProc@@YGHPAUHWND__@@IIJ@Z|int __stdcall AfxDlgProc(struct HWND__*, unsigned int, unsigned int, long)|nafxcw|dlgcore.obj|unique|high|1
0x00604c41|CDialog::OnCmdMsg|?OnCmdMsg@CDialog@@UAEHIHPAXPAUAFX_CMDHANDLERINFO@@@Z|public: virtual int __thiscall CDialog::OnCmdMsg(unsigned int, int, void *, struct AFX_CMDHANDLERINFO *)|nafxcw|dlgcore.obj|ambiguous|review|2
0x00604cc6|CDialog::CDialog|??0CDialog@@QAE@XZ|public: __thiscall CDialog::CDialog(void)|nafxcw|dlgcore.obj|unique|high|1
0x00604ce8|_GCAnimateCtrl|??_GCAnimateCtrl@@UAEPAXI@Z|public: virtual void * __thiscall CAnimateCtrl::`scalar deleting dtor'(unsigned int)|nafxcw|winctrl2.obj|ambiguous|review|191
0x00604d04|CDialog::~CDialog|??1CDialog@@UAE@XZ|public: virtual __thiscall CDialog::~CDialog(void)|nafxcw|dlgcore.obj|unique-via-existing|high|2
0x00604d42|CDialog::Create|?Create@CDialog@@QAEHPBDPAVCWnd@@@Z|public: int __thiscall CDialog::Create(char const *, class CWnd *)|nafxcw|dlgcore.obj|unique|high|1
0x00604da4|CDialog::CreateIndirect|?CreateIndirect@CDialog@@IAEHPAXPAVCWnd@@PAUHINSTANCE__@@@Z|protected: int __thiscall CDialog::CreateIndirect(void *, class CWnd *, struct HINSTANCE__*)|nafxcw|dlgcore.obj|unique|high|1
0x00604ddd|CDialog::CreateIndirect|?CreateIndirect@CDialog@@IAEHPBUDLGTEMPLATE@@PAVCWnd@@PAXPAUHINSTANCE__@@@Z|protected: int __thiscall CDialog::CreateIndirect(struct DLGTEMPLATE const *, class CWnd *, void *, struct HINSTANCE__*)|nafxcw|dlgcore.obj|unique|high|1
0x00604e08|CWnd::CreateDlg|?CreateDlg@CWnd@@IAEHPBDPAV1@@Z|protected: int __thiscall CWnd::CreateDlg(char const *, class CWnd *)|nafxcw|dlgcore.obj|unique|high|1
0x00604e4c|CWnd::CreateDlgIndirect|?CreateDlgIndirect@CWnd@@IAEHPBUDLGTEMPLATE@@PAV1@@Z|protected: int __thiscall CWnd::CreateDlgIndirect(struct DLGTEMPLATE const *, class CWnd *)|nafxcw|dlgcore.obj|unique-via-existing|high|2
0x0060507c|COleUILinkInfo::AddRef|?AddRef@COleUILinkInfo@@UAGKXZ|public: virtual unsigned long __stdcall COleUILinkInfo::AddRef(void)|nafxcw|oledlgs1.obj|ambiguous|review|27
0x0060508e|CDialog::CDialog|??0CDialog@@QAE@PBDPAVCWnd@@@Z|public: __thiscall CDialog::CDialog(char const *, class CWnd *)|nafxcw|dlgcore.obj|unique|high|1
0x006050d0|CDialog::CDialog|??0CDialog@@QAE@IPAVCWnd@@@Z|public: __thiscall CDialog::CDialog(unsigned int, class CWnd *)|nafxcw|dlgcore.obj|unique|high|1
0x00605144|CDialog::PreModal|?PreModal@CDialog@@IAEPAUHWND__@@XZ|protected: struct HWND__* __thiscall CDialog::PreModal(void)|nafxcw|dlgcore.obj|unique|high|1
0x0060517b|CDialog::PostModal|?PostModal@CDialog@@IAEXXZ|protected: void __thiscall CDialog::PostModal(void)|nafxcw|dlgcore.obj|unique|high|1
0x0060531e|CDialog::EndDialog|?EndDialog@CDialog@@QAEXH@Z|public: void __thiscall CDialog::EndDialog(int)|nafxcw|dlgcore.obj|unique|high|1
0x00605366|CDialog::HandleInitDialog|?HandleInitDialog@CDialog@@IAEJIJ@Z|protected: long __thiscall CDialog::HandleInitDialog(unsigned int, long)|nafxcw|dlgcore.obj|unique|high|1
0x006053ee|AfxHelpEnabled|?AfxHelpEnabled@@YGHXZ|int __stdcall AfxHelpEnabled(void)|nafxcw|dlgcore.obj|unique|high|1
0x00605445|CDialog::OnInitDialog|?OnInitDialog@CDialog@@UAEHXZ|public: virtual int __thiscall CDialog::OnInitDialog(void)|nafxcw|dlgcore.obj|unique|high|1
0x006054aa|CDialog::OnOK|?OnOK@CDialog@@MAEXXZ|protected: virtual void __thiscall CDialog::OnOK(void)|nafxcw|dlgcore.obj|unique|high|1
0x006054c3|CDialog::OnCancel|?OnCancel@CDialog@@MAEXXZ|protected: virtual void __thiscall CDialog::OnCancel(void)|nafxcw|dlgcore.obj|ambiguous|review|2
0x006054cb|CDialog::CheckAutoCenter|?CheckAutoCenter@CDialog@@UAEHXZ|public: virtual int __thiscall CDialog::CheckAutoCenter(void)|nafxcw|dlgcore.obj|unique|high|1
0x006055ae|CWinApp::Run|?Run@CWinApp@@UAEHXZ|public: virtual int __thiscall CWinApp::Run(void)|nafxcw|appcore.obj|unique|high|1
0x006055d0|CWinApp::WinHelpA|?WinHelpA@CWinApp@@UAEXKI@Z|public: virtual void __thiscall CWinApp::WinHelpA(unsigned long, unsigned int)|nafxcw|appcore.obj|unique|high|1
0x0060567e|CWinApp::OnIdle|?OnIdle@CWinApp@@UAEHJ@Z|public: virtual int __thiscall CWinApp::OnIdle(long)|nafxcw|appcore.obj|unique|high|1
0x006056e4|CWinApp::DevModeChange|?DevModeChange@CWinApp@@QAEXPAD@Z|public: void __thiscall CWinApp::DevModeChange(char *)|nafxcw|appcore.obj|unique|high|1
0x00605791|AfxGetAfxWndProc|?AfxGetAfxWndProc@@YGP6GJPAUHWND__@@IIJ@ZXZ|long (__stdcall * __stdcall AfxGetAfxWndProc(void))(struct HWND__*, unsigned int, unsigned int, long)|nafxcw|wincore.obj|ambiguous|review|239
0x00605797|CString::CString|??0CString@@QAE@XZ|public: __thiscall CString::CString(void)|nafxcw|strcore.obj|unique|high|1
0x006057a7|CString::CString|??0CString@@QAE@ABV0@@Z|public: __thiscall CString::CString(class CString const &)|nafxcw|strcore.obj|unique|high|1
0x006057de|CString::AllocBuffer|?AllocBuffer@CString@@IAEXH@Z|protected: void __thiscall CString::AllocBuffer(int)|nafxcw|strcore.obj|unique|high|1
0x00605818|CString::Release|?Release@CString@@IAEXXZ|protected: void __thiscall CString::Release(void)|nafxcw|strcore.obj|unique|high|1
0x0060584a|CString::Release|?Release@CString@@KGXPAUCStringData@@@Z|protected: static void __stdcall CString::Release(struct CStringData *)|nafxcw|strcore.obj|unique|high|1
0x0060586d|CString::Empty|?Empty@CString@@QAEXXZ|public: void __thiscall CString::Empty(void)|nafxcw|strcore.obj|unique|high|1
0x0060588b|CString::CopyBeforeWrite|?CopyBeforeWrite@CString@@IAEXXZ|protected: void __thiscall CString::CopyBeforeWrite(void)|nafxcw|strcore.obj|unique|high|1
0x006058b9|CString::AllocBeforeWrite|?AllocBeforeWrite@CString@@IAEXH@Z|protected: void __thiscall CString::AllocBeforeWrite(int)|nafxcw|strcore.obj|unique|high|1
0x006058e2|CString::~CString|??1CString@@QAE@XZ|public: __thiscall CString::~CString(void)|nafxcw|strcore.obj|unique|high|1
0x0060590b|CString::AllocCopy|?AllocCopy@CString@@IBEXAAV1@HHH@Z|protected: void __thiscall CString::AllocCopy(class CString &, int, int, int) const|nafxcw|strcore.obj|unique|high|1
0x00605950|CString::CString|??0CString@@QAE@PBD@Z|public: __thiscall CString::CString(char const *)|nafxcw|strcore.obj|unique|high|1
0x006059ae|CString::CString|??0CString@@QAE@PBG@Z|public: __thiscall CString::CString(unsigned short const *)|nafxcw|strcore.obj|unique|high|1
0x006059fc|CString::AssignCopy|?AssignCopy@CString@@IAEXHPBD@Z|protected: void __thiscall CString::AssignCopy(int, char const *)|nafxcw|strcore.obj|unique|high|1
0x00605a29|CString::operator=|??4CString@@QAEABV0@ABV0@@Z|public: class CString const & __thiscall CString::operator=(class CString const &)|nafxcw|strcore.obj|unique|high|1
0x00605a78|CString::operator=|??4CString@@QAEABV0@PBD@Z|public: class CString const & __thiscall CString::operator=(char const *)|nafxcw|strcore.obj|unique-via-existing|high|2
0x00605a9f|CString::operator=|??4CString@@QAEABV0@PBG@Z|public: class CString const & __thiscall CString::operator=(unsigned short const *)|nafxcw|strcore.obj|unique|high|1
0x00605ae0|CString::ConcatCopy|?ConcatCopy@CString@@IAEXHPBDH0@Z|protected: void __thiscall CString::ConcatCopy(int, char const *, int, char const *)|nafxcw|strcore.obj|unique|high|1
0x00605b21|operator+|??H@YG?AVCString@@ABV0@0@Z|class CString __stdcall operator+(class CString const &, class CString const &)|nafxcw|strcore.obj|unique|high|1
0x00605b87|operator+|??H@YG?AVCString@@ABV0@PBD@Z|class CString __stdcall operator+(class CString const &, char const *)|nafxcw|strcore.obj|unique|high|1
0x00605bfb|operator+|??H@YG?AVCString@@PBDABV0@@Z|class CString __stdcall operator+(char const *, class CString const &)|nafxcw|strcore.obj|unique|high|1
0x00605c6f|CString::ConcatInPlace|?ConcatInPlace@CString@@IAEXHPBD@Z|protected: void __thiscall CString::ConcatInPlace(int, char const *)|nafxcw|strcore.obj|unique|high|1
0x00605cce|CString::operator+=|??YCString@@QAEABV0@PBD@Z|public: class CString const & __thiscall CString::operator+=(char const *)|nafxcw|strcore.obj|unique-via-existing|high|2
0x00605cf5|CString::operator+=|??YCString@@QAEABV0@D@Z|public: class CString const & __thiscall CString::operator+=(char)|nafxcw|strcore.obj|unique-via-existing|high|2
0x00605d0a|CString::operator+=|??YCString@@QAEABV0@ABV0@@Z|public: class CString const & __thiscall CString::operator+=(class CString const &)|nafxcw|strcore.obj|unique|high|1
0x00605d22|CString::GetBuffer|?GetBuffer@CString@@QAEPADH@Z|public: char * __thiscall CString::GetBuffer(int)|nafxcw|strcore.obj|unique|high|1
0x00605d71|CString::ReleaseBuffer|?ReleaseBuffer@CString@@QAEXH@Z|public: void __thiscall CString::ReleaseBuffer(int)|nafxcw|strcore.obj|unique|high|1
0x00605d99|CString::GetBufferSetLength|?GetBufferSetLength@CString@@QAEPADH@Z|public: char * __thiscall CString::GetBufferSetLength(int)|nafxcw|strcore.obj|unique|high|1
0x00605dec|CString::LockBuffer|?LockBuffer@CString@@QAEPADXZ|public: char * __thiscall CString::LockBuffer(void)|nafxcw|strcore.obj|unique|high|1
0x00605e12|CString::Find|?Find@CString@@QBEHD@Z|public: int __thiscall CString::Find(char) const|nafxcw|strcore.obj|unique-via-existing|high|2
0x00605e33|CString::FindOneOf|?FindOneOf@CString@@QBEHPBD@Z|public: int __thiscall CString::FindOneOf(char const *) const|nafxcw|strcore.obj|duplicate-body|review|2
0x00605e52|CString::MakeUpper|?MakeUpper@CString@@QAEXXZ|public: void __thiscall CString::MakeUpper(void)|nafxcw|strcore.obj|unique-via-existing|high|3
0x00605e64|CString::MakeReverse|?MakeReverse@CString@@QAEXXZ|public: void __thiscall CString::MakeReverse(void)|nafxcw|strcore.obj|duplicate-body|review|3
0x00605e76|CString::MakeReverse|?MakeReverse@CString@@QAEXXZ|public: void __thiscall CString::MakeReverse(void)|nafxcw|strcore.obj|duplicate-body|review|3
0x00605e88|CString::SetAt|?SetAt@CString@@QAEXHD@Z|public: void __thiscall CString::SetAt(int, char)|nafxcw|strcore.obj|unique|high|1
0x00605ea1|CString::OemToCharA|?OemToCharA@CString@@QAEXXZ|public: void __thiscall CString::OemToCharA(void)|nafxcw|strcore.obj|duplicate-body|review|2
0x00605eb5|CString::OemToCharA|?OemToCharA@CString@@QAEXXZ|public: void __thiscall CString::OemToCharA(void)|nafxcw|strcore.obj|duplicate-body|review|2
0x00605ec9|_wcstombsz|?_wcstombsz@@YAHPADPBGI@Z|int __cdecl _wcstombsz(char *, unsigned short const *, unsigned int)|nafxcw|strcore.obj|unique|high|1
0x00605eff|_mbstowcsz|?_mbstowcsz@@YAHPAGPBDI@Z|int __cdecl _mbstowcsz(unsigned short *, char const *, unsigned int)|nafxcw|strcore.obj|unique|high|1
0x00605f34|AfxA2WHelper|?AfxA2WHelper@@YGPAGPAGPBDH@Z|unsigned short * __stdcall AfxA2WHelper(unsigned short *, char const *, int)|nafxcw|strcore.obj|unique|high|1
0x006060bc|AfxGetThread|?AfxGetThread@@YGPAVCWinThread@@XZ|class CWinThread * __stdcall AfxGetThread(void)|nafxcw|thrdcore.obj|unique|high|1
0x00606155|AfxBeginThread|?AfxBeginThread@@YGPAVCWinThread@@PAUCRuntimeClass@@HIKPAU_SECURITY_ATTRIBUTES@@@Z|class CWinThread * __stdcall AfxBeginThread(struct CRuntimeClass *, int, unsigned int, unsigned long, struct _SECURITY_ATTRIBUTES *)|nafxcw|thrdcore.obj|unique|high|1
0x006061b7|AfxEndThread|?AfxEndThread@@YGXIH@Z|void __stdcall AfxEndThread(unsigned int, int)|nafxcw|thrdcore.obj|unique|high|1
0x006061ff|AfxInitThread|?AfxInitThread@@YGXXZ|void __stdcall AfxInitThread(void)|nafxcw|thrdcore.obj|unique|high|1
0x0060625e|AfxTermThread|?AfxTermThread@@YGXPAUHINSTANCE__@@@Z|void __stdcall AfxTermThread(struct HINSTANCE__*)|nafxcw|thrdcore.obj|unique|high|1
0x006062c2|CWinThread::CreateThread|?CreateThread@CWinThread@@QAEHKIPAU_SECURITY_ATTRIBUTES@@@Z|public: int __thiscall CWinThread::CreateThread(unsigned long, unsigned int, struct _SECURITY_ATTRIBUTES *)|nafxcw|thrdcore.obj|unique|high|1
0x006063b8|CWinThread::Delete|?Delete@CWinThread@@UAEXXZ|public: virtual void __thiscall CWinThread::Delete(void)|nafxcw|thrdcore.obj|unique|high|1
0x006063cd|CWinThread::Run|?Run@CWinThread@@UAEHXZ|public: virtual int __thiscall CWinThread::Run(void)|nafxcw|thrdcore.obj|unique|high|1
0x00606451|CWinThread::IsIdleMessage|?IsIdleMessage@CWinThread@@UAEHPAUtagMSG@@@Z|public: virtual int __thiscall CWinThread::IsIdleMessage(struct tagMSG *)|nafxcw|thrdcore.obj|unique|high|1
0x006064b0|CWinThread::OnIdle|?OnIdle@CWinThread@@UAEHJ@Z|public: virtual int __thiscall CWinThread::OnIdle(long)|nafxcw|thrdcore.obj|unique|high|1
0x006065c7|CWinThread::DispatchThreadMessageEx|?DispatchThreadMessageEx@CWinThread@@IAEHPAUtagMSG@@@Z|protected: int __thiscall CWinThread::DispatchThreadMessageEx(struct tagMSG *)|nafxcw|thrdcore.obj|unique|high|1
0x00606640|CWinThread::PreTranslateMessage|?PreTranslateMessage@CWinThread@@UAEHPAUtagMSG@@@Z|public: virtual int __thiscall CWinThread::PreTranslateMessage(struct tagMSG *)|nafxcw|thrdcore.obj|unique|high|1
0x00606725|CWinThread::ProcessWndProcException|?ProcessWndProcException@CWinThread@@UAEJPAVCException@@PBUtagMSG@@@Z|public: virtual long __thiscall CWinThread::ProcessWndProcException(class CException *, struct tagMSG const *)|nafxcw|thrdcore.obj|unique|high|1
0x0060674a|_AfxMsgFilterHook|?_AfxMsgFilterHook@@YGJHIJ@Z|long __stdcall _AfxMsgFilterHook(int, unsigned int, long)|nafxcw|thrdcore.obj|unique|high|1
0x006067a2|CWinThread::ProcessMessageFilter|?ProcessMessageFilter@CWinThread@@UAEHHPAUtagMSG@@@Z|public: virtual int __thiscall CWinThread::ProcessMessageFilter(int, struct tagMSG *)|nafxcw|thrdcore.obj|unique|high|1
0x00606934|CWinThread::GetMainWnd|?GetMainWnd@CWinThread@@UAEPAVCWnd@@XZ|public: virtual class CWnd * __thiscall CWinThread::GetMainWnd(void)|nafxcw|thrdcore.obj|unique|high|1
0x0060694f|CWinThread::PumpMessage|?PumpMessage@CWinThread@@UAEHXZ|public: virtual int __thiscall CWinThread::PumpMessage(void)|nafxcw|thrdcore.obj|unique|high|1
0x0060698f|CCmdTarget::CCmdTarget|??0CCmdTarget@@QAE@XZ|public: __thiscall CCmdTarget::CCmdTarget(void)|nafxcw|cmdtarg.obj|unique|high|1
0x006069af|_GCCmdTarget|??_GCCmdTarget@@UAEPAXI@Z|public: virtual void * __thiscall CCmdTarget::`scalar deleting dtor'(unsigned int)|nafxcw|cmdtarg.obj|unique-via-existing|high|191
0x006069cb|CCmdTarget::~CCmdTarget|??1CCmdTarget@@UAE@XZ|public: virtual __thiscall CCmdTarget::~CCmdTarget(void)|nafxcw|cmdtarg.obj|unique|high|1
0x00606a07|CCmdTarget::OnCmdMsg|?OnCmdMsg@CCmdTarget@@UAEHIHPAXPAUAFX_CMDHANDLERINFO@@@Z|public: virtual int __thiscall CCmdTarget::OnCmdMsg(unsigned int, int, void *, struct AFX_CMDHANDLERINFO *)|nafxcw|cmdtarg.obj|unique|high|1
0x00606c4e|CArchiveStream::AddRef|?AddRef@CArchiveStream@@UAGKXZ|public: virtual unsigned long __stdcall CArchiveStream::AddRef(void)|nafxcw|arcstrm.obj|ambiguous|review|8
0x00606c54|COleUILinkInfo::AddRef|?AddRef@COleUILinkInfo@@UAGKXZ|public: virtual unsigned long __stdcall COleUILinkInfo::AddRef(void)|nafxcw|oledlgs1.obj|ambiguous|review|27
0x00606c59|COleDocument::GetContainer|?GetContainer@COleDocument@@UAEPAUIOleItemContainer@@XZ|public: virtual struct IOleItemContainer * __thiscall COleDocument::GetContainer(void)|nafxcw|oledoc1.obj|ambiguous|review|21
0x00606c5c|COleDocument::GetContainer|?GetContainer@COleDocument@@UAEPAUIOleItemContainer@@XZ|public: virtual struct IOleItemContainer * __thiscall COleDocument::GetContainer(void)|nafxcw|oledoc1.obj|ambiguous|review|21
0x00606c5f|CCmdTarget::GetTypeLib|?GetTypeLib@CCmdTarget@@UAEJKPAPAUITypeLib@@@Z|public: virtual long __thiscall CCmdTarget::GetTypeLib(unsigned long, struct ITypeLib **)|nafxcw|cmdtarg.obj|unique|high|1
0x00606c67|CCmdTarget::BeginWaitCursor|?BeginWaitCursor@CCmdTarget@@QAEXXZ|public: void __thiscall CCmdTarget::BeginWaitCursor(void)|nafxcw|cmdtarg.obj|unique|high|1
0x00606c7c|CCmdTarget::EndWaitCursor|?EndWaitCursor@CCmdTarget@@QAEXXZ|public: void __thiscall CCmdTarget::EndWaitCursor(void)|nafxcw|cmdtarg.obj|unique|high|1
0x00606c91|CCmdTarget::RestoreWaitCursor|?RestoreWaitCursor@CCmdTarget@@QAEXXZ|public: void __thiscall CCmdTarget::RestoreWaitCursor(void)|nafxcw|cmdtarg.obj|unique|high|1
0x00606ca6|AfxGetAfxWndProc|?AfxGetAfxWndProc@@YGP6GJPAUHWND__@@IIJ@ZXZ|long (__stdcall * __stdcall AfxGetAfxWndProc(void))(struct HWND__*, unsigned int, unsigned int, long)|nafxcw|wincore.obj|ambiguous|review|239
0x00606cac|AfxGetAfxWndProc|?AfxGetAfxWndProc@@YGP6GJPAUHWND__@@IIJ@ZXZ|long (__stdcall * __stdcall AfxGetAfxWndProc(void))(struct HWND__*, unsigned int, unsigned int, long)|nafxcw|wincore.obj|ambiguous|review|239
0x00606cb2|AfxGetAfxWndProc|?AfxGetAfxWndProc@@YGP6GJPAUHWND__@@IIJ@ZXZ|long (__stdcall * __stdcall AfxGetAfxWndProc(void))(struct HWND__*, unsigned int, unsigned int, long)|nafxcw|wincore.obj|ambiguous|review|239
0x00606cb8|AfxGetAfxWndProc|?AfxGetAfxWndProc@@YGP6GJPAUHWND__@@IIJ@ZXZ|long (__stdcall * __stdcall AfxGetAfxWndProc(void))(struct HWND__*, unsigned int, unsigned int, long)|nafxcw|wincore.obj|ambiguous|review|239
0x00606cbe|CCmdTarget::OnFinalRelease|?OnFinalRelease@CCmdTarget@@UAEXXZ|public: virtual void __thiscall CCmdTarget::OnFinalRelease(void)|nafxcw|cmdtarg.obj|unique|high|1
0x00606cf0|CWnd::CheckAutoCenter|?CheckAutoCenter@CWnd@@UAEHXZ|public: virtual int __thiscall CWnd::CheckAutoCenter(void)|nafxcw|wincore.obj|ambiguous|review|11
0x00606cf4|COleUILinkInfo::AddRef|?AddRef@COleUILinkInfo@@UAGKXZ|public: virtual unsigned long __stdcall COleUILinkInfo::AddRef(void)|nafxcw|oledlgs1.obj|ambiguous|review|27
0x00606cf9|AfxGetAfxWndProc|?AfxGetAfxWndProc@@YGP6GJPAUHWND__@@IIJ@ZXZ|long (__stdcall * __stdcall AfxGetAfxWndProc(void))(struct HWND__*, unsigned int, unsigned int, long)|nafxcw|wincore.obj|ambiguous|review|239
0x00606cff|COleUILinkInfo::AddRef|?AddRef@COleUILinkInfo@@UAGKXZ|public: virtual unsigned long __stdcall COleUILinkInfo::AddRef(void)|nafxcw|oledlgs1.obj|ambiguous|review|27
0x00606d04|COleUILinkInfo::AddRef|?AddRef@COleUILinkInfo@@UAGKXZ|public: virtual unsigned long __stdcall COleUILinkInfo::AddRef(void)|nafxcw|oledlgs1.obj|ambiguous|review|27
0x00606d09|AfxGetAfxWndProc|?AfxGetAfxWndProc@@YGP6GJPAUHWND__@@IIJ@ZXZ|long (__stdcall * __stdcall AfxGetAfxWndProc(void))(struct HWND__*, unsigned int, unsigned int, long)|nafxcw|wincore.obj|ambiguous|review|239
0x00606d1b|CCmdTarget::GetRoutingFrame|?GetRoutingFrame@CCmdTarget@@IAEPAVCFrameWnd@@XZ|protected: class CFrameWnd * __thiscall CCmdTarget::GetRoutingFrame(void)|nafxcw|cmdtarg.obj|unique|high|1
0x00606d27|CCmdUI::CCmdUI|??0CCmdUI@@QAE@XZ|public: __thiscall CCmdUI::CCmdUI(void)|nafxcw|cmdtarg.obj|unique|high|1
0x00606d4d|CCmdUI::Enable|?Enable@CCmdUI@@UAEXH@Z|public: virtual void __thiscall CCmdUI::Enable(int)|nafxcw|cmdtarg.obj|unique|high|1
0x00606ddd|CCmdUI::SetCheck|?SetCheck@CCmdUI@@UAEXH@Z|public: virtual void __thiscall CCmdUI::SetCheck(int)|nafxcw|cmdtarg.obj|unique|high|1
0x00606e3f|CCmdUI::SetRadio|?SetRadio@CCmdUI@@UAEXH@Z|public: virtual void __thiscall CCmdUI::SetRadio(int)|nafxcw|cmdtarg.obj|unique|high|1
0x00606e91|CCmdUI::SetText|?SetText@CCmdUI@@UAEXPBD@Z|public: virtual void __thiscall CCmdUI::SetText(char const *)|nafxcw|cmdtarg.obj|unique|high|1
0x00606ee7|CCmdUI::DoUpdate|?DoUpdate@CCmdUI@@QAEHPAVCCmdTarget@@H@Z|public: int __thiscall CCmdUI::DoUpdate(class CCmdTarget *, int)|nafxcw|cmdtarg.obj|unique|high|1
0x00606f4e|AfxNewHandler|?AfxNewHandler@@YAHI@Z|int __cdecl AfxNewHandler(unsigned int)|nafxcw|afxmem.obj|ambiguous|review|7
0x00606f5f|AfxSetNewHandler|?AfxSetNewHandler@@YGP6AHI@ZP6AHI@Z@Z|int (__cdecl * __stdcall AfxSetNewHandler(int (__cdecl *)(unsigned int)))(unsigned int)|nafxcw|afxmem.obj|unique|high|1
0x00606f73|operator new|??2@YAPAXI@Z|void * __cdecl operator new(unsigned int)|libcmt|afxmem.obj|unique|high|1
0x00606faf|operator delete|??3@YAXPAX@Z|void __cdecl operator delete(void *)|libcmt|afxmem.obj|unique|high|1
0x00606fba|AfxGetAfxWndProc|?AfxGetAfxWndProc@@YGP6GJPAUHWND__@@IIJ@ZXZ|long (__stdcall * __stdcall AfxGetAfxWndProc(void))(struct HWND__*, unsigned int, unsigned int, long)|nafxcw|wincore.obj|ambiguous|review|239
0x00606fc0|CObject::IsKindOf|?IsKindOf@CObject@@QBEHPBUCRuntimeClass@@@Z|public: int __thiscall CObject::IsKindOf(struct CRuntimeClass const *) const|nafxcw|objcore.obj|unique|high|1
0x00606fd2|AfxDynamicDownCast|?AfxDynamicDownCast@@YAPAVCObject@@PAUCRuntimeClass@@PAV1@@Z|class CObject * __cdecl AfxDynamicDownCast(struct CRuntimeClass *, class CObject *)|nafxcw|objcore.obj|unique|high|1
0x0060704b|AFX_CLASSINIT::AFX_CLASSINIT|??0AFX_CLASSINIT@@QAE@PAUCRuntimeClass@@@Z|public: __thiscall AFX_CLASSINIT::AFX_CLASSINIT(struct CRuntimeClass *)|nafxcw|objcore.obj|unique|high|1
0x00607077|CRuntimeClass::IsDerivedFrom|?IsDerivedFrom@CRuntimeClass@@QBEHPBU1@@Z|public: int __thiscall CRuntimeClass::IsDerivedFrom(struct CRuntimeClass const *) const|nafxcw|objcore.obj|unique|high|1
0x00607090|CWnd::OnAmbientProperty|?OnAmbientProperty@CWnd@@UAEHPAVCOleControlSite@@JPAUtagVARIANT@@@Z|public: virtual int __thiscall CWnd::OnAmbientProperty(class COleControlSite *, long, struct tagVARIANT *)|nafxcw|winocc.obj|unique|high|1
0x006070df|CWnd::CheckRadioButton|?CheckRadioButton@CWnd@@QAEXHHH@Z|public: void __thiscall CWnd::CheckRadioButton(int, int, int)|nafxcw|winocc.obj|unique|high|1
0x00607111|CWnd::GetDlgItem|?GetDlgItem@CWnd@@QBEPAV1@H@Z|public: class CWnd * __thiscall CWnd::GetDlgItem(int) const|nafxcw|winocc.obj|unique|high|1
0x0060713b|CWnd::GetDlgItem|?GetDlgItem@CWnd@@QBEXHPAPAUHWND__@@@Z|public: void __thiscall CWnd::GetDlgItem(int, struct HWND__**) const|nafxcw|winocc.obj|unique|high|1
0x00607169|CWnd::GetDlgItemInt|?GetDlgItemInt@CWnd@@QBEIHPAHH@Z|public: unsigned int __thiscall CWnd::GetDlgItemInt(int, int *, int) const|nafxcw|winocc.obj|unique|high|1
0x0060719b|CWnd::GetDlgItemTextA|?GetDlgItemTextA@CWnd@@QBEHHPADH@Z|public: int __thiscall CWnd::GetDlgItemTextA(int, char *, int) const|nafxcw|winocc.obj|unique|high|1
0x006071d0|CWnd::SendDlgItemMessageA|?SendDlgItemMessageA@CWnd@@QAEJHIIJ@Z|public: long __thiscall CWnd::SendDlgItemMessageA(int, unsigned int, unsigned int, long)|nafxcw|winocc.obj|unique|high|1
0x0060720b|CWnd::SetDlgItemInt|?SetDlgItemInt@CWnd@@QAEXHIH@Z|public: void __thiscall CWnd::SetDlgItemInt(int, unsigned int, int)|nafxcw|winocc.obj|unique|high|1
0x0060726f|CWnd::IsDlgButtonChecked|?IsDlgButtonChecked@CWnd@@QBEIH@Z|public: unsigned int __thiscall CWnd::IsDlgButtonChecked(int) const|nafxcw|winocc.obj|unique|high|1
0x00607296|CWnd::ScrollWindowEx|?ScrollWindowEx@CWnd@@QAEHHHPBUtagRECT@@0PAVCRgn@@PAU2@I@Z|public: int __thiscall CWnd::ScrollWindowEx(int, int, struct tagRECT const *, struct tagRECT const *, class CRgn *, struct tagRECT *, unsigned int)|nafxcw|winocc.obj|unique|high|1
0x006072e5|CWnd::IsDialogMessageA|?IsDialogMessageA@CWnd@@QAEHPAUtagMSG@@@Z|public: int __thiscall CWnd::IsDialogMessageA(struct tagMSG *)|nafxcw|winocc.obj|unique|high|1
0x00607318|CWnd::GetStyle|?GetStyle@CWnd@@QBEKXZ|public: unsigned long __thiscall CWnd::GetStyle(void) const|nafxcw|winocc.obj|unique|high|1
0x00607332|CWnd::GetExStyle|?GetExStyle@CWnd@@QBEKXZ|public: unsigned long __thiscall CWnd::GetExStyle(void) const|nafxcw|winocc.obj|unique|high|1
0x0060734c|CWnd::ModifyStyle|?ModifyStyle@CWnd@@QAEHKKI@Z|public: int __thiscall CWnd::ModifyStyle(unsigned long, unsigned long, unsigned int)|nafxcw|winocc.obj|unique|high|1
0x00607380|CWnd::ModifyStyleEx|?ModifyStyleEx@CWnd@@QAEHKKI@Z|public: int __thiscall CWnd::ModifyStyleEx(unsigned long, unsigned long, unsigned int)|nafxcw|winocc.obj|unique|high|1
0x006073b4|CWnd::SetWindowTextA|?SetWindowTextA@CWnd@@QAEXPBD@Z|public: void __thiscall CWnd::SetWindowTextA(char const *)|nafxcw|winocc.obj|unique|high|1
0x00607469|CWnd::MoveWindow|?MoveWindow@CWnd@@QAEXHHHHH@Z|public: void __thiscall CWnd::MoveWindow(int, int, int, int, int)|nafxcw|winocc.obj|unique|high|1
0x006074aa|CWnd::SetWindowPos|?SetWindowPos@CWnd@@QAEHPBV1@HHHHI@Z|public: int __thiscall CWnd::SetWindowPos(class CWnd const *, int, int, int, int, unsigned int)|nafxcw|winocc.obj|unique|high|1
0x006074f9|CWnd::ShowWindow|?ShowWindow@CWnd@@QAEHH@Z|public: int __thiscall CWnd::ShowWindow(int)|nafxcw|winocc.obj|unique|high|1
0x00607520|CWnd::IsWindowEnabled|?IsWindowEnabled@CWnd@@QBEHXZ|public: int __thiscall CWnd::IsWindowEnabled(void) const|nafxcw|winocc.obj|unique|high|1
0x0060753b|CWnd::EnableWindow|?EnableWindow@CWnd@@QAEHH@Z|public: int __thiscall CWnd::EnableWindow(int)|nafxcw|winocc.obj|unique|high|1
0x00607562|CWnd::SetFocus|?SetFocus@CWnd@@QAEPAV1@XZ|public: class CWnd * __thiscall CWnd::SetFocus(void)|nafxcw|winocc.obj|unique|high|1
0x006075ea|CWnd::GetDSCCursor|?GetDSCCursor@CWnd@@QAEPAUIUnknown@@XZ|public: struct IUnknown * __thiscall CWnd::GetDSCCursor(void)|nafxcw|winocc.obj|unique|high|1
0x00607643|CWnd::AttachControlSite|?AttachControlSite@CWnd@@IAEXPAVCHandleMap@@@Z|protected: void __thiscall CWnd::AttachControlSite(class CHandleMap *)|nafxcw|winocc.obj|unique|high|1
0x00607673|CWnd::AttachControlSite|?AttachControlSite@CWnd@@QAEXPAV1@@Z|public: void __thiscall CWnd::AttachControlSite(class CWnd *)|nafxcw|winocc.obj|unique|high|1
0x006076bd|__CxxSetUnhandledExceptionFilter|?__CxxSetUnhandledExceptionFilter@@YAXXZ|void __cdecl __CxxSetUnhandledExceptionFilter(void)|libcmt|unhandld.obj|duplicate-body|review|1
0x00607706|??1?$CIP@UIBindCtx@@$1?IID_IBindCtx@@3U_GUID@@B@@QAE@XZ|??1?$CIP@UIBindCtx@@$1?IID_IBindCtx@@3U_GUID@@B@@QAE@XZ|public: __thiscall CIP<struct IBindCtx, &struct _GUID const IID_IBindCtx>::~CIP<struct IBindCtx, &struct _GUID const IID_IBindCtx>(void)|nafxcw|olemon.obj|ambiguous|review|77
0x00607744|??1?$CIP@UIBindCtx@@$1?IID_IBindCtx@@3U_GUID@@B@@QAE@XZ|??1?$CIP@UIBindCtx@@$1?IID_IBindCtx@@3U_GUID@@B@@QAE@XZ|public: __thiscall CIP<struct IBindCtx, &struct _GUID const IID_IBindCtx>::~CIP<struct IBindCtx, &struct _GUID const IID_IBindCtx>(void)|nafxcw|olemon.obj|ambiguous|review|77
0x00607782|??1?$CIP@UIBindCtx@@$1?IID_IBindCtx@@3U_GUID@@B@@QAE@XZ|??1?$CIP@UIBindCtx@@$1?IID_IBindCtx@@3U_GUID@@B@@QAE@XZ|public: __thiscall CIP<struct IBindCtx, &struct _GUID const IID_IBindCtx>::~CIP<struct IBindCtx, &struct _GUID const IID_IBindCtx>(void)|nafxcw|olemon.obj|ambiguous|review|77
0x006077c0|??1?$CIP@UIBindCtx@@$1?IID_IBindCtx@@3U_GUID@@B@@QAE@XZ|??1?$CIP@UIBindCtx@@$1?IID_IBindCtx@@3U_GUID@@B@@QAE@XZ|public: __thiscall CIP<struct IBindCtx, &struct _GUID const IID_IBindCtx>::~CIP<struct IBindCtx, &struct _GUID const IID_IBindCtx>(void)|nafxcw|olemon.obj|ambiguous|review|77
0x006077c6|CWnd::CWnd|??0CWnd@@QAE@XZ|public: __thiscall CWnd::CWnd(void)|nafxcw|wincore.obj|unique|high|1
0x006077f0|_GCWnd|??_GCWnd@@UAEPAXI@Z|public: virtual void * __thiscall CWnd::`scalar deleting dtor'(unsigned int)|nafxcw|wincore.obj|unique-via-existing|high|191
0x0060780c|CWnd::CWnd|??0CWnd@@AAE@PAUHWND__@@@Z|private: __thiscall CWnd::CWnd(struct HWND__*)|nafxcw|wincore.obj|unique|high|1
0x00607840|CWnd::ModifyStyle|?ModifyStyle@CWnd@@SGHPAUHWND__@@KKI@Z|public: static int __stdcall CWnd::ModifyStyle(struct HWND__*, unsigned long, unsigned long, unsigned int)|nafxcw|wincore.obj|unique|high|1
0x006078a9|CWnd::ModifyStyleEx|?ModifyStyleEx@CWnd@@SGHPAUHWND__@@KKI@Z|public: static int __stdcall CWnd::ModifyStyleEx(struct HWND__*, unsigned long, unsigned long, unsigned int)|nafxcw|wincore.obj|unique|high|1
0x00607a4f|CWnd::GetCurrentMessage|?GetCurrentMessage@CWnd@@KGPBUtagMSG@@XZ|protected: static struct tagMSG const * __stdcall CWnd::GetCurrentMessage(void)|nafxcw|wincore.obj|unique|high|1
0x00607a84|CWnd::Default|?Default@CWnd@@IAEJXZ|protected: long __thiscall CWnd::Default(void)|nafxcw|wincore.obj|unique|high|1
0x00607aab|CMenu::DeleteTempMap|?DeleteTempMap@CMenu@@SGXXZ|public: static void __stdcall CMenu::DeleteTempMap(void)|nafxcw|winmenu.obj|duplicate-body|review|5
0x00607b2f|CWnd::FromHandle|?FromHandle@CWnd@@SGPAV1@PAUHWND__@@@Z|public: static class CWnd * __stdcall CWnd::FromHandle(struct HWND__*)|nafxcw|wincore.obj|unique|high|1
0x00607b57|CWnd::FromHandlePermanent|?FromHandlePermanent@CWnd@@SGPAV1@PAUHWND__@@@Z|public: static class CWnd * __stdcall CWnd::FromHandlePermanent(struct HWND__*)|nafxcw|wincore.obj|unique-via-existing|high|3
0x00607b73|CWnd::Attach|?Attach@CWnd@@QAEHPAUHWND__@@@Z|public: int __thiscall CWnd::Attach(struct HWND__*)|nafxcw|wincore.obj|unique|high|1
0x00607bac|CWnd::Detach|?Detach@CWnd@@QAEPAUHWND__@@XZ|public: struct HWND__* __thiscall CWnd::Detach(void)|nafxcw|wincore.obj|unique|high|1
0x00607bda|CObject::AssertValid|?AssertValid@CObject@@UBEXXZ|public: virtual void __thiscall CObject::AssertValid(void) const|nafxcw|except.obj|ambiguous|review|23
0x00607bdb|AfxWndProc|?AfxWndProc@@YGJPAUHWND__@@IIJ@Z|long __stdcall AfxWndProc(struct HWND__*, unsigned int, unsigned int, long)|nafxcw|wincore.obj|unique|high|1
0x00607c0a|AfxGetAfxWndProc|?AfxGetAfxWndProc@@YGP6GJPAUHWND__@@IIJ@ZXZ|long (__stdcall * __stdcall AfxGetAfxWndProc(void))(struct HWND__*, unsigned int, unsigned int, long)|nafxcw|wincore.obj|ambiguous|review|239
0x00607e36|_AfxGrayBackgroundWndProc|?_AfxGrayBackgroundWndProc@@YGJPAUHWND__@@IIJ@Z|long __stdcall _AfxGrayBackgroundWndProc(struct HWND__*, unsigned int, unsigned int, long)|nafxcw|wincore.obj|unique|high|1
0x00607eb2|_AfxCbtFilterHook|?_AfxCbtFilterHook@@YGJHIJ@Z|long __stdcall _AfxCbtFilterHook(int, unsigned int, long)|nafxcw|wincore.obj|unique|high|1
0x00608040|AfxHookWindowCreate|?AfxHookWindowCreate@@YGXPAVCWnd@@@Z|void __stdcall AfxHookWindowCreate(class CWnd *)|nafxcw|wincore.obj|unique|high|1
0x0060808c|AfxUnhookWindowCreate|?AfxUnhookWindowCreate@@YGHXZ|int __stdcall AfxUnhookWindowCreate(void)|nafxcw|wincore.obj|unique|high|1
0x006080ce|CWnd::CreateEx|?CreateEx@CWnd@@QAEHKPBD0KABUtagRECT@@PAV1@IPAX@Z|public: int __thiscall CWnd::CreateEx(unsigned long, char const *, char const *, unsigned long, struct tagRECT const &, class CWnd *, unsigned int, void *)|nafxcw|wincore.obj|unique|high|1
0x00608115|CWnd::CreateEx|?CreateEx@CWnd@@QAEHKPBD0KHHHHPAUHWND__@@PAUHMENU__@@PAX@Z|public: int __thiscall CWnd::CreateEx(unsigned long, char const *, char const *, unsigned long, int, int, int, int, struct HWND__*, struct HMENU__*, void *)|nafxcw|wincore.obj|unique|high|1
0x006081d9|CWnd::PreCreateWindow|?PreCreateWindow@CWnd@@UAEHAAUtagCREATESTRUCTA@@@Z|public: virtual int __thiscall CWnd::PreCreateWindow(struct tagCREATESTRUCTA &)|nafxcw|wincore.obj|unique|high|1
0x0060820b|CWnd::Create|?Create@CWnd@@UAEHPBD0KABUtagRECT@@PAV1@IPAUCCreateContext@@@Z|public: virtual int __thiscall CWnd::Create(char const *, char const *, unsigned long, struct tagRECT const &, class CWnd *, unsigned int, struct CCreateContext *)|nafxcw|wincore.obj|unique|high|1
0x00608257|CWnd::~CWnd|??1CWnd@@UAE@XZ|public: virtual __thiscall CWnd::~CWnd(void)|nafxcw|wincore.obj|unique|high|1
0x006082d3|CWnd::OnDestroy|?OnDestroy@CWnd@@IAEXXZ|protected: void __thiscall CWnd::OnDestroy(void)|nafxcw|wincore.obj|unique|high|1
0x006082f1|CWnd::OnNcDestroy|?OnNcDestroy@CWnd@@IAEXXZ|protected: void __thiscall CWnd::OnNcDestroy(void)|nafxcw|wincore.obj|unique|high|1
0x00608409|CWnd::OnFinalRelease|?OnFinalRelease@CWnd@@UAEXXZ|public: virtual void __thiscall CWnd::OnFinalRelease(void)|nafxcw|wincore.obj|unique|high|1
0x0060841a|CWnd::DestroyWindow|?DestroyWindow@CWnd@@UAEHXZ|public: virtual int __thiscall CWnd::DestroyWindow(void)|nafxcw|wincore.obj|unique|high|1
0x00608467|CWnd::DefWindowProcA|?DefWindowProcA@CWnd@@MAEJIIJ@Z|protected: virtual long __thiscall CWnd::DefWindowProcA(unsigned int, unsigned int, long)|nafxcw|wincore.obj|unique|high|1
0x006084ae|CWnd::GetSuperWndProcAddr|?GetSuperWndProcAddr@CWnd@@MAEPAP6GJPAUHWND__@@IIJ@ZXZ|protected: virtual long (__stdcall ** __thiscall CWnd::GetSuperWndProcAddr(void))(struct HWND__*, unsigned int, unsigned int, long)|nafxcw|wincore.obj|unique|review|1
0x006084b2|CWnd::PreTranslateMessage|?PreTranslateMessage@CWnd@@UAEHPAUtagMSG@@@Z|public: virtual int __thiscall CWnd::PreTranslateMessage(struct tagMSG *)|nafxcw|wincore.obj|unique|high|1
0x006084d1|CWnd::CancelToolTips|?CancelToolTips@CWnd@@SGXH@Z|public: static void __stdcall CWnd::CancelToolTips(int)|nafxcw|wincore.obj|unique|high|1
0x0060852e|CWnd::OnToolHitTest|?OnToolHitTest@CWnd@@UBEHVCPoint@@PAUtagTOOLINFOA@@@Z|public: virtual int __thiscall CWnd::OnToolHitTest(class CPoint, struct tagTOOLINFOA *) const|nafxcw|wincore.obj|unique|high|1
0x0060859f|CWnd::GetWindowTextA|?GetWindowTextA@CWnd@@QBEXAAVCString@@@Z|public: void __thiscall CWnd::GetWindowTextA(class CString &) const|nafxcw|wincore.obj|unique|high|1
0x00608657|CWnd::GetWindowPlacement|?GetWindowPlacement@CWnd@@QBEHPAUtagWINDOWPLACEMENT@@@Z|public: int __thiscall CWnd::GetWindowPlacement(struct tagWINDOWPLACEMENT *) const|nafxcw|wincore.obj|ambiguous|review|2
0x0060866e|CWnd::GetWindowPlacement|?GetWindowPlacement@CWnd@@QBEHPAUtagWINDOWPLACEMENT@@@Z|public: int __thiscall CWnd::GetWindowPlacement(struct tagWINDOWPLACEMENT *) const|nafxcw|wincore.obj|ambiguous|review|2
0x00608685|CWnd::OnDrawItem|?OnDrawItem@CWnd@@IAEXHPAUtagDRAWITEMSTRUCT@@@Z|protected: void __thiscall CWnd::OnDrawItem(int, struct tagDRAWITEMSTRUCT *)|nafxcw|wincore.obj|unique|high|1
0x006086c2|CWnd::OnCompareItem|?OnCompareItem@CWnd@@IAEHHPAUtagCOMPAREITEMSTRUCT@@@Z|protected: int __thiscall CWnd::OnCompareItem(int, struct tagCOMPAREITEMSTRUCT *)|nafxcw|wincore.obj|unique|high|1
0x0060870c|CWnd::OnCharToItem|?OnCharToItem@CWnd@@IAEHIPAVCListBox@@I@Z|protected: int __thiscall CWnd::OnCharToItem(unsigned int, class CListBox *, unsigned int)|nafxcw|wincore.obj|duplicate-body|review|2
0x00608737|CWnd::OnCharToItem|?OnCharToItem@CWnd@@IAEHIPAVCListBox@@I@Z|protected: int __thiscall CWnd::OnCharToItem(unsigned int, class CListBox *, unsigned int)|nafxcw|wincore.obj|duplicate-body|review|2
0x00608762|CMenu::TrackPopupMenu|?TrackPopupMenu@CMenu@@QAEHIHHPAVCWnd@@PBUtagRECT@@@Z|public: int __thiscall CMenu::TrackPopupMenu(unsigned int, int, int, class CWnd *, struct tagRECT const *)|nafxcw|wincore.obj|unique|high|1
0x006087b6|CWnd::OnMeasureItem|?OnMeasureItem@CWnd@@IAEXHPAUtagMEASUREITEMSTRUCT@@@Z|protected: void __thiscall CWnd::OnMeasureItem(int, struct tagMEASUREITEMSTRUCT *)|nafxcw|wincore.obj|unique|high|1
0x0060893b|AfxRegisterWndClass|?AfxRegisterWndClass@@YGPBDIPAUHICON__@@PAUHBRUSH__@@0@Z|char const * __stdcall AfxRegisterWndClass(unsigned int, struct HICON__*, struct HBRUSH__*, struct HICON__*)|nafxcw|wincore.obj|unique|high|1
0x006089ef|CWnd::OnNTCtlColor|?OnNTCtlColor@CWnd@@IAEJIJ@Z|protected: long __thiscall CWnd::OnNTCtlColor(unsigned int, long)|nafxcw|wincore.obj|unique|high|1
0x00608a2b|CWnd::WinHelpA|?WinHelpA@CWnd@@UAEXKI@Z|public: virtual void __thiscall CWnd::WinHelpA(unsigned long, unsigned int)|nafxcw|wincore.obj|unique|high|1
0x00608b11|AfxFindMessageEntry|?AfxFindMessageEntry@@YGPBUAFX_MSGMAP_ENTRY@@PBU1@III@Z|struct AFX_MSGMAP_ENTRY const * __stdcall AfxFindMessageEntry(struct AFX_MSGMAP_ENTRY const *, unsigned int, unsigned int, unsigned int)|nafxcw|wincore.obj|unique|high|1
0x00608b66|CWnd::WindowProc|?WindowProc@CWnd@@MAEJIIJ@Z|protected: virtual long __thiscall CWnd::WindowProc(unsigned int, unsigned int, long)|nafxcw|wincore.obj|unique|high|1
0x0060911a|CTestCmdUI::CTestCmdUI|??0CTestCmdUI@@QAE@XZ|public: __thiscall CTestCmdUI::CTestCmdUI(void)|nafxcw|wincore.obj|unique|high|1
0x0060914d|CWnd::OnCommand|?OnCommand@CWnd@@MAEHIJ@Z|protected: virtual int __thiscall CWnd::OnCommand(unsigned int, long)|nafxcw|wincore.obj|unique|high|1
0x006091d9|CWnd::OnNotify|?OnNotify@CWnd@@MAEHIJPAJ@Z|protected: virtual int __thiscall CWnd::OnNotify(unsigned int, long, long *)|nafxcw|wincore.obj|unique|high|1
0x00609253|CWnd::GetParentFrame|?GetParentFrame@CWnd@@QBEPAVCFrameWnd@@XZ|public: class CFrameWnd * __thiscall CWnd::GetParentFrame(void) const|nafxcw|wincore.obj|unique|high|1
0x00609297|AfxGetParentOwner|?AfxGetParentOwner@@YGPAUHWND__@@PAU1@@Z|struct HWND__* __stdcall AfxGetParentOwner(struct HWND__*)|nafxcw|wincore.obj|unique|high|1
0x006092dc|CWnd::GetTopLevelParent|?GetTopLevelParent@CWnd@@QBEPAV1@XZ|public: class CWnd * __thiscall CWnd::GetTopLevelParent(void) const|nafxcw|wincore.obj|unique|high|1
0x0060933b|CWnd::GetParentOwner|?GetParentOwner@CWnd@@QBEPAV1@XZ|public: class CWnd * __thiscall CWnd::GetParentOwner(void) const|nafxcw|wincore.obj|unique|high|1
0x00609382|CWnd::IsTopParentActive|?IsTopParentActive@CWnd@@QBEHXZ|public: int __thiscall CWnd::IsTopParentActive(void) const|nafxcw|wincore.obj|unique|high|1
0x006093b6|CWnd::ActivateTopParent|?ActivateTopParent@CWnd@@QAEXXZ|public: void __thiscall CWnd::ActivateTopParent(void)|nafxcw|wincore.obj|unique|high|1
0x006093f3|CWnd::GetTopLevelFrame|?GetTopLevelFrame@CWnd@@QBEPAVCFrameWnd@@XZ|public: class CFrameWnd * __thiscall CWnd::GetTopLevelFrame(void) const|nafxcw|wincore.obj|unique|high|1
0x00609437|CWnd::GetSafeOwner|?GetSafeOwner@CWnd@@SGPAV1@PAV1@PAPAUHWND__@@@Z|public: static class CWnd * __stdcall CWnd::GetSafeOwner(class CWnd *, struct HWND__**)|nafxcw|wincore.obj|unique|high|1
0x006094d7|CWnd::GetDescendantWindow|?GetDescendantWindow@CWnd@@SGPAV1@PAUHWND__@@HH@Z|public: static class CWnd * __stdcall CWnd::GetDescendantWindow(struct HWND__*, int, int)|nafxcw|wincore.obj|unique|high|1
0x00609550|CWnd::SendMessageToDescendants|?SendMessageToDescendants@CWnd@@SGXPAUHWND__@@IIJHH@Z|public: static void __stdcall CWnd::SendMessageToDescendants(struct HWND__*, unsigned int, unsigned int, long, int, int)|nafxcw|wincore.obj|unique|high|1
0x006095cd|COleUILinkInfo::AddRef|?AddRef@COleUILinkInfo@@UAGKXZ|public: virtual unsigned long __stdcall COleUILinkInfo::AddRef(void)|nafxcw|oledlgs1.obj|ambiguous|review|27
0x006095d2|CWnd::SetScrollPos|?SetScrollPos@CWnd@@QAEHHHH@Z|public: int __thiscall CWnd::SetScrollPos(int, int, int)|nafxcw|wincore.obj|unique-via-existing|high|2
0x00609602|CWnd::GetScrollPos|?GetScrollPos@CWnd@@QBEHH@Z|public: int __thiscall CWnd::GetScrollPos(int) const|nafxcw|wincore.obj|unique|high|1
0x0060962a|CWnd::SetScrollRange|?SetScrollRange@CWnd@@QAEXHHHH@Z|public: void __thiscall CWnd::SetScrollRange(int, int, int, int)|nafxcw|wincore.obj|unique|high|1
0x0060965d|CWnd::GetScrollRange|?GetScrollRange@CWnd@@QBEXHPAH0@Z|public: void __thiscall CWnd::GetScrollRange(int, int *, int *) const|nafxcw|wincore.obj|unique-via-existing|high|2
0x0060968d|CWnd::EnableScrollBarCtrl|?EnableScrollBarCtrl@CWnd@@QAEXHH@Z|public: void __thiscall CWnd::EnableScrollBarCtrl(int, int)|nafxcw|wincore.obj|unique|high|1
0x006096d0|CWnd::SetScrollInfo|?SetScrollInfo@CWnd@@QAEHHPAUtagSCROLLINFO@@H@Z|public: int __thiscall CWnd::SetScrollInfo(int, struct tagSCROLLINFO *, int)|nafxcw|wincore.obj|unique|high|1
0x0060971d|CWnd::GetScrollInfo|?GetScrollInfo@CWnd@@QAEHHPAUtagSCROLLINFO@@I@Z|public: int __thiscall CWnd::GetScrollInfo(int, struct tagSCROLLINFO *, unsigned int)|nafxcw|wincore.obj|unique|high|1
0x0060976a|CWnd::GetScrollLimit|?GetScrollLimit@CWnd@@QAEHH@Z|public: int __thiscall CWnd::GetScrollLimit(int)|nafxcw|wincore.obj|unique|high|1
0x006097ae|CWnd::ScrollWindow|?ScrollWindow@CWnd@@QAEXHHPBUtagRECT@@0@Z|public: void __thiscall CWnd::ScrollWindow(int, int, struct tagRECT const *, struct tagRECT const *)|nafxcw|wincore.obj|unique|high|1
0x0060986b|CWnd::RepositionBars|?RepositionBars@CWnd@@QAEXIIIIPAUtagRECT@@PBU2@H@Z|public: void __thiscall CWnd::RepositionBars(unsigned int, unsigned int, unsigned int, unsigned int, struct tagRECT *, struct tagRECT const *, int)|nafxcw|wincore.obj|unique|high|1
0x006099a5|AfxRepositionWindow|?AfxRepositionWindow@@YGXPAUAFX_SIZEPARENTPARAMS@@PAUHWND__@@PBUtagRECT@@@Z|void __stdcall AfxRepositionWindow(struct AFX_SIZEPARENTPARAMS *, struct HWND__*, struct tagRECT const *)|nafxcw|wincore.obj|unique|high|1
0x00609a3f|CWnd::CalcWindowRect|?CalcWindowRect@CWnd@@UAEXPAUtagRECT@@I@Z|public: virtual void __thiscall CWnd::CalcWindowRect(struct tagRECT *, unsigned int)|nafxcw|wincore.obj|unique|high|1
0x00609a6a|CWnd::HandleFloatingSysCommand|?HandleFloatingSysCommand@CWnd@@QAEHIJ@Z|public: int __thiscall CWnd::HandleFloatingSysCommand(unsigned int, long)|nafxcw|wincore.obj|unique|high|1
0x00609b24|CWnd::WalkPreTranslateTree|?WalkPreTranslateTree@CWnd@@SGHPAUHWND__@@PAUtagMSG@@@Z|public: static int __stdcall CWnd::WalkPreTranslateTree(struct HWND__*, struct tagMSG *)|nafxcw|wincore.obj|unique|high|1
0x00609b66|CWnd::SendChildNotifyLastMsg|?SendChildNotifyLastMsg@CWnd@@QAEHPAJ@Z|public: int __thiscall CWnd::SendChildNotifyLastMsg(long *)|nafxcw|wincore.obj|unique|high|1
0x00609b93|CWnd::ReflectLastMsg|?ReflectLastMsg@CWnd@@KGHPAUHWND__@@PAJ@Z|protected: static int __stdcall CWnd::ReflectLastMsg(struct HWND__*, long *)|nafxcw|wincore.obj|unique|high|1
0x00609c37|CWnd::OnChildNotify|?OnChildNotify@CWnd@@MAEHIIJPAJ@Z|protected: virtual int __thiscall CWnd::OnChildNotify(unsigned int, unsigned int, long, long *)|nafxcw|wincore.obj|unique|high|1
0x00609c92|CWnd::ReflectChildNotify|?ReflectChildNotify@CWnd@@IAEHIIJPAJ@Z|protected: int __thiscall CWnd::ReflectChildNotify(unsigned int, unsigned int, long, long *)|nafxcw|wincore.obj|unique|high|1
0x00609d88|CWnd::OnParentNotify|?OnParentNotify@CWnd@@IAEXIJ@Z|protected: void __thiscall CWnd::OnParentNotify(unsigned int, long)|nafxcw|wincore.obj|unique|high|1
0x00609dd7|CWnd::OnSysColorChange|?OnSysColorChange@CWnd@@IAEXXZ|protected: void __thiscall CWnd::OnSysColorChange(void)|nafxcw|wincore.obj|unique|high|1
0x00609e61|CWnd::OnSettingChange|?OnSettingChange@CWnd@@IAEXIPBD@Z|protected: void __thiscall CWnd::OnSettingChange(unsigned int, char const *)|nafxcw|wincore.obj|unique|high|1
0x00609eb5|CWnd::OnWinIniChange|?OnWinIniChange@CWnd@@IAEXPBD@Z|protected: void __thiscall CWnd::OnWinIniChange(char const *)|nafxcw|wincore.obj|unique|high|1
0x00609f01|CWnd::OnDevModeChange|?OnDevModeChange@CWnd@@IAEXPAD@Z|protected: void __thiscall CWnd::OnDevModeChange(char *)|nafxcw|wincore.obj|unique|high|1
0x00609f56|CWnd::OnHelpInfo|?OnHelpInfo@CWnd@@IAEHPAUtagHELPINFO@@@Z|protected: int __thiscall CWnd::OnHelpInfo(struct tagHELPINFO *)|nafxcw|wincore.obj|unique|high|1
0x00609fba|CWnd::OnDisplayChange|?OnDisplayChange@CWnd@@IAEJIJ@Z|protected: long __thiscall CWnd::OnDisplayChange(unsigned int, long)|nafxcw|wincore.obj|unique|high|1
0x0060a007|CWnd::OnDragList|?OnDragList@CWnd@@IAEJIJ@Z|protected: long __thiscall CWnd::OnDragList(unsigned int, long)|nafxcw|wincore.obj|unique|high|1
0x0060a031|CWnd::OnVScroll|?OnVScroll@CWnd@@IAEXIIPAVCScrollBar@@@Z|protected: void __thiscall CWnd::OnVScroll(unsigned int, unsigned int, class CScrollBar *)|nafxcw|wincore.obj|duplicate-body|review|2
0x0060a052|CWnd::OnVScroll|?OnVScroll@CWnd@@IAEXIIPAVCScrollBar@@@Z|protected: void __thiscall CWnd::OnVScroll(unsigned int, unsigned int, class CScrollBar *)|nafxcw|wincore.obj|duplicate-body|review|2
0x0060a073|CWnd::OnEnterIdle|?OnEnterIdle@CWnd@@IAEXIPAV1@@Z|protected: void __thiscall CWnd::OnEnterIdle(unsigned int, class CWnd *)|nafxcw|wincore.obj|unique|high|1
0x0060a0bd|CWnd::OnCtlColor|?OnCtlColor@CWnd@@IAEPAUHBRUSH__@@PAVCDC@@PAV1@I@Z|protected: struct HBRUSH__* __thiscall CWnd::OnCtlColor(class CDC *, class CWnd *, unsigned int)|nafxcw|wincore.obj|unique|high|1
0x0060a0e4|CWnd::OnGrayCtlColor|?OnGrayCtlColor@CWnd@@QAEPAUHBRUSH__@@PAVCDC@@PAV1@I@Z|public: struct HBRUSH__* __thiscall CWnd::OnGrayCtlColor(class CDC *, class CWnd *, unsigned int)|nafxcw|wincore.obj|unique|high|1
0x0060a147|CWnd::GrayCtlColor|?GrayCtlColor@CWnd@@SGHPAUHDC__@@PAUHWND__@@IPAUHBRUSH__@@K@Z|public: static int __stdcall CWnd::GrayCtlColor(struct HDC__*, struct HWND__*, unsigned int, struct HBRUSH__*, unsigned long)|nafxcw|wincore.obj|unique|high|1
0x0060a267|CDataExchange::CDataExchange|??0CDataExchange@@QAE@PAVCWnd@@H@Z|public: __thiscall CDataExchange::CDataExchange(class CWnd *, int)|nafxcw|wincore.obj|unique|high|1
0x0060a27d|CWnd::CenterWindow|?CenterWindow@CWnd@@QAEXPAV1@@Z|public: void __thiscall CWnd::CenterWindow(class CWnd *)|nafxcw|wincore.obj|unique|high|1
0x0060a3f7|CWnd::CheckAutoCenter|?CheckAutoCenter@CWnd@@UAEHXZ|public: virtual int __thiscall CWnd::CheckAutoCenter(void)|nafxcw|wincore.obj|ambiguous|review|11
0x0060a3fb|CWnd::ExecuteDlgInit|?ExecuteDlgInit@CWnd@@QAEHPBD@Z|public: int __thiscall CWnd::ExecuteDlgInit(char const *)|nafxcw|wincore.obj|unique|high|1
0x0060a44b|CWnd::ExecuteDlgInit|?ExecuteDlgInit@CWnd@@QAEHPAX@Z|public: int __thiscall CWnd::ExecuteDlgInit(void *)|nafxcw|wincore.obj|unique|high|1
0x0060a4d5|CWnd::UpdateDialogControls|?UpdateDialogControls@CWnd@@QAEXPAVCCmdTarget@@H@Z|public: void __thiscall CWnd::UpdateDialogControls(class CCmdTarget *, int)|nafxcw|wincore.obj|unique|high|1
0x0060a5da|CWnd::PreTranslateInput|?PreTranslateInput@CWnd@@QAEHPAUtagMSG@@@Z|public: int __thiscall CWnd::PreTranslateInput(struct tagMSG *)|nafxcw|wincore.obj|unique|high|1
0x0060a60a|CWnd::RunModalLoop|?RunModalLoop@CWnd@@QAEHK@Z|public: int __thiscall CWnd::RunModalLoop(unsigned long)|nafxcw|wincore.obj|unique|high|1
0x0060a769|CWnd::ContinueModal|?ContinueModal@CWnd@@UAEHXZ|public: virtual int __thiscall CWnd::ContinueModal(void)|nafxcw|wincore.obj|unique|review|1
0x0060a770|CWnd::EndModalLoop|?EndModalLoop@CWnd@@UAEXH@Z|public: virtual void __thiscall CWnd::EndModalLoop(int)|nafxcw|wincore.obj|unique|high|1
0x0060a794|AfxEndDeferRegisterClass|?AfxEndDeferRegisterClass@@YGHF@Z|int __stdcall AfxEndDeferRegisterClass(short)|nafxcw|wincore.obj|unique|high|1
0x0060a912|CWnd::CheckAutoCenter|?CheckAutoCenter@CWnd@@UAEHXZ|public: virtual int __thiscall CWnd::CheckAutoCenter(void)|nafxcw|wincore.obj|ambiguous|review|11
0x0060a916|CFrameWnd::IsTracking|?IsTracking@CFrameWnd@@QBEHXZ|public: int __thiscall CFrameWnd::IsTracking(void) const|nafxcw|wincore.obj|unique|high|1
0x0060a935|CWnd::SubclassCtl3d|?SubclassCtl3d@CWnd@@QAEHH@Z|public: int __thiscall CWnd::SubclassCtl3d(int)|nafxcw|wincore.obj|unique|high|1
0x0060a97f|CWnd::SubclassDlg3d|?SubclassDlg3d@CWnd@@QAEHK@Z|public: int __thiscall CWnd::SubclassDlg3d(unsigned long)|nafxcw|wincore.obj|unique|high|1
0x0060a9c4|CWnd::SubclassWindow|?SubclassWindow@CWnd@@QAEHPAUHWND__@@@Z|public: int __thiscall CWnd::SubclassWindow(struct HWND__*)|nafxcw|wincore.obj|unique|high|1
0x0060aa6e|CWnd::UnsubclassWindow|?UnsubclassWindow@CWnd@@QAEPAUHWND__@@XZ|public: struct HWND__* __thiscall CWnd::UnsubclassWindow(void)|nafxcw|wincore.obj|unique|high|1
0x0060aa96|CException::CException|??0CException@@QAE@XZ|public: __thiscall CException::CException(void)|nafxcw|except.obj|unique|high|1
0x0060aaa6|CException::CException|??0CException@@QAE@H@Z|public: __thiscall CException::CException(int)|nafxcw|except.obj|unique-via-existing|high|2
0x0060aab8|CException::Delete|?Delete@CException@@QAEXXZ|public: void __thiscall CException::Delete(void)|nafxcw|except.obj|unique|high|1
0x0060aaeb|CException::ReportError|?ReportError@CException@@UAEHII@Z|public: virtual int __thiscall CException::ReportError(unsigned int, unsigned int)|nafxcw|except.obj|unique|high|1
0x0060ab40|AFX_EXCEPTION_LINK::AFX_EXCEPTION_LINK|??0AFX_EXCEPTION_LINK@@QAE@XZ|public: __thiscall AFX_EXCEPTION_LINK::AFX_EXCEPTION_LINK(void)|nafxcw|except.obj|unique|high|1
0x0060ab56|AfxGetExceptionContext|?AfxGetExceptionContext@@YAPAUAFX_EXCEPTION_CONTEXT@@XZ|struct AFX_EXCEPTION_CONTEXT * __cdecl AfxGetExceptionContext(void)|nafxcw|except.obj|unique|high|1
0x0060ab7e|AfxTryCleanup|?AfxTryCleanup@@YGXXZ|void __stdcall AfxTryCleanup(void)|nafxcw|except.obj|unique|high|1
0x0060abac|CFile::CFile|??0CFile@@QAE@XZ|public: __thiscall CFile::CFile(void)|nafxcw|filecore.obj|unique|high|1
0x0060abec|_GCFile|??_GCFile@@UAEPAXI@Z|public: virtual void * __thiscall CFile::`scalar deleting dtor'(unsigned int)|nafxcw|filecore.obj|unique-via-existing|high|191
0x0060ac08|CFile::CFile|??0CFile@@QAE@H@Z|public: __thiscall CFile::CFile(int)|nafxcw|filecore.obj|unique|high|1
0x0060ac4c|CFile::CFile|??0CFile@@QAE@PBDI@Z|public: __thiscall CFile::CFile(char const *, unsigned int)|nafxcw|filecore.obj|unique|high|1
0x0060acf6|CFile::~CFile|??1CFile@@UAE@XZ|public: virtual __thiscall CFile::~CFile(void)|nafxcw|filecore.obj|unique|high|1
0x0060ad44|CFile::Duplicate|?Duplicate@CFile@@UBEPAV1@XZ|public: virtual class CFile * __thiscall CFile::Duplicate(void) const|nafxcw|filecore.obj|unique|high|1
0x0060add5|CFile::Open|?Open@CFile@@UAEHPBDIPAVCFileException@@@Z|public: virtual int __thiscall CFile::Open(char const *, unsigned int, class CFileException *)|nafxcw|filecore.obj|unique|high|1
0x0060aefd|CFile::Read|?Read@CFile@@UAEIPAXI@Z|public: virtual unsigned int __thiscall CFile::Read(void *, unsigned int)|nafxcw|filecore.obj|unique|high|1
0x0060af37|CFile::Write|?Write@CFile@@UAEXPBXI@Z|public: virtual void __thiscall CFile::Write(void const *, unsigned int)|nafxcw|filecore.obj|unique|high|1
0x0060af82|CFile::Seek|?Seek@CFile@@UAEJJI@Z|public: virtual long __thiscall CFile::Seek(long, unsigned int)|nafxcw|filecore.obj|unique|high|1
0x0060afb1|CFile::GetPosition|?GetPosition@CFile@@UBEKXZ|public: virtual unsigned long __thiscall CFile::GetPosition(void) const|nafxcw|filecore.obj|unique|high|1
0x0060afda|CFile::Flush|?Flush@CFile@@UAEXXZ|public: virtual void __thiscall CFile::Flush(void)|nafxcw|filecore.obj|unique|high|1
0x0060affb|CFile::Close|?Close@CFile@@UAEXXZ|public: virtual void __thiscall CFile::Close(void)|nafxcw|filecore.obj|unique|high|1
0x0060b03c|CFile::Abort|?Abort@CFile@@UAEXXZ|public: virtual void __thiscall CFile::Abort(void)|nafxcw|filecore.obj|unique|high|1
0x0060b05c|CFile::LockRange|?LockRange@CFile@@UAEXKK@Z|public: virtual void __thiscall CFile::LockRange(unsigned long, unsigned long)|nafxcw|filecore.obj|duplicate-body|review|2
0x0060b085|CFile::LockRange|?LockRange@CFile@@UAEXKK@Z|public: virtual void __thiscall CFile::LockRange(unsigned long, unsigned long)|nafxcw|filecore.obj|duplicate-body|review|2
0x0060b0ae|CFile::SetLength|?SetLength@CFile@@UAEXK@Z|public: virtual void __thiscall CFile::SetLength(unsigned long)|nafxcw|filecore.obj|unique|high|1
0x0060b0da|CFile::GetLength|?GetLength@CFile@@UBEKXZ|public: virtual unsigned long __thiscall CFile::GetLength(void) const|nafxcw|filecore.obj|unique|high|1
0x0060b10a|CFile::Rename|?Rename@CFile@@SGXPBD0@Z|public: static void __stdcall CFile::Rename(char const *, char const *)|nafxcw|filecore.obj|unique|high|1
0x0060b12c|CFile::Remove|?Remove@CFile@@SGXPBD@Z|public: static void __stdcall CFile::Remove(char const *)|nafxcw|filecore.obj|unique|high|1
0x0060b14a|AFX_COM::~AFX_COM|??1AFX_COM@@QAE@XZ|public: __thiscall AFX_COM::~AFX_COM(void)|nafxcw|filecore.obj|unique-via-existing|high|2
0x0060b158|AFX_COM::CreateInstance|?CreateInstance@AFX_COM@@QAEJABU_GUID@@PAUIUnknown@@0PAPAX@Z|public: long __thiscall AFX_COM::CreateInstance(struct _GUID const &, struct IUnknown *, struct _GUID const &, void **)|nafxcw|filecore.obj|unique|high|1
0x0060b19a|AFX_COM::GetClassObject|?GetClassObject@AFX_COM@@QAEJABU_GUID@@0PAPAX@Z|public: long __thiscall AFX_COM::GetClassObject(struct _GUID const &, struct _GUID const &, void **)|nafxcw|filecore.obj|unique|high|1
0x0060b266|AfxStringFromCLSID|?AfxStringFromCLSID@@YG?AVCString@@ABU_GUID@@@Z|class CString __stdcall AfxStringFromCLSID(struct _GUID const &)|nafxcw|filecore.obj|unique|high|1
0x0060b2d5|AfxGetInProcServer|?AfxGetInProcServer@@YGHPBDAAVCString@@@Z|int __stdcall AfxGetInProcServer(char const *, class CString &)|nafxcw|filecore.obj|unique|high|1
0x0060b381|AfxResolveShortcut|?AfxResolveShortcut@@YGHPAVCWnd@@PBDPADH@Z|int __stdcall AfxResolveShortcut(class CWnd *, char const *, char *, int)|nafxcw|filecore.obj|unique|high|1
0x0060b4cb|AfxFullPath|?AfxFullPath@@YGHPADPBD@Z|int __stdcall AfxFullPath(char *, char const *)|nafxcw|filecore.obj|unique|high|1
0x0060b5a4|AfxGetRoot|?AfxGetRoot@@YGXPBDAAVCString@@@Z|void __stdcall AfxGetRoot(char const *, class CString &)|nafxcw|filecore.obj|unique|high|1
0x0060b66a|AfxComparePath|?AfxComparePath@@YGHPBD0@Z|int __stdcall AfxComparePath(char const *, char const *)|nafxcw|filecore.obj|unique|high|1
0x0060b72d|AfxGetFileTitle|?AfxGetFileTitle@@YGIPBDPADI@Z|unsigned int __stdcall AfxGetFileTitle(char const *, char *, unsigned int)|nafxcw|filecore.obj|unique|high|1
0x0060b783|AfxGetModuleShortFileName|?AfxGetModuleShortFileName@@YGXPAUHINSTANCE__@@AAVCString@@@Z|void __stdcall AfxGetModuleShortFileName(struct HINSTANCE__*, class CString &)|nafxcw|filecore.obj|unique|high|1
0x0060b7dd|CFile::GetFileName|?GetFileName@CFile@@UBE?AVCString@@XZ|public: virtual class CString __thiscall CFile::GetFileName(void) const|nafxcw|filest.obj|unique-via-existing|high|2
0x0060b85f|CFile::GetFileTitle|?GetFileTitle@CFile@@UBE?AVCString@@XZ|public: virtual class CString __thiscall CFile::GetFileTitle(void) const|nafxcw|filest.obj|unique-via-existing|high|2
0x0060b8e1|CFile::GetFilePath|?GetFilePath@CFile@@UBE?AVCString@@XZ|public: virtual class CString __thiscall CFile::GetFilePath(void) const|nafxcw|filest.obj|unique|high|1
0x0060b910|CFile::GetStatus|?GetStatus@CFile@@QBEHAAUCFileStatus@@@Z|public: int __thiscall CFile::GetStatus(struct CFileStatus &) const|nafxcw|filest.obj|unique|high|1
0x0060b9ea|CFile::GetStatus|?GetStatus@CFile@@SGHPBDAAUCFileStatus@@@Z|public: static int __stdcall CFile::GetStatus(char const *, struct CFileStatus &)|nafxcw|filest.obj|unique|high|1
0x0060ba9c|AfxTimeToFileTime|?AfxTimeToFileTime@@YAXABVCTime@@PAU_FILETIME@@@Z|void __cdecl AfxTimeToFileTime(class CTime const &, struct _FILETIME *)|nafxcw|filest.obj|unique|high|1
0x0060bb4b|CFile::SetStatus|?SetStatus@CFile@@SGXPBDABUCFileStatus@@@Z|public: static void __stdcall CFile::SetStatus(char const *, struct CFileStatus const &)|nafxcw|filest.obj|unique|high|1
0x0060bc98|CFileException::ThrowOsError|?ThrowOsError@CFileException@@SGXJPBD@Z|public: static void __stdcall CFileException::ThrowOsError(long, char const *)|nafxcw|filex.obj|unique|high|1
0x0060bcdd|CFileException::GetErrorMessage|?GetErrorMessage@CFileException@@UAEHPADIPAI@Z|public: virtual int __thiscall CFileException::GetErrorMessage(char *, unsigned int, unsigned int *)|nafxcw|filex.obj|unique|high|1
0x0060bd7d|AfxThrowFileException|?AfxThrowFileException@@YGXHJPBD@Z|void __stdcall AfxThrowFileException(int, long, char const *)|nafxcw|filex.obj|unique|high|1
0x0060c087|CDialogTemplate::CDialogTemplate|??0CDialogTemplate@@QAE@PBUDLGTEMPLATE@@@Z|public: __thiscall CDialogTemplate::CDialogTemplate(struct DLGTEMPLATE const *)|nafxcw|dlgtempl.obj|unique|high|1
0x0060c0b6|CDialogTemplate::CDialogTemplate|??0CDialogTemplate@@QAE@PAX@Z|public: __thiscall CDialogTemplate::CDialogTemplate(void *)|nafxcw|dlgtempl.obj|unique|high|1
0x0060c0f7|CDialogTemplate::SetTemplate|?SetTemplate@CDialogTemplate@@IAEHPBUDLGTEMPLATE@@I@Z|protected: int __thiscall CDialogTemplate::SetTemplate(struct DLGTEMPLATE const *, unsigned int)|nafxcw|dlgtempl.obj|unique|high|1
0x0060c157|CDialogTemplate::~CDialogTemplate|??1CDialogTemplate@@QAE@XZ|public: __thiscall CDialogTemplate::~CDialogTemplate(void)|nafxcw|dlgtempl.obj|unique-via-existing|high|2
0x0060c165|CDialogTemplate::Load|?Load@CDialogTemplate@@QAEHPBD@Z|public: int __thiscall CDialogTemplate::Load(char const *)|nafxcw|dlgtempl.obj|unique|high|1
0x0060c1ba|CDialogTemplate::Detach|?Detach@CDialogTemplate@@QAEPAXXZ|public: void * __thiscall CDialogTemplate::Detach(void)|nafxcw|dlgtempl.obj|ambiguous|review|2
0x0060c1c0|CDialogTemplate::HasFont|?HasFont@CDialogTemplate@@QBEHXZ|public: int __thiscall CDialogTemplate::HasFont(void) const|nafxcw|dlgtempl.obj|unique|high|1
0x0060c1eb|CDialogTemplate::GetFontSizeField|?GetFontSizeField@CDialogTemplate@@KAPAEPBUDLGTEMPLATE@@@Z|protected: static unsigned char * __cdecl CDialogTemplate::GetFontSizeField(struct DLGTEMPLATE const *)|nafxcw|dlgtempl.obj|unique|high|1
0x0060c241|CDialogTemplate::GetTemplateSize|?GetTemplateSize@CDialogTemplate@@KAIPBUDLGTEMPLATE@@@Z|protected: static unsigned int __cdecl CDialogTemplate::GetTemplateSize(struct DLGTEMPLATE const *)|nafxcw|dlgtempl.obj|unique|high|1
0x0060c2f8|CDialogTemplate::GetFont|?GetFont@CDialogTemplate@@SAHPBUDLGTEMPLATE@@AAVCString@@AAG@Z|public: static int __cdecl CDialogTemplate::GetFont(struct DLGTEMPLATE const *, class CString &, unsigned short &)|nafxcw|dlgtempl.obj|unique|high|1
0x0060c367|CDialogTemplate::GetFont|?GetFont@CDialogTemplate@@QBEHAAVCString@@AAG@Z|public: int __thiscall CDialogTemplate::GetFont(class CString &, unsigned short &) const|nafxcw|dlgtempl.obj|unique|high|1
0x0060c395|CDialogTemplate::SetFont|?SetFont@CDialogTemplate@@QAEHPBDG@Z|public: int __thiscall CDialogTemplate::SetFont(char const *, unsigned short)|nafxcw|dlgtempl.obj|unique|high|1
0x0060c4ac|CDialogTemplate::SetSystemFont|?SetSystemFont@CDialogTemplate@@QAEHG@Z|public: int __thiscall CDialogTemplate::SetSystemFont(unsigned short)|nafxcw|dlgtempl.obj|unique|high|1
0x0060c53d|CDialogTemplate::GetSizeInDialogUnits|?GetSizeInDialogUnits@CDialogTemplate@@QBEXPAUtagSIZE@@@Z|public: void __thiscall CDialogTemplate::GetSizeInDialogUnits(struct tagSIZE *) const|nafxcw|dlgtempl.obj|unique|high|1
0x0060c57d|CDialogTemplate::GetSizeInPixels|?GetSizeInPixels@CDialogTemplate@@QBEXPAUtagSIZE@@@Z|public: void __thiscall CDialogTemplate::GetSizeInPixels(struct tagSIZE *) const|nafxcw|dlgtempl.obj|unique|high|1
0x0060c723|CRecentFileList::CRecentFileList|??0CRecentFileList@@QAE@IPBD0HH@Z|public: __thiscall CRecentFileList::CRecentFileList(unsigned int, char const *, char const *, int, int)|nafxcw|filelist.obj|unique|high|1
0x0060c7df|_GCRecentFileList|??_GCRecentFileList@@UAEPAXI@Z|public: virtual void * __thiscall CRecentFileList::`scalar deleting dtor'(unsigned int)|nafxcw|filelist.obj|unique-via-existing|high|191
0x0060c7fb|_ECString|??_ECString@@QAEPAXI@Z|public: void * __thiscall CString::`vector deleting dtor'(unsigned int)|nafxcw|filelist.obj|unique|high|1
0x0060c837|CRecentFileList::~CRecentFileList|??1CRecentFileList@@UAE@XZ|public: virtual __thiscall CRecentFileList::~CRecentFileList(void)|nafxcw|filelist.obj|unique|high|1
0x0060c894|CRecentFileList::Add|?Add@CRecentFileList@@UAEXPBD@Z|public: virtual void __thiscall CRecentFileList::Add(char const *)|nafxcw|filelist.obj|unique|high|1
0x0060c900|CRecentFileList::Remove|?Remove@CRecentFileList@@UAEXH@Z|public: virtual void __thiscall CRecentFileList::Remove(int)|nafxcw|filelist.obj|unique|high|1
0x0060c93b|CRecentFileList::GetDisplayName|?GetDisplayName@CRecentFileList@@QBEHAAVCString@@HPBDHH@Z|public: int __thiscall CRecentFileList::GetDisplayName(class CString &, int, char const *, int, int) const|nafxcw|filelist.obj|unique|high|1
0x0060ca44|CRecentFileList::UpdateMenu|?UpdateMenu@CRecentFileList@@UAEXPAVCCmdUI@@@Z|public: virtual void __thiscall CRecentFileList::UpdateMenu(class CCmdUI *)|nafxcw|filelist.obj|unique|high|1
0x0060cc8e|CRecentFileList::WriteList|?WriteList@CRecentFileList@@UAEXXZ|public: virtual void __thiscall CRecentFileList::WriteList(void)|nafxcw|filelist.obj|unique|high|1
0x0060cd0c|CRecentFileList::ReadList|?ReadList@CRecentFileList@@UAEXXZ|public: virtual void __thiscall CRecentFileList::ReadList(void)|nafxcw|filelist.obj|unique|high|1
0x0060ce85|CString::LoadStringA|?LoadStringA@CString@@QAEHI@Z|public: int __thiscall CString::LoadStringA(unsigned int)|nafxcw|winstr.obj|unique|high|1
0x0060cf09|AfxLoadString|?AfxLoadString@@YGHIPADI@Z|int __stdcall AfxLoadString(unsigned int, char *, unsigned int)|nafxcw|winstr.obj|unique|high|1
0x0060cf30|AfxExtractSubString|?AfxExtractSubString@@YGHAAVCString@@PBDHD@Z|int __stdcall AfxExtractSubString(class CString &, char const *, int, char)|nafxcw|winstr.obj|unique|high|1
0x0060cfa8|AUX_DATA::UpdateSysColors|?UpdateSysColors@AUX_DATA@@QAEXXZ|public: void __thiscall AUX_DATA::UpdateSysColors(void)|nafxcw|auxdata.obj|unique|high|1
0x0060cfec|AUX_DATA::UpdateSysMetrics|?UpdateSysMetrics@AUX_DATA@@QAEXXZ|public: void __thiscall AUX_DATA::UpdateSysMetrics(void)|nafxcw|auxdata.obj|unique|high|1
0x0060d044|CMenu::DeleteTempMap|?DeleteTempMap@CMenu@@SGXXZ|public: static void __stdcall CMenu::DeleteTempMap(void)|nafxcw|winmenu.obj|duplicate-body|review|5
0x0060d0c8|CMenu::FromHandle|?FromHandle@CMenu@@SGPAV1@PAUHMENU__@@@Z|public: static class CMenu * __stdcall CMenu::FromHandle(struct HMENU__*)|nafxcw|winmenu.obj|unique-via-existing|high|4
0x0060d0de|CMenu::FromHandlePermanent|?FromHandlePermanent@CMenu@@SGPAV1@PAUHMENU__@@@Z|public: static class CMenu * __stdcall CMenu::FromHandlePermanent(struct HMENU__*)|nafxcw|winmenu.obj|unique-via-existing|high|3
0x0060d127|CGdiObject::Detach|?Detach@CGdiObject@@QAEPAXXZ|public: void * __thiscall CGdiObject::Detach(void)|nafxcw|wingdi.obj|ambiguous|review|3
0x0060d151|CDC::DeleteDC|?DeleteDC@CDC@@QAEHXZ|public: int __thiscall CDC::DeleteDC(void)|nafxcw|wingdi.obj|ambiguous|review|4
0x0060d16d|AfxLockTempMaps|?AfxLockTempMaps@@YGXXZ|void __stdcall AfxLockTempMaps(void)|nafxcw|winhand.obj|unique|high|1
0x0060d176|AfxUnlockTempMaps|?AfxUnlockTempMaps@@YGHH@Z|int __stdcall AfxUnlockTempMaps(int)|nafxcw|winhand.obj|unique|high|1
0x0060d264|CHandleMap::CHandleMap|??0CHandleMap@@QAE@PAUCRuntimeClass@@IH@Z|public: __thiscall CHandleMap::CHandleMap(struct CRuntimeClass *, unsigned int, int)|nafxcw|winhand.obj|unique|high|1
0x0060d39b|CHandleMap::DeleteTemp|?DeleteTemp@CHandleMap@@QAEXXZ|public: void __thiscall CHandleMap::DeleteTemp(void)|nafxcw|winhand.obj|unique|high|1
0x0060d3fc|AfxWinMain|?AfxWinMain@@YGHPAUHINSTANCE__@@0PADH@Z|int __stdcall AfxWinMain(struct HINSTANCE__*, struct HINSTANCE__*, char *, int)|nafxcw|winmain.obj|unique|high|1
0x006106bd|CSingleDocTemplate::CSingleDocTemplate|??0CSingleDocTemplate@@QAE@IPAUCRuntimeClass@@00@Z|public: __thiscall CSingleDocTemplate::CSingleDocTemplate(unsigned int, struct CRuntimeClass *, struct CRuntimeClass *, struct CRuntimeClass *)|nafxcw|docsingl.obj|unique|high|1
0x006106e5|_GCAnimateCtrl|??_GCAnimateCtrl@@UAEPAXI@Z|public: virtual void * __thiscall CAnimateCtrl::`scalar deleting dtor'(unsigned int)|nafxcw|winctrl2.obj|ambiguous|review|191
0x00610701|CDBVariant::~CDBVariant|??1CDBVariant@@UAE@XZ|public: virtual __thiscall CDBVariant::~CDBVariant(void)|nafxcw|dbvar.obj|ambiguous|review|19
0x00610728|CSingleDocTemplate::AddDocument|?AddDocument@CSingleDocTemplate@@UAEXPAVCDocument@@@Z|public: virtual void __thiscall CSingleDocTemplate::AddDocument(class CDocument *)|nafxcw|docsingl.obj|unique|high|1
0x0061073e|CSingleDocTemplate::RemoveDocument|?RemoveDocument@CSingleDocTemplate@@UAEXPAVCDocument@@@Z|public: virtual void __thiscall CSingleDocTemplate::RemoveDocument(class CDocument *)|nafxcw|docsingl.obj|unique|high|1
0x00610752|CSingleDocTemplate::OpenDocumentFile|?OpenDocumentFile@CSingleDocTemplate@@UAEPAVCDocument@@PBDH@Z|public: virtual class CDocument * __thiscall CSingleDocTemplate::OpenDocumentFile(char const *, int)|nafxcw|docsingl.obj|unique|high|1
0x006108fe|CSingleDocTemplate::SetDefaultTitle|?SetDefaultTitle@CSingleDocTemplate@@UAEXPAVCDocument@@@Z|public: virtual void __thiscall CSingleDocTemplate::SetDefaultTitle(class CDocument *)|nafxcw|docsingl.obj|unique|high|1
0x00610965|AfxGetAfxWndProc|?AfxGetAfxWndProc@@YGP6GJPAUHWND__@@IIJ@ZXZ|long (__stdcall * __stdcall AfxGetAfxWndProc(void))(struct HWND__*, unsigned int, unsigned int, long)|nafxcw|wincore.obj|ambiguous|review|239
0x0061096b|CDocument::CDocument|??0CDocument@@QAE@XZ|public: __thiscall CDocument::CDocument(void)|nafxcw|doccore.obj|unique|high|1
0x006109cf|_GCAnimateCtrl|??_GCAnimateCtrl@@UAEPAXI@Z|public: virtual void * __thiscall CAnimateCtrl::`scalar deleting dtor'(unsigned int)|nafxcw|winctrl2.obj|ambiguous|review|191
0x006109eb|CDocument::~CDocument|??1CDocument@@UAE@XZ|public: virtual __thiscall CDocument::~CDocument(void)|nafxcw|doccore.obj|unique|high|1
0x00610a57|CDocument::OnFinalRelease|?OnFinalRelease@CDocument@@UAEXXZ|public: virtual void __thiscall CDocument::OnFinalRelease(void)|nafxcw|doccore.obj|unique|high|1
0x00610a5f|CDocument::DisconnectViews|?DisconnectViews@CDocument@@QAEXXZ|public: void __thiscall CDocument::DisconnectViews(void)|nafxcw|doccore.obj|unique|high|1
0x00610a80|CDocument::SetTitle|?SetTitle@CDocument@@UAEXPBD@Z|public: virtual void __thiscall CDocument::SetTitle(char const *)|nafxcw|doccore.obj|unique|high|1
0x00610a9e|CDocument::OnChangedViewList|?OnChangedViewList@CDocument@@UAEXXZ|public: virtual void __thiscall CDocument::OnChangedViewList(void)|nafxcw|doccore.obj|unique|high|1
0x00610aba|CDocument::UpdateFrameCounts|?UpdateFrameCounts@CDocument@@UAEXXZ|public: virtual void __thiscall CDocument::UpdateFrameCounts(void)|nafxcw|doccore.obj|unique|high|1
0x00610bbd|CDocument::CanCloseFrame|?CanCloseFrame@CDocument@@UAEHPAVCFrameWnd@@@Z|public: virtual int __thiscall CDocument::CanCloseFrame(class CFrameWnd *)|nafxcw|doccore.obj|unique|high|1
0x00610c08|CDatabase::BindParameters|?BindParameters@CDatabase@@UAEXPAX@Z|public: virtual void __thiscall CDatabase::BindParameters(void *)|nafxcw|dbcore.obj|ambiguous|review|45
0x00610c0b|CDocument::SetPathName|?SetPathName@CDocument@@UAEXPBDH@Z|public: virtual void __thiscall CDocument::SetPathName(char const *, int)|nafxcw|doccore.obj|unique|high|1
0x00610c87|CDocument::OnFileClose|?OnFileClose@CDocument@@IAEXXZ|protected: void __thiscall CDocument::OnFileClose(void)|nafxcw|doccore.obj|unique|high|1
0x00610cb7|CDocument::DoFileSave|?DoFileSave@CDocument@@UAEHXZ|public: virtual int __thiscall CDocument::DoFileSave(void)|nafxcw|doccore.obj|unique|high|1
0x00610e6f|CDocument::SaveModified|?SaveModified@CDocument@@UAEHXZ|public: virtual int __thiscall CDocument::SaveModified(void)|nafxcw|doccore.obj|unique|high|1
0x00610f84|COleDocument::GetContainer|?GetContainer@COleDocument@@UAEPAUIOleItemContainer@@XZ|public: virtual struct IOleItemContainer * __thiscall COleDocument::GetContainer(void)|nafxcw|oledoc1.obj|ambiguous|review|21
0x00610f87|COleDocument::GetContainer|?GetContainer@COleDocument@@UAEPAUIOleItemContainer@@XZ|public: virtual struct IOleItemContainer * __thiscall COleDocument::GetContainer(void)|nafxcw|oledoc1.obj|ambiguous|review|21
0x00610f8a|CDocument::ReportSaveLoadException|?ReportSaveLoadException@CDocument@@UAEXPBDPAVCException@@HI@Z|public: virtual void __thiscall CDocument::ReportSaveLoadException(char const *, class CException *, int, unsigned int)|nafxcw|doccore.obj|unique|high|1
0x006110fa|CMirrorFile::Open|?Open@CMirrorFile@@UAEHPBDIPAVCFileException@@@Z|public: virtual int __thiscall CMirrorFile::Open(char const *, unsigned int, class CFileException *)|nafxcw|doccore.obj|unique|high|1
0x006112c1|CMirrorFile::Abort|?Abort@CMirrorFile@@UAEXXZ|public: virtual void __thiscall CMirrorFile::Abort(void)|nafxcw|doccore.obj|unique|high|1
0x006112da|CMirrorFile::Close|?Close@CMirrorFile@@UAEXXZ|public: virtual void __thiscall CMirrorFile::Close(void)|nafxcw|doccore.obj|unique|high|1
0x00611334|CDocument::GetFile|?GetFile@CDocument@@UAEPAVCFile@@PBDIPAVCFileException@@@Z|public: virtual class CFile * __thiscall CDocument::GetFile(char const *, unsigned int, class CFileException *)|nafxcw|doccore.obj|unique|high|1
0x006113aa|_GCCtrlView|??_GCCtrlView@@UAEPAXI@Z|public: virtual void * __thiscall CCtrlView::`scalar deleting dtor'(unsigned int)|nafxcw|viewcore.obj|duplicate-body|review|191
0x006113c6|CMirrorFile::~CMirrorFile|??1CMirrorFile@@UAE@XZ|public: virtual __thiscall CMirrorFile::~CMirrorFile(void)|nafxcw|doccore.obj|unique|high|1
0x006113f7|CDocument::ReleaseFile|?ReleaseFile@CDocument@@UAEXPAVCFile@@H@Z|public: virtual void __thiscall CDocument::ReleaseFile(class CFile *, int)|nafxcw|doccore.obj|unique|high|1
0x00611420|CDocument::OnNewDocument|?OnNewDocument@CDocument@@UAEHXZ|public: virtual int __thiscall CDocument::OnNewDocument(void)|nafxcw|doccore.obj|unique|high|1
0x006117b5|CDocument::OnCloseDocument|?OnCloseDocument@CDocument@@UAEXXZ|public: virtual void __thiscall CDocument::OnCloseDocument(void)|nafxcw|doccore.obj|unique|high|1
0x0061180f|CObject::AssertValid|?AssertValid@CObject@@UBEXXZ|public: virtual void __thiscall CObject::AssertValid(void) const|nafxcw|except.obj|ambiguous|review|23
0x00611810|CDocument::AddView|?AddView@CDocument@@QAEXPAVCView@@@Z|public: void __thiscall CDocument::AddView(class CView *)|nafxcw|doccore.obj|unique|high|1
0x00611830|CDocument::RemoveView|?RemoveView@CDocument@@QAEXPAVCView@@@Z|public: void __thiscall CDocument::RemoveView(class CView *)|nafxcw|doccore.obj|unique|high|1
0x00611877|CDocument::UpdateAllViews|?UpdateAllViews@CDocument@@QAEXPAVCView@@JPAVCObject@@@Z|public: void __thiscall CDocument::UpdateAllViews(class CView *, long, class CObject *)|nafxcw|doccore.obj|unique|high|1
0x006118ba|CDocument::SendInitialUpdate|?SendInitialUpdate@CDocument@@QAEXXZ|public: void __thiscall CDocument::SendInitialUpdate(void)|nafxcw|doccore.obj|unique|high|1
0x006118ed|CDocument::OnCmdMsg|?OnCmdMsg@CDocument@@UAEHIHPAXPAUAFX_CMDHANDLERINFO@@@Z|public: virtual int __thiscall CDocument::OnCmdMsg(unsigned int, int, void *, struct AFX_CMDHANDLERINFO *)|nafxcw|doccore.obj|unique|high|1
0x00611930|operator<<|??6@YGAAVCArchive@@AAV0@ABVCString@@@Z|class CArchive & __stdcall operator<<(class CArchive &, class CString const &)|nafxcw|arccore.obj|unique|high|1
0x006119aa|operator>>|??5@YGAAVCArchive@@AAV0@AAVCString@@@Z|class CArchive & __stdcall operator>>(class CArchive &, class CString &)|nafxcw|arccore.obj|unique|high|1
0x00611a9e|SerializeElements|?SerializeElements@@YGXAAVCArchive@@PAVCString@@H@Z|void __stdcall SerializeElements(class CArchive &, class CString *, int)|nafxcw|arccore.obj|unique|high|1
0x00611aec|CRuntimeClass::Load|?Load@CRuntimeClass@@SGPAU1@AAVCArchive@@PAI@Z|public: static struct CRuntimeClass * __stdcall CRuntimeClass::Load(class CArchive &, unsigned int *)|nafxcw|arccore.obj|unique|high|1
0x00611b7c|CRuntimeClass::Store|?Store@CRuntimeClass@@QBEXAAVCArchive@@@Z|public: void __thiscall CRuntimeClass::Store(class CArchive &) const|nafxcw|arccore.obj|unique|high|1
0x00611bb4|CArchive::CArchive|??0CArchive@@QAE@PAVCFile@@IHPAX@Z|public: __thiscall CArchive::CArchive(class CFile *, unsigned int, int, void *)|nafxcw|arccore.obj|unique|high|1
0x00611c90|CArchive::~CArchive|??1CArchive@@QAE@XZ|public: __thiscall CArchive::~CArchive(void)|nafxcw|arccore.obj|unique|high|1
0x00611cd6|CArchive::Abort|?Abort@CArchive@@QAEXXZ|public: void __thiscall CArchive::Abort(void)|nafxcw|arccore.obj|unique|high|1
0x00611d18|CArchive::Close|?Close@CArchive@@QAEXXZ|public: void __thiscall CArchive::Close(void)|nafxcw|arccore.obj|unique|high|1
0x00611d26|CArchive::Read|?Read@CArchive@@QAEIPAXI@Z|public: unsigned int __thiscall CArchive::Read(void *, unsigned int)|nafxcw|arccore.obj|unique|high|1
0x00611e34|CArchive::Write|?Write@CArchive@@QAEXPBXI@Z|public: void __thiscall CArchive::Write(void const *, unsigned int)|nafxcw|arccore.obj|unique|high|1
0x00611ec4|CArchive::Flush|?Flush@CArchive@@QAEXXZ|public: void __thiscall CArchive::Flush(void)|nafxcw|arccore.obj|unique|high|1
0x00611f3e|CArchive::FillBuffer|?FillBuffer@CArchive@@QAEXI@Z|public: void __thiscall CArchive::FillBuffer(unsigned int)|nafxcw|arccore.obj|unique|high|1
0x00612000|CArchive::WriteCount|?WriteCount@CArchive@@QAEXK@Z|public: void __thiscall CArchive::WriteCount(unsigned long)|nafxcw|arccore.obj|unique|high|1
0x0061202e|CArchive::ReadCount|?ReadCount@CArchive@@QAEKXZ|public: unsigned long __thiscall CArchive::ReadCount(void)|nafxcw|arccore.obj|unique|high|1
0x0061205e|CArchive::WriteString|?WriteString@CArchive@@QAEXPBD@Z|public: void __thiscall CArchive::WriteString(char const *)|nafxcw|arccore.obj|unique|high|1
0x00612132|CArchive::ReadString|?ReadString@CArchive@@QAEHAAVCString@@@Z|public: int __thiscall CArchive::ReadString(class CString &)|nafxcw|arccore.obj|unique|high|1
0x006121cd|CArchive::CheckCount|?CheckCount@CArchive@@QAEXXZ|public: void __thiscall CArchive::CheckCount(void)|nafxcw|arcobj.obj|unique|high|1
0x006121e1|CArchive::WriteObject|?WriteObject@CArchive@@QAEXPBVCObject@@@Z|public: void __thiscall CArchive::WriteObject(class CObject const *)|nafxcw|arcobj.obj|unique|high|1
0x0061225e|CArchive::ReadObject|?ReadObject@CArchive@@QAEPAVCObject@@PBUCRuntimeClass@@@Z|public: class CObject * __thiscall CArchive::ReadObject(struct CRuntimeClass const *)|nafxcw|arcobj.obj|unique|high|1
0x00612315|CArchive::MapObject|?MapObject@CArchive@@QAEXPBVCObject@@@Z|public: void __thiscall CArchive::MapObject(class CObject const *)|nafxcw|arcobj.obj|unique|high|1
0x0061240d|CArchive::WriteClass|?WriteClass@CArchive@@QAEXPBUCRuntimeClass@@@Z|public: void __thiscall CArchive::WriteClass(struct CRuntimeClass const *)|nafxcw|arcobj.obj|unique|high|1
0x0061249e|CArchive::ReadClass|?ReadClass@CArchive@@QAEPAUCRuntimeClass@@PBU2@PAIPAK@Z|public: struct CRuntimeClass * __thiscall CArchive::ReadClass(struct CRuntimeClass const *, unsigned int *, unsigned long *)|nafxcw|arcobj.obj|unique|high|1
0x00612682|CDC::CDC|??0CDC@@QAE@XZ|public: __thiscall CDC::CDC(void)|nafxcw|wingdi.obj|unique|high|1
0x00612696|_GCDC|??_GCDC@@UAEPAXI@Z|public: virtual void * __thiscall CDC::`scalar deleting dtor'(unsigned int)|nafxcw|wingdi.obj|unique-via-existing|high|191
0x006126b2|CMenu::DeleteTempMap|?DeleteTempMap@CMenu@@SGXXZ|public: static void __stdcall CMenu::DeleteTempMap(void)|nafxcw|winmenu.obj|duplicate-body|review|5
0x00612736|CDC::FromHandle|?FromHandle@CDC@@SGPAV1@PAUHDC__@@@Z|public: static class CDC * __stdcall CDC::FromHandle(struct HDC__*)|nafxcw|wingdi.obj|ambiguous|review|4
0x0061274c|CDC::Attach|?Attach@CDC@@QAEHPAUHDC__@@@Z|public: int __thiscall CDC::Attach(struct HDC__*)|nafxcw|wingdi.obj|unique|high|1
0x00612783|CDC::Detach|?Detach@CDC@@QAEPAUHDC__@@XZ|public: struct HDC__* __thiscall CDC::Detach(void)|nafxcw|wingdi.obj|unique|high|1
0x006127ca|CDC::~CDC|??1CDC@@UAE@XZ|public: virtual __thiscall CDC::~CDC(void)|nafxcw|wingdi.obj|unique|high|1
0x00612828|CDC::StartDocA|?StartDocA@CDC@@QAEHPBD@Z|public: int __thiscall CDC::StartDocA(char const *)|nafxcw|wingdi.obj|unique|high|1
0x00612897|CDC::RestoreDC|?RestoreDC@CDC@@UAEHH@Z|public: virtual int __thiscall CDC::RestoreDC(int)|nafxcw|wingdi.obj|unique|high|1
0x006128ec|CDC::SelectStockObject|?SelectStockObject@CDC@@UAEPAVCGdiObject@@H@Z|public: virtual class CGdiObject * __thiscall CDC::SelectStockObject(int)|nafxcw|wingdi.obj|unique|high|1
0x00612931|CDC::SelectObject|?SelectObject@CDC@@QAEPAVCBrush@@PAV2@@Z|public: class CBrush * __thiscall CDC::SelectObject(class CBrush *)|nafxcw|wingdi.obj|ambiguous|review|3
0x00612984|CDC::SelectObject|?SelectObject@CDC@@QAEPAVCBrush@@PAV2@@Z|public: class CBrush * __thiscall CDC::SelectObject(class CBrush *)|nafxcw|wingdi.obj|duplicate-body|review|3
0x006129d7|CDC::SelectObject|?SelectObject@CDC@@QAEPAVCBrush@@PAV2@@Z|public: class CBrush * __thiscall CDC::SelectObject(class CBrush *)|nafxcw|wingdi.obj|duplicate-body|review|3
0x00612a2a|CDC::SelectClipRgn|?SelectClipRgn@CDC@@QAEHPAVCRgn@@@Z|public: int __thiscall CDC::SelectClipRgn(class CRgn *)|nafxcw|wingdi.obj|ambiguous|review|2
0x00612a9a|CDC::SetPolyFillMode|?SetPolyFillMode@CDC@@QAEHH@Z|public: int __thiscall CDC::SetPolyFillMode(int)|nafxcw|wingdi.obj|duplicate-body|review|11
0x00612ad2|CDC::SetMapperFlags|?SetMapperFlags@CDC@@QAEKK@Z|public: unsigned long __thiscall CDC::SetMapperFlags(unsigned long)|nafxcw|wingdi.obj|duplicate-body|review|11
0x00612b0a|CDC::SetPolyFillMode|?SetPolyFillMode@CDC@@QAEHH@Z|public: int __thiscall CDC::SetPolyFillMode(int)|nafxcw|wingdi.obj|duplicate-body|review|11
0x00612b42|CDC::SetPolyFillMode|?SetPolyFillMode@CDC@@QAEHH@Z|public: int __thiscall CDC::SetPolyFillMode(int)|nafxcw|wingdi.obj|duplicate-body|review|11
0x00612b7a|CDC::SetPolyFillMode|?SetPolyFillMode@CDC@@QAEHH@Z|public: int __thiscall CDC::SetPolyFillMode(int)|nafxcw|wingdi.obj|duplicate-body|review|11
0x00612bb2|CDC::SetPolyFillMode|?SetPolyFillMode@CDC@@QAEHH@Z|public: int __thiscall CDC::SetPolyFillMode(int)|nafxcw|wingdi.obj|duplicate-body|review|11
0x00612bea|CDC::SetMapMode|?SetMapMode@CDC@@UAEHH@Z|public: virtual int __thiscall CDC::SetMapMode(int)|nafxcw|wingdi.obj|unique-via-existing|high|11
0x00612c22|CDC::OffsetWindowOrg|?OffsetWindowOrg@CDC@@QAE?AVCPoint@@HH@Z|public: class CPoint __thiscall CDC::OffsetWindowOrg(int, int)|nafxcw|wingdi.obj|duplicate-body|review|7
0x00612c6e|CDC::OffsetWindowOrg|?OffsetWindowOrg@CDC@@QAE?AVCPoint@@HH@Z|public: class CPoint __thiscall CDC::OffsetWindowOrg(int, int)|nafxcw|wingdi.obj|duplicate-body|review|7
0x00612cba|CDC::OffsetWindowOrg|?OffsetWindowOrg@CDC@@QAE?AVCPoint@@HH@Z|public: class CPoint __thiscall CDC::OffsetWindowOrg(int, int)|nafxcw|wingdi.obj|duplicate-body|review|7
0x00612d06|CDC::ScaleWindowExt|?ScaleWindowExt@CDC@@UAE?AVCSize@@HHHH@Z|public: virtual class CSize __thiscall CDC::ScaleWindowExt(int, int, int, int)|nafxcw|wingdi.obj|duplicate-body|review|2
0x00612d5e|CDC::SetWindowOrg|?SetWindowOrg@CDC@@QAE?AVCPoint@@HH@Z|public: class CPoint __thiscall CDC::SetWindowOrg(int, int)|nafxcw|wingdi.obj|unique-via-existing|high|7
0x00612daa|CDC::OffsetWindowOrg|?OffsetWindowOrg@CDC@@QAE?AVCPoint@@HH@Z|public: class CPoint __thiscall CDC::OffsetWindowOrg(int, int)|nafxcw|wingdi.obj|duplicate-body|review|7
0x00612df6|CDC::OffsetWindowOrg|?OffsetWindowOrg@CDC@@QAE?AVCPoint@@HH@Z|public: class CPoint __thiscall CDC::OffsetWindowOrg(int, int)|nafxcw|wingdi.obj|duplicate-body|review|7
0x00612e42|CDC::ScaleWindowExt|?ScaleWindowExt@CDC@@UAE?AVCSize@@HHHH@Z|public: virtual class CSize __thiscall CDC::ScaleWindowExt(int, int, int, int)|nafxcw|wingdi.obj|duplicate-body|review|2
0x00612e9a|CDC::GetClipBox|?GetClipBox@CDC@@UBEHPAUtagRECT@@@Z|public: virtual int __thiscall CDC::GetClipBox(struct tagRECT *) const|nafxcw|wingdi.obj|unique-via-existing|high|6
0x00612eaa|CDC::SelectClipRgn|?SelectClipRgn@CDC@@QAEHPAVCRgn@@@Z|public: int __thiscall CDC::SelectClipRgn(class CRgn *)|nafxcw|wingdi.obj|duplicate-body|review|2
0x00612ef8|CDC::ExcludeClipRect|?ExcludeClipRect@CDC@@QAEHHHHH@Z|public: int __thiscall CDC::ExcludeClipRect(int, int, int, int)|nafxcw|wingdi.obj|ambiguous|review|2
0x00612f42|CDC::ExcludeClipRect|?ExcludeClipRect@CDC@@QAEHPBUtagRECT@@@Z|public: int __thiscall CDC::ExcludeClipRect(struct tagRECT const *)|nafxcw|wingdi.obj|ambiguous|review|2
0x00612f8e|CDC::ExcludeClipRect|?ExcludeClipRect@CDC@@QAEHHHHH@Z|public: int __thiscall CDC::ExcludeClipRect(int, int, int, int)|nafxcw|wingdi.obj|ambiguous|review|2
0x00612fd8|CDC::ExcludeClipRect|?ExcludeClipRect@CDC@@QAEHPBUtagRECT@@@Z|public: int __thiscall CDC::ExcludeClipRect(struct tagRECT const *)|nafxcw|wingdi.obj|ambiguous|review|2
0x00613024|CDC::OffsetClipRgn|?OffsetClipRgn@CDC@@QAEHHH@Z|public: int __thiscall CDC::OffsetClipRgn(int, int)|nafxcw|wingdi.obj|ambiguous|review|3
0x00613062|CDC::OffsetClipRgn|?OffsetClipRgn@CDC@@QAEHHH@Z|public: int __thiscall CDC::OffsetClipRgn(int, int)|nafxcw|wingdi.obj|ambiguous|review|3
0x006130a0|CDC::OffsetWindowOrg|?OffsetWindowOrg@CDC@@QAE?AVCPoint@@HH@Z|public: class CPoint __thiscall CDC::OffsetWindowOrg(int, int)|nafxcw|wingdi.obj|duplicate-body|review|7
0x006130ec|CDC::LineTo|?LineTo@CDC@@QAEHHH@Z|public: int __thiscall CDC::LineTo(int, int)|nafxcw|wingdi.obj|unique|high|1
0x00613121|CDC::SetTextAlign|?SetTextAlign@CDC@@QAEII@Z|public: unsigned int __thiscall CDC::SetTextAlign(unsigned int)|nafxcw|wingdi.obj|unique|high|1
0x00613155|CDC::OffsetClipRgn|?OffsetClipRgn@CDC@@QAEHHH@Z|public: int __thiscall CDC::OffsetClipRgn(int, int)|nafxcw|wingdi.obj|ambiguous|review|3
0x00613193|CDC::SetPolyFillMode|?SetPolyFillMode@CDC@@QAEHH@Z|public: int __thiscall CDC::SetPolyFillMode(int)|nafxcw|wingdi.obj|duplicate-body|review|11
0x006131cb|CDC::SetMapperFlags|?SetMapperFlags@CDC@@QAEKK@Z|public: unsigned long __thiscall CDC::SetMapperFlags(unsigned long)|nafxcw|wingdi.obj|duplicate-body|review|11
0x00613203|CDC::ArcTo|?ArcTo@CDC@@QAEHHHHHHHHH@Z|public: int __thiscall CDC::ArcTo(int, int, int, int, int, int, int, int)|nafxcw|wingdi.obj|unique|high|1
0x0061325b|CDC::SetPolyFillMode|?SetPolyFillMode@CDC@@QAEHH@Z|public: int __thiscall CDC::SetPolyFillMode(int)|nafxcw|wingdi.obj|duplicate-body|review|11
0x00613293|CDC::PolyDraw|?PolyDraw@CDC@@QAEHPBUtagPOINT@@PBEH@Z|public: int __thiscall CDC::PolyDraw(struct tagPOINT const *, unsigned char const *, int)|nafxcw|wingdi.obj|unique|high|1
0x006132dc|CDC::PolyBezierTo|?PolyBezierTo@CDC@@QAEHPBUtagPOINT@@H@Z|public: int __thiscall CDC::PolyBezierTo(struct tagPOINT const *, int)|nafxcw|wingdi.obj|duplicate-body|review|2
0x00613322|CDC::SetPolyFillMode|?SetPolyFillMode@CDC@@QAEHH@Z|public: int __thiscall CDC::SetPolyFillMode(int)|nafxcw|wingdi.obj|duplicate-body|review|11
0x0061335a|CDC::PolyBezierTo|?PolyBezierTo@CDC@@QAEHPBUtagPOINT@@H@Z|public: int __thiscall CDC::PolyBezierTo(struct tagPOINT const *, int)|nafxcw|wingdi.obj|duplicate-body|review|2
0x006133a0|CDC::SelectClipPath|?SelectClipPath@CDC@@QAEHH@Z|public: int __thiscall CDC::SelectClipPath(int)|nafxcw|wingdi.obj|unique|high|1
0x006133fe|CDC::SelectClipRgn|?SelectClipRgn@CDC@@QAEHPAVCRgn@@H@Z|public: int __thiscall CDC::SelectClipRgn(class CRgn *, int)|nafxcw|wingdi.obj|unique|high|1
0x00613452|AfxEnumMetaFileProc|?AfxEnumMetaFileProc@@YGHPAUHDC__@@PAUtagHANDLETABLE@@PAUtagMETARECORD@@HJ@Z|int __stdcall AfxEnumMetaFileProc(struct HDC__*, struct tagHANDLETABLE *, struct tagMETARECORD *, int, long)|nafxcw|wingdi.obj|unique|high|1
0x00613686|CDC::PlayMetaFile|?PlayMetaFile@CDC@@QAEHPAUHMETAFILE__@@@Z|public: int __thiscall CDC::PlayMetaFile(struct HMETAFILE__*)|nafxcw|wingdi.obj|unique|high|1
0x006136bf|CDC::LPtoDP|?LPtoDP@CDC@@QBEXPAUtagSIZE@@@Z|public: void __thiscall CDC::LPtoDP(struct tagSIZE *) const|nafxcw|wingdi.obj|unique|high|1
0x00613728|CDC::DPtoLP|?DPtoLP@CDC@@QBEXPAUtagSIZE@@@Z|public: void __thiscall CDC::DPtoLP(struct tagSIZE *) const|nafxcw|wingdi.obj|unique|high|1
0x00613791|CClientDC::CClientDC|??0CClientDC@@QAE@PAVCWnd@@@Z|public: __thiscall CClientDC::CClientDC(class CWnd *)|nafxcw|wingdi.obj|ambiguous|review|2
0x006137e7|_GCAnimateCtrl|??_GCAnimateCtrl@@UAEPAXI@Z|public: virtual void * __thiscall CAnimateCtrl::`scalar deleting dtor'(unsigned int)|nafxcw|winctrl2.obj|ambiguous|review|191
0x00613803|CClientDC::~CClientDC|??1CClientDC@@UAE@XZ|public: virtual __thiscall CClientDC::~CClientDC(void)|nafxcw|wingdi.obj|ambiguous|review|2
0x00613845|CWindowDC::CWindowDC|??0CWindowDC@@QAE@PAVCWnd@@@Z|public: __thiscall CWindowDC::CWindowDC(class CWnd *)|nafxcw|wingdi.obj|unique-via-existing|high|2
0x0061389b|_GCClientDC|??_GCClientDC@@UAEPAXI@Z|public: virtual void * __thiscall CClientDC::`scalar deleting dtor'(unsigned int)|nafxcw|wingdi.obj|unique-via-existing|high|191
0x006138b7|CWindowDC::~CWindowDC|??1CWindowDC@@UAE@XZ|public: virtual __thiscall CWindowDC::~CWindowDC(void)|nafxcw|wingdi.obj|unique-via-existing|high|2
0x006138f9|CPaintDC::CPaintDC|??0CPaintDC@@QAE@PAVCWnd@@@Z|public: __thiscall CPaintDC::CPaintDC(class CWnd *)|nafxcw|wingdi.obj|unique|high|1
0x0061394f|_GCPaintDC|??_GCPaintDC@@UAEPAXI@Z|public: virtual void * __thiscall CPaintDC::`scalar deleting dtor'(unsigned int)|nafxcw|wingdi.obj|unique-via-existing|high|191
0x0061396b|CPaintDC::~CPaintDC|??1CPaintDC@@UAE@XZ|public: virtual __thiscall CPaintDC::~CPaintDC(void)|nafxcw|wingdi.obj|unique|high|1
0x006139b2|CMenu::DeleteTempMap|?DeleteTempMap@CMenu@@SGXXZ|public: static void __stdcall CMenu::DeleteTempMap(void)|nafxcw|winmenu.obj|duplicate-body|review|5
0x00613a36|CGdiObject::FromHandle|?FromHandle@CGdiObject@@SGPAV1@PAX@Z|public: static class CGdiObject * __stdcall CGdiObject::FromHandle(void *)|nafxcw|wingdi.obj|unique-via-existing|high|4
0x00613a4c|CGdiObject::Attach|?Attach@CGdiObject@@QAEHPAX@Z|public: int __thiscall CGdiObject::Attach(void *)|nafxcw|wingdi.obj|unique-via-existing|high|3
0x00613a79|CMenu::Detach|?Detach@CMenu@@QAEPAUHMENU__@@XZ|public: struct HMENU__* __thiscall CMenu::Detach(void)|nafxcw|winmenu.obj|duplicate-body|review|3
0x00613aa3|CGdiObject::DeleteObject|?DeleteObject@CGdiObject@@QAEHXZ|public: int __thiscall CGdiObject::DeleteObject(void)|nafxcw|wingdi.obj|unique-via-existing|high|4
0x00613ab9|CPen::CPen|??0CPen@@QAE@HHK@Z|public: __thiscall CPen::CPen(int, int, unsigned long)|nafxcw|wingdi.obj|unique|high|1
0x00613b09|CPen::CPen|??0CPen@@QAE@HHPBUtagLOGBRUSH@@HPBK@Z|public: __thiscall CPen::CPen(int, int, struct tagLOGBRUSH const *, int, unsigned long const *)|nafxcw|wingdi.obj|unique|high|1
0x00613b5f|CBrush::CBrush|??0CBrush@@QAE@K@Z|public: __thiscall CBrush::CBrush(unsigned long)|nafxcw|wingdi.obj|unique|high|1
0x00613ba9|CBrush::CBrush|??0CBrush@@QAE@HK@Z|public: __thiscall CBrush::CBrush(int, unsigned long)|nafxcw|wingdi.obj|unique|high|1
0x00613bf6|CBrush::CBrush|??0CBrush@@QAE@PAVCBitmap@@@Z|public: __thiscall CBrush::CBrush(class CBitmap *)|nafxcw|wingdi.obj|unique|high|1
0x00613c43|CBrush::CreateDIBPatternBrush|?CreateDIBPatternBrush@CBrush@@QAEHPAXI@Z|public: int __thiscall CBrush::CreateDIBPatternBrush(void *, unsigned int)|nafxcw|wingdi.obj|unique|high|1
0x00613c75|AfxThrowResourceException|?AfxThrowResourceException@@YGXXZ|void __stdcall AfxThrowResourceException(void)|nafxcw|wingdi.obj|unique-via-existing|high|4
0x00613c90|AfxThrowUserException|?AfxThrowUserException@@YGXXZ|void __stdcall AfxThrowUserException(void)|nafxcw|wingdi.obj|unique-via-existing|high|4
0x00613cb1|CView::CView|??0CView@@IAE@XZ|protected: __thiscall CView::CView(void)|nafxcw|viewcore.obj|unique|high|1
0x00613cc7|_GCView|??_GCView@@UAEPAXI@Z|public: virtual void * __thiscall CView::`scalar deleting dtor'(unsigned int)|nafxcw|viewcore.obj|unique-via-existing|high|191
0x00613ce3|CView::~CView|??1CView@@UAE@XZ|public: virtual __thiscall CView::~CView(void)|nafxcw|viewcore.obj|unique|high|1
0x00613d23|CView::PreCreateWindow|?PreCreateWindow@CView@@MAEHAAUtagCREATESTRUCTA@@@Z|protected: virtual int __thiscall CView::PreCreateWindow(struct tagCREATESTRUCTA &)|nafxcw|viewcore.obj|unique|high|1
0x00613d76|CView::OnCreate|?OnCreate@CView@@IAEHPAUtagCREATESTRUCTA@@@Z|protected: int __thiscall CView::OnCreate(struct tagCREATESTRUCTA *)|nafxcw|viewcore.obj|unique|high|1
0x00613da6|CView::OnDestroy|?OnDestroy@CView@@IAEXXZ|protected: void __thiscall CView::OnDestroy(void)|nafxcw|viewcore.obj|unique|high|1
0x00613dd5|CFindReplaceDialog::PostNcDestroy|?PostNcDestroy@CFindReplaceDialog@@MAEXXZ|protected: virtual void __thiscall CFindReplaceDialog::PostNcDestroy(void)|nafxcw|dlgfr.obj|ambiguous|review|3
0x00613e49|CView::OnCmdMsg|?OnCmdMsg@CView@@MAEHIHPAXPAUAFX_CMDHANDLERINFO@@@Z|protected: virtual int __thiscall CView::OnCmdMsg(unsigned int, int, void *, struct AFX_CMDHANDLERINFO *)|nafxcw|viewcore.obj|unique|high|1
0x00613eb0|CView::OnPaint|?OnPaint@CView@@IAEXXZ|protected: void __thiscall CView::OnPaint(void)|nafxcw|viewcore.obj|unique|high|1
0x00613f04|CView::OnInitialUpdate|?OnInitialUpdate@CView@@UAEXXZ|public: virtual void __thiscall CView::OnInitialUpdate(void)|nafxcw|viewcore.obj|unique|high|1
0x00613f12|CView::OnUpdate|?OnUpdate@CView@@MAEXPAV1@JPAVCObject@@@Z|protected: virtual void __thiscall CView::OnUpdate(class CView *, long, class CObject *)|nafxcw|viewcore.obj|unique|high|1
0x00613f22|CView::OnPrint|?OnPrint@CView@@MAEXPAVCDC@@PAUCPrintInfo@@@Z|protected: virtual void __thiscall CView::OnPrint(class CDC *, struct CPrintInfo *)|nafxcw|viewcore.obj|unique|high|1
0x00613f39|CView::OnActivateView|?OnActivateView@CView@@MAEXHPAV1@0@Z|protected: virtual void __thiscall CView::OnActivateView(int, class CView *, class CView *)|nafxcw|viewcore.obj|unique|high|1
0x00613f5a|CView::OnMouseActivate|?OnMouseActivate@CView@@IAEHPAVCWnd@@II@Z|protected: int __thiscall CView::OnMouseActivate(class CWnd *, unsigned int, unsigned int)|nafxcw|viewcore.obj|unique|high|1
0x00613fef|CView::GetParentSplitter|?GetParentSplitter@CView@@SGPAVCSplitterWnd@@PBVCWnd@@H@Z|public: static class CSplitterWnd * __stdcall CView::GetParentSplitter(class CWnd const *, int)|nafxcw|viewcore.obj|unique|high|1
0x0061404d|CView::GetScrollBarCtrl|?GetScrollBarCtrl@CView@@UBEPAVCScrollBar@@H@Z|public: virtual class CScrollBar * __thiscall CView::GetScrollBarCtrl(int) const|nafxcw|viewcore.obj|unique|high|1
0x0061416e|CView::OnPrepareDC|?OnPrepareDC@CView@@UAEXPAVCDC@@PAUCPrintInfo@@@Z|public: virtual void __thiscall CView::OnPrepareDC(class CDC *, struct CPrintInfo *)|nafxcw|viewcore.obj|unique|high|1
0x0061419f|CView::OnEndPrintPreview|?OnEndPrintPreview@CView@@MAEXPAVCDC@@PAUCPrintInfo@@UtagPOINT@@PAVCPreviewView@@@Z|protected: virtual void __thiscall CView::OnEndPrintPreview(class CDC *, struct CPrintInfo *, struct tagPOINT, class CPreviewView *)|nafxcw|viewcore.obj|unique|high|1
0x006142c0|_GCCtrlView|??_GCCtrlView@@UAEPAXI@Z|public: virtual void * __thiscall CCtrlView::`scalar deleting dtor'(unsigned int)|nafxcw|viewcore.obj|duplicate-body|review|191
0x006142dc|CCtrlView::PreCreateWindow|?PreCreateWindow@CCtrlView@@MAEHAAUtagCREATESTRUCTA@@@Z|protected: virtual int __thiscall CCtrlView::PreCreateWindow(struct tagCREATESTRUCTA &)|nafxcw|viewcore.obj|unique|high|1
0x00614331|AfxCustomLogFont|?AfxCustomLogFont@@YGHIPAUtagLOGFONTA@@@Z|int __stdcall AfxCustomLogFont(unsigned int, struct tagLOGFONTA *)|nafxcw|winutil.obj|unique|high|1
0x006143a9|_AfxIsComboBoxControl|?_AfxIsComboBoxControl@@YGHPAUHWND__@@I@Z|int __stdcall _AfxIsComboBoxControl(struct HWND__*, unsigned int)|nafxcw|winutil.obj|unique|high|1
0x006143f3|_AfxCompareClassName|?_AfxCompareClassName@@YGHPAUHWND__@@PBD@Z|int __stdcall _AfxCompareClassName(struct HWND__*, char const *)|nafxcw|winutil.obj|unique|high|1
0x0061441e|_AfxChildWindowFromPoint|?_AfxChildWindowFromPoint@@YGPAUHWND__@@PAU1@UtagPOINT@@@Z|struct HWND__* __stdcall _AfxChildWindowFromPoint(struct HWND__*, struct tagPOINT)|nafxcw|winutil.obj|unique|high|1
0x00614493|AfxSetWindowText|?AfxSetWindowText@@YGXPAUHWND__@@PBD@Z|void __stdcall AfxSetWindowText(struct HWND__*, char const *)|nafxcw|winutil.obj|unique|high|1
0x006144eb|AfxDeleteObject|?AfxDeleteObject@@YGXPAPAX@Z|void __stdcall AfxDeleteObject(void **)|nafxcw|winutil.obj|unique|high|1
0x00614504|AfxCancelModes|?AfxCancelModes@@YGXPAUHWND__@@@Z|void __stdcall AfxCancelModes(struct HWND__*)|nafxcw|winutil.obj|unique|high|1
0x0061457b|AfxGlobalFree|?AfxGlobalFree@@YGXPAX@Z|void __stdcall AfxGlobalFree(void *)|nafxcw|winutil.obj|unique|high|1
0x00614603|CDocManager::OpenDocumentFile|?OpenDocumentFile@CDocManager@@UAEPAVCDocument@@PBD@Z|public: virtual class CDocument * __thiscall CDocManager::OpenDocumentFile(char const *)|nafxcw|docmgr.obj|unique|high|1
0x00614744|CDocManager::GetOpenDocumentCount|?GetOpenDocumentCount@CDocManager@@UAEHXZ|public: virtual int __thiscall CDocManager::GetOpenDocumentCount(void)|nafxcw|docmgr.obj|unique|high|1
0x00614790|CDocTemplate::CDocTemplate|??0CDocTemplate@@IAE@IPAUCRuntimeClass@@00@Z|protected: __thiscall CDocTemplate::CDocTemplate(unsigned int, struct CRuntimeClass *, struct CRuntimeClass *, struct CRuntimeClass *)|nafxcw|doctempl.obj|unique|high|1
0x00614893|_GCDocTemplate|??_GCDocTemplate@@UAEPAXI@Z|public: virtual void * __thiscall CDocTemplate::`scalar deleting dtor'(unsigned int)|nafxcw|doctempl.obj|unique-via-existing|high|191
0x006148af|CDocTemplate::LoadTemplate|?LoadTemplate@CDocTemplate@@UAEXXZ|public: virtual void __thiscall CDocTemplate::LoadTemplate(void)|nafxcw|doctempl.obj|unique|high|1
0x0061499c|CDocTemplate::~CDocTemplate|??1CDocTemplate@@UAE@XZ|public: virtual __thiscall CDocTemplate::~CDocTemplate(void)|nafxcw|doctempl.obj|unique|high|1
0x00614a04|CDocTemplate::GetDocString|?GetDocString@CDocTemplate@@UBEHAAVCString@@W4DocStringIndex@1@@Z|public: virtual int __thiscall CDocTemplate::GetDocString(class CString &, enum CDocTemplate::DocStringIndex) const|nafxcw|doctempl.obj|unique|high|1
0x00614a19|CDocTemplate::AddDocument|?AddDocument@CDocTemplate@@UAEXPAVCDocument@@@Z|public: virtual void __thiscall CDocTemplate::AddDocument(class CDocument *)|nafxcw|doctempl.obj|unique|high|1
0x00614a23|CDocTemplate::RemoveDocument|?RemoveDocument@CDocTemplate@@UAEXPAVCDocument@@@Z|public: virtual void __thiscall CDocTemplate::RemoveDocument(class CDocument *)|nafxcw|doctempl.obj|unique|high|1
0x00614a2e|CDocTemplate::MatchDocType|?MatchDocType@CDocTemplate@@UAE?AW4Confidence@1@PBDAAPAVCDocument@@@Z|public: virtual enum CDocTemplate::Confidence __thiscall CDocTemplate::MatchDocType(char const *, class CDocument *&)|nafxcw|doctempl.obj|unique|high|1
0x00614aeb|CDocTemplate::CreateNewDocument|?CreateNewDocument@CDocTemplate@@UAEPAVCDocument@@XZ|public: virtual class CDocument * __thiscall CDocTemplate::CreateNewDocument(void)|nafxcw|doctempl.obj|unique|high|1
0x00614b12|CDocTemplate::CreateNewFrame|?CreateNewFrame@CDocTemplate@@UAEPAVCFrameWnd@@PAVCDocument@@PAV2@@Z|public: virtual class CFrameWnd * __thiscall CDocTemplate::CreateNewFrame(class CDocument *, class CFrameWnd *)|nafxcw|doctempl.obj|unique|high|1
0x00614b7b|CDocTemplate::CreateOleFrame|?CreateOleFrame@CDocTemplate@@QAEPAVCFrameWnd@@PAVCWnd@@PAVCDocument@@H@Z|public: class CFrameWnd * __thiscall CDocTemplate::CreateOleFrame(class CWnd *, class CDocument *, int)|nafxcw|doctempl.obj|unique|high|1
0x00614bef|CDocTemplate::InitialUpdateFrame|?InitialUpdateFrame@CDocTemplate@@UAEXPAVCFrameWnd@@PAVCDocument@@H@Z|public: virtual void __thiscall CDocTemplate::InitialUpdateFrame(class CFrameWnd *, class CDocument *, int)|nafxcw|doctempl.obj|unique|high|1
0x00614c03|CDocTemplate::SaveAllModified|?SaveAllModified@CDocTemplate@@UAEHXZ|public: virtual int __thiscall CDocTemplate::SaveAllModified(void)|nafxcw|doctempl.obj|unique|high|1
0x00614c41|CDocTemplate::CloseAllDocuments|?CloseAllDocuments@CDocTemplate@@UAEXH@Z|public: virtual void __thiscall CDocTemplate::CloseAllDocuments(int)|nafxcw|doctempl.obj|unique|high|1
0x00614c76|CDocTemplate::OnIdle|?OnIdle@CDocTemplate@@UAEXXZ|public: virtual void __thiscall CDocTemplate::OnIdle(void)|nafxcw|doctempl.obj|unique|high|1
0x00614ca9|CDocTemplate::OnCmdMsg|?OnCmdMsg@CDocTemplate@@UAEHIHPAXPAUAFX_CMDHANDLERINFO@@@Z|public: virtual int __thiscall CDocTemplate::OnCmdMsg(unsigned int, int, void *, struct AFX_CMDHANDLERINFO *)|nafxcw|doctempl.obj|unique|high|1
0x00614cfa|_AfxGetMouseScrollLines|?_AfxGetMouseScrollLines@@YAIH@Z|unsigned int __cdecl _AfxGetMouseScrollLines(int)|nafxcw|viewscrl.obj|unique|high|1
0x00614e71|CScrollView::CScrollView|??0CScrollView@@IAE@XZ|protected: __thiscall CScrollView::CScrollView(void)|nafxcw|viewscrl.obj|unique|high|1
0x00614e98|_GCAnimateCtrl|??_GCAnimateCtrl@@UAEPAXI@Z|public: virtual void * __thiscall CAnimateCtrl::`scalar deleting dtor'(unsigned int)|nafxcw|winctrl2.obj|ambiguous|review|191
0x00614eb4|CDBVariant::~CDBVariant|??1CDBVariant@@UAE@XZ|public: virtual __thiscall CDBVariant::~CDBVariant(void)|nafxcw|dbvar.obj|ambiguous|review|19
0x00614ebf|CScrollView::OnPrepareDC|?OnPrepareDC@CScrollView@@UAEXPAVCDC@@PAUCPrintInfo@@@Z|public: virtual void __thiscall CScrollView::OnPrepareDC(class CDC *, struct CPrintInfo *)|nafxcw|viewscrl.obj|unique|high|1
0x00614f95|CScrollView::SetScaleToFitSize|?SetScaleToFitSize@CScrollView@@QAEXUtagSIZE@@@Z|public: void __thiscall CScrollView::SetScaleToFitSize(struct tagSIZE)|nafxcw|viewscrl.obj|unique|high|1
0x00615020|CScrollView::SetScrollSizes|?SetScrollSizes@CScrollView@@QAEXHUtagSIZE@@ABU2@1@Z|public: void __thiscall CScrollView::SetScrollSizes(int, struct tagSIZE, struct tagSIZE const &, struct tagSIZE const &)|nafxcw|viewscrl.obj|unique|high|1
0x00615152|CScrollView::GetScrollPosition|?GetScrollPosition@CScrollView@@QBE?AVCPoint@@XZ|public: class CPoint __thiscall CScrollView::GetScrollPosition(void) const|nafxcw|viewscrl.obj|unique|high|1
0x006151d6|CScrollView::ScrollToPosition|?ScrollToPosition@CScrollView@@QAEXUtagPOINT@@@Z|public: void __thiscall CScrollView::ScrollToPosition(struct tagPOINT)|nafxcw|viewscrl.obj|unique|high|1
0x00615277|CScrollView::GetDeviceScrollPosition|?GetDeviceScrollPosition@CScrollView@@QBE?AVCPoint@@XZ|public: class CPoint __thiscall CScrollView::GetDeviceScrollPosition(void) const|nafxcw|viewscrl.obj|unique|high|1
0x00615329|CScrollView::ScrollToDevicePosition|?ScrollToDevicePosition@CScrollView@@IAEXUtagPOINT@@@Z|protected: void __thiscall CScrollView::ScrollToDevicePosition(struct tagPOINT)|nafxcw|viewscrl.obj|unique|high|1
0x0061537b|CScrollView::FillOutsideRect|?FillOutsideRect@CScrollView@@QAEXPAVCDC@@PAVCBrush@@@Z|public: void __thiscall CScrollView::FillOutsideRect(class CDC *, class CBrush *)|nafxcw|viewscrl.obj|unique|high|1
0x006153fe|CScrollView::ResizeParentToFit|?ResizeParentToFit@CScrollView@@QAEXH@Z|public: void __thiscall CScrollView::ResizeParentToFit(int)|nafxcw|viewscrl.obj|unique|high|1
0x00615517|CScrollView::OnSize|?OnSize@CScrollView@@QAEXIHH@Z|public: void __thiscall CScrollView::OnSize(unsigned int, int, int)|nafxcw|viewscrl.obj|unique|high|1
0x0061553f|CScrollView::CenterOnPoint|?CenterOnPoint@CScrollView@@IAEXVCPoint@@@Z|protected: void __thiscall CScrollView::CenterOnPoint(class CPoint)|nafxcw|viewscrl.obj|unique|high|1
0x006155ed|CScrollView::GetScrollBarSizes|?GetScrollBarSizes@CScrollView@@IAEXAAVCSize@@@Z|protected: void __thiscall CScrollView::GetScrollBarSizes(class CSize &)|nafxcw|viewscrl.obj|unique|high|1
0x00615647|CScrollView::GetTrueClientSize|?GetTrueClientSize@CScrollView@@IAEHAAVCSize@@0@Z|protected: int __thiscall CScrollView::GetTrueClientSize(class CSize &, class CSize &)|nafxcw|viewscrl.obj|unique|high|1
0x006156bc|CScrollView::GetScrollBarState|?GetScrollBarState@CScrollView@@IAEXVCSize@@AAV2@1AAVCPoint@@H@Z|protected: void __thiscall CScrollView::GetScrollBarState(class CSize, class CSize &, class CSize &, class CPoint &, int)|nafxcw|viewscrl.obj|unique|high|1
0x00615778|CScrollView::UpdateBars|?UpdateBars@CScrollView@@IAEXXZ|protected: void __thiscall CScrollView::UpdateBars(void)|nafxcw|viewscrl.obj|unique|high|1
0x006158ee|CScrollView::CalcWindowRect|?CalcWindowRect@CScrollView@@UAEXPAUtagRECT@@I@Z|public: virtual void __thiscall CScrollView::CalcWindowRect(struct tagRECT *, unsigned int)|nafxcw|viewscrl.obj|unique|high|1
0x00615975|CScrollView::OnHScroll|?OnHScroll@CScrollView@@QAEXIIPAVCScrollBar@@@Z|public: void __thiscall CScrollView::OnHScroll(unsigned int, unsigned int, class CScrollBar *)|nafxcw|viewscrl.obj|unique|high|1
0x006159b9|CScrollView::OnVScroll|?OnVScroll@CScrollView@@QAEXIIPAVCScrollBar@@@Z|public: void __thiscall CScrollView::OnVScroll(unsigned int, unsigned int, class CScrollBar *)|nafxcw|viewscrl.obj|unique|high|1
0x00615a00|CScrollView::OnMouseWheel|?OnMouseWheel@CScrollView@@QAEHIFVCPoint@@@Z|public: int __thiscall CScrollView::OnMouseWheel(unsigned int, short, class CPoint)|nafxcw|viewscrl.obj|unique|high|1
0x00615a34|CScrollView::DoMouseWheel|?DoMouseWheel@CScrollView@@QAEHIFVCPoint@@@Z|public: int __thiscall CScrollView::DoMouseWheel(unsigned int, short, class CPoint)|nafxcw|viewscrl.obj|unique|high|1
0x00615b58|CScrollView::OnScroll|?OnScroll@CScrollView@@UAEHIIH@Z|public: virtual int __thiscall CScrollView::OnScroll(unsigned int, unsigned int, int)|nafxcw|viewscrl.obj|unique|high|1
0x00615c28|CScrollView::OnScrollBy|?OnScrollBy@CScrollView@@UAEHVCSize@@H@Z|public: virtual int __thiscall CScrollView::OnScrollBy(class CSize, int)|nafxcw|viewscrl.obj|unique|high|1
0x00615d2b|CArchiveException::GetErrorMessage|?GetErrorMessage@CArchiveException@@UAEHPADIPAI@Z|public: virtual int __thiscall CArchiveException::GetErrorMessage(char *, unsigned int, unsigned int *)|nafxcw|arcex.obj|unique|high|1
0x00615dcb|AfxThrowArchiveException|?AfxThrowArchiveException@@YGXHPBD@Z|void __stdcall AfxThrowArchiveException(int, char const *)|nafxcw|arcex.obj|unique|high|1
0x0061842f|CWinApp::OnFileNew|?OnFileNew@CWinApp@@IAEXXZ|protected: void __thiscall CWinApp::OnFileNew(void)|nafxcw|appdlg.obj|unique|high|1
0x0061844a|CWinApp::DoPromptFileName|?DoPromptFileName@CWinApp@@QAEHAAVCString@@IKHPAVCDocTemplate@@@Z|public: int __thiscall CWinApp::DoPromptFileName(class CString &, unsigned int, unsigned long, int, class CDocTemplate *)|nafxcw|appdlg.obj|unique|high|1
0x0061846b|CWinApp::HideApplication|?HideApplication@CWinApp@@QAEXXZ|public: void __thiscall CWinApp::HideApplication(void)|nafxcw|appui.obj|unique|high|1
0x0061849d|CWinApp::DoWaitCursor|?DoWaitCursor@CWinApp@@UAEXH@Z|public: virtual void __thiscall CWinApp::DoWaitCursor(int)|nafxcw|appui.obj|unique|high|1
0x006184fc|CWinApp::EnableModeless|?EnableModeless@CWinApp@@QAEXH@Z|public: void __thiscall CWinApp::EnableModeless(int)|nafxcw|appui.obj|unique|high|1
0x0061852a|CWinApp::DoMessageBox|?DoMessageBox@CWinApp@@UAEHPBDII@Z|public: virtual int __thiscall CWinApp::DoMessageBox(char const *, unsigned int, unsigned int)|nafxcw|appui.obj|unique|high|1
0x006185e4|AfxMessageBox|?AfxMessageBox@@YGHPBDII@Z|int __stdcall AfxMessageBox(char const *, unsigned int, unsigned int)|nafxcw|appui.obj|unique|high|1
0x00618605|AfxMessageBox|?AfxMessageBox@@YGHIII@Z|int __stdcall AfxMessageBox(unsigned int, unsigned int, unsigned int)|nafxcw|appui.obj|unique|high|1
0x006186a4|CWinApp::SaveAllModified|?SaveAllModified@CWinApp@@UAEHXZ|public: virtual int __thiscall CWinApp::SaveAllModified(void)|nafxcw|appui.obj|unique|high|1
0x006186b7|CWinApp::AddToRecentFileList|?AddToRecentFileList@CWinApp@@UAEXPBD@Z|public: virtual void __thiscall CWinApp::AddToRecentFileList(char const *)|nafxcw|appui.obj|unique|high|1
0x006186f2|CWinApp::OpenDocumentFile|?OpenDocumentFile@CWinApp@@UAEPAVCDocument@@PBD@Z|public: virtual class CDocument * __thiscall CWinApp::OpenDocumentFile(char const *)|nafxcw|appui.obj|unique|high|1
0x00618704|CWinApp::CloseAllDocuments|?CloseAllDocuments@CWinApp@@QAEXH@Z|public: void __thiscall CWinApp::CloseAllDocuments(int)|nafxcw|appui.obj|unique|high|1
0x00618753|CDatabase::BindParameters|?BindParameters@CDatabase@@UAEXPAX@Z|public: virtual void __thiscall CDatabase::BindParameters(void *)|nafxcw|dbcore.obj|ambiguous|review|45
0x0061878f|CWinApp::AddDocTemplate|?AddDocTemplate@CWinApp@@QAEXPAVCDocTemplate@@@Z|public: void __thiscall CWinApp::AddDocTemplate(class CDocTemplate *)|nafxcw|appui2.obj|unique|high|1
0x006187eb|CWinApp::GetFirstDocTemplatePosition|?GetFirstDocTemplatePosition@CWinApp@@QBEPAU__POSITION@@XZ|public: struct __POSITION * __thiscall CWinApp::GetFirstDocTemplatePosition(void) const|nafxcw|appui2.obj|unique|high|1
0x006187fd|CWinApp::GetNextDocTemplate|?GetNextDocTemplate@CWinApp@@QBEPAVCDocTemplate@@AAPAU__POSITION@@@Z|public: class CDocTemplate * __thiscall CWinApp::GetNextDocTemplate(struct __POSITION *&) const|nafxcw|appui2.obj|unique|high|1
0x0061880f|CWinApp::WriteProfileInt|?WriteProfileInt@CWinApp@@QAEHPBD0H@Z|public: int __thiscall CWinApp::WriteProfileInt(char const *, char const *, int)|nafxcw|appui3.obj|unique|high|1
0x00618884|CWinApp::WriteProfileStringA|?WriteProfileStringA@CWinApp@@QAEHPBD00@Z|public: int __thiscall CWinApp::WriteProfileStringA(char const *, char const *, char const *)|nafxcw|appui3.obj|unique|high|1
0x00618924|CWinApp::WriteProfileBinary|?WriteProfileBinary@CWinApp@@QAEHPBD0PAEI@Z|public: int __thiscall CWinApp::WriteProfileBinary(char const *, char const *, unsigned char *, unsigned int)|nafxcw|appui3.obj|unique|high|1
0x006189c5|CDataExchange::PrepareEditCtrl|?PrepareEditCtrl@CDataExchange@@QAEPAUHWND__@@H@Z|public: struct HWND__* __thiscall CDataExchange::PrepareEditCtrl(int)|nafxcw|dlgdata.obj|unique|high|1
0x006189dc|CDataExchange::PrepareCtrl|?PrepareCtrl@CDataExchange@@QAEPAUHWND__@@H@Z|public: struct HWND__* __thiscall CDataExchange::PrepareCtrl(int)|nafxcw|dlgdata.obj|unique|high|1
0x00618a0b|CDataExchange::Fail|?Fail@CDataExchange@@QAEXXZ|public: void __thiscall CDataExchange::Fail(void)|nafxcw|dlgdata.obj|unique|high|1
0x00618a40|DDX_Text|?DDX_Text@@YGXPAVCDataExchange@@HAAE@Z|void __stdcall DDX_Text(class CDataExchange *, int, unsigned char &)|nafxcw|dlgdata.obj|unique|high|1
0x00618bc6|DDX_Text|?DDX_Text@@YGXPAVCDataExchange@@HAAF@Z|void __stdcall DDX_Text(class CDataExchange *, int, short &)|nafxcw|dlgdata.obj|unique|high|1
0x00618c01|DDX_Text|?DDX_Text@@YGXPAVCDataExchange@@HAAJ@Z|void __stdcall DDX_Text(class CDataExchange *, int, long &)|nafxcw|dlgdata.obj|duplicate-body|review|2
0x00618c30|DDX_Text|?DDX_Text@@YGXPAVCDataExchange@@HAAK@Z|void __stdcall DDX_Text(class CDataExchange *, int, unsigned long &)|nafxcw|dlgdata.obj|duplicate-body|review|2
0x00618c5f|DDX_Text|?DDX_Text@@YGXPAVCDataExchange@@HAAJ@Z|void __stdcall DDX_Text(class CDataExchange *, int, long &)|nafxcw|dlgdata.obj|duplicate-body|review|2
0x00618c8e|DDX_Text|?DDX_Text@@YGXPAVCDataExchange@@HAAK@Z|void __stdcall DDX_Text(class CDataExchange *, int, unsigned long &)|nafxcw|dlgdata.obj|duplicate-body|review|2
0x00618cbd|DDX_Text|?DDX_Text@@YGXPAVCDataExchange@@HAAVCString@@@Z|void __stdcall DDX_Text(class CDataExchange *, int, class CString &)|nafxcw|dlgdata.obj|unique|high|1
0x00618d0f|DDX_Check|?DDX_Check@@YGXPAVCDataExchange@@HAAH@Z|void __stdcall DDX_Check(class CDataExchange *, int, int &)|nafxcw|dlgdata.obj|unique|high|1
0x00618d61|DDX_Radio|?DDX_Radio@@YGXPAVCDataExchange@@HAAH@Z|void __stdcall DDX_Radio(class CDataExchange *, int, int &)|nafxcw|dlgdata.obj|unique|high|1
0x00618df2|DDX_LBString|?DDX_LBString@@YGXPAVCDataExchange@@HAAVCString@@@Z|void __stdcall DDX_LBString(class CDataExchange *, int, class CString &)|nafxcw|dlgdata.obj|unique|high|1
0x00618ec3|DDX_CBString|?DDX_CBString@@YGXPAVCDataExchange@@HAAVCString@@@Z|void __stdcall DDX_CBString(class CDataExchange *, int, class CString &)|nafxcw|dlgdata.obj|unique|high|1
0x00618f43|DDX_CBStringExact|?DDX_CBStringExact@@YGXPAVCDataExchange@@HAAVCString@@@Z|void __stdcall DDX_CBStringExact(class CDataExchange *, int, class CString &)|nafxcw|dlgdata.obj|unique|high|1
0x00618f94|DDX_LBIndex|?DDX_LBIndex@@YGXPAVCDataExchange@@HAAH@Z|void __stdcall DDX_LBIndex(class CDataExchange *, int, int &)|nafxcw|dlgdata.obj|unique|high|1
0x00618fd6|DDX_CBIndex|?DDX_CBIndex@@YGXPAVCDataExchange@@HAAH@Z|void __stdcall DDX_CBIndex(class CDataExchange *, int, int &)|nafxcw|dlgdata.obj|unique|high|1
0x00619018|DDX_Scroll|?DDX_Scroll@@YGXPAVCDataExchange@@HAAH@Z|void __stdcall DDX_Scroll(class CDataExchange *, int, int &)|nafxcw|dlgdata.obj|unique|high|1
0x00619053|DDV_MinMaxByte|?DDV_MinMaxByte@@YGXPAVCDataExchange@@EEE@Z|void __stdcall DDV_MinMaxByte(class CDataExchange *, unsigned char, unsigned char, unsigned char)|nafxcw|dlgdata.obj|unique|high|1
0x00619116|DDV_MinMaxShort|?DDV_MinMaxShort@@YGXPAVCDataExchange@@FFF@Z|void __stdcall DDV_MinMaxShort(class CDataExchange *, short, short, short)|nafxcw|dlgdata.obj|unique|high|1
0x00619149|DDV_MinMaxLong|?DDV_MinMaxLong@@YGXPAVCDataExchange@@JJJ@Z|void __stdcall DDV_MinMaxLong(class CDataExchange *, long, long, long)|nafxcw|dlgdata.obj|duplicate-body|review|2
0x00619175|DDV_MinMaxLong|?DDV_MinMaxLong@@YGXPAVCDataExchange@@JJJ@Z|void __stdcall DDV_MinMaxLong(class CDataExchange *, long, long, long)|nafxcw|dlgdata.obj|duplicate-body|review|2
0x006191a1|DDV_MinMaxUInt|?DDV_MinMaxUInt@@YGXPAVCDataExchange@@III@Z|void __stdcall DDV_MinMaxUInt(class CDataExchange *, unsigned int, unsigned int, unsigned int)|nafxcw|dlgdata.obj|duplicate-body|review|2
0x006191cd|DDV_MinMaxUInt|?DDV_MinMaxUInt@@YGXPAVCDataExchange@@III@Z|void __stdcall DDV_MinMaxUInt(class CDataExchange *, unsigned int, unsigned int, unsigned int)|nafxcw|dlgdata.obj|duplicate-body|review|2
0x006191f9|DDV_MaxChars|?DDV_MaxChars@@YGXPAVCDataExchange@@ABVCString@@H@Z|void __stdcall DDV_MaxChars(class CDataExchange *, class CString const &, int)|nafxcw|dlgdata.obj|unique|high|1
0x006192a1|DDX_Control|?DDX_Control@@YGXPAVCDataExchange@@HAAVCWnd@@@Z|void __stdcall DDX_Control(class CDataExchange *, int, class CWnd &)|nafxcw|dlgdata.obj|unique|high|1
0x006192ed|AfxFailMaxChars|?AfxFailMaxChars@@YGXPAVCDataExchange@@H@Z|void __stdcall AfxFailMaxChars(class CDataExchange *, int)|nafxcw|dlgdata.obj|unique|high|1
0x00619365|AfxFailRadio|?AfxFailRadio@@YGXPAVCDataExchange@@@Z|void __stdcall AfxFailRadio(class CDataExchange *)|nafxcw|dlgdata.obj|unique|high|1
0x006193c5|CWnd::OnHelp|?OnHelp@CWnd@@QAEXXZ|public: void __thiscall CWnd::OnHelp(void)|nafxcw|winfrmx.obj|unique|high|1
0x00619467|CFrameWnd::OnHelp|?OnHelp@CFrameWnd@@IAEXXZ|protected: void __thiscall CFrameWnd::OnHelp(void)|nafxcw|winfrmx.obj|unique|high|1
0x006194df|CFrameWnd::CanEnterHelpMode|?CanEnterHelpMode@CFrameWnd@@QAEHXZ|public: int __thiscall CFrameWnd::CanEnterHelpMode(void)|nafxcw|winfrmx.obj|unique|high|1
0x00619539|CFrameWnd::OnContextHelp|?OnContextHelp@CFrameWnd@@QAEXXZ|public: void __thiscall CFrameWnd::OnContextHelp(void)|nafxcw|winfrmx.obj|unique|high|1
0x006196e1|CFrameWnd::SetHelpCapture|?SetHelpCapture@CFrameWnd@@IAEPAUHWND__@@UtagPOINT@@PAH@Z|protected: struct HWND__* __thiscall CFrameWnd::SetHelpCapture(struct tagPOINT, int *)|nafxcw|winfrmx.obj|unique|high|1
0x006197f7|CFrameWnd::ProcessHelpMsg|?ProcessHelpMsg@CFrameWnd@@IAEHAAUtagMSG@@PAK@Z|protected: int __thiscall CFrameWnd::ProcessHelpMsg(struct tagMSG &, unsigned long *)|nafxcw|winfrmx.obj|unique|high|1
0x00619aac|CMemFile::CMemFile|??0CMemFile@@QAE@I@Z|public: __thiscall CMemFile::CMemFile(unsigned int)|nafxcw|filemem.obj|unique|high|1
0x00619adc|_GCMemFile|??_GCMemFile@@UAEPAXI@Z|public: virtual void * __thiscall CMemFile::`scalar deleting dtor'(unsigned int)|nafxcw|filemem.obj|unique-via-existing|high|191
0x00619af8|CMemFile::CMemFile|??0CMemFile@@QAE@PAEII@Z|public: __thiscall CMemFile::CMemFile(unsigned char *, unsigned int, unsigned int)|nafxcw|filemem.obj|unique|high|1
0x00619b34|CMemFile::Attach|?Attach@CMemFile@@QAEXPAEII@Z|public: void __thiscall CMemFile::Attach(unsigned char *, unsigned int, unsigned int)|nafxcw|filemem.obj|unique|high|1
0x00619b71|CMemFile::~CMemFile|??1CMemFile@@UAE@XZ|public: virtual __thiscall CMemFile::~CMemFile(void)|nafxcw|filemem.obj|unique|high|1
0x00619bbd|CObject::operator delete|??3CObject@@SGXPAX@Z|public: static void __stdcall CObject::operator delete(void *)|nafxcw|arcobj.obj|ambiguous|review|3
0x00619bca|CMemFile::Realloc|?Realloc@CMemFile@@MAEPAEPAEK@Z|protected: virtual unsigned char * __thiscall CMemFile::Realloc(unsigned char *, unsigned long)|nafxcw|filemem.obj|unique|high|1
0x00619c01|CObject::operator delete|??3CObject@@SGXPAX@Z|public: static void __stdcall CObject::operator delete(void *)|nafxcw|arcobj.obj|ambiguous|review|3
0x00619c12|CMemFile::GrowFile|?GrowFile@CMemFile@@MAEXK@Z|protected: virtual void __thiscall CMemFile::GrowFile(unsigned long)|nafxcw|filemem.obj|unique|high|1
0x00619c6b|CMemFile::SetLength|?SetLength@CMemFile@@UAEXK@Z|public: virtual void __thiscall CMemFile::SetLength(unsigned long)|nafxcw|filemem.obj|unique|high|1
0x00619ccf|CMemFile::Write|?Write@CMemFile@@UAEXPBXI@Z|public: virtual void __thiscall CMemFile::Write(void const *, unsigned int)|nafxcw|filemem.obj|unique|high|1
0x00619d11|CMemFile::Seek|?Seek@CMemFile@@UAEJJI@Z|public: virtual long __thiscall CMemFile::Seek(long, unsigned int)|nafxcw|filemem.obj|unique|high|1
0x00619d58|CMemFile::Close|?Close@CMemFile@@UAEXXZ|public: virtual void __thiscall CMemFile::Close(void)|nafxcw|filemem.obj|unique|high|1
0x00619d82|CMemFile::Abort|?Abort@CMemFile@@UAEXXZ|public: virtual void __thiscall CMemFile::Abort(void)|nafxcw|filemem.obj|unique|review|1
0x00619d87|CListBox::CharToItem|?CharToItem@CListBox@@UAEHII@Z|public: virtual int __thiscall CListBox::CharToItem(unsigned int, unsigned int)|nafxcw|winctrl1.obj|ambiguous|review|12
0x00619d8f|CListBox::CharToItem|?CharToItem@CListBox@@UAEHII@Z|public: virtual int __thiscall CListBox::CharToItem(unsigned int, unsigned int)|nafxcw|winctrl1.obj|ambiguous|review|12
0x00619d97|AfxNewHandler|?AfxNewHandler@@YAHI@Z|int __cdecl AfxNewHandler(unsigned int)|nafxcw|afxmem.obj|ambiguous|review|7
0x00619d9f|CMemFile::GetBufferPtr|?GetBufferPtr@CMemFile@@UAEIIIPAPAX0@Z|public: virtual unsigned int __thiscall CMemFile::GetBufferPtr(unsigned int, unsigned int, void **, void **)|nafxcw|filemem.obj|unique|high|1
0x00619faa|CDocManager::AddDocTemplate|?AddDocTemplate@CDocManager@@UAEXPAVCDocTemplate@@@Z|public: virtual void __thiscall CDocManager::AddDocTemplate(class CDocTemplate *)|nafxcw|docmgr.obj|unique|high|1
0x0061a027|CDocManager::SaveAllModified|?SaveAllModified@CDocManager@@UAEHXZ|public: virtual int __thiscall CDocManager::SaveAllModified(void)|nafxcw|docmgr.obj|unique|high|1
0x0061a06a|CDocManager::DoPromptFileName|?DoPromptFileName@CDocManager@@UAEHAAVCString@@IKHPAVCDocTemplate@@@Z|public: virtual int __thiscall CDocManager::DoPromptFileName(class CString &, unsigned int, unsigned long, int, class CDocTemplate *)|nafxcw|docmgr.obj|unique|high|1
0x0061a2ef|CDocManager::OnDDECommand|?OnDDECommand@CDocManager@@UAEHPAD@Z|public: virtual int __thiscall CDocManager::OnDDECommand(char *)|nafxcw|docmgr.obj|unique|high|1
0x0061a8dd|CDocManager::OnFileNew|?OnFileNew@CDocManager@@UAEXXZ|public: virtual void __thiscall CDocManager::OnFileNew(void)|nafxcw|docmgr.obj|unique|high|1
0x0061a982|CDBVariant::~CDBVariant|??1CDBVariant@@UAE@XZ|public: virtual __thiscall CDBVariant::~CDBVariant(void)|nafxcw|dbvar.obj|ambiguous|review|19
0x0061a98d|_GCAnimateCtrl|??_GCAnimateCtrl@@UAEPAXI@Z|public: virtual void * __thiscall CAnimateCtrl::`scalar deleting dtor'(unsigned int)|nafxcw|winctrl2.obj|ambiguous|review|191
0x0061a9a9|CDocManager::OnFileOpen|?OnFileOpen@CDocManager@@UAEXXZ|public: virtual void __thiscall CDocManager::OnFileOpen(void)|nafxcw|docmgr.obj|unique|high|1
0x0061aa0e|AfxFormatStrings|?AfxFormatStrings@@YGXAAVCString@@IPBQBDH@Z|void __stdcall AfxFormatStrings(class CString &, unsigned int, char const *const *, int)|nafxcw|apphelp.obj|unique|high|1
0x0061aa48|AfxFormatStrings|?AfxFormatStrings@@YGXAAVCString@@PBDPBQBDH@Z|void __stdcall AfxFormatStrings(class CString &, char const *, char const *const *, int)|nafxcw|apphelp.obj|unique|high|1
0x0061ab47|AfxFormatString1|?AfxFormatString1@@YGXAAVCString@@IPBD@Z|void __stdcall AfxFormatString1(class CString &, unsigned int, char const *)|nafxcw|apphelp.obj|unique|high|1
0x0061ab5e|AfxFormatString2|?AfxFormatString2@@YGXAAVCString@@IPBD1@Z|void __stdcall AfxFormatString2(class CString &, unsigned int, char const *, char const *)|nafxcw|apphelp.obj|unique|high|1
0x0061c5dc|CFrameWnd::CFrameWnd|??0CFrameWnd@@QAE@XZ|public: __thiscall CFrameWnd::CFrameWnd(void)|nafxcw|winfrm.obj|unique|high|1
0x0061c6a2|_GCFrameWnd|??_GCFrameWnd@@UAEPAXI@Z|public: virtual void * __thiscall CFrameWnd::`scalar deleting dtor'(unsigned int)|nafxcw|winfrm.obj|unique-via-existing|high|191
0x0061c6be|CFrameWnd::~CFrameWnd|??1CFrameWnd@@UAE@XZ|public: virtual __thiscall CFrameWnd::~CFrameWnd(void)|nafxcw|winfrm.obj|unique|high|1
0x0061c725|CFrameWnd::AddFrameWnd|?AddFrameWnd@CFrameWnd@@IAEXXZ|protected: void __thiscall CFrameWnd::AddFrameWnd(void)|nafxcw|winfrm.obj|unique-via-existing|high|2
0x0061c749|CFrameWnd::RemoveFrameWnd|?RemoveFrameWnd@CFrameWnd@@IAEXXZ|protected: void __thiscall CFrameWnd::RemoveFrameWnd(void)|nafxcw|winfrm.obj|unique-via-existing|high|2
0x0061c76d|CFrameWnd::LoadAccelTable|?LoadAccelTable@CFrameWnd@@QAEHPBD@Z|public: int __thiscall CFrameWnd::LoadAccelTable(char const *)|nafxcw|winfrm.obj|unique|high|1
0x0061c793|CFrameWnd::GetDefaultAccelerator|?GetDefaultAccelerator@CFrameWnd@@UAEPAUHACCEL__@@XZ|public: virtual struct HACCEL__* __thiscall CFrameWnd::GetDefaultAccelerator(void)|nafxcw|winfrm.obj|unique|high|1
0x0061c7b7|CFrameWnd::PreTranslateMessage|?PreTranslateMessage@CFrameWnd@@UAEHPAUtagMSG@@@Z|public: virtual int __thiscall CFrameWnd::PreTranslateMessage(struct tagMSG *)|nafxcw|winfrm.obj|unique|high|1
0x0061c82e|CFindReplaceDialog::PostNcDestroy|?PostNcDestroy@CFindReplaceDialog@@MAEXXZ|protected: virtual void __thiscall CFindReplaceDialog::PostNcDestroy(void)|nafxcw|dlgfr.obj|ambiguous|review|3
0x0061c83a|CFrameWnd::OnPaletteChanged|?OnPaletteChanged@CFrameWnd@@IAEXPAVCWnd@@@Z|protected: void __thiscall CFrameWnd::OnPaletteChanged(class CWnd *)|nafxcw|winfrm.obj|unique|high|1
0x0061c856|CFrameWnd::OnQueryNewPalette|?OnQueryNewPalette@CFrameWnd@@IAEHXZ|protected: int __thiscall CFrameWnd::OnQueryNewPalette(void)|nafxcw|winfrm.obj|unique|high|1
0x0061c877|CFrameWnd::ExitHelpMode|?ExitHelpMode@CFrameWnd@@UAEXXZ|public: virtual void __thiscall CFrameWnd::ExitHelpMode(void)|nafxcw|winfrm.obj|unique|high|1
0x0061c8e2|CFrameWnd::OnSetCursor|?OnSetCursor@CFrameWnd@@IAEHPAVCWnd@@II@Z|protected: int __thiscall CFrameWnd::OnSetCursor(class CWnd *, unsigned int, unsigned int)|nafxcw|winfrm.obj|unique|high|1
0x0061c90c|CFrameWnd::OnCommandHelp|?OnCommandHelp@CFrameWnd@@IAEJIJ@Z|protected: long __thiscall CFrameWnd::OnCommandHelp(unsigned int, long)|nafxcw|winfrm.obj|unique|high|1
0x0061c976|CFrameWnd::OnCommand|?OnCommand@CFrameWnd@@MAEHIJ@Z|protected: virtual int __thiscall CFrameWnd::OnCommand(unsigned int, long)|nafxcw|winfrm.obj|unique|high|1
0x0061c9ed|AfxIsDescendant|?AfxIsDescendant@@YGHPAUHWND__@@0@Z|int __stdcall AfxIsDescendant(struct HWND__*, struct HWND__*)|nafxcw|winfrm.obj|unique|high|1
0x0061ca0d|CFrameWnd::BeginModalState|?BeginModalState@CFrameWnd@@UAEXXZ|public: virtual void __thiscall CFrameWnd::BeginModalState(void)|nafxcw|winfrm.obj|unique|high|1
0x0061cb3a|CFrameWnd::EndModalState|?EndModalState@CFrameWnd@@UAEXXZ|public: virtual void __thiscall CFrameWnd::EndModalState(void)|nafxcw|winfrm.obj|unique|high|1
0x0061cba9|CFrameWnd::ShowOwnedWindows|?ShowOwnedWindows@CFrameWnd@@QAEXH@Z|public: void __thiscall CFrameWnd::ShowOwnedWindows(int)|nafxcw|winfrm.obj|unique|high|1
0x0061cc4b|CFrameWnd::OnEnable|?OnEnable@CFrameWnd@@IAEXH@Z|protected: void __thiscall CFrameWnd::OnEnable(int)|nafxcw|winfrm.obj|unique|high|1
0x0061cd09|CFrameWnd::NotifyFloatingWindows|?NotifyFloatingWindows@CFrameWnd@@QAEXK@Z|public: void __thiscall CFrameWnd::NotifyFloatingWindows(unsigned long)|nafxcw|winfrm.obj|unique|high|1
0x0061cdb3|CFrameWnd::PreCreateWindow|?PreCreateWindow@CFrameWnd@@MAEHAAUtagCREATESTRUCTA@@@Z|protected: virtual int __thiscall CFrameWnd::PreCreateWindow(struct tagCREATESTRUCTA &)|nafxcw|winfrm.obj|unique|high|1
0x0061ce0b|CFrameWnd::Create|?Create@CFrameWnd@@QAEHPBD0KABUtagRECT@@PAVCWnd@@0KPAUCCreateContext@@@Z|public: int __thiscall CFrameWnd::Create(char const *, char const *, unsigned long, struct tagRECT const &, class CWnd *, char const *, unsigned long, struct CCreateContext *)|nafxcw|winfrm.obj|unique|high|1
0x0061cea3|CFrameWnd::CreateView|?CreateView@CFrameWnd@@QAEPAVCWnd@@PAUCCreateContext@@I@Z|public: class CWnd * __thiscall CFrameWnd::CreateView(struct CCreateContext *, unsigned int)|nafxcw|winfrm.obj|unique|high|1
0x0061cf1b|CFrameWnd::OnCreateClient|?OnCreateClient@CFrameWnd@@MAEHPAUtagCREATESTRUCTA@@PAUCCreateContext@@@Z|protected: virtual int __thiscall CFrameWnd::OnCreateClient(struct tagCREATESTRUCTA *, struct CCreateContext *)|nafxcw|winfrm.obj|unique|high|1
0x0061cf4c|CFrameWnd::OnCreateHelper|?OnCreateHelper@CFrameWnd@@IAEHPAUtagCREATESTRUCTA@@PAUCCreateContext@@@Z|protected: int __thiscall CFrameWnd::OnCreateHelper(struct tagCREATESTRUCTA *, struct CCreateContext *)|nafxcw|winfrm.obj|unique|high|1
0x0061cf9b|CFrameWnd::GetIconWndClass|?GetIconWndClass@CFrameWnd@@IAEPBDKI@Z|protected: char const * __thiscall CFrameWnd::GetIconWndClass(unsigned long, unsigned int)|nafxcw|winfrm.obj|unique|high|1
0x0061d01e|CFrameWnd::LoadFrame|?LoadFrame@CFrameWnd@@UAEHIKPAVCWnd@@PAUCCreateContext@@@Z|public: virtual int __thiscall CFrameWnd::LoadFrame(unsigned int, unsigned long, class CWnd *, struct CCreateContext *)|nafxcw|winfrm.obj|unique|high|1
0x0061d109|CFrameWnd::OnUpdateFrameMenu|?OnUpdateFrameMenu@CFrameWnd@@UAEXPAUHMENU__@@@Z|public: virtual void __thiscall CFrameWnd::OnUpdateFrameMenu(struct HMENU__*)|nafxcw|winfrm.obj|unique|high|1
0x0061d143|CFrameWnd::InitialUpdateFrame|?InitialUpdateFrame@CFrameWnd@@QAEXPAVCDocument@@H@Z|public: void __thiscall CFrameWnd::InitialUpdateFrame(class CDocument *, int)|nafxcw|winfrm.obj|unique|high|1
0x0061d205|CFrameWnd::OnClose|?OnClose@CFrameWnd@@IAEXXZ|protected: void __thiscall CFrameWnd::OnClose(void)|nafxcw|winfrm.obj|unique|high|1
0x0061d30e|CFrameWnd::OnDestroy|?OnDestroy@CFrameWnd@@IAEXXZ|protected: void __thiscall CFrameWnd::OnDestroy(void)|nafxcw|winfrm.obj|unique|high|1
0x0061d37e|CFrameWnd::OnCmdMsg|?OnCmdMsg@CFrameWnd@@UAEHIHPAXPAUAFX_CMDHANDLERINFO@@@Z|public: virtual int __thiscall CFrameWnd::OnCmdMsg(unsigned int, int, void *, struct AFX_CMDHANDLERINFO *)|nafxcw|winfrm.obj|unique|high|1
0x0061d4b8|CFrameWnd::OnActivate|?OnActivate@CFrameWnd@@IAEXIPAVCWnd@@H@Z|protected: void __thiscall CFrameWnd::OnActivate(unsigned int, class CWnd *, int)|nafxcw|winfrm.obj|unique|high|1
0x0061d58c|CFrameWnd::OnNcActivate|?OnNcActivate@CFrameWnd@@IAEHH@Z|protected: int __thiscall CFrameWnd::OnNcActivate(int)|nafxcw|winfrm.obj|unique|high|1
0x0061d5c3|CFrameWnd::OnSysCommand|?OnSysCommand@CFrameWnd@@IAEXIJ@Z|protected: void __thiscall CFrameWnd::OnSysCommand(unsigned int, long)|nafxcw|winfrm.obj|unique|high|1
0x0061d65a|CFrameWnd::OnDropFiles|?OnDropFiles@CFrameWnd@@IAEXPAUHDROP__@@@Z|protected: void __thiscall CFrameWnd::OnDropFiles(struct HDROP__*)|nafxcw|winfrm.obj|unique|high|1
0x0061d6d5|CFrameWnd::OnQueryEndSession|?OnQueryEndSession@CFrameWnd@@IAEHXZ|protected: int __thiscall CFrameWnd::OnQueryEndSession(void)|nafxcw|winfrm.obj|unique|high|1
0x0061d6f6|CFrameWnd::OnEndSession|?OnEndSession@CFrameWnd@@IAEXH@Z|protected: void __thiscall CFrameWnd::OnEndSession(int)|nafxcw|winfrm.obj|unique|high|1
0x0061d72a|CFrameWnd::OnDDEInitiate|?OnDDEInitiate@CFrameWnd@@IAEJIJ@Z|protected: long __thiscall CFrameWnd::OnDDEInitiate(unsigned int, long)|nafxcw|winfrm.obj|unique|high|1
0x0061d7e5|CFrameWnd::OnDDEExecute|?OnDDEExecute@CFrameWnd@@IAEJIJ@Z|protected: long __thiscall CFrameWnd::OnDDEExecute(unsigned int, long)|nafxcw|winfrm.obj|unique|high|1
0x0061d89b|CFrameWnd::GetActiveView|?GetActiveView@CFrameWnd@@QBEPAVCView@@XZ|public: class CView * __thiscall CFrameWnd::GetActiveView(void) const|nafxcw|winfrm.obj|unique|review|1
0x0061d8a2|CFrameWnd::SetActiveView|?SetActiveView@CFrameWnd@@QAEXPAVCView@@H@Z|public: void __thiscall CFrameWnd::SetActiveView(class CView *, int)|nafxcw|winfrm.obj|unique|high|1
0x0061d917|CFrameWnd::GetActiveDocument|?GetActiveDocument@CFrameWnd@@UAEPAVCDocument@@XZ|public: virtual class CDocument * __thiscall CFrameWnd::GetActiveDocument(void)|nafxcw|winfrm.obj|unique|high|1
0x0061d927|CFrameWnd::ShowControlBar|?ShowControlBar@CFrameWnd@@QAEXPAVCControlBar@@HH@Z|public: void __thiscall CFrameWnd::ShowControlBar(class CControlBar *, int, int)|nafxcw|winfrm.obj|unique|high|1
0x0061da22|CFrameWnd::OnInitMenuPopup|?OnInitMenuPopup@CFrameWnd@@IAEXPAVCMenu@@IH@Z|protected: void __thiscall CFrameWnd::OnInitMenuPopup(class CMenu *, unsigned int, int)|nafxcw|winfrm.obj|unique|high|1
0x0061db87|CFrameWnd::OnMenuSelect|?OnMenuSelect@CFrameWnd@@IAEXIIPAUHMENU__@@@Z|protected: void __thiscall CFrameWnd::OnMenuSelect(unsigned int, unsigned int, struct HMENU__*)|nafxcw|winfrm.obj|unique|high|1
0x0061dc76|CFrameWnd::GetMessageString|?GetMessageString@CFrameWnd@@UBEXIAAVCString@@@Z|public: virtual void __thiscall CFrameWnd::GetMessageString(unsigned int, class CString &) const|nafxcw|winfrm.obj|unique|high|1
0x0061dcdd|CFrameWnd::OnSetMessageString|?OnSetMessageString@CFrameWnd@@IAEJIJ@Z|protected: long __thiscall CFrameWnd::OnSetMessageString(unsigned int, long)|nafxcw|winfrm.obj|unique|high|1
0x0061ddb2|CFrameWnd::GetMessageBar|?GetMessageBar@CFrameWnd@@UAEPAVCWnd@@XZ|public: virtual class CWnd * __thiscall CFrameWnd::GetMessageBar(void)|nafxcw|winfrm.obj|unique|high|1
0x0061ddc2|CFrameWnd::OnEnterIdle|?OnEnterIdle@CFrameWnd@@IAEXIPAVCWnd@@@Z|protected: void __thiscall CFrameWnd::OnEnterIdle(unsigned int, class CWnd *)|nafxcw|winfrm.obj|unique|high|1
0x0061de0a|CFrameWnd::SetMessageText|?SetMessageText@CFrameWnd@@QAEXI@Z|public: void __thiscall CFrameWnd::SetMessageText(unsigned int)|nafxcw|winfrm.obj|unique|high|1
0x0061de21|CFrameWnd::DestroyDockBars|?DestroyDockBars@CFrameWnd@@QAEXXZ|public: void __thiscall CFrameWnd::DestroyDockBars(void)|nafxcw|winfrm.obj|unique|high|1
0x0061df4c|CFrameWnd::OnToolTipText|?OnToolTipText@CFrameWnd@@IAEHIPAUtagNMHDR@@PAJ@Z|protected: int __thiscall CFrameWnd::OnToolTipText(unsigned int, struct tagNMHDR *, long *)|nafxcw|winfrm.obj|unique|high|1
0x0061e08e|CFrameWnd::OnUpdateContextHelp|?OnUpdateContextHelp@CFrameWnd@@IAEXPAVCCmdUI@@@Z|protected: void __thiscall CFrameWnd::OnUpdateContextHelp(class CCmdUI *)|nafxcw|winfrm.obj|unique|high|1
0x0061e0bd|CFrameWnd::OnUpdateFrameTitle|?OnUpdateFrameTitle@CFrameWnd@@UAEXH@Z|public: virtual void __thiscall CFrameWnd::OnUpdateFrameTitle(int)|nafxcw|winfrm.obj|unique|high|1
0x0061e101|CFrameWnd::UpdateFrameTitleForDocument|?UpdateFrameTitleForDocument@CFrameWnd@@IAEXPBD@Z|protected: void __thiscall CFrameWnd::UpdateFrameTitleForDocument(char const *)|nafxcw|winfrm.obj|unique|high|1
0x0061e1fe|CFrameWnd::OnSetPreviewMode|?OnSetPreviewMode@CFrameWnd@@UAEXHPAUCPrintPreviewState@@@Z|public: virtual void __thiscall CFrameWnd::OnSetPreviewMode(int, struct CPrintPreviewState *)|nafxcw|winfrm.obj|unique|high|1
0x0061e42d|CFrameWnd::OnIdleUpdateCmdUI|?OnIdleUpdateCmdUI@CFrameWnd@@IAEXXZ|protected: void __thiscall CFrameWnd::OnIdleUpdateCmdUI(void)|nafxcw|winfrm.obj|unique|high|1
0x0061e49c|CFrameWnd::GetActiveFrame|?GetActiveFrame@CFrameWnd@@UAEPAV1@XZ|public: virtual class CFrameWnd * __thiscall CFrameWnd::GetActiveFrame(void)|nafxcw|winfrm.obj|unique|review|1
0x0061e49f|CFrameWnd::RecalcLayout|?RecalcLayout@CFrameWnd@@UAEXH@Z|public: virtual void __thiscall CFrameWnd::RecalcLayout(int)|nafxcw|winfrm.obj|unique|high|1
0x0061e58c|CFrameWnd::NegotiateBorderSpace|?NegotiateBorderSpace@CFrameWnd@@UAEHIPAUtagRECT@@@Z|public: virtual int __thiscall CFrameWnd::NegotiateBorderSpace(unsigned int, struct tagRECT *)|nafxcw|winfrm.obj|unique|high|1
0x0061e606|CFrameWnd::OnSize|?OnSize@CFrameWnd@@IAEXIHH@Z|protected: void __thiscall CFrameWnd::OnSize(unsigned int, int, int)|nafxcw|winfrm.obj|unique|high|1
0x0061e63b|CFrameWnd::OnRegisteredMouseWheel|?OnRegisteredMouseWheel@CFrameWnd@@IAEJIJ@Z|protected: long __thiscall CFrameWnd::OnRegisteredMouseWheel(unsigned int, long)|nafxcw|winfrm.obj|unique|high|1
0x0061e6e3|CFrameWnd::ActivateFrame|?ActivateFrame@CFrameWnd@@UAEXH@Z|public: virtual void __thiscall CFrameWnd::ActivateFrame(int)|nafxcw|winfrm.obj|unique|high|1
0x0061e733|CFrameWnd::BringToTop|?BringToTop@CFrameWnd@@IAEXH@Z|protected: void __thiscall CFrameWnd::BringToTop(int)|nafxcw|winfrm.obj|unique|high|1
0x0061e762|CControlBar::GetDockingFrame|?GetDockingFrame@CControlBar@@QBEPAVCFrameWnd@@XZ|public: class CFrameWnd * __thiscall CControlBar::GetDockingFrame(void) const|nafxcw|winfrm.obj|unique|high|1
0x0061e773|CControlBar::IsFloating|?IsFloating@CControlBar@@QBEHXZ|public: int __thiscall CControlBar::IsFloating(void) const|nafxcw|winfrm.obj|unique|high|1
0x0061e79d|CButton::Create|?Create@CButton@@QAEHPBDKABUtagRECT@@PAVCWnd@@I@Z|public: int __thiscall CButton::Create(char const *, unsigned long, struct tagRECT const &, class CWnd *, unsigned int)|nafxcw|winctrl1.obj|duplicate-body|review|2
0x0061e7bf|CProgressCtrl::~CProgressCtrl|??1CProgressCtrl@@UAE@XZ|public: virtual __thiscall CProgressCtrl::~CProgressCtrl(void)|nafxcw|winctrl2.obj|duplicate-body|review|22
0x0061e7f7|CButton::Create|?Create@CButton@@QAEHPBDKABUtagRECT@@PAVCWnd@@I@Z|public: int __thiscall CButton::Create(char const *, unsigned long, struct tagRECT const &, class CWnd *, unsigned int)|nafxcw|winctrl1.obj|duplicate-body|review|2
0x0061e819|CAnimateCtrl::~CAnimateCtrl|??1CAnimateCtrl@@UAE@XZ|public: virtual __thiscall CAnimateCtrl::~CAnimateCtrl(void)|nafxcw|winctrl2.obj|ambiguous|review|22
0x0061e851|CWnd::GetCheckedRadioButton|?GetCheckedRadioButton@CWnd@@QAEHHH@Z|public: int __thiscall CWnd::GetCheckedRadioButton(int, int)|nafxcw|winctrl1.obj|unique|high|1
0x0061e87c|CListCtrl::OnChildNotify|?OnChildNotify@CListCtrl@@MAEHIIJPAJ@Z|protected: virtual int __thiscall CListCtrl::OnChildNotify(unsigned int, unsigned int, long, long *)|nafxcw|winctrl2.obj|duplicate-body|review|5
0x0061e8cb|CAnimateCtrl::~CAnimateCtrl|??1CAnimateCtrl@@UAE@XZ|public: virtual __thiscall CAnimateCtrl::~CAnimateCtrl(void)|nafxcw|winctrl2.obj|ambiguous|review|22
0x0061e911|CListBox::CharToItem|?CharToItem@CListBox@@UAEHII@Z|public: virtual int __thiscall CListBox::CharToItem(unsigned int, unsigned int)|nafxcw|winctrl1.obj|ambiguous|review|12
0x0061e919|CListBox::CharToItem|?CharToItem@CListBox@@UAEHII@Z|public: virtual int __thiscall CListBox::CharToItem(unsigned int, unsigned int)|nafxcw|winctrl1.obj|ambiguous|review|12
0x0061e921|CListBox::OnChildNotify|?OnChildNotify@CListBox@@MAEHIIJPAJ@Z|protected: virtual int __thiscall CListBox::OnChildNotify(unsigned int, unsigned int, long, long *)|nafxcw|winctrl1.obj|unique|high|1
0x0061e9ba|CListBox::GetText|?GetText@CListBox@@QBEXHAAVCString@@@Z|public: void __thiscall CListBox::GetText(int, class CString &) const|nafxcw|winctrl1.obj|unique|high|1
0x0061ea56|CProgressCtrl::~CProgressCtrl|??1CProgressCtrl@@UAE@XZ|public: virtual __thiscall CProgressCtrl::~CProgressCtrl(void)|nafxcw|winctrl2.obj|duplicate-body|review|22
0x0061ea9c|CComboBox::OnChildNotify|?OnChildNotify@CComboBox@@MAEHIIJPAJ@Z|protected: virtual int __thiscall CComboBox::OnChildNotify(unsigned int, unsigned int, long, long *)|nafxcw|winctrl1.obj|unique|high|1
0x0061eb46|CComboBox::Create|?Create@CComboBox@@QAEHKABUtagRECT@@PAVCWnd@@I@Z|public: int __thiscall CComboBox::Create(unsigned long, struct tagRECT const &, class CWnd *, unsigned int)|nafxcw|winctrl1.obj|ambiguous|review|4
0x0061eb67|CProgressCtrl::~CProgressCtrl|??1CProgressCtrl@@UAE@XZ|public: virtual __thiscall CProgressCtrl::~CProgressCtrl(void)|nafxcw|winctrl2.obj|duplicate-body|review|22
0x0061ebc0|CProgressCtrl::~CProgressCtrl|??1CProgressCtrl@@UAE@XZ|public: virtual __thiscall CProgressCtrl::~CProgressCtrl(void)|nafxcw|winctrl2.obj|duplicate-body|review|22
0x0061ec02|CObject::AssertValid|?AssertValid@CObject@@UBEXXZ|public: virtual void __thiscall CObject::AssertValid(void) const|nafxcw|except.obj|ambiguous|review|23
0x0061ec0f|COleClientItem::GetClientSite|?GetClientSite@COleClientItem@@MAEPAUIOleClientSite@@XZ|protected: virtual struct IOleClientSite * __thiscall COleClientItem::GetClientSite(void)|nafxcw|olecli3.obj|ambiguous|review|3
0x0061ec1a|CDC::DPtoHIMETRIC|?DPtoHIMETRIC@CDC@@QBEXPAUtagSIZE@@@Z|public: void __thiscall CDC::DPtoHIMETRIC(struct tagSIZE *) const|nafxcw|wingdix.obj|unique|high|1
0x0061ecab|CDC::HIMETRICtoDP|?HIMETRICtoDP@CDC@@QBEXPAUtagSIZE@@@Z|public: void __thiscall CDC::HIMETRICtoDP(struct tagSIZE *) const|nafxcw|wingdix.obj|unique|high|1
0x0061ed3c|CDC::LPtoHIMETRIC|?LPtoHIMETRIC@CDC@@QBEXPAUtagSIZE@@@Z|public: void __thiscall CDC::LPtoHIMETRIC(struct tagSIZE *) const|nafxcw|wingdix.obj|unique-via-existing|high|2
0x0061ed57|CDC::HIMETRICtoLP|?HIMETRICtoLP@CDC@@QBEXPAUtagSIZE@@@Z|public: void __thiscall CDC::HIMETRICtoLP(struct tagSIZE *) const|nafxcw|wingdix.obj|unique-via-existing|high|2
0x0061ed72|CDC::GetHalftoneBrush|?GetHalftoneBrush@CDC@@SGPAVCBrush@@XZ|public: static class CBrush * __stdcall CDC::GetHalftoneBrush(void)|nafxcw|wingdix.obj|unique|high|1
0x0061ede5|CDC::DrawDragRect|?DrawDragRect@CDC@@QAEXPBUtagRECT@@UtagSIZE@@01PAVCBrush@@2@Z|public: void __thiscall CDC::DrawDragRect(struct tagRECT const *, struct tagSIZE, struct tagRECT const *, struct tagSIZE, class CBrush *, class CBrush *)|nafxcw|wingdix.obj|unique|high|1
0x0061f0fa|CDC::FillSolidRect|?FillSolidRect@CDC@@QAEXPBUtagRECT@@K@Z|public: void __thiscall CDC::FillSolidRect(struct tagRECT const *, unsigned long)|nafxcw|wingdix.obj|unique|high|1
0x0061f124|CDC::FillSolidRect|?FillSolidRect@CDC@@QAEXHHHHK@Z|public: void __thiscall CDC::FillSolidRect(int, int, int, int, unsigned long)|nafxcw|wingdix.obj|unique|high|1
0x0061f19b|CDC::Draw3dRect|?Draw3dRect@CDC@@QAEXHHHHKK@Z|public: void __thiscall CDC::Draw3dRect(int, int, int, int, unsigned long, unsigned long)|nafxcw|wingdix.obj|unique|high|1
0x0061f205|CFont::CreatePointFont|?CreatePointFont@CFont@@QAEHHPBDPAVCDC@@@Z|public: int __thiscall CFont::CreatePointFont(int, char const *, class CDC *)|nafxcw|wingdix.obj|unique|high|1
0x0061f24a|CFont::CreatePointFontIndirect|?CreatePointFontIndirect@CFont@@QAEHPBUtagLOGFONTA@@PAVCDC@@@Z|public: int __thiscall CFont::CreatePointFontIndirect(struct tagLOGFONTA const *, class CDC *)|nafxcw|wingdix.obj|unique|high|1
0x0061f307|CRect::InflateRect|?InflateRect@CRect@@QAEXPBUtagRECT@@@Z|public: void __thiscall CRect::InflateRect(struct tagRECT const *)|nafxcw|wingdix.obj|unique|high|1
0x0061f342|CRect::DeflateRect|?DeflateRect@CRect@@QAEXPBUtagRECT@@@Z|public: void __thiscall CRect::DeflateRect(struct tagRECT const *)|nafxcw|wingdix.obj|unique|high|1
0x0061f37d|CRect::MulDiv|?MulDiv@CRect@@QBE?AV1@HH@Z|public: class CRect __thiscall CRect::MulDiv(int, int) const|nafxcw|wingdix.obj|unique|high|1
0x0061f423|AfxOleCanExitApp|?AfxOleCanExitApp@@YGHXZ|int __stdcall AfxOleCanExitApp(void)|nafxcw|olelock.obj|unique|high|1
0x0061f45c|AfxOleSetUserCtrl|?AfxOleSetUserCtrl@@YGXH@Z|void __stdcall AfxOleSetUserCtrl(int)|nafxcw|olelock.obj|unique|high|1
0x0061f46b|AfxOleGetUserCtrl|?AfxOleGetUserCtrl@@YGHXZ|int __stdcall AfxOleGetUserCtrl(void)|nafxcw|olelock.obj|unique|high|1
0x0062103a|CDumpContext::OutputString|?OutputString@CDumpContext@@IAEXPBD@Z|protected: void __thiscall CDumpContext::OutputString(char const *)|nafxcw|dumpcont.obj|unique|high|1
0x00621089|CDumpContext::operator<<|??6CDumpContext@@QAEAAV0@PBD@Z|public: class CDumpContext & __thiscall CDumpContext::operator<<(char const *)|nafxcw|dumpcont.obj|unique|high|1
0x00621112|CDumpContext::operator<<|??6CDumpContext@@QAEAAV0@E@Z|public: class CDumpContext & __thiscall CDumpContext::operator<<(unsigned char)|nafxcw|dumpcont.obj|unique|high|1
0x00621144|CDumpContext::operator<<|??6CDumpContext@@QAEAAV0@G@Z|public: class CDumpContext & __thiscall CDumpContext::operator<<(unsigned short)|nafxcw|dumpcont.obj|unique|high|1
0x00621176|CDumpContext::operator<<|??6CDumpContext@@QAEAAV0@H@Z|public: class CDumpContext & __thiscall CDumpContext::operator<<(int)|nafxcw|dumpcont.obj|duplicate-body|review|5
0x006211a6|CDumpContext::operator<<|??6CDumpContext@@QAEAAV0@H@Z|public: class CDumpContext & __thiscall CDumpContext::operator<<(int)|nafxcw|dumpcont.obj|duplicate-body|review|5
0x006211d6|CDumpContext::operator<<|??6CDumpContext@@QAEAAV0@H@Z|public: class CDumpContext & __thiscall CDumpContext::operator<<(int)|nafxcw|dumpcont.obj|duplicate-body|review|5
0x00621206|CDumpContext::operator<<|??6CDumpContext@@QAEAAV0@H@Z|public: class CDumpContext & __thiscall CDumpContext::operator<<(int)|nafxcw|dumpcont.obj|duplicate-body|review|5
0x00621236|CDumpContext::operator<<|??6CDumpContext@@QAEAAV0@PBVCObject@@@Z|public: class CDumpContext & __thiscall CDumpContext::operator<<(class CObject const *)|nafxcw|dumpcont.obj|unique|high|1
0x00621267|CDumpContext::operator<<|??6CDumpContext@@QAEAAV0@H@Z|public: class CDumpContext & __thiscall CDumpContext::operator<<(int)|nafxcw|dumpcont.obj|duplicate-body|review|5
0x00621297|CDumpContext::HexDump|?HexDump@CDumpContext@@QAEXPBDPAEHH@Z|public: void __thiscall CDumpContext::HexDump(char const *, unsigned char *, int, int)|nafxcw|dumpcont.obj|unique|high|1
0x0062132a|CDumpContext::operator<<|??6CDumpContext@@QAEAAV0@PBG@Z|public: class CDumpContext & __thiscall CDumpContext::operator<<(unsigned short const *)|nafxcw|dumpcont.obj|unique|high|1
0x00622448|IUnknown::IUnknown|??0IUnknown@@QAE@XZ|public: __thiscall IUnknown::IUnknown(void)|nafxcw|olemon.obj|ambiguous|review|3
0x00622451|_G_AFX_WIN_STATE|??_G_AFX_WIN_STATE@@UAEPAXI@Z|public: virtual void * __thiscall _AFX_WIN_STATE::`scalar deleting dtor'(unsigned int)|nafxcw|appcore.obj|unique-via-existing|high|20
0x0062246c|CWinApp::CWinApp|??0CWinApp@@QAE@PBD@Z|public: __thiscall CWinApp::CWinApp(char const *)|nafxcw|appcore.obj|unique|high|1
0x00622556|_GCWinApp|??_GCWinApp@@UAEPAXI@Z|public: virtual void * __thiscall CWinApp::`scalar deleting dtor'(unsigned int)|nafxcw|appcore.obj|unique-via-existing|high|191
0x00622572|CWinApp::InitApplication|?InitApplication@CWinApp@@UAEHXZ|public: virtual int __thiscall CWinApp::InitApplication(void)|nafxcw|appcore.obj|unique|high|1
0x00622632|CWinApp::ParseCommandLine|?ParseCommandLine@CWinApp@@QAEXAAVCCommandLineInfo@@@Z|public: void __thiscall CWinApp::ParseCommandLine(class CCommandLineInfo &)|nafxcw|appcore.obj|unique|high|1
0x00622690|CCommandLineInfo::CCommandLineInfo|??0CCommandLineInfo@@QAE@XZ|public: __thiscall CCommandLineInfo::CCommandLineInfo(void)|nafxcw|appcore.obj|unique|high|1
0x006226ff|_GCCommandLineInfo|??_GCCommandLineInfo@@UAEPAXI@Z|public: virtual void * __thiscall CCommandLineInfo::`scalar deleting dtor'(unsigned int)|nafxcw|appcore.obj|unique-via-existing|high|191
0x0062271b|CCommandLineInfo::~CCommandLineInfo|??1CCommandLineInfo@@UAE@XZ|public: virtual __thiscall CCommandLineInfo::~CCommandLineInfo(void)|nafxcw|appcore.obj|unique|high|1
0x00622778|CCommandLineInfo::ParseParam|?ParseParam@CCommandLineInfo@@UAEXPBDHH@Z|public: virtual void __thiscall CCommandLineInfo::ParseParam(char const *, int, int)|nafxcw|appcore.obj|unique|high|1
0x006227a1|CCommandLineInfo::ParseParamFlag|?ParseParamFlag@CCommandLineInfo@@IAEXPBD@Z|protected: void __thiscall CCommandLineInfo::ParseParamFlag(char const *)|nafxcw|appcore.obj|unique|high|1
0x0062285f|CCommandLineInfo::ParseParamNotFlag|?ParseParamNotFlag@CCommandLineInfo@@IAEXPBD@Z|protected: void __thiscall CCommandLineInfo::ParseParamNotFlag(char const *)|nafxcw|appcore.obj|unique|high|1
0x006228af|CCommandLineInfo::ParseLast|?ParseLast@CCommandLineInfo@@IAEXH@Z|protected: void __thiscall CCommandLineInfo::ParseLast(int)|nafxcw|appcore.obj|unique|high|1
0x006228de|CWinApp::~CWinApp|??1CWinApp@@UAE@XZ|public: virtual __thiscall CWinApp::~CWinApp(void)|nafxcw|appcore.obj|unique|high|1
0x00622a13|CWinApp::SaveStdProfileSettings|?SaveStdProfileSettings@CWinApp@@IAEXXZ|protected: void __thiscall CWinApp::SaveStdProfileSettings(void)|nafxcw|appcore.obj|unique|high|1
0x00622a4f|CWinApp::ExitInstance|?ExitInstance@CWinApp@@UAEHXZ|public: virtual int __thiscall CWinApp::ExitInstance(void)|nafxcw|appcore.obj|unique|high|1
0x00622a95|CObject::AssertValid|?AssertValid@CObject@@UBEXXZ|public: virtual void __thiscall CObject::AssertValid(void) const|nafxcw|except.obj|ambiguous|review|23
0x00622b3c|_GCWinThread|??_GCWinThread@@UAEPAXI@Z|public: virtual void * __thiscall CWinThread::`scalar deleting dtor'(unsigned int)|nafxcw|thrdcore.obj|unique-via-existing|high|191
0x00622b58|CWinThread::CWinThread|??0CWinThread@@QAE@XZ|public: __thiscall CWinThread::CWinThread(void)|nafxcw|thrdcore.obj|unique|high|1
0x00622b95|CWinThread::CommonConstruct|?CommonConstruct@CWinThread@@QAEXXZ|public: void __thiscall CWinThread::CommonConstruct(void)|nafxcw|thrdcore.obj|unique|high|1
0x00622cad|AfxGetAfxWndProc|?AfxGetAfxWndProc@@YGP6GJPAUHWND__@@IIJ@ZXZ|long (__stdcall * __stdcall AfxGetAfxWndProc(void))(struct HWND__*, unsigned int, unsigned int, long)|nafxcw|wincore.obj|ambiguous|review|239
0x00622cb3|CWinApp::ProcessShellCommand|?ProcessShellCommand@CWinApp@@QAEHAAVCCommandLineInfo@@@Z|public: int __thiscall CWinApp::ProcessShellCommand(class CCommandLineInfo &)|nafxcw|appui2.obj|unique|high|1
0x00622dfc|CWinApp::Unregister|?Unregister@CWinApp@@QAEHXZ|public: int __thiscall CWinApp::Unregister(void)|nafxcw|appui2.obj|unique|high|1
0x00622f2b|CWinApp::DelRegTree|?DelRegTree@CWinApp@@QAEJPAUHKEY__@@ABVCString@@@Z|public: long __thiscall CWinApp::DelRegTree(struct HKEY__*, class CString const &)|nafxcw|appui2.obj|unique|high|1
0x00623006|CWinApp::EnableShellOpen|?EnableShellOpen@CWinApp@@IAEXXZ|protected: void __thiscall CWinApp::EnableShellOpen(void)|nafxcw|appui2.obj|unique|high|1
0x00623050|CWinApp::UnregisterShellFileTypes|?UnregisterShellFileTypes@CWinApp@@IAEXXZ|protected: void __thiscall CWinApp::UnregisterShellFileTypes(void)|nafxcw|appui2.obj|unique|high|1
0x00623061|CWinApp::SetRegistryKey|?SetRegistryKey@CWinApp@@IAEXPBD@Z|protected: void __thiscall CWinApp::SetRegistryKey(char const *)|nafxcw|appui3.obj|unique|high|1
0x00623099|CWinApp::SetRegistryKey|?SetRegistryKey@CWinApp@@IAEXI@Z|protected: void __thiscall CWinApp::SetRegistryKey(unsigned int)|nafxcw|appui3.obj|unique|high|1
0x006230cc|CWinApp::GetAppRegistryKey|?GetAppRegistryKey@CWinApp@@QAEPAUHKEY__@@XZ|public: struct HKEY__* __thiscall CWinApp::GetAppRegistryKey(void)|nafxcw|appui3.obj|unique|high|1
0x00623160|CWinApp::GetSectionKey|?GetSectionKey@CWinApp@@QAEPAUHKEY__@@PBD@Z|public: struct HKEY__* __thiscall CWinApp::GetSectionKey(char const *)|nafxcw|appui3.obj|unique|high|1
0x006231a6|CWinApp::GetProfileIntA|?GetProfileIntA@CWinApp@@QAEIPBD0H@Z|public: unsigned int __thiscall CWinApp::GetProfileIntA(char const *, char const *, int)|nafxcw|appui3.obj|unique|high|1
0x00623212|CWinApp::GetProfileStringA|?GetProfileStringA@CWinApp@@QAE?AVCString@@PBD00@Z|public: class CString __thiscall CWinApp::GetProfileStringA(char const *, char const *, char const *)|nafxcw|appui3.obj|unique|high|1
0x00623324|CWinApp::GetProfileBinary|?GetProfileBinary@CWinApp@@QAEHPBD0PAPAEPAI@Z|public: int __thiscall CWinApp::GetProfileBinary(char const *, char const *, unsigned char **, unsigned int *)|nafxcw|appui3.obj|unique|high|1
0x0062343f|CWnd::CreateObject|?CreateObject@CWnd@@SGPAVCObject@@XZ|public: static class CObject * __stdcall CWnd::CreateObject(void)|nafxcw|wincore.obj|unique|high|1
0x00623477|_AFX_THREAD_STATE::_AFX_THREAD_STATE|??0_AFX_THREAD_STATE@@QAE@XZ|public: __thiscall _AFX_THREAD_STATE::_AFX_THREAD_STATE(void)|nafxcw|afxstate.obj|unique|high|1
0x0062348e|_G_AFX_THREAD_STATE|??_G_AFX_THREAD_STATE@@UAEPAXI@Z|public: virtual void * __thiscall _AFX_THREAD_STATE::`scalar deleting dtor'(unsigned int)|nafxcw|afxstate.obj|unique-via-existing|high|20
0x006234a9|_AFX_THREAD_STATE::~_AFX_THREAD_STATE|??1_AFX_THREAD_STATE@@UAE@XZ|public: virtual __thiscall _AFX_THREAD_STATE::~_AFX_THREAD_STATE(void)|nafxcw|afxstate.obj|unique|high|1
0x00623523|AfxGetThreadState|?AfxGetThreadState@@YGPAV_AFX_THREAD_STATE@@XZ|class _AFX_THREAD_STATE * __stdcall AfxGetThreadState(void)|nafxcw|afxstate.obj|unique-via-existing|high|4
0x00623559|AFX_MODULE_STATE::AFX_MODULE_STATE|??0AFX_MODULE_STATE@@QAE@H@Z|public: __thiscall AFX_MODULE_STATE::AFX_MODULE_STATE(int)|nafxcw|afxstate.obj|unique|high|1
0x006235bd|_G_AFX_BASE_MODULE_STATE|??_G_AFX_BASE_MODULE_STATE@@UAEPAXI@Z|public: virtual void * __thiscall _AFX_BASE_MODULE_STATE::`scalar deleting dtor'(unsigned int)|nafxcw|afxstate.obj|duplicate-body|review|20
0x006235d8|AFX_MODULE_STATE::~AFX_MODULE_STATE|??1AFX_MODULE_STATE@@UAE@XZ|public: virtual __thiscall AFX_MODULE_STATE::~AFX_MODULE_STATE(void)|nafxcw|afxstate.obj|unique|high|1
0x0062368b|AFX_MODULE_THREAD_STATE::AFX_MODULE_THREAD_STATE|??0AFX_MODULE_THREAD_STATE@@QAE@XZ|public: __thiscall AFX_MODULE_THREAD_STATE::AFX_MODULE_THREAD_STATE(void)|nafxcw|afxstate.obj|unique|high|1
0x006236f6|_GAFX_MODULE_THREAD_STATE|??_GAFX_MODULE_THREAD_STATE@@UAEPAXI@Z|public: virtual void * __thiscall AFX_MODULE_THREAD_STATE::`scalar deleting dtor'(unsigned int)|nafxcw|afxstate.obj|unique-via-existing|high|20
0x00623711|AFX_MODULE_THREAD_STATE::~AFX_MODULE_THREAD_STATE|??1AFX_MODULE_THREAD_STATE@@UAE@XZ|public: virtual __thiscall AFX_MODULE_THREAD_STATE::~AFX_MODULE_THREAD_STATE(void)|nafxcw|afxstate.obj|unique|high|1
0x00623824|CProcessLocal<class _AFX_BASE_MODULE_STATE>::CreateObject|?CreateObject@?$CProcessLocal@V_AFX_BASE_MODULE_STATE@@@@SGPAVCNoTrackObject@@XZ|public: static class CNoTrackObject * __stdcall CProcessLocal<class _AFX_BASE_MODULE_STATE>::CreateObject(void)|nafxcw|afxstate.obj|unique|high|1
0x00623866|_G_AFX_BASE_MODULE_STATE|??_G_AFX_BASE_MODULE_STATE@@UAEPAXI@Z|public: virtual void * __thiscall _AFX_BASE_MODULE_STATE::`scalar deleting dtor'(unsigned int)|nafxcw|afxstate.obj|duplicate-body|review|20
0x00623886|AfxGetModuleState|?AfxGetModuleState@@YGPAVAFX_MODULE_STATE@@XZ|class AFX_MODULE_STATE * __stdcall AfxGetModuleState(void)|nafxcw|afxstate.obj|unique|high|1
0x006238ac|AfxGetModuleThreadState|?AfxGetModuleThreadState@@YGPAVAFX_MODULE_THREAD_STATE@@XZ|class AFX_MODULE_THREAD_STATE * __stdcall AfxGetModuleThreadState(void)|nafxcw|afxstate.obj|unique|high|1
0x006238c3|CTypeLibCache::Unlock|?Unlock@CTypeLibCache@@QAEXXZ|public: void __thiscall CTypeLibCache::Unlock(void)|nafxcw|afxstate.obj|unique|high|1
0x006239a2|AfxGetAfxWndProc|?AfxGetAfxWndProc@@YGP6GJPAUHWND__@@IIJ@ZXZ|long (__stdcall * __stdcall AfxGetAfxWndProc(void))(struct HWND__*, unsigned int, unsigned int, long)|nafxcw|wincore.obj|ambiguous|review|239
0x00623a9a|AfxGetAfxWndProc|?AfxGetAfxWndProc@@YGP6GJPAUHWND__@@IIJ@ZXZ|long (__stdcall * __stdcall AfxGetAfxWndProc(void))(struct HWND__*, unsigned int, unsigned int, long)|nafxcw|wincore.obj|ambiguous|review|239
0x00623b3a|AfxGetAfxWndProc|?AfxGetAfxWndProc@@YGP6GJPAUHWND__@@IIJ@ZXZ|long (__stdcall * __stdcall AfxGetAfxWndProc(void))(struct HWND__*, unsigned int, unsigned int, long)|nafxcw|wincore.obj|ambiguous|review|239
0x00623b40|AfxGetAfxWndProc|?AfxGetAfxWndProc@@YGP6GJPAUHWND__@@IIJ@ZXZ|long (__stdcall * __stdcall AfxGetAfxWndProc(void))(struct HWND__*, unsigned int, unsigned int, long)|nafxcw|wincore.obj|ambiguous|review|239
0x00623b46|AfxGetAfxWndProc|?AfxGetAfxWndProc@@YGP6GJPAUHWND__@@IIJ@ZXZ|long (__stdcall * __stdcall AfxGetAfxWndProc(void))(struct HWND__*, unsigned int, unsigned int, long)|nafxcw|wincore.obj|ambiguous|review|239
0x00623b4c|CSimpleList::AddHead|?AddHead@CSimpleList@@QAEXPAX@Z|public: void __thiscall CSimpleList::AddHead(void *)|nafxcw|afxtls.obj|unique|high|1
0x00623b5f|CSimpleList::Remove|?Remove@CSimpleList@@QAEHPAX@Z|public: int __thiscall CSimpleList::Remove(void *)|nafxcw|afxtls.obj|unique|high|1
0x00623baa|CNoTrackObject::operator new|??2CNoTrackObject@@SGPAXI@Z|public: static void * __stdcall CNoTrackObject::operator new(unsigned int)|nafxcw|afxtls.obj|unique|high|1
0x00623bc8|CNoTrackObject::operator delete|??3CNoTrackObject@@SGXPAX@Z|public: static void __stdcall CNoTrackObject::operator delete(void *)|nafxcw|afxtls.obj|unique|high|1
0x00623bdc|CThreadSlotData::CThreadSlotData|??0CThreadSlotData@@QAE@XZ|public: __thiscall CThreadSlotData::CThreadSlotData(void)|nafxcw|afxtls.obj|unique|high|1
0x00623c1e|CThreadSlotData::~CThreadSlotData|??1CThreadSlotData@@QAE@XZ|public: __thiscall CThreadSlotData::~CThreadSlotData(void)|nafxcw|afxtls.obj|unique|high|1
0x00623c75|CThreadSlotData::AllocSlot|?AllocSlot@CThreadSlotData@@QAEHXZ|public: int __thiscall CThreadSlotData::AllocSlot(void)|nafxcw|afxtls.obj|unique|high|1
0x00623d87|CThreadSlotData::FreeSlot|?FreeSlot@CThreadSlotData@@QAEXH@Z|public: void __thiscall CThreadSlotData::FreeSlot(int)|nafxcw|afxtls.obj|unique|high|1
0x00623de4|CThreadSlotData::SetValue|?SetValue@CThreadSlotData@@QAEXHPAX@Z|public: void __thiscall CThreadSlotData::SetValue(int, void *)|nafxcw|afxtls.obj|unique|high|1
0x00623eb2|_GAFX_MODULE_STATE|??_GAFX_MODULE_STATE@@UAEPAXI@Z|public: virtual void * __thiscall AFX_MODULE_STATE::`scalar deleting dtor'(unsigned int)|nafxcw|afxstate.obj|ambiguous|review|20
0x00623ecd|CException::~CException|??1CException@@UAE@XZ|public: virtual __thiscall CException::~CException(void)|nafxcw|except.obj|ambiguous|review|16
0x00623ed4|CThreadSlotData::AssignInstance|?AssignInstance@CThreadSlotData@@QAEXPAUHINSTANCE__@@@Z|public: void __thiscall CThreadSlotData::AssignInstance(struct HINSTANCE__*)|nafxcw|afxtls.obj|unique|high|1
0x00623f15|CThreadSlotData::DeleteValues|?DeleteValues@CThreadSlotData@@QAEXPAUCThreadData@@PAUHINSTANCE__@@@Z|public: void __thiscall CThreadSlotData::DeleteValues(struct CThreadData *, struct HINSTANCE__*)|nafxcw|afxtls.obj|unique|high|1
0x00623f9d|CThreadSlotData::DeleteValues|?DeleteValues@CThreadSlotData@@QAEXPAUHINSTANCE__@@H@Z|public: void __thiscall CThreadSlotData::DeleteValues(struct HINSTANCE__*, int)|nafxcw|afxtls.obj|unique|high|1
0x00623ff6|GetData|?GetData@CThreadLocalObject@@QAEPAVCNoTrackObject@@P6GPAV2@XZ@Z|public: class CNoTrackObject * __thiscall CThreadLocalObject::GetData(class CNoTrackObject * (__stdcall *)(void))|nafxcw|afxtls.obj|unique|high|1
0x0062406d|CThreadLocalObject::GetDataNA|?GetDataNA@CThreadLocalObject@@QAEPAVCNoTrackObject@@XZ|public: class CNoTrackObject * __thiscall CThreadLocalObject::GetDataNA(void)|nafxcw|afxtls.obj|unique|high|1
0x0062409a|CThreadLocalObject::~CThreadLocalObject|??1CThreadLocalObject@@QAE@XZ|public: __thiscall CThreadLocalObject::~CThreadLocalObject(void)|nafxcw|afxtls.obj|unique|high|1
0x00624123|CProcessLocalObject::~CProcessLocalObject|??1CProcessLocalObject@@QAE@XZ|public: __thiscall CProcessLocalObject::~CProcessLocalObject(void)|nafxcw|afxtls.obj|unique|high|1
0x0062415e|AfxTermLocalData|?AfxTermLocalData@@YGXPAUHINSTANCE__@@H@Z|void __stdcall AfxTermLocalData(struct HINSTANCE__*, int)|nafxcw|afxtls.obj|unique|high|1
0x006241d1|AfxEnableWin40Compatibility|?AfxEnableWin40Compatibility@@YGXXZ|void __stdcall AfxEnableWin40Compatibility(void)|nafxcw|auxdata.obj|unique|high|1
0x00624201|AfxEnableWin31Compatibility|?AfxEnableWin31Compatibility@@YGXXZ|void __stdcall AfxEnableWin31Compatibility(void)|nafxcw|auxdata.obj|unique|high|1
0x00624223|AUX_DATA::AUX_DATA|??0AUX_DATA@@QAE@XZ|public: __thiscall AUX_DATA::AUX_DATA(void)|nafxcw|auxdata.obj|unique|high|1
0x006242de|_AFX_CTL3D_STATE::~_AFX_CTL3D_STATE|??1_AFX_CTL3D_STATE@@UAE@XZ|public: virtual __thiscall _AFX_CTL3D_STATE::~_AFX_CTL3D_STATE(void)|nafxcw|app3d.obj|unique|high|1
0x00624325|_AFX_CTL3D_THREAD::~_AFX_CTL3D_THREAD|??1_AFX_CTL3D_THREAD@@UAE@XZ|public: virtual __thiscall _AFX_CTL3D_THREAD::~_AFX_CTL3D_THREAD(void)|nafxcw|app3d.obj|unique|high|1
0x00624491|CObject::AssertValid|?AssertValid@CObject@@UBEXXZ|public: virtual void __thiscall CObject::AssertValid(void) const|nafxcw|except.obj|ambiguous|review|23
0x006244a3|??1?$CIP@UIBindCtx@@$1?IID_IBindCtx@@3U_GUID@@B@@QAE@XZ|??1?$CIP@UIBindCtx@@$1?IID_IBindCtx@@3U_GUID@@B@@QAE@XZ|public: __thiscall CIP<struct IBindCtx, &struct _GUID const IID_IBindCtx>::~CIP<struct IBindCtx, &struct _GUID const IID_IBindCtx>(void)|nafxcw|olemon.obj|ambiguous|review|77
0x006244b7|CObject::AssertValid|?AssertValid@CObject@@UBEXXZ|public: virtual void __thiscall CObject::AssertValid(void) const|nafxcw|except.obj|ambiguous|review|23
0x006244d3|AfxCriticalInit|?AfxCriticalInit@@YGHXZ|int __stdcall AfxCriticalInit(void)|nafxcw|afxcrit.obj|unique|high|1
0x0062456f|AfxLockGlobals|?AfxLockGlobals@@YGXH@Z|void __stdcall AfxLockGlobals(int)|nafxcw|afxcrit.obj|unique|high|1
0x006245df|AfxUnlockGlobals|?AfxUnlockGlobals@@YGXH@Z|void __stdcall AfxUnlockGlobals(int)|nafxcw|afxcrit.obj|unique|high|1
0x00624606|_AfxDeleteRegKey|?_AfxDeleteRegKey@@YGHPBD@Z|int __stdcall _AfxDeleteRegKey(char const *)|nafxcw|docmgr.obj|unique|high|1
0x00624693|CDocManager::CDocManager|??0CDocManager@@QAE@XZ|public: __thiscall CDocManager::CDocManager(void)|nafxcw|docmgr.obj|unique|high|1
0x006246cd|_GCDocManager|??_GCDocManager@@UAEPAXI@Z|public: virtual void * __thiscall CDocManager::`scalar deleting dtor'(unsigned int)|nafxcw|docmgr.obj|unique-via-existing|high|191
0x006246e9|CDocManager::UnregisterShellFileTypes|?UnregisterShellFileTypes@CDocManager@@QAEXXZ|public: void __thiscall CDocManager::UnregisterShellFileTypes(void)|nafxcw|docmgr.obj|unique|high|1
0x0062496b|CDocManager::RegisterShellFileTypes|?RegisterShellFileTypes@CDocManager@@UAEXH@Z|public: virtual void __thiscall CDocManager::RegisterShellFileTypes(int)|nafxcw|docmgr.obj|unique|high|1
0x00624e73|AfxWinInit|?AfxWinInit@@YGHPAUHINSTANCE__@@0PADH@Z|int __stdcall AfxWinInit(struct HINSTANCE__*, struct HINSTANCE__*, char *, int)|nafxcw|appinit.obj|unique|high|1
0x00624ed6|CWinApp::SetCurrentHandles|?SetCurrentHandles@CWinApp@@QAEXXZ|public: void __thiscall CWinApp::SetCurrentHandles(void)|nafxcw|appinit.obj|unique|high|1
0x00624ff3|AfxGetFileName|?AfxGetFileName@@YGIPBDPADI@Z|unsigned int __stdcall AfxGetFileName(char const *, char *, unsigned int)|nafxcw|appinit.obj|unique|high|1
0x00626b59|_AFX_WIN_STATE::~_AFX_WIN_STATE|??1_AFX_WIN_STATE@@UAE@XZ|public: virtual __thiscall _AFX_WIN_STATE::~_AFX_WIN_STATE(void)|nafxcw|appcore.obj|unique|high|1
0x00626b90|AfxPostQuitMessage|?AfxPostQuitMessage@@YGXH@Z|void __stdcall AfxPostQuitMessage(int)|nafxcw|appcore.obj|unique|high|1
0x00626bb3|CWinThread::~CWinThread|??1CWinThread@@UAE@XZ|public: virtual __thiscall CWinThread::~CWinThread(void)|nafxcw|thrdcore.obj|unique|high|1
0x00626c02|AUX_DATA::~AUX_DATA|??1AUX_DATA@@QAE@XZ|public: __thiscall AUX_DATA::~AUX_DATA(void)|nafxcw|auxdata.obj|unique|high|1
0x00626c0c|CDocManager::~CDocManager|??1CDocManager@@UAE@XZ|public: virtual __thiscall CDocManager::~CDocManager(void)|nafxcw|docmgr.obj|unique|high|1
0x00626c7d|AfxWinTerm|?AfxWinTerm@@YGXXZ|void __stdcall AfxWinTerm(void)|nafxcw|appterm.obj|unique|high|1
