address|name|symbol|prototype|library_family|object_member|evidence|kind
0x00415c00|CWaitCursor::~CWaitCursor|??1CWaitCursor@@QAE@XZ|public: __thiscall CWaitCursor::~CWaitCursor(void)|nafxcw|wincore.obj|library_oracle_unique_high;CWaitCursor_RAII_MFC_destructor|LIBRARY
0x00415030|CWnd::DoDataExchange|?DoDataExchange@CWnd@@MAEXPAVCDataExchange@@@Z|protected: virtual void __thiscall CWnd::DoDataExchange(class CDataExchange *)|nafxcw|wincore.obj|cdialog_vtable_0x66fc2c_slot_recomp_pdb+ghidra_decompile+mfc_header_order(agent-verified)
0x00415050|CWnd::BeginModalState|?BeginModalState@CWnd@@UAEXXZ|public: virtual void __thiscall CWnd::BeginModalState(void)|nafxcw|wincore.obj|cdialog_vtable_0x66fc2c_slot_recomp_pdb+ghidra_decompile+mfc_header_order(agent-verified)
0x00415070|CWnd::EndModalState|?EndModalState@CWnd@@UAEXXZ|public: virtual void __thiscall CWnd::EndModalState(void)|nafxcw|wincore.obj|cdialog_vtable_0x66fc2c_slot_recomp_pdb+ghidra_decompile+mfc_header_order(agent-verified)
0x005e539c|AfxGetMainWnd|?AfxGetMainWnd@@YGPAVCWnd@@XZ|class CWnd * __stdcall AfxGetMainWnd(void)|nafxcw|wincore.obj|oracle_unique_high_relocation_masked_match;review_reason_invented_name_referenced_in_source:manual refs are real MFC/CRT API calls or same-named game-class methods (no linkage to this address's stub); free-fn externs migrated (ftol->_ftol in TAmtBar, AppendPointerToGlobalVectorAsStatus->atexit in TDiplomacyMapView)
0x005e53bc|CNoTrackObject::`scalar deleting dtor'|??_GCNoTrackObject@@UAEPAXI@Z|public: virtual void * __thiscall CNoTrackObject::`scalar deleting dtor'(unsigned int)|nafxcw|afxstate.obj|object_matcher:unique:high (accepted 2026-07)
0x005e53d8|CThreadLocal<class AFX_MODULE_THREAD_STATE>::CreateObject|?CreateObject@?$CThreadLocal@VAFX_MODULE_THREAD_STATE@@@@SGPAVCNoTrackObject@@XZ|public: static class CNoTrackObject * __stdcall CThreadLocal<class AFX_MODULE_THREAD_STATE>::CreateObject(void)|nafxcw|afxstate.obj|oracle_unique_high_relocation_masked_match;review_reason_invented_name_referenced_in_source:manual refs are real MFC/CRT API calls or same-named game-class methods (no linkage to this address's stub); free-fn externs migrated (ftol->_ftol in TAmtBar, AppendPointerToGlobalVectorAsStatus->atexit in TDiplomacyMapView)
0x005e540c|_AFX_THREAD_STATE>::CreateObject|?CreateObject@?$CThreadLocal@V_AFX_THREAD_STATE@@@@SGPAVCNoTrackObject@@XZ|public: static class CNoTrackObject * __stdcall CThreadLocal<class _AFX_THREAD_STATE>::CreateObject(void)|nafxcw|except.obj|object_matcher:unique:high (accepted 2026-07)
0x005e5440|_AFX_CTL3D_STATE>::CreateObject|?CreateObject@?$CProcessLocal@V_AFX_CTL3D_STATE@@@@SGPAVCNoTrackObject@@XZ|public: static class CNoTrackObject * __stdcall CProcessLocal<class _AFX_CTL3D_STATE>::CreateObject(void)|nafxcw|wincore.obj|object_matcher:unique:high (accepted 2026-07)
0x005e5455|_AFX_CTL3D_STATE::`scalar deleting dtor'|??_G_AFX_CTL3D_STATE@@UAEPAXI@Z|public: virtual void * __thiscall _AFX_CTL3D_STATE::`scalar deleting dtor'(unsigned int)|nafxcw|wincore.obj|object_matcher:unique-via-existing:high (accepted 2026-07)
0x005e5470|_AFX_CTL3D_THREAD>::CreateObject|?CreateObject@?$CThreadLocal@V_AFX_CTL3D_THREAD@@@@SGPAVCNoTrackObject@@XZ|public: static class CNoTrackObject * __stdcall CThreadLocal<class _AFX_CTL3D_THREAD>::CreateObject(void)|nafxcw|thrdcore.obj|object_matcher:unique-via-existing:high (accepted 2026-07)
0x005e5485|_AFX_CTL3D_THREAD::`scalar deleting dtor'|??_G_AFX_CTL3D_THREAD@@UAEPAXI@Z|public: virtual void * __thiscall _AFX_CTL3D_THREAD::`scalar deleting dtor'(unsigned int)|nafxcw|thrdcore.obj|object_matcher:unique-via-existing:high (accepted 2026-07)
0x005e54a0|_AFX_WIN_STATE>::CreateObject|?CreateObject@?$CProcessLocal@V_AFX_WIN_STATE@@@@SGPAVCNoTrackObject@@XZ|public: static class CNoTrackObject * __stdcall CProcessLocal<class _AFX_WIN_STATE>::CreateObject(void)|nafxcw|wincore.obj|object_matcher:unique-via-existing:high (accepted 2026-07)
0x005e54e8|CHandleMap::~CHandleMap|??1CHandleMap@@QAE@XZ|public: __thiscall CHandleMap::~CHandleMap(void)|nafxcw|afxstate.obj|object_matcher:unique:high (accepted 2026-07)
0x005e5529|CDragListBox::~CDragListBox|??1CDragListBox@@UAE@XZ|public: virtual __thiscall CDragListBox::~CDragListBox(void)|nafxcw|winctrl2.obj|object_matcher:unique-via-existing:high (accepted 2026-07)
0x005e5561|CDragListBox::PreSubclassWindow|?PreSubclassWindow@CDragListBox@@UAEXXZ|public: virtual void __thiscall CDragListBox::PreSubclassWindow(void)|nafxcw|winctrl2.obj|oracle_unique_high_match_below_min_convert_size;hand_verified_disasm:MakeDragList(m_hWnd_at_+0x1c)_via_comctl32_IAT
0x005e556b|CDragListBox::BeginDrag|?BeginDrag@CDragListBox@@UAEHVCPoint@@@Z|public: virtual int __thiscall CDragListBox::BeginDrag(class CPoint)|nafxcw|winctrl2.obj|object_matcher:unique:high (accepted 2026-07)
0x005e5597|CDragListBox::CancelDrag|?CancelDrag@CDragListBox@@UAEXVCPoint@@@Z|public: virtual void __thiscall CDragListBox::CancelDrag(class CPoint)|nafxcw|winctrl2.obj|object_matcher:unique:high (accepted 2026-07)
0x005e55a4|CDragListBox::Dragging|?Dragging@CDragListBox@@UAEIVCPoint@@@Z|public: virtual unsigned int __thiscall CDragListBox::Dragging(class CPoint)|nafxcw|winctrl2.obj|object_matcher:unique:high (accepted 2026-07)
0x005e56cd|CDragListBox::DrawInsert|?DrawInsert@CDragListBox@@UAEXH@Z|public: virtual void __thiscall CDragListBox::DrawInsert(int)|nafxcw|winctrl2.obj|object_matcher:unique:high (accepted 2026-07)
0x005e56f2|CDragListBox::DrawSingle|?DrawSingle@CDragListBox@@QAEXH@Z|public: void __thiscall CDragListBox::DrawSingle(int)|nafxcw|winctrl2.obj|object_matcher:unique:high (accepted 2026-07)
0x005e57e9|CDragListBox::OnChildNotify|?OnChildNotify@CDragListBox@@MAEHIIJPAJ@Z|protected: virtual int __thiscall CDragListBox::OnChildNotify(unsigned int, unsigned int, long, long *)|nafxcw|winctrl2.obj|object_matcher:unique:high (accepted 2026-07)
0x005e58ab|CToolBarCtrl::Create|?Create@CToolBarCtrl@@QAEHKABUtagRECT@@PAVCWnd@@I@Z|public: int __thiscall CToolBarCtrl::Create(unsigned long, struct tagRECT const &, class CWnd *, unsigned int)|nafxcw|winctrl2.obj|oracle_ambiguous_masked_match_disambiguated:exe_body_pushes_ToolbarWindow32_class_string(TOOLBARCLASSNAMEA)
0x005e591c|AddBitmap|?AddBitmap@CToolBarCtrl@@QAEHHPAVCBitmap@@@Z|int __thiscall CToolBarCtrl::AddBitmap(int param_1, CBitmap * param_2)|nafxcw|winctrl2.obj|object_matcher:unique:high (accepted 2026-07)
0x005e5950|CToolBarCtrl::AddBitmap|?AddBitmap@CToolBarCtrl@@QAEHHI@Z|public: int __thiscall CToolBarCtrl::AddBitmap(int, unsigned int)|nafxcw|winctrl2.obj|object_matcher:unique:high (accepted 2026-07)
0x005e5987|SaveState|?SaveState@CToolBarCtrl@@QAEXPAUHKEY__@@PBD1@Z|void __thiscall CToolBarCtrl::SaveState(HKEY__ * param_1, char * param_2, char * param_3)|nafxcw|winctrl2.obj|object_matcher:unique:high (accepted 2026-07)
0x005e59b7|RestoreState|?RestoreState@CToolBarCtrl@@QAEXPAUHKEY__@@PBD1@Z|void __thiscall CToolBarCtrl::RestoreState(HKEY__ * param_1, char * param_2, char * param_3)|nafxcw|winctrl2.obj|object_matcher:unique:high (accepted 2026-07)
0x005e59e7|CToolBarCtrl::AddString|?AddString@CToolBarCtrl@@QAEHI@Z|public: int __thiscall CToolBarCtrl::AddString(unsigned int)|nafxcw|winctrl2.obj|object_matcher:unique:high (accepted 2026-07)
0x005e5a0d|CToolBarCtrl::OnCreate|?OnCreate@CToolBarCtrl@@IAEHPAUtagCREATESTRUCTA@@@Z|protected: int __thiscall CToolBarCtrl::OnCreate(struct tagCREATESTRUCTA *)|nafxcw|winctrl2.obj|oracle_unique_high_relocation_masked_match;review_reason_invented_name_referenced_in_source:manual refs are real MFC/CRT API calls or same-named game-class methods (no linkage to this address's stub); free-fn externs migrated (ftol->_ftol in TAmtBar, AppendPointerToGlobalVectorAsStatus->atexit in TDiplomacyMapView)
0x005e5a36|CStatusBarCtrl::Create|?Create@CStatusBarCtrl@@QAEHKABUtagRECT@@PAVCWnd@@I@Z|public: int __thiscall CStatusBarCtrl::Create(unsigned long, struct tagRECT const &, class CWnd *, unsigned int)|nafxcw|winctrl2.obj|oracle_ambiguous_masked_match_disambiguated:exe_body_pushes_msctls_statusbar32(STATUSCLASSNAMEA)
0x005e5ad2|CStatusBarCtrl::GetText|?GetText@CStatusBarCtrl@@QBE?AVCString@@HPAH@Z|public: class CString __thiscall CStatusBarCtrl::GetText(int, int *) const|nafxcw|winctrl2.obj|object_matcher:unique:high (accepted 2026-07)
0x005e5b9a|GetBorders|?GetBorders@CStatusBarCtrl@@QBEHAAH00@Z|int __thiscall CStatusBarCtrl::GetBorders(int * param_1, int * param_2, int * param_3)|nafxcw|winctrl2.obj|object_matcher:unique:high (accepted 2026-07)
0x005e5c0b|CListCtrl::Create|?Create@CListCtrl@@QAEHKABUtagRECT@@PAVCWnd@@I@Z|public: int __thiscall CListCtrl::Create(unsigned long, struct tagRECT const &, class CWnd *, unsigned int)|nafxcw|winctrl2.obj|oracle_ambiguous_masked_match_disambiguated:exe_body_pushes_SysListView32(WC_LISTVIEWA)
0x005e5c9c|CListCtrl::InsertColumn|?InsertColumn@CListCtrl@@QAEHHPBDHHH@Z|public: int __thiscall CListCtrl::InsertColumn(int, char const *, int, int, int)|nafxcw|winctrl2.obj|object_matcher:unique:high (accepted 2026-07)
0x005e5cef|CListCtrl::InsertItem|?InsertItem@CListCtrl@@QAEHIHPBDIIHJ@Z|public: int __thiscall CListCtrl::InsertItem(unsigned int, int, char const *, unsigned int, unsigned int, int, long)|nafxcw|winctrl2.obj|object_matcher:unique:high (accepted 2026-07)
0x005e5d3b|HitTest|?HitTest@CListCtrl@@QBEHVCPoint@@PAI@Z|int __thiscall CListCtrl::HitTest(CPoint param_1, uint * param_2)|nafxcw|winctrl2.obj|object_matcher:unique:high (accepted 2026-07)
0x005e5d71|SetItem|?SetItem@CListCtrl@@QAEHHHIPBDHIIJ@Z|public: int __thiscall CListCtrl::SetItem(int, int, unsigned int, char const *, int, unsigned int, unsigned int, long)|nafxcw|winctrl2.obj|object_matcher:unique:high (accepted 2026-07)
0x005e5dbf|CListCtrl::GetItemText|?GetItemText@CListCtrl@@QBE?AVCString@@HH@Z|public: class CString __thiscall CListCtrl::GetItemText(int, int) const|nafxcw|winctrl2.obj|object_matcher:unique:high (accepted 2026-07)
0x005e5e64|CListCtrl::GetItemText|?GetItemText@CListCtrl@@QBEHHHPADH@Z|public: int __thiscall CListCtrl::GetItemText(int, int, char *, int) const|nafxcw|winctrl2.obj|object_matcher:unique:high (accepted 2026-07)
0x005e5ea9|CListCtrl::GetItemData|?GetItemData@CListCtrl@@QBEKH@Z|public: unsigned long __thiscall CListCtrl::GetItemData(int) const|nafxcw|winctrl2.obj|object_matcher:unique:high (accepted 2026-07)
0x005e5f1c|CListCtrl::RemoveImageList|?RemoveImageList@CListCtrl@@IAEXH@Z|protected: void __thiscall CListCtrl::RemoveImageList(int)|nafxcw|winctrl2.obj|object_matcher:unique-via-existing:high (accepted 2026-07)
0x005e5f55|CListCtrl::OnNcDestroy|?OnNcDestroy@CListCtrl@@IAEXXZ|protected: void __thiscall CListCtrl::OnNcDestroy(void)|nafxcw|winctrl2.obj|object_matcher:unique-via-existing:high (accepted 2026-07)
0x005e5fe5|CTreeCtrl::Create|?Create@CTreeCtrl@@QAEHKABUtagRECT@@PAVCWnd@@I@Z|public: int __thiscall CTreeCtrl::Create(unsigned long, struct tagRECT const &, class CWnd *, unsigned int)|nafxcw|winctrl2.obj|oracle_ambiguous_masked_match_disambiguated:exe_body_pushes_SysTreeView32(WC_TREEVIEWA)
0x005e6076|CTreeCtrl::GetItemText|?GetItemText@CTreeCtrl@@QBE?AVCString@@PAU_TREEITEM@@@Z|public: class CString __thiscall CTreeCtrl::GetItemText(struct _TREEITEM *) const|nafxcw|winctrl2.obj|object_matcher:unique:high (accepted 2026-07)
0x005e6116|CTreeCtrl::GetItemImage|?GetItemImage@CTreeCtrl@@QBEHPAU_TREEITEM@@AAH1@Z|public: int __thiscall CTreeCtrl::GetItemImage(struct _TREEITEM *, int &, int &) const|nafxcw|winctrl2.obj|object_matcher:unique:high (accepted 2026-07)
0x005e6155|CTreeCtrl::GetItemState|?GetItemState@CTreeCtrl@@QBEIPAU_TREEITEM@@I@Z|public: unsigned int __thiscall CTreeCtrl::GetItemState(struct _TREEITEM *, unsigned int) const|nafxcw|winctrl2.obj|object_matcher:unique:high (accepted 2026-07)
0x005e618d|CTreeCtrl::GetItemData|?GetItemData@CTreeCtrl@@QBEKPAU_TREEITEM@@@Z|public: unsigned long __thiscall CTreeCtrl::GetItemData(struct _TREEITEM *) const|nafxcw|winctrl2.obj|object_matcher:unique:high (accepted 2026-07)
0x005e61bb|CTreeCtrl::ItemHasChildren|?ItemHasChildren@CTreeCtrl@@QBEHPAU_TREEITEM@@@Z|public: int __thiscall CTreeCtrl::ItemHasChildren(struct _TREEITEM *) const|nafxcw|winctrl2.obj|object_matcher:unique:high (accepted 2026-07)
0x005e6237|CTreeCtrl::InsertItem|?InsertItem@CTreeCtrl@@QAEPAU_TREEITEM@@IPBDHHIIJPAU2@1@Z|public: struct _TREEITEM * __thiscall CTreeCtrl::InsertItem(unsigned int, char const *, int, int, unsigned int, unsigned int, long, struct _TREEITEM *, struct _TREEITEM *)|nafxcw|winctrl2.obj|object_matcher:unique:high (accepted 2026-07)
0x005e628b|CTreeCtrl::HitTest|?HitTest@CTreeCtrl@@QBEPAU_TREEITEM@@VCPoint@@PAI@Z||nafxcw|winctrl2.obj|object_matcher:unique:high (accepted 2026-07)
0x005e62c1|CTreeCtrl::RemoveImageList|?RemoveImageList@CTreeCtrl@@IAEXH@Z|protected: void __thiscall CTreeCtrl::RemoveImageList(int)|nafxcw|winctrl2.obj|object_matcher:unique-via-existing:high (accepted 2026-07)
0x005e62fa|CTreeCtrl::OnDestroy|?OnDestroy@CTreeCtrl@@QAEXXZ|public: void __thiscall CTreeCtrl::OnDestroy(void)|nafxcw|winctrl2.obj|object_matcher:unique-via-existing:high (accepted 2026-07)
0x005e6379|CSpinButtonCtrl::Create|?Create@CSpinButtonCtrl@@QAEHKABUtagRECT@@PAVCWnd@@I@Z|public: int __thiscall CSpinButtonCtrl::Create(unsigned long, struct tagRECT const &, class CWnd *, unsigned int)|nafxcw|winctrl2.obj|oracle_ambiguous_masked_match_disambiguated:exe_body_pushes_msctls_updown32(UPDOWN_CLASSA)
0x005e6416|CSliderCtrl::Create|?Create@CSliderCtrl@@QAEHKABUtagRECT@@PAVCWnd@@I@Z|public: int __thiscall CSliderCtrl::Create(unsigned long, struct tagRECT const &, class CWnd *, unsigned int)|nafxcw|winctrl2.obj|oracle_ambiguous_masked_match_disambiguated:exe_body_pushes_msctls_trackbar32(TRACKBAR_CLASSA)
0x005e64be|CSliderCtrl::SetRange|?SetRange@CSliderCtrl@@QAEXHHH@Z|public: void __thiscall CSliderCtrl::SetRange(int, int, int)|nafxcw|winctrl2.obj|object_matcher:unique:high (accepted 2026-07)
0x005e6557|CProgressCtrl::Create|?Create@CProgressCtrl@@QAEHKABUtagRECT@@PAVCWnd@@I@Z|public: int __thiscall CProgressCtrl::Create(unsigned long, struct tagRECT const &, class CWnd *, unsigned int)|nafxcw|winctrl2.obj|oracle_ambiguous_masked_match_disambiguated:exe_body_pushes_msctls_progress32(PROGRESS_CLASSA)
0x005e65c8|CHeaderCtrl::Create|?Create@CHeaderCtrl@@QAEHKABUtagRECT@@PAVCWnd@@I@Z|public: int __thiscall CHeaderCtrl::Create(unsigned long, struct tagRECT const &, class CWnd *, unsigned int)|nafxcw|winctrl2.obj|oracle_ambiguous_masked_match_disambiguated:exe_body_pushes_SysHeader32(WC_HEADERA)
0x005e666a|CHotKeyCtrl::Create|?Create@CHotKeyCtrl@@QAEHKABUtagRECT@@PAVCWnd@@I@Z|public: int __thiscall CHotKeyCtrl::Create(unsigned long, struct tagRECT const &, class CWnd *, unsigned int)|nafxcw|winctrl2.obj|oracle_ambiguous_masked_match_disambiguated:exe_body_pushes_msctls_hotkey32(HOTKEY_CLASSA)
0x005e6710|CTabCtrl::Create|?Create@CTabCtrl@@QAEHKABUtagRECT@@PAVCWnd@@I@Z|public: int __thiscall CTabCtrl::Create(unsigned long, struct tagRECT const &, class CWnd *, unsigned int)|nafxcw|winctrl2.obj|oracle_ambiguous_masked_match_disambiguated:exe_body_pushes_SysTabControl32(WC_TABCONTROLA)
0x005e67ec|CAnimateCtrl::Create|?Create@CAnimateCtrl@@QAEHKABUtagRECT@@PAVCWnd@@I@Z|public: int __thiscall CAnimateCtrl::Create(unsigned long, struct tagRECT const &, class CWnd *, unsigned int)|nafxcw|winctrl2.obj|oracle_ambiguous_masked_match_disambiguated:exe_body_pushes_SysAnimate32(ANIMATE_CLASSA)
0x005e698b|CMenu::DestroyMenu|?DestroyMenu@CMenu@@QAEHXZ|public: int __thiscall CMenu::DestroyMenu(void)|nafxcw|winmenu.obj|object_matcher:unique-via-existing:high (accepted 2026-07)
0x005e69cb|CMenu::FromHandlePermanent|?FromHandlePermanent@CMenu@@SGPAV1@PAUHMENU__@@@Z|public: static class CMenu * __stdcall CMenu::FromHandlePermanent(struct HMENU__*)|nafxcw|winmenu.obj|oracle_ambiguous_masked_match_disambiguated:calls_afxMapHMENU(HMENU_handle_map_is_CMenu-only);neighbors_are_winmenu.obj
0x005e69e7|CImageList::Create|?Create@CImageList@@QAEHHHIHH@Z|public: int __thiscall CImageList::Create(int, int, unsigned int, int, int)|nafxcw|winctrl2.obj|oracle_unique_high_relocation_masked_match;review_reason_invented_name_referenced_in_source:manual refs are real MFC/CRT API calls or same-named game-class methods (no linkage to this address's stub); free-fn externs migrated (ftol->_ftol in TAmtBar, AppendPointerToGlobalVectorAsStatus->atexit in TDiplomacyMapView)
0x005e6a0f|CImageList::Create|?Create@CImageList@@QAEHIHHK@Z|public: int __thiscall CImageList::Create(unsigned int, int, int, unsigned long)|nafxcw|winctrl2.obj|oracle_ambiguous_masked_match_disambiguated:byte_identical_UINT/LPCTSTR_overload_pair;UINT_defined_first_in_winctrl2.cpp
0x005e6a41|CImageList::Create|?Create@CImageList@@QAEHPBDHHK@Z|public: int __thiscall CImageList::Create(char const *, int, int, unsigned long)|nafxcw|winctrl2.obj|oracle_ambiguous_masked_match_disambiguated:byte_identical_UINT/LPCTSTR_overload_pair;LPCTSTR_defined_second_in_winctrl2.cpp
0x005e6a73|CImageList::Create|?Create@CImageList@@QAEHAAV1@H0HHH@Z|public: int __thiscall CImageList::Create(class CImageList &, int, class CImageList &, int, int, int)|nafxcw|winctrl2.obj|object_matcher:unique:high (accepted 2026-07)
0x005e6aa4|CImageList::Attach|?Attach@CImageList@@QAEHPAU_IMAGELIST@@@Z|public: int __thiscall CImageList::Attach(struct _IMAGELIST *)|nafxcw|winctrl2.obj|object_matcher:unique-via-existing:high (accepted 2026-07)
0x005e6ad1|CImageList::Read|?Read@CImageList@@QAEHPAVCArchive@@@Z|public: int __thiscall CImageList::Read(class CArchive *)|nafxcw|winctrl2.obj|object_matcher:unique:high (accepted 2026-07)
0x005e6afe|CImageList::Write|?Write@CImageList@@QAEHPAVCArchive@@@Z|public: int __thiscall CImageList::Write(class CArchive *)|nafxcw|winctrl2.obj|object_matcher:unique:high (accepted 2026-07)
0x005e6b22|CListBox::GetCurSel|?GetCurSel@CListBox@@QBEHXZ|public: int __thiscall CListBox::GetCurSel(void) const|nafxcw|winctrl2.obj|object_matcher:unique:high (accepted 2026-07)
0x005e6cf5|CFile::SetFilePath|?SetFilePath@CFile@@UAEXPBD@Z|public: virtual void __thiscall CFile::SetFilePath(char const *)|nafxcw|filecore.obj|object_matcher:unique:high (accepted 2026-07)
0x005e6d04|CArchive::operator<<|??6CArchive@@QAEAAV0@E@Z|public: class CArchive & __thiscall CArchive::operator<<(unsigned char)|nafxcw|arccore.obj|object_matcher:unique:high (accepted 2026-07)
0x005e6d27|CArchive::operator<<|??6CArchive@@QAEAAV0@G@Z|public: class CArchive & __thiscall CArchive::operator<<(unsigned short)|nafxcw|arccore.obj|object_matcher:unique:high (accepted 2026-07)
0x005e6d4e|CArchive::operator<<|??6CArchive@@QAEAAV0@K@Z|public: class CArchive & __thiscall CArchive::operator<<(unsigned long)|nafxcw|arccore.obj|object_matcher:unique-via-existing:high (accepted 2026-07)
0x005e6d74|CArchive::operator>>|??5CArchive@@QAEAAV0@AAE@Z|public: class CArchive & __thiscall CArchive::operator>>(unsigned char &)|nafxcw|arccore.obj|object_matcher:unique:high (accepted 2026-07)
0x005e6da3|CArchive::operator>>|??5CArchive@@QAEAAV0@AAG@Z|public: class CArchive & __thiscall CArchive::operator>>(unsigned short &)|nafxcw|arccore.obj|object_matcher:unique:high (accepted 2026-07)
0x005e6dd6|CArchive::operator>>|??5CArchive@@QAEAAV0@AAK@Z|public: class CArchive & __thiscall CArchive::operator>>(unsigned long &)|nafxcw|arccore.obj|object_matcher:unique-via-existing:high (accepted 2026-07)
0x005e6efe|CDC::ExtTextOutA|?ExtTextOutA@CDC@@UAEHHHIPBUtagRECT@@PBDIPAH@Z|public: virtual int __thiscall CDC::ExtTextOutA(int, int, unsigned int, struct tagRECT const *, char const *, unsigned int, int *)|nafxcw|wingdi.obj|object_matcher:unique:high (accepted 2026-07)
0x005e6f23|CDC::TabbedTextOutA|?TabbedTextOutA@CDC@@UAE?AVCSize@@HHPBDHHPAHH@Z|public: virtual class CSize __thiscall CDC::TabbedTextOutA(int, int, char const *, int, int, int *, int)|nafxcw|wingdi.obj|object_matcher:unique:high (accepted 2026-07)
0x005e6f77|CDC::GrayStringA|?GrayStringA@CDC@@UAEHPAVCBrush@@P6GHPAUHDC__@@JH@ZJHHHHH@Z|public: virtual int __thiscall CDC::GrayStringA(class CBrush *, int (__stdcall *)(struct HDC__*, long, int), long, int, int, int, int, int)|nafxcw|dcmeta.obj|object_matcher:unique:high (accepted 2026-07)
0x005e711d|CArchiveStream::CArchiveStream|??0CArchiveStream@@QAE@PAVCArchive@@@Z|public: __thiscall CArchiveStream::CArchiveStream(class CArchive *)|nafxcw|arcstrm.obj|object_matcher:unique-via-existing:high (accepted 2026-07)
0x005e72f1|CFileException::`scalar deleting dtor'|??_GCFileException@@UAEPAXI@Z|public: virtual void * __thiscall CFileException::`scalar deleting dtor'(unsigned int)|nafxcw|filecore.obj|object_matcher:unique-via-existing:high (accepted 2026-07)
0x005e7350|_fpmath|__fpmath||libcmt|fpinit.obj|object_matcher:unique:high (accepted 2026-07)
0x005e7380|_cfltcvt_init|__cfltcvt_init||libcmt|fpinit.obj|object_matcher:unique:high (accepted 2026-07)
0x005e73d0|_ftol|__ftol|long __cdecl _ftol(void)|libcmt|ftol.obj|oracle_unique_high_relocation_masked_match;review_reason_invented_name_referenced_in_source:manual refs are real MFC/CRT API calls or same-named game-class methods (no linkage to this address's stub); free-fn externs migrated (ftol->_ftol in TAmtBar, AppendPointerToGlobalVectorAsStatus->atexit in TDiplomacyMapView)
0x005e7440|_CallMemberFunction0|?_CallMemberFunction0@@YGXPAX0@Z|void __stdcall _CallMemberFunction0(void *, void *)|libcmt|trnsctrl.obj|object_matcher:unique-via-existing:high (accepted 2026-07)
0x005e7470|_UnwindNestedFrames|?_UnwindNestedFrames@@YGXPAUEHRegistrationNode@@PAUEHExceptionRecord@@@Z|void __stdcall _UnwindNestedFrames(struct EHRegistrationNode *, struct EHExceptionRecord *)|libcmt|trnsctrl.obj|object_matcher:unique:high (accepted 2026-07)
0x005e7530|_CallCatchBlock2|?_CallCatchBlock2@@YAPAXPAUEHRegistrationNode@@PBU_s_FuncInfo@@PAXHK@Z|void * __cdecl _CallCatchBlock2(struct EHRegistrationNode *, struct _s_FuncInfo const *, void *, int, unsigned long)|libcmt|trnsctrl.obj|object_matcher:unique:high (accepted 2026-07)
0x005e75c0|_CallSETranslator|?_CallSETranslator@@YAHPAUEHExceptionRecord@@PAUEHRegistrationNode@@PAX2PBU_s_FuncInfo@@H1@Z|int __cdecl _CallSETranslator(struct EHExceptionRecord *, struct EHRegistrationNode *, void *, void *, struct _s_FuncInfo const *, int, struct EHRegistrationNode *)|libcmt|trnsctrl.obj|object_matcher:unique:high (accepted 2026-07)
0x005e7720|_GetRangeOfTrysToCheck|?_GetRangeOfTrysToCheck@@YAPBU_s_TryBlockMapEntry@@PBU_s_FuncInfo@@HHPAI1@Z|struct _s_TryBlockMapEntry const * __cdecl _GetRangeOfTrysToCheck(struct _s_FuncInfo const *, int, int, unsigned int *, unsigned int *)|libcmt|trnsctrl.obj|object_matcher:unique:high (accepted 2026-07)
0x005e7920|atexit|_atexit|int __cdecl atexit(void (__cdecl*)(void))|libcmt|onexit.obj|oracle_unique_high_relocation_masked_match;review_reason_invented_name_referenced_in_source:manual refs are real MFC/CRT API calls or same-named game-class methods (no linkage to this address's stub); free-fn externs migrated (ftol->_ftol in TAmtBar, AppendPointerToGlobalVectorAsStatus->atexit in TDiplomacyMapView)
0x005e7980|_mbscmp|__mbscmp||libcmt|mbscmp.obj|object_matcher:unique:high (accepted 2026-07)
0x005e7a80|_set_new_handler|?_set_new_handler@@YAP6AHI@ZP6AHI@Z@Z|_PNH __cdecl _set_new_handler(_PNH)|libcmt|handler.obj|object_matcher:unique:high (accepted 2026-07)
0x005e7fc0|_realloc|_realloc||libcmt|realloc.obj|object_matcher:unique:high (accepted 2026-07)
0x005e8170|type_info::~type_info|??1type_info@@UAE@XZ|public: virtual __thiscall type_info::~type_info(void)|libcmt|typinfo.obj|object_matcher:unique:high (accepted 2026-07)
0x005e81a0|type_info::`scalar deleting dtor'|??_Gtype_info@@UAEPAXI@Z|public: virtual void * __thiscall type_info::`scalar deleting dtor'(unsigned int)|libcmt|typinfo.obj|object_matcher:unique-via-existing:high (accepted 2026-07)
0x005e83e0|srand|_srand|void __cdecl srand(unsigned int)|libcmt|rand.obj|fid_confirmed__srand_from_rand.obj;prototype_correction_over_ghidra_SetThreadLocalRandomSeed
0x005e83f0|rand|_rand|int __cdecl rand(void)|libcmt|rand.obj|fid_db_has__rand_from_rand.obj_but_missed_in_exe;adjacent__srand_at_0x5e83e0;msvc5_lcg_state*0x343fd+0x269ec3_then_(state>>16)&0x7fff
0x005e8420|memmove|_memmove|void * __cdecl memmove(void *,void const *,unsigned int)|libcmt|memmove.obj|fid_confirmed__memmove_from_memmove.obj;prototype_correction_over_ghidra_MoveMemoryOverlapSafe
0x005e8cf0|_localtime|_localtime|struct tm * __cdecl _localtime(long const *)|libcmt|localtim.obj|object_matcher:unique:high (accepted 2026-07)
0x005e8ee0|_time|_time|long __cdecl _time(long *)|libcmt|time.obj|object_matcher:unique:high (accepted 2026-07)
0x005e9a90|memset|_memset|void * __cdecl memset(void *,int,unsigned int)|libcmt|memset.obj|oracle_unique_high_relocation_masked_match;review_reason_invented_name_referenced_in_source:manual refs are real MFC/CRT API calls or same-named game-class methods (no linkage to this address's stub); free-fn externs migrated (ftol->_ftol in TAmtBar, AppendPointerToGlobalVectorAsStatus->atexit in TDiplomacyMapView)
0x005e9ae8|_EH_prolog|__EH_prolog||libcmt|ehprolog.obj|object_matcher:unique:high (accepted 2026-07)
0x005e9bb0|_exit|__exit|void __cdecl _exit(int)|libcmt|crt0dat.obj|oracle_unique_high_relocation_masked_match;review_reason_invented_name_referenced_in_source:manual refs are real MFC/CRT API calls or same-named game-class methods (no linkage to this address's stub); free-fn externs migrated (ftol->_ftol in TAmtBar, AppendPointerToGlobalVectorAsStatus->atexit in TDiplomacyMapView)
0x005ea8b0|_mbclen|__mbclen||libcmt|mbclen.obj|object_matcher:unique:high (accepted 2026-07)
0x005ead10|_purecall|__purecall|void __cdecl _purecall(void)|libcmt|purevirt.obj|oracle_unique_high_match_below_min_convert_size;hand_verified_disasm:_amsg_exit(0x19==_RT_PUREVIRT)
0x005eada0|_errno|__errno|int * __cdecl _errno(void)|libcmt|dosmap.obj|object_matcher:unique:high (accepted 2026-07)
0x005eadb0|__doserrno|___doserrno|unsigned long * __cdecl __doserrno(void)|libcmt|dosmap.obj|oracle_unique_high_match_below_min_convert_size;hand_verified_disasm:_getptd()+0xc==ptd->_tdoserrno
0x005ec6c0|_setdefaultprecision|__setdefaultprecision||libcmt|fp8.obj|object_matcher:unique:high (accepted 2026-07)
0x005ec6e0|_ms_p5_test_fdiv|__ms_p5_test_fdiv||libcmt|testfdiv.obj|object_matcher:unique:high (accepted 2026-07)
0x005ec730|_ms_p5_mp_test_fdiv|__ms_p5_mp_test_fdiv||libcmt|testfdiv.obj|object_matcher:unique:high (accepted 2026-07)
0x005ec760|_forcdecpt|__forcdecpt||libcmt|cvt.obj|object_matcher:unique:high (accepted 2026-07)
0x005ec8b0|_cftoe|__cftoe||libcmt|cvt.obj|object_matcher:unique:high (accepted 2026-07)
0x005eca30|_cftof|__cftof||libcmt|cvt.obj|object_matcher:unique:high (accepted 2026-07)
0x005ecb60|_cftog|__cftog||libcmt|cvt.obj|object_matcher:unique:high (accepted 2026-07)
0x005edb20|_lock|__lock||libcmt|mlock.obj|object_matcher:unique:high (accepted 2026-07)
0x005edba0|_unlock|__unlock||libcmt|mlock.obj|object_matcher:unique:high (accepted 2026-07)
0x005f2f70|__CxxUnhandledExceptionFilter|?__CxxUnhandledExceptionFilter@@YGJPAU_EXCEPTION_POINTERS@@@Z|long __stdcall __CxxUnhandledExceptionFilter(struct _EXCEPTION_POINTERS *)|libcmt|unhandld.obj|object_matcher:unique:high (accepted 2026-07)
0x005f3f90|_statusfp|__statusfp||libcmt|ieee87.obj|object_matcher:unique:high (accepted 2026-07)
0x005f3fb0|_clearfp|__clearfp||libcmt|ieee87.obj|object_matcher:unique:high (accepted 2026-07)
0x005f3fd0|_control87|__control87||libcmt|ieee87.obj|object_matcher:unique:high (accepted 2026-07)
0x005f4010|_controlfp|__controlfp||libcmt|ieee87.obj|object_matcher:unique:high (accepted 2026-07)
0x005f4370|_ZeroTail|__ZeroTail||libcmt|intrncvt.obj|object_matcher:unique:high (accepted 2026-07)
0x005f43e0|_IncMan|__IncMan||libcmt|intrncvt.obj|object_matcher:unique:high (accepted 2026-07)
0x005f4450|_RoundMan|__RoundMan||libcmt|intrncvt.obj|object_matcher:unique:high (accepted 2026-07)
0x005f44f0|_CopyMan|__CopyMan||libcmt|intrncvt.obj|object_matcher:unique:high (accepted 2026-07)
0x005f4510|_FillZeroMan|__FillZeroMan||libcmt|intrncvt.obj|object_matcher:unique:high (accepted 2026-07)
0x005f4520|_IsZeroMan|__IsZeroMan||libcmt|intrncvt.obj|object_matcher:unique:high (accepted 2026-07)
0x005f4540|_ShrMan|__ShrMan||libcmt|intrncvt.obj|object_matcher:unique:high (accepted 2026-07)
0x005f4600|_ld12cvt|__ld12cvt||libcmt|intrncvt.obj|object_matcher:unique:high (accepted 2026-07)
0x005f47d0|__ld12tod|___ld12tod|int __cdecl __ld12tod(_LDBL12 *,double *)|libcmt|ld12tod.obj|thin_wrapper_pushing_double_cvt_table_0x69f190_into_oracle_confirmed___ld12cvt_0x5f4600;adjacent_oracle_confirmed__ZeroTail/_IncMan_from_same_obj
0x005f47f0|__ld12tof|___ld12tof|int __cdecl __ld12tof(_LDBL12 *,float *)|libcmt|ld12tod.obj|thin_wrapper_pushing_float_cvt_table_into___ld12cvt_0x5f4600;pairs_with___ld12tod_at_0x5f47d0
0x005f4890|_atodbl|__atodbl|int __cdecl _atodbl(_CRT_DOUBLE *,char *)|libcmt|atodbl.obj|body_is___strgtold12(&ld12,&end,str,0,0,0,0)_then___ld12tod(oracle_confirmed_0x5f4600_via_0x5f47d0_double_table_0x69f190)
0x005f4910|_atoflt|__atoflt|int __cdecl _atoflt(_CRT_FLOAT *,char *)|libcmt|atodbl.obj|identical_shape_to__atodbl_but_converts_via___ld12tof_0x5f47f0_float_table
0x005f49f0|_fltout2|__fltout2||libcmt|cfout.obj|object_matcher:unique:high (accepted 2026-07)
0x005f4a80|__dtold|___dtold||libcmt|cfout.obj|object_matcher:unique:high (accepted 2026-07)
0x005f4b40|_fptrap|__fptrap|void __cdecl _fptrap(void)|libcmt|crt0fp.obj|oracle_unique_high_match_below_min_convert_size;hand_verified_disasm:_amsg_exit(2==_RT_FLOAT)
0x005f4b50|_ValidateRead|?_ValidateRead@@YAHPBXI@Z|int __cdecl _ValidateRead(void const *, unsigned int)|libcmt|validate.obj|object_matcher:unique-via-existing:high (accepted 2026-07)
0x005f4b70|_ValidateWrite|?_ValidateWrite@@YAHPAXI@Z|int __cdecl _ValidateWrite(void *, unsigned int)|libcmt|validate.obj|object_matcher:unique-via-existing:high (accepted 2026-07)
0x005f4b90|_ValidateExecute|?_ValidateExecute@@YAHP6GHXZ@Z|int __cdecl _ValidateExecute(int (__stdcall *)(void))|libcmt|validate.obj|object_matcher:unique:high (accepted 2026-07)
0x005f7830|__addl|___addl||libcmt|mantold.obj|object_matcher:unique:high (accepted 2026-07)
0x005f7860|__add_12|___add_12||libcmt|mantold.obj|object_matcher:unique:high (accepted 2026-07)
0x005f78d0|__shl_12|___shl_12||libcmt|mantold.obj|object_matcher:unique:high (accepted 2026-07)
0x005f7900|__shr_12|___shr_12||libcmt|mantold.obj|object_matcher:unique:high (accepted 2026-07)
0x005f7930|__mtold12|___mtold12||libcmt|mantold.obj|object_matcher:unique:high (accepted 2026-07)
0x005f7a30|__strgtold12|___strgtold12|unsigned int __cdecl __strgtold12(_LDBL12 *,char const * *,char const *,int,int,int,int)|libcmt|strgtold.obj|sole_caller_of_oracle_confirmed___mtold12/___add_12/___shl_12/___addl_helper_constellation;called_by__atodbl/_atoflt_wrappers;1632B_matches_strgtold12
0x005f8210|$I10_OUTPUT|_$I10_OUTPUT|undefined ConvertExtendedFloatToStringInternal()|libcmt|x10fout.obj|object_matcher:unique:high (accepted 2026-07)
0x005f8f10|__ld12mul|___ld12mul||libcmt|tenpow.obj|object_matcher:unique:high (accepted 2026-07)
0x005f91d0|__multtenpow12|___multtenpow12||libcmt|tenpow.obj|object_matcher:unique:high (accepted 2026-07)
0x005fa7da|AfxInitialize|?AfxInitialize@@YGHHK@Z|int __stdcall AfxInitialize(int, unsigned long)|nafxcw|appmodul.obj|object_matcher:unique:high (accepted 2026-07)
0x005fa7f8|_AFX_TERM_APP_STATE::_AFX_TERM_APP_STATE|??0_AFX_TERM_APP_STATE@@QAE@XZ|public: __thiscall _AFX_TERM_APP_STATE::_AFX_TERM_APP_STATE(void)|nafxcw|appmodul.obj|object_matcher:unique:high (accepted 2026-07)
0x005fa80b|_AFX_TERM_APP_STATE::~_AFX_TERM_APP_STATE|??1_AFX_TERM_APP_STATE@@QAE@XZ|public: __thiscall _AFX_TERM_APP_STATE::~_AFX_TERM_APP_STATE(void)|nafxcw|appmodul.obj|oracle_unique_high_match_below_min_convert_size;hand_verified_disasm:AfxTermLocalData(0,TRUE)_tail
0x005fa845|CToolTipCtrl::CToolTipCtrl|??0CToolTipCtrl@@QAE@XZ|public: __thiscall CToolTipCtrl::CToolTipCtrl(void)|nafxcw|tooltip.obj|object_matcher:unique:high (accepted 2026-07)
0x005fa87e|CMonikerFile::`scalar deleting dtor'|??_GCMonikerFile@@UAEPAXI@Z|public: virtual void * __thiscall CMonikerFile::`scalar deleting dtor'(unsigned int)|nafxcw|olemon.obj|object_matcher:unique-via-existing:high (accepted 2026-07)
0x005fa89a|CToolTipCtrl::Create|?Create@CToolTipCtrl@@QAEHPAVCWnd@@K@Z|public: int __thiscall CToolTipCtrl::Create(class CWnd *, unsigned long)|nafxcw|tooltip.obj|object_matcher:unique:high (accepted 2026-07)
0x005fa8e5|CToolTipCtrl::~CToolTipCtrl|??1CToolTipCtrl@@UAE@XZ|public: virtual __thiscall CToolTipCtrl::~CToolTipCtrl(void)|nafxcw|tooltip.obj|object_matcher:unique:high (accepted 2026-07)
0x005fa92c|CToolTipCtrl::DestroyToolTipCtrl|?DestroyToolTipCtrl@CToolTipCtrl@@QAEHXZ|public: int __thiscall CToolTipCtrl::DestroyToolTipCtrl(void)|nafxcw|tooltip.obj|object_matcher:unique:high (accepted 2026-07)
0x005fa946|CToolTipCtrl::OnAddTool|?OnAddTool@CToolTipCtrl@@IAEJIJ@Z|protected: long __thiscall CToolTipCtrl::OnAddTool(unsigned int, long)|nafxcw|tooltip.obj|object_matcher:unique:high (accepted 2026-07)
0x005fa9d1|CToolTipCtrl::OnWindowFromPoint|?OnWindowFromPoint@CToolTipCtrl@@IAEJIJ@Z|protected: long __thiscall CToolTipCtrl::OnWindowFromPoint(unsigned int, long)|nafxcw|tooltip.obj|object_matcher:unique:high (accepted 2026-07)
0x005faa44|CToolTipCtrl::AddTool|?AddTool@CToolTipCtrl@@QAEHPAVCWnd@@PBDPBUtagRECT@@I@Z|public: int __thiscall CToolTipCtrl::AddTool(class CWnd *, char const *, struct tagRECT const *, unsigned int)|nafxcw|tooltip.obj|object_matcher:unique:high (accepted 2026-07)
0x005faa92|CToolTipCtrl::AddTool|?AddTool@CToolTipCtrl@@QAEHPAVCWnd@@IPBUtagRECT@@I@Z|public: int __thiscall CToolTipCtrl::AddTool(class CWnd *, unsigned int, struct tagRECT const *, unsigned int)|nafxcw|tooltip.obj|object_matcher:unique:high (accepted 2026-07)
0x005faaec|CToolTipCtrl::DelTool|?DelTool@CToolTipCtrl@@QAEXPAVCWnd@@I@Z|public: void __thiscall CToolTipCtrl::DelTool(class CWnd *, unsigned int)|nafxcw|tooltip.obj|object_matcher:unique:high (accepted 2026-07)
0x005fab1d|CToolTipCtrl::GetText|?GetText@CToolTipCtrl@@QBEXAAVCString@@PAVCWnd@@I@Z|public: void __thiscall CToolTipCtrl::GetText(class CString &, class CWnd *, unsigned int) const|nafxcw|tooltip.obj|object_matcher:unique:high (accepted 2026-07)
0x005fab68|CToolTipCtrl::GetToolInfo|?GetToolInfo@CToolTipCtrl@@QBEHAAVCToolInfo@@PAVCWnd@@I@Z|public: int __thiscall CToolTipCtrl::GetToolInfo(class CToolInfo &, class CWnd *, unsigned int) const|nafxcw|tooltip.obj|object_matcher:unique:high (accepted 2026-07)
0x005fab9a|CToolTipCtrl::HitTest|?HitTest@CToolTipCtrl@@QBEHPAVCWnd@@VCPoint@@PAUtagTOOLINFOA@@@Z|public: int __thiscall CToolTipCtrl::HitTest(class CWnd *, class CPoint, struct tagTOOLINFOA *) const|nafxcw|tooltip.obj|object_matcher:unique:high (accepted 2026-07)
0x005fac0d|CToolTipCtrl::SetToolRect|?SetToolRect@CToolTipCtrl@@QAEXPAVCWnd@@IPBUtagRECT@@@Z|public: void __thiscall CToolTipCtrl::SetToolRect(class CWnd *, unsigned int, struct tagRECT const *)|nafxcw|tooltip.obj|object_matcher:unique:high (accepted 2026-07)
0x005fac4f|CToolTipCtrl::UpdateTipText|?UpdateTipText@CToolTipCtrl@@QAEXPBDPAVCWnd@@I@Z|public: void __thiscall CToolTipCtrl::UpdateTipText(char const *, class CWnd *, unsigned int)|nafxcw|tooltip.obj|object_matcher:unique:high (accepted 2026-07)
0x005fac86|CToolTipCtrl::UpdateTipText|?UpdateTipText@CToolTipCtrl@@QAEXIPAVCWnd@@I@Z|public: void __thiscall CToolTipCtrl::UpdateTipText(unsigned int, class CWnd *, unsigned int)|nafxcw|tooltip.obj|object_matcher:unique:high (accepted 2026-07)
0x005facd6|FillInToolInfo|?FillInToolInfo@CToolTipCtrl@@QBEXAAUtagTOOLINFOA@@PAVCWnd@@I@Z|public: void __thiscall CToolTipCtrl::FillInToolInfo(struct tagTOOLINFOA &, class CWnd *, unsigned int) const|nafxcw|tooltip.obj|object_matcher:unique:high (accepted 2026-07)
0x005fad29|CWnd::EnableToolTips|?EnableToolTips@CWnd@@QAEHH@Z|public: int __thiscall CWnd::EnableToolTips(int)|nafxcw|tooltip.obj|object_matcher:unique:high (accepted 2026-07)
0x005fadcb|CWnd::_FilterToolTipMessage|?_FilterToolTipMessage@CWnd@@SGXPAUtagMSG@@PAV1@@Z|public: static void __stdcall CWnd::_FilterToolTipMessage(struct tagMSG *, class CWnd *)|nafxcw|tooltip.obj|object_matcher:unique:high (accepted 2026-07)
0x005faddb|CWnd::FilterToolTipMessage|?FilterToolTipMessage@CWnd@@QAEXPAUtagMSG@@@Z|public: void __thiscall CWnd::FilterToolTipMessage(struct tagMSG *)|nafxcw|tooltip.obj|object_matcher:unique:high (accepted 2026-07)
0x005feb02|AfxIsValidAddress|?AfxIsValidAddress@@YGHPBXIH@Z|int __stdcall AfxIsValidAddress(void const *, unsigned int, int)|nafxcw|validadd.obj|object_matcher:unique:high (accepted 2026-07)
0x005feb3b|CString::CString|??0CString@@QAE@DH@Z|public: __thiscall CString::CString(char, int)|nafxcw|strex.obj|object_matcher:unique:high (accepted 2026-07)
0x005feb73|CString::CString|??0CString@@QAE@PBDH@Z|public: __thiscall CString::CString(char const *, int)|nafxcw|strex.obj|object_matcher:unique:high (accepted 2026-07)
0x005feba9|CString::operator=|??4CString@@QAEABV0@D@Z|public: class CString const & __thiscall CString::operator=(char)|nafxcw|strex.obj|object_matcher:unique-via-existing:high (accepted 2026-07)
0x005febbe|operator+|??H@YG?AVCString@@ABV0@D@Z|class CString __stdcall operator+(class CString const &, char)|nafxcw|strex.obj|object_matcher:unique:high (accepted 2026-07)
0x005fec20|operator+|??H@YG?AVCString@@DABV0@@Z|class CString __stdcall operator+(char, class CString const &)|nafxcw|strex.obj|object_matcher:unique:high (accepted 2026-07)
0x005fec82|CString::Mid|?Mid@CString@@QBE?AV1@H@Z|public: class CString __thiscall CString::Mid(int) const|nafxcw|strex.obj|object_matcher:unique:high (accepted 2026-07)
0x005feca5|CString::Mid|?Mid@CString@@QBE?AV1@HH@Z|public: class CString __thiscall CString::Mid(int, int) const|nafxcw|strex.obj|object_matcher:unique:high (accepted 2026-07)
0x005fed30|CString::Right|?Right@CString@@QBE?AV1@H@Z|public: class CString __thiscall CString::Right(int) const|nafxcw|strex.obj|object_matcher:unique:high (accepted 2026-07)
0x005fedad|CString::Left|?Left@CString@@QBE?AV1@H@Z|public: class CString __thiscall CString::Left(int) const|nafxcw|strex.obj|object_matcher:unique:high (accepted 2026-07)
0x005fee78|CString::ReverseFind|?ReverseFind@CString@@QBEHD@Z|public: int __thiscall CString::ReverseFind(char) const|nafxcw|strex.obj|object_matcher:unique-via-existing:high (accepted 2026-07)
0x005feeb8|CString::FormatV|?FormatV@CString@@IAEXPBDPAD@Z|protected: void __thiscall CString::FormatV(char const *, char *)|nafxcw|strex.obj|object_matcher:unique:high (accepted 2026-07)
0x005ff1ba|CString::FormatMessageA|?FormatMessageA@CString@@QAAXPBDZZ|public: void __cdecl CString::FormatMessageA(char const *, ...)|nafxcw|strex.obj|object_matcher:unique:high (accepted 2026-07)
0x005ff206|CString::FormatMessageA|?FormatMessageA@CString@@QAAXIZZ|public: void __cdecl CString::FormatMessageA(unsigned int, ...)|nafxcw|strex.obj|object_matcher:unique:high (accepted 2026-07)
0x005ff289|CString::TrimRight|?TrimRight@CString@@QAEXXZ|public: void __thiscall CString::TrimRight(void)|nafxcw|strex.obj|object_matcher:unique:high (accepted 2026-07)
0x005ff2d2|CString::TrimLeft|?TrimLeft@CString@@QAEXXZ|public: void __thiscall CString::TrimLeft(void)|nafxcw|strex.obj|object_matcher:unique:high (accepted 2026-07)
0x005ff36a|CopyElements|?CopyElements@@YGXPAVCString@@PBV1@H@Z|void __stdcall CopyElements(class CString *, class CString const *, int)|nafxcw|strex.obj|object_matcher:unique:high (accepted 2026-07)
0x005ff439|AfxThrowMemoryException|?AfxThrowMemoryException@@YGXXZ|void __stdcall AfxThrowMemoryException(void)|nafxcw|except.obj|object_matcher:unique-via-existing:high (accepted 2026-07)
0x005ff454|AfxThrowNotSupportedException|?AfxThrowNotSupportedException@@YGXXZ|void __stdcall AfxThrowNotSupportedException(void)|nafxcw|except.obj|object_matcher:unique-via-existing:high (accepted 2026-07)
0x005ff46f|CFileDialog::CFileDialog|??0CFileDialog@@QAE@HPBD0K0PAVCWnd@@@Z|public: __thiscall CFileDialog::CFileDialog(int, char const *, char const *, unsigned long, char const *, class CWnd *)|nafxcw|dlgfile.obj|object_matcher:unique:high (accepted 2026-07)
0x005ff5e1|CFileDialog::DoModal|?DoModal@CFileDialog@@UAEHXZ|public: virtual int __thiscall CFileDialog::DoModal(void)|nafxcw|dlgfile.obj|object_matcher:unique:high (accepted 2026-07)
0x005ff69e|CFileDialog::GetPathName|?GetPathName@CFileDialog@@QBE?AVCString@@XZ|public: class CString __thiscall CFileDialog::GetPathName(void) const|nafxcw|dlgfile.obj|object_matcher:unique:high (accepted 2026-07)
0x005ff7ac|CFileDialog::GetFileName|?GetFileName@CFileDialog@@QBE?AVCString@@XZ|public: class CString __thiscall CFileDialog::GetFileName(void) const|nafxcw|dlgfile.obj|object_matcher:unique:high (accepted 2026-07)
0x005ff976|CFileDialog::GetFileTitle|?GetFileTitle@CFileDialog@@QBE?AVCString@@XZ|public: class CString __thiscall CFileDialog::GetFileTitle(void) const|nafxcw|dlgfile.obj|object_matcher:unique:high (accepted 2026-07)
0x005ff9e2|CFileDialog::GetNextPathName|?GetNextPathName@CFileDialog@@QBE?AVCString@@AAPAU__POSITION@@@Z|public: class CString __thiscall CFileDialog::GetNextPathName(struct __POSITION *&) const|nafxcw|dlgfile.obj|object_matcher:unique:high (accepted 2026-07)
0x005ffc15|CFileDialog::GetFolderPath|?GetFolderPath@CFileDialog@@QBE?AVCString@@XZ|public: class CString __thiscall CFileDialog::GetFolderPath(void) const|nafxcw|dlgfile.obj|object_matcher:unique:high (accepted 2026-07)
0x005ffd2d|CFileDialog::OnInitDone|?OnInitDone@CFileDialog@@MAEXXZ|protected: virtual void __thiscall CFileDialog::OnInitDone(void)|nafxcw|dlgfile.obj|object_matcher:unique:high (accepted 2026-07)
0x005ffd49|CFileDialog::OnNotify|?OnNotify@CFileDialog@@MAEHIJPAJ@Z|protected: virtual int __thiscall CFileDialog::OnNotify(unsigned int, long, long *)|nafxcw|dlgfile.obj|object_matcher:unique:high (accepted 2026-07)
0x005ffeb1|_AfxCommDlgProc|?_AfxCommDlgProc@@YGIPAUHWND__@@IIJ@Z|unsigned int __stdcall _AfxCommDlgProc(struct HWND__*, unsigned int, unsigned int, long)|nafxcw|dlgcomm.obj|object_matcher:unique:high (accepted 2026-07)
0x005fffe6|CCommonDialog::OnOK|?OnOK@CCommonDialog@@MAEXXZ|protected: virtual void __thiscall CCommonDialog::OnOK(void)|nafxcw|dlgcomm.obj|object_matcher:unique:high (accepted 2026-07)
0x0060000a|CTime::CTime|??0CTime@@QAE@HHHHHHH@Z|public: __thiscall CTime::CTime(int, int, int, int, int, int, int)|nafxcw|timecore.obj|object_matcher:unique:high (accepted 2026-07)
0x00600056|CTime::CTime|??0CTime@@QAE@GGH@Z|public: __thiscall CTime::CTime(unsigned short, unsigned short, int)|nafxcw|timecore.obj|object_matcher:unique:high (accepted 2026-07)
0x006000bf|CTime::CTime|??0CTime@@QAE@ABU_SYSTEMTIME@@H@Z|public: __thiscall CTime::CTime(struct _SYSTEMTIME const &, int)|nafxcw|timecore.obj|object_matcher:unique:high (accepted 2026-07)
0x0060010b|CTime::CTime|??0CTime@@QAE@ABU_FILETIME@@H@Z|public: __thiscall CTime::CTime(struct _FILETIME const &, int)|nafxcw|timecore.obj|object_matcher:unique:high (accepted 2026-07)
0x00600196|CTime::GetLocalTm|?GetLocalTm@CTime@@QBEPAUtm@@PAU2@@Z|public: struct tm * __thiscall CTime::GetLocalTm(struct tm *) const|nafxcw|timecore.obj|object_matcher:unique:high (accepted 2026-07)
0x00600205|CTimeSpan::Format|?Format@CTimeSpan@@QBE?AVCString@@PBD@Z|public: class CString __thiscall CTimeSpan::Format(char const *) const|nafxcw|timecore.obj|object_matcher:unique:high (accepted 2026-07)
0x00600331|CTimeSpan::Format|?Format@CTimeSpan@@QBE?AVCString@@I@Z|public: class CString __thiscall CTimeSpan::Format(unsigned int) const|nafxcw|timecore.obj|object_matcher:unique-via-existing:high (accepted 2026-07)
0x00601b74|CPlex::Create|?Create@CPlex@@SGPAU1@AAPAU1@II@Z|public: static struct CPlex * __stdcall CPlex::Create(struct CPlex *&, unsigned int, unsigned int)|nafxcw|plex.obj|object_matcher:unique:high (accepted 2026-07)
0x00601b94|CPlex::FreeDataChain|?FreeDataChain@CPlex@@QAEXXZ|public: void __thiscall CPlex::FreeDataChain(void)|nafxcw|plex.obj|object_matcher:unique:high (accepted 2026-07)
0x00601baa|CPtrArray::CPtrArray|??0CPtrArray@@QAE@XZ|public: __thiscall CPtrArray::CPtrArray(void)|nafxcw|array_p.obj|object_matcher:unique-via-existing:high (accepted 2026-07)
0x00601bc1|CUIntArray::`scalar deleting dtor'|??_GCUIntArray@@UAEPAXI@Z|public: virtual void * __thiscall CUIntArray::`scalar deleting dtor'(unsigned int)|nafxcw|array_u.obj|object_matcher:unique-via-existing:high (accepted 2026-07)
0x00601c14|CPtrArray::SetSize|?SetSize@CPtrArray@@QAEXHH@Z|public: void __thiscall CPtrArray::SetSize(int, int)|nafxcw|array_p.obj|object_matcher:unique-via-existing:high (accepted 2026-07)
0x00601d37|CUIntArray::Append|?Append@CUIntArray@@QAEHABV1@@Z|public: int __thiscall CUIntArray::Append(class CUIntArray const &)|nafxcw|array_u.obj|object_matcher:unique-via-existing:high (accepted 2026-07)
0x00601d9d|CUIntArray::FreeExtra|?FreeExtra@CUIntArray@@QAEXXZ|public: void __thiscall CUIntArray::FreeExtra(void)|nafxcw|array_u.obj|object_matcher:unique-via-existing:high (accepted 2026-07)
0x00601e0a|CPtrArray::InsertAt|?InsertAt@CPtrArray@@QAEXHPAXH@Z|public: void __thiscall CPtrArray::InsertAt(int, void *, int)|nafxcw|array_p.obj|object_matcher:unique-via-existing:high (accepted 2026-07)
0x00601f1d|CPtrList::CPtrList|??0CPtrList@@QAE@H@Z|public: __thiscall CPtrList::CPtrList(int)|nafxcw|list_p.obj|object_matcher:unique-via-existing:high (accepted 2026-07)
0x00601f5c|CPtrList::RemoveAll|?RemoveAll@CPtrList@@QAEXXZ|public: void __thiscall CPtrList::RemoveAll(void)|nafxcw|list_p.obj|object_matcher:unique-via-existing:high (accepted 2026-07)
0x00601f7c|CPtrList::~CPtrList|??1CPtrList@@UAE@XZ|public: virtual __thiscall CPtrList::~CPtrList(void)|nafxcw|list_p.obj|object_matcher:unique-via-existing:high (accepted 2026-07)
0x00601faf|CPtrList::NewNode|?NewNode@CPtrList@@IAEPAUCNode@1@PAU21@0@Z|protected: struct CPtrList::CNode * __thiscall CPtrList::NewNode(struct CPtrList::CNode *, struct CPtrList::CNode *)|nafxcw|list_p.obj|object_matcher:unique-via-existing:high (accepted 2026-07)
0x0060201d|CPtrList::AddHead|?AddHead@CPtrList@@QAEPAU__POSITION@@PAX@Z|public: struct __POSITION * __thiscall CPtrList::AddHead(void *)|nafxcw|list_p.obj|object_matcher:unique-via-existing:high (accepted 2026-07)
0x00602047|CPtrList::AddTail|?AddTail@CPtrList@@QAEPAU__POSITION@@PAX@Z|public: struct __POSITION * __thiscall CPtrList::AddTail(void *)|nafxcw|list_p.obj|object_matcher:unique-via-existing:high (accepted 2026-07)
0x006033dd|CMapPtrToPtr::InitHashTable|?InitHashTable@CMapPtrToPtr@@QAEXIH@Z|public: void __thiscall CMapPtrToPtr::InitHashTable(unsigned int, int)|nafxcw|map_pp.obj|object_matcher:unique-via-existing:high (accepted 2026-07)
0x0060344e|CMapPtrToPtr::~CMapPtrToPtr|??1CMapPtrToPtr@@UAE@XZ|public: virtual __thiscall CMapPtrToPtr::~CMapPtrToPtr(void)|nafxcw|map_pp.obj|object_matcher:unique-via-existing:high (accepted 2026-07)
0x00603481|CMapPtrToPtr::NewAssoc|?NewAssoc@CMapPtrToPtr@@IAEPAUCAssoc@1@XZ|protected: struct CMapPtrToPtr::CAssoc * __thiscall CMapPtrToPtr::NewAssoc(void)|nafxcw|map_pp.obj|object_matcher:unique:high (accepted 2026-07)
0x006034e4|CMapPtrToPtr::GetAssocAt|?GetAssocAt@CMapPtrToPtr@@IBEPAUCAssoc@1@PAXAAI@Z|protected: struct CMapPtrToPtr::CAssoc * __thiscall CMapPtrToPtr::GetAssocAt(void *, unsigned int &) const|nafxcw|map_pp.obj|object_matcher:unique-via-existing:high (accepted 2026-07)
0x0060356b|CMapPtrToPtr::operator[]|??ACMapPtrToPtr@@QAEAAPAXPAX@Z|public: void *& __thiscall CMapPtrToPtr::operator[](void *)|nafxcw|map_pp.obj|object_matcher:unique-via-existing:high (accepted 2026-07)
0x006035fd|CMapPtrToPtr::GetNextAssoc|?GetNextAssoc@CMapPtrToPtr@@QBEXAAPAU__POSITION@@AAPAX1@Z|public: void __thiscall CMapPtrToPtr::GetNextAssoc(struct __POSITION *&, void *&, void *&) const|nafxcw|map_pp.obj|object_matcher:unique:high (accepted 2026-07)
0x0060366f|CMapStringToPtr::CMapStringToPtr|??0CMapStringToPtr@@QAE@H@Z|public: __thiscall CMapStringToPtr::CMapStringToPtr(int)|nafxcw|map_sp.obj|object_matcher:unique-via-existing:high (accepted 2026-07)
0x0060374a|CMapStringToPtr::~CMapStringToPtr|??1CMapStringToPtr@@UAE@XZ|public: virtual __thiscall CMapStringToPtr::~CMapStringToPtr(void)|nafxcw|map_sp.obj|object_matcher:unique-via-existing:high (accepted 2026-07)
0x00603860|CMapStringToPtr::Lookup|?Lookup@CMapStringToPtr@@QBEHPBDAAPAX@Z|public: int __thiscall CMapStringToPtr::Lookup(char const *, void *&) const|nafxcw|map_sp.obj|object_matcher:unique-via-existing:high (accepted 2026-07)
0x00603882|CMapStringToPtr::LookupKey|?LookupKey@CMapStringToPtr@@QBEHPBDAAPBD@Z|public: int __thiscall CMapStringToPtr::LookupKey(char const *, char const *&) const|nafxcw|map_sp.obj|object_matcher:unique-via-existing:high (accepted 2026-07)
0x006038a4|CMapStringToPtr::operator[]|??ACMapStringToPtr@@QAEAAPAXPBD@Z|public: void *& __thiscall CMapStringToPtr::operator[](char const *)|nafxcw|map_sp.obj|object_matcher:unique-via-existing:high (accepted 2026-07)
0x00604b68|AfxDlgProc|?AfxDlgProc@@YGHPAUHWND__@@IIJ@Z|int __stdcall AfxDlgProc(struct HWND__*, unsigned int, unsigned int, long)|nafxcw|dlgcore.obj|object_matcher:unique:high (accepted 2026-07)
0x00604ba2|CDialog::GetMessageMap|?GetMessageMap@CDialog@@MBEPBUAFX_MSGMAP@@XZ|protected: virtual struct AFX_MSGMAP const * __thiscall CDialog::GetMessageMap(void)const|nafxcw|dlgcore.obj|cdialog_vtable_0x66fc2c_slot_recomp_pdb+ghidra_decompile+mfc_header_order(agent-verified)
0x00604ba8|CDialog::PreTranslateMessage|?PreTranslateMessage@CDialog@@UAEHPAUtagMSG@@@Z|public: virtual int __thiscall CDialog::PreTranslateMessage(struct tagMSG *)|nafxcw|dlgcore.obj|cdialog_vtable_0x66fc2c_slot_recomp_pdb+ghidra_decompile+mfc_header_order(agent-verified)
0x00604c41|CDialog::OnCmdMsg|?OnCmdMsg@CDialog@@UAEHIHPAXPAUAFX_CMDHANDLERINFO@@@Z|public: virtual int __thiscall CDialog::OnCmdMsg(unsigned int,int,void *,struct AFX_CMDHANDLERINFO *)|nafxcw|dlgcore.obj|cdialog_vtable_0x66fc2c_slot_recomp_pdb+ghidra_decompile+mfc_header_order(agent-verified)
0x00604cc6|CDialog::CDialog|??0CDialog@@QAE@XZ|public: __thiscall CDialog::CDialog(void)|nafxcw|dlgcore.obj|object_matcher:unique:high (accepted 2026-07)
0x00604d42|CDialog::Create|?Create@CDialog@@QAEHPBDPAVCWnd@@@Z|public: int __thiscall CDialog::Create(char const *, class CWnd *)|nafxcw|dlgcore.obj|object_matcher:unique:high (accepted 2026-07)
0x00604da4|CDialog::CreateIndirect|?CreateIndirect@CDialog@@IAEHPAXPAVCWnd@@PAUHINSTANCE__@@@Z|protected: int __thiscall CDialog::CreateIndirect(void *, class CWnd *, struct HINSTANCE__*)|nafxcw|dlgcore.obj|object_matcher:unique:high (accepted 2026-07)
0x00604ddd|CDialog::CreateIndirect|?CreateIndirect@CDialog@@IAEHPBUDLGTEMPLATE@@PAVCWnd@@PAXPAUHINSTANCE__@@@Z|protected: int __thiscall CDialog::CreateIndirect(struct DLGTEMPLATE const *, class CWnd *, void *, struct HINSTANCE__*)|nafxcw|dlgcore.obj|object_matcher:unique:high (accepted 2026-07)
0x00604e08|CWnd::CreateDlg|?CreateDlg@CWnd@@IAEHPBDPAV1@@Z|protected: int __thiscall CWnd::CreateDlg(char const *, class CWnd *)|nafxcw|dlgcore.obj|object_matcher:unique:high (accepted 2026-07)
0x00604e4c|CWnd::CreateDlgIndirect|?CreateDlgIndirect@CWnd@@IAEHPBUDLGTEMPLATE@@PAV1@@Z|protected: int __thiscall CWnd::CreateDlgIndirect(struct DLGTEMPLATE const *, class CWnd *)|nafxcw|dlgcore.obj|object_matcher:unique-via-existing:high (accepted 2026-07)
0x0060507c|CWnd::SetOccDialogInfo|?SetOccDialogInfo@CWnd@@MAEHPAU_AFX_OCC_DIALOG_INFO@@@Z|protected: virtual int __thiscall CWnd::SetOccDialogInfo(struct _AFX_OCC_DIALOG_INFO *)|nafxcw|winocc.obj|cincludeview_vtable_0x648418_slot_off0xbc_recomp_pdb;cwnd_tail_virtual_occ
0x00605081|CDialog::SetOccDialogInfo|?SetOccDialogInfo@CDialog@@MAEHPAU_AFX_OCC_DIALOG_INFO@@@Z|protected: virtual int __thiscall CDialog::SetOccDialogInfo(struct _AFX_OCC_DIALOG_INFO *)|nafxcw|dlgcore.obj|cdialog_vtable_0x66fc2c_slot_recomp_pdb+ghidra_decompile+mfc_header_order(agent-verified)
0x0060508e|CDialog::CDialog|??0CDialog@@QAE@PBDPAVCWnd@@@Z|public: __thiscall CDialog::CDialog(char const *, class CWnd *)|nafxcw|dlgcore.obj|object_matcher:unique:high (accepted 2026-07)
0x006050d0|CDialog::CDialog|??0CDialog@@QAE@IPAVCWnd@@@Z|public: __thiscall CDialog::CDialog(unsigned int,class CWnd *)|nafxcw|dlgcore.obj|oracle_unique_high_dlgcore.obj_match;retired_from_game_TModalTemplateDialogBase::InitializeDialogTemplateFromId;dialog_subtree(TAutoResolutionDialog/TC2/TD2TemplateDialog/TModalTemplateDialog/TLowDiskWarningDialog)_reparented_onto_real_CDialog_via_TModalDialogBase
0x00605144|CDialog::PreModal|?PreModal@CDialog@@IAEPAUHWND__@@XZ|protected: struct HWND__* __thiscall CDialog::PreModal(void)|nafxcw|dlgcore.obj|object_matcher:unique:high (accepted 2026-07)
0x0060517b|CDialog::PostModal|?PostModal@CDialog@@IAEXXZ|protected: void __thiscall CDialog::PostModal(void)|nafxcw|dlgcore.obj|object_matcher:unique:high (accepted 2026-07)
0x006051b9|CDialog::DoModal|?DoModal@CDialog@@UAEHXZ|public: virtual int __thiscall CDialog::DoModal(void)|nafxcw|dlgcore.obj|cdialog_vtable_0x66fc2c_slot_0xc0(byte0xc0)_inherited_by_plain_CDialog_template_dialogs(TDF/TA7/TAB/TAE/TB1);recomp_pdb_CDialog__DoModal;dlgcore.obj_DoModal
0x0060531e|CDialog::EndDialog|?EndDialog@CDialog@@QAEXH@Z|public: void __thiscall CDialog::EndDialog(int)|nafxcw|dlgcore.obj|object_matcher:unique:high (accepted 2026-07)
0x00605365|CDialog::PreInitDialog|?PreInitDialog@CDialog@@MAEXXZ|protected: virtual void __thiscall CDialog::PreInitDialog(void)|nafxcw|dlgcore.obj|cdialog_vtable_0x66fc2c_slot_recomp_pdb+ghidra_decompile+mfc_header_order(agent-verified)
0x00605366|CDialog::HandleInitDialog|?HandleInitDialog@CDialog@@IAEJIJ@Z|protected: long __thiscall CDialog::HandleInitDialog(unsigned int, long)|nafxcw|dlgcore.obj|object_matcher:unique:high (accepted 2026-07)
0x006053ee|AfxHelpEnabled|?AfxHelpEnabled@@YGHXZ|int __stdcall AfxHelpEnabled(void)|nafxcw|dlgcore.obj|object_matcher:unique:high (accepted 2026-07)
0x00605442|CDialog::OnSetFont|?OnSetFont@CDialog@@UAEXPAVCFont@@@Z|protected: virtual void __thiscall CDialog::OnSetFont(class CFont *)|nafxcw|dlgcore.obj|cdialog_vtable_0x66fc2c_slot_recomp_pdb+ghidra_decompile+mfc_header_order(agent-verified)
0x00605445|CDialog::OnInitDialog|?OnInitDialog@CDialog@@UAEHXZ|public: virtual int __thiscall CDialog::OnInitDialog(void)|nafxcw|dlgcore.obj|object_matcher:unique:high (accepted 2026-07)
0x006054aa|CDialog::OnOK|?OnOK@CDialog@@MAEXXZ|protected: virtual void __thiscall CDialog::OnOK(void)|nafxcw|dlgcore.obj|object_matcher:unique:high (accepted 2026-07)
0x006054c3|CDialog::OnCancel|?OnCancel@CDialog@@MAEXXZ|protected: virtual void __thiscall CDialog::OnCancel(void)|nafxcw|dlgcore.obj|cdialog_vtable_0x66fc2c_slot_recomp_pdb+ghidra_decompile+mfc_header_order(agent-verified)
0x006054cb|CDialog::CheckAutoCenter|?CheckAutoCenter@CDialog@@UAEHXZ|public: virtual int __thiscall CDialog::CheckAutoCenter(void)|nafxcw|dlgcore.obj|object_matcher:unique:high (accepted 2026-07)
0x006055ae|CWinApp::Run|?Run@CWinApp@@UAEHXZ|public: virtual int __thiscall CWinApp::Run(void)|nafxcw|appcore.obj|object_matcher:unique:high (accepted 2026-07)
0x006055d0|CWinApp::WinHelpA|?WinHelpA@CWinApp@@UAEXKI@Z|public: virtual void __thiscall CWinApp::WinHelpA(unsigned long, unsigned int)|nafxcw|appcore.obj|object_matcher:unique:high (accepted 2026-07)
0x00605607|CWinApp::ProcessWndProcException|?ProcessWndProcException@CWinApp@@UAEJPAVCException@@PBUtagMSG@@@Z|public: virtual long __thiscall CWinApp::ProcessWndProcException(class CException *,struct tagMSG const *)|nafxcw|appcore.obj|imperialismapp_vtable_0x63e2d0_slot_off74_recomp_pdb+afxwin_order
0x0060567e|CWinApp::OnIdle|?OnIdle@CWinApp@@UAEHJ@Z|public: virtual int __thiscall CWinApp::OnIdle(long)|nafxcw|appcore.obj|object_matcher:unique:high (accepted 2026-07)
0x006056e4|CWinApp::DevModeChange|?DevModeChange@CWinApp@@QAEXPAD@Z|public: void __thiscall CWinApp::DevModeChange(char *)|nafxcw|appcore.obj|object_matcher:unique:high (accepted 2026-07)
0x00605797|CString::CString|??0CString@@QAE@XZ|public: __thiscall CString::CString(void)|nafxcw|strcore.obj|object_matcher:unique:high (accepted 2026-07)
0x006057a7|CString::CString|??0CString@@QAE@ABV0@@Z|public: __thiscall CString::CString(class CString const &)|nafxcw|strcore.obj|object_matcher:unique:high (accepted 2026-07)
0x006057de|CString::AllocBuffer|?AllocBuffer@CString@@IAEXH@Z|protected: void __thiscall CString::AllocBuffer(int)|nafxcw|strcore.obj|object_matcher:unique:high (accepted 2026-07)
0x00605818|CString::Release|?Release@CString@@IAEXXZ|protected: void __thiscall CString::Release(void)|nafxcw|strcore.obj|object_matcher:unique:high (accepted 2026-07)
0x0060584a|CString::Release|?Release@CString@@KGXPAUCStringData@@@Z|protected: static void __stdcall CString::Release(struct CStringData *)|nafxcw|strcore.obj|object_matcher:unique:high (accepted 2026-07)
0x0060586d|CString::Empty|?Empty@CString@@QAEXXZ|public: void __thiscall CString::Empty(void)|nafxcw|strcore.obj|object_matcher:unique:high (accepted 2026-07)
0x0060588b|CString::CopyBeforeWrite|?CopyBeforeWrite@CString@@IAEXXZ|protected: void __thiscall CString::CopyBeforeWrite(void)|nafxcw|strcore.obj|object_matcher:unique:high (accepted 2026-07)
0x006058b9|CString::AllocBeforeWrite|?AllocBeforeWrite@CString@@IAEXH@Z|protected: void __thiscall CString::AllocBeforeWrite(int)|nafxcw|strcore.obj|object_matcher:unique:high (accepted 2026-07)
0x006058e2|CString::~CString|??1CString@@QAE@XZ|public: __thiscall CString::~CString(void)|nafxcw|strcore.obj|object_matcher:unique:high (accepted 2026-07)
0x0060590b|CString::AllocCopy|?AllocCopy@CString@@IBEXAAV1@HHH@Z|protected: void __thiscall CString::AllocCopy(class CString &, int, int, int) const|nafxcw|strcore.obj|object_matcher:unique:high (accepted 2026-07)
0x00605950|CString::CString|??0CString@@QAE@PBD@Z|public: __thiscall CString::CString(char const *)|nafxcw|strcore.obj|object_matcher:unique:high (accepted 2026-07)
0x006059ae|CString::CString|??0CString@@QAE@PBG@Z|public: __thiscall CString::CString(unsigned short const *)|nafxcw|strcore.obj|object_matcher:unique:high (accepted 2026-07)
0x006059fc|CString::AssignCopy|?AssignCopy@CString@@IAEXHPBD@Z|protected: void __thiscall CString::AssignCopy(int, char const *)|nafxcw|strcore.obj|object_matcher:unique:high (accepted 2026-07)
0x00605a29|CString::operator=|??4CString@@QAEABV0@ABV0@@Z|public: class CString const & __thiscall CString::operator=(class CString const &)|nafxcw|strcore.obj|object_matcher:unique:high (accepted 2026-07)
0x00605a78|CString::operator=|??4CString@@QAEABV0@PBD@Z|public: class CString const & __thiscall CString::operator=(char const *)|nafxcw|strcore.obj|object_matcher:unique-via-existing:high (accepted 2026-07)
0x00605a9f|CString::operator=|??4CString@@QAEABV0@PBG@Z|public: class CString const & __thiscall CString::operator=(unsigned short const *)|nafxcw|strcore.obj|object_matcher:unique:high (accepted 2026-07)
0x00605ae0|CString::ConcatCopy|?ConcatCopy@CString@@IAEXHPBDH0@Z|protected: void __thiscall CString::ConcatCopy(int, char const *, int, char const *)|nafxcw|strcore.obj|object_matcher:unique:high (accepted 2026-07)
0x00605b21|operator+|??H@YG?AVCString@@ABV0@0@Z|class CString __stdcall operator+(class CString const &, class CString const &)|nafxcw|strcore.obj|object_matcher:unique:high (accepted 2026-07)
0x00605b87|operator+|??H@YG?AVCString@@ABV0@PBD@Z|class CString __stdcall operator+(class CString const &, char const *)|nafxcw|strcore.obj|object_matcher:unique:high (accepted 2026-07)
0x00605bfb|operator+|??H@YG?AVCString@@PBDABV0@@Z|class CString __stdcall operator+(char const *, class CString const &)|nafxcw|strcore.obj|object_matcher:unique:high (accepted 2026-07)
0x00605c6f|CString::ConcatInPlace|?ConcatInPlace@CString@@IAEXHPBD@Z|protected: void __thiscall CString::ConcatInPlace(int, char const *)|nafxcw|strcore.obj|object_matcher:unique:high (accepted 2026-07)
0x00605cce|CString::operator+=|??YCString@@QAEABV0@PBD@Z|public: class CString const & __thiscall CString::operator+=(char const *)|nafxcw|strcore.obj|object_matcher:unique-via-existing:high (accepted 2026-07)
0x00605cf5|CString::operator+=|??YCString@@QAEABV0@D@Z|public: class CString const & __thiscall CString::operator+=(char)|nafxcw|strcore.obj|object_matcher:unique-via-existing:high (accepted 2026-07)
0x00605d0a|CString::operator+=|??YCString@@QAEABV0@ABV0@@Z|public: class CString const & __thiscall CString::operator+=(class CString const &)|nafxcw|strcore.obj|object_matcher:unique:high (accepted 2026-07)
0x00605d22|CString::GetBuffer|?GetBuffer@CString@@QAEPADH@Z|public: char * __thiscall CString::GetBuffer(int)|nafxcw|strcore.obj|object_matcher:unique:high (accepted 2026-07)
0x00605d71|CString::ReleaseBuffer|?ReleaseBuffer@CString@@QAEXH@Z|public: void __thiscall CString::ReleaseBuffer(int)|nafxcw|strcore.obj|object_matcher:unique:high (accepted 2026-07)
0x00605d99|CString::GetBufferSetLength|?GetBufferSetLength@CString@@QAEPADH@Z|public: char * __thiscall CString::GetBufferSetLength(int)|nafxcw|strcore.obj|object_matcher:unique:high (accepted 2026-07)
0x00605dec|CString::LockBuffer|?LockBuffer@CString@@QAEPADXZ|public: char * __thiscall CString::LockBuffer(void)|nafxcw|strcore.obj|object_matcher:unique:high (accepted 2026-07)
0x00605e88|CString::SetAt|?SetAt@CString@@QAEXHD@Z|public: void __thiscall CString::SetAt(int, char)|nafxcw|strcore.obj|oracle_unique_high_relocation_masked_match;review_reason_invented_name_referenced_in_source:manual refs are real MFC/CRT API calls or same-named game-class methods (no linkage to this address's stub); free-fn externs migrated (ftol->_ftol in TAmtBar, AppendPointerToGlobalVectorAsStatus->atexit in TDiplomacyMapView)
0x00605ec9|_wcstombsz|?_wcstombsz@@YAHPADPBGI@Z|int __cdecl _wcstombsz(char *, unsigned short const *, unsigned int)|nafxcw|strcore.obj|object_matcher:unique:high (accepted 2026-07)
0x00605eff|_mbstowcsz|?_mbstowcsz@@YAHPAGPBDI@Z|int __cdecl _mbstowcsz(unsigned short *, char const *, unsigned int)|nafxcw|strcore.obj|object_matcher:unique:high (accepted 2026-07)
0x00605f34|AfxA2WHelper|?AfxA2WHelper@@YGPAGPAGPBDH@Z|unsigned short * __stdcall AfxA2WHelper(unsigned short *, char const *, int)|nafxcw|strcore.obj|object_matcher:unique:high (accepted 2026-07)
0x006060bc|AfxGetThread|?AfxGetThread@@YGPAVCWinThread@@XZ|class CWinThread * __stdcall AfxGetThread(void)|nafxcw|thrdcore.obj|oracle_unique_high_relocation_masked_match;review_reason_invented_name_referenced_in_source:manual refs are real MFC/CRT API calls or same-named game-class methods (no linkage to this address's stub); free-fn externs migrated (ftol->_ftol in TAmtBar, AppendPointerToGlobalVectorAsStatus->atexit in TDiplomacyMapView)
0x00606155|AfxBeginThread|?AfxBeginThread@@YGPAVCWinThread@@PAUCRuntimeClass@@HIKPAU_SECURITY_ATTRIBUTES@@@Z|class CWinThread * __stdcall AfxBeginThread(struct CRuntimeClass *, int, unsigned int, unsigned long, struct _SECURITY_ATTRIBUTES *)|nafxcw|thrdcore.obj|object_matcher:unique:high (accepted 2026-07)
0x006061b7|AfxEndThread|?AfxEndThread@@YGXIH@Z|void __stdcall AfxEndThread(unsigned int, int)|nafxcw|thrdcore.obj|object_matcher:unique:high (accepted 2026-07)
0x006061ff|AfxInitThread|?AfxInitThread@@YGXXZ|void __stdcall AfxInitThread(void)|nafxcw|thrdcore.obj|object_matcher:unique:high (accepted 2026-07)
0x0060625e|AfxTermThread|?AfxTermThread@@YGXPAUHINSTANCE__@@@Z|void __stdcall AfxTermThread(struct HINSTANCE__*)|nafxcw|thrdcore.obj|object_matcher:unique:high (accepted 2026-07)
0x006062c2|CWinThread::CreateThread|?CreateThread@CWinThread@@QAEHKIPAU_SECURITY_ATTRIBUTES@@@Z|public: int __thiscall CWinThread::CreateThread(unsigned long, unsigned int, struct _SECURITY_ATTRIBUTES *)|nafxcw|thrdcore.obj|object_matcher:unique:high (accepted 2026-07)
0x006063b8|CWinThread::Delete|?Delete@CWinThread@@UAEXXZ|public: virtual void __thiscall CWinThread::Delete(void)|nafxcw|thrdcore.obj|object_matcher:unique:high (accepted 2026-07)
0x006063cd|CWinThread::Run|?Run@CWinThread@@UAEHXZ|public: virtual int __thiscall CWinThread::Run(void)|nafxcw|thrdcore.obj|object_matcher:unique:high (accepted 2026-07)
0x00606451|CWinThread::IsIdleMessage|?IsIdleMessage@CWinThread@@UAEHPAUtagMSG@@@Z|public: virtual int __thiscall CWinThread::IsIdleMessage(struct tagMSG *)|nafxcw|thrdcore.obj|imperialismapp_vtable_0x63e2d0_slot_off6c_recomp_pdb+afxwin_order
0x006064b0|CWinThread::OnIdle|?OnIdle@CWinThread@@UAEHJ@Z|public: virtual int __thiscall CWinThread::OnIdle(long)|nafxcw|thrdcore.obj|object_matcher:unique:high (accepted 2026-07)
0x006065c7|CWinThread::DispatchThreadMessageEx|?DispatchThreadMessageEx@CWinThread@@IAEHPAUtagMSG@@@Z|protected: int __thiscall CWinThread::DispatchThreadMessageEx(struct tagMSG *)|nafxcw|thrdcore.obj|object_matcher:unique:high (accepted 2026-07)
0x00606640|CWinThread::PreTranslateMessage|?PreTranslateMessage@CWinThread@@UAEHPAUtagMSG@@@Z|public: virtual int __thiscall CWinThread::PreTranslateMessage(struct tagMSG *)|nafxcw|thrdcore.obj|object_matcher:unique:high (accepted 2026-07)
0x00606725|CWinThread::ProcessWndProcException|?ProcessWndProcException@CWinThread@@UAEJPAVCException@@PBUtagMSG@@@Z|public: virtual long __thiscall CWinThread::ProcessWndProcException(class CException *, struct tagMSG const *)|nafxcw|thrdcore.obj|object_matcher:unique:high (accepted 2026-07)
0x0060674a|_AfxMsgFilterHook|?_AfxMsgFilterHook@@YGJHIJ@Z|long __stdcall _AfxMsgFilterHook(int, unsigned int, long)|nafxcw|thrdcore.obj|object_matcher:unique:high (accepted 2026-07)
0x006067a2|CWinThread::ProcessMessageFilter|?ProcessMessageFilter@CWinThread@@UAEHHPAUtagMSG@@@Z|public: virtual int __thiscall CWinThread::ProcessMessageFilter(int, struct tagMSG *)|nafxcw|thrdcore.obj|object_matcher:unique:high (accepted 2026-07)
0x00606934|CWinThread::GetMainWnd|?GetMainWnd@CWinThread@@UAEPAVCWnd@@XZ|public: virtual class CWnd * __thiscall CWinThread::GetMainWnd(void)|nafxcw|thrdcore.obj|object_matcher:unique:high (accepted 2026-07)
0x0060694f|CWinThread::PumpMessage|?PumpMessage@CWinThread@@UAEHXZ|public: virtual int __thiscall CWinThread::PumpMessage(void)|nafxcw|thrdcore.obj|object_matcher:unique:high (accepted 2026-07)
0x0060698f|CCmdTarget::CCmdTarget|??0CCmdTarget@@QAE@XZ|public: __thiscall CCmdTarget::CCmdTarget(void)|nafxcw|cmdtarg.obj|oracle_unique_high_relocation_masked_match;review_reason_invented_name_referenced_in_source:manual refs are real MFC/CRT API calls or same-named game-class methods (no linkage to this address's stub); free-fn externs migrated (ftol->_ftol in TAmtBar, AppendPointerToGlobalVectorAsStatus->atexit in TDiplomacyMapView)
0x006069af|CCmdTarget::`scalar deleting dtor'|??_GCCmdTarget@@UAEPAXI@Z|public: virtual void * __thiscall CCmdTarget::`scalar deleting dtor'(unsigned int)|nafxcw|cmdtarg.obj|object_matcher:unique-via-existing:high (accepted 2026-07)
0x006069cb|CCmdTarget::~CCmdTarget|??1CCmdTarget@@UAE@XZ|public: virtual __thiscall CCmdTarget::~CCmdTarget(void)|nafxcw|cmdtarg.obj|object_matcher:unique:high (accepted 2026-07)
0x00606a07|CCmdTarget::OnCmdMsg|?OnCmdMsg@CCmdTarget@@UAEHIHPAXPAUAFX_CMDHANDLERINFO@@@Z|public: virtual int __thiscall CCmdTarget::OnCmdMsg(unsigned int, int, void *, struct AFX_CMDHANDLERINFO *)|nafxcw|cmdtarg.obj|object_matcher:unique:high (accepted 2026-07)
0x00606c4e|CCmdTarget::IsInvokeAllowed|?IsInvokeAllowed@CCmdTarget@@UAEHJ@Z|public: virtual int __thiscall CCmdTarget::IsInvokeAllowed(long)|nafxcw|cmdtarg.obj|cdialog_vtable_0x66fc2c_slot_recomp_pdb+ghidra_decompile+mfc_header_order(agent-verified)
0x00606c54|CCmdTarget::GetDispatchIID|?GetDispatchIID@CCmdTarget@@UAEHPAU_GUID@@@Z|public: virtual int __thiscall CCmdTarget::GetDispatchIID(struct _GUID *)|nafxcw|cmdtarg.obj|cdialog_vtable_0x66fc2c_slot_recomp_pdb+ghidra_decompile+mfc_header_order(agent-verified)
0x00606c59|CCmdTarget::GetTypeInfoCount|?GetTypeInfoCount@CCmdTarget@@UAEIXZ|public: virtual unsigned int __thiscall CCmdTarget::GetTypeInfoCount(void)|nafxcw|cmdtarg.obj|cdialog_vtable_0x66fc2c_slot_recomp_pdb+ghidra_decompile+mfc_header_order(agent-verified)
0x00606c5c|CCmdTarget::GetTypeLibCache|?GetTypeLibCache@CCmdTarget@@UAEPAVCTypeLibCache@@XZ|public: virtual class CTypeLibCache * __thiscall CCmdTarget::GetTypeLibCache(void)|nafxcw|cmdtarg.obj|cdialog_vtable_0x66fc2c_slot_recomp_pdb+ghidra_decompile+mfc_header_order(agent-verified)
0x00606c5f|CCmdTarget::GetTypeLib|?GetTypeLib@CCmdTarget@@UAEJKPAPAUITypeLib@@@Z|public: virtual long __thiscall CCmdTarget::GetTypeLib(unsigned long,struct ITypeLib * *)|nafxcw|cmdtarg.obj|cdialog_vtable_0x66fc2c_slot_recomp_pdb+ghidra_decompile+mfc_header_order(agent-verified)
0x00606c67|CCmdTarget::BeginWaitCursor|?BeginWaitCursor@CCmdTarget@@QAEXXZ|void __thiscall BeginWaitCursor()|nafxcw|cmdtarg.obj|object_matcher:unique:high (accepted 2026-07)
0x00606c7c|CCmdTarget::EndWaitCursor|?EndWaitCursor@CCmdTarget@@QAEXXZ|void __thiscall EndWaitCursor()|nafxcw|cmdtarg.obj|object_matcher:unique:high (accepted 2026-07)
0x00606c91|CCmdTarget::RestoreWaitCursor|?RestoreWaitCursor@CCmdTarget@@QAEXXZ|public: void __thiscall CCmdTarget::RestoreWaitCursor(void)|nafxcw|cmdtarg.obj|object_matcher:unique:high (accepted 2026-07)
0x00606cac|CCmdTarget::GetDispatchMap|?GetDispatchMap@CCmdTarget@@MBEPBUAFX_DISPMAP@@XZ|protected: virtual struct AFX_DISPMAP const * __thiscall CCmdTarget::GetDispatchMap(void)const|nafxcw|cmdtarg.obj|cdialog_vtable_0x66fc2c_slot_recomp_pdb+ghidra_decompile+mfc_header_order(agent-verified)
0x00606cb2|CCmdTarget::GetEventSinkMap|?GetEventSinkMap@CCmdTarget@@MBEPBUAFX_EVENTSINKMAP@@XZ|protected: virtual struct AFX_EVENTSINKMAP const * __thiscall CCmdTarget::GetEventSinkMap(void)const|nafxcw|cmdtarg.obj|cdialog_vtable_0x66fc2c_slot_recomp_pdb+ghidra_decompile+mfc_header_order(agent-verified)
0x00606cb8|CCmdTarget::GetInterfaceMap|?GetInterfaceMap@CCmdTarget@@MBEPBUAFX_INTERFACEMAP@@XZ|protected: virtual struct AFX_INTERFACEMAP const * __thiscall CCmdTarget::GetInterfaceMap(void)const|nafxcw|cmdtarg.obj|cdialog_vtable_0x66fc2c_slot_recomp_pdb+ghidra_decompile+mfc_header_order(agent-verified)
0x00606cbe|CCmdTarget::OnFinalRelease|?OnFinalRelease@CCmdTarget@@UAEXXZ|public: virtual void __thiscall CCmdTarget::OnFinalRelease(void)|nafxcw|cmdtarg.obj|object_matcher:unique:high (accepted 2026-07)
0x00606cf0|CCmdTarget::OnCreateAggregates|?OnCreateAggregates@CCmdTarget@@UAEHXZ|public: virtual int __thiscall CCmdTarget::OnCreateAggregates(void)|nafxcw|cmdtarg.obj|cdialog_vtable_0x66fc2c_slot_recomp_pdb+ghidra_decompile+mfc_header_order(agent-verified)
0x00606cf4|CCmdTarget::GetInterfaceHook|?GetInterfaceHook@CCmdTarget@@UAEPAUIUnknown@@PBX@Z|public: virtual struct IUnknown * __thiscall CCmdTarget::GetInterfaceHook(void const *)|nafxcw|cmdtarg.obj|cdialog_vtable_0x66fc2c_slot_recomp_pdb+ghidra_decompile+mfc_header_order(agent-verified)
0x00606cf9|CCmdTarget::GetConnectionMap|?GetConnectionMap@CCmdTarget@@MBEPBUAFX_CONNECTIONMAP@@XZ|protected: virtual struct AFX_CONNECTIONMAP const * __thiscall CCmdTarget::GetConnectionMap(void)const|nafxcw|cmdtarg.obj|cdialog_vtable_0x66fc2c_slot_recomp_pdb+ghidra_decompile+mfc_header_order(agent-verified)
0x00606cff|CCmdTarget::GetConnectionHook|?GetConnectionHook@CCmdTarget@@MAEPAUIConnectionPoint@@ABU_GUID@@@Z|public: virtual struct IConnectionPoint * __thiscall CCmdTarget::GetConnectionHook(struct _GUID const &)|nafxcw|cmdtarg.obj|cdialog_vtable_0x66fc2c_slot_recomp_pdb+ghidra_decompile+mfc_header_order(agent-verified)
0x00606d04|CCmdTarget::GetExtraConnectionPoints|?GetExtraConnectionPoints@CCmdTarget@@MAEHPAVCPtrArray@@@Z|public: virtual int __thiscall CCmdTarget::GetExtraConnectionPoints(class CPtrArray *)|nafxcw|cmdtarg.obj|cdialog_vtable_0x66fc2c_slot_recomp_pdb+ghidra_decompile+mfc_header_order(agent-verified)
0x00606d09|CCmdTarget::GetCommandMap|?GetCommandMap@CCmdTarget@@MBEPBUAFX_OLECMDMAP@@XZ|protected: virtual struct AFX_CMDMAP const * __thiscall CCmdTarget::GetCommandMap(void)const|nafxcw|cmdtarg.obj|cdialog_vtable_0x66fc2c_slot_recomp_pdb+ghidra_decompile+mfc_header_order(agent-verified)
0x00606d1b|CCmdTarget::GetRoutingFrame|?GetRoutingFrame@CCmdTarget@@IAEPAVCFrameWnd@@XZ|protected: class CFrameWnd * __thiscall CCmdTarget::GetRoutingFrame(void)|nafxcw|cmdtarg.obj|object_matcher:unique:high (accepted 2026-07)
0x00606d27|CCmdUI::CCmdUI|??0CCmdUI@@QAE@XZ|public: __thiscall CCmdUI::CCmdUI(void)|nafxcw|cmdtarg.obj|oracle_unique_high_relocation_masked_match;review_reason_invented_name_referenced_in_source:manual refs are real MFC/CRT API calls or same-named game-class methods (no linkage to this address's stub); free-fn externs migrated (ftol->_ftol in TAmtBar, AppendPointerToGlobalVectorAsStatus->atexit in TDiplomacyMapView)
0x00606d4d|CCmdUI::Enable|?Enable@CCmdUI@@UAEXH@Z|public: virtual void __thiscall CCmdUI::Enable(int)|nafxcw|cmdtarg.obj|object_matcher:unique:high (accepted 2026-07)
0x00606ddd|CCmdUI::SetCheck|?SetCheck@CCmdUI@@UAEXH@Z|public: virtual void __thiscall CCmdUI::SetCheck(int)|nafxcw|cmdtarg.obj|object_matcher:unique:high (accepted 2026-07)
0x00606e3f|CCmdUI::SetRadio|?SetRadio@CCmdUI@@UAEXH@Z|public: virtual void __thiscall CCmdUI::SetRadio(int)|nafxcw|cmdtarg.obj|object_matcher:unique:high (accepted 2026-07)
0x00606e91|CCmdUI::SetText|?SetText@CCmdUI@@UAEXPBD@Z|public: virtual void __thiscall CCmdUI::SetText(char const *)|nafxcw|cmdtarg.obj|object_matcher:unique:high (accepted 2026-07)
0x00606ee7|CCmdUI::DoUpdate|?DoUpdate@CCmdUI@@QAEHPAVCCmdTarget@@H@Z|public: int __thiscall CCmdUI::DoUpdate(class CCmdTarget *, int)|nafxcw|cmdtarg.obj|object_matcher:unique:high (accepted 2026-07)
0x00606f5f|int|?AfxSetNewHandler@@YGP6AHI@ZP6AHI@Z@Z|int (__cdecl * __stdcall AfxSetNewHandler(int (__cdecl *)(unsigned int)))(unsigned int)|nafxcw|afxmem.obj|object_matcher:unique:high (accepted 2026-07)
0x00606f73|operator new|??2@YAPAXI@Z|void * __cdecl operator new(unsigned int)|libcmt|afxmem.obj|object_matcher:unique:high (accepted 2026-07)
0x00606faf|operator delete|??3@YAXPAX@Z|void __cdecl operator delete(void *)|libcmt|afxmem.obj|object_matcher:unique:high (accepted 2026-07)
0x00606fc0|CObject::IsKindOf|?IsKindOf@CObject@@QBEHPBUCRuntimeClass@@@Z|public: int __thiscall CObject::IsKindOf(struct CRuntimeClass const *) const|nafxcw|objcore.obj|object_matcher:unique:high (accepted 2026-07)
0x00606fd2|AfxDynamicDownCast|?AfxDynamicDownCast@@YAPAVCObject@@PAUCRuntimeClass@@PAV1@@Z|class CObject * __cdecl AfxDynamicDownCast(struct CRuntimeClass *, class CObject *)|nafxcw|objcore.obj|object_matcher:unique:high (accepted 2026-07)
0x0060704b|AFX_CLASSINIT::AFX_CLASSINIT|??0AFX_CLASSINIT@@QAE@PAUCRuntimeClass@@@Z|public: __thiscall AFX_CLASSINIT::AFX_CLASSINIT(struct CRuntimeClass *)|nafxcw|objcore.obj|object_matcher:unique:high (accepted 2026-07)
0x00607077|CRuntimeClass::IsDerivedFrom|?IsDerivedFrom@CRuntimeClass@@QBEHPBU1@@Z|public: int __thiscall CRuntimeClass::IsDerivedFrom(struct CRuntimeClass const *) const|nafxcw|objcore.obj|object_matcher:unique:high (accepted 2026-07)
0x00607090|CWnd::OnAmbientProperty|?OnAmbientProperty@CWnd@@UAEHPAVCOleControlSite@@JPAUtagVARIANT@@@Z|public: virtual int __thiscall CWnd::OnAmbientProperty(class COleControlSite *, long, struct tagVARIANT *)|nafxcw|winocc.obj|object_matcher:unique:high (accepted 2026-07)
0x006070df|CWnd::CheckRadioButton|?CheckRadioButton@CWnd@@QAEXHHH@Z|public: void __thiscall CWnd::CheckRadioButton(int, int, int)|nafxcw|winocc.obj|object_matcher:unique:high (accepted 2026-07)
0x00607111|CWnd::GetDlgItem|?GetDlgItem@CWnd@@QBEPAV1@H@Z|public: class CWnd * __thiscall CWnd::GetDlgItem(int) const|nafxcw|winocc.obj|object_matcher:unique:high (accepted 2026-07)
0x0060713b|CWnd::GetDlgItem|?GetDlgItem@CWnd@@QBEXHPAPAUHWND__@@@Z|public: void __thiscall CWnd::GetDlgItem(int, struct HWND__**) const|nafxcw|winocc.obj|object_matcher:unique:high (accepted 2026-07)
0x00607169|CWnd::GetDlgItemInt|?GetDlgItemInt@CWnd@@QBEIHPAHH@Z|public: unsigned int __thiscall CWnd::GetDlgItemInt(int, int *, int) const|nafxcw|winocc.obj|object_matcher:unique:high (accepted 2026-07)
0x0060719b|CWnd::GetDlgItemTextA|?GetDlgItemTextA@CWnd@@QBEHHPADH@Z|public: int __thiscall CWnd::GetDlgItemTextA(int, char *, int) const|nafxcw|winocc.obj|object_matcher:unique:high (accepted 2026-07)
0x006071d0|CWnd::SendDlgItemMessageA|?SendDlgItemMessageA@CWnd@@QAEJHIIJ@Z|public: long __thiscall CWnd::SendDlgItemMessageA(int, unsigned int, unsigned int, long)|nafxcw|winocc.obj|object_matcher:unique:high (accepted 2026-07)
0x0060720b|CWnd::SetDlgItemInt|?SetDlgItemInt@CWnd@@QAEXHIH@Z|public: void __thiscall CWnd::SetDlgItemInt(int, unsigned int, int)|nafxcw|winocc.obj|object_matcher:unique:high (accepted 2026-07)
0x0060726f|CWnd::IsDlgButtonChecked|?IsDlgButtonChecked@CWnd@@QBEIH@Z|public: unsigned int __thiscall CWnd::IsDlgButtonChecked(int) const|nafxcw|winocc.obj|object_matcher:unique:high (accepted 2026-07)
0x00607296|CWnd::ScrollWindowEx|?ScrollWindowEx@CWnd@@QAEHHHPBUtagRECT@@0PAVCRgn@@PAU2@I@Z|public: int __thiscall CWnd::ScrollWindowEx(int, int, struct tagRECT const *, struct tagRECT const *, class CRgn *, struct tagRECT *, unsigned int)|nafxcw|winocc.obj|object_matcher:unique:high (accepted 2026-07)
0x006072e5|CWnd::IsDialogMessageA|?IsDialogMessageA@CWnd@@QAEHPAUtagMSG@@@Z|public: int __thiscall CWnd::IsDialogMessageA(struct tagMSG *)|nafxcw|winocc.obj|object_matcher:unique:high (accepted 2026-07)
0x00607318|CWnd::GetStyle|?GetStyle@CWnd@@QBEKXZ|public: unsigned long __thiscall CWnd::GetStyle(void)const|nafxcw|winocc.obj|byte_for_byte_CWnd_GetStyle_hand_ported_on_TView;RTTI_CDialog_caller;retired_with_RunModalLoop_cluster
0x00607332|CWnd::GetExStyle|?GetExStyle@CWnd@@QBEKXZ|public: unsigned long __thiscall CWnd::GetExStyle(void) const|nafxcw|winocc.obj|object_matcher:unique:high (accepted 2026-07)
0x0060734c|CWnd::ModifyStyle|?ModifyStyle@CWnd@@QAEHKKI@Z|public: int __thiscall CWnd::ModifyStyle(unsigned long, unsigned long, unsigned int)|nafxcw|winocc.obj|oracle_unique_high_relocation_masked_match;review_reason_invented_name_referenced_in_source:manual refs are real MFC/CRT API calls or same-named game-class methods (no linkage to this address's stub); free-fn externs migrated (ftol->_ftol in TAmtBar, AppendPointerToGlobalVectorAsStatus->atexit in TDiplomacyMapView)
0x00607380|CWnd::ModifyStyleEx|?ModifyStyleEx@CWnd@@QAEHKKI@Z|public: int __thiscall CWnd::ModifyStyleEx(unsigned long, unsigned long, unsigned int)|nafxcw|winocc.obj|oracle_unique_high_relocation_masked_match;review_reason_invented_name_referenced_in_source:manual refs are real MFC/CRT API calls or same-named game-class methods (no linkage to this address's stub); free-fn externs migrated (ftol->_ftol in TAmtBar, AppendPointerToGlobalVectorAsStatus->atexit in TDiplomacyMapView)
0x006073b4|CWnd::SetWindowText|?SetWindowTextA@CWnd@@QAEXPBD@Z|public: void __thiscall CWnd::SetWindowText(char const *)|nafxcw|winocc.obj|object_matcher:unique:high (accepted 2026-07)
0x00607469|CWnd::MoveWindow|?MoveWindow@CWnd@@QAEXHHHHH@Z|public: void __thiscall CWnd::MoveWindow(int, int, int, int, int)|nafxcw|winocc.obj|object_matcher:unique:high (accepted 2026-07)
0x006074aa|CWnd::SetWindowPos|?SetWindowPos@CWnd@@QAEHPBV1@HHHHI@Z|public: int __thiscall CWnd::SetWindowPos(class CWnd const *, int, int, int, int, unsigned int)|nafxcw|winocc.obj|oracle_unique_high_relocation_masked_match;review_reason_invented_name_referenced_in_source:manual refs are real MFC/CRT API calls or same-named game-class methods (no linkage to this address's stub); free-fn externs migrated (ftol->_ftol in TAmtBar, AppendPointerToGlobalVectorAsStatus->atexit in TDiplomacyMapView)
0x006074f9|CWnd::ShowWindow|?ShowWindow@CWnd@@QAEHH@Z|public: int __thiscall CWnd::ShowWindow(int)|nafxcw|winocc.obj|object_matcher:unique:high (accepted 2026-07)
0x00607520|CWnd::IsWindowEnabled|?IsWindowEnabled@CWnd@@QBEHXZ|public: int __thiscall CWnd::IsWindowEnabled(void) const|nafxcw|winocc.obj|oracle_unique_high_relocation_masked_match;review_reason_invented_name_referenced_in_source:manual refs are real MFC/CRT API calls or same-named game-class methods (no linkage to this address's stub); free-fn externs migrated (ftol->_ftol in TAmtBar, AppendPointerToGlobalVectorAsStatus->atexit in TDiplomacyMapView)
0x0060753b|CWnd::EnableWindow|?EnableWindow@CWnd@@QAEHH@Z|public: int __thiscall CWnd::EnableWindow(int)|nafxcw|winocc.obj|object_matcher:unique:high (accepted 2026-07)
0x00607562|CWnd::SetFocus|?SetFocus@CWnd@@QAEPAV1@XZ|public: class CWnd * __thiscall CWnd::SetFocus(void)|nafxcw|winocc.obj|object_matcher:unique:high (accepted 2026-07)
0x006075ea|CWnd::GetDSCCursor|?GetDSCCursor@CWnd@@QAEPAUIUnknown@@XZ|public: struct IUnknown * __thiscall CWnd::GetDSCCursor(void)|nafxcw|winocc.obj|object_matcher:unique:high (accepted 2026-07)
0x00607673|CWnd::AttachControlSite|?AttachControlSite@CWnd@@QAEXPAV1@@Z|public: void __thiscall CWnd::AttachControlSite(class CWnd *)|nafxcw|winocc.obj|object_matcher:unique:high (accepted 2026-07)
0x006077c6|CWnd::CWnd|??0CWnd@@QAE@XZ|public: __thiscall CWnd::CWnd(void)|nafxcw|wincore.obj|object_matcher:unique:high (accepted 2026-07)
0x0060780c|CWnd::CWnd|??0CWnd@@AAE@PAUHWND__@@@Z|private: __thiscall CWnd::CWnd(struct HWND__*)|nafxcw|wincore.obj|object_matcher:unique:high (accepted 2026-07)
0x00607840|CWnd::ModifyStyle|?ModifyStyle@CWnd@@SGHPAUHWND__@@KKI@Z|public: static int __stdcall CWnd::ModifyStyle(struct HWND__*, unsigned long, unsigned long, unsigned int)|nafxcw|wincore.obj|object_matcher:unique:high (accepted 2026-07)
0x006078a9|CWnd::ModifyStyleEx|?ModifyStyleEx@CWnd@@SGHPAUHWND__@@KKI@Z|public: static int __stdcall CWnd::ModifyStyleEx(struct HWND__*, unsigned long, unsigned long, unsigned int)|nafxcw|wincore.obj|object_matcher:unique:high (accepted 2026-07)
0x00607a4f|CWnd::GetCurrentMessage|?GetCurrentMessage@CWnd@@KGPBUtagMSG@@XZ|protected: static struct tagMSG const * __stdcall CWnd::GetCurrentMessage(void)|nafxcw|wincore.obj|oracle_unique_high_relocation_masked_match;review_reason_invented_name_referenced_in_source:manual refs are real MFC/CRT API calls or same-named game-class methods (no linkage to this address's stub); free-fn externs migrated (ftol->_ftol in TAmtBar, AppendPointerToGlobalVectorAsStatus->atexit in TDiplomacyMapView)
0x00607a84|CWnd::Default|?Default@CWnd@@IAEJXZ|protected: long __thiscall CWnd::Default(void)|nafxcw|wincore.obj|object_matcher:unique:high (accepted 2026-07)
0x00607b2f|CWnd::FromHandle|?FromHandle@CWnd@@SGPAV1@PAUHWND__@@@Z|public: static class CWnd * __stdcall CWnd::FromHandle(struct HWND__*)|nafxcw|wincore.obj|oracle_unique_high_relocation_masked_match;review_reason_invented_name_referenced_in_source:manual refs are real MFC/CRT API calls or same-named game-class methods (no linkage to this address's stub); free-fn externs migrated (ftol->_ftol in TAmtBar, AppendPointerToGlobalVectorAsStatus->atexit in TDiplomacyMapView)
0x00607b57|CWnd::FromHandlePermanent|?FromHandlePermanent@CWnd@@SGPAV1@PAUHWND__@@@Z|public: static class CWnd * __stdcall CWnd::FromHandlePermanent(struct HWND__*)|nafxcw|wincore.obj|object_matcher:unique-via-existing:high (accepted 2026-07)
0x00607b73|CWnd::Attach|?Attach@CWnd@@QAEHPAUHWND__@@@Z|public: int __thiscall CWnd::Attach(struct HWND__*)|nafxcw|wincore.obj|object_matcher:unique:high (accepted 2026-07)
0x00607bac|CWnd::Detach|?Detach@CWnd@@QAEPAUHWND__@@XZ|public: struct HWND__* __thiscall CWnd::Detach(void)|nafxcw|wincore.obj|object_matcher:unique:high (accepted 2026-07)
0x00607bda|CWnd::PreSubclassWindow|?PreSubclassWindow@CWnd@@UAEXXZ|public: virtual void __thiscall CWnd::PreSubclassWindow(void)|nafxcw|wincore.obj|cdialog_vtable_0x66fc2c_slot_recomp_pdb+ghidra_decompile+mfc_header_order(agent-verified)
0x00607bdb|AfxWndProc|?AfxWndProc@@YGJPAUHWND__@@IIJ@Z|long __stdcall AfxWndProc(struct HWND__*, unsigned int, unsigned int, long)|nafxcw|wincore.obj|object_matcher:unique:high (accepted 2026-07)
0x00607e36|_AfxGrayBackgroundWndProc|?_AfxGrayBackgroundWndProc@@YGJPAUHWND__@@IIJ@Z|long __stdcall _AfxGrayBackgroundWndProc(struct HWND__*, unsigned int, unsigned int, long)|nafxcw|wincore.obj|object_matcher:unique:high (accepted 2026-07)
0x00607eb2|_AfxCbtFilterHook|?_AfxCbtFilterHook@@YGJHIJ@Z|long __stdcall _AfxCbtFilterHook(int, unsigned int, long)|nafxcw|wincore.obj|object_matcher:unique:high (accepted 2026-07)
0x00608040|AfxHookWindowCreate|?AfxHookWindowCreate@@YGXPAVCWnd@@@Z|void __stdcall AfxHookWindowCreate(class CWnd *)|nafxcw|wincore.obj|object_matcher:unique:high (accepted 2026-07)
0x0060808c|AfxUnhookWindowCreate|?AfxUnhookWindowCreate@@YGHXZ|int __stdcall AfxUnhookWindowCreate(void)|nafxcw|wincore.obj|object_matcher:unique:high (accepted 2026-07)
0x006080ce|CWnd::CreateEx|?CreateEx@CWnd@@QAEHKPBD0KABUtagRECT@@PAV1@IPAX@Z|public: int __thiscall CWnd::CreateEx(unsigned long, char const *, char const *, unsigned long, struct tagRECT const &, class CWnd *, unsigned int, void *)|nafxcw|wincore.obj|oracle_unique_high_relocation_masked_match;review_reason_invented_name_referenced_in_source:manual refs are real MFC/CRT API calls or same-named game-class methods (no linkage to this address's stub); free-fn externs migrated (ftol->_ftol in TAmtBar, AppendPointerToGlobalVectorAsStatus->atexit in TDiplomacyMapView)
0x00608115|CWnd::CreateEx|?CreateEx@CWnd@@QAEHKPBD0KHHHHPAUHWND__@@PAUHMENU__@@PAX@Z|public: int __thiscall CWnd::CreateEx(unsigned long, char const *, char const *, unsigned long, int, int, int, int, struct HWND__*, struct HMENU__*, void *)|nafxcw|wincore.obj|object_matcher:unique:high (accepted 2026-07)
0x006081d9|CWnd::PreCreateWindow|?PreCreateWindow@CWnd@@UAEHAAUtagCREATESTRUCTA@@@Z|public: virtual int __thiscall CWnd::PreCreateWindow(struct tagCREATESTRUCTA &)|nafxcw|wincore.obj|cdialog_vtable_0x66fc2c_slot_recomp_pdb+ghidra_decompile+mfc_header_order(agent-verified)
0x0060820b|CWnd::Create|?Create@CWnd@@UAEHPBD0KABUtagRECT@@PAV1@IPAUCCreateContext@@@Z|public: virtual int __thiscall CWnd::Create(char const *, char const *, unsigned long, struct tagRECT const &, class CWnd *, unsigned int, struct CCreateContext *)|nafxcw|wincore.obj|object_matcher:unique:high (accepted 2026-07)
0x006082d3|CWnd::OnDestroy|?OnDestroy@CWnd@@IAEXXZ|protected: void __thiscall CWnd::OnDestroy(void)|nafxcw|wincore.obj|object_matcher:unique:high (accepted 2026-07)
0x006082f1|CWnd::OnNcDestroy|?OnNcDestroy@CWnd@@IAEXXZ|protected: void __thiscall CWnd::OnNcDestroy(void)|nafxcw|wincore.obj|object_matcher:unique:high (accepted 2026-07)
0x00608408|CWnd::PostNcDestroy|?PostNcDestroy@CWnd@@MAEXXZ|protected: virtual void __thiscall CWnd::PostNcDestroy(void)|nafxcw|wincore.obj|cdialog_vtable_0x66fc2c_slot_recomp_pdb+ghidra_decompile+mfc_header_order(agent-verified)
0x00608409|CWnd::OnFinalRelease|?OnFinalRelease@CWnd@@UAEXXZ|public: virtual void __thiscall CWnd::OnFinalRelease(void)|nafxcw|wincore.obj|object_matcher:unique:high (accepted 2026-07)
0x0060841a|CWnd::DestroyWindow|?DestroyWindow@CWnd@@UAEHXZ|public: virtual int __thiscall CWnd::DestroyWindow(void)|nafxcw|wincore.obj|object_matcher:unique:high (accepted 2026-07)
0x00608467|CWnd::DefWindowProcA|?DefWindowProcA@CWnd@@MAEJIIJ@Z|protected: virtual long __thiscall CWnd::DefWindowProcA(unsigned int, unsigned int, long)|nafxcw|wincore.obj|object_matcher:unique:high (accepted 2026-07)
0x006084ae|CWnd::GetSuperWndProcAddr|?GetSuperWndProcAddr@CWnd@@MAEPAP6GJPAUHWND__@@IIJ@ZXZ|protected: virtual long (__stdcall**__thiscall CWnd::GetSuperWndProcAddr(void))(struct HWND__ *,unsigned int,unsigned int,long)|nafxcw|wincore.obj|cdialog_vtable_0x66fc2c_slot_recomp_pdb+ghidra_decompile+mfc_header_order(agent-verified)
0x006084b2|CWnd::PreTranslateMessage|?PreTranslateMessage@CWnd@@UAEHPAUtagMSG@@@Z|public: virtual int __thiscall CWnd::PreTranslateMessage(struct tagMSG *)|nafxcw|wincore.obj|object_matcher:unique:high (accepted 2026-07)
0x006084d1|CWnd::CancelToolTips|?CancelToolTips@CWnd@@SGXH@Z|public: static void __stdcall CWnd::CancelToolTips(int)|nafxcw|wincore.obj|object_matcher:unique:high (accepted 2026-07)
0x0060852e|CWnd::OnToolHitTest|?OnToolHitTest@CWnd@@UBEHVCPoint@@PAUtagTOOLINFOA@@@Z|public: virtual int __thiscall CWnd::OnToolHitTest(struct tagPOINT,struct tagTOOLINFOA *)const|nafxcw|wincore.obj|cdialog_vtable_0x66fc2c_slot_recomp_pdb+ghidra_decompile+mfc_header_order(agent-verified)
0x0060859f|CWnd::GetWindowText|?GetWindowTextA@CWnd@@QBEXAAVCString@@@Z|public: void __thiscall CWnd::GetWindowText(class CString &)const|nafxcw|wincore.obj|object_matcher:unique:high (accepted 2026-07)
0x00608657|CWnd::GetWindowPlacement|?GetWindowPlacement@CWnd@@QBEHPAUtagWINDOWPLACEMENT@@@Z|public: int __thiscall CWnd::GetWindowPlacement(struct tagWINDOWPLACEMENT *) const|nafxcw|wincore.obj|object_matcher:ambiguous_pair;exact_decorated_signature_from_mfc_header_and_recompiled_pdb;caller_sets_this_and_WINDOWPLACEMENT_pointer(agent-verified)|LIBRARY
0x00608685|CWnd::OnDrawItem|?OnDrawItem@CWnd@@IAEXHPAUtagDRAWITEMSTRUCT@@@Z|protected: void __thiscall CWnd::OnDrawItem(int, struct tagDRAWITEMSTRUCT *)|nafxcw|wincore.obj|oracle_unique_high_relocation_masked_match;review_reason_invented_name_referenced_in_source:manual refs are real MFC/CRT API calls or same-named game-class methods (no linkage to this address's stub); free-fn externs migrated (ftol->_ftol in TAmtBar, AppendPointerToGlobalVectorAsStatus->atexit in TDiplomacyMapView)
0x006086c2|CWnd::OnCompareItem|?OnCompareItem@CWnd@@IAEHHPAUtagCOMPAREITEMSTRUCT@@@Z|protected: int __thiscall CWnd::OnCompareItem(int, struct tagCOMPAREITEMSTRUCT *)|nafxcw|wincore.obj|object_matcher:unique:high (accepted 2026-07)
0x00608762|CMenu::TrackPopupMenu|?TrackPopupMenu@CMenu@@QAEHIHHPAVCWnd@@PBUtagRECT@@@Z|public: int __thiscall CMenu::TrackPopupMenu(unsigned int, int, int, class CWnd *, struct tagRECT const *)|nafxcw|wincore.obj|object_matcher:unique:high (accepted 2026-07)
0x006087b6|CWnd::OnMeasureItem|?OnMeasureItem@CWnd@@IAEXHPAUtagMEASUREITEMSTRUCT@@@Z|protected: void __thiscall CWnd::OnMeasureItem(int, struct tagMEASUREITEMSTRUCT *)|nafxcw|wincore.obj|oracle_unique_high_relocation_masked_match;review_reason_invented_name_referenced_in_source:manual refs are real MFC/CRT API calls or same-named game-class methods (no linkage to this address's stub); free-fn externs migrated (ftol->_ftol in TAmtBar, AppendPointerToGlobalVectorAsStatus->atexit in TDiplomacyMapView)
0x0060893b|AfxRegisterWndClass|?AfxRegisterWndClass@@YGPBDIPAUHICON__@@PAUHBRUSH__@@0@Z|char const * __stdcall AfxRegisterWndClass(unsigned int, struct HICON__*, struct HBRUSH__*, struct HICON__*)|nafxcw|wincore.obj|oracle_unique_high_relocation_masked_match;review_reason_invented_name_referenced_in_source:manual refs are real MFC/CRT API calls or same-named game-class methods (no linkage to this address's stub); free-fn externs migrated (ftol->_ftol in TAmtBar, AppendPointerToGlobalVectorAsStatus->atexit in TDiplomacyMapView)
0x006089ef|CWnd::OnNTCtlColor|?OnNTCtlColor@CWnd@@IAEJIJ@Z|protected: long __thiscall CWnd::OnNTCtlColor(unsigned int, long)|nafxcw|wincore.obj|oracle_unique_high_relocation_masked_match;review_reason_invented_name_referenced_in_source:manual refs are real MFC/CRT API calls or same-named game-class methods (no linkage to this address's stub); free-fn externs migrated (ftol->_ftol in TAmtBar, AppendPointerToGlobalVectorAsStatus->atexit in TDiplomacyMapView)
0x00608a2b|CWnd::WinHelpA|?WinHelpA@CWnd@@UAEXKI@Z|public: virtual void __thiscall CWnd::WinHelpA(unsigned long,unsigned int)|nafxcw|wincore.obj|cdialog_vtable_0x66fc2c_slot_recomp_pdb+ghidra_decompile+mfc_header_order(agent-verified)
0x00608b11|AfxFindMessageEntry|?AfxFindMessageEntry@@YGPBUAFX_MSGMAP_ENTRY@@PBU1@III@Z|AFX_MSGMAP_ENTRY * __stdcall ?AfxFindMessageEntry@@YGPBUAFX_MSGMAP_ENTRY@@PBU1@III@Z@00608b11(AFX_MSGMAP_ENTRY * param_1, uint param_2, uint param_3, uint param_4)|nafxcw|wincore.obj|object_matcher:unique:high (accepted 2026-07)
0x00608b66|CWnd::WindowProc|?WindowProc@CWnd@@MAEJIIJ@Z|protected: virtual long __thiscall CWnd::WindowProc(unsigned int, unsigned int, long)|nafxcw|wincore.obj|object_matcher:unique:high (accepted 2026-07)
0x0060911a|CTestCmdUI::CTestCmdUI|??0CTestCmdUI@@QAE@XZ|public: __thiscall CTestCmdUI::CTestCmdUI(void)|nafxcw|wincore.obj|object_matcher:unique:high (accepted 2026-07)
0x0060914d|CWnd::OnCommand|?OnCommand@CWnd@@MAEHIJ@Z|protected: virtual int __thiscall CWnd::OnCommand(unsigned int, long)|nafxcw|wincore.obj|object_matcher:unique:high (accepted 2026-07)
0x006091d9|CWnd::OnNotify|?OnNotify@CWnd@@MAEHIJPAJ@Z|protected: virtual int __thiscall CWnd::OnNotify(unsigned int,long,long *)|nafxcw|wincore.obj|cdialog_vtable_0x66fc2c_slot_recomp_pdb+ghidra_decompile+mfc_header_order(agent-verified)
0x00609253|CWnd::GetParentFrame|?GetParentFrame@CWnd@@QBEPAVCFrameWnd@@XZ|public: class CFrameWnd * __thiscall CWnd::GetParentFrame(void) const|nafxcw|wincore.obj|object_matcher:unique:high (accepted 2026-07)
0x00609297|AfxGetParentOwner|?AfxGetParentOwner@@YGPAUHWND__@@PAU1@@Z|HWND__ * __stdcall ?AfxGetParentOwner@@YGPAUHWND__@@PAU1@@Z@00609297(HWND__ * param_1)|nafxcw|wincore.obj|object_matcher:unique:high (accepted 2026-07)
0x006092dc|CWnd::GetTopLevelParent|?GetTopLevelParent@CWnd@@QBEPAV1@XZ|public: class CWnd * __thiscall CWnd::GetTopLevelParent(void) const|nafxcw|wincore.obj|object_matcher:unique:high (accepted 2026-07)
0x0060933b|CWnd::GetParentOwner|?GetParentOwner@CWnd@@QBEPAV1@XZ|public: class CWnd * __thiscall CWnd::GetParentOwner(void) const|nafxcw|wincore.obj|object_matcher:unique:high (accepted 2026-07)
0x00609382|CWnd::IsTopParentActive|?IsTopParentActive@CWnd@@QBEHXZ|public: int __thiscall CWnd::IsTopParentActive(void) const|nafxcw|wincore.obj|object_matcher:unique:high (accepted 2026-07)
0x006093f3|CWnd::GetTopLevelFrame|?GetTopLevelFrame@CWnd@@QBEPAVCFrameWnd@@XZ|public: class CFrameWnd * __thiscall CWnd::GetTopLevelFrame(void) const|nafxcw|wincore.obj|object_matcher:unique:high (accepted 2026-07)
0x00609437|CWnd::GetSafeOwner|?GetSafeOwner@CWnd@@SGPAV1@PAV1@PAPAUHWND__@@@Z|public: static class CWnd * __stdcall CWnd::GetSafeOwner(class CWnd *, struct HWND__**)|nafxcw|wincore.obj|object_matcher:unique:high (accepted 2026-07)
0x006094d7|CWnd::GetDescendantWindow|?GetDescendantWindow@CWnd@@SGPAV1@PAUHWND__@@HH@Z|public: static class CWnd * __stdcall CWnd::GetDescendantWindow(struct HWND__*, int, int)|nafxcw|wincore.obj|object_matcher:unique:high (accepted 2026-07)
0x00609550|CWnd::SendMessageToDescendants|?SendMessageToDescendants@CWnd@@SGXPAUHWND__@@IIJHH@Z|public: static void __stdcall CWnd::SendMessageToDescendants(struct HWND__*, unsigned int, unsigned int, long, int, int)|nafxcw|wincore.obj|object_matcher:unique:high (accepted 2026-07)
0x006095cd|CWnd::GetScrollBarCtrl|?GetScrollBarCtrl@CWnd@@UBEPAVCScrollBar@@H@Z|public: virtual class CScrollBar * __thiscall CWnd::GetScrollBarCtrl(int)const|nafxcw|wincore.obj|cdialog_vtable_0x66fc2c_slot_recomp_pdb+ghidra_decompile+mfc_header_order(agent-verified)
0x006095d2|CWnd::SetScrollPos|?SetScrollPos@CWnd@@QAEHHHH@Z|public: int __thiscall CWnd::SetScrollPos(int, int, int)|nafxcw|wincore.obj|object_matcher:unique-via-existing:high (accepted 2026-07)
0x00609602|CWnd::GetScrollPos|?GetScrollPos@CWnd@@QBEHH@Z|public: int __thiscall CWnd::GetScrollPos(int) const|nafxcw|wincore.obj|object_matcher:unique:high (accepted 2026-07)
0x0060962a|CWnd::SetScrollRange|?SetScrollRange@CWnd@@QAEXHHHH@Z|public: void __thiscall CWnd::SetScrollRange(int, int, int, int)|nafxcw|wincore.obj|object_matcher:unique:high (accepted 2026-07)
0x0060965d|CWnd::GetScrollRange|?GetScrollRange@CWnd@@QBEXHPAH0@Z|public: void __thiscall CWnd::GetScrollRange(int, int *, int *) const|nafxcw|wincore.obj|object_matcher:unique-via-existing:high (accepted 2026-07)
0x0060968d|CWnd::EnableScrollBarCtrl|?EnableScrollBarCtrl@CWnd@@QAEXHH@Z|public: void __thiscall CWnd::EnableScrollBarCtrl(int, int)|nafxcw|wincore.obj|object_matcher:unique:high (accepted 2026-07)
0x006096d0|CWnd::SetScrollInfo|?SetScrollInfo@CWnd@@QAEHHPAUtagSCROLLINFO@@H@Z|public: int __thiscall CWnd::SetScrollInfo(int, struct tagSCROLLINFO *, int)|nafxcw|wincore.obj|object_matcher:unique:high (accepted 2026-07)
0x0060971d|CWnd::GetScrollInfo|?GetScrollInfo@CWnd@@QAEHHPAUtagSCROLLINFO@@I@Z|public: int __thiscall CWnd::GetScrollInfo(int, struct tagSCROLLINFO *, unsigned int)|nafxcw|wincore.obj|object_matcher:unique:high (accepted 2026-07)
0x0060976a|CWnd::GetScrollLimit|?GetScrollLimit@CWnd@@QAEHH@Z|public: int __thiscall CWnd::GetScrollLimit(int)|nafxcw|wincore.obj|object_matcher:unique:high (accepted 2026-07)
0x006097ae|CWnd::ScrollWindow|?ScrollWindow@CWnd@@QAEXHHPBUtagRECT@@0@Z|public: void __thiscall CWnd::ScrollWindow(int, int, struct tagRECT const *, struct tagRECT const *)|nafxcw|wincore.obj|object_matcher:unique:high (accepted 2026-07)
0x0060986b|CWnd::RepositionBars|?RepositionBars@CWnd@@QAEXIIIIPAUtagRECT@@PBU2@H@Z|public: void __thiscall CWnd::RepositionBars(unsigned int, unsigned int, unsigned int, unsigned int, struct tagRECT *, struct tagRECT const *, int)|nafxcw|wincore.obj|object_matcher:unique:high (accepted 2026-07)
0x006099a5|AfxRepositionWindow|?AfxRepositionWindow@@YGXPAUAFX_SIZEPARENTPARAMS@@PAUHWND__@@PBUtagRECT@@@Z|void __stdcall AfxRepositionWindow(struct AFX_SIZEPARENTPARAMS *, struct HWND__*, struct tagRECT const *)|nafxcw|wincore.obj|object_matcher:unique:high (accepted 2026-07)
0x00609a3f|CWnd::CalcWindowRect|?CalcWindowRect@CWnd@@UAEXPAUtagRECT@@I@Z|public: virtual void __thiscall CWnd::CalcWindowRect(struct tagRECT *, unsigned int)|nafxcw|wincore.obj|object_matcher:unique:high (accepted 2026-07)
0x00609a6a|CWnd::HandleFloatingSysCommand|?HandleFloatingSysCommand@CWnd@@QAEHIJ@Z|public: int __thiscall CWnd::HandleFloatingSysCommand(unsigned int, long)|nafxcw|wincore.obj|object_matcher:unique:high (accepted 2026-07)
0x00609b24|CWnd::WalkPreTranslateTree|?WalkPreTranslateTree@CWnd@@SGHPAUHWND__@@PAUtagMSG@@@Z|public: static int __stdcall CWnd::WalkPreTranslateTree(struct HWND__*, struct tagMSG *)|nafxcw|wincore.obj|object_matcher:unique:high (accepted 2026-07)
0x00609b66|CWnd::SendChildNotifyLastMsg|?SendChildNotifyLastMsg@CWnd@@QAEHPAJ@Z|public: int __thiscall CWnd::SendChildNotifyLastMsg(long *)|nafxcw|wincore.obj|object_matcher:unique:high (accepted 2026-07)
0x00609b93|CWnd::ReflectLastMsg|?ReflectLastMsg@CWnd@@KGHPAUHWND__@@PAJ@Z|protected: static int __stdcall CWnd::ReflectLastMsg(struct HWND__*, long *)|nafxcw|wincore.obj|object_matcher:unique:high (accepted 2026-07)
0x00609c37|CWnd::OnChildNotify|?OnChildNotify@CWnd@@MAEHIIJPAJ@Z|protected: virtual int __thiscall CWnd::OnChildNotify(unsigned int, unsigned int, long, long *)|nafxcw|wincore.obj|object_matcher:unique:high (accepted 2026-07)
0x00609c92|CWnd::ReflectChildNotify|?ReflectChildNotify@CWnd@@IAEHIIJPAJ@Z|protected: int __thiscall CWnd::ReflectChildNotify(unsigned int, unsigned int, long, long *)|nafxcw|wincore.obj|object_matcher:unique:high (accepted 2026-07)
0x00609dd7|CWnd::OnSysColorChange|?OnSysColorChange@CWnd@@IAEXXZ|protected: void __thiscall CWnd::OnSysColorChange(void)|nafxcw|wincore.obj|object_matcher:unique:high (accepted 2026-07)
0x00609e61|CWnd::OnSettingChange|?OnSettingChange@CWnd@@IAEXIPBD@Z|protected: void __thiscall CWnd::OnSettingChange(unsigned int, char const *)|nafxcw|wincore.obj|object_matcher:unique:high (accepted 2026-07)
0x00609eb5|CWnd::OnWinIniChange|?OnWinIniChange@CWnd@@IAEXPBD@Z|protected: void __thiscall CWnd::OnWinIniChange(char const *)|nafxcw|wincore.obj|object_matcher:unique:high (accepted 2026-07)
0x00609f01|CWnd::OnDevModeChange|?OnDevModeChange@CWnd@@IAEXPAD@Z|protected: void __thiscall CWnd::OnDevModeChange(char *)|nafxcw|wincore.obj|object_matcher:unique:high (accepted 2026-07)
0x00609f56|CWnd::OnHelpInfo|?OnHelpInfo@CWnd@@IAEHPAUtagHELPINFO@@@Z|protected: int __thiscall CWnd::OnHelpInfo(struct tagHELPINFO *)|nafxcw|wincore.obj|object_matcher:unique:high (accepted 2026-07)
0x0060a007|CWnd::OnDragList|?OnDragList@CWnd@@IAEJIJ@Z|protected: long __thiscall CWnd::OnDragList(unsigned int, long)|nafxcw|wincore.obj|object_matcher:unique:high (accepted 2026-07)
0x0060a073|CWnd::OnEnterIdle|?OnEnterIdle@CWnd@@IAEXIPAV1@@Z|protected: void __thiscall CWnd::OnEnterIdle(unsigned int, class CWnd *)|nafxcw|wincore.obj|object_matcher:unique:high (accepted 2026-07)
0x0060a0bd|CWnd::OnCtlColor|?OnCtlColor@CWnd@@IAEPAUHBRUSH__@@PAVCDC@@PAV1@I@Z|protected: struct HBRUSH__* __thiscall CWnd::OnCtlColor(class CDC *, class CWnd *, unsigned int)|nafxcw|wincore.obj|object_matcher:unique:high (accepted 2026-07)
0x0060a0e4|CWnd::OnGrayCtlColor|?OnGrayCtlColor@CWnd@@QAEPAUHBRUSH__@@PAVCDC@@PAV1@I@Z|public: struct HBRUSH__* __thiscall CWnd::OnGrayCtlColor(class CDC *, class CWnd *, unsigned int)|nafxcw|wincore.obj|object_matcher:unique:high (accepted 2026-07)
0x0060a147|CWnd::GrayCtlColor|?GrayCtlColor@CWnd@@SGHPAUHDC__@@PAUHWND__@@IPAUHBRUSH__@@K@Z|public: static int __stdcall CWnd::GrayCtlColor(struct HDC__*, struct HWND__*, unsigned int, struct HBRUSH__*, unsigned long)|nafxcw|wincore.obj|object_matcher:unique:high (accepted 2026-07)
0x0060a1c4|CWnd::UpdateData|?UpdateData@CWnd@@QAEHH@Z|public: int __thiscall CWnd::UpdateData(int)|nafxcw|wincore.obj|hand_verified_disasm:thiscall_ret4_calls_CDataExchange_ctor_and_DoDataExchange_slot_0x8c;exact_decorated_symbol_from_nafxcw_wincore.obj
0x0060a267|CDataExchange::CDataExchange|??0CDataExchange@@QAE@PAVCWnd@@H@Z|public: __thiscall CDataExchange::CDataExchange(class CWnd *, int)|nafxcw|wincore.obj|oracle_unique_high_relocation_masked_match;review_reason_invented_name_referenced_in_source:manual refs are real MFC/CRT API calls or same-named game-class methods (no linkage to this address's stub); free-fn externs migrated (ftol->_ftol in TAmtBar, AppendPointerToGlobalVectorAsStatus->atexit in TDiplomacyMapView)
0x0060a27d|CWnd::CenterWindow|?CenterWindow@CWnd@@QAEXPAV1@@Z|public: void __thiscall CWnd::CenterWindow(class CWnd *)|nafxcw|wincore.obj|object_matcher:unique:high (accepted 2026-07)
0x0060a3f7|CWnd::CheckAutoCenter|?CheckAutoCenter@CWnd@@UAEHXZ|public: virtual int __thiscall CWnd::CheckAutoCenter(void)|nafxcw|wincore.obj|cincludeview_vtable_0x648418_slot_off0xb4_recomp_pdb;cwnd_tail_virtual
0x0060a3fb|CWnd::ExecuteDlgInit|?ExecuteDlgInit@CWnd@@QAEHPBD@Z|public: int __thiscall CWnd::ExecuteDlgInit(char const *)|nafxcw|wincore.obj|object_matcher:unique:high (accepted 2026-07)
0x0060a44b|CWnd::ExecuteDlgInit|?ExecuteDlgInit@CWnd@@QAEHPAX@Z|public: int __thiscall CWnd::ExecuteDlgInit(void *)|nafxcw|wincore.obj|object_matcher:unique:high (accepted 2026-07)
0x0060a4d5|CWnd::UpdateDialogControls|?UpdateDialogControls@CWnd@@QAEXPAVCCmdTarget@@H@Z|public: void __thiscall CWnd::UpdateDialogControls(class CCmdTarget *, int)|nafxcw|wincore.obj|object_matcher:unique:high (accepted 2026-07)
0x0060a5da|CWnd::PreTranslateInput|?PreTranslateInput@CWnd@@QAEHPAUtagMSG@@@Z|public: int __thiscall CWnd::PreTranslateInput(struct tagMSG *)|nafxcw|wincore.obj|object_matcher:unique:high (accepted 2026-07)
0x0060a60a|CWnd::RunModalLoop|?RunModalLoop@CWnd@@QAEHK@Z|public: int __thiscall CWnd::RunModalLoop(unsigned long)|nafxcw|wincore.obj|byte_for_byte_CWnd_RunModalLoop_hand_ported_on_TView;caller_casts_this_to_CWnd_base
0x0060a769|CWnd::ContinueModal|?ContinueModal@CWnd@@UAEHXZ|public: virtual int __thiscall CWnd::ContinueModal(void)|nafxcw|wincore.obj|cdialog_vtable_0x66fc2c_slot_recomp_pdb+ghidra_decompile+mfc_header_order(agent-verified)
0x0060a770|CWnd::EndModalLoop|?EndModalLoop@CWnd@@UAEXH@Z|public: virtual void __thiscall CWnd::EndModalLoop(int)|nafxcw|wincore.obj|cdialog_vtable_0x66fc2c_slot_recomp_pdb+ghidra_decompile+mfc_header_order(agent-verified)
0x0060a794|AfxEndDeferRegisterClass|?AfxEndDeferRegisterClass@@YGHF@Z|int __stdcall AfxEndDeferRegisterClass(short)|nafxcw|wincore.obj|object_matcher:unique:high (accepted 2026-07)
0x0060a90f|CWnd::IsFrameWnd|?IsFrameWnd@CWnd@@UBEHXZ|public: virtual int __thiscall CWnd::IsFrameWnd(void)const|nafxcw|wincore.obj|cdialog_vtable_0x66fc2c_slot_recomp_pdb+ghidra_decompile+mfc_header_order(agent-verified)
0x0060a912|CFrameWnd::IsFrameWnd|?IsFrameWnd@CFrameWnd@@UBEHXZ|public: virtual int __thiscall CFrameWnd::IsFrameWnd(void)const|nafxcw|winfrm.obj|cmainframe_vtable_0x6488d8_slot_off0xb8_recomp_pdb(??_7CMainFrame@@6B@)+afxwin_cframewnd_order;byte_exact_return1;sibling_CWnd_IsFrameWnd_0x60a90f_returns0
0x0060a916|CFrameWnd::IsTracking|?IsTracking@CFrameWnd@@QBEHXZ|public: int __thiscall CFrameWnd::IsTracking(void) const|nafxcw|wincore.obj|object_matcher:unique:high (accepted 2026-07)
0x0060a935|CWnd::SubclassCtl3d|?SubclassCtl3d@CWnd@@QAEHH@Z|public: int __thiscall CWnd::SubclassCtl3d(int)|nafxcw|wincore.obj|object_matcher:unique:high (accepted 2026-07)
0x0060a97f|CWnd::SubclassDlg3d|?SubclassDlg3d@CWnd@@QAEHK@Z|public: int __thiscall CWnd::SubclassDlg3d(unsigned long)|nafxcw|wincore.obj|object_matcher:unique:high (accepted 2026-07)
0x0060a9c4|CWnd::SubclassWindow|?SubclassWindow@CWnd@@QAEHPAUHWND__@@@Z|public: int __thiscall CWnd::SubclassWindow(struct HWND__*)|nafxcw|wincore.obj|object_matcher:unique:high (accepted 2026-07)
0x0060aa6e|CWnd::UnsubclassWindow|?UnsubclassWindow@CWnd@@QAEPAUHWND__@@XZ|public: struct HWND__* __thiscall CWnd::UnsubclassWindow(void)|nafxcw|wincore.obj|object_matcher:unique:high (accepted 2026-07)
0x0060aa96|CException::CException|??0CException@@QAE@XZ|public: __thiscall CException::CException(void)|nafxcw|except.obj|object_matcher:unique:high (accepted 2026-07)
0x0060aaa6|CException::CException|??0CException@@QAE@H@Z|public: __thiscall CException::CException(int)|nafxcw|except.obj|object_matcher:unique-via-existing:high (accepted 2026-07)
0x0060aab8|CException::Delete|?Delete@CException@@QAEXXZ|public: void __thiscall CException::Delete(void)|nafxcw|except.obj|oracle_unique_high_relocation_masked_match;review_reason_invented_name_referenced_in_source:manual refs are real MFC/CRT API calls or same-named game-class methods (no linkage to this address's stub); free-fn externs migrated (ftol->_ftol in TAmtBar, AppendPointerToGlobalVectorAsStatus->atexit in TDiplomacyMapView)
0x0060aaeb|CException::ReportError|?ReportError@CException@@UAEHII@Z|public: virtual int __thiscall CException::ReportError(unsigned int, unsigned int)|nafxcw|except.obj|object_matcher:unique:high (accepted 2026-07)
0x0060ab40|AFX_EXCEPTION_LINK::AFX_EXCEPTION_LINK|??0AFX_EXCEPTION_LINK@@QAE@XZ|public: __thiscall AFX_EXCEPTION_LINK::AFX_EXCEPTION_LINK(void)|nafxcw|except.obj|object_matcher:unique:high (accepted 2026-07)
0x0060ab56|AfxGetExceptionContext|?AfxGetExceptionContext@@YAPAUAFX_EXCEPTION_CONTEXT@@XZ|struct AFX_EXCEPTION_CONTEXT * __cdecl AfxGetExceptionContext(void)|nafxcw|except.obj|object_matcher:unique:high (accepted 2026-07)
0x0060ab7e|AfxTryCleanup|?AfxTryCleanup@@YGXXZ|void __stdcall AfxTryCleanup(void)|nafxcw|except.obj|object_matcher:unique:high (accepted 2026-07)
0x0060abac|CFile::CFile|??0CFile@@QAE@XZ|public: __thiscall CFile::CFile(void)|nafxcw|filecore.obj|object_matcher:unique:high (accepted 2026-07)
0x0060abec|CFile::`scalar deleting dtor'|??_GCFile@@UAEPAXI@Z|public: virtual void * __thiscall CFile::`scalar deleting dtor'(unsigned int)|nafxcw|filecore.obj|object_matcher:unique-via-existing:high (accepted 2026-07)
0x0060ac08|CFile::CFile|??0CFile@@QAE@H@Z|public: __thiscall CFile::CFile(int)|nafxcw|filecore.obj|object_matcher:unique:high (accepted 2026-07)
0x0060ac4c|CFile::CFile|??0CFile@@QAE@PBDI@Z|public: __thiscall CFile::CFile(char const *, unsigned int)|nafxcw|filecore.obj|object_matcher:unique:high (accepted 2026-07)
0x0060acf6|CFile::~CFile|??1CFile@@UAE@XZ|public: virtual __thiscall CFile::~CFile(void)|nafxcw|filecore.obj|object_matcher:unique:high (accepted 2026-07)
0x0060ad44|CFile::Duplicate|?Duplicate@CFile@@UBEPAV1@XZ|public: virtual class CFile * __thiscall CFile::Duplicate(void) const|nafxcw|filecore.obj|object_matcher:unique:high (accepted 2026-07)
0x0060add5|CFile::Open|?Open@CFile@@UAEHPBDIPAVCFileException@@@Z|public: virtual int __thiscall CFile::Open(char const *, unsigned int, class CFileException *)|nafxcw|filecore.obj|object_matcher:unique:high (accepted 2026-07)
0x0060aefd|CFile::Read|?Read@CFile@@UAEIPAXI@Z|public: virtual unsigned int __thiscall CFile::Read(void *, unsigned int)|nafxcw|filecore.obj|object_matcher:unique:high (accepted 2026-07)
0x0060af37|CFile::Write|?Write@CFile@@UAEXPBXI@Z|public: virtual void __thiscall CFile::Write(void const *, unsigned int)|nafxcw|filecore.obj|object_matcher:unique:high (accepted 2026-07)
0x0060af82|CFile::Seek|?Seek@CFile@@UAEJJI@Z|public: virtual long __thiscall CFile::Seek(long, unsigned int)|nafxcw|filecore.obj|object_matcher:unique:high (accepted 2026-07)
0x0060afb1|CFile::GetPosition|?GetPosition@CFile@@UBEKXZ|public: virtual unsigned long __thiscall CFile::GetPosition(void) const|nafxcw|filecore.obj|object_matcher:unique:high (accepted 2026-07)
0x0060afda|CFile::Flush|?Flush@CFile@@UAEXXZ|public: virtual void __thiscall CFile::Flush(void)|nafxcw|filecore.obj|object_matcher:unique:high (accepted 2026-07)
0x0060affb|CFile::Close|?Close@CFile@@UAEXXZ|public: virtual void __thiscall CFile::Close(void)|nafxcw|filecore.obj|object_matcher:unique:high (accepted 2026-07)
0x0060b03c|CFile::Abort|?Abort@CFile@@UAEXXZ|public: virtual void __thiscall CFile::Abort(void)|nafxcw|filecore.obj|object_matcher:unique:high (accepted 2026-07)
0x0060b0ae|CFile::SetLength|?SetLength@CFile@@UAEXK@Z|public: virtual void __thiscall CFile::SetLength(unsigned long)|nafxcw|filecore.obj|object_matcher:unique:high (accepted 2026-07)
0x0060b0da|CFile::GetLength|?GetLength@CFile@@UBEKXZ|public: virtual unsigned long __thiscall CFile::GetLength(void) const|nafxcw|filecore.obj|object_matcher:unique:high (accepted 2026-07)
0x0060b10a|CFile::Rename|?Rename@CFile@@SGXPBD0@Z|public: static void __stdcall CFile::Rename(char const *, char const *)|nafxcw|filecore.obj|object_matcher:unique:high (accepted 2026-07)
0x0060b12c|CFile::Remove|?Remove@CFile@@SGXPBD@Z|public: static void __stdcall CFile::Remove(char const *)|nafxcw|filecore.obj|object_matcher:unique:high (accepted 2026-07)
0x0060b14a|AFX_COM::~AFX_COM|??1AFX_COM@@QAE@XZ|public: __thiscall AFX_COM::~AFX_COM(void)|nafxcw|filecore.obj|object_matcher:unique-via-existing:high (accepted 2026-07)
0x0060b158|AFX_COM::CreateInstance|?CreateInstance@AFX_COM@@QAEJABU_GUID@@PAUIUnknown@@0PAPAX@Z|public: long __thiscall AFX_COM::CreateInstance(struct _GUID const &, struct IUnknown *, struct _GUID const &, void **)|nafxcw|filecore.obj|object_matcher:unique:high (accepted 2026-07)
0x0060b19a|AFX_COM::GetClassObject|?GetClassObject@AFX_COM@@QAEJABU_GUID@@0PAPAX@Z|public: long __thiscall AFX_COM::GetClassObject(struct _GUID const &, struct _GUID const &, void **)|nafxcw|filecore.obj|object_matcher:unique:high (accepted 2026-07)
0x0060b266|AfxStringFromCLSID|?AfxStringFromCLSID@@YG?AVCString@@ABU_GUID@@@Z|class CString __stdcall AfxStringFromCLSID(struct _GUID const &)|nafxcw|filecore.obj|object_matcher:unique:high (accepted 2026-07)
0x0060b2d5|AfxGetInProcServer|?AfxGetInProcServer@@YGHPBDAAVCString@@@Z|int __stdcall AfxGetInProcServer(char const *, class CString &)|nafxcw|filecore.obj|object_matcher:unique:high (accepted 2026-07)
0x0060b381|AfxResolveShortcut|?AfxResolveShortcut@@YGHPAVCWnd@@PBDPADH@Z|int __stdcall AfxResolveShortcut(class CWnd *, char const *, char *, int)|nafxcw|filecore.obj|object_matcher:unique:high (accepted 2026-07)
0x0060b4cb|AfxFullPath|?AfxFullPath@@YGHPADPBD@Z|int __stdcall AfxFullPath(char *, char const *)|nafxcw|filecore.obj|object_matcher:unique:high (accepted 2026-07)
0x0060b5a4|AfxGetRoot|?AfxGetRoot@@YGXPBDAAVCString@@@Z|void __stdcall AfxGetRoot(char const *, class CString &)|nafxcw|filecore.obj|object_matcher:unique:high (accepted 2026-07)
0x0060b66a|AfxComparePath|?AfxComparePath@@YGHPBD0@Z|int __stdcall AfxComparePath(char const *, char const *)|nafxcw|filecore.obj|object_matcher:unique:high (accepted 2026-07)
0x0060b72d|AfxGetFileTitle|?AfxGetFileTitle@@YGIPBDPADI@Z|unsigned int __stdcall AfxGetFileTitle(char const *, char *, unsigned int)|nafxcw|filecore.obj|object_matcher:unique:high (accepted 2026-07)
0x0060b783|AfxGetModuleShortFileName|?AfxGetModuleShortFileName@@YGXPAUHINSTANCE__@@AAVCString@@@Z|void __stdcall AfxGetModuleShortFileName(struct HINSTANCE__*, class CString &)|nafxcw|filecore.obj|object_matcher:unique:high (accepted 2026-07)
0x0060b7dd|CFile::GetFileName|?GetFileName@CFile@@UBE?AVCString@@XZ|public: virtual class CString __thiscall CFile::GetFileName(void) const|nafxcw|filest.obj|object_matcher:unique-via-existing:high (accepted 2026-07)
0x0060b85f|CFile::GetFileTitle|?GetFileTitle@CFile@@UBE?AVCString@@XZ|public: virtual class CString __thiscall CFile::GetFileTitle(void) const|nafxcw|filest.obj|object_matcher:unique-via-existing:high (accepted 2026-07)
0x0060b8e1|CFile::GetFilePath|?GetFilePath@CFile@@UBE?AVCString@@XZ|public: virtual class CString __thiscall CFile::GetFilePath(void) const|nafxcw|filest.obj|object_matcher:unique:high (accepted 2026-07)
0x0060b910|CFile::GetStatus|?GetStatus@CFile@@QBEHAAUCFileStatus@@@Z|public: int __thiscall CFile::GetStatus(struct CFileStatus &) const|nafxcw|filest.obj|object_matcher:unique:high (accepted 2026-07)
0x0060b9ea|CFile::GetStatus|?GetStatus@CFile@@SGHPBDAAUCFileStatus@@@Z|public: static int __stdcall CFile::GetStatus(char const *, struct CFileStatus &)|nafxcw|filest.obj|object_matcher:unique:high (accepted 2026-07)
0x0060ba9c|AfxTimeToFileTime|?AfxTimeToFileTime@@YAXABVCTime@@PAU_FILETIME@@@Z|void __cdecl AfxTimeToFileTime(class CTime const &, struct _FILETIME *)|nafxcw|filest.obj|object_matcher:unique:high (accepted 2026-07)
0x0060bb4b|CFile::SetStatus|?SetStatus@CFile@@SGXPBDABUCFileStatus@@@Z|public: static void __stdcall CFile::SetStatus(char const *, struct CFileStatus const &)|nafxcw|filest.obj|object_matcher:unique:high (accepted 2026-07)
0x0060bc98|CFileException::ThrowOsError|?ThrowOsError@CFileException@@SGXJPBD@Z|public: static void __stdcall CFileException::ThrowOsError(long, char const *)|nafxcw|filex.obj|object_matcher:unique:high (accepted 2026-07)
0x0060bcdd|CFileException::GetErrorMessage|?GetErrorMessage@CFileException@@UAEHPADIPAI@Z|public: virtual int __thiscall CFileException::GetErrorMessage(char *, unsigned int, unsigned int *)|nafxcw|filex.obj|object_matcher:unique:high (accepted 2026-07)
0x0060bd7d|AfxThrowFileException|?AfxThrowFileException@@YGXHJPBD@Z|void __stdcall AfxThrowFileException(int, long, char const *)|nafxcw|filex.obj|object_matcher:unique:high (accepted 2026-07)
0x0060c087|CDialogTemplate::CDialogTemplate|??0CDialogTemplate@@QAE@PBUDLGTEMPLATE@@@Z|public: __thiscall CDialogTemplate::CDialogTemplate(struct DLGTEMPLATE const *)|nafxcw|dlgtempl.obj|object_matcher:unique:high (accepted 2026-07)
0x0060c0b6|CDialogTemplate::CDialogTemplate|??0CDialogTemplate@@QAE@PAX@Z|public: __thiscall CDialogTemplate::CDialogTemplate(void *)|nafxcw|dlgtempl.obj|object_matcher:unique:high (accepted 2026-07)
0x0060c0f7|CDialogTemplate::SetTemplate|?SetTemplate@CDialogTemplate@@IAEHPBUDLGTEMPLATE@@I@Z|protected: int __thiscall CDialogTemplate::SetTemplate(struct DLGTEMPLATE const *, unsigned int)|nafxcw|dlgtempl.obj|object_matcher:unique:high (accepted 2026-07)
0x0060c157|CDialogTemplate::~CDialogTemplate|??1CDialogTemplate@@QAE@XZ|public: __thiscall CDialogTemplate::~CDialogTemplate(void)|nafxcw|dlgtempl.obj|object_matcher:unique-via-existing:high (accepted 2026-07)
0x0060c165|CDialogTemplate::Load|?Load@CDialogTemplate@@QAEHPBD@Z|public: int __thiscall CDialogTemplate::Load(char const *)|nafxcw|dlgtempl.obj|object_matcher:unique:high (accepted 2026-07)
0x0060c1c0|CDialogTemplate::HasFont|?HasFont@CDialogTemplate@@QBEHXZ|public: int __thiscall CDialogTemplate::HasFont(void) const|nafxcw|dlgtempl.obj|object_matcher:unique:high (accepted 2026-07)
0x0060c1eb|CDialogTemplate::GetFontSizeField|?GetFontSizeField@CDialogTemplate@@KAPAEPBUDLGTEMPLATE@@@Z|protected: static unsigned char * __cdecl CDialogTemplate::GetFontSizeField(struct DLGTEMPLATE const *)|nafxcw|dlgtempl.obj|object_matcher:unique:high (accepted 2026-07)
0x0060c241|CDialogTemplate::GetTemplateSize|?GetTemplateSize@CDialogTemplate@@KAIPBUDLGTEMPLATE@@@Z|protected: static unsigned int __cdecl CDialogTemplate::GetTemplateSize(struct DLGTEMPLATE const *)|nafxcw|dlgtempl.obj|object_matcher:unique:high (accepted 2026-07)
0x0060c2f8|CDialogTemplate::GetFont|?GetFont@CDialogTemplate@@SAHPBUDLGTEMPLATE@@AAVCString@@AAG@Z|public: static int __cdecl CDialogTemplate::GetFont(struct DLGTEMPLATE const *, class CString &, unsigned short &)|nafxcw|dlgtempl.obj|object_matcher:unique:high (accepted 2026-07)
0x0060c367|CDialogTemplate::GetFont|?GetFont@CDialogTemplate@@QBEHAAVCString@@AAG@Z|public: int __thiscall CDialogTemplate::GetFont(class CString &, unsigned short &) const|nafxcw|dlgtempl.obj|object_matcher:unique:high (accepted 2026-07)
0x0060c395|CDialogTemplate::SetFont|?SetFont@CDialogTemplate@@QAEHPBDG@Z|public: int __thiscall CDialogTemplate::SetFont(char const *, unsigned short)|nafxcw|dlgtempl.obj|object_matcher:unique:high (accepted 2026-07)
0x0060c4ac|CDialogTemplate::SetSystemFont|?SetSystemFont@CDialogTemplate@@QAEHG@Z|public: int __thiscall CDialogTemplate::SetSystemFont(unsigned short)|nafxcw|dlgtempl.obj|object_matcher:unique:high (accepted 2026-07)
0x0060c53d|CDialogTemplate::GetSizeInDialogUnits|?GetSizeInDialogUnits@CDialogTemplate@@QBEXPAUtagSIZE@@@Z|public: void __thiscall CDialogTemplate::GetSizeInDialogUnits(struct tagSIZE *) const|nafxcw|dlgtempl.obj|object_matcher:unique:high (accepted 2026-07)
0x0060c57d|CDialogTemplate::GetSizeInPixels|?GetSizeInPixels@CDialogTemplate@@QBEXPAUtagSIZE@@@Z|public: void __thiscall CDialogTemplate::GetSizeInPixels(struct tagSIZE *) const|nafxcw|dlgtempl.obj|object_matcher:unique:high (accepted 2026-07)
0x0060c723|CRecentFileList::CRecentFileList|??0CRecentFileList@@QAE@IPBD0HH@Z|public: __thiscall CRecentFileList::CRecentFileList(unsigned int, char const *, char const *, int, int)|nafxcw|filelist.obj|object_matcher:unique:high (accepted 2026-07)
0x0060c7df|CRecentFileList::`scalar deleting dtor'|??_GCRecentFileList@@UAEPAXI@Z|public: virtual void * __thiscall CRecentFileList::`scalar deleting dtor'(unsigned int)|nafxcw|filelist.obj|object_matcher:unique-via-existing:high (accepted 2026-07)
0x0060c7fb|CString::`vector deleting dtor'|??_ECString@@QAEPAXI@Z|public: void * __thiscall CString::`vector deleting dtor'(unsigned int)|nafxcw|filelist.obj|object_matcher:unique:high (accepted 2026-07)
0x0060c837|CRecentFileList::~CRecentFileList|??1CRecentFileList@@UAE@XZ|public: virtual __thiscall CRecentFileList::~CRecentFileList(void)|nafxcw|filelist.obj|object_matcher:unique:high (accepted 2026-07)
0x0060c894|CRecentFileList::Add|?Add@CRecentFileList@@UAEXPBD@Z|public: virtual void __thiscall CRecentFileList::Add(char const *)|nafxcw|filelist.obj|object_matcher:unique:high (accepted 2026-07)
0x0060c900|CRecentFileList::Remove|?Remove@CRecentFileList@@UAEXH@Z|public: virtual void __thiscall CRecentFileList::Remove(int)|nafxcw|filelist.obj|object_matcher:unique:high (accepted 2026-07)
0x0060c93b|CRecentFileList::GetDisplayName|?GetDisplayName@CRecentFileList@@QBEHAAVCString@@HPBDHH@Z|public: int __thiscall CRecentFileList::GetDisplayName(class CString &, int, char const *, int, int) const|nafxcw|filelist.obj|object_matcher:unique:high (accepted 2026-07)
0x0060ca44|CRecentFileList::UpdateMenu|?UpdateMenu@CRecentFileList@@UAEXPAVCCmdUI@@@Z|public: virtual void __thiscall CRecentFileList::UpdateMenu(class CCmdUI *)|nafxcw|filelist.obj|object_matcher:unique:high (accepted 2026-07)
0x0060cc8e|CRecentFileList::WriteList|?WriteList@CRecentFileList@@UAEXXZ|public: virtual void __thiscall CRecentFileList::WriteList(void)|nafxcw|filelist.obj|object_matcher:unique:high (accepted 2026-07)
0x0060cd0c|CRecentFileList::ReadList|?ReadList@CRecentFileList@@UAEXXZ|public: virtual void __thiscall CRecentFileList::ReadList(void)|nafxcw|filelist.obj|object_matcher:unique:high (accepted 2026-07)
0x0060ce85|CString::LoadStringA|?LoadStringA@CString@@QAEHI@Z|public: int __thiscall CString::LoadStringA(unsigned int)|nafxcw|winstr.obj|oracle_unique_high_relocation_masked_match;review_reason_invented_name_referenced_in_source:manual refs are real MFC/CRT API calls or same-named game-class methods (no linkage to this address's stub); free-fn externs migrated (ftol->_ftol in TAmtBar, AppendPointerToGlobalVectorAsStatus->atexit in TDiplomacyMapView)
0x0060cf09|AfxLoadString|?AfxLoadString@@YGHIPADI@Z|int __stdcall AfxLoadString(unsigned int, char *, unsigned int)|nafxcw|winstr.obj|object_matcher:unique:high (accepted 2026-07)
0x0060cf30|AfxExtractSubString|?AfxExtractSubString@@YGHAAVCString@@PBDHD@Z|int __stdcall AfxExtractSubString(class CString &, char const *, int, char)|nafxcw|winstr.obj|object_matcher:unique:high (accepted 2026-07)
0x0060cfa8|AUX_DATA::UpdateSysColors|?UpdateSysColors@AUX_DATA@@QAEXXZ|public: void __thiscall AUX_DATA::UpdateSysColors(void)|nafxcw|auxdata.obj|object_matcher:unique:high (accepted 2026-07)
0x0060cfec|AUX_DATA::UpdateSysMetrics|?UpdateSysMetrics@AUX_DATA@@QAEXXZ|public: void __thiscall AUX_DATA::UpdateSysMetrics(void)|nafxcw|auxdata.obj|object_matcher:unique:high (accepted 2026-07)
0x0060d0c8|CMenu::FromHandle|?FromHandle@CMenu@@SGPAV1@PAUHMENU__@@@Z|public: static class CMenu * __stdcall CMenu::FromHandle(struct HMENU__*)|nafxcw|winmenu.obj|object_matcher:unique-via-existing:high (accepted 2026-07)
0x0060d0de|CMenu::FromHandlePermanent|?FromHandlePermanent@CMenu@@SGPAV1@PAUHMENU__@@@Z|public: static class CMenu * __stdcall CMenu::FromHandlePermanent(struct HMENU__*)|nafxcw|winmenu.obj|object_matcher:unique-via-existing:high (accepted 2026-07)
0x0060d16d|AfxLockTempMaps|?AfxLockTempMaps@@YGXXZ|void __stdcall AfxLockTempMaps(void)|nafxcw|winhand.obj|oracle_unique_high_match_below_min_convert_size;hand_verified_disasm:AfxGetModuleThreadState()_then_inc_m_nTempMapLock_at_+0x10
0x0060d176|AfxUnlockTempMaps|?AfxUnlockTempMaps@@YGHH@Z|int __stdcall AfxUnlockTempMaps(int)|nafxcw|winhand.obj|object_matcher:unique:high (accepted 2026-07)
0x0060d264|CHandleMap::CHandleMap|??0CHandleMap@@QAE@PAUCRuntimeClass@@IH@Z|public: __thiscall CHandleMap::CHandleMap(struct CRuntimeClass *, unsigned int, int)|nafxcw|winhand.obj|object_matcher:unique:high (accepted 2026-07)
0x0060d39b|CHandleMap::DeleteTemp|?DeleteTemp@CHandleMap@@QAEXXZ|public: void __thiscall CHandleMap::DeleteTemp(void)|nafxcw|winhand.obj|object_matcher:unique:high (accepted 2026-07)
0x0060d3fc|AfxWinMain|?AfxWinMain@@YGHPAUHINSTANCE__@@0PADH@Z|int __stdcall AfxWinMain(struct HINSTANCE__*, struct HINSTANCE__*, char *, int)|nafxcw|winmain.obj|object_matcher:unique:high (accepted 2026-07)
0x006106bd|CSingleDocTemplate::CSingleDocTemplate|??0CSingleDocTemplate@@QAE@IPAUCRuntimeClass@@00@Z|public: __thiscall CSingleDocTemplate::CSingleDocTemplate(unsigned int, struct CRuntimeClass *, struct CRuntimeClass *, struct CRuntimeClass *)|nafxcw|docsingl.obj|oracle_unique_high_relocation_masked_match;review_reason_invented_name_referenced_in_source:manual refs are real MFC/CRT API calls or same-named game-class methods (no linkage to this address's stub); free-fn externs migrated (ftol->_ftol in TAmtBar, AppendPointerToGlobalVectorAsStatus->atexit in TDiplomacyMapView)
0x00610728|CSingleDocTemplate::AddDocument|?AddDocument@CSingleDocTemplate@@UAEXPAVCDocument@@@Z|public: virtual void __thiscall CSingleDocTemplate::AddDocument(class CDocument *)|nafxcw|docsingl.obj|object_matcher:unique:high (accepted 2026-07)
0x0061073e|CSingleDocTemplate::RemoveDocument|?RemoveDocument@CSingleDocTemplate@@UAEXPAVCDocument@@@Z|public: virtual void __thiscall CSingleDocTemplate::RemoveDocument(class CDocument *)|nafxcw|docsingl.obj|object_matcher:unique:high (accepted 2026-07)
0x00610752|CSingleDocTemplate::OpenDocumentFile|?OpenDocumentFile@CSingleDocTemplate@@UAEPAVCDocument@@PBDH@Z|public: virtual class CDocument * __thiscall CSingleDocTemplate::OpenDocumentFile(char const *, int)|nafxcw|docsingl.obj|object_matcher:unique:high (accepted 2026-07)
0x006108fe|CSingleDocTemplate::SetDefaultTitle|?SetDefaultTitle@CSingleDocTemplate@@UAEXPAVCDocument@@@Z|public: virtual void __thiscall CSingleDocTemplate::SetDefaultTitle(class CDocument *)|nafxcw|docsingl.obj|oracle_unique_high_relocation_masked_match;review_reason_invented_name_referenced_in_source:manual refs are real MFC/CRT API calls or same-named game-class methods (no linkage to this address's stub); free-fn externs migrated (ftol->_ftol in TAmtBar, AppendPointerToGlobalVectorAsStatus->atexit in TDiplomacyMapView)
0x0061096b|CDocument::CDocument|??0CDocument@@QAE@XZ|public: __thiscall CDocument::CDocument(void)|nafxcw|doccore.obj|oracle_unique_high_relocation_masked_match;review_reason_invented_name_referenced_in_source:manual refs are real MFC/CRT API calls or same-named game-class methods (no linkage to this address's stub); free-fn externs migrated (ftol->_ftol in TAmtBar, AppendPointerToGlobalVectorAsStatus->atexit in TDiplomacyMapView)
0x006109eb|CDocument::DestructCDocumentBaseState|??1CDocument@@UAE@XZ||nafxcw|doccore.obj|object_matcher:unique:high (accepted 2026-07)
0x00610a57|CDocument::OnFinalRelease|?OnFinalRelease@CDocument@@UAEXXZ|public: virtual void __thiscall CDocument::OnFinalRelease(void)|nafxcw|doccore.obj|cambitdocument_vtable_0x645eb8_slot_0x18_recomp_pdb+byte_offset_alignment
0x00610a5f|CDocument::DisconnectViews|?DisconnectViews@CDocument@@QAEXXZ|public: void __thiscall CDocument::DisconnectViews(void)|nafxcw|doccore.obj|object_matcher:unique:high (accepted 2026-07)
0x00610a80|CDocument::SetTitle|?SetTitle@CDocument@@UAEXPBD@Z|public: virtual void __thiscall CDocument::SetTitle(char const *)|nafxcw|doccore.obj|cambitdocument_vtable_0x645eb8_slot_0x58_recomp_pdb+byte_offset_alignment
0x00610a9d|CDocument::DeleteContents|?DeleteContents@CDocument@@UAEXXZ|public: virtual void __thiscall CDocument::DeleteContents(void)|nafxcw|doccore.obj|cambitdocument_vtable_0x645eb8_slot_0x74_recomp_pdb+byte_offset_alignment
0x00610a9e|CDocument::OnChangedViewList|?OnChangedViewList@CDocument@@UAEXXZ|public: virtual void __thiscall CDocument::OnChangedViewList(void)|nafxcw|doccore.obj|object_matcher:unique:high (accepted 2026-07)
0x00610aba|CDocument::UpdateFrameCounts|?UpdateFrameCounts@CDocument@@UAEXXZ|public: virtual void __thiscall CDocument::UpdateFrameCounts(void)|nafxcw|doccore.obj|object_matcher:unique:high (accepted 2026-07)
0x00610bbd|CDocument::CanCloseFrame|?CanCloseFrame@CDocument@@UAEHPAVCFrameWnd@@@Z|public: virtual int __thiscall CDocument::CanCloseFrame(class CFrameWnd *)|nafxcw|doccore.obj|object_matcher:unique:high (accepted 2026-07)
0x00610c0b|CDocument::SetPathName|?SetPathName@CDocument@@UAEXPBDH@Z|public: virtual void __thiscall CDocument::SetPathName(char const *, int)|nafxcw|doccore.obj|object_matcher:unique:high (accepted 2026-07)
0x00610c87|CDocument::OnFileClose|?OnFileClose@CDocument@@IAEXXZ|protected: void __thiscall CDocument::OnFileClose(void)|nafxcw|doccore.obj|object_matcher:unique:high (accepted 2026-07)
0x00610cb7|CDocument::DoFileSave|?DoFileSave@CDocument@@UAEHXZ|public: virtual int __thiscall CDocument::DoFileSave(void)|nafxcw|doccore.obj|object_matcher:unique:high (accepted 2026-07)
0x00610e6f|CDocument::SaveModified|?SaveModified@CDocument@@UAEHXZ|public: virtual int __thiscall CDocument::SaveModified(void)|nafxcw|doccore.obj|object_matcher:unique:high (accepted 2026-07)
0x00610f8a|CDocument::ReportSaveLoadException|?ReportSaveLoadException@CDocument@@UAEXPBDPAVCException@@HI@Z|public: virtual void __thiscall CDocument::ReportSaveLoadException(char const *, class CException *, int, unsigned int)|nafxcw|doccore.obj|object_matcher:unique:high (accepted 2026-07)
0x006110fa|CMirrorFile::Open|?Open@CMirrorFile@@UAEHPBDIPAVCFileException@@@Z|public: virtual int __thiscall CMirrorFile::Open(char const *, unsigned int, class CFileException *)|nafxcw|doccore.obj|object_matcher:unique:high (accepted 2026-07)
0x006112c1|CMirrorFile::Abort|?Abort@CMirrorFile@@UAEXXZ|public: virtual void __thiscall CMirrorFile::Abort(void)|nafxcw|doccore.obj|object_matcher:unique:high (accepted 2026-07)
0x006112da|CMirrorFile::Close|?Close@CMirrorFile@@UAEXXZ|public: virtual void __thiscall CMirrorFile::Close(void)|nafxcw|doccore.obj|object_matcher:unique:high (accepted 2026-07)
0x00611334|CDocument::GetFile|?GetFile@CDocument@@UAEPAVCFile@@PBDIPAVCFileException@@@Z|public: virtual class CFile * __thiscall CDocument::GetFile(char const *, unsigned int, class CFileException *)|nafxcw|doccore.obj|oracle_unique_high_relocation_masked_match;review_reason_invented_name_referenced_in_source:manual refs are real MFC/CRT API calls or same-named game-class methods (no linkage to this address's stub); free-fn externs migrated (ftol->_ftol in TAmtBar, AppendPointerToGlobalVectorAsStatus->atexit in TDiplomacyMapView)
0x006113c6|CMirrorFile::~CMirrorFile|??1CMirrorFile@@UAE@XZ|public: virtual __thiscall CMirrorFile::~CMirrorFile(void)|nafxcw|doccore.obj|object_matcher:unique:high (accepted 2026-07)
0x006113f7|CDocument::ReleaseFile|?ReleaseFile@CDocument@@UAEXPAVCFile@@H@Z|public: virtual void __thiscall CDocument::ReleaseFile(class CFile *, int)|nafxcw|doccore.obj|object_matcher:unique:high (accepted 2026-07)
0x00611420|CDocument::OnNewDocument|?OnNewDocument@CDocument@@UAEHXZ|public: virtual int __thiscall CDocument::OnNewDocument(void)|nafxcw|doccore.obj|cambitdocument_onnewdocument_0x4797a0_base_call;mislabeled_OrphanLeaf_junk_name;recomp_pdb
0x006117b5|CDocument::OnCloseDocument|?OnCloseDocument@CDocument@@UAEXXZ|public: virtual void __thiscall CDocument::OnCloseDocument(void)|nafxcw|doccore.obj|object_matcher:unique:high (accepted 2026-07)
0x00611810|CDocument::AddView|?AddView@CDocument@@QAEXPAVCView@@@Z|public: void __thiscall CDocument::AddView(class CView *)|nafxcw|doccore.obj|object_matcher:unique:high (accepted 2026-07)
0x00611830|CDocument::RemoveView|?RemoveView@CDocument@@QAEXPAVCView@@@Z|public: void __thiscall CDocument::RemoveView(class CView *)|nafxcw|doccore.obj|object_matcher:unique:high (accepted 2026-07)
0x0061185f|CDocument::GetFirstViewPosition|?GetFirstViewPosition@CDocument@@UBEPAU__POSITION@@XZ|public: virtual struct __POSITION * __thiscall CDocument::GetFirstViewPosition(void)const|nafxcw|doccore.obj|cambitdocument_vtable_0x645eb8_slot_0x68_recomp_pdb+byte_offset_alignment
0x00611863|CDocument::GetNextView|?GetNextView@CDocument@@UBEPAVCView@@AAPAU__POSITION@@@Z|public: virtual class CView * __thiscall CDocument::GetNextView(struct __POSITION * &)const|nafxcw|doccore.obj|cambitdocument_vtable_0x645eb8_slot_0x6c_recomp_pdb+byte_offset_alignment
0x00611877|CDocument::UpdateAllViews|?UpdateAllViews@CDocument@@QAEXPAVCView@@JPAVCObject@@@Z|public: void __thiscall CDocument::UpdateAllViews(class CView *, long, class CObject *)|nafxcw|doccore.obj|object_matcher:unique:high (accepted 2026-07)
0x006118ba|CDocument::SendInitialUpdate|?SendInitialUpdate@CDocument@@QAEXXZ|public: void __thiscall CDocument::SendInitialUpdate(void)|nafxcw|doccore.obj|object_matcher:unique:high (accepted 2026-07)
0x006118ed|CDocument::OnCmdMsg|?OnCmdMsg@CDocument@@UAEHIHPAXPAUAFX_CMDHANDLERINFO@@@Z|public: virtual int __thiscall CDocument::OnCmdMsg(unsigned int, int, void *, struct AFX_CMDHANDLERINFO *)|nafxcw|doccore.obj|object_matcher:unique:high (accepted 2026-07)
0x00611930|operator<<|??6@YGAAVCArchive@@AAV0@ABVCString@@@Z|class CArchive & __stdcall operator<<(class CArchive &, class CString const &)|nafxcw|arccore.obj|object_matcher:unique:high (accepted 2026-07)
0x006119aa|operator>>|??5@YGAAVCArchive@@AAV0@AAVCString@@@Z|class CArchive & __stdcall operator>>(class CArchive &, class CString &)|nafxcw|arccore.obj|object_matcher:unique:high (accepted 2026-07)
0x00611a9e|SerializeElements|?SerializeElements@@YGXAAVCArchive@@PAVCString@@H@Z|void __stdcall SerializeElements(class CArchive &, class CString *, int)|nafxcw|arccore.obj|object_matcher:unique:high (accepted 2026-07)
0x00611aec|CRuntimeClass::Load|?Load@CRuntimeClass@@SGPAU1@AAVCArchive@@PAI@Z|public: static struct CRuntimeClass * __stdcall CRuntimeClass::Load(class CArchive &, unsigned int *)|nafxcw|arccore.obj|object_matcher:unique:high (accepted 2026-07)
0x00611b7c|CRuntimeClass::Store|?Store@CRuntimeClass@@QBEXAAVCArchive@@@Z|public: void __thiscall CRuntimeClass::Store(class CArchive &) const|nafxcw|arccore.obj|object_matcher:unique:high (accepted 2026-07)
0x00611bb4|CArchive::CArchive|??0CArchive@@QAE@PAVCFile@@IHPAX@Z|public: __thiscall CArchive::CArchive(class CFile *, unsigned int, int, void *)|nafxcw|arccore.obj|oracle_unique_high_relocation_masked_match;review_reason_invented_name_referenced_in_source:manual refs are real MFC/CRT API calls or same-named game-class methods (no linkage to this address's stub); free-fn externs migrated (ftol->_ftol in TAmtBar, AppendPointerToGlobalVectorAsStatus->atexit in TDiplomacyMapView)
0x00611c90|CArchive::~CArchive|??1CArchive@@QAE@XZ|public: __thiscall CArchive::~CArchive(void)|nafxcw|arccore.obj|object_matcher:unique:high (accepted 2026-07)
0x00611cd6|CArchive::Abort|?Abort@CArchive@@QAEXXZ|public: void __thiscall CArchive::Abort(void)|nafxcw|arccore.obj|object_matcher:unique:high (accepted 2026-07)
0x00611d18|CArchive::Close|?Close@CArchive@@QAEXXZ|public: void __thiscall CArchive::Close(void)|nafxcw|arccore.obj|object_matcher:unique:high (accepted 2026-07)
0x00611d26|CArchive::Read|?Read@CArchive@@QAEIPAXI@Z|public: unsigned int __thiscall CArchive::Read(void *, unsigned int)|nafxcw|arccore.obj|object_matcher:unique:high (accepted 2026-07)
0x00611e34|CArchive::Write|?Write@CArchive@@QAEXPBXI@Z|public: void __thiscall CArchive::Write(void const *, unsigned int)|nafxcw|arccore.obj|object_matcher:unique:high (accepted 2026-07)
0x00611ec4|CArchive::Flush|?Flush@CArchive@@QAEXXZ|public: void __thiscall CArchive::Flush(void)|nafxcw|arccore.obj|oracle_unique_high_relocation_masked_match;review_reason_invented_name_referenced_in_source:manual refs are real MFC/CRT API calls or same-named game-class methods (no linkage to this address's stub); free-fn externs migrated (ftol->_ftol in TAmtBar, AppendPointerToGlobalVectorAsStatus->atexit in TDiplomacyMapView)
0x00611f3e|CArchive::FillBuffer|?FillBuffer@CArchive@@QAEXI@Z|public: void __thiscall CArchive::FillBuffer(unsigned int)|nafxcw|arccore.obj|object_matcher:unique:high (accepted 2026-07)
0x00612000|CArchive::WriteCount|?WriteCount@CArchive@@QAEXK@Z|public: void __thiscall CArchive::WriteCount(unsigned long)|nafxcw|arccore.obj|object_matcher:unique:high (accepted 2026-07)
0x0061202e|CArchive::ReadCount|?ReadCount@CArchive@@QAEKXZ|public: unsigned long __thiscall CArchive::ReadCount(void)|nafxcw|arccore.obj|object_matcher:unique:high (accepted 2026-07)
0x0061205e|CArchive::WriteString|?WriteString@CArchive@@QAEXPBD@Z|public: void __thiscall CArchive::WriteString(char const *)|nafxcw|arccore.obj|object_matcher:unique:high (accepted 2026-07)
0x00612132|CArchive::ReadString|?ReadString@CArchive@@QAEHAAVCString@@@Z|public: int __thiscall CArchive::ReadString(class CString &)|nafxcw|arccore.obj|object_matcher:unique:high (accepted 2026-07)
0x006121cd|CArchive::CheckCount|?CheckCount@CArchive@@QAEXXZ|public: void __thiscall CArchive::CheckCount(void)|nafxcw|arcobj.obj|object_matcher:unique:high (accepted 2026-07)
0x006121e1|CArchive::WriteObject|?WriteObject@CArchive@@QAEXPBVCObject@@@Z|public: void __thiscall CArchive::WriteObject(class CObject const *)|nafxcw|arcobj.obj|object_matcher:unique:high (accepted 2026-07)
0x0061225e|CArchive::ReadObject|?ReadObject@CArchive@@QAEPAVCObject@@PBUCRuntimeClass@@@Z|public: class CObject * __thiscall CArchive::ReadObject(struct CRuntimeClass const *)|nafxcw|arcobj.obj|object_matcher:unique:high (accepted 2026-07)
0x00612315|CArchive::MapObject|?MapObject@CArchive@@QAEXPBVCObject@@@Z|public: void __thiscall CArchive::MapObject(class CObject const *)|nafxcw|arcobj.obj|object_matcher:unique:high (accepted 2026-07)
0x0061240d|CArchive::WriteClass|?WriteClass@CArchive@@QAEXPBUCRuntimeClass@@@Z|public: void __thiscall CArchive::WriteClass(struct CRuntimeClass const *)|nafxcw|arcobj.obj|object_matcher:unique:high (accepted 2026-07)
0x0061249e|CArchive::ReadClass|?ReadClass@CArchive@@QAEPAUCRuntimeClass@@PBU2@PAIPAK@Z|public: struct CRuntimeClass * __thiscall CArchive::ReadClass(struct CRuntimeClass const *, unsigned int *, unsigned long *)|nafxcw|arcobj.obj|object_matcher:unique:high (accepted 2026-07)
0x00612682|CDC::CDC|??0CDC@@QAE@XZ|public: __thiscall CDC::CDC(void)|nafxcw|wingdi.obj|object_matcher:unique:high (accepted 2026-07)
0x00612696|CDC::`scalar deleting dtor'|??_GCDC@@UAEPAXI@Z|public: virtual void * __thiscall CDC::`scalar deleting dtor'(unsigned int)|nafxcw|wingdi.obj|object_matcher:unique-via-existing:high (accepted 2026-07)
0x00612736|CDC::FromHandle|?FromHandle@CDC@@SGPAV1@PAUHDC__@@@Z|public: static class CDC * __stdcall CDC::FromHandle(struct HDC__*)|nafxcw|wingdi.obj|ghidra_fid:nafxcw_score_529.010+listing_calls_afxMapHDC_then_CHandleMap_FromHandle
0x0061274c|CDC::Attach|?Attach@CDC@@QAEHPAUHDC__@@@Z|public: int __thiscall CDC::Attach(struct HDC__*)|nafxcw|wingdi.obj|object_matcher:unique:high (accepted 2026-07)
0x00612783|CDC::Detach|?Detach@CDC@@QAEPAUHDC__@@XZ|public: struct HDC__* __thiscall CDC::Detach(void)|nafxcw|wingdi.obj|object_matcher:unique:high (accepted 2026-07)
0x006127ca|CDC::~CDC|??1CDC@@UAE@XZ|public: virtual __thiscall CDC::~CDC(void)|nafxcw|wingdi.obj|object_matcher:unique:high (accepted 2026-07)
0x00612828|CDC::StartDocA|?StartDocA@CDC@@QAEHPBD@Z|public: int __thiscall CDC::StartDocA(char const *)|nafxcw|wingdi.obj|object_matcher:unique:high (accepted 2026-07)
0x00612897|CDC::RestoreDC|?RestoreDC@CDC@@UAEHH@Z|public: virtual int __thiscall CDC::RestoreDC(int)|nafxcw|wingdi.obj|object_matcher:unique:high (accepted 2026-07)
0x006128ec|CDC::SelectStockObject|?SelectStockObject@CDC@@UAEPAVCGdiObject@@H@Z|public: virtual class CGdiObject * __thiscall CDC::SelectStockObject(int)|nafxcw|wingdi.obj|object_matcher:unique:high (accepted 2026-07)
0x00612931|CDC::SelectObject|?SelectObject@CDC@@QAEPAVCPen@@PAV2@@Z|public: class CPen * __thiscall CDC::SelectObject(class CPen *)|nafxcw|wingdi.obj|typed_call_evidence:QDFrameOval_0x498428_selects_TScopedQuickDrawPen_and_dtor_0x49864f_restores_its_saved_CPen
0x00612bea|CDC::SetMapMode|?SetMapMode@CDC@@UAEHH@Z|public: virtual int __thiscall CDC::SetMapMode(int)|nafxcw|wingdi.obj|object_matcher:unique-via-existing:high (accepted 2026-07)
0x00612d5e|CDC::SetWindowOrg|?SetWindowOrg@CDC@@QAE?AVCPoint@@HH@Z|public: class CPoint __thiscall CDC::SetWindowOrg(int, int)|nafxcw|wingdi.obj|object_matcher:unique-via-existing:high (accepted 2026-07)
0x00612e9a|CDC::GetClipBox|?GetClipBox@CDC@@UBEHPAUtagRECT@@@Z|public: virtual int __thiscall CDC::GetClipBox(struct tagRECT *) const|nafxcw|wingdi.obj|object_matcher:unique-via-existing:high (accepted 2026-07)
0x006130ec|LineTo|?LineTo@CDC@@QAEHHH@Z|int __thiscall CDC::LineTo(int param_1, int param_2)|nafxcw|wingdi.obj|object_matcher:unique:high (accepted 2026-07)
0x00613121|CDC::SetTextAlign|?SetTextAlign@CDC@@QAEII@Z|public: unsigned int __thiscall CDC::SetTextAlign(unsigned int)|nafxcw|wingdi.obj|object_matcher:unique:high (accepted 2026-07)
0x006133a0|CDC::SelectClipPath|?SelectClipPath@CDC@@QAEHH@Z|public: int __thiscall CDC::SelectClipPath(int)|nafxcw|wingdi.obj|object_matcher:unique:high (accepted 2026-07)
0x006133fe|CDC::SelectClipRgn|?SelectClipRgn@CDC@@QAEHPAVCRgn@@H@Z|public: int __thiscall CDC::SelectClipRgn(class CRgn *, int)|nafxcw|wingdi.obj|object_matcher:unique:high (accepted 2026-07)
0x00613452|AfxEnumMetaFileProc|?AfxEnumMetaFileProc@@YGHPAUHDC__@@PAUtagHANDLETABLE@@PAUtagMETARECORD@@HJ@Z|int __stdcall AfxEnumMetaFileProc(struct HDC__*, struct tagHANDLETABLE *, struct tagMETARECORD *, int, long)|nafxcw|wingdi.obj|object_matcher:unique:high (accepted 2026-07)
0x00613686|PlayMetaFile|?PlayMetaFile@CDC@@QAEHPAUHMETAFILE__@@@Z|int __thiscall CDC::PlayMetaFile(HMETAFILE__ * param_1)|nafxcw|wingdi.obj|object_matcher:unique:high (accepted 2026-07)
0x006136bf|CDC::LPtoDP|?LPtoDP@CDC@@QBEXPAUtagSIZE@@@Z|public: void __thiscall CDC::LPtoDP(struct tagSIZE *) const|nafxcw|wingdi.obj|object_matcher:unique:high (accepted 2026-07)
0x00613728|CDC::DPtoLP|?DPtoLP@CDC@@QBEXPAUtagSIZE@@@Z|public: void __thiscall CDC::DPtoLP(struct tagSIZE *) const|nafxcw|wingdi.obj|object_matcher:unique:high (accepted 2026-07)
0x00613845|CWindowDC::CWindowDC|??0CWindowDC@@QAE@PAVCWnd@@@Z|public: __thiscall CWindowDC::CWindowDC(class CWnd *)|nafxcw|wingdi.obj|object_matcher:unique-via-existing:high (accepted 2026-07)
0x0061389b|CClientDC::`scalar deleting dtor'|??_GCClientDC@@UAEPAXI@Z|public: virtual void * __thiscall CClientDC::`scalar deleting dtor'(unsigned int)|nafxcw|wingdi.obj|object_matcher:unique-via-existing:high (accepted 2026-07)
0x006138b7|CWindowDC::~CWindowDC|??1CWindowDC@@UAE@XZ|public: virtual __thiscall CWindowDC::~CWindowDC(void)|nafxcw|wingdi.obj|object_matcher:unique-via-existing:high (accepted 2026-07)
0x006138f9|CPaintDC::CPaintDC|??0CPaintDC@@QAE@PAVCWnd@@@Z|public: __thiscall CPaintDC::CPaintDC(class CWnd *)|nafxcw|wingdi.obj|object_matcher:unique:high (accepted 2026-07)
0x00613a36|CGdiObject::FromHandle|?FromHandle@CGdiObject@@SGPAV1@PAX@Z|public: static class CGdiObject * __stdcall CGdiObject::FromHandle(void *)|nafxcw|wingdi.obj|object_matcher:unique-via-existing:high (accepted 2026-07)
0x00613a4c|CGdiObject::Attach|?Attach@CGdiObject@@QAEHPAX@Z|public: int __thiscall CGdiObject::Attach(void *)|nafxcw|wingdi.obj|object_matcher:unique-via-existing:high (accepted 2026-07)
0x00613aa3|CGdiObject::DeleteObject|?DeleteObject@CGdiObject@@QAEHXZ|public: int __thiscall CGdiObject::DeleteObject(void)|nafxcw|wingdi.obj|object_matcher:unique-via-existing:high (accepted 2026-07)
0x00613ab9|CPen::CPen|??0CPen@@QAE@HHK@Z|public: __thiscall CPen::CPen(int, int, unsigned long)|nafxcw|wingdi.obj|object_matcher:unique:high (accepted 2026-07)
0x00613b09|CPen::CPen|??0CPen@@QAE@HHPBUtagLOGBRUSH@@HPBK@Z|public: __thiscall CPen::CPen(int, int, struct tagLOGBRUSH const *, int, unsigned long const *)|nafxcw|wingdi.obj|object_matcher:unique:high (accepted 2026-07)
0x00613b5f|CBrush::CBrush|??0CBrush@@QAE@K@Z|public: __thiscall CBrush::CBrush(unsigned long)|nafxcw|wingdi.obj|object_matcher:unique:high (accepted 2026-07)
0x00613ba9|CBrush::CBrush|??0CBrush@@QAE@HK@Z|public: __thiscall CBrush::CBrush(int, unsigned long)|nafxcw|wingdi.obj|object_matcher:unique:high (accepted 2026-07)
0x00613bf6|CBrush::CBrush|??0CBrush@@QAE@PAVCBitmap@@@Z|public: __thiscall CBrush::CBrush(class CBitmap *)|nafxcw|wingdi.obj|object_matcher:unique:high (accepted 2026-07)
0x00613c75|AfxThrowResourceException|?AfxThrowResourceException@@YGXXZ|void __stdcall AfxThrowResourceException(void)|nafxcw|wingdi.obj|object_matcher:unique-via-existing:high (accepted 2026-07)
0x00613c90|AfxThrowUserException|?AfxThrowUserException@@YGXXZ|void __stdcall AfxThrowUserException(void)|nafxcw|wingdi.obj|object_matcher:unique-via-existing:high (accepted 2026-07)
0x00613cb1|CView::CView|??0CView@@IAE@XZ|protected: __thiscall CView::CView(void)|nafxcw|viewcore.obj|oracle_unique_high_relocation_masked_match;review_reason_invented_name_referenced_in_source:manual refs are real MFC/CRT API calls or same-named game-class methods (no linkage to this address's stub); free-fn externs migrated (ftol->_ftol in TAmtBar, AppendPointerToGlobalVectorAsStatus->atexit in TDiplomacyMapView)
0x00613cc7|CView::`scalar deleting dtor'|??_GCView@@UAEPAXI@Z|public: virtual void * __thiscall CView::`scalar deleting dtor'(unsigned int)|nafxcw|viewcore.obj|object_matcher:unique-via-existing:high (accepted 2026-07)
0x00613ce3|CView::~CView|??1CView@@UAE@XZ|public: virtual __thiscall CView::~CView(void)|nafxcw|viewcore.obj|object_matcher:unique:high (accepted 2026-07)
0x00613d23|CView::PreCreateWindow|?PreCreateWindow@CView@@MAEHAAUtagCREATESTRUCTA@@@Z|protected: virtual int __thiscall CView::PreCreateWindow(struct tagCREATESTRUCTA &)|nafxcw|viewcore.obj|object_matcher:unique:high (accepted 2026-07)
0x00613d76|CView::OnCreate|?OnCreate@CView@@IAEHPAUtagCREATESTRUCTA@@@Z|protected: int __thiscall CView::OnCreate(struct tagCREATESTRUCTA *)|nafxcw|viewcore.obj|object_matcher:unique:high (accepted 2026-07)
0x00613da6|CView::OnDestroy|?OnDestroy@CView@@IAEXXZ|protected: void __thiscall CView::OnDestroy(void)|nafxcw|viewcore.obj|object_matcher:unique:high (accepted 2026-07)
0x00613dd5|CView::PostNcDestroy|?PostNcDestroy@CView@@MAEXXZ|protected: virtual void __thiscall CView::PostNcDestroy(void)|nafxcw|viewcore.obj|cincludeview_vtable_0x648418_slot_off0xac_recomp_pdb+afxwin_cview_order;does_delete_this
0x00613e49|CView::OnCmdMsg|?OnCmdMsg@CView@@MAEHIHPAXPAUAFX_CMDHANDLERINFO@@@Z|protected: virtual int __thiscall CView::OnCmdMsg(unsigned int, int, void *, struct AFX_CMDHANDLERINFO *)|nafxcw|viewcore.obj|object_matcher:unique:high (accepted 2026-07)
0x00613eb0|CView::OnPaint|?OnPaint@CView@@IAEXXZ|protected: void __thiscall CView::OnPaint(void)|nafxcw|viewcore.obj|object_matcher:unique:high (accepted 2026-07)
0x00613f04|CView::OnInitialUpdate|?OnInitialUpdate@CView@@UAEXXZ|public: virtual void __thiscall CView::OnInitialUpdate(void)|nafxcw|viewcore.obj|object_matcher:unique:high (accepted 2026-07)
0x00613f12|CView::OnUpdate|?OnUpdate@CView@@MAEXPAV1@JPAVCObject@@@Z|protected: virtual void __thiscall CView::OnUpdate(class CView *, long, class CObject *)|nafxcw|viewcore.obj|object_matcher:unique:high (accepted 2026-07)
0x00613f22|CView::OnPrint|?OnPrint@CView@@MAEXPAVCDC@@PAUCPrintInfo@@@Z|protected: virtual void __thiscall CView::OnPrint(class CDC *, struct CPrintInfo *)|nafxcw|viewcore.obj|object_matcher:unique:high (accepted 2026-07)
0x00613f34|CView::IsSelected|?IsSelected@CView@@UBEHPBVCObject@@@Z|public: virtual int __thiscall CView::IsSelected(class CObject const *)const|nafxcw|viewcore.obj|cincludeview_vtable_0x648418_slot_off0xc0_recomp_pdb+afxwin_cview_order
0x00613f39|CView::OnActivateView|?OnActivateView@CView@@MAEXHPAV1@0@Z|protected: virtual void __thiscall CView::OnActivateView(int, class CView *, class CView *)|nafxcw|viewcore.obj|oracle_unique_high_relocation_masked_match;review_reason_invented_name_referenced_in_source:manual refs are real MFC/CRT API calls or same-named game-class methods (no linkage to this address's stub); free-fn externs migrated (ftol->_ftol in TAmtBar, AppendPointerToGlobalVectorAsStatus->atexit in TDiplomacyMapView)
0x00613f57|CView::OnActivateFrame|?OnActivateFrame@CView@@MAEXIPAVCFrameWnd@@@Z|protected: virtual void __thiscall CView::OnActivateFrame(unsigned int,class CFrameWnd *)|nafxcw|viewcore.obj|cincludeview_vtable_0x648418_slot_off0xf0_recomp_pdb+afxwin_cview_order
0x00613f5a|CView::OnMouseActivate|?OnMouseActivate@CView@@IAEHPAVCWnd@@II@Z|protected: int __thiscall CView::OnMouseActivate(class CWnd *, unsigned int, unsigned int)|nafxcw|viewcore.obj|object_matcher:unique:high (accepted 2026-07)
0x00613fc7|CView::OnScroll|?OnScroll@CView@@UAEHIIH@Z|public: virtual int __thiscall CView::OnScroll(unsigned int,unsigned int,int)|nafxcw|viewcore.obj|cincludeview_vtable_0x648418_slot_off0xc4_recomp_pdb+afxwin_cview_order
0x00613fcc|CView::OnScrollBy|?OnScrollBy@CView@@UAEHVCSize@@H@Z|public: virtual int __thiscall CView::OnScrollBy(class CSize,int)|nafxcw|viewcore.obj|cincludeview_vtable_0x648418_slot_off0xc8_recomp_pdb+afxwin_cview_order
0x00613fd1|CView::OnDragScroll|?OnDragScroll@CView@@UAEKKVCPoint@@@Z|public: virtual unsigned long __thiscall CView::OnDragScroll(unsigned long,class CPoint)|nafxcw|viewcore.obj|cincludeview_vtable_0x648418_slot_off0xe0_recomp_pdb+afxwin_cview_order
0x00613fd9|CView::OnDragEnter|?OnDragEnter@CView@@UAEKPAVCOleDataObject@@KVCPoint@@@Z|public: virtual unsigned long __thiscall CView::OnDragEnter(class COleDataObject *,unsigned long,class CPoint)|nafxcw|viewcore.obj|cincludeview_vtable_0x648418_slot_off0xcc_recomp_pdb+afxwin_cview_order
0x00613fde|CView::OnDragOver|?OnDragOver@CView@@UAEKPAVCOleDataObject@@KVCPoint@@@Z|public: virtual unsigned long __thiscall CView::OnDragOver(class COleDataObject *,unsigned long,class CPoint)|nafxcw|viewcore.obj|cincludeview_vtable_0x648418_slot_off0xd0_recomp_pdb+afxwin_cview_order
0x00613fe3|CView::OnDrop|?OnDrop@CView@@UAEHPAVCOleDataObject@@KVCPoint@@@Z|public: virtual int __thiscall CView::OnDrop(class COleDataObject *,unsigned long,class CPoint)|nafxcw|viewcore.obj|cincludeview_vtable_0x648418_slot_off0xd8_recomp_pdb+afxwin_cview_order
0x00613fe8|CView::OnDropEx|?OnDropEx@CView@@UAEKPAVCOleDataObject@@KKVCPoint@@@Z|public: virtual unsigned long __thiscall CView::OnDropEx(class COleDataObject *,unsigned long,unsigned long,class CPoint)|nafxcw|viewcore.obj|cincludeview_vtable_0x648418_slot_off0xdc_recomp_pdb+afxwin_cview_order
0x00613fee|CView::OnDragLeave|?OnDragLeave@CView@@UAEXXZ|public: virtual void __thiscall CView::OnDragLeave(void)|nafxcw|viewcore.obj|cincludeview_vtable_0x648418_slot_off0xd4_recomp_pdb+afxwin_cview_order
0x00613fef|CView::GetParentSplitter|?GetParentSplitter@CView@@SGPAVCSplitterWnd@@PBVCWnd@@H@Z|public: static class CSplitterWnd * __stdcall CView::GetParentSplitter(class CWnd const *, int)|nafxcw|viewcore.obj|object_matcher:unique:high (accepted 2026-07)
0x0061404d|CView::GetScrollBarCtrl|?GetScrollBarCtrl@CView@@UBEPAVCScrollBar@@H@Z|public: virtual class CScrollBar * __thiscall CView::GetScrollBarCtrl(int)const|nafxcw|viewcore.obj|cincludeview_vtable_0x648418_slot_off0x70_recomp_pdb+afxwin_cview_order;alignment_validated_by_green_slots_OnPrepareDC/OnUpdate/OnPrint;both_vtables_68slots
0x0061416e|CView::OnPrepareDC|?OnPrepareDC@CView@@UAEXPAVCDC@@PAUCPrintInfo@@@Z|public: virtual void __thiscall CView::OnPrepareDC(class CDC *, struct CPrintInfo *)|nafxcw|viewcore.obj|object_matcher:unique:high (accepted 2026-07)
0x00614193|CView::OnPreparePrinting|?OnPreparePrinting@CView@@MAEHPAUCPrintInfo@@@Z|protected: virtual int __thiscall CView::OnPreparePrinting(struct CPrintInfo *)|nafxcw|viewprnt.obj|cincludeview_vtable_0x648418_slot_off0xfc_recomp_pdb+afxwin_cview_order
0x00614199|CView::OnBeginPrinting|?OnBeginPrinting@CView@@MAEXPAVCDC@@PAUCPrintInfo@@@Z|protected: virtual void __thiscall CView::OnBeginPrinting(class CDC *,struct CPrintInfo *)|nafxcw|viewprnt.obj|cincludeview_vtable_0x648418_slot_off0x100_recomp_pdb+afxwin_cview_order
0x0061419c|CView::OnEndPrinting|?OnEndPrinting@CView@@MAEXPAVCDC@@PAUCPrintInfo@@@Z|protected: virtual void __thiscall CView::OnEndPrinting(class CDC *,struct CPrintInfo *)|nafxcw|viewprnt.obj|cincludeview_vtable_0x648418_slot_off0x108_recomp_pdb+afxwin_cview_order
0x0061419f|CView::OnEndPrintPreview|?OnEndPrintPreview@CView@@MAEXPAVCDC@@PAUCPrintInfo@@UtagPOINT@@PAVCPreviewView@@@Z|protected: virtual void __thiscall CView::OnEndPrintPreview(class CDC *,struct CPrintInfo *,struct tagPOINT,class CPreviewView *)|nafxcw|viewprnt.obj|cincludeview_vtable_0x648418_slot_off0x10c_recomp_pdb+afxwin_cview_order
0x006142dc|CCtrlView::PreCreateWindow|?PreCreateWindow@CCtrlView@@MAEHAAUtagCREATESTRUCTA@@@Z|protected: virtual int __thiscall CCtrlView::PreCreateWindow(struct tagCREATESTRUCTA &)|nafxcw|viewcore.obj|object_matcher:unique:high (accepted 2026-07)
0x00614331|AfxCustomLogFont|?AfxCustomLogFont@@YGHIPAUtagLOGFONTA@@@Z|int __stdcall AfxCustomLogFont(unsigned int, struct tagLOGFONTA *)|nafxcw|winutil.obj|object_matcher:unique:high (accepted 2026-07)
0x006143a9|_AfxIsComboBoxControl|?_AfxIsComboBoxControl@@YGHPAUHWND__@@I@Z|int __stdcall _AfxIsComboBoxControl(struct HWND__*, unsigned int)|nafxcw|winutil.obj|object_matcher:unique:high (accepted 2026-07)
0x006143f3|_AfxCompareClassName|?_AfxCompareClassName@@YGHPAUHWND__@@PBD@Z|int __stdcall _AfxCompareClassName(struct HWND__*, char const *)|nafxcw|winutil.obj|object_matcher:unique:high (accepted 2026-07)
0x0061441e|_AfxChildWindowFromPoint|?_AfxChildWindowFromPoint@@YGPAUHWND__@@PAU1@UtagPOINT@@@Z|struct HWND__* __stdcall _AfxChildWindowFromPoint(struct HWND__*, struct tagPOINT)|nafxcw|winutil.obj|object_matcher:unique:high (accepted 2026-07)
0x00614493|AfxSetWindowText|?AfxSetWindowText@@YGXPAUHWND__@@PBD@Z|void __stdcall AfxSetWindowText(struct HWND__*, char const *)|nafxcw|winutil.obj|object_matcher:unique:high (accepted 2026-07)
0x006144eb|AfxDeleteObject|?AfxDeleteObject@@YGXPAPAX@Z|void __stdcall AfxDeleteObject(void **)|nafxcw|winutil.obj|object_matcher:unique:high (accepted 2026-07)
0x00614504|AfxCancelModes|?AfxCancelModes@@YGXPAUHWND__@@@Z|void __stdcall AfxCancelModes(struct HWND__*)|nafxcw|winutil.obj|object_matcher:unique:high (accepted 2026-07)
0x0061457b|AfxGlobalFree|?AfxGlobalFree@@YGXPAX@Z|void __stdcall AfxGlobalFree(void *)|nafxcw|winutil.obj|object_matcher:unique:high (accepted 2026-07)
0x00614603|CDocManager::OpenDocumentFile|?OpenDocumentFile@CDocManager@@UAEPAVCDocument@@PBD@Z|public: virtual class CDocument * __thiscall CDocManager::OpenDocumentFile(char const *)|nafxcw|docmgr.obj|object_matcher:unique:high (accepted 2026-07)
0x00614744|CDocManager::GetOpenDocumentCount|?GetOpenDocumentCount@CDocManager@@UAEHXZ|public: virtual int __thiscall CDocManager::GetOpenDocumentCount(void)|nafxcw|docmgr.obj|object_matcher:unique:high (accepted 2026-07)
0x00614790|CDocTemplate::CDocTemplate|??0CDocTemplate@@IAE@IPAUCRuntimeClass@@00@Z|protected: __thiscall CDocTemplate::CDocTemplate(unsigned int, struct CRuntimeClass *, struct CRuntimeClass *, struct CRuntimeClass *)|nafxcw|doctempl.obj|object_matcher:unique:high (accepted 2026-07)
0x00614893|CDocTemplate::`scalar deleting dtor'|??_GCDocTemplate@@UAEPAXI@Z|public: virtual void * __thiscall CDocTemplate::`scalar deleting dtor'(unsigned int)|nafxcw|doctempl.obj|object_matcher:unique-via-existing:high (accepted 2026-07)
0x006148af|CDocTemplate::LoadTemplate|?LoadTemplate@CDocTemplate@@UAEXXZ|public: virtual void __thiscall CDocTemplate::LoadTemplate(void)|nafxcw|doctempl.obj|oracle_unique_high_relocation_masked_match;review_reason_invented_name_referenced_in_source:manual refs are real MFC/CRT API calls or same-named game-class methods (no linkage to this address's stub); free-fn externs migrated (ftol->_ftol in TAmtBar, AppendPointerToGlobalVectorAsStatus->atexit in TDiplomacyMapView)
0x0061499c|CDocTemplate::~CDocTemplate|??1CDocTemplate@@UAE@XZ|public: virtual __thiscall CDocTemplate::~CDocTemplate(void)|nafxcw|doctempl.obj|object_matcher:unique:high (accepted 2026-07)
0x00614a04|CDocTemplate::GetDocString|?GetDocString@CDocTemplate@@UBEHAAVCString@@W4DocStringIndex@1@@Z|public: virtual int __thiscall CDocTemplate::GetDocString(class CString &, enum CDocTemplate::DocStringIndex) const|nafxcw|doctempl.obj|oracle_unique_high_relocation_masked_match;review_reason_invented_name_referenced_in_source:manual refs are real MFC/CRT API calls or same-named game-class methods (no linkage to this address's stub); free-fn externs migrated (ftol->_ftol in TAmtBar, AppendPointerToGlobalVectorAsStatus->atexit in TDiplomacyMapView)
0x00614a19|CDocTemplate::AddDocument|?AddDocument@CDocTemplate@@UAEXPAVCDocument@@@Z|public: virtual void __thiscall CDocTemplate::AddDocument(class CDocument *)|nafxcw|doctempl.obj|oracle_unique_high_match_below_min_convert_size;hand_verified_disasm:pDoc->m_pDocTemplate(+0x24)=this
0x00614a23|CDocTemplate::RemoveDocument|?RemoveDocument@CDocTemplate@@UAEXPAVCDocument@@@Z|public: virtual void __thiscall CDocTemplate::RemoveDocument(class CDocument *)|nafxcw|doctempl.obj|oracle_unique_high_match_below_min_convert_size;hand_verified_disasm:pDoc->m_pDocTemplate(+0x24)=0
0x00614a2e|CDocTemplate::MatchDocType|?MatchDocType@CDocTemplate@@UAE?AW4Confidence@1@PBDAAPAVCDocument@@@Z|public: virtual enum CDocTemplate::Confidence __thiscall CDocTemplate::MatchDocType(char const *, class CDocument *&)|nafxcw|doctempl.obj|object_matcher:unique:high (accepted 2026-07)
0x00614aeb|CDocTemplate::CreateNewDocument|?CreateNewDocument@CDocTemplate@@UAEPAVCDocument@@XZ|public: virtual class CDocument * __thiscall CDocTemplate::CreateNewDocument(void)|nafxcw|doctempl.obj|oracle_unique_high_relocation_masked_match;review_reason_invented_name_referenced_in_source:manual refs are real MFC/CRT API calls or same-named game-class methods (no linkage to this address's stub); free-fn externs migrated (ftol->_ftol in TAmtBar, AppendPointerToGlobalVectorAsStatus->atexit in TDiplomacyMapView)
0x00614b12|CDocTemplate::CreateNewFrame|?CreateNewFrame@CDocTemplate@@UAEPAVCFrameWnd@@PAVCDocument@@PAV2@@Z|public: virtual class CFrameWnd * __thiscall CDocTemplate::CreateNewFrame(class CDocument *, class CFrameWnd *)|nafxcw|doctempl.obj|oracle_unique_high_relocation_masked_match;review_reason_invented_name_referenced_in_source:manual refs are real MFC/CRT API calls or same-named game-class methods (no linkage to this address's stub); free-fn externs migrated (ftol->_ftol in TAmtBar, AppendPointerToGlobalVectorAsStatus->atexit in TDiplomacyMapView)
0x00614b7b|CDocTemplate::CreateOleFrame|?CreateOleFrame@CDocTemplate@@QAEPAVCFrameWnd@@PAVCWnd@@PAVCDocument@@H@Z|public: class CFrameWnd * __thiscall CDocTemplate::CreateOleFrame(class CWnd *, class CDocument *, int)|nafxcw|doctempl.obj|object_matcher:unique:high (accepted 2026-07)
0x00614bef|CDocTemplate::InitialUpdateFrame|?InitialUpdateFrame@CDocTemplate@@UAEXPAVCFrameWnd@@PAVCDocument@@H@Z|public: virtual void __thiscall CDocTemplate::InitialUpdateFrame(class CFrameWnd *, class CDocument *, int)|nafxcw|doctempl.obj|object_matcher:unique:high (accepted 2026-07)
0x00614c03|CDocTemplate::SaveAllModified|?SaveAllModified@CDocTemplate@@UAEHXZ|public: virtual int __thiscall CDocTemplate::SaveAllModified(void)|nafxcw|doctempl.obj|object_matcher:unique:high (accepted 2026-07)
0x00614c41|CDocTemplate::CloseAllDocuments|?CloseAllDocuments@CDocTemplate@@UAEXH@Z|public: virtual void __thiscall CDocTemplate::CloseAllDocuments(int)|nafxcw|doctempl.obj|oracle_unique_high_relocation_masked_match;review_reason_invented_name_referenced_in_source:manual refs are real MFC/CRT API calls or same-named game-class methods (no linkage to this address's stub); free-fn externs migrated (ftol->_ftol in TAmtBar, AppendPointerToGlobalVectorAsStatus->atexit in TDiplomacyMapView)
0x00614c76|CDocTemplate::OnIdle|?OnIdle@CDocTemplate@@UAEXXZ|public: virtual void __thiscall CDocTemplate::OnIdle(void)|nafxcw|doctempl.obj|object_matcher:unique:high (accepted 2026-07)
0x00614ca9|CDocTemplate::OnCmdMsg|?OnCmdMsg@CDocTemplate@@UAEHIHPAXPAUAFX_CMDHANDLERINFO@@@Z|public: virtual int __thiscall CDocTemplate::OnCmdMsg(unsigned int, int, void *, struct AFX_CMDHANDLERINFO *)|nafxcw|doctempl.obj|oracle_unique_high_relocation_masked_match;review_reason_invented_name_referenced_in_source:manual refs are real MFC/CRT API calls or same-named game-class methods (no linkage to this address's stub); free-fn externs migrated (ftol->_ftol in TAmtBar, AppendPointerToGlobalVectorAsStatus->atexit in TDiplomacyMapView)
0x00614cfa|_AfxGetMouseScrollLines|?_AfxGetMouseScrollLines@@YAIH@Z|unsigned int __cdecl _AfxGetMouseScrollLines(int)|nafxcw|viewscrl.obj|object_matcher:unique:high (accepted 2026-07)
0x00614e71|CScrollView::CScrollView|??0CScrollView@@IAE@XZ|protected: __thiscall CScrollView::CScrollView(void)|nafxcw|viewscrl.obj|object_matcher:unique:high (accepted 2026-07)
0x00614ebf|CScrollView::OnPrepareDC|?OnPrepareDC@CScrollView@@UAEXPAVCDC@@PAUCPrintInfo@@@Z|public: virtual void __thiscall CScrollView::OnPrepareDC(class CDC *, struct CPrintInfo *)|nafxcw|viewscrl.obj|object_matcher:unique:high (accepted 2026-07)
0x00614f95|CScrollView::SetScaleToFitSize|?SetScaleToFitSize@CScrollView@@QAEXUtagSIZE@@@Z|public: void __thiscall CScrollView::SetScaleToFitSize(struct tagSIZE)|nafxcw|viewscrl.obj|object_matcher:unique:high (accepted 2026-07)
0x00615020|CScrollView::SetScrollSizes|?SetScrollSizes@CScrollView@@QAEXHUtagSIZE@@ABU2@1@Z|public: void __thiscall CScrollView::SetScrollSizes(int, struct tagSIZE, struct tagSIZE const &, struct tagSIZE const &)|nafxcw|viewscrl.obj|object_matcher:unique:high (accepted 2026-07)
0x00615152|CScrollView::GetScrollPosition|?GetScrollPosition@CScrollView@@QBE?AVCPoint@@XZ|public: class CPoint __thiscall CScrollView::GetScrollPosition(void) const|nafxcw|viewscrl.obj|object_matcher:unique:high (accepted 2026-07)
0x006151d6|CScrollView::ScrollToPosition|?ScrollToPosition@CScrollView@@QAEXUtagPOINT@@@Z|public: void __thiscall CScrollView::ScrollToPosition(struct tagPOINT)|nafxcw|viewscrl.obj|object_matcher:unique:high (accepted 2026-07)
0x00615277|CScrollView::GetDeviceScrollPosition|?GetDeviceScrollPosition@CScrollView@@QBE?AVCPoint@@XZ|public: class CPoint __thiscall CScrollView::GetDeviceScrollPosition(void) const|nafxcw|viewscrl.obj|object_matcher:unique:high (accepted 2026-07)
0x00615329|CScrollView::ScrollToDevicePosition|?ScrollToDevicePosition@CScrollView@@IAEXUtagPOINT@@@Z|protected: void __thiscall CScrollView::ScrollToDevicePosition(struct tagPOINT)|nafxcw|viewscrl.obj|object_matcher:unique:high (accepted 2026-07)
0x0061537b|CScrollView::FillOutsideRect|?FillOutsideRect@CScrollView@@QAEXPAVCDC@@PAVCBrush@@@Z|public: void __thiscall CScrollView::FillOutsideRect(class CDC *, class CBrush *)|nafxcw|viewscrl.obj|object_matcher:unique:high (accepted 2026-07)
0x006153fe|CScrollView::ResizeParentToFit|?ResizeParentToFit@CScrollView@@QAEXH@Z|public: void __thiscall CScrollView::ResizeParentToFit(int)|nafxcw|viewscrl.obj|object_matcher:unique:high (accepted 2026-07)
0x00615517|CScrollView::OnSize|?OnSize@CScrollView@@QAEXIHH@Z|public: void __thiscall CScrollView::OnSize(unsigned int, int, int)|nafxcw|viewscrl.obj|oracle_unique_high_relocation_masked_match;review_reason_invented_name_referenced_in_source:manual refs are real MFC/CRT API calls or same-named game-class methods (no linkage to this address's stub); free-fn externs migrated (ftol->_ftol in TAmtBar, AppendPointerToGlobalVectorAsStatus->atexit in TDiplomacyMapView)
0x0061553f|CScrollView::CenterOnPoint|?CenterOnPoint@CScrollView@@IAEXVCPoint@@@Z|protected: void __thiscall CScrollView::CenterOnPoint(class CPoint)|nafxcw|viewscrl.obj|object_matcher:unique:high (accepted 2026-07)
0x006155ed|CScrollView::GetScrollBarSizes|?GetScrollBarSizes@CScrollView@@IAEXAAVCSize@@@Z|protected: void __thiscall CScrollView::GetScrollBarSizes(class CSize &)|nafxcw|viewscrl.obj|object_matcher:unique:high (accepted 2026-07)
0x00615647|CScrollView::GetTrueClientSize|?GetTrueClientSize@CScrollView@@IAEHAAVCSize@@0@Z|protected: int __thiscall CScrollView::GetTrueClientSize(class CSize &, class CSize &)|nafxcw|viewscrl.obj|object_matcher:unique:high (accepted 2026-07)
0x006156bc|CScrollView::GetScrollBarState|?GetScrollBarState@CScrollView@@IAEXVCSize@@AAV2@1AAVCPoint@@H@Z|protected: void __thiscall CScrollView::GetScrollBarState(class CSize, class CSize &, class CSize &, class CPoint &, int)|nafxcw|viewscrl.obj|object_matcher:unique:high (accepted 2026-07)
0x00615778|CScrollView::UpdateBars|?UpdateBars@CScrollView@@IAEXXZ|protected: void __thiscall CScrollView::UpdateBars(void)|nafxcw|viewscrl.obj|object_matcher:unique:high (accepted 2026-07)
0x006158ee|CScrollView::CalcWindowRect|?CalcWindowRect@CScrollView@@UAEXPAUtagRECT@@I@Z|public: virtual void __thiscall CScrollView::CalcWindowRect(struct tagRECT *, unsigned int)|nafxcw|viewscrl.obj|oracle_unique_high_relocation_masked_match;review_reason_invented_name_referenced_in_source:manual refs are real MFC/CRT API calls or same-named game-class methods (no linkage to this address's stub); free-fn externs migrated (ftol->_ftol in TAmtBar, AppendPointerToGlobalVectorAsStatus->atexit in TDiplomacyMapView)
0x00615975|CScrollView::OnHScroll|?OnHScroll@CScrollView@@QAEXIIPAVCScrollBar@@@Z|public: void __thiscall CScrollView::OnHScroll(unsigned int, unsigned int, class CScrollBar *)|nafxcw|viewscrl.obj|object_matcher:unique:high (accepted 2026-07)
0x006159b9|CScrollView::OnVScroll|?OnVScroll@CScrollView@@QAEXIIPAVCScrollBar@@@Z|public: void __thiscall CScrollView::OnVScroll(unsigned int, unsigned int, class CScrollBar *)|nafxcw|viewscrl.obj|oracle_unique_high_relocation_masked_match;review_reason_invented_name_referenced_in_source:manual refs are real MFC/CRT API calls or same-named game-class methods (no linkage to this address's stub); free-fn externs migrated (ftol->_ftol in TAmtBar, AppendPointerToGlobalVectorAsStatus->atexit in TDiplomacyMapView)
0x00615a00|CScrollView::OnMouseWheel|?OnMouseWheel@CScrollView@@QAEHIFVCPoint@@@Z|public: int __thiscall CScrollView::OnMouseWheel(unsigned int, short, class CPoint)|nafxcw|viewscrl.obj|object_matcher:unique:high (accepted 2026-07)
0x00615a34|CScrollView::DoMouseWheel|?DoMouseWheel@CScrollView@@QAEHIFVCPoint@@@Z|public: int __thiscall CScrollView::DoMouseWheel(unsigned int, short, class CPoint)|nafxcw|viewscrl.obj|object_matcher:unique:high (accepted 2026-07)
0x00615b58|CScrollView::OnScroll|?OnScroll@CScrollView@@UAEHIIH@Z|public: virtual int __thiscall CScrollView::OnScroll(unsigned int, unsigned int, int)|nafxcw|viewscrl.obj|object_matcher:unique:high (accepted 2026-07)
0x00615c28|CScrollView::OnScrollBy|?OnScrollBy@CScrollView@@UAEHVCSize@@H@Z|public: virtual int __thiscall CScrollView::OnScrollBy(class CSize, int)|nafxcw|viewscrl.obj|object_matcher:unique:high (accepted 2026-07)
0x00615d2b|CArchiveException::GetErrorMessage|?GetErrorMessage@CArchiveException@@UAEHPADIPAI@Z|public: virtual int __thiscall CArchiveException::GetErrorMessage(char *, unsigned int, unsigned int *)|nafxcw|arcex.obj|object_matcher:unique:high (accepted 2026-07)
0x00615dcb|AfxThrowArchiveException|?AfxThrowArchiveException@@YGXHPBD@Z|void __stdcall AfxThrowArchiveException(int, char const *)|nafxcw|arcex.obj|object_matcher:unique:high (accepted 2026-07)
0x0061842f|CWinApp::OnFileNew|?OnFileNew@CWinApp@@IAEXXZ|protected: void __thiscall CWinApp::OnFileNew(void)|nafxcw|appdlg.obj|object_matcher:unique:high (accepted 2026-07)
0x0061844a|CWinApp::DoPromptFileName|?DoPromptFileName@CWinApp@@QAEHAAVCString@@IKHPAVCDocTemplate@@@Z|public: int __thiscall CWinApp::DoPromptFileName(class CString &, unsigned int, unsigned long, int, class CDocTemplate *)|nafxcw|appdlg.obj|object_matcher:unique:high (accepted 2026-07)
0x0061846b|CWinApp::HideApplication|?HideApplication@CWinApp@@QAEXXZ|public: void __thiscall CWinApp::HideApplication(void)|nafxcw|appui.obj|object_matcher:unique:high (accepted 2026-07)
0x0061849d|CWinApp::DoWaitCursor|?DoWaitCursor@CWinApp@@UAEXH@Z|public: virtual void __thiscall CWinApp::DoWaitCursor(int)|nafxcw|apphelp.obj|imperialismapp_vtable_0x63e2d0_slot_off98_recomp_pdb+afxwin_order
0x006184fc|CWinApp::EnableModeless|?EnableModeless@CWinApp@@QAEXH@Z|public: void __thiscall CWinApp::EnableModeless(int)|nafxcw|appui.obj|object_matcher:unique:high (accepted 2026-07)
0x0061852a|CWinApp::DoMessageBox|?DoMessageBox@CWinApp@@UAEHPBDII@Z|public: virtual int __thiscall CWinApp::DoMessageBox(char const *, unsigned int, unsigned int)|nafxcw|appui.obj|object_matcher:unique:high (accepted 2026-07)
0x006185e4|AfxMessageBox|?AfxMessageBox@@YGHPBDII@Z|int __stdcall AfxMessageBox(char const *, unsigned int, unsigned int)|nafxcw|appui.obj|object_matcher:unique:high (accepted 2026-07)
0x00618605|AfxMessageBox|?AfxMessageBox@@YGHIII@Z|int __stdcall AfxMessageBox(unsigned int, unsigned int, unsigned int)|nafxcw|appui.obj|object_matcher:unique:high (accepted 2026-07)
0x006186a4|CWinApp::SaveAllModified|?SaveAllModified@CWinApp@@UAEHXZ|public: virtual int __thiscall CWinApp::SaveAllModified(void)|nafxcw|appui.obj|object_matcher:unique:high (accepted 2026-07)
0x006186b7|CWinApp::AddToRecentFileList|?AddToRecentFileList@CWinApp@@UAEXPBD@Z|public: virtual void __thiscall CWinApp::AddToRecentFileList(char const *)|nafxcw|apphelp.obj|imperialismapp_vtable_0x63e2d0_slot_off88_recomp_pdb+afxwin_order
0x006186f2|CWinApp::OpenDocumentFile|?OpenDocumentFile@CWinApp@@UAEPAVCDocument@@PBD@Z|public: virtual class CDocument * __thiscall CWinApp::OpenDocumentFile(char const *)|nafxcw|appui.obj|object_matcher:unique:high (accepted 2026-07)
0x00618704|CWinApp::CloseAllDocuments|?CloseAllDocuments@CWinApp@@QAEXH@Z|public: void __thiscall CWinApp::CloseAllDocuments(int)|nafxcw|appui.obj|object_matcher:unique:high (accepted 2026-07)
0x0061873c|CWinApp::OnDDECommand|?OnDDECommand@CWinApp@@UAEHPAD@Z|public: virtual int __thiscall CWinApp::OnDDECommand(char *)|nafxcw|apphelp.obj|imperialismapp_vtable_0x63e2d0_slot_off9c_recomp_pdb+afxwin_order
0x0061878f|CWinApp::AddDocTemplate|?AddDocTemplate@CWinApp@@QAEXPAVCDocTemplate@@@Z|public: void __thiscall CWinApp::AddDocTemplate(class CDocTemplate *)|nafxcw|appui2.obj|oracle_unique_high_relocation_masked_match;review_reason_invented_name_referenced_in_source:manual refs are real MFC/CRT API calls or same-named game-class methods (no linkage to this address's stub); free-fn externs migrated (ftol->_ftol in TAmtBar, AppendPointerToGlobalVectorAsStatus->atexit in TDiplomacyMapView)
0x006187eb|CWinApp::GetFirstDocTemplatePosition|?GetFirstDocTemplatePosition@CWinApp@@QBEPAU__POSITION@@XZ|public: struct __POSITION * __thiscall CWinApp::GetFirstDocTemplatePosition(void) const|nafxcw|appui2.obj|object_matcher:unique:high (accepted 2026-07)
0x006187fd|CWinApp::GetNextDocTemplate|?GetNextDocTemplate@CWinApp@@QBEPAVCDocTemplate@@AAPAU__POSITION@@@Z|public: class CDocTemplate * __thiscall CWinApp::GetNextDocTemplate(struct __POSITION *&) const|nafxcw|appui2.obj|object_matcher:unique:high (accepted 2026-07)
0x0061880f|CWinApp::WriteProfileInt|?WriteProfileInt@CWinApp@@QAEHPBD0H@Z|public: int __thiscall CWinApp::WriteProfileInt(char const *, char const *, int)|nafxcw|appui3.obj|object_matcher:unique:high (accepted 2026-07)
0x00618884|CWinApp::WriteProfileStringA|?WriteProfileStringA@CWinApp@@QAEHPBD00@Z|public: int __thiscall CWinApp::WriteProfileStringA(char const *, char const *, char const *)|nafxcw|appui3.obj|object_matcher:unique:high (accepted 2026-07)
0x00618924|CWinApp::WriteProfileBinary|?WriteProfileBinary@CWinApp@@QAEHPBD0PAEI@Z|public: int __thiscall CWinApp::WriteProfileBinary(char const *, char const *, unsigned char *, unsigned int)|nafxcw|appui3.obj|object_matcher:unique:high (accepted 2026-07)
0x006189c5|CDataExchange::PrepareEditCtrl|?PrepareEditCtrl@CDataExchange@@QAEPAUHWND__@@H@Z|public: struct HWND__* __thiscall CDataExchange::PrepareEditCtrl(int)|nafxcw|dlgdata.obj|object_matcher:unique:high (accepted 2026-07)
0x006189dc|CDataExchange::PrepareCtrl|?PrepareCtrl@CDataExchange@@QAEPAUHWND__@@H@Z|public: struct HWND__* __thiscall CDataExchange::PrepareCtrl(int)|nafxcw|dlgdata.obj|object_matcher:unique:high (accepted 2026-07)
0x00618a0b|CDataExchange::Fail|?Fail@CDataExchange@@QAEXXZ|public: void __thiscall CDataExchange::Fail(void)|nafxcw|dlgdata.obj|object_matcher:unique:high (accepted 2026-07)
0x00618a40|DDX_Text|?DDX_Text@@YGXPAVCDataExchange@@HAAE@Z|void __stdcall DDX_Text(class CDataExchange *, int, unsigned char &)|nafxcw|dlgdata.obj|object_matcher:unique:high (accepted 2026-07)
0x00618bc6|DDX_Text|?DDX_Text@@YGXPAVCDataExchange@@HAAF@Z|void __stdcall DDX_Text(class CDataExchange *, int, short &)|nafxcw|dlgdata.obj|object_matcher:unique:high (accepted 2026-07)
0x00618cbd|DDX_Text|?DDX_Text@@YGXPAVCDataExchange@@HAAVCString@@@Z|void __stdcall DDX_Text(class CDataExchange *, int, class CString &)|nafxcw|dlgdata.obj|object_matcher:unique:high (accepted 2026-07)
0x00618d0f|DDX_Check|?DDX_Check@@YGXPAVCDataExchange@@HAAH@Z|void __stdcall DDX_Check(class CDataExchange *, int, int &)|nafxcw|dlgdata.obj|oracle_unique_high_relocation_masked_match;review_reason_invented_name_referenced_in_source:manual refs are real MFC/CRT API calls or same-named game-class methods (no linkage to this address's stub); free-fn externs migrated (ftol->_ftol in TAmtBar, AppendPointerToGlobalVectorAsStatus->atexit in TDiplomacyMapView)
0x00618d61|DDX_Radio|?DDX_Radio@@YGXPAVCDataExchange@@HAAH@Z|void __stdcall DDX_Radio(class CDataExchange *, int, int &)|nafxcw|dlgdata.obj|object_matcher:unique:high (accepted 2026-07)
0x00618ec3|DDX_CBString|?DDX_CBString@@YGXPAVCDataExchange@@HAAVCString@@@Z|void __stdcall DDX_CBString(class CDataExchange *, int, class CString &)|nafxcw|dlgdata.obj|object_matcher:unique:high (accepted 2026-07)
0x00618f43|DDX_CBStringExact|?DDX_CBStringExact@@YGXPAVCDataExchange@@HAAVCString@@@Z|void __stdcall DDX_CBStringExact(class CDataExchange *, int, class CString &)|nafxcw|dlgdata.obj|object_matcher:unique:high (accepted 2026-07)
0x00618f94|DDX_LBIndex|?DDX_LBIndex@@YGXPAVCDataExchange@@HAAH@Z|void __stdcall DDX_LBIndex(class CDataExchange *, int, int &)|nafxcw|dlgdata.obj|object_matcher:unique:high (accepted 2026-07)
0x00618fd6|DDX_CBIndex|?DDX_CBIndex@@YGXPAVCDataExchange@@HAAH@Z|void __stdcall DDX_CBIndex(class CDataExchange *, int, int &)|nafxcw|dlgdata.obj|object_matcher:unique:high (accepted 2026-07)
0x00619018|DDX_Scroll|?DDX_Scroll@@YGXPAVCDataExchange@@HAAH@Z|void __stdcall DDX_Scroll(class CDataExchange *, int, int &)|nafxcw|dlgdata.obj|object_matcher:unique:high (accepted 2026-07)
0x00619053|DDV_MinMaxByte|?DDV_MinMaxByte@@YGXPAVCDataExchange@@EEE@Z|void __stdcall DDV_MinMaxByte(class CDataExchange *, unsigned char, unsigned char, unsigned char)|nafxcw|dlgdata.obj|object_matcher:unique:high (accepted 2026-07)
0x00619116|DDV_MinMaxShort|?DDV_MinMaxShort@@YGXPAVCDataExchange@@FFF@Z|void __stdcall DDV_MinMaxShort(class CDataExchange *, short, short, short)|nafxcw|dlgdata.obj|object_matcher:unique:high (accepted 2026-07)
0x006191f9|DDV_MaxChars|?DDV_MaxChars@@YGXPAVCDataExchange@@ABVCString@@H@Z|void __stdcall DDV_MaxChars(class CDataExchange *, class CString const &, int)|nafxcw|dlgdata.obj|object_matcher:unique:high (accepted 2026-07)
0x006192a1|DDX_Control|?DDX_Control@@YGXPAVCDataExchange@@HAAVCWnd@@@Z|void __stdcall DDX_Control(class CDataExchange *, int, class CWnd &)|nafxcw|dlgdata.obj|oracle_unique_high_relocation_masked_match;review_reason_invented_name_referenced_in_source:manual refs are real MFC/CRT API calls or same-named game-class methods (no linkage to this address's stub); free-fn externs migrated (ftol->_ftol in TAmtBar, AppendPointerToGlobalVectorAsStatus->atexit in TDiplomacyMapView)
0x006192ed|AfxFailMaxChars|?AfxFailMaxChars@@YGXPAVCDataExchange@@H@Z|void __stdcall AfxFailMaxChars(class CDataExchange *, int)|nafxcw|dlgdata.obj|object_matcher:unique:high (accepted 2026-07)
0x00619365|AfxFailRadio|?AfxFailRadio@@YGXPAVCDataExchange@@@Z|void __stdcall AfxFailRadio(class CDataExchange *)|nafxcw|dlgdata.obj|object_matcher:unique:high (accepted 2026-07)
0x006193c5|CWnd::OnHelp|?OnHelp@CWnd@@QAEXXZ|public: void __thiscall CWnd::OnHelp(void)|nafxcw|winfrmx.obj|object_matcher:unique:high (accepted 2026-07)
0x00619467|CFrameWnd::OnHelp|?OnHelp@CFrameWnd@@IAEXXZ|protected: void __thiscall CFrameWnd::OnHelp(void)|nafxcw|winfrmx.obj|object_matcher:unique:high (accepted 2026-07)
0x00619539|CFrameWnd::OnContextHelp|?OnContextHelp@CFrameWnd@@QAEXXZ|public: void __thiscall CFrameWnd::OnContextHelp(void)|nafxcw|winfrmx.obj|object_matcher:unique:high (accepted 2026-07)
0x006196e1|CFrameWnd::SetHelpCapture|?SetHelpCapture@CFrameWnd@@IAEPAUHWND__@@UtagPOINT@@PAH@Z|protected: struct HWND__* __thiscall CFrameWnd::SetHelpCapture(struct tagPOINT, int *)|nafxcw|winfrmx.obj|object_matcher:unique:high (accepted 2026-07)
0x006197f7|CFrameWnd::ProcessHelpMsg|?ProcessHelpMsg@CFrameWnd@@IAEHAAUtagMSG@@PAK@Z|protected: int __thiscall CFrameWnd::ProcessHelpMsg(struct tagMSG &, unsigned long *)|nafxcw|winfrmx.obj|object_matcher:unique:high (accepted 2026-07)
0x00619aac|CMemFile::CMemFile|??0CMemFile@@QAE@I@Z|public: __thiscall CMemFile::CMemFile(unsigned int)|nafxcw|filemem.obj|object_matcher:unique:high (accepted 2026-07)
0x00619adc|CMemFile::`scalar deleting dtor'|??_GCMemFile@@UAEPAXI@Z|public: virtual void * __thiscall CMemFile::`scalar deleting dtor'(unsigned int)|nafxcw|filemem.obj|object_matcher:unique-via-existing:high (accepted 2026-07)
0x00619af8|CMemFile::CMemFile|??0CMemFile@@QAE@PAEII@Z|public: __thiscall CMemFile::CMemFile(unsigned char *, unsigned int, unsigned int)|nafxcw|filemem.obj|object_matcher:unique:high (accepted 2026-07)
0x00619b34|CMemFile::Attach|?Attach@CMemFile@@QAEXPAEII@Z|public: void __thiscall CMemFile::Attach(unsigned char *, unsigned int, unsigned int)|nafxcw|filemem.obj|object_matcher:unique:high (accepted 2026-07)
0x00619b71|CMemFile::~CMemFile|??1CMemFile@@UAE@XZ|public: virtual __thiscall CMemFile::~CMemFile(void)|nafxcw|filemem.obj|object_matcher:unique:high (accepted 2026-07)
0x00619bca|CMemFile::Realloc|?Realloc@CMemFile@@MAEPAEPAEK@Z|protected: virtual unsigned char * __thiscall CMemFile::Realloc(unsigned char *, unsigned long)|nafxcw|filemem.obj|object_matcher:unique:high (accepted 2026-07)
0x00619c12|CMemFile::GrowFile|?GrowFile@CMemFile@@MAEXK@Z|protected: virtual void __thiscall CMemFile::GrowFile(unsigned long)|nafxcw|filemem.obj|object_matcher:unique:high (accepted 2026-07)
0x00619c6b|CMemFile::SetLength|?SetLength@CMemFile@@UAEXK@Z|public: virtual void __thiscall CMemFile::SetLength(unsigned long)|nafxcw|filemem.obj|object_matcher:unique:high (accepted 2026-07)
0x00619ccf|CMemFile::Write|?Write@CMemFile@@UAEXPBXI@Z|public: virtual void __thiscall CMemFile::Write(void const *, unsigned int)|nafxcw|filemem.obj|object_matcher:unique:high (accepted 2026-07)
0x00619d11|CMemFile::Seek|?Seek@CMemFile@@UAEJJI@Z|public: virtual long __thiscall CMemFile::Seek(long, unsigned int)|nafxcw|filemem.obj|object_matcher:unique:high (accepted 2026-07)
0x00619d58|CMemFile::Close|?Close@CMemFile@@UAEXXZ|public: virtual void __thiscall CMemFile::Close(void)|nafxcw|filemem.obj|object_matcher:unique:high (accepted 2026-07)
0x00619d9f|CMemFile::GetBufferPtr|?GetBufferPtr@CMemFile@@UAEIIIPAPAX0@Z|public: virtual unsigned int __thiscall CMemFile::GetBufferPtr(unsigned int, unsigned int, void **, void **)|nafxcw|filemem.obj|object_matcher:unique:high (accepted 2026-07)
0x00619e4e|CNewTypeDlg::OnInitDialog|?OnInitDialog@CNewTypeDlg@@MAEHXZ|protected: virtual int __thiscall CNewTypeDlg::OnInitDialog(void)|nafxcw|docmgr.obj|object_matcher:unique:high(candidates=1);in_dense_library_range(0x5e539c-0x626c7d)|LIBRARY
0x00619faa|CDocManager::AddDocTemplate|?AddDocTemplate@CDocManager@@UAEXPAVCDocTemplate@@@Z|public: virtual void __thiscall CDocManager::AddDocTemplate(class CDocTemplate *)|nafxcw|docmgr.obj|object_matcher:unique:high (accepted 2026-07)
0x0061a027|CDocManager::SaveAllModified|?SaveAllModified@CDocManager@@UAEHXZ|public: virtual int __thiscall CDocManager::SaveAllModified(void)|nafxcw|docmgr.obj|object_matcher:unique:high (accepted 2026-07)
0x0061a06a|CDocManager::DoPromptFileName|?DoPromptFileName@CDocManager@@UAEHAAVCString@@IKHPAVCDocTemplate@@@Z|public: virtual int __thiscall CDocManager::DoPromptFileName(class CString &, unsigned int, unsigned long, int, class CDocTemplate *)|nafxcw|docmgr.obj|object_matcher:unique:high (accepted 2026-07)
0x0061a2ef|CDocManager::OnDDECommand|?OnDDECommand@CDocManager@@UAEHPAD@Z|public: virtual int __thiscall CDocManager::OnDDECommand(char *)|nafxcw|docmgr.obj|object_matcher:unique:high (accepted 2026-07)
0x0061a8dd|CDocManager::OnFileNew|?OnFileNew@CDocManager@@UAEXXZ|public: virtual void __thiscall CDocManager::OnFileNew(void)|nafxcw|docmgr.obj|object_matcher:unique:high (accepted 2026-07)
0x0061a9a9|CDocManager::OnFileOpen|?OnFileOpen@CDocManager@@UAEXXZ|public: virtual void __thiscall CDocManager::OnFileOpen(void)|nafxcw|docmgr.obj|object_matcher:unique:high (accepted 2026-07)
0x0061aa0e|AfxFormatStrings|?AfxFormatStrings@@YGXAAVCString@@IPBQBDH@Z|void __stdcall AfxFormatStrings(class CString &, unsigned int, char const *const *, int)|nafxcw|apphelp.obj|object_matcher:unique:high (accepted 2026-07)
0x0061aa48|AfxFormatStrings|?AfxFormatStrings@@YGXAAVCString@@PBDPBQBDH@Z|void __stdcall AfxFormatStrings(class CString &, char const *, char const *const *, int)|nafxcw|apphelp.obj|object_matcher:unique:high (accepted 2026-07)
0x0061ab47|AfxFormatString1|?AfxFormatString1@@YGXAAVCString@@IPBD@Z|void __stdcall AfxFormatString1(class CString &, unsigned int, char const *)|nafxcw|apphelp.obj|object_matcher:unique:high (accepted 2026-07)
0x0061ab5e|AfxFormatString2|?AfxFormatString2@@YGXAAVCString@@IPBD1@Z|void __stdcall AfxFormatString2(class CString &, unsigned int, char const *, char const *)|nafxcw|apphelp.obj|object_matcher:unique:high (accepted 2026-07)
0x0061c5dc|CFrameWnd::CFrameWnd|??0CFrameWnd@@QAE@XZ|public: __thiscall CFrameWnd::CFrameWnd(void)|nafxcw|winfrm.obj|oracle_unique_high_relocation_masked_match;review_reason_invented_name_referenced_in_source:manual refs are real MFC/CRT API calls or same-named game-class methods (no linkage to this address's stub); free-fn externs migrated (ftol->_ftol in TAmtBar, AppendPointerToGlobalVectorAsStatus->atexit in TDiplomacyMapView)
0x0061c6a2|CFrameWnd::`scalar deleting dtor'|??_GCFrameWnd@@UAEPAXI@Z|public: virtual void * __thiscall CFrameWnd::`scalar deleting dtor'(unsigned int)|nafxcw|winfrm.obj|object_matcher:unique-via-existing:high (accepted 2026-07)
0x0061c6be|CFrameWnd::~CFrameWnd|??1CFrameWnd@@UAE@XZ|public: virtual __thiscall CFrameWnd::~CFrameWnd(void)|nafxcw|winfrm.obj|object_matcher:unique:high (accepted 2026-07)
0x0061c725|CFrameWnd::AddFrameWnd|?AddFrameWnd@CFrameWnd@@IAEXXZ|protected: void __thiscall CFrameWnd::AddFrameWnd(void)|nafxcw|winfrm.obj|object_matcher:unique-via-existing:high (accepted 2026-07)
0x0061c749|CFrameWnd::RemoveFrameWnd|?RemoveFrameWnd@CFrameWnd@@IAEXXZ|protected: void __thiscall CFrameWnd::RemoveFrameWnd(void)|nafxcw|winfrm.obj|object_matcher:unique-via-existing:high (accepted 2026-07)
0x0061c76d|CFrameWnd::LoadAccelTable|?LoadAccelTable@CFrameWnd@@QAEHPBD@Z|public: int __thiscall CFrameWnd::LoadAccelTable(char const *)|nafxcw|winfrm.obj|object_matcher:unique:high (accepted 2026-07)
0x0061c793|CFrameWnd::GetDefaultAccelerator|?GetDefaultAccelerator@CFrameWnd@@UAEPAUHACCEL__@@XZ|public: virtual struct HACCEL__* __thiscall CFrameWnd::GetDefaultAccelerator(void)|nafxcw|winfrm.obj|object_matcher:unique:high (accepted 2026-07)
0x0061c7b7|CFrameWnd::PreTranslateMessage|?PreTranslateMessage@CFrameWnd@@UAEHPAUtagMSG@@@Z|public: virtual int __thiscall CFrameWnd::PreTranslateMessage(struct tagMSG *)|nafxcw|winfrm.obj|cmainframe_vtable_0x6488d8_slot_off0x98_recomp_pdb(??_7CMainFrame@@6B@)+afxwin_cframewnd_order;opcode_exact;fid_LIBRARY_annotation_agrees
0x0061c82e|CFrameWnd::PostNcDestroy|?PostNcDestroy@CFrameWnd@@MAEXXZ|protected: virtual void __thiscall CFrameWnd::PostNcDestroy(void)|nafxcw|winfrm.obj|cmainframe_vtable_0x6488d8_slot_off0xac_recomp_pdb(??_7CMainFrame@@6B@)+afxwin_cframewnd_order;byte_exact
0x0061c83a|CFrameWnd::OnPaletteChanged|?OnPaletteChanged@CFrameWnd@@IAEXPAVCWnd@@@Z|protected: void __thiscall CFrameWnd::OnPaletteChanged(class CWnd *)|nafxcw|winfrm.obj|oracle_unique_high_relocation_masked_match;review_reason_invented_name_referenced_in_source:manual refs are real MFC/CRT API calls or same-named game-class methods (no linkage to this address's stub); free-fn externs migrated (ftol->_ftol in TAmtBar, AppendPointerToGlobalVectorAsStatus->atexit in TDiplomacyMapView)
0x0061c856|CFrameWnd::OnQueryNewPalette|?OnQueryNewPalette@CFrameWnd@@IAEHXZ|protected: int __thiscall CFrameWnd::OnQueryNewPalette(void)|nafxcw|winfrm.obj|object_matcher:unique:high (accepted 2026-07)
0x0061c877|CFrameWnd::ExitHelpMode|?ExitHelpMode@CFrameWnd@@UAEXXZ|public: virtual void __thiscall CFrameWnd::ExitHelpMode(void)|nafxcw|winfrm.obj|object_matcher:unique:high (accepted 2026-07)
0x0061c8e2|CFrameWnd::OnSetCursor|?OnSetCursor@CFrameWnd@@IAEHPAVCWnd@@II@Z|protected: int __thiscall CFrameWnd::OnSetCursor(class CWnd *, unsigned int, unsigned int)|nafxcw|winfrm.obj|object_matcher:unique:high (accepted 2026-07)
0x0061c90c|CFrameWnd::OnCommandHelp|?OnCommandHelp@CFrameWnd@@IAEJIJ@Z|protected: long __thiscall CFrameWnd::OnCommandHelp(unsigned int, long)|nafxcw|winfrm.obj|object_matcher:unique:high (accepted 2026-07)
0x0061c976|CFrameWnd::OnCommand|?OnCommand@CFrameWnd@@MAEHIJ@Z|protected: virtual int __thiscall CFrameWnd::OnCommand(unsigned int, long)|nafxcw|winfrm.obj|object_matcher:unique:high (accepted 2026-07)
0x0061c9ed|AfxIsDescendant|?AfxIsDescendant@@YGHPAUHWND__@@0@Z|int __stdcall AfxIsDescendant(struct HWND__*, struct HWND__*)|nafxcw|winfrm.obj|object_matcher:unique:high (accepted 2026-07)
0x0061ca0d|CFrameWnd::BeginModalState|?BeginModalState@CFrameWnd@@UAEXXZ|public: virtual void __thiscall CFrameWnd::BeginModalState(void)|nafxcw|winfrm.obj|object_matcher:unique:high (accepted 2026-07)
0x0061cb3a|CFrameWnd::EndModalState|?EndModalState@CFrameWnd@@UAEXXZ|public: virtual void __thiscall CFrameWnd::EndModalState(void)|nafxcw|winfrm.obj|object_matcher:unique:high (accepted 2026-07)
0x0061cba9|CFrameWnd::ShowOwnedWindows|?ShowOwnedWindows@CFrameWnd@@QAEXH@Z|public: void __thiscall CFrameWnd::ShowOwnedWindows(int)|nafxcw|winfrm.obj|object_matcher:unique:high (accepted 2026-07)
0x0061cc4b|CFrameWnd::OnEnable|?OnEnable@CFrameWnd@@IAEXH@Z|protected: void __thiscall CFrameWnd::OnEnable(int)|nafxcw|winfrm.obj|object_matcher:unique:high (accepted 2026-07)
0x0061cd09|CFrameWnd::NotifyFloatingWindows|?NotifyFloatingWindows@CFrameWnd@@QAEXK@Z|public: void __thiscall CFrameWnd::NotifyFloatingWindows(unsigned long)|nafxcw|winfrm.obj|object_matcher:unique:high (accepted 2026-07)
0x0061cdb3|CFrameWnd::PreCreateWindow|?PreCreateWindow@CFrameWnd@@MAEHAAUtagCREATESTRUCTA@@@Z|protected: virtual int __thiscall CFrameWnd::PreCreateWindow(struct tagCREATESTRUCTA &)|nafxcw|winfrm.obj|object_matcher:unique:high (accepted 2026-07)
0x0061ce0b|CFrameWnd::Create|?Create@CFrameWnd@@QAEHPBD0KABUtagRECT@@PAVCWnd@@0KPAUCCreateContext@@@Z|public: int __thiscall CFrameWnd::Create(char const *, char const *, unsigned long, struct tagRECT const &, class CWnd *, char const *, unsigned long, struct CCreateContext *)|nafxcw|winfrm.obj|object_matcher:unique:high (accepted 2026-07)
0x0061cea3|CFrameWnd::CreateView|?CreateView@CFrameWnd@@QAEPAVCWnd@@PAUCCreateContext@@I@Z|public: class CWnd * __thiscall CFrameWnd::CreateView(struct CCreateContext *, unsigned int)|nafxcw|winfrm.obj|object_matcher:unique:high (accepted 2026-07)
0x0061cf1b|CFrameWnd::OnCreateClient|?OnCreateClient@CFrameWnd@@MAEHPAUtagCREATESTRUCTA@@PAUCCreateContext@@@Z|protected: virtual int __thiscall CFrameWnd::OnCreateClient(struct tagCREATESTRUCTA *, struct CCreateContext *)|nafxcw|winfrm.obj|object_matcher:unique:high (accepted 2026-07)
0x0061cf4c|CFrameWnd::OnCreateHelper|?OnCreateHelper@CFrameWnd@@IAEHPAUtagCREATESTRUCTA@@PAUCCreateContext@@@Z|protected: int __thiscall CFrameWnd::OnCreateHelper(struct tagCREATESTRUCTA *, struct CCreateContext *)|nafxcw|winfrm.obj|object_matcher:unique:high (accepted 2026-07)
0x0061cf9b|CFrameWnd::GetIconWndClass|?GetIconWndClass@CFrameWnd@@IAEPBDKI@Z|protected: char const * __thiscall CFrameWnd::GetIconWndClass(unsigned long, unsigned int)|nafxcw|winfrm.obj|object_matcher:unique:high (accepted 2026-07)
0x0061d01e|CFrameWnd::LoadFrame|?LoadFrame@CFrameWnd@@UAEHIKPAVCWnd@@PAUCCreateContext@@@Z|public: virtual int __thiscall CFrameWnd::LoadFrame(unsigned int, unsigned long, class CWnd *, struct CCreateContext *)|nafxcw|winfrm.obj|object_matcher:unique:high (accepted 2026-07)
0x0061d109|CFrameWnd::OnUpdateFrameMenu|?OnUpdateFrameMenu@CFrameWnd@@UAEXPAUHMENU__@@@Z|public: virtual void __thiscall CFrameWnd::OnUpdateFrameMenu(struct HMENU__*)|nafxcw|winfrm.obj|object_matcher:unique:high (accepted 2026-07)
0x0061d143|CFrameWnd::InitialUpdateFrame|?InitialUpdateFrame@CFrameWnd@@QAEXPAVCDocument@@H@Z|public: void __thiscall CFrameWnd::InitialUpdateFrame(class CDocument *, int)|nafxcw|winfrm.obj|object_matcher:unique:high (accepted 2026-07)
0x0061d205|CFrameWnd::OnClose|?OnClose@CFrameWnd@@IAEXXZ|protected: void __thiscall CFrameWnd::OnClose(void)|nafxcw|winfrm.obj|object_matcher:unique:high (accepted 2026-07)
0x0061d30e|CFrameWnd::OnDestroy|?OnDestroy@CFrameWnd@@IAEXXZ|protected: void __thiscall CFrameWnd::OnDestroy(void)|nafxcw|winfrm.obj|object_matcher:unique:high (accepted 2026-07)
0x0061d37e|CFrameWnd::OnCmdMsg|?OnCmdMsg@CFrameWnd@@UAEHIHPAXPAUAFX_CMDHANDLERINFO@@@Z|public: virtual int __thiscall CFrameWnd::OnCmdMsg(unsigned int, int, void *, struct AFX_CMDHANDLERINFO *)|nafxcw|winfrm.obj|object_matcher:unique:high (accepted 2026-07)
0x0061d4b8|CFrameWnd::OnActivate|?OnActivate@CFrameWnd@@IAEXIPAVCWnd@@H@Z|protected: void __thiscall CFrameWnd::OnActivate(unsigned int, class CWnd *, int)|nafxcw|winfrm.obj|object_matcher:unique:high (accepted 2026-07)
0x0061d58c|CFrameWnd::OnNcActivate|?OnNcActivate@CFrameWnd@@IAEHH@Z|protected: int __thiscall CFrameWnd::OnNcActivate(int)|nafxcw|winfrm.obj|object_matcher:unique:high (accepted 2026-07)
0x0061d5c3|CFrameWnd::OnSysCommand|?OnSysCommand@CFrameWnd@@IAEXIJ@Z|protected: void __thiscall CFrameWnd::OnSysCommand(unsigned int, long)|nafxcw|winfrm.obj|object_matcher:unique:high (accepted 2026-07)
0x0061d65a|CFrameWnd::OnDropFiles|?OnDropFiles@CFrameWnd@@IAEXPAUHDROP__@@@Z|protected: void __thiscall CFrameWnd::OnDropFiles(struct HDROP__*)|nafxcw|winfrm.obj|object_matcher:unique:high (accepted 2026-07)
0x0061d6d5|CFrameWnd::OnQueryEndSession|?OnQueryEndSession@CFrameWnd@@IAEHXZ|protected: int __thiscall CFrameWnd::OnQueryEndSession(void)|nafxcw|winfrm.obj|object_matcher:unique:high (accepted 2026-07)
0x0061d6f6|CFrameWnd::OnEndSession|?OnEndSession@CFrameWnd@@IAEXH@Z|protected: void __thiscall CFrameWnd::OnEndSession(int)|nafxcw|winfrm.obj|object_matcher:unique:high (accepted 2026-07)
0x0061d72a|CFrameWnd::OnDDEInitiate|?OnDDEInitiate@CFrameWnd@@IAEJIJ@Z|protected: long __thiscall CFrameWnd::OnDDEInitiate(unsigned int, long)|nafxcw|winfrm.obj|object_matcher:unique:high (accepted 2026-07)
0x0061d7e5|CFrameWnd::OnDDEExecute|?OnDDEExecute@CFrameWnd@@IAEJIJ@Z|protected: long __thiscall CFrameWnd::OnDDEExecute(unsigned int, long)|nafxcw|winfrm.obj|object_matcher:unique:high (accepted 2026-07)
0x0061d8a2|CFrameWnd::SetActiveView|?SetActiveView@CFrameWnd@@QAEXPAVCView@@H@Z|public: void __thiscall CFrameWnd::SetActiveView(class CView *, int)|nafxcw|winfrm.obj|oracle_unique_high_relocation_masked_match;review_reason_invented_name_referenced_in_source:manual refs are real MFC/CRT API calls or same-named game-class methods (no linkage to this address's stub); free-fn externs migrated (ftol->_ftol in TAmtBar, AppendPointerToGlobalVectorAsStatus->atexit in TDiplomacyMapView)
0x0061d917|CFrameWnd::GetActiveDocument|?GetActiveDocument@CFrameWnd@@UAEPAVCDocument@@XZ|public: virtual class CDocument * __thiscall CFrameWnd::GetActiveDocument(void)|nafxcw|winfrm.obj|object_matcher:unique:high (accepted 2026-07)
0x0061d927|CFrameWnd::ShowControlBar|?ShowControlBar@CFrameWnd@@QAEXPAVCControlBar@@HH@Z|public: void __thiscall CFrameWnd::ShowControlBar(class CControlBar *, int, int)|nafxcw|winfrm.obj|object_matcher:unique:high (accepted 2026-07)
0x0061da22|CFrameWnd::OnInitMenuPopup|?OnInitMenuPopup@CFrameWnd@@IAEXPAVCMenu@@IH@Z|protected: void __thiscall CFrameWnd::OnInitMenuPopup(class CMenu *, unsigned int, int)|nafxcw|winfrm.obj|object_matcher:unique:high (accepted 2026-07)
0x0061db87|CFrameWnd::OnMenuSelect|?OnMenuSelect@CFrameWnd@@IAEXIIPAUHMENU__@@@Z|protected: void __thiscall CFrameWnd::OnMenuSelect(unsigned int, unsigned int, struct HMENU__*)|nafxcw|winfrm.obj|object_matcher:unique:high (accepted 2026-07)
0x0061dc76|CFrameWnd::GetMessageString|?GetMessageString@CFrameWnd@@UBEXIAAVCString@@@Z|public: virtual void __thiscall CFrameWnd::GetMessageString(unsigned int, class CString &) const|nafxcw|winfrm.obj|object_matcher:unique:high (accepted 2026-07)
0x0061dcdd|CFrameWnd::OnSetMessageString|?OnSetMessageString@CFrameWnd@@IAEJIJ@Z|protected: long __thiscall CFrameWnd::OnSetMessageString(unsigned int, long)|nafxcw|winfrm.obj|object_matcher:unique:high (accepted 2026-07)
0x0061ddb2|CFrameWnd::GetMessageBar|?GetMessageBar@CFrameWnd@@UAEPAVCWnd@@XZ|public: virtual class CWnd * __thiscall CFrameWnd::GetMessageBar(void)|nafxcw|winfrm.obj|object_matcher:unique:high (accepted 2026-07)
0x0061ddc2|CFrameWnd::OnEnterIdle|?OnEnterIdle@CFrameWnd@@IAEXIPAVCWnd@@@Z|protected: void __thiscall CFrameWnd::OnEnterIdle(unsigned int, class CWnd *)|nafxcw|winfrm.obj|object_matcher:unique:high (accepted 2026-07)
0x0061de0a|CFrameWnd::SetMessageText|?SetMessageText@CFrameWnd@@QAEXI@Z|public: void __thiscall CFrameWnd::SetMessageText(unsigned int)|nafxcw|winfrm.obj|object_matcher:unique:high (accepted 2026-07)
0x0061de21|CFrameWnd::DestroyDockBars|?DestroyDockBars@CFrameWnd@@QAEXXZ|public: void __thiscall CFrameWnd::DestroyDockBars(void)|nafxcw|winfrm.obj|object_matcher:unique:high (accepted 2026-07)
0x0061df4c|CFrameWnd::OnToolTipText|?OnToolTipText@CFrameWnd@@IAEHIPAUtagNMHDR@@PAJ@Z|protected: int __thiscall CFrameWnd::OnToolTipText(unsigned int, struct tagNMHDR *, long *)|nafxcw|winfrm.obj|object_matcher:unique:high (accepted 2026-07)
0x0061e08e|CFrameWnd::OnUpdateContextHelp|?OnUpdateContextHelp@CFrameWnd@@IAEXPAVCCmdUI@@@Z|protected: void __thiscall CFrameWnd::OnUpdateContextHelp(class CCmdUI *)|nafxcw|winfrm.obj|object_matcher:unique:high (accepted 2026-07)
0x0061e101|CFrameWnd::UpdateFrameTitleForDocument|?UpdateFrameTitleForDocument@CFrameWnd@@IAEXPBD@Z|protected: void __thiscall CFrameWnd::UpdateFrameTitleForDocument(char const *)|nafxcw|winfrm.obj|object_matcher:unique:high (accepted 2026-07)
0x0061e1fe|CFrameWnd::OnSetPreviewMode|?OnSetPreviewMode@CFrameWnd@@UAEXHPAUCPrintPreviewState@@@Z|public: virtual void __thiscall CFrameWnd::OnSetPreviewMode(int, struct CPrintPreviewState *)|nafxcw|winfrm.obj|object_matcher:unique:high (accepted 2026-07)
0x0061e419|CFrameWnd::DelayUpdateFrameMenu|?DelayUpdateFrameMenu@CFrameWnd@@UAEXPAUHMENU__@@@Z|public: virtual void __thiscall CFrameWnd::DelayUpdateFrameMenu(struct HMENU__ *)|nafxcw|winfrm.obj|cmainframe_vtable_0x6488d8_slot_off0xf4_recomp_pdb(??_7CMainFrame@@6B@)+afxwin_cframewnd_order;byte_exact
0x0061e42d|CFrameWnd::OnIdleUpdateCmdUI|?OnIdleUpdateCmdUI@CFrameWnd@@IAEXXZ|protected: void __thiscall CFrameWnd::OnIdleUpdateCmdUI(void)|nafxcw|winfrm.obj|object_matcher:unique:high (accepted 2026-07)
0x0061e49c|CFrameWnd::GetActiveFrame|?GetActiveFrame@CFrameWnd@@UAEPAV1@XZ|public: virtual class CFrameWnd * __thiscall CFrameWnd::GetActiveFrame(void)|nafxcw|winfrm.obj|cmainframe_vtable_0x6488d8_slot_off0xc8_recomp_pdb(??_7CMainFrame@@6B@)+afxwin_cframewnd_order;byte_exact
0x0061e49f|CFrameWnd::RecalcLayout|?RecalcLayout@CFrameWnd@@UAEXH@Z|public: virtual void __thiscall CFrameWnd::RecalcLayout(int)|nafxcw|winfrm.obj|object_matcher:unique:high (accepted 2026-07)
0x0061e58c|CFrameWnd::NegotiateBorderSpace|?NegotiateBorderSpace@CFrameWnd@@UAEHIPAUtagRECT@@@Z|public: virtual int __thiscall CFrameWnd::NegotiateBorderSpace(unsigned int, struct tagRECT *)|nafxcw|winfrm.obj|object_matcher:unique:high (accepted 2026-07)
0x0061e606|CFrameWnd::OnSize|?OnSize@CFrameWnd@@IAEXIHH@Z|protected: void __thiscall CFrameWnd::OnSize(unsigned int, int, int)|nafxcw|winfrm.obj|object_matcher:unique:high (accepted 2026-07)
0x0061e63b|CFrameWnd::OnRegisteredMouseWheel|?OnRegisteredMouseWheel@CFrameWnd@@IAEJIJ@Z|protected: long __thiscall CFrameWnd::OnRegisteredMouseWheel(unsigned int, long)|nafxcw|winfrm.obj|object_matcher:unique:high (accepted 2026-07)
0x0061e6e3|CFrameWnd::ActivateFrame|?ActivateFrame@CFrameWnd@@UAEXH@Z|public: virtual void __thiscall CFrameWnd::ActivateFrame(int)|nafxcw|winfrm.obj|object_matcher:unique:high (accepted 2026-07)
0x0061e762|CControlBar::GetDockingFrame|?GetDockingFrame@CControlBar@@QBEPAVCFrameWnd@@XZ|public: class CFrameWnd * __thiscall CControlBar::GetDockingFrame(void) const|nafxcw|winfrm.obj|object_matcher:unique:high (accepted 2026-07)
0x0061e773|CControlBar::IsFloating|?IsFloating@CControlBar@@QBEHXZ|public: int __thiscall CControlBar::IsFloating(void) const|nafxcw|winfrm.obj|object_matcher:unique:high (accepted 2026-07)
0x0061e851|CWnd::GetCheckedRadioButton|?GetCheckedRadioButton@CWnd@@QAEHHH@Z|public: int __thiscall CWnd::GetCheckedRadioButton(int, int)|nafxcw|winctrl1.obj|object_matcher:unique:high (accepted 2026-07)
0x0061e921|CListBox::OnChildNotify|?OnChildNotify@CListBox@@MAEHIIJPAJ@Z|protected: virtual int __thiscall CListBox::OnChildNotify(unsigned int, unsigned int, long, long *)|nafxcw|winctrl1.obj|object_matcher:unique:high (accepted 2026-07)
0x0061e9ba|CListBox::GetText|?GetText@CListBox@@QBEXHAAVCString@@@Z|public: void __thiscall CListBox::GetText(int, class CString &) const|nafxcw|winctrl1.obj|object_matcher:unique:high (accepted 2026-07)
0x0061ea9c|CComboBox::OnChildNotify|?OnChildNotify@CComboBox@@MAEHIIJPAJ@Z|protected: virtual int __thiscall CComboBox::OnChildNotify(unsigned int, unsigned int, long, long *)|nafxcw|winctrl1.obj|object_matcher:unique:high (accepted 2026-07)
0x0061ec1a|CDC::DPtoHIMETRIC|?DPtoHIMETRIC@CDC@@QBEXPAUtagSIZE@@@Z|public: void __thiscall CDC::DPtoHIMETRIC(struct tagSIZE *) const|nafxcw|wingdix.obj|object_matcher:unique:high (accepted 2026-07)
0x0061ecab|CDC::HIMETRICtoDP|?HIMETRICtoDP@CDC@@QBEXPAUtagSIZE@@@Z|public: void __thiscall CDC::HIMETRICtoDP(struct tagSIZE *) const|nafxcw|wingdix.obj|object_matcher:unique:high (accepted 2026-07)
0x0061ed3c|CDC::LPtoHIMETRIC|?LPtoHIMETRIC@CDC@@QBEXPAUtagSIZE@@@Z|public: void __thiscall CDC::LPtoHIMETRIC(struct tagSIZE *) const|nafxcw|wingdix.obj|object_matcher:unique-via-existing:high (accepted 2026-07)
0x0061ed57|CDC::HIMETRICtoLP|?HIMETRICtoLP@CDC@@QBEXPAUtagSIZE@@@Z|public: void __thiscall CDC::HIMETRICtoLP(struct tagSIZE *) const|nafxcw|wingdix.obj|object_matcher:unique-via-existing:high (accepted 2026-07)
0x0061ed72|CDC::GetHalftoneBrush|?GetHalftoneBrush@CDC@@SGPAVCBrush@@XZ|public: static class CBrush * __stdcall CDC::GetHalftoneBrush(void)|nafxcw|wingdix.obj|object_matcher:unique:high (accepted 2026-07)
0x0061ede5|CDC::DrawDragRect|?DrawDragRect@CDC@@QAEXPBUtagRECT@@UtagSIZE@@01PAVCBrush@@2@Z|public: void __thiscall CDC::DrawDragRect(struct tagRECT const *, struct tagSIZE, struct tagRECT const *, struct tagSIZE, class CBrush *, class CBrush *)|nafxcw|wingdix.obj|object_matcher:unique:high (accepted 2026-07)
0x0061f0fa|FillSolidRect|?FillSolidRect@CDC@@QAEXPBUtagRECT@@K@Z|void __thiscall CDC::FillSolidRect(tagRECT * param_1, ulong param_2)|nafxcw|wingdix.obj|object_matcher:unique:high (accepted 2026-07)
0x0061f124|CDC::FillSolidRect|?FillSolidRect@CDC@@QAEXHHHHK@Z|public: void __thiscall CDC::FillSolidRect(int, int, int, int, unsigned long)|nafxcw|wingdix.obj|object_matcher:unique:high (accepted 2026-07)
0x0061f19b|CDC::Draw3dRect|?Draw3dRect@CDC@@QAEXHHHHKK@Z|public: void __thiscall CDC::Draw3dRect(int, int, int, int, unsigned long, unsigned long)|nafxcw|wingdix.obj|object_matcher:unique:high (accepted 2026-07)
0x0061f205|CFont::CreatePointFont|?CreatePointFont@CFont@@QAEHHPBDPAVCDC@@@Z|public: int __thiscall CFont::CreatePointFont(int, char const *, class CDC *)|nafxcw|wingdix.obj|object_matcher:unique:high (accepted 2026-07)
0x0061f24a|CFont::CreatePointFontIndirect|?CreatePointFontIndirect@CFont@@QAEHPBUtagLOGFONTA@@PAVCDC@@@Z|public: int __thiscall CFont::CreatePointFontIndirect(struct tagLOGFONTA const *, class CDC *)|nafxcw|wingdix.obj|object_matcher:unique:high (accepted 2026-07)
0x0061f307|CRect::InflateRect|?InflateRect@CRect@@QAEXPBUtagRECT@@@Z|public: void __thiscall CRect::InflateRect(struct tagRECT const *)|nafxcw|wingdix.obj|object_matcher:unique:high (accepted 2026-07)
0x0061f342|CRect::DeflateRect|?DeflateRect@CRect@@QAEXPBUtagRECT@@@Z|public: void __thiscall CRect::DeflateRect(struct tagRECT const *)|nafxcw|wingdix.obj|object_matcher:unique:high (accepted 2026-07)
0x0061f37d|CRect::MulDiv|?MulDiv@CRect@@QBE?AV1@HH@Z|public: class CRect __thiscall CRect::MulDiv(int, int) const|nafxcw|wingdix.obj|object_matcher:unique:high (accepted 2026-07)
0x0061f423|AfxOleCanExitApp|?AfxOleCanExitApp@@YGHXZ|int __stdcall AfxOleCanExitApp(void)|nafxcw|olelock.obj|object_matcher:unique:high (accepted 2026-07)
0x0061f45c|AfxOleSetUserCtrl|?AfxOleSetUserCtrl@@YGXH@Z|void __stdcall AfxOleSetUserCtrl(int)|nafxcw|olelock.obj|object_matcher:unique:high (accepted 2026-07)
0x0061f46b|AfxOleGetUserCtrl|?AfxOleGetUserCtrl@@YGHXZ|int __stdcall AfxOleGetUserCtrl(void)|nafxcw|olelock.obj|oracle_unique_high_match_below_min_convert_size;hand_verified_disasm:AfxGetAppModuleState()->m_bUserCtrl_at_+0x30
0x0062103a|CDumpContext::OutputString|?OutputString@CDumpContext@@IAEXPBD@Z|protected: void __thiscall CDumpContext::OutputString(char const *)|nafxcw|dumpcont.obj|object_matcher:unique:high (accepted 2026-07)
0x00621089|CDumpContext::operator<<|??6CDumpContext@@QAEAAV0@PBD@Z|public: class CDumpContext & __thiscall CDumpContext::operator<<(char const *)|nafxcw|dumpcont.obj|object_matcher:unique:high (accepted 2026-07)
0x00621112|CDumpContext::operator<<|??6CDumpContext@@QAEAAV0@E@Z|public: class CDumpContext & __thiscall CDumpContext::operator<<(unsigned char)|nafxcw|dumpcont.obj|object_matcher:unique:high (accepted 2026-07)
0x00621144|CDumpContext::operator<<|??6CDumpContext@@QAEAAV0@G@Z|public: class CDumpContext & __thiscall CDumpContext::operator<<(unsigned short)|nafxcw|dumpcont.obj|object_matcher:unique:high (accepted 2026-07)
0x00621236|CDumpContext::operator<<|??6CDumpContext@@QAEAAV0@PBVCObject@@@Z|public: class CDumpContext & __thiscall CDumpContext::operator<<(class CObject const *)|nafxcw|dumpcont.obj|object_matcher:unique:high (accepted 2026-07)
0x00621297|CDumpContext::HexDump|?HexDump@CDumpContext@@QAEXPBDPAEHH@Z|public: void __thiscall CDumpContext::HexDump(char const *, unsigned char *, int, int)|nafxcw|dumpcont.obj|object_matcher:unique:high (accepted 2026-07)
0x0062132a|CDumpContext::operator<<|??6CDumpContext@@QAEAAV0@PBG@Z|public: class CDumpContext & __thiscall CDumpContext::operator<<(unsigned short const *)|nafxcw|dumpcont.obj|object_matcher:unique:high (accepted 2026-07)
0x00622442|CDialog::GetRuntimeClass|?GetRuntimeClass@CDialog@@UBEPAUCRuntimeClass@@XZ|public: virtual struct CRuntimeClass * __thiscall CDialog::GetRuntimeClass(void)const|nafxcw|dlgcore.obj|cdialog_vtable_0x66fc2c_slot_recomp_pdb+ghidra_decompile+mfc_header_order(agent-verified)
0x00622451|_AFX_WIN_STATE::`scalar deleting dtor'|??_G_AFX_WIN_STATE@@UAEPAXI@Z|public: virtual void * __thiscall _AFX_WIN_STATE::`scalar deleting dtor'(unsigned int)|nafxcw|appcore.obj|object_matcher:unique-via-existing:high (accepted 2026-07)
0x0062246c|CWinApp::CWinApp|??0CWinApp@@QAE@PBD@Z|public: __thiscall CWinApp::CWinApp(char const *)|nafxcw|appcore.obj|object_matcher:unique:high (accepted 2026-07)
0x00622556|CWinApp::`scalar deleting dtor'|??_GCWinApp@@UAEPAXI@Z|public: virtual void * __thiscall CWinApp::`scalar deleting dtor'(unsigned int)|nafxcw|appcore.obj|object_matcher:unique-via-existing:high (accepted 2026-07)
0x00622572|CWinApp::InitApplication|?InitApplication@CWinApp@@UAEHXZ|public: virtual int __thiscall CWinApp::InitApplication(void)|nafxcw|appcore.obj|object_matcher:unique:high (accepted 2026-07)
0x00622632|ParseCommandLine|?ParseCommandLine@CWinApp@@QAEXAAVCCommandLineInfo@@@Z|public: void __thiscall CWinApp::ParseCommandLine(class CCommandLineInfo &)|nafxcw|appcore.obj|object_matcher:unique:high (accepted 2026-07)
0x00622690|CCommandLineInfo::CCommandLineInfo|??0CCommandLineInfo@@QAE@XZ|public: __thiscall CCommandLineInfo::CCommandLineInfo(void)|nafxcw|appcore.obj|object_matcher:unique:high (accepted 2026-07)
0x006226ff|CCommandLineInfo::`scalar deleting dtor'|??_GCCommandLineInfo@@UAEPAXI@Z|public: virtual void * __thiscall CCommandLineInfo::`scalar deleting dtor'(unsigned int)|nafxcw|appcore.obj|object_matcher:unique-via-existing:high (accepted 2026-07)
0x0062271b|CCommandLineInfo::~CCommandLineInfo|??1CCommandLineInfo@@UAE@XZ|public: virtual __thiscall CCommandLineInfo::~CCommandLineInfo(void)|nafxcw|appcore.obj|object_matcher:unique:high (accepted 2026-07)
0x00622778|ParseParam|?ParseParam@CCommandLineInfo@@UAEXPBDHH@Z|public: virtual void __thiscall CCommandLineInfo::ParseParam(char const *, int, int)|nafxcw|appcore.obj|object_matcher:unique:high (accepted 2026-07)
0x006227a1|CCommandLineInfo::ParseParamFlag|?ParseParamFlag@CCommandLineInfo@@IAEXPBD@Z|protected: void __thiscall CCommandLineInfo::ParseParamFlag(char const *)|nafxcw|appcore.obj|object_matcher:unique:high (accepted 2026-07)
0x0062285f|CCommandLineInfo::ParseParamNotFlag|?ParseParamNotFlag@CCommandLineInfo@@IAEXPBD@Z|protected: void __thiscall CCommandLineInfo::ParseParamNotFlag(char const *)|nafxcw|appcore.obj|object_matcher:unique:high (accepted 2026-07)
0x006228af|CCommandLineInfo::ParseLast|?ParseLast@CCommandLineInfo@@IAEXH@Z|protected: void __thiscall CCommandLineInfo::ParseLast(int)|nafxcw|appcore.obj|object_matcher:unique:high (accepted 2026-07)
0x006228de|CWinApp::~CWinApp|??1CWinApp@@UAE@XZ|public: virtual __thiscall CWinApp::~CWinApp(void)|nafxcw|appcore.obj|object_matcher:unique:high (accepted 2026-07)
0x00622a13|CWinApp::SaveStdProfileSettings|?SaveStdProfileSettings@CWinApp@@IAEXXZ|protected: void __thiscall CWinApp::SaveStdProfileSettings(void)|nafxcw|appcore.obj|object_matcher:unique:high (accepted 2026-07)
0x00622a4f|CWinApp::ExitInstance|?ExitInstance@CWinApp@@UAEHXZ|public: virtual int __thiscall CWinApp::ExitInstance(void)|nafxcw|appcore.obj|oracle_unique_high_relocation_masked_match;review_reason_invented_name_referenced_in_source:manual refs are real MFC/CRT API calls or same-named game-class methods (no linkage to this address's stub); free-fn externs migrated (ftol->_ftol in TAmtBar, AppendPointerToGlobalVectorAsStatus->atexit in TDiplomacyMapView)
0x00622a85|CWinApp::GetRuntimeClass|?GetRuntimeClass@CWinApp@@UBEPAUCRuntimeClass@@XZ|public: virtual struct CRuntimeClass * __thiscall CWinApp::GetRuntimeClass(void)const|nafxcw|appcore.obj|imperialismapp_vtable_0x63e2d0_slot_off00_recomp_pdb;inherited_library_slot_no_ImperialismApp_GetRuntimeClass
0x00622b58|CWinThread::CWinThread|??0CWinThread@@QAE@XZ|public: __thiscall CWinThread::CWinThread(void)|nafxcw|thrdcore.obj|object_matcher:unique:high (accepted 2026-07)
0x00622b95|CWinThread::CommonConstruct|?CommonConstruct@CWinThread@@QAEXXZ|public: void __thiscall CWinThread::CommonConstruct(void)|nafxcw|thrdcore.obj|object_matcher:unique:high (accepted 2026-07)
0x00622cb3|CWinApp::ProcessShellCommand|?ProcessShellCommand@CWinApp@@QAEHAAVCCommandLineInfo@@@Z|public: int __thiscall CWinApp::ProcessShellCommand(class CCommandLineInfo &)|nafxcw|appui2.obj|oracle_unique_high_relocation_masked_match;review_reason_invented_name_referenced_in_source:manual refs are real MFC/CRT API calls or same-named game-class methods (no linkage to this address's stub); free-fn externs migrated (ftol->_ftol in TAmtBar, AppendPointerToGlobalVectorAsStatus->atexit in TDiplomacyMapView)
0x00622dfc|CWinApp::Unregister|?Unregister@CWinApp@@QAEHXZ|public: int __thiscall CWinApp::Unregister(void)|nafxcw|appui2.obj|object_matcher:unique:high (accepted 2026-07)
0x00622f2b|CWinApp::DelRegTree|?DelRegTree@CWinApp@@QAEJPAUHKEY__@@ABVCString@@@Z|public: long __thiscall CWinApp::DelRegTree(struct HKEY__*, class CString const &)|nafxcw|appui2.obj|object_matcher:unique:high (accepted 2026-07)
0x00623006|CWinApp::EnableShellOpen|?EnableShellOpen@CWinApp@@IAEXXZ|protected: void __thiscall CWinApp::EnableShellOpen(void)|nafxcw|appui2.obj|object_matcher:unique:high (accepted 2026-07)
0x00623050|CWinApp::UnregisterShellFileTypes|?UnregisterShellFileTypes@CWinApp@@IAEXXZ|protected: void __thiscall CWinApp::UnregisterShellFileTypes(void)|nafxcw|appui2.obj|oracle_unique_high_match_below_min_convert_size;hand_verified_disasm:tail_jmp_CDocManager::UnregisterShellFileTypes_with_m_pDocManager_at_+0x80
0x00623061|CWinApp::SetRegistryKey|?SetRegistryKey@CWinApp@@IAEXPBD@Z|protected: void __thiscall CWinApp::SetRegistryKey(char const *)|nafxcw|appui3.obj|oracle_unique_high_relocation_masked_match;review_reason_invented_name_referenced_in_source:manual refs are real MFC/CRT API calls or same-named game-class methods (no linkage to this address's stub); free-fn externs migrated (ftol->_ftol in TAmtBar, AppendPointerToGlobalVectorAsStatus->atexit in TDiplomacyMapView)
0x00623099|CWinApp::SetRegistryKey|?SetRegistryKey@CWinApp@@IAEXI@Z|protected: void __thiscall CWinApp::SetRegistryKey(unsigned int)|nafxcw|appui3.obj|object_matcher:unique:high (accepted 2026-07)
0x006230cc|CWinApp::GetAppRegistryKey|?GetAppRegistryKey@CWinApp@@QAEPAUHKEY__@@XZ|public: struct HKEY__* __thiscall CWinApp::GetAppRegistryKey(void)|nafxcw|appui3.obj|object_matcher:unique:high (accepted 2026-07)
0x00623160|GetSectionKey|?GetSectionKey@CWinApp@@QAEPAUHKEY__@@PBD@Z|public: struct HKEY__* __thiscall CWinApp::GetSectionKey(char const *)|nafxcw|appui3.obj|object_matcher:unique:high (accepted 2026-07)
0x006231a6|CWinApp::GetProfileIntA|?GetProfileIntA@CWinApp@@QAEIPBD0H@Z|public: unsigned int __thiscall CWinApp::GetProfileIntA(char const *, char const *, int)|nafxcw|appui3.obj|object_matcher:unique:high (accepted 2026-07)
0x00623212|CWinApp::GetProfileStringA|?GetProfileStringA@CWinApp@@QAE?AVCString@@PBD00@Z|public: class CString __thiscall CWinApp::GetProfileStringA(char const *, char const *, char const *)|nafxcw|appui3.obj|object_matcher:unique:high (accepted 2026-07)
0x00623324|CWinApp::GetProfileBinary|?GetProfileBinary@CWinApp@@QAEHPBD0PAPAEPAI@Z|public: int __thiscall CWinApp::GetProfileBinary(char const *, char const *, unsigned char **, unsigned int *)|nafxcw|appui3.obj|object_matcher:unique:high (accepted 2026-07)
0x0062343f|CWnd::CreateObject|?CreateObject@CWnd@@SGPAVCObject@@XZ|public: static class CObject * __stdcall CWnd::CreateObject(void)|nafxcw|wincore.obj|object_matcher:unique:high (accepted 2026-07)
0x00623477|_AFX_THREAD_STATE::_AFX_THREAD_STATE|??0_AFX_THREAD_STATE@@QAE@XZ|public: __thiscall _AFX_THREAD_STATE::_AFX_THREAD_STATE(void)|nafxcw|afxstate.obj|object_matcher:unique:high (accepted 2026-07)
0x0062348e|_AFX_THREAD_STATE::`scalar deleting dtor'|??_G_AFX_THREAD_STATE@@UAEPAXI@Z|public: virtual void * __thiscall _AFX_THREAD_STATE::`scalar deleting dtor'(unsigned int)|nafxcw|afxstate.obj|object_matcher:unique-via-existing:high (accepted 2026-07)
0x006234a9|_AFX_THREAD_STATE::~_AFX_THREAD_STATE|??1_AFX_THREAD_STATE@@UAE@XZ|public: virtual __thiscall _AFX_THREAD_STATE::~_AFX_THREAD_STATE(void)|nafxcw|afxstate.obj|object_matcher:unique:high (accepted 2026-07)
0x00623523|AfxGetThreadState|?AfxGetThreadState@@YGPAV_AFX_THREAD_STATE@@XZ|class _AFX_THREAD_STATE * __stdcall AfxGetThreadState(void)|nafxcw|afxstate.obj|object_matcher:unique-via-existing:high (accepted 2026-07)
0x00623559|AFX_MODULE_STATE::AFX_MODULE_STATE|??0AFX_MODULE_STATE@@QAE@H@Z|public: __thiscall AFX_MODULE_STATE::AFX_MODULE_STATE(int)|nafxcw|afxstate.obj|object_matcher:unique:high (accepted 2026-07)
0x006235d8|AFX_MODULE_STATE::~AFX_MODULE_STATE|??1AFX_MODULE_STATE@@UAE@XZ|public: virtual __thiscall AFX_MODULE_STATE::~AFX_MODULE_STATE(void)|nafxcw|afxstate.obj|object_matcher:unique:high (accepted 2026-07)
0x0062368b|AFX_MODULE_THREAD_STATE::AFX_MODULE_THREAD_STATE|??0AFX_MODULE_THREAD_STATE@@QAE@XZ|public: __thiscall AFX_MODULE_THREAD_STATE::AFX_MODULE_THREAD_STATE(void)|nafxcw|afxstate.obj|object_matcher:unique:high (accepted 2026-07)
0x006236f6|AFX_MODULE_THREAD_STATE::`scalar deleting dtor'|??_GAFX_MODULE_THREAD_STATE@@UAEPAXI@Z|public: virtual void * __thiscall AFX_MODULE_THREAD_STATE::`scalar deleting dtor'(unsigned int)|nafxcw|afxstate.obj|object_matcher:unique-via-existing:high (accepted 2026-07)
0x00623711|AFX_MODULE_THREAD_STATE::~AFX_MODULE_THREAD_STATE|??1AFX_MODULE_THREAD_STATE@@UAE@XZ|public: virtual __thiscall AFX_MODULE_THREAD_STATE::~AFX_MODULE_THREAD_STATE(void)|nafxcw|afxstate.obj|object_matcher:unique:high (accepted 2026-07)
0x00623824|_AFX_BASE_MODULE_STATE>::CreateObject|?CreateObject@?$CProcessLocal@V_AFX_BASE_MODULE_STATE@@@@SGPAVCNoTrackObject@@XZ|public: static class CNoTrackObject * __stdcall CProcessLocal<class _AFX_BASE_MODULE_STATE>::CreateObject(void)|nafxcw|afxstate.obj|object_matcher:unique:high (accepted 2026-07)
0x00623886|AfxGetModuleState|?AfxGetModuleState@@YGPAVAFX_MODULE_STATE@@XZ|class AFX_MODULE_STATE * __stdcall AfxGetModuleState(void)|nafxcw|afxstate.obj|object_matcher:unique:high (accepted 2026-07)
0x006238ac|AfxGetModuleThreadState|?AfxGetModuleThreadState@@YGPAVAFX_MODULE_THREAD_STATE@@XZ|AFX_MODULE_THREAD_STATE * __stdcall ?AfxGetModuleThreadState@@YGPAVAFX_MODULE_THREAD_STATE@@XZ@006238ac(void)|nafxcw|afxstate.obj|object_matcher:unique:high (accepted 2026-07)
0x00623b4c|CSimpleList::AddHead|?AddHead@CSimpleList@@QAEXPAX@Z|public: void __thiscall CSimpleList::AddHead(void *)|nafxcw|afxtls.obj|object_matcher:unique:high (accepted 2026-07)
0x00623b5f|CSimpleList::Remove|?Remove@CSimpleList@@QAEHPAX@Z|public: int __thiscall CSimpleList::Remove(void *)|nafxcw|afxtls.obj|object_matcher:unique:high (accepted 2026-07)
0x00623baa|new|??2CNoTrackObject@@SGPAXI@Z|public: static void * __stdcall CNoTrackObject::operator new(unsigned int)|nafxcw|afxtls.obj|object_matcher:unique:high (accepted 2026-07)
0x00623bc8|delete|??3CNoTrackObject@@SGXPAX@Z|public: static void __stdcall CNoTrackObject::operator delete(void *)|nafxcw|afxtls.obj|object_matcher:unique:high (accepted 2026-07)
0x00623bdc|CThreadSlotData::CThreadSlotData|??0CThreadSlotData@@QAE@XZ|public: __thiscall CThreadSlotData::CThreadSlotData(void)|nafxcw|afxtls.obj|object_matcher:unique:high (accepted 2026-07)
0x00623c1e|CThreadSlotData::~CThreadSlotData|??1CThreadSlotData@@QAE@XZ|public: __thiscall CThreadSlotData::~CThreadSlotData(void)|nafxcw|afxtls.obj|object_matcher:unique:high (accepted 2026-07)
0x00623c75|CThreadSlotData::AllocSlot|?AllocSlot@CThreadSlotData@@QAEHXZ|public: int __thiscall CThreadSlotData::AllocSlot(void)|nafxcw|afxtls.obj|object_matcher:unique:high (accepted 2026-07)
0x00623d87|CThreadSlotData::FreeSlot|?FreeSlot@CThreadSlotData@@QAEXH@Z|public: void __thiscall CThreadSlotData::FreeSlot(int)|nafxcw|afxtls.obj|object_matcher:unique:high (accepted 2026-07)
0x00623de4|CThreadSlotData::SetValue|?SetValue@CThreadSlotData@@QAEXHPAX@Z|public: void __thiscall CThreadSlotData::SetValue(int, void *)|nafxcw|afxtls.obj|object_matcher:unique:high (accepted 2026-07)
0x00623ed4|CThreadSlotData::AssignInstance|?AssignInstance@CThreadSlotData@@QAEXPAUHINSTANCE__@@@Z|public: void __thiscall CThreadSlotData::AssignInstance(struct HINSTANCE__*)|nafxcw|afxtls.obj|object_matcher:unique:high (accepted 2026-07)
0x00623f15|CThreadSlotData::DeleteValues|?DeleteValues@CThreadSlotData@@QAEXPAUCThreadData@@PAUHINSTANCE__@@@Z|public: void __thiscall CThreadSlotData::DeleteValues(struct CThreadData *, struct HINSTANCE__*)|nafxcw|afxtls.obj|object_matcher:unique:high (accepted 2026-07)
0x00623f9d|CThreadSlotData::DeleteValues|?DeleteValues@CThreadSlotData@@QAEXPAUHINSTANCE__@@H@Z|public: void __thiscall CThreadSlotData::DeleteValues(struct HINSTANCE__*, int)|nafxcw|afxtls.obj|object_matcher:unique:high (accepted 2026-07)
0x00623ff6|CThreadLocalObject::GetData|?GetData@CThreadLocalObject@@QAEPAVCNoTrackObject@@P6GPAV2@XZ@Z|public: class CNoTrackObject * __thiscall CThreadLocalObject::GetData(class CNoTrackObject * (__stdcall *)(void))|nafxcw|afxtls.obj|object_matcher:unique:high (accepted 2026-07)
0x0062406d|CThreadLocalObject::GetDataNA|?GetDataNA@CThreadLocalObject@@QAEPAVCNoTrackObject@@XZ|public: class CNoTrackObject * __thiscall CThreadLocalObject::GetDataNA(void)|nafxcw|afxtls.obj|object_matcher:unique:high (accepted 2026-07)
0x0062409a|CThreadLocalObject::~CThreadLocalObject|??1CThreadLocalObject@@QAE@XZ|public: __thiscall CThreadLocalObject::~CThreadLocalObject(void)|nafxcw|afxtls.obj|object_matcher:unique:high (accepted 2026-07)
0x0062415e|AfxTermLocalData|?AfxTermLocalData@@YGXPAUHINSTANCE__@@H@Z|void __stdcall AfxTermLocalData(struct HINSTANCE__*, int)|nafxcw|afxtls.obj|object_matcher:unique:high (accepted 2026-07)
0x006241d1|AfxEnableWin40Compatibility|?AfxEnableWin40Compatibility@@YGXXZ|void __stdcall AfxEnableWin40Compatibility(void)|nafxcw|auxdata.obj|object_matcher:unique:high (accepted 2026-07)
0x00624201|AfxEnableWin31Compatibility|?AfxEnableWin31Compatibility@@YGXXZ|void __stdcall AfxEnableWin31Compatibility(void)|nafxcw|auxdata.obj|object_matcher:unique:high (accepted 2026-07)
0x00624223|AUX_DATA::AUX_DATA|??0AUX_DATA@@QAE@XZ|public: __thiscall AUX_DATA::AUX_DATA(void)|nafxcw|auxdata.obj|object_matcher:unique:high (accepted 2026-07)
0x006242de|_AFX_CTL3D_STATE::~_AFX_CTL3D_STATE|??1_AFX_CTL3D_STATE@@UAE@XZ|public: virtual __thiscall _AFX_CTL3D_STATE::~_AFX_CTL3D_STATE(void)|nafxcw|app3d.obj|object_matcher:unique:high (accepted 2026-07)
0x00624325|_AFX_CTL3D_THREAD::~_AFX_CTL3D_THREAD|??1_AFX_CTL3D_THREAD@@UAE@XZ|public: virtual __thiscall _AFX_CTL3D_THREAD::~_AFX_CTL3D_THREAD(void)|nafxcw|app3d.obj|object_matcher:unique:high (accepted 2026-07)
0x006244d3|AfxCriticalInit|?AfxCriticalInit@@YGHXZ|int __stdcall AfxCriticalInit(void)|nafxcw|afxcrit.obj|object_matcher:unique:high (accepted 2026-07)
0x0062456f|AfxLockGlobals|?AfxLockGlobals@@YGXH@Z|void __stdcall AfxLockGlobals(int)|nafxcw|afxcrit.obj|object_matcher:unique:high (accepted 2026-07)
0x006245df|AfxUnlockGlobals|?AfxUnlockGlobals@@YGXH@Z|void __stdcall AfxUnlockGlobals(int)|nafxcw|afxcrit.obj|object_matcher:unique:high (accepted 2026-07)
0x00624606|_AfxDeleteRegKey|?_AfxDeleteRegKey@@YGHPBD@Z|int __stdcall _AfxDeleteRegKey(char const *)|nafxcw|docmgr.obj|object_matcher:unique:high (accepted 2026-07)
0x00624693|CDocManager::CDocManager|??0CDocManager@@QAE@XZ|public: __thiscall CDocManager::CDocManager(void)|nafxcw|docmgr.obj|object_matcher:unique:high (accepted 2026-07)
0x006246cd|CDocManager::`scalar deleting dtor'|??_GCDocManager@@UAEPAXI@Z|public: virtual void * __thiscall CDocManager::`scalar deleting dtor'(unsigned int)|nafxcw|docmgr.obj|object_matcher:unique-via-existing:high (accepted 2026-07)
0x006246e9|CDocManager::UnregisterShellFileTypes|?UnregisterShellFileTypes@CDocManager@@QAEXXZ|public: void __thiscall CDocManager::UnregisterShellFileTypes(void)|nafxcw|docmgr.obj|object_matcher:unique:high (accepted 2026-07)
0x0062496b|CDocManager::RegisterShellFileTypes|?RegisterShellFileTypes@CDocManager@@UAEXH@Z|public: virtual void __thiscall CDocManager::RegisterShellFileTypes(int)|nafxcw|docmgr.obj|object_matcher:unique:high (accepted 2026-07)
0x00624e73|AfxWinInit|?AfxWinInit@@YGHPAUHINSTANCE__@@0PADH@Z|int __stdcall AfxWinInit(struct HINSTANCE__*, struct HINSTANCE__*, char *, int)|nafxcw|appinit.obj|object_matcher:unique:high (accepted 2026-07)
0x00624ed6|CWinApp::SetCurrentHandles|?SetCurrentHandles@CWinApp@@QAEXXZ|public: void __thiscall CWinApp::SetCurrentHandles(void)|nafxcw|appinit.obj|object_matcher:unique:high (accepted 2026-07)
0x00624ff3|AfxGetFileName|?AfxGetFileName@@YGIPBDPADI@Z|unsigned int __stdcall AfxGetFileName(char const *, char *, unsigned int)|nafxcw|appinit.obj|object_matcher:unique:high (accepted 2026-07)
0x00626b59|_AFX_WIN_STATE::~_AFX_WIN_STATE|??1_AFX_WIN_STATE@@UAE@XZ|public: virtual __thiscall _AFX_WIN_STATE::~_AFX_WIN_STATE(void)|nafxcw|appcore.obj|object_matcher:unique:high (accepted 2026-07)
0x00626b90|AfxPostQuitMessage|?AfxPostQuitMessage@@YGXH@Z|void __stdcall ?AfxPostQuitMessage@@YGXH@Z@00626b90(int param_1)|nafxcw|appcore.obj|object_matcher:unique:high (accepted 2026-07)
0x00626c02|AUX_DATA::~AUX_DATA|??1AUX_DATA@@QAE@XZ|public: __thiscall AUX_DATA::~AUX_DATA(void)|nafxcw|auxdata.obj|oracle_unique_high_match_below_min_convert_size;hand_verified_disasm:CString_dtor_on_afxData_member_at_+0x50
0x00626c0c|CDocManager::~CDocManager|??1CDocManager@@UAE@XZ|public: virtual __thiscall CDocManager::~CDocManager(void)|nafxcw|docmgr.obj|object_matcher:unique:high (accepted 2026-07)
0x00626c7d|AfxWinTerm|?AfxWinTerm@@YGXXZ|void __stdcall AfxWinTerm(void)|nafxcw|appterm.obj|object_matcher:unique:high (accepted 2026-07)
0x0047d960|CGdiObject::~CGdiObject|||||migrated_from:src/game/CBrush.cpp|LIBRARY
0x005e6ea2||||||migrated_from:src/game/CBrush.cpp comment:"CBrush::`scalar deleting destructor'"|SYNTHETIC
0x00613791|CClientDC::CClientDC|??0CClientDC@@QAE@PAVCWnd@@@Z|public: __thiscall CClientDC::CClientDC(class CWnd *)|nafxcw|wingdi.obj|migrated_from:src/game/CClientDC.cpp;VC5_afxwin_h_constructor|LIBRARY
0x00613803|CClientDC::~CClientDC|??1CClientDC@@UAE@XZ|public: virtual __thiscall CClientDC::~CClientDC(void)|nafxcw|wingdi.obj|migrated_from:src/game/CClientDC.cpp;VC5_afxwin_h_virtual_destructor|LIBRARY
0x00612a78||||||migrated_from:src/game/CDC.cpp original_tu_name:"?SelectPalette@CDC@@QAEPAVCPalette@@PAV2@H@Z" (inventory name kept)|LIBRARY
0x006109cf||||||migrated_from:src/game/CDocument.cpp comment:"CDocument::`scalar deleting destructor'"|SYNTHETIC
0x00610c08|CDocument::PreCloseFrame|||||migrated_from:src/game/CDocument.cpp|LIBRARY
0x00610f84|CDocument::GetDefaultMenu|||||migrated_from:src/game/CDocument.cpp|LIBRARY
0x00610f87|CDocument::GetDefaultAccelerator|||||migrated_from:src/game/CDocument.cpp|LIBRARY
0x0061180f|CDocument::OnIdle|||||migrated_from:src/game/CDocument.cpp|LIBRARY
0x00603423|CMapPtrToPtr::RemoveAll|||||migrated_from:src/game/CMapPtrToPtr.cpp|LIBRARY
0x006034cb|CMapPtrToPtr::FreeAssoc|||||migrated_from:src/game/CMapPtrToPtr.cpp|LIBRARY
0x006035bb|CMapPtrToPtr::RemoveKey|||||migrated_from:src/game/CMapPtrToPtr.cpp|LIBRARY
0x00415f00||||||migrated_from:src/game/CObject.cpp comment:"CObject::`scalar deleting destructor'"|SYNTHETIC
0x00412bd0|CObject::Serialize|||||migrated_from:src/game/CObject.cpp|LIBRARY
0x00412bf0|CObject::AssertValid|||||migrated_from:src/game/CObject.cpp|LIBRARY
0x00412c10|CObject::Dump|||||migrated_from:src/game/CObject.cpp|LIBRARY
0x00606fba|CObject::GetRuntimeClass|||||migrated_from:src/game/CObject.cpp|LIBRARY
0x00623a9a|CPalette::GetRuntimeClass|||||migrated_from:src/game/CPalette.cpp|LIBRARY
0x00601bdd|CPtrArray::~CPtrArray|||||migrated_from:src/game/CPtrArray.cpp|LIBRARY
0x00601de3|CPtrArray::SetAtGrow|||||migrated_from:src/game/CPtrArray.cpp|LIBRARY
0x00601e9f|CPtrArray::RemoveAt|||||migrated_from:src/game/CPtrArray.cpp|LIBRARY
0x00601f40||||||migrated_from:src/game/CPtrList.cpp comment:"CPtrList::`scalar deleting destructor'"|SYNTHETIC
0x00602004|CPtrList::FreeNode|||||migrated_from:src/game/CPtrList.cpp|LIBRARY
0x006020b9|CPtrList::RemoveHead|||||migrated_from:src/game/CPtrList.cpp|LIBRARY
0x006020dd|CPtrList::RemoveTail|||||migrated_from:src/game/CPtrList.cpp|LIBRARY
0x00602101|CPtrList::InsertBefore|||||migrated_from:src/game/CPtrList.cpp|LIBRARY
0x00602140|CPtrList::InsertAfter|||||migrated_from:src/game/CPtrList.cpp|LIBRARY
0x0060217d|CPtrList::RemoveAt|||||migrated_from:src/game/CPtrList.cpp|LIBRARY
0x006021b4|CPtrList::FindIndex|||||migrated_from:src/game/CPtrList.cpp|LIBRARY
0x006021d6|CPtrList::Find|||||migrated_from:src/game/CPtrList.cpp|LIBRARY
0x00623b3a|CPtrList::GetRuntimeClass|||||migrated_from:src/game/CPtrList.cpp|LIBRARY
0x00607706|CWnd::CWnd|||||migrated_from:src/game/MfcRuntime.cpp|LIBRARY
0x00607744|CWnd::CWnd_00607744|||||migrated_from:src/game/MfcRuntime.cpp|LIBRARY
0x00607782|CWnd::CWnd_00607782|||||migrated_from:src/game/MfcRuntime.cpp|LIBRARY
0x006077c0|CWnd::CWnd_006077C0|||||migrated_from:src/game/MfcRuntime.cpp|LIBRARY
0x005e8c50|`eh vector ctor iterator'|??_L@YGXPAXIHP6EX0@Z1@Z|void __stdcall `eh vector ctor iterator'(void *, unsigned int, int, void (__thiscall *)(void *), void (__thiscall *)(void *))|libcmt|ehvecctr.obj|retail_listing_matches_recomp_pdb_symbol_and_five_argument_eh_vector_ctor_abi|LIBRARY
0x005e8cc8|SehCleanup_CallCallbackRepeatedly|||||migrated_from:src/game/MfcRuntime.cpp|SYNTHETIC
0x005e8760||||||migrated_from:src/game/buffered_stream.cpp comment:"atoi-style signed decimal parse"|LIBRARY
0x005e8800||||||migrated_from:src/game/buffered_stream.cpp comment:"atoi wrapper"|LIBRARY
0x005e9010||||||migrated_from:src/game/buffered_stream.cpp comment:"fclose-style stream close"|LIBRARY
0x005e9050||||||migrated_from:src/game/buffered_stream.cpp comment:"flush/close/reset CRT FILE state"|LIBRARY
0x005e90c0||||||migrated_from:src/game/buffered_stream.cpp comment:"fopen-style stream open with mode"|LIBRARY
0x005e9100||||||migrated_from:src/game/buffered_stream.cpp comment:"fopen wrapper"|LIBRARY
0x005e9440||||||migrated_from:src/game/buffered_stream.cpp comment:"fread wrapper with stream lock"|LIBRARY
0x005e9480||||||migrated_from:src/game/buffered_stream.cpp comment:"fread core over CRT FILE buffer"|LIBRARY
0x005e95c0||||||migrated_from:src/game/buffered_stream.cpp comment:"getc-style read with stream lock"|LIBRARY
0x005edbc0||||||migrated_from:src/game/buffered_stream.cpp comment:"CRT FILE stream lock enter"|LIBRARY
0x005edc30||||||migrated_from:src/game/buffered_stream.cpp comment:"CRT FILE stream lock leave"|LIBRARY
0x005efd50||||||migrated_from:src/game/buffered_stream.cpp comment:"close low-level file descriptor"|LIBRARY
0x005efe50||||||migrated_from:src/game/buffered_stream.cpp comment:"free CRT FILE buffer"|LIBRARY
0x005eff10||||||migrated_from:src/game/buffered_stream.cpp comment:"fflush pending write buffer"|LIBRARY
0x005f0050||||||migrated_from:src/game/buffered_stream.cpp comment:"initialize CRT FILE from mode string"|LIBRARY
0x005f0220||||||migrated_from:src/game/buffered_stream.cpp comment:"allocate/reuse CRT FILE slot"|LIBRARY
0x005f1490||||||migrated_from:src/game/buffered_stream.cpp comment:"refill CRT FILE buffer and read first byte"|LIBRARY
0x005f1580||||||migrated_from:src/game/buffered_stream.cpp comment:"read low-level file descriptor"|LIBRARY
0x005e7ae0||||||migrated_from:src/game/crt_io_library.cpp comment:"_findfirst (FindFirstFileAndPopulateFileInfoRecord)"|LIBRARY
0x005e7c10||||||migrated_from:src/game/crt_io_library.cpp comment:"_findnext (FindNextFileAndPopulateFileInfoRecord)"|LIBRARY
0x005e7d30|_findclose|||||migrated_from:src/game/crt_io_library.cpp|LIBRARY
0x005e7d60|ConvertFileTimeToLocalEpochSeconds|||||migrated_from:src/game/crt_io_library.cpp|LIBRARY
0x005edcc0|ConvertBrokenDownLocalTimeToEpochSeconds|||||migrated_from:src/game/crt_io_library.cpp|LIBRARY
0x005ef5d0|EnsureRuntimeLocaleTablesInitializedOnce|||||migrated_from:src/game/crt_io_library.cpp|LIBRARY
0x005ef910|isindst|||||migrated_from:src/game/crt_io_library.cpp|LIBRARY
0x004943e0|WrapperFor_AppendPointerToGlobalVectorAsStatus_At004943e0|||||migrated_from:src/game/crt_io_library.cpp|LIBRARY
0x00494430|ReleaseQuickDrawCachedFontHandleIfPresent_At00494430|||||migrated_from:src/game/crt_io_library.cpp|LIBRARY
0x00494460|WrapperFor_AppendPointerToGlobalVectorAsStatus_At00494460|||||migrated_from:src/game/crt_io_library.cpp|LIBRARY
0x004944b0|ReleaseCachedGlobalFontObjectIfPresent_At004944b0|||||migrated_from:src/game/crt_io_library.cpp|LIBRARY
0x00618df2|DDX_LBString|||||migrated_from:src/game/list_box.cpp|LIBRARY
0x00618e72|DDX_LBStringExact|||||migrated_from:src/game/list_box.cpp|LIBRARY
0x005e7f50||||||migrated_from:src/game/mfc_heap_library.cpp comment:"_free (CRT free(), per symbols.csv -- not a game-specific tracking helper despite the"|LIBRARY
0x005e8310|AllocateWithGlobalNewMode|||||migrated_from:src/game/mfc_heap_library.cpp|LIBRARY
0x0041b1c0|CObject::operator new|||||migrated_from:src/game/mfc_heap_library.cpp|LIBRARY
0x0041b1e0|CRect::CRect|??0CRect@@QAE@HHHH@Z|public: __thiscall CRect::CRect(int,int,int,int)|mfc_inline|afxwin1.inl|listing stores l,t,r,b to tagRECT fields and returns with ret 0x10; exact vendor inline body|LIBRARY
0x0049eb00||||||migrated_from:src/game/mfc_heap_library.cpp comment:"CString::CString(class CString const &)"|LIBRARY
0x004b0970||||||migrated_from:src/game/mfc_heap_library.cpp comment:"CString::CString(void)"|LIBRARY
0x004ac370||||||migrated_from:src/game/mfc_heap_library.cpp comment:"CString::CString(char const *)"|LIBRARY
0x005db2f0|CString::GetLength|||||migrated_from:src/game/mfc_heap_library.cpp|LIBRARY
0x005d5d10|CString::operator char const *|??BCString@@QBEPBDXZ|public: __thiscall CString::operator char const *(void) const|||recompiled_PDB_decorated_symbol;exact_three_byte_mov_eax_this_ret_body(agent-verified)|LIBRARY
0x00413380|CObject::operator delete|||||migrated_from:src/game/mfc_heap_library.cpp|LIBRARY
0x005e54d1||?GetOwner@CWnd@@QBEPAV1@XZ||||migrated_from:src/game/library_msvc500_fid.cpp|LIBRARY
0x005e55ee|CDragListBox::Dropped|?Dropped@CDragListBox@@UAEXHVCPoint@@@Z|public: virtual void __thiscall CDragListBox::Dropped(int, class CPoint)|nafxcw|winctrl2.obj|oracle_unique_high+listing_contiguous_223_byte_body_after_absorbing_false_0x005e5661_split|LIBRARY
0x005e58e4||??1CProgressCtrl@@UAE@XZ||||migrated_from:src/game/library_msvc500_fid.cpp|LIBRARY
0x005e5a6f||??1CProgressCtrl@@UAE@XZ||||migrated_from:src/game/library_msvc500_fid.cpp|LIBRARY
0x005e5bd7||?OnChildNotify@CListCtrl@@MAEHIIJPAJ@Z||||migrated_from:src/game/library_msvc500_fid.cpp|LIBRARY
0x005e5c44||??1CProgressCtrl@@UAE@XZ||||migrated_from:src/game/library_msvc500_fid.cpp|LIBRARY
0x005e5eee||?OnChildNotify@CListCtrl@@MAEHIIJPAJ@Z||||migrated_from:src/game/library_msvc500_fid.cpp|LIBRARY
0x005e601e||??1CProgressCtrl@@UAE@XZ||||migrated_from:src/game/library_msvc500_fid.cpp|LIBRARY
0x005e61e9||?SetItem@CTreeCtrl@@QAEHPAU_TREEITEM@@IPBDHHIIJ@Z||||migrated_from:src/game/library_msvc500_fid.cpp|LIBRARY
0x005e63b2||??1CProgressCtrl@@UAE@XZ||||migrated_from:src/game/library_msvc500_fid.cpp|LIBRARY
0x005e644f|CProgressCtrl::~CHotKeyCtrl|||||migrated_from:src/game/library_msvc500_fid.cpp|LIBRARY
0x005e6590||??1CProgressCtrl@@UAE@XZ||||migrated_from:src/game/library_msvc500_fid.cpp|LIBRARY
0x005e6601||??1CProgressCtrl@@UAE@XZ||||migrated_from:src/game/library_msvc500_fid.cpp|LIBRARY
0x005e663c||?OnChildNotify@CListCtrl@@MAEHIIJPAJ@Z||||migrated_from:src/game/library_msvc500_fid.cpp|LIBRARY
0x005e66a3||??1CProgressCtrl@@UAE@XZ||||migrated_from:src/game/library_msvc500_fid.cpp|LIBRARY
0x005e6749||??1CProgressCtrl@@UAE@XZ||||migrated_from:src/game/library_msvc500_fid.cpp|LIBRARY
0x005e6784||?OnChildNotify@CListCtrl@@MAEHIIJPAJ@Z||||migrated_from:src/game/library_msvc500_fid.cpp|LIBRARY
0x005e6825||??1CProgressCtrl@@UAE@XZ||||migrated_from:src/game/library_msvc500_fid.cpp|LIBRARY
0x005e685d||??1CProgressCtrl@@UAE@XZ||||migrated_from:src/game/library_msvc500_fid.cpp|LIBRARY
0x005e68a2||??_GCGdiObject@@UAEPAXI@Z||||migrated_from:src/game/library_msvc500_fid.cpp|LIBRARY
0x005e68be||??1CBrush@@UAE@XZ||||migrated_from:src/game/library_msvc500_fid.cpp|LIBRARY
0x005e68f1||?Detach@CMenu@@QAEPAUHMENU__@@XZ||||migrated_from:src/game/library_msvc500_fid.cpp|LIBRARY
0x005e691b||?afxMapHMENU@@YAPAVCHandleMap@@H@Z||||migrated_from:src/game/library_msvc500_fid.cpp|LIBRARY
0x005e69a1||?DeleteTempMap@CMenu@@SGXXZ||||migrated_from:src/game/library_msvc500_fid.cpp|LIBRARY
0x005e6b35||??_GCHeaderCtrl@@UAEPAXI@Z||||migrated_from:src/game/library_msvc500_fid.cpp|LIBRARY
0x005e6b51||??_GCHeaderCtrl@@UAEPAXI@Z||||migrated_from:src/game/library_msvc500_fid.cpp|LIBRARY
0x005e6b6d||??_GCHeaderCtrl@@UAEPAXI@Z||||migrated_from:src/game/library_msvc500_fid.cpp|LIBRARY
0x005e6b89||??_GCHeaderCtrl@@UAEPAXI@Z||||migrated_from:src/game/library_msvc500_fid.cpp|LIBRARY
0x005e6ba5||??_GCHeaderCtrl@@UAEPAXI@Z||||migrated_from:src/game/library_msvc500_fid.cpp|LIBRARY
0x005e6bc1||??_GCHeaderCtrl@@UAEPAXI@Z||||migrated_from:src/game/library_msvc500_fid.cpp|LIBRARY
0x005e6bdd||??_GCHeaderCtrl@@UAEPAXI@Z||||migrated_from:src/game/library_msvc500_fid.cpp|LIBRARY
0x005e6bf9||??_GCHeaderCtrl@@UAEPAXI@Z||||migrated_from:src/game/library_msvc500_fid.cpp|LIBRARY
0x005e6c15||??_GCHeaderCtrl@@UAEPAXI@Z||||migrated_from:src/game/library_msvc500_fid.cpp|LIBRARY
0x005e6c31||??_GCHeaderCtrl@@UAEPAXI@Z||||migrated_from:src/game/library_msvc500_fid.cpp|LIBRARY
0x005e6c4d||??_GCHeaderCtrl@@UAEPAXI@Z||||migrated_from:src/game/library_msvc500_fid.cpp|LIBRARY
0x005e6c69||??_GCHeaderCtrl@@UAEPAXI@Z||||migrated_from:src/game/library_msvc500_fid.cpp|LIBRARY
0x005e6c85||??_GCHeaderCtrl@@UAEPAXI@Z||||migrated_from:src/game/library_msvc500_fid.cpp|LIBRARY
0x005e6ca1||??_GCHeaderCtrl@@UAEPAXI@Z||||migrated_from:src/game/library_msvc500_fid.cpp|LIBRARY
0x005e6cbd||??_GCHeaderCtrl@@UAEPAXI@Z||||migrated_from:src/game/library_msvc500_fid.cpp|LIBRARY
0x005e6cd9||??_GCHeaderCtrl@@UAEPAXI@Z||||migrated_from:src/game/library_msvc500_fid.cpp|LIBRARY
0x005e6e08||??0CMemoryException@@QAE@HI@Z||||migrated_from:src/game/library_msvc500_fid.cpp|LIBRARY
0x005e6e55||??0CMemoryException@@QAE@HI@Z||||migrated_from:src/game/library_msvc500_fid.cpp|LIBRARY
0x005e6fdf||??0CMemoryException@@QAE@HI@Z||||migrated_from:src/game/library_msvc500_fid.cpp|LIBRARY
0x005e702c||??0CMemoryException@@QAE@HI@Z||||migrated_from:src/game/library_msvc500_fid.cpp|LIBRARY
0x005e7079||||||migrated_from:src/game/library_msvc500_fid.cpp comment:"CSharedFile::`scalar deleting destructor'"|LIBRARY
0x005e709d|CCtrlView::~CListView|||||migrated_from:src/game/library_msvc500_fid.cpp|LIBRARY
0x005e70ce||??_GCGdiObject@@UAEPAXI@Z||||migrated_from:src/game/library_msvc500_fid.cpp|LIBRARY
0x005e70ea||??1CBrush@@UAE@XZ||||migrated_from:src/game/library_msvc500_fid.cpp|LIBRARY
0x005e717e||?Read@CArchiveStream@@UAGJPAXKPAK@Z||||migrated_from:src/game/library_msvc500_fid.cpp|LIBRARY
0x005e71d6||?Write@CArchiveStream@@UAGJPBXKPAK@Z||||migrated_from:src/game/library_msvc500_fid.cpp|LIBRARY
0x005e722f||?Seek@CArchiveStream@@UAGJT_LARGE_INTEGER@@KPAT_ULARGE_INTEGER@@@Z||||migrated_from:src/game/library_msvc500_fid.cpp|LIBRARY
0x005e730d|CFileException::~CArchiveException|||||migrated_from:src/game/library_msvc500_fid.cpp|LIBRARY
0x005e7400||?_JumpToContinuation@@YGXPAXPAUEHRegistrationNode@@@Z||||migrated_from:src/game/library_msvc500_fid.cpp|LIBRARY
0x005e7450||?_CallMemberFunction2@@YGXPAX00H@Z||||migrated_from:src/game/library_msvc500_fid.cpp|LIBRARY
0x005e7460||?_CallMemberFunction2@@YGXPAX00H@Z||||migrated_from:src/game/library_msvc500_fid.cpp|LIBRARY
0x005e74d0||___CxxFrameHandler||||migrated_from:src/game/library_msvc500_fid.cpp|LIBRARY
0x005e7590||?CatchGuardHandler@@YA?AW4_EXCEPTION_DISPOSITION@@PAUEHExceptionRecord@@PAUCatchGuardRN@@PAX2@Z||||migrated_from:src/game/library_msvc500_fid.cpp|LIBRARY
0x005e7690||?TranslatorGuardHandler@@YA?AW4_EXCEPTION_DISPOSITION@@PAUEHExceptionRecord@@PAUTranslatorGuardRN@@PAX2@Z||||migrated_from:src/game/library_msvc500_fid.cpp|LIBRARY
0x005e77a0||__global_unwind2||||migrated_from:src/game/library_msvc500_fid.cpp|LIBRARY
0x005e77e2||__local_unwind2||||migrated_from:src/game/library_msvc500_fid.cpp|LIBRARY
0x005e784a||__abnormal_termination||||migrated_from:src/game/library_msvc500_fid.cpp|LIBRARY
0x005e786d||__NLG_Notify1||||migrated_from:src/game/library_msvc500_fid.cpp|LIBRARY
0x005e7876||__NLG_Notify||||migrated_from:src/game/library_msvc500_fid.cpp|LIBRARY
0x005e7890||__onexit||||migrated_from:src/game/library_msvc500_fid.cpp|LIBRARY
0x005e7ac0||__callnewh||||migrated_from:src/game/library_msvc500_fid.cpp|LIBRARY
0x005e7df0||__aullshr||||migrated_from:src/game/library_msvc500_fid.cpp|LIBRARY
0x005e7e10||??_M@YGXPAXIHP6EX0@Z@Z||||migrated_from:src/game/library_msvc500_fid.cpp|LIBRARY
0x005e7e89||||||migrated_from:src/game/library_msvc500_fid.cpp comment:"$L12052"|LIBRARY
0x005e7ec0||?__ArrayUnwind@@YGXPAXIHP6EX0@Z@Z||||migrated_from:src/game/library_msvc500_fid.cpp|LIBRARY
0x005e8330||__nh_malloc||||migrated_from:src/game/library_msvc500_fid.cpp|LIBRARY
0x005e8380||__heap_alloc||||migrated_from:src/game/library_msvc500_fid.cpp|LIBRARY
0x005e8970|_isdigit|||||migrated_from:src/game/library_msvc500_fid.cpp|LIBRARY
0x005e89d0|_isspace|||||migrated_from:src/game/library_msvc500_fid.cpp|LIBRARY
0x005e8bb0|_vsprintf|||||migrated_from:src/game/library_msvc500_fid.cpp|LIBRARY
0x005e9120|_fprintf|||||migrated_from:src/game/library_msvc500_fid.cpp|LIBRARY
0x005e9170|_fwrite|||||migrated_from:src/game/library_msvc500_fid.cpp|LIBRARY
0x005e91b0||__fwrite_lk||||migrated_from:src/game/library_msvc500_fid.cpp|LIBRARY
0x005e9300|_fscanf|||||migrated_from:src/game/library_msvc500_fid.cpp|LIBRARY
0x005e9340|_strncpy|||||migrated_from:src/game/library_msvc500_fid.cpp|LIBRARY
0x005e9620||__itoa||||migrated_from:src/game/library_msvc500_fid.cpp|LIBRARY
0x005e9660|_xtoa|||||migrated_from:src/game/library_msvc500_fid.cpp|LIBRARY
0x005e9840|_sprintf|||||migrated_from:src/game/library_msvc500_fid.cpp|LIBRARY
0x005e98b0|_WinMainCRTStartup|||||migrated_from:src/game/library_msvc500_fid.cpp|LIBRARY
0x005e9b10||__strdup||||migrated_from:src/game/library_msvc500_fid.cpp|LIBRARY
0x005e9b60||__cinit||||migrated_from:src/game/library_msvc500_fid.cpp|LIBRARY
0x005e9b90|_exit|||||migrated_from:src/game/library_msvc500_fid.cpp|LIBRARY
0x005e9cb0||__lockexit||||migrated_from:src/game/library_msvc500_fid.cpp|LIBRARY
0x005e9cc0||__unlockexit||||migrated_from:src/game/library_msvc500_fid.cpp|LIBRARY
0x005e9cd0||__initterm||||migrated_from:src/game/library_msvc500_fid.cpp|LIBRARY
0x005e9cf0|_memcpy|||||migrated_from:src/game/library_msvc500_fid.cpp|LIBRARY
0x005ea030|_wcslen|||||migrated_from:src/game/library_msvc500_fid.cpp|LIBRARY
0x005ea050||__mbschr||||migrated_from:src/game/library_msvc500_fid.cpp|LIBRARY
0x005ea120||__mbspbrk||||migrated_from:src/game/library_msvc500_fid.cpp|LIBRARY
0x005ea1d0||__mbsupr||||migrated_from:src/game/library_msvc500_fid.cpp|LIBRARY
0x005ea280||__mbslwr||||migrated_from:src/game/library_msvc500_fid.cpp|LIBRARY
0x005ea330||__mbsrev||||migrated_from:src/game/library_msvc500_fid.cpp|LIBRARY
0x005ea3b0||__beginthreadex||||migrated_from:src/game/library_msvc500_fid.cpp|LIBRARY
0x005ea430||__threadstartex@4||||migrated_from:src/game/library_msvc500_fid.cpp|LIBRARY
0x005ea520|_memcmp|||||migrated_from:src/game/library_msvc500_fid.cpp|LIBRARY
0x005ea5d0||__CxxThrowException@8||||migrated_from:src/game/library_msvc500_fid.cpp|LIBRARY
0x005ea620||__mbsspn||||migrated_from:src/game/library_msvc500_fid.cpp|LIBRARY
0x005ea6d0||__mbscspn||||migrated_from:src/game/library_msvc500_fid.cpp|LIBRARY
0x005ea780||__mbsrchr||||migrated_from:src/game/library_msvc500_fid.cpp|LIBRARY
0x005ea810||__mbsstr||||migrated_from:src/game/library_msvc500_fid.cpp|LIBRARY
0x005ea8d0||__ismbcdigit||||migrated_from:src/game/library_msvc500_fid.cpp|LIBRARY
0x005ea970||__mbsinc||||migrated_from:src/game/library_msvc500_fid.cpp|LIBRARY
0x005ea990||__ismbcspace||||migrated_from:src/game/library_msvc500_fid.cpp|LIBRARY
0x005eaa40|_strtol|||||migrated_from:src/game/library_msvc500_fid.cpp|LIBRARY
0x005eaa60|_strtoxl|||||migrated_from:src/game/library_msvc500_fid.cpp|LIBRARY
0x005eacf0|_strtoul|||||migrated_from:src/game/library_msvc500_fid.cpp|LIBRARY
0x005ead20||__dosmaperr||||migrated_from:src/game/library_msvc500_fid.cpp|LIBRARY
0x005eae70||__msize||||migrated_from:src/game/library_msvc500_fid.cpp|LIBRARY
0x005eaee0||__setmbcp||||migrated_from:src/game/library_msvc500_fid.cpp|LIBRARY
0x005eb100|_getSystemCP|||||migrated_from:src/game/library_msvc500_fid.cpp|LIBRARY
0x005eb150|_CPtoLCID|||||migrated_from:src/game/library_msvc500_fid.cpp|LIBRARY
0x005eb1b0|_setSBCS|||||migrated_from:src/game/library_msvc500_fid.cpp|LIBRARY
0x005eb1f0||___initmbctable||||migrated_from:src/game/library_msvc500_fid.cpp|LIBRARY
0x005eb200|_mktime|||||migrated_from:src/game/library_msvc500_fid.cpp|LIBRARY
0x005eb220||__make_time_t||||migrated_from:src/game/library_msvc500_fid.cpp|LIBRARY
0x005eb460|_gmtime|||||migrated_from:src/game/library_msvc500_fid.cpp|LIBRARY
0x005ebb20|_strftime|||||migrated_from:src/game/library_msvc500_fid.cpp|LIBRARY
0x005ebb40||__Strftime||||migrated_from:src/game/library_msvc500_fid.cpp|LIBRARY
0x005ebc90||__expandtime||||migrated_from:src/game/library_msvc500_fid.cpp|LIBRARY
0x005ec230||__store_str||||migrated_from:src/game/library_msvc500_fid.cpp|LIBRARY
0x005ec260||__store_num||||migrated_from:src/game/library_msvc500_fid.cpp|LIBRARY
0x005ec300||__store_number||||migrated_from:src/game/library_msvc500_fid.cpp|LIBRARY
0x005ec370||__store_winword||||migrated_from:src/game/library_msvc500_fid.cpp|LIBRARY
0x005eccc0||___InternalCxxFrameHandler||||migrated_from:src/game/library_msvc500_fid.cpp|LIBRARY
0x005ecd90||?FindHandler@@YAXPAUEHExceptionRecord@@PAUEHRegistrationNode@@PAU_CONTEXT@@PAXPBU_s_FuncInfo@@EH1@Z||||migrated_from:src/game/library_msvc500_fid.cpp|LIBRARY
0x005ed050||?FindHandlerForForeignException@@YAXPAUEHExceptionRecord@@PAUEHRegistrationNode@@PAU_CONTEXT@@PAXPBU_s_FuncInfo@@HH1@Z||||migrated_from:src/game/library_msvc500_fid.cpp|LIBRARY
0x005ed130||___FrameUnwindToState||||migrated_from:src/game/library_msvc500_fid.cpp|LIBRARY
0x005ed210||?CatchIt@@YAXPAUEHExceptionRecord@@PAUEHRegistrationNode@@PAU_CONTEXT@@PAXPBU_s_FuncInfo@@PBU_s_HandlerType@@PBU_s_CatchableType@@PBU_s_TryBlockMapEntry@@H1@Z||||migrated_from:src/game/library_msvc500_fid.cpp|LIBRARY
0x005ed2a0||?CallCatchBlock@@YAPAXPAUEHExceptionRecord@@PAUEHRegistrationNode@@PAU_CONTEXT@@PBU_s_FuncInfo@@PAXHK@Z||||migrated_from:src/game/library_msvc500_fid.cpp|LIBRARY
0x005ed398||||||migrated_from:src/game/library_msvc500_fid.cpp comment:"$L12812"|LIBRARY
0x005ed430||?BuildCatchObject@@YAXPAUEHExceptionRecord@@PAUEHRegistrationNode@@PBU_s_HandlerType@@PBU_s_CatchableType@@@Z||||migrated_from:src/game/library_msvc500_fid.cpp|LIBRARY
0x005ed640||?_DestructExceptionObject@@YAXPAUEHExceptionRecord@@E@Z||||migrated_from:src/game/library_msvc500_fid.cpp|LIBRARY
0x005ed6c0||?AdjustPointer@@YAPAXPAXABUPMD@@@Z||||migrated_from:src/game/library_msvc500_fid.cpp|LIBRARY
0x005ed6f0||__CallSettingFrame@12||||migrated_from:src/game/library_msvc500_fid.cpp|LIBRARY
0x005ed740||__mtinit||||migrated_from:src/game/library_msvc500_fid.cpp|LIBRARY
0x005ed7d0||__initptd||||migrated_from:src/game/library_msvc500_fid.cpp|LIBRARY
0x005ed7f0||__getptd||||migrated_from:src/game/library_msvc500_fid.cpp|LIBRARY
0x005ed870||__freeptd||||migrated_from:src/game/library_msvc500_fid.cpp|LIBRARY
0x005ed9e0||?_inconsistency@@YAXXZ||||migrated_from:src/game/library_msvc500_fid.cpp|LIBRARY
0x005eda70||__mtinitlocks||||migrated_from:src/game/library_msvc500_fid.cpp|LIBRARY
0x005edc00||__lock_file2||||migrated_from:src/game/library_msvc500_fid.cpp|LIBRARY
0x005edc70||__unlock_file2||||migrated_from:src/game/library_msvc500_fid.cpp|LIBRARY
0x005ede75||__seh_longjmp_unwind@4||||migrated_from:src/game/library_msvc500_fid.cpp|LIBRARY
0x005ede90||__heap_init||||migrated_from:src/game/library_msvc500_fid.cpp|LIBRARY
0x005edf40||___sbh_new_region||||migrated_from:src/game/library_msvc500_fid.cpp|LIBRARY
0x005ee0b0||___sbh_release_region||||migrated_from:src/game/library_msvc500_fid.cpp|LIBRARY
0x005ee110||___sbh_decommit_pages||||migrated_from:src/game/library_msvc500_fid.cpp|LIBRARY
0x005ee1e0||___sbh_find_block||||migrated_from:src/game/library_msvc500_fid.cpp|LIBRARY
0x005ee240||___sbh_free_block||||migrated_from:src/game/library_msvc500_fid.cpp|LIBRARY
0x005ee2a0||___sbh_alloc_block||||migrated_from:src/game/library_msvc500_fid.cpp|LIBRARY
0x005ee4e0||___sbh_alloc_block_from_page||||migrated_from:src/game/library_msvc500_fid.cpp|LIBRARY
0x005ee660||___sbh_resize_block||||migrated_from:src/game/library_msvc500_fid.cpp|LIBRARY
0x005ee900||__isctype||||migrated_from:src/game/library_msvc500_fid.cpp|LIBRARY
0x005ee9a0||__allmul||||migrated_from:src/game/library_msvc500_fid.cpp|LIBRARY
0x005ee9e0||__flsbuf||||migrated_from:src/game/library_msvc500_fid.cpp|LIBRARY
0x005eeb10||__output||||migrated_from:src/game/library_msvc500_fid.cpp|LIBRARY
0x005ef4a0|_write_char|||||migrated_from:src/game/library_msvc500_fid.cpp|LIBRARY
0x005ef4f0|_write_multi_char|||||migrated_from:src/game/library_msvc500_fid.cpp|LIBRARY
0x005ef530|_write_string|||||migrated_from:src/game/library_msvc500_fid.cpp|LIBRARY
0x005ef570|_get_int_arg|||||migrated_from:src/game/library_msvc500_fid.cpp|LIBRARY
0x005ef590|_get_int64_arg|||||migrated_from:src/game/library_msvc500_fid.cpp|LIBRARY
0x005ef5b0|_get_short_arg|||||migrated_from:src/game/library_msvc500_fid.cpp|LIBRARY
0x005ef630||__tzset_lk||||migrated_from:src/game/library_msvc500_fid.cpp|LIBRARY
0x005ef940||__isindst_lk||||migrated_from:src/game/library_msvc500_fid.cpp|LIBRARY
0x005efbb0|_cvtdate|||||migrated_from:src/game/library_msvc500_fid.cpp|LIBRARY
0x005efdc0||__close_lk||||migrated_from:src/game/library_msvc500_fid.cpp|LIBRARY
0x005efe90|_fflush|||||migrated_from:src/game/library_msvc500_fid.cpp|LIBRARY
0x005efed0||__fflush_lk||||migrated_from:src/game/library_msvc500_fid.cpp|LIBRARY
0x005eff90|_flsall|||||migrated_from:src/game/library_msvc500_fid.cpp|LIBRARY
0x005f0300||__stbuf||||migrated_from:src/game/library_msvc500_fid.cpp|LIBRARY
0x005f03a0||__ftbuf||||migrated_from:src/game/library_msvc500_fid.cpp|LIBRARY
0x005f03e0||__write||||migrated_from:src/game/library_msvc500_fid.cpp|LIBRARY
0x005f0460||__write_lk||||migrated_from:src/game/library_msvc500_fid.cpp|LIBRARY
0x005f0670||__input||||migrated_from:src/game/library_msvc500_fid.cpp|LIBRARY
0x005f13b0||__hextodec||||migrated_from:src/game/library_msvc500_fid.cpp|LIBRARY
0x005f13f0||__inc||||migrated_from:src/game/library_msvc500_fid.cpp|LIBRARY
0x005f1420||__un_inc||||migrated_from:src/game/library_msvc500_fid.cpp|LIBRARY
0x005f1440||__whiteout||||migrated_from:src/game/library_msvc500_fid.cpp|LIBRARY
0x005f1600||__read_lk||||migrated_from:src/game/library_msvc500_fid.cpp|LIBRARY
0x005f1830||__aulldiv||||migrated_from:src/game/library_msvc500_fid.cpp|LIBRARY
0x005f18a0||__aullrem||||migrated_from:src/game/library_msvc500_fid.cpp|LIBRARY
0x005f1c70||__ismbblead||||migrated_from:src/game/library_msvc500_fid.cpp|LIBRARY
0x005f1ce0|_x_ismbbtype|||||migrated_from:src/game/library_msvc500_fid.cpp|LIBRARY
0x005f1d20||__setenvp||||migrated_from:src/game/library_msvc500_fid.cpp|LIBRARY
0x005f1e10||__setargv||||migrated_from:src/game/library_msvc500_fid.cpp|LIBRARY
0x005f1eb0|_parse_cmdline|||||migrated_from:src/game/library_msvc500_fid.cpp|LIBRARY
0x005f22c0||___crtGetEnvironmentStringsA||||migrated_from:src/game/library_msvc500_fid.cpp|LIBRARY
0x005f2420||__ioinit||||migrated_from:src/game/library_msvc500_fid.cpp|LIBRARY
0x005f2690||__FF_MSGBANNER||||migrated_from:src/game/library_msvc500_fid.cpp|LIBRARY
0x005f26d0||__NMSG_WRITE||||migrated_from:src/game/library_msvc500_fid.cpp|LIBRARY
0x005f28f0|_strchr|||||migrated_from:src/game/library_msvc500_fid.cpp|LIBRARY
0x005f29b0|_strpbrk|||||migrated_from:src/game/library_msvc500_fid.cpp|LIBRARY
0x005f29f0||___crtLCMapStringW||||migrated_from:src/game/library_msvc500_fid.cpp|LIBRARY
0x005f2c00|_wcsncnt|||||migrated_from:src/game/library_msvc500_fid.cpp|LIBRARY
0x005f2c40||___crtLCMapStringA||||migrated_from:src/game/library_msvc500_fid.cpp|LIBRARY
0x005f2e60|_strncnt|||||migrated_from:src/game/library_msvc500_fid.cpp|LIBRARY
0x005f2e90||__strrev||||migrated_from:src/game/library_msvc500_fid.cpp|LIBRARY
0x005f2ec0|_calloc|||||migrated_from:src/game/library_msvc500_fid.cpp|LIBRARY
0x005f3000|_strspn|||||migrated_from:src/game/library_msvc500_fid.cpp|LIBRARY
0x005f3040|_strcspn|||||migrated_from:src/game/library_msvc500_fid.cpp|LIBRARY
0x005f3080|_strrchr|||||migrated_from:src/game/library_msvc500_fid.cpp|LIBRARY
0x005f30b0|_strstr|||||migrated_from:src/game/library_msvc500_fid.cpp|LIBRARY
0x005f3130||___crtGetStringTypeW||||migrated_from:src/game/library_msvc500_fid.cpp|LIBRARY
0x005f32c0||___crtGetStringTypeA||||migrated_from:src/game/library_msvc500_fid.cpp|LIBRARY
0x005f3400|_toupper|||||migrated_from:src/game/library_msvc500_fid.cpp|LIBRARY
0x005f3490||__toupper_lk||||migrated_from:src/game/library_msvc500_fid.cpp|LIBRARY
0x005f3ec0||__strcmpi||||migrated_from:src/game/library_msvc500_fid.cpp|LIBRARY
0x005f41e0|_tolower|||||migrated_from:src/game/library_msvc500_fid.cpp|LIBRARY
0x005f4270||__tolower_lk||||migrated_from:src/game/library_msvc500_fid.cpp|LIBRARY
0x005f4950||__fptostr||||migrated_from:src/game/library_msvc500_fid.cpp|LIBRARY
0x005f4bb0||||||migrated_from:src/game/library_msvc500_fid.cpp original_tu_name:"_abort" (inventory name kept)|LIBRARY
0x005f4cb0||__lseek||||migrated_from:src/game/library_msvc500_fid.cpp|LIBRARY
0x005f4d30||__lseek_lk||||migrated_from:src/game/library_msvc500_fid.cpp|LIBRARY
0x005f4db0||__getbuf||||migrated_from:src/game/library_msvc500_fid.cpp|LIBRARY
0x005f4e10||__isatty||||migrated_from:src/game/library_msvc500_fid.cpp|LIBRARY
0x005f4e40|_wctomb|||||migrated_from:src/game/library_msvc500_fid.cpp|LIBRARY
0x005f4eb0||__wctomb_lk||||migrated_from:src/game/library_msvc500_fid.cpp|LIBRARY
0x005f4f30|_wcstombs|||||migrated_from:src/game/library_msvc500_fid.cpp|LIBRARY
0x005f4fb0||__wcstombs_lk||||migrated_from:src/game/library_msvc500_fid.cpp|LIBRARY
0x005f51a0|_wcsncnt|||||migrated_from:src/game/library_msvc500_fid.cpp|LIBRARY
0x005f5210||__getenv_lk||||migrated_from:src/game/library_msvc500_fid.cpp|LIBRARY
0x005f52a0||__alloc_osfhnd||||migrated_from:src/game/library_msvc500_fid.cpp|LIBRARY
0x005f5410||__set_osfhnd||||migrated_from:src/game/library_msvc500_fid.cpp|LIBRARY
0x005f54c0||__free_osfhnd||||migrated_from:src/game/library_msvc500_fid.cpp|LIBRARY
0x005f5560||__get_osfhandle||||migrated_from:src/game/library_msvc500_fid.cpp|LIBRARY
0x005f5660||__lock_fhandle||||migrated_from:src/game/library_msvc500_fid.cpp|LIBRARY
0x005f56d0||__unlock_fhandle||||migrated_from:src/game/library_msvc500_fid.cpp|LIBRARY
0x005f5700||__commit||||migrated_from:src/game/library_msvc500_fid.cpp|LIBRARY
0x005f57c0||__sopen||||migrated_from:src/game/library_msvc500_fid.cpp|LIBRARY
0x005f5b60|_mbtowc|||||migrated_from:src/game/library_msvc500_fid.cpp|LIBRARY
0x005f5be0||__mbtowc_lk||||migrated_from:src/game/library_msvc500_fid.cpp|LIBRARY
0x005f5ce0||__allshl||||migrated_from:src/game/library_msvc500_fid.cpp|LIBRARY
0x005f5d30||__ungetc_lk||||migrated_from:src/game/library_msvc500_fid.cpp|LIBRARY
0x005f5dc0||___crtMessageBoxA||||migrated_from:src/game/library_msvc500_fid.cpp|LIBRARY
0x005f5f00||__get_lc_time||||migrated_from:src/game/library_msvc500_fid.cpp|LIBRARY
0x005f6280||__free_lc_time||||migrated_from:src/game/library_msvc500_fid.cpp|LIBRARY
0x005f64c0|_storeTimeFmt|||||migrated_from:src/game/library_msvc500_fid.cpp|LIBRARY
0x005f67c0|_fix_grouping|||||migrated_from:src/game/library_msvc500_fid.cpp|LIBRARY
0x005f68f0||__get_lc_lconv||||migrated_from:src/game/library_msvc500_fid.cpp|LIBRARY
0x005f6a40|_fix_grouping|||||migrated_from:src/game/library_msvc500_fid.cpp|LIBRARY
0x005f6a80||__free_lc_lconv||||migrated_from:src/game/library_msvc500_fid.cpp|LIBRARY
0x005f6dc0|_strncmp|||||migrated_from:src/game/library_msvc500_fid.cpp|LIBRARY
0x005f7300|_signal|||||migrated_from:src/game/library_msvc500_fid.cpp|LIBRARY
0x005f77d0|_siglookup|||||migrated_from:src/game/library_msvc500_fid.cpp|LIBRARY
0x005f8640||__mbsnbicoll||||migrated_from:src/game/library_msvc500_fid.cpp|LIBRARY
0x005f8680||___wtomb_environ||||migrated_from:src/game/library_msvc500_fid.cpp|LIBRARY
0x005f8770||__chsize_lk||||migrated_from:src/game/library_msvc500_fid.cpp|LIBRARY
0x005f88c0||___getlocaleinfo||||migrated_from:src/game/library_msvc500_fid.cpp|LIBRARY
0x005f8a80||___crtGetLocaleInfoW||||migrated_from:src/game/library_msvc500_fid.cpp|LIBRARY
0x005f8bb0||___crtGetLocaleInfoA||||migrated_from:src/game/library_msvc500_fid.cpp|LIBRARY
0x005f8d10|_wcstoxl|||||migrated_from:src/game/library_msvc500_fid.cpp|LIBRARY
0x005f94b0||___crtCompareStringA||||migrated_from:src/game/library_msvc500_fid.cpp|LIBRARY
0x005f9780|_strncnt|||||migrated_from:src/game/library_msvc500_fid.cpp|LIBRARY
0x005f97b0||___crtsetenv||||migrated_from:src/game/library_msvc500_fid.cpp|LIBRARY
0x005f99c0|_findenv|||||migrated_from:src/game/library_msvc500_fid.cpp|LIBRARY
0x005f9a40|_copy_environ|||||migrated_from:src/game/library_msvc500_fid.cpp|LIBRARY
0x005f9b20||__setmode_lk||||migrated_from:src/game/library_msvc500_fid.cpp|LIBRARY
0x005f9b90|_towupper|||||migrated_from:src/game/library_msvc500_fid.cpp|LIBRARY
0x005f9c20||__towupper_lk||||migrated_from:src/game/library_msvc500_fid.cpp|LIBRARY
0x005f9ca0|_iswctype|||||migrated_from:src/game/library_msvc500_fid.cpp|LIBRARY
0x005fa7c2||||||migrated_from:src/game/library_msvc500_fid.cpp comment:"_WinMain@16"|LIBRARY
0x005fb0d5||?RelayToolTipMessage@@YGXPAVCToolTipCtrl@@PAUtagMSG@@@Z||||migrated_from:src/game/library_msvc500_fid.cpp|LIBRARY
0x005fee24||?SpanExcluding@CString@@QBE?AV1@PBD@Z||||migrated_from:src/game/library_msvc500_fid.cpp|LIBRARY
0x005fee4e||?SpanExcluding@CString@@QBE?AV1@PBD@Z||||migrated_from:src/game/library_msvc500_fid.cpp|LIBRARY
0x005fee99|CString::Find|?Find@CString@@QBEHPBD@Z|public: int __thiscall CString::Find(char const *) const|nafxcw|strex.obj|listing_body_calls___mbsstr+callsite_0x005d4379(agent-verified)|LIBRARY
0x005ff3cd||?InitString@CSimpleException@@QAEXXZ||||migrated_from:src/game/library_msvc500_fid.cpp|LIBRARY
0x0060038d||?FormatGmt@CTime@@QBE?AVCString@@PBD@Z||||migrated_from:src/game/library_msvc500_fid.cpp|LIBRARY
0x006003de||?FormatGmt@CTime@@QBE?AVCString@@PBD@Z||||migrated_from:src/game/library_msvc500_fid.cpp|LIBRARY
0x0060042f||?FormatGmt@CTime@@QBE?AVCString@@I@Z||||migrated_from:src/game/library_msvc500_fid.cpp|LIBRARY
0x0060048b||?FormatGmt@CTime@@QBE?AVCString@@I@Z||||migrated_from:src/game/library_msvc500_fid.cpp|LIBRARY
0x0060339a||??0CMapPtrToPtr@@QAE@H@Z||||migrated_from:src/game/library_msvc500_fid.cpp|LIBRARY
0x006033c1||??_GCGdiObject@@UAEPAXI@Z||||migrated_from:src/game/library_msvc500_fid.cpp|LIBRARY
0x00603516||?GetValueAt@CMapPtrToPtr@@QBEPAXPAX@Z||||migrated_from:src/game/library_msvc500_fid.cpp|LIBRARY
0x00603549||?Lookup@CMapPtrToPtr@@QBEHPAXAAPAX@Z||||migrated_from:src/game/library_msvc500_fid.cpp|LIBRARY
0x00603696||??_GCGdiObject@@UAEPAXI@Z||||migrated_from:src/game/library_msvc500_fid.cpp|LIBRARY
0x006036b2||?InitHashTable@CMapStringToOb@@QAEXIH@Z||||migrated_from:src/game/library_msvc500_fid.cpp|LIBRARY
0x006036f8||?RemoveAll@CMapStringToOb@@QAEXXZ||||migrated_from:src/game/library_msvc500_fid.cpp|LIBRARY
0x0060377d||?NewAssoc@CMapStringToOb@@IAEPAUCAssoc@1@XZ||||migrated_from:src/game/library_msvc500_fid.cpp|LIBRARY
0x006037dd||?FreeAssoc@CMapStringToOb@@IAEXPAUCAssoc@1@@Z||||migrated_from:src/game/library_msvc500_fid.cpp|LIBRARY
0x00603806||?GetAssocAt@CMapStringToOb@@IBEPAUCAssoc@1@PBDAAI@Z||||migrated_from:src/game/library_msvc500_fid.cpp|LIBRARY
0x00603906||?RemoveKey@CMapStringToOb@@QAEHPBD@Z||||migrated_from:src/game/library_msvc500_fid.cpp|LIBRARY
0x00604ce8||||||migrated_from:src/game/library_msvc500_fid.cpp comment:"CSharedFile::`scalar deleting destructor'"|LIBRARY
0x00604d04||??1CDialog@@UAE@XZ||||migrated_from:src/game/library_msvc500_fid.cpp|LIBRARY
0x00604e5e||?CreateDlgIndirect@CWnd@@IAEHPBUDLGTEMPLATE@@PAV1@PAUHINSTANCE__@@@Z||||migrated_from:src/game/library_msvc500_fid.cpp|LIBRARY
0x00605e12||?Find@CString@@QBEHD@Z||||migrated_from:src/game/library_msvc500_fid.cpp|LIBRARY
0x00605e33||?FindOneOf@CString@@QBEHPBD@Z||||migrated_from:src/game/library_msvc500_fid.cpp|LIBRARY
0x00605e52||||||migrated_from:src/game/library_msvc500_fid.cpp original_tu_name:"?MakeReverse@CString@@QAEXXZ" (inventory name kept)|LIBRARY
0x00605e64||?MakeReverse@CString@@QAEXXZ||||migrated_from:src/game/library_msvc500_fid.cpp|LIBRARY
0x00605e76||?MakeReverse@CString@@QAEXXZ||||migrated_from:src/game/library_msvc500_fid.cpp|LIBRARY
0x00605ea1||?OemToCharA@CString@@QAEXXZ||||migrated_from:src/game/library_msvc500_fid.cpp|LIBRARY
0x00605eb5||?OemToCharA@CString@@QAEXXZ||||migrated_from:src/game/library_msvc500_fid.cpp|LIBRARY
0x00605f87||?_AfxThreadEntry@@YGIPAX@Z||||migrated_from:src/game/library_msvc500_fid.cpp|LIBRARY
0x006068e9||?IsHelpKey@@YGHPAUtagMSG@@@Z||||migrated_from:src/game/library_msvc500_fid.cpp|LIBRARY
0x00606b1f||?DispatchCmdMsg@@YAHPAVCCmdTarget@@IHP81@AEXXZPAXIPAUAFX_CMDHANDLERINFO@@@Z||||migrated_from:src/game/library_msvc500_fid.cpp|LIBRARY
0x00606ff2||?CreateObject@CRuntimeClass@@QAEPAVCObject@@XZ||||migrated_from:src/game/library_msvc500_fid.cpp|LIBRARY
0x00607643||?AttachControlSite@CWnd@@IAEXPAVCHandleMap@@@Z||||migrated_from:src/game/library_msvc500_fid.cpp|LIBRARY
0x006076d8||||||migrated_from:src/game/library_msvc500_fid.cpp comment:"_$E361"|LIBRARY
0x00607716||||||migrated_from:src/game/library_msvc500_fid.cpp comment:"_$E367"|LIBRARY
0x00607754||||||migrated_from:src/game/library_msvc500_fid.cpp comment:"_$E372"|LIBRARY
0x00607792||||||migrated_from:src/game/library_msvc500_fid.cpp comment:"_$E377"|LIBRARY
0x006077f0||??_GCWnd@@UAEPAXI@Z||||migrated_from:src/game/library_msvc500_fid.cpp|LIBRARY
0x0060785a||?_AfxModifyStyle@@YGHPAUHWND__@@HKKI@Z||||migrated_from:src/game/library_msvc500_fid.cpp|LIBRARY
0x006078c3||?AfxCallWndProc@@YGJPAVCWnd@@PAUHWND__@@IIJ@Z||||migrated_from:src/game/library_msvc500_fid.cpp|LIBRARY
0x006079b3||?_AfxPreInitDialog@@YGXPAVCWnd@@PAUtagRECT@@PAK@Z||||migrated_from:src/game/library_msvc500_fid.cpp|LIBRARY
0x006079d6||?_AfxPostInitDialog@@YGXPAVCWnd@@ABUtagRECT@@K@Z||||migrated_from:src/game/library_msvc500_fid.cpp|LIBRARY
0x00607aab||?DeleteTempMap@CMenu@@SGXXZ||||migrated_from:src/game/library_msvc500_fid.cpp|LIBRARY
0x00607abf||?afxMapHWND@@YAPAVCHandleMap@@H@Z||||migrated_from:src/game/library_msvc500_fid.cpp|LIBRARY
0x00607c10||?_AfxActivationWndProc@@YGJPAUHWND__@@IIJ@Z||||migrated_from:src/game/library_msvc500_fid.cpp|LIBRARY
0x00607d5d||?_AfxHandleActivate@@YGXPAVCWnd@@I0@Z||||migrated_from:src/game/library_msvc500_fid.cpp|LIBRARY
0x00607dbe||?_AfxHandleSetCursor@@YGHPAVCWnd@@II@Z||||migrated_from:src/game/library_msvc500_fid.cpp|LIBRARY
0x00608257||??1CWnd@@UAE@XZ||||migrated_from:src/game/library_msvc500_fid.cpp|LIBRARY
0x0060870c||?OnCharToItem@CWnd@@IAEHIPAVCListBox@@I@Z||||migrated_from:src/game/library_msvc500_fid.cpp|LIBRARY
0x00608737||?OnCharToItem@CWnd@@IAEHIPAVCListBox@@I@Z||||migrated_from:src/game/library_msvc500_fid.cpp|LIBRARY
0x0060882f||?FindPopupMenuFromID@@YAPAVCMenu@@PAV1@I@Z||||migrated_from:src/game/library_msvc500_fid.cpp|LIBRARY
0x00608892||?AfxRegisterClass@@YGHPAUtagWNDCLASSA@@@Z||||migrated_from:src/game/library_msvc500_fid.cpp|LIBRARY
0x00608ba8||?OnWndMsg@CWnd@@MAEHIIJPAJ@Z||||migrated_from:src/game/library_msvc500_fid.cpp|LIBRARY
0x006093b6||?ActivateTopParent@CWnd@@QAEXXZ||||migrated_from:src/game/library_msvc500_fid.cpp|LIBRARY
0x00609d88||?OnParentNotify@CWnd@@IAEXIJ@Z||||migrated_from:src/game/library_msvc500_fid.cpp|LIBRARY
0x00609fba||?OnDisplayChange@CWnd@@IAEJIJ@Z||||migrated_from:src/game/library_msvc500_fid.cpp|LIBRARY
0x0060a031||?OnVScroll@CWnd@@IAEXIIPAVCScrollBar@@@Z||||migrated_from:src/game/library_msvc500_fid.cpp|LIBRARY
0x0060a052||?OnVScroll@CWnd@@IAEXIIPAVCScrollBar@@@Z||||migrated_from:src/game/library_msvc500_fid.cpp|LIBRARY
0x0060a8ce|AfxRegisterWithIcon|||||migrated_from:src/game/library_msvc500_fid.cpp|LIBRARY
0x0060b05c||?LockRange@CFile@@UAEXKK@Z||||migrated_from:src/game/library_msvc500_fid.cpp|LIBRARY
0x0060b085||?LockRange@CFile@@UAEXKK@Z||||migrated_from:src/game/library_msvc500_fid.cpp|LIBRARY
0x0060be52||?OsErrorToException@CFileException@@SGHJ@Z||||migrated_from:src/game/library_msvc500_fid.cpp|LIBRARY
0x0060c622||?ConvertDialogUnitsToPixels@@YAXPBDGHHPAUtagSIZE@@@Z||||migrated_from:src/game/library_msvc500_fid.cpp|LIBRARY
0x0060cda8||?AbbreviateName@@YAXPADHH@Z||||migrated_from:src/game/library_msvc500_fid.cpp|LIBRARY
0x0060d044||?DeleteTempMap@CMenu@@SGXXZ||||migrated_from:src/game/library_msvc500_fid.cpp|LIBRARY
0x0060d058|afxMapHMENU_60d058|||||migrated_from:src/game/library_msvc500_fid.cpp;distinct linked copy with separate module-state layout|LIBRARY
0x0060d151|CMenu::DeleteObject|||||migrated_from:src/game/library_msvc500_fid.cpp|LIBRARY
0x0060d2c0||?FromHandle@CHandleMap@@QAEPAVCObject@@PAX@Z||||migrated_from:src/game/library_msvc500_fid.cpp|LIBRARY
0x00610ce5||?DoSave@CDocument@@UAEHPBDH@Z||||migrated_from:src/game/library_msvc500_fid.cpp|LIBRARY
0x006113aa||??_GCCtrlView@@UAEPAXI@Z||||migrated_from:src/game/library_msvc500_fid.cpp|LIBRARY
0x00611443||?OnOpenDocument@CDocument@@UAEHPBD@Z||||migrated_from:src/game/library_msvc500_fid.cpp|LIBRARY
0x0061160e||?OnSaveDocument@CDocument@@UAEHPBD@Z||||migrated_from:src/game/library_msvc500_fid.cpp|LIBRARY
0x00611a47||?ReadStringLength@@YGIAAVCArchive@@@Z||||migrated_from:src/game/library_msvc500_fid.cpp|LIBRARY
0x0061207b||?ReadString@CArchive@@QAEPADPADI@Z||||migrated_from:src/game/library_msvc500_fid.cpp|LIBRARY
0x006126b2||?DeleteTempMap@CMenu@@SGXXZ||||migrated_from:src/game/library_msvc500_fid.cpp|LIBRARY
0x006126c6||?afxMapHDC@@YAPAVCHandleMap@@H@Z||||migrated_from:src/game/library_msvc500_fid.cpp|LIBRARY
0x00612984||?SelectObject@CDC@@QAEPAVCBrush@@PAV2@@Z||||migrated_from:src/game/library_msvc500_fid.cpp|LIBRARY
0x006129d7|CDC::SelectObject|?SelectObject@CDC@@UAEPAVCFont@@PAV2@@Z|public: virtual class CFont * __thiscall CDC::SelectObject(class CFont *)|nafxcw|wingdi.obj|remaining_identical_SelectObject_body_after_typed_pen_0x612931_and_brush_0x612984_assignment|LIBRARY
0x00612a2a|CDC::SelectClipRgn|||||migrated_from:src/game/library_msvc500_fid.cpp|LIBRARY
0x00612a9a||?SetPolyFillMode@CDC@@QAEHH@Z||||migrated_from:src/game/library_msvc500_fid.cpp|LIBRARY
0x00612ad2|CDC::SetBkMode|?SetBkMode@CDC@@QAEHH@Z|public: int __thiscall CDC::SetBkMode(int)|nafxcw|wingdi.obj|SetBkMode import at 0x006aadd0; all callers pass TRANSPARENT|LIBRARY
0x00612b0a||?SetPolyFillMode@CDC@@QAEHH@Z||||migrated_from:src/game/library_msvc500_fid.cpp|LIBRARY
0x00612b42||?SetPolyFillMode@CDC@@QAEHH@Z||||migrated_from:src/game/library_msvc500_fid.cpp|LIBRARY
0x00612b7a||?SetPolyFillMode@CDC@@QAEHH@Z||||migrated_from:src/game/library_msvc500_fid.cpp|LIBRARY
0x00612bb2||?SetPolyFillMode@CDC@@QAEHH@Z||||migrated_from:src/game/library_msvc500_fid.cpp|LIBRARY
0x00612c22||?MoveTo@CDC@@QAE?AVCPoint@@HH@Z||||MoveToEx import at 0x006aae18|LIBRARY
0x00612c6e||?MoveTo@CDC@@QAE?AVCPoint@@HH@Z||||MoveToEx import at 0x006aae18|LIBRARY
0x00612cba||?MoveTo@CDC@@QAE?AVCPoint@@HH@Z||||MoveToEx import at 0x006aae18|LIBRARY
0x00612d06||?ScaleWindowExt@CDC@@UAE?AVCSize@@HHHH@Z||||migrated_from:src/game/library_msvc500_fid.cpp|LIBRARY
0x00612daa||?MoveTo@CDC@@QAE?AVCPoint@@HH@Z||||MoveToEx import at 0x006aae18|LIBRARY
0x00612df6||?MoveTo@CDC@@QAE?AVCPoint@@HH@Z||||MoveToEx import at 0x006aae18|LIBRARY
0x00612e42||?ScaleWindowExt@CDC@@UAE?AVCSize@@HHHH@Z||||migrated_from:src/game/library_msvc500_fid.cpp|LIBRARY
0x00612eaa||?SelectClipRgn@CDC@@QAEHPAVCRgn@@@Z||||migrated_from:src/game/library_msvc500_fid.cpp|LIBRARY
0x00612ef8||?ExcludeClipRect@CDC@@QAEHHHHH@Z||||migrated_from:src/game/library_msvc500_fid.cpp|LIBRARY
0x00612f42||?ExcludeClipRect@CDC@@QAEHPBUtagRECT@@@Z||||migrated_from:src/game/library_msvc500_fid.cpp|LIBRARY
0x00612f8e||?IntersectClipRect@CDC@@QAEHHHHH@Z||||migrated_from:src/game/library_msvc500_fid.cpp|LIBRARY
0x00612fd8||?IntersectClipRect@CDC@@QAEHPBUtagRECT@@@Z||||migrated_from:src/game/library_msvc500_fid.cpp|LIBRARY
0x00613024||?OffsetClipRgn@CDC@@QAEHHH@Z||||migrated_from:src/game/library_msvc500_fid.cpp|LIBRARY
0x00613062||?OffsetClipRgn@CDC@@QAEHUtagSIZE@@@Z||||migrated_from:src/game/library_msvc500_fid.cpp|LIBRARY
0x006130a0||?MoveTo@CDC@@QAE?AVCPoint@@HH@Z||||MoveToEx import at 0x006aae18|LIBRARY
0x00613155|CDC::OffsetClipRgn|||||migrated_from:src/game/library_msvc500_fid.cpp|LIBRARY
0x00613193||?SetPolyFillMode@CDC@@QAEHH@Z||||migrated_from:src/game/library_msvc500_fid.cpp|LIBRARY
0x006131cb||?SetMapperFlags@CDC@@QAEKK@Z||||migrated_from:src/game/library_msvc500_fid.cpp|LIBRARY
0x00613203||?ArcTo@CDC@@QAEHHHHHHHHH@Z||||migrated_from:src/game/library_msvc500_fid.cpp|LIBRARY
0x0061325b||?SetPolyFillMode@CDC@@QAEHH@Z||||migrated_from:src/game/library_msvc500_fid.cpp|LIBRARY
0x00613293||?PolyDraw@CDC@@QAEHPBUtagPOINT@@PBEH@Z||||migrated_from:src/game/library_msvc500_fid.cpp|LIBRARY
0x006132dc||?PolyBezierTo@CDC@@QAEHPBUtagPOINT@@H@Z||||migrated_from:src/game/library_msvc500_fid.cpp|LIBRARY
0x00613322||?SetPolyFillMode@CDC@@QAEHH@Z||||migrated_from:src/game/library_msvc500_fid.cpp|LIBRARY
0x0061335a||?PolyBezierTo@CDC@@QAEHPBUtagPOINT@@H@Z||||migrated_from:src/game/library_msvc500_fid.cpp|LIBRARY
0x006137e7||||||migrated_from:src/game/library_msvc500_fid.cpp comment:"CClientDC::`scalar deleting destructor'"|LIBRARY
0x0061394f||??_GCPaintDC@@UAEPAXI@Z||||migrated_from:src/game/library_msvc500_fid.cpp|LIBRARY
0x0061396b||??1CPaintDC@@UAE@XZ||||migrated_from:src/game/library_msvc500_fid.cpp|LIBRARY
0x006139b2||?DeleteTempMap@CMenu@@SGXXZ||||migrated_from:src/game/library_msvc500_fid.cpp|LIBRARY
0x006139c6||?afxMapHGDIOBJ@@YGPAVCHandleMap@@H@Z||||migrated_from:src/game/library_msvc500_fid.cpp|LIBRARY
0x00613a79||?Detach@CMenu@@QAEPAUHMENU__@@XZ||||migrated_from:src/game/library_msvc500_fid.cpp|LIBRARY
0x00613c43||?CreateDIBPatternBrush@CBrush@@QAEHPAXI@Z||||migrated_from:src/game/library_msvc500_fid.cpp|LIBRARY
0x006142c0||??_GCCtrlView@@UAEPAXI@Z||||migrated_from:src/game/library_msvc500_fid.cpp|LIBRARY
0x00618ab1||?DDX_TextWithFormat@@YAXPAVCDataExchange@@HPBDIZZ||||migrated_from:src/game/library_msvc500_fid.cpp|LIBRARY
0x00618b21||?AfxSimpleScanf@@YGHPBD0PAD@Z||||migrated_from:src/game/library_msvc500_fid.cpp|LIBRARY
0x00618c01||?DDX_Text@@YGXPAVCDataExchange@@HAAJ@Z||||migrated_from:src/game/library_msvc500_fid.cpp|LIBRARY
0x00618c30||?DDX_Text@@YGXPAVCDataExchange@@HAAK@Z||||migrated_from:src/game/library_msvc500_fid.cpp|LIBRARY
0x00618c5f||?DDX_Text@@YGXPAVCDataExchange@@HAAH@Z||||migrated_from:src/game/library_msvc500_fid.cpp|LIBRARY
0x00618c8e||?DDX_Text@@YGXPAVCDataExchange@@HAAI@Z||||migrated_from:src/game/library_msvc500_fid.cpp|LIBRARY
0x00619083||?FailMinMaxWithFormat@@YGXPAVCDataExchange@@JJPBDI@Z||||migrated_from:src/game/library_msvc500_fid.cpp|LIBRARY
0x00619149||?DDV_MinMaxLong@@YGXPAVCDataExchange@@JJJ@Z||||migrated_from:src/game/library_msvc500_fid.cpp|LIBRARY
0x00619175||?DDV_MinMaxLong@@YGXPAVCDataExchange@@JJJ@Z||||migrated_from:src/game/library_msvc500_fid.cpp|LIBRARY
0x006191a1||?DDV_MinMaxUInt@@YGXPAVCDataExchange@@III@Z||||migrated_from:src/game/library_msvc500_fid.cpp|LIBRARY
0x006191cd||?DDV_MinMaxUInt@@YGXPAVCDataExchange@@III@Z||||migrated_from:src/game/library_msvc500_fid.cpp|LIBRARY
0x006194df||?CanEnterHelpMode@CFrameWnd@@QAEHXZ||||migrated_from:src/game/library_msvc500_fid.cpp|LIBRARY
0x006199fd||?MapClientArea@@YGKPAUHWND__@@UtagPOINT@@@Z||||migrated_from:src/game/library_msvc500_fid.cpp|LIBRARY
0x00619a92||?MapNonClientArea@@YGKH@Z||||migrated_from:src/game/library_msvc500_fid.cpp|LIBRARY
0x0061a216||?AppendFilterSuffix@@YAXAAVCString@@AAUtagOFNA@@PAVCDocTemplate@@PAV1@@Z||||migrated_from:src/game/library_msvc500_fid.cpp|LIBRARY
0x0061e0bd||?OnUpdateFrameTitle@CFrameWnd@@UAEXH@Z||||migrated_from:src/game/library_msvc500_fid.cpp|LIBRARY
0x0061e733||?BringToTop@CFrameWnd@@IAEXH@Z||||migrated_from:src/game/library_msvc500_fid.cpp|LIBRARY
0x0061e79d||?Create@CButton@@QAEHPBDKABUtagRECT@@PAVCWnd@@I@Z||||migrated_from:src/game/library_msvc500_fid.cpp|LIBRARY
0x0061e7bf||??1CProgressCtrl@@UAE@XZ||||migrated_from:src/game/library_msvc500_fid.cpp|LIBRARY
0x0061e7f7||?Create@CButton@@QAEHPBDKABUtagRECT@@PAVCWnd@@I@Z||||migrated_from:src/game/library_msvc500_fid.cpp|LIBRARY
0x0061e819|CProgressCtrl::~CHotKeyCtrl|||||migrated_from:src/game/library_msvc500_fid.cpp|LIBRARY
0x0061e87c||?OnChildNotify@CListCtrl@@MAEHIIJPAJ@Z||||migrated_from:src/game/library_msvc500_fid.cpp|LIBRARY
0x0061e8cb|Dtor_CListBox_FID_61e8cb|||||migrated_from:src/game/library_msvc500_fid.cpp|LIBRARY
0x0061ea56||??1CProgressCtrl@@UAE@XZ||||migrated_from:src/game/library_msvc500_fid.cpp|LIBRARY
0x0061eb67||??1CProgressCtrl@@UAE@XZ||||migrated_from:src/game/library_msvc500_fid.cpp|LIBRARY
0x0061ebc0||??1CProgressCtrl@@UAE@XZ||||migrated_from:src/game/library_msvc500_fid.cpp|LIBRARY
0x00621176||??6CDumpContext@@QAEAAV0@H@Z||||migrated_from:src/game/library_msvc500_fid.cpp|LIBRARY
0x006211a6||??6CDumpContext@@QAEAAV0@I@Z||||migrated_from:src/game/library_msvc500_fid.cpp|LIBRARY
0x006211d6||??6CDumpContext@@QAEAAV0@J@Z||||migrated_from:src/game/library_msvc500_fid.cpp|LIBRARY
0x00621206||??6CDumpContext@@QAEAAV0@K@Z||||migrated_from:src/game/library_msvc500_fid.cpp|LIBRARY
0x00621267||??6CDumpContext@@QAEAAV0@ABVCObject@@@Z||||migrated_from:src/game/library_msvc500_fid.cpp|LIBRARY
0x00622b3c||??_GCWinThread@@UAEPAXI@Z||||migrated_from:src/game/library_msvc500_fid.cpp|LIBRARY
0x00622bcd||?_AfxLoadDotBitmap@@YGXXZ||||migrated_from:src/game/library_msvc500_fid.cpp|LIBRARY
0x006235bd||??_G_AFX_BASE_MODULE_STATE@@UAEPAXI@Z||||migrated_from:src/game/library_msvc500_fid.cpp|LIBRARY
0x00623866||??_G_AFX_BASE_MODULE_STATE@@UAEPAXI@Z||||migrated_from:src/game/library_msvc500_fid.cpp|LIBRARY
0x006238c3||?Unlock@CTypeLibCache@@QAEXXZ||||migrated_from:src/game/library_msvc500_fid.cpp|LIBRARY
0x00623996|CEdit::GetRuntimeClass|?GetRuntimeClass@CEdit@@UBEPAUCRuntimeClass@@XZ|public: virtual struct CRuntimeClass * __thiscall CEdit::GetRuntimeClass(void)const|nafxcw|winctrl1.obj|cmceditwindow_vtable_0x64afd8_slot0;body=mov_eax_0x671b00_ret_where_0x671b00_CRuntimeClass_name="CEdit"(agent-verified 2026-07-23)
0x006239b8||||||migrated_from:src/game/library_msvc500_fid.cpp comment:"_$E350"|LIBRARY
0x006239f0||||||migrated_from:src/game/library_msvc500_fid.cpp comment:"_$E355"|LIBRARY
0x00623abc||||||migrated_from:src/game/library_msvc500_fid.cpp comment:"_$E350"|LIBRARY
0x00623af4||||||migrated_from:src/game/library_msvc500_fid.cpp comment:"_$E355"|LIBRARY
0x006240b8||?GetData@CProcessLocalObject@@QAEPAVCNoTrackObject@@P6GPAV2@XZ@Z||||migrated_from:src/game/library_msvc500_fid.cpp|LIBRARY
0x00624123||??1CProcessLocalObject@@QAE@XZ||||migrated_from:src/game/library_msvc500_fid.cpp|LIBRARY
0x00624dda||?SetRegKey@@YGHPBD00@Z||||migrated_from:src/game/library_msvc500_fid.cpp|LIBRARY
0x00626bb3||??1CWinThread@@UAE@XZ||||migrated_from:src/game/library_msvc500_fid.cpp|LIBRARY
0x004845f0||||mfc_template|afxtempl.h|listing_0x004845f0_exact_release_CList_GetNext_POSITION_ref_shape; xrefs from TUiEvent-list traversal at 0x00482fc0|LIBRARY
0x004924c0||||mfc_template|afxtempl.h|listing_0x004924c0_exact_release_CList_GetNext_POSITION_ref_shape; xrefs from TView child-list traversal at 0x0048b2d0 and 0x0048de00|LIBRARY
0x00479ba0|CDocManager::GetFirstDocTemplatePosition|?GetFirstDocTemplatePosition@CDocManager@@UBEPAU__POSITION@@XZ|public: virtual struct __POSITION * __thiscall CDocManager::GetFirstDocTemplatePosition(void) const|nafxcw|docmgr.obj|object_matcher_unique_review_1_candidate|LIBRARY
0x0047cac0||||mfc_inline|afxwin1.inl|exact_70_byte_duplicate_of_reviewed_CGdiObject_dtor_0x47d960;vendor_inline_calls_DeleteObject|LIBRARY
0x0047cb60||||mfc_inline|afxwin1.inl|exact_70_byte_duplicate_of_reviewed_CGdiObject_dtor_0x47d960;vendor_inline_calls_DeleteObject|LIBRARY
0x0047d9d0||||mfc_inline|afxwin1.inl|exact_70_byte_duplicate_of_reviewed_CGdiObject_dtor_0x47d960;vendor_inline_calls_DeleteObject|LIBRARY
0x0047da70||||mfc_inline|afxwin1.inl|exact_70_byte_duplicate_of_reviewed_CGdiObject_dtor_0x47d960;vendor_inline_calls_DeleteObject|LIBRARY
0x00494370||||mfc_inline|afxwin1.inl|exact_70_byte_duplicate_of_reviewed_CGdiObject_dtor_0x47d960;vendor_inline_calls_DeleteObject|LIBRARY
0x00623a82|CPen::GetRuntimeClass|?GetRuntimeClass@CPen@@UBEPAUCRuntimeClass@@XZ|public: virtual struct CRuntimeClass * __thiscall CPen::GetRuntimeClass(void) const|nafxcw|wingdi.obj|vtable_0x64b948_slot0_returns_CRuntimeClass_0x6722f8_named_CPen|LIBRARY
0x00497400||||compiler_emission||byte_exact_duplicate_of_CTemporaryRegion_dtor_0x497390;no_xrefs;not_a_distinct_source_function|LIBRARY
0x00497470||||compiler_emission||stack_receiver_cleanup_copy_of_CTemporaryRegion_dtor_shape;no_xrefs;not_a_distinct_source_function|LIBRARY
0x00497b00|CBrush::`scalar deleting destructor'|??_GCBrush@@UAEPAXI@Z|public: virtual void * __thiscall CBrush::`scalar deleting destructor'(unsigned int)|nafxcw|wingdi.obj|vtable_slot_0x672638_via_ILT_0x40759a;body_calls_reviewed_CGdiObject_dtor_then_operator_delete|LIBRARY
0x00497c20||||nafxcw||canonical_MFC_null_return_virtual_body;object_matcher_21_MFC_candidates;no_xrefs;not_game_source|LIBRARY
0x00497c40||||nafxcw||canonical_MFC_null_return_virtual_body;object_matcher_21_MFC_candidates;no_xrefs;not_game_source|LIBRARY
0x00497c60||||nafxcw|except.obj|canonical_empty_MFC_virtual_body;object_matcher_has_23_candidates_so_identity_intentionally_unassigned;no_game_xrefs|LIBRARY
0x004985b0|CGdiObject::CGdiObject|??0CGdiObject@@QAE@XZ|public: __thiscall CGdiObject::CGdiObject(void)|nafxcw|wingdi.obj|listing_stores_vtable_0x671054_and_null_m_hObject;slot0_0x623a7c_returns_runtime_class_0x6722e0_whose_name_is_CGdiObject;called_as_base_ctor_before_TScopedQuickDrawPen_vptr_0x64b948|LIBRARY
0x004985d0|CPen::CreatePen|?CreatePen@CPen@@QAEHHHK@Z|public: int __thiscall CPen::CreatePen(int,int,unsigned long)|nafxcw|wingdi.obj|listing_calls_CreatePen_then_CGdiObject_Attach;exact_vendor_afxwin1_inline_body|LIBRARY
0x0047ca90|CPalette::`scalar deleting destructor'|??_GCPalette@@UAEPAXI@Z|public: virtual void * __thiscall CPalette::`scalar deleting destructor'(unsigned int)|||vtable_0x645fe0_slot1;runtime_class_0x672358_name_CPalette;compiler_generated|SYNTHETIC
0x0047cb30|CGdiObject::`scalar deleting destructor'|??_GCGdiObject@@UAEPAXI@Z|public: virtual void * __thiscall CGdiObject::`scalar deleting destructor'(unsigned int)|||vtable_0x671054_slot1;runtime_class_0x6722e0_name_CGdiObject;compiler_generated|SYNTHETIC
0x0047da40|CRgn::`scalar deleting destructor'|??_GCRgn@@UAEPAXI@Z|public: virtual void * __thiscall CRgn::`scalar deleting destructor'(unsigned int)|||vtable_0x67106c_slot1;runtime_class_0x672370_name_CRgn;compiler_generated|SYNTHETIC
0x0047e200|CButton::`scalar deleting destructor'|??_GCButton@@UAEPAXI@Z|public: virtual void * __thiscall CButton::`scalar deleting destructor'(unsigned int)|||vtable_0x671c4c_slot1;runtime_class_0x671ab8_name_CButton;compiler_generated|SYNTHETIC
0x0047e230|CListBox::`scalar deleting destructor'|??_GCListBox@@UAEPAXI@Z|public: virtual void * __thiscall CListBox::`scalar deleting destructor'(unsigned int)|||vtable_0x671d1c_slot1;runtime_class_0x671ad0_name_CListBox;compiler_generated|SYNTHETIC
0x0047e260|CSliderCtrl::`scalar deleting destructor'|??_GCSliderCtrl@@UAEPAXI@Z|public: virtual void * __thiscall CSliderCtrl::`scalar deleting destructor'(unsigned int)|||vtable_0x6714cc_slot1;runtime_class_0x670d78_name_CSliderCtrl;compiler_generated|SYNTHETIC
0x0047e550|CPalette::GetEntryCount|?GetEntryCount@CPalette@@QAEHXZ|public: int __thiscall CPalette::GetEntryCount(void)|mfc_inline|afxwin1.inl|exact_GetObjectA_handle_count_mask_body|LIBRARY
0x0047ec00|CFileDialog::~CFileDialog|??1CFileDialog@@UAE@XZ|public: virtual __thiscall CFileDialog::~CFileDialog(void)|mfc_inline|afxdlgs.h|listing_destroys_CString_at_0xac_then_CDialog_base;MFC_owned|LIBRARY
0x004986a0|TScopedQuickDrawPen::`scalar deleting destructor'|??_GTScopedQuickDrawPen@@UAEPAXI@Z|public: virtual void * __thiscall TScopedQuickDrawPen::`scalar deleting destructor'(unsigned int)|||compiler_emitted_vtable_slot_for_polymorphic_TScopedQuickDrawPen;source_destructor_at_0x498610_emits_it_naturally|SYNTHETIC
0x00623471|CWnd::GetRuntimeClass|?GetRuntimeClass@CWnd@@UBEPAUCRuntimeClass@@XZ|public: virtual CRuntimeClass * __thiscall CWnd::GetRuntimeClass(void) const|nafxcw|wincore.obj|recompiled_PDB_roadmap_wincore_obj_exact_6_byte_body;TBackdropWindow_vtable_slot_0;listing_returns_CWnd_runtime_class_0x670b10|LIBRARY
0x0060396e|CMapStringToOb::GetNextAssoc|?GetNextAssoc@CMapStringToOb@@QBEXAAPAU__POSITION@@AAVCString@@AAPAVCObject@@@Z|public: void __thiscall CMapStringToOb::GetNextAssoc(struct __POSITION *&, class CString &, class CObject *&) const|nafxcw|map_so.obj|oracle_ambiguous_masked_match:ambiguous_2_candidates;nafxcw/map_so.obj;public_symbol|LIBRARY
0x005e8c20|_alloca_probe|__alloca_probe||libcmt|chkstk.obj|oracle_ambiguous_masked_match:ambiguous_2_candidates;libcmt/chkstk.obj;public_symbol|LIBRARY
0x00601d71|CDWordArray::Copy|?Copy@CDWordArray@@QAEXABV1@@Z|public: void __thiscall CDWordArray::Copy(class CDWordArray const &)|nafxcw|array_d.obj|oracle_ambiguous_masked_match:ambiguous_4_candidates;nafxcw/array_d.obj;public_symbol|LIBRARY
0x0060d127|CGdiObject::Detach|?Detach@CGdiObject@@QAEPAXXZ|public: void * __thiscall CGdiObject::Detach(void)|nafxcw|wingdi.obj|oracle_ambiguous_masked_match:ambiguous_3_candidates;nafxcw/wingdi.obj;public_symbol|LIBRARY
0x0061eb46|CComboBox::Create|?Create@CComboBox@@QAEHKABUtagRECT@@PAVCWnd@@I@Z|public: int __thiscall CComboBox::Create(unsigned long, struct tagRECT const &, class CWnd *, unsigned int)|nafxcw|winctrl1.obj|oracle_ambiguous_masked_match:ambiguous_4_candidates;nafxcw/winctrl1.obj;public_symbol|LIBRARY
0x005e6ee2|CDC::DrawTextA|?DrawTextA@CDC@@UAEHPBDHPAUtagRECT@@I@Z|public: virtual int __thiscall CDC::DrawTextA(char const *, int, struct tagRECT *, unsigned int)|nafxcw|wingdi.obj|oracle_ambiguous_masked_match:ambiguous_4_candidates;nafxcw/wingdi.obj;public_symbol|LIBRARY
0x005e6f5b|CDC::DrawTextA|?DrawTextA@CDC@@UAEHPBDHPAUtagRECT@@I@Z|public: virtual int __thiscall CDC::DrawTextA(char const *, int, struct tagRECT *, unsigned int)|nafxcw|wingdi.obj|oracle_ambiguous_masked_match:ambiguous_4_candidates;nafxcw/wingdi.obj;public_symbol|LIBRARY
0x005e6fa7|CDC::DrawTextA|?DrawTextA@CDC@@UAEHPBDHPAUtagRECT@@I@Z|public: virtual int __thiscall CDC::DrawTextA(char const *, int, struct tagRECT *, unsigned int)|nafxcw|wingdi.obj|oracle_ambiguous_masked_match:ambiguous_4_candidates;nafxcw/wingdi.obj;public_symbol|LIBRARY
0x0060866e|CWnd::GetWindowPlacement|?GetWindowPlacement@CWnd@@QBEHPAUtagWINDOWPLACEMENT@@@Z|public: int __thiscall CWnd::GetWindowPlacement(struct tagWINDOWPLACEMENT *) const|nafxcw|wincore.obj|oracle_ambiguous_masked_match:ambiguous_2_candidates;nafxcw/wincore.obj;public_symbol|LIBRARY
0x005e6ebe|CFtpConnection::GetCurrentDirectoryA|?GetCurrentDirectoryA@CFtpConnection@@QBEHPADPAK@Z|public: int __thiscall CFtpConnection::GetCurrentDirectoryA(char *, unsigned long *) const|nafxcw|inet.obj|oracle_ambiguous_masked_match:ambiguous_4_candidates;nafxcw/inet.obj;public_symbol|LIBRARY
0x005e4a90|CPtrArray::SetSize|||nafxcw|array_p.obj|MSVC500_header_afxcoll_h;fid_catalog_array_p_obj;duplicate_public_symbol_at_0x601c14;listing_matches_CPtrArray_layout_and_TWNetSessionManager_calls|LIBRARY
0x005f6af9|___init_ctype|___init_ctype|void __cdecl ___init_ctype(void)|libcmt|initctyp.obj|listing_locale_classification_tables;fid_catalog_initctyp_obj|LIBRARY
0x005f75c0|_raise|_raise|int __cdecl _raise(int signal)|libcmt|winsig.obj|listing_signal_handler_dispatch;fid_catalog_winsig_obj|LIBRARY
0x005ec930|AppendExponentSuffixToNumericBuffer|||libcmt|cvt.obj|called_only_by_CRT__cftoe_and__cftog;listing_numeric_exponent_formatting|LIBRARY
0x005ecaa0|AppendFractionalDigitsAndPadNumericBuffer|||libcmt|cvt.obj|called_only_by_CRT__cftof_and__cftog;listing_numeric_fraction_formatting|LIBRARY
0x005e9bf0|_doexit|_doexit|void __cdecl _doexit(int status, int quick, int retcaller)|libcmt|crt0dat.obj|listing_exit_callback_termination;fid_catalog_crt0dat_obj|LIBRARY
0x005f65c0|___lconv_init|___lconv_init|int __cdecl ___lconv_init(void)|libcmt|lcnvinit.obj|listing_locale_lconv_initialization;fid_catalog_lcnvinit_obj|LIBRARY
0x005f4060|MapFpControlWordToRuntimeControlBits|||libcmt|ieee87.obj|called_only_by_CRT__control87;listing_x87_control_word_to_runtime_bits|LIBRARY
0x005f4100|StoreMappedFpControlBits_NoOp|||libcmt|ieee87.obj|called_only_by_CRT__control87;listing_runtime_bits_to_x87_control_word|LIBRARY
0x00412600|`vector constructor iterator'|??_H@YGXPAXIHP6EX0@Z@Z|void __stdcall `vector constructor iterator'(void * base,unsigned int elementSize,int count,void * (__thiscall * ctor)(void *))|msvc500_compiler||decorated_name_??_H+compiler_array_construction_helper+xrefs_from_non_POD_local_arrays|LIBRARY
0x0061d89b|CFrameWnd::GetActiveView|?GetActiveView@CFrameWnd@@QBEPAVCView@@XZ|public: class CView * __thiscall CFrameWnd::GetActiveView(void) const|nafxcw|winfrm.obj|exact_decorated_symbol+VC5_afxwin_h_declaration+body_reads_CFrameWnd_m_pViewActive_at_0x98|LIBRARY
0x00494340|CPen::`scalar deleting destructor'|??_GCPen@@UAEPAXI@Z|public: virtual void * __thiscall CPen::`scalar deleting destructor'(unsigned int)|nafxcw|wingdi.obj|exact_decorated_scalar_dtor+CPen_vtable_0x64b934+calls_CPen_dtor_then_operator_delete|LIBRARY
0x005df630|CResourceException::`scalar deleting destructor'|??_GCResourceException@@UAEPAXI@Z|public: virtual void * __thiscall CResourceException::`scalar deleting destructor'(unsigned int)|nafxcw|except.obj|exact_decorated_scalar_dtor+CResourceException_vtable_0x672238+calls_CResourceException_dtor_then_operator_delete|LIBRARY
0x005e6e32|CResourceException::`scalar deleting destructor'|??_GCResourceException@@UAEPAXI@Z|public: virtual void * __thiscall CResourceException::`scalar deleting destructor'(unsigned int)|nafxcw|except.obj|vtable_slot_0x672650+RTTI_TypeDescriptor_CResourceException+listing_calls_dtor_then_operator_delete|LIBRARY
0x005e6e7f|CUserException::`scalar deleting destructor'|??_GCUserException@@UAEPAXI@Z|public: virtual void * __thiscall CUserException::`scalar deleting destructor'(unsigned int)|nafxcw|except.obj|vtable_slot_0x672670+RTTI_TypeDescriptor_CUserException+listing_calls_dtor_then_operator_delete|LIBRARY
0x005e6fc3|CException::`scalar deleting destructor'|??_GCException@@UAEPAXI@Z|public: virtual void * __thiscall CException::`scalar deleting destructor'(unsigned int)|nafxcw|except.obj|vtable_slot_0x672710+RTTI_TypeDescriptor_CException+listing_calls_dtor_then_operator_delete|LIBRARY
0x005e7009|CMemoryException::`scalar deleting destructor'|??_GCMemoryException@@UAEPAXI@Z|public: virtual void * __thiscall CMemoryException::`scalar deleting destructor'(unsigned int)|nafxcw|except.obj|vtable_slot_0x672730+RTTI_TypeDescriptor_CMemoryException+listing_calls_dtor_then_operator_delete|LIBRARY
0x005e7056|CNotSupportedException::`scalar deleting destructor'|??_GCNotSupportedException@@UAEPAXI@Z|public: virtual void * __thiscall CNotSupportedException::`scalar deleting destructor'(unsigned int)|nafxcw|except.obj|vtable_slot_0x672750+RTTI_TypeDescriptor_CNotSupportedException+listing_calls_dtor_then_operator_delete|LIBRARY
0x005ff5c5|CFileDialog::`scalar deleting destructor'|??_GCFileDialog@@UAEPAXI@Z|public: virtual void * __thiscall CFileDialog::`scalar deleting destructor'(unsigned int)|nafxcw|dlgfile.obj|vtable_slot_0x6728d0+RTTI_TypeDescriptor_CFileDialog+listing_calls_dtor_then_operator_delete|LIBRARY
0x006106e5|CSingleDocTemplate::`scalar deleting destructor'|??_GCSingleDocTemplate@@UAEPAXI@Z|public: virtual void * __thiscall CSingleDocTemplate::`scalar deleting destructor'(unsigned int)|nafxcw|docsingl.obj|vtable_slot_0x670750+RTTI_TypeDescriptor_CSingleDocTemplate+listing_calls_dtor_then_operator_delete|LIBRARY
0x00614e98|CScrollView::`scalar deleting destructor'|??_GCScrollView@@UAEPAXI@Z|public: virtual void * __thiscall CScrollView::`scalar deleting destructor'(unsigned int)|nafxcw|viewscrl.obj|vtable_slot_0x673590+RTTI_TypeDescriptor_CScrollView+listing_calls_dtor_then_operator_delete|LIBRARY
0x0061a98d|CNewTypeDlg::`scalar deleting destructor'|??_GCNewTypeDlg@@UAEPAXI@Z|public: virtual void * __thiscall CNewTypeDlg::`scalar deleting destructor'(unsigned int)|nafxcw|docmgr.obj|vtable_slot_0x6732e0+RTTI_TypeDescriptor_CNewTypeDlg+listing_calls_dtor_then_operator_delete|LIBRARY
0x00610701|CSingleDocTemplate::~CSingleDocTemplate|??1CSingleDocTemplate@@UAE@XZ|public: virtual __thiscall CSingleDocTemplate::~CSingleDocTemplate(void)|nafxcw|docsingl.obj|adjacent_scalar_dtor_0x006106e5+resets_vptr_0x67074c_then_tailcalls_CDocTemplate_dtor|LIBRARY
0x00614eb4|CScrollView::~CScrollView|??1CScrollView@@UAE@XZ|public: virtual __thiscall CScrollView::~CScrollView(void)|nafxcw|viewscrl.obj|adjacent_scalar_dtor_0x00614e98+resets_vptr_0x67358c_then_tailcalls_CView_dtor|LIBRARY
0x0061a982|CNewTypeDlg::~CNewTypeDlg|??1CNewTypeDlg@@UAE@XZ|public: virtual __thiscall CNewTypeDlg::~CNewTypeDlg(void)|nafxcw|docmgr.obj|adjacent_scalar_dtor_0x0061a98d+resets_vptr_0x6732dc_then_tailcalls_CDialog_dtor|LIBRARY
0x0041b6b0||||||resource_factory_registration_wrapper+pushes_BuildTradeSchoolDialogControls+calls_RegisterDialogFactoryCallback+no_retail_xrefs|SYNTHETIC
0x00427310||||||resource_factory_registration_wrapper+pushes_InitializeIndustryViewTradeMoveControlsAndCommodityRows+calls_RegisterDialogFactoryCallback+no_retail_xrefs|SYNTHETIC
0x00429580||||||resource_factory_registration_wrapper+pushes_InitializeIndustryOverviewPlacardsAndTradeStatusTags+calls_RegisterDialogFactoryCallback+no_retail_xrefs|SYNTHETIC
0x00430c30||||||resource_factory_registration_wrapper+pushes_BuildTurnEventDialogResourcesForEvent547Or7D8+calls_RegisterDialogFactoryCallback+no_retail_xrefs|SYNTHETIC
0x00435790||||||resource_factory_registration_wrapper+pushes_InitializeDealBookScreenControlsAndCommandTags+calls_RegisterDialogFactoryCallback+no_retail_xrefs|SYNTHETIC
0x0043dba0||||||resource_factory_registration_wrapper+pushes_BuildTurnEventDialogUiByCode+calls_RegisterDialogFactoryCallback+no_retail_xrefs|SYNTHETIC
0x0044a7f0||||||resource_factory_registration_wrapper+pushes_InitializeArmyNavyReportViewsAndCommandTags+calls_RegisterDialogFactoryCallback+no_retail_xrefs|SYNTHETIC
0x0044af70||||||resource_factory_registration_wrapper+pushes_BuildTurnEventDialogResources_2508+calls_RegisterDialogFactoryCallback+no_retail_xrefs|SYNTHETIC
0x0044fba0||||||resource_factory_registration_wrapper+pushes_InitializeJoinSelectorDialogControlsAndNationSlots+calls_RegisterDialogFactoryCallback+no_retail_xrefs|SYNTHETIC
0x00453880||||||resource_factory_registration_wrapper+pushes_BuildUiResourceTreeByTemplateIdAndBindScreenContext+calls_RegisterDialogFactoryCallback+no_retail_xrefs|SYNTHETIC
0x0045b0e0||||||resource_factory_registration_wrapper+pushes_InitializeGameSetupScreenControlsAndModeTags+calls_RegisterDialogFactoryCallback+no_retail_xrefs|SYNTHETIC
0x0045d500||||||resource_factory_registration_wrapper+pushes_InitializeTacticalBattleViewToolbarAndDialogControls+calls_RegisterDialogFactoryCallback+no_retail_xrefs|SYNTHETIC
0x0045e090||||||resource_factory_registration_wrapper+pushes_BuildTurnEventDialogResourcesForEvent898+calls_RegisterDialogFactoryCallback+no_retail_xrefs|SYNTHETIC
0x00460190||||||resource_factory_registration_wrapper+pushes_BuildTurnEventDialogResourcesForEvent8FC+calls_RegisterDialogFactoryCallback+no_retail_xrefs|SYNTHETIC
0x0046fcf0||||||resource_factory_registration_wrapper+pushes_InitializeTradeScreenBitmapControls+calls_RegisterDialogFactoryCallback+no_retail_xrefs|SYNTHETIC
0x00474980||||||resource_factory_registration_wrapper+pushes_BuildTurnEventDialogResourcesForEvent7DE+calls_RegisterDialogFactoryCallback+no_retail_xrefs|SYNTHETIC
0x004793a0||||||resource_factory_registration_wrapper+pushes_BuildUniversityDialogShell+calls_RegisterDialogFactoryCallback+no_retail_xrefs|SYNTHETIC
0x005ffe2c|RegisterCommdlgLbSelChangedNotifyMessage||void __cdecl RegisterCommdlgLbSelChangedNotifyMessage(void)|nafxcw|dlgfile.obj|CRT_XCU_0x6934b4+registers_LBSELCHSTRING_into_MFC_global+adjacent_CFileDialog_object_member|LIBRARY
0x005ffe42|RegisterCommdlgShareViolationMessage||void __cdecl RegisterCommdlgShareViolationMessage(void)|nafxcw|dlgfile.obj|CRT_XCU_0x6934b8+registers_SHAREVISTRING_into_MFC_global+adjacent_CFileDialog_object_member|LIBRARY
0x005ffe58|RegisterCommdlgFileNameOkMessage||void __cdecl RegisterCommdlgFileNameOkMessage(void)|nafxcw|dlgfile.obj|CRT_XCU_0x6934bc+registers_FILEOKSTRING_into_MFC_global+adjacent_CFileDialog_object_member|LIBRARY
0x005ffe6e|RegisterCommdlgColorOkMessage||void __cdecl RegisterCommdlgColorOkMessage(void)|nafxcw|dlgfile.obj|CRT_XCU_0x6934c0+registers_COLOROKSTRING_into_MFC_global+adjacent_CFileDialog_object_member|LIBRARY
0x005ffe84|RegisterCommdlgHelpMessage||void __cdecl RegisterCommdlgHelpMessage(void)|nafxcw|dlgfile.obj|CRT_XCU_0x6934c4+registers_HELPMSGSTRING_into_MFC_global+adjacent_CFileDialog_object_member|LIBRARY
0x005ffe9a|RegisterCommdlgSetRgbColorMessage||void __cdecl RegisterCommdlgSetRgbColorMessage(void)|nafxcw|dlgfile.obj|CRT_XCU_0x6934c8+registers_SETRGBSTRING_into_MFC_global+adjacent_CFileDialog_object_member|LIBRARY
0x006076bd|RegisterCommctrlDragListMessage||void __cdecl RegisterCommctrlDragListMessage(void)|nafxcw|winctrl2.obj|CRT_XCU_0x693488+registers_DRAGLISTMSGSTRING_into_MFC_global+adjacent_CDragListBox_object_member|LIBRARY
0x0061c55e|ResetMouseWheelTrackingGlobals||void __cdecl ResetMouseWheelTrackingGlobals(void)|nafxcw|winfrm.obj|CRT_XCU_0x693480+initializes_MFC_mouse_wheel_tracking_globals+adjacent_CFrameWnd_object_member|LIBRARY
0x0061c581|RegisterMouseWheelRollMessageForLegacyWindows||void __cdecl RegisterMouseWheelRollMessageForLegacyWindows(void)|nafxcw|winfrm.obj|CRT_XCU_0x693484+registers_MSH_MOUSEWHEEL_conditionally_by_Windows_version+adjacent_CFrameWnd_object_member|LIBRARY
0x006076ce|InitializeMfcWndTopGlobal||void __cdecl InitializeMfcWndTopGlobal(void)|nafxcw|wincore.obj|CRT_XCU_0x69348c+10_byte_call_then_tail_atexit_registration+constructs_global_CWnd_0x6a7950|LIBRARY
0x0060770c|InitializeMfcWndBottomGlobal||void __cdecl InitializeMfcWndBottomGlobal(void)|nafxcw|wincore.obj|CRT_XCU_0x693490+10_byte_call_then_tail_atexit_registration+constructs_global_CWnd_0x6a7a10|LIBRARY
0x0060774a|InitializeMfcWndTopMostGlobal||void __cdecl InitializeMfcWndTopMostGlobal(void)|nafxcw|wincore.obj|CRT_XCU_0x693494+10_byte_call_then_tail_atexit_registration+constructs_global_CWnd_0x6a7990|LIBRARY
0x00607788|InitializeMfcWndNoTopMostGlobal||void __cdecl InitializeMfcWndNoTopMostGlobal(void)|nafxcw|wincore.obj|CRT_XCU_0x693498+10_byte_call_then_tail_atexit_registration+constructs_global_CWnd_0x6a79d0|LIBRARY
0x006239ae|InitializeMfcGlobalExceptionObjectA||void __cdecl InitializeMfcGlobalExceptionObjectA(void)|nafxcw|except.obj|CRT_XCU_0x69349c+10_byte_call_then_tail_atexit_registration+constructs_MFC_exception_global_0x6a7af0|LIBRARY
0x006239e6|InitializeMfcGlobalExceptionObjectB||void __cdecl InitializeMfcGlobalExceptionObjectB(void)|nafxcw|except.obj|CRT_XCU_0x6934a0+10_byte_call_then_tail_atexit_registration+constructs_MFC_exception_global_0x6a7a58|LIBRARY
0x00623ab2|InitializeMfcGlobalExceptionObjectC||void __cdecl InitializeMfcGlobalExceptionObjectC(void)|nafxcw|except.obj|CRT_XCU_0x6934a4+10_byte_call_then_tail_atexit_registration+constructs_MFC_exception_global|LIBRARY
0x00623aea|InitializeMfcGlobalExceptionObjectD||void __cdecl InitializeMfcGlobalExceptionObjectD(void)|nafxcw|except.obj|CRT_XCU_0x6934a8+10_byte_call_then_tail_atexit_registration+constructs_MFC_exception_global|LIBRARY
0x0061ebf8|InitializeMfcDcHandleMapThreadLocal||void __cdecl InitializeMfcDcHandleMapThreadLocal(void)|nafxcw|wingdi.obj|CRT_XCU_0x6934ac+10_byte_call_then_tail_atexit_registration+cleanup_deletes_global_0x6a7cb8+adjacent_CDC_methods|LIBRARY
0x006241a7|InitializeMfcAuxDataGlobal||void __cdecl InitializeMfcAuxDataGlobal(void)|nafxcw|auxdata.obj|CRT_XCU_0x6934b0+10_byte_call_then_tail_atexit_registration+constructs_AUX_DATA_global_0x6a7d00|LIBRARY
0x005fa829|RegisterMfcGlobalCleanup_005fa835||void __cdecl RegisterMfcGlobalCleanup_005fa835(void)|||compiler_atexit_wrapper+pushes_callback_0x005fa835+calls_atexit_0x005e7920|SYNTHETIC
0x006076e5|RegisterMfcGlobalCleanup_006076f1||void __cdecl RegisterMfcGlobalCleanup_006076f1(void)|||compiler_atexit_wrapper+pushes_callback_0x006076f1+calls_atexit_0x005e7920|SYNTHETIC
0x00607723|RegisterMfcGlobalCleanup_0060772f||void __cdecl RegisterMfcGlobalCleanup_0060772f(void)|||compiler_atexit_wrapper+pushes_callback_0x0060772f+calls_atexit_0x005e7920|SYNTHETIC
0x00607761|RegisterMfcGlobalCleanup_0060776d||void __cdecl RegisterMfcGlobalCleanup_0060776d(void)|||compiler_atexit_wrapper+pushes_callback_0x0060776d+calls_atexit_0x005e7920|SYNTHETIC
0x0060779f|RegisterMfcGlobalCleanup_006077ab||void __cdecl RegisterMfcGlobalCleanup_006077ab(void)|||compiler_atexit_wrapper+pushes_callback_0x006077ab+calls_atexit_0x005e7920|SYNTHETIC
0x0061ec03|RegisterMfcGlobalCleanup_0061ec0f||void __cdecl RegisterMfcGlobalCleanup_0061ec0f(void)|||compiler_atexit_wrapper+pushes_callback_0x0061ec0f+calls_atexit_0x005e7920|SYNTHETIC
0x00622a96|RegisterMfcGlobalCleanup_00622aa2||void __cdecl RegisterMfcGlobalCleanup_00622aa2(void)|||compiler_atexit_wrapper+pushes_callback_0x00622aa2+calls_atexit_0x005e7920|SYNTHETIC
0x006239ca|RegisterMfcGlobalCleanup_006239d6||void __cdecl RegisterMfcGlobalCleanup_006239d6(void)|||compiler_atexit_wrapper+pushes_callback_0x006239d6+calls_atexit_0x005e7920|SYNTHETIC
0x00623a02|RegisterMfcGlobalCleanup_00623a0e||void __cdecl RegisterMfcGlobalCleanup_00623a0e(void)|||compiler_atexit_wrapper+pushes_callback_0x00623a0e+calls_atexit_0x005e7920|SYNTHETIC
0x00623ace|RegisterMfcGlobalCleanup_00623ada||void __cdecl RegisterMfcGlobalCleanup_00623ada(void)|||compiler_atexit_wrapper+pushes_callback_0x00623ada+calls_atexit_0x005e7920|SYNTHETIC
0x00623b06|RegisterMfcGlobalCleanup_00623b12||void __cdecl RegisterMfcGlobalCleanup_00623b12(void)|||compiler_atexit_wrapper+pushes_callback_0x00623b12+calls_atexit_0x005e7920|SYNTHETIC
0x006241bb|RegisterMfcGlobalCleanup_006241c7||void __cdecl RegisterMfcGlobalCleanup_006241c7(void)|||compiler_atexit_wrapper+pushes_callback_0x006241c7+calls_atexit_0x005e7920|SYNTHETIC
0x00624492|RegisterMfcGlobalCleanup_0062449e||void __cdecl RegisterMfcGlobalCleanup_0062449e(void)|||compiler_atexit_wrapper+pushes_callback_0x0062449e+calls_atexit_0x005e7920|SYNTHETIC
0x006244b8|RegisterMfcGlobalCleanup_006244c4||void __cdecl RegisterMfcGlobalCleanup_006244c4(void)|||compiler_atexit_wrapper+pushes_callback_0x006244c4+calls_atexit_0x005e7920|SYNTHETIC
0x005fa815|InitializeMfcTermAppStateGlobal||void __cdecl InitializeMfcTermAppStateGlobal(void)|nafxcw|appinit.obj|initializer_table_0x69221c+10_byte_call_then_tail_atexit_registration+adjacent_AFX_TERM_APP_STATE_ctor_dtor|LIBRARY
0x00622a8b|InitializeMfcWinAppThreadLocalGlobal||void __cdecl InitializeMfcWinAppThreadLocalGlobal(void)|nafxcw|appcore.obj|initializer_table_0x692210+10_byte_call_then_tail_atexit_registration+adjacent_CWinApp_methods|LIBRARY
0x00624487|InitializeMfcThreadLocalGlobal_006a7d70||void __cdecl InitializeMfcThreadLocalGlobal_006a7d70(void)|nafxcw||initializer_table_0x692214+10_byte_call_then_tail_atexit_registration+cleanup_targets_global_0x6a7d70|LIBRARY
0x0062449e|DestroyMfcThreadLocalGlobal_006a7d70||void __cdecl DestroyMfcThreadLocalGlobal_006a7d70(void)|||compiler_atexit_cleanup+loads_global_0x6a7d70+tailcalls_CThreadLocalObject_dtor_after_extent_repair|SYNTHETIC
0x005ff3f6|CSimpleException::GetErrorMessage|?GetErrorMessage@CSimpleException@@UAEHPADIPAI@Z|public: virtual int __thiscall CSimpleException::GetErrorMessage(char *, unsigned int, unsigned int *)|nafxcw|except.obj|oracle_unique_high_after_reabsorbing_false_0x005ff429_and_0x005ff432_tail_fragments|LIBRARY
0x005df610|CObject::~CObject|??1CObject@@UAE@XZ|public: virtual __thiscall CObject::~CObject(void)|nafxcw||exact_CObject_vtable_0x66fec4_reset+called_as_base_destructor+per_TU_COMDAT_copy|LIBRARY
0x005e6e4e|CObject::~CObject|??1CObject@@UAE@XZ|public: virtual __thiscall CObject::~CObject(void)|nafxcw||exact_CObject_vtable_0x66fec4_reset+called_as_base_destructor+per_TU_COMDAT_copy|LIBRARY
0x005e6e9b|CObject::~CObject|??1CObject@@UAE@XZ|public: virtual __thiscall CObject::~CObject(void)|nafxcw||exact_CObject_vtable_0x66fec4_reset+called_as_base_destructor+per_TU_COMDAT_copy|LIBRARY
0x005e7025|CObject::~CObject|??1CObject@@UAE@XZ|public: virtual __thiscall CObject::~CObject(void)|nafxcw||exact_CObject_vtable_0x66fec4_reset+called_as_base_destructor+per_TU_COMDAT_copy|LIBRARY
0x005e7072|CObject::~CObject|??1CObject@@UAE@XZ|public: virtual __thiscall CObject::~CObject(void)|nafxcw||exact_CObject_vtable_0x66fec4_reset+called_as_base_destructor+per_TU_COMDAT_copy|LIBRARY
0x00415f30|CObject::~CObject|??1CObject@@UAE@XZ|public: virtual __thiscall CObject::~CObject(void)|nafxcw||exact_CObject_vtable_0x66fec4_reset+called_as_base_destructor+per_TU_COMDAT_copy|LIBRARY
0x004919e0|COleStreamFile::GetStream|?GetStream@COleStreamFile@@QBEPAUIStream@@XZ|public: struct IStream * __thiscall COleStreamFile::GetStream(void) const|nafxcw|olestrm.obj|object_matcher_unique_review_1_candidate+byte_exact_field_return+no_manual_xrefs|LIBRARY
0x00492420|CDocManager::GetFirstDocTemplatePosition|?GetFirstDocTemplatePosition@CDocManager@@UBEPAU__POSITION@@XZ|public: virtual struct __POSITION * __thiscall CDocManager::GetFirstDocTemplatePosition(void) const|nafxcw|docmgr.obj|object_matcher_unique_review_1_candidate+byte_exact_field_return+no_manual_xrefs|LIBRARY
0x00619d82|CMemFile::Abort|?Abort@CMemFile@@UAEXXZ|public: virtual void __thiscall CMemFile::Abort(void)|nafxcw|filemem.obj|object_matcher_unique_review_1_candidate+byte_exact_vslot_tail_dispatch|LIBRARY
0x00606ca6|CCmdTarget::GetMessageMap|?GetMessageMap@CCmdTarget@@MBEPBUAFX_MSGMAP@@XZ|protected: virtual struct AFX_MSGMAP const * __thiscall CCmdTarget::GetMessageMap(void) const|nafxcw|cmdtarg.obj|exact_constant_return_0x670560+CCmdTarget_vtable_slot+VC5_library_symbol|LIBRARY
0x00610965|CDocument::GetMessageMap|?GetMessageMap@CDocument@@MBEPBUAFX_MSGMAP@@XZ|protected: virtual struct AFX_MSGMAP const * __thiscall CDocument::GetMessageMap(void) const|nafxcw|doccore.obj|exact_constant_return_0x672078+CDocument_vtable_slot+VC5_library_symbol|LIBRARY
0x00622cad|CCmdTarget::GetRuntimeClass|?GetRuntimeClass@CCmdTarget@@UBEPAUCRuntimeClass@@XZ|public: virtual struct CRuntimeClass * __thiscall CCmdTarget::GetRuntimeClass(void) const|nafxcw|cmdtarg.obj|exact_constant_return_0x670640+CCmdTarget_vtable_slot+VC5_library_symbol|LIBRARY
0x006239a2|CDocument::GetRuntimeClass|?GetRuntimeClass@CDocument@@UBEPAUCRuntimeClass@@XZ|public: virtual struct CRuntimeClass * __thiscall CDocument::GetRuntimeClass(void) const|nafxcw|doccore.obj|exact_constant_return_0x6720e0+CDocument_vtable_slot+VC5_library_symbol|LIBRARY
0x00623b40|CFileException::GetRuntimeClass|?GetRuntimeClass@CFileException@@UBEPAUCRuntimeClass@@XZ|public: virtual struct CRuntimeClass * __thiscall CFileException::GetRuntimeClass(void) const|nafxcw|filecore.obj|exact_constant_return_0x672f28+CFileException_vtable_slot+VC5_library_symbol|LIBRARY
0x00623b46|CMemFile::GetRuntimeClass|?GetRuntimeClass@CMemFile@@UBEPAUCRuntimeClass@@XZ|public: virtual struct CRuntimeClass * __thiscall CMemFile::GetRuntimeClass(void) const|nafxcw|filemem.obj|exact_constant_return_0x672f50+CMemFile_vtable_slot+VC5_library_symbol|LIBRARY
0x00607c0a|AfxGetAfxWndProc|?AfxGetAfxWndProc@@YGP6GJPAUHWND__@@IIJ@ZXZ|long (__stdcall * __stdcall AfxGetAfxWndProc(void))(struct HWND__ *, unsigned int, unsigned int, long)|nafxcw|wincore.obj|VC5_afxwin_header_declaration+exact_return_of_AfxWndProc_0x607bdb+SubclassWindow_and_CBT_hook_callers|LIBRARY
0x00619bbd|CMemFile::Alloc|?Alloc@CMemFile@@MAEPAEK@Z|protected: virtual unsigned char * __thiscall CMemFile::Alloc(unsigned long)|nafxcw|filemem.obj|CMemFile_vtable_slot_0x5c+VC5_afx_h_declaration+archive_symbol+listing_calls_MFC_allocator|LIBRARY
0x00619bdc|CMemFile::Memcpy|?Memcpy@CMemFile@@MAEPAEPAEPBEI@Z|protected: virtual unsigned char * __thiscall CMemFile::Memcpy(unsigned char *, unsigned char const *, unsigned int)|nafxcw|filemem.obj|CMemFile_vtable_slot_0x64+VC5_afx_h_declaration+archive_symbol+listing_rep_movsd_movsb|LIBRARY
0x00619c01|CMemFile::Free|?Free@CMemFile@@MAEXPAE@Z|protected: virtual void __thiscall CMemFile::Free(unsigned char *)|nafxcw|filemem.obj|CMemFile_vtable_slot_0x68+VC5_afx_h_declaration+archive_symbol+listing_calls_MFC_deallocator|LIBRARY
0x00619c0e|CMemFile::GetPosition|?GetPosition@CMemFile@@UBEKXZ|public: virtual unsigned long __thiscall CMemFile::GetPosition(void) const|nafxcw|filemem.obj|CMemFile_vtable_slot_0x14+VC5_afx_h_declaration+archive_symbol+exact_field_0x14_return|LIBRARY
0x00619c8e|CMemFile::Read|?Read@CMemFile@@UAEIPAXI@Z|public: virtual unsigned int __thiscall CMemFile::Read(void *, unsigned int)|nafxcw|filemem.obj|CMemFile_vtable_slot_0x3c+VC5_afx_h_declaration+archive_symbol+listing_contiguous_through_0x619cce_after_three_false_fragments|LIBRARY
0x00619d57|CMemFile::Flush|?Flush@CMemFile@@UAEXXZ|public: virtual void __thiscall CMemFile::Flush(void)|nafxcw|filemem.obj|CMemFile_vtable_slot_0x50+VC5_afx_h_declaration+archive_symbol+one_byte_ret_at_real_vtable_entry|LIBRARY
0x00619d87|CMemFile::LockRange|?LockRange@CMemFile@@UAEXKK@Z|public: virtual void __thiscall CMemFile::LockRange(unsigned long, unsigned long)|nafxcw|filemem.obj|CMemFile_vtable_slot_0x44+VC5_afx_h_unsupported_API_declaration+archive_symbol+listing_calls_AfxThrowNotSupportedException|LIBRARY
0x00619d8f|CMemFile::UnlockRange|?UnlockRange@CMemFile@@UAEXKK@Z|public: virtual void __thiscall CMemFile::UnlockRange(unsigned long, unsigned long)|nafxcw|filemem.obj|CMemFile_vtable_slot_0x48+VC5_afx_h_unsupported_API_declaration+archive_symbol+listing_calls_AfxThrowNotSupportedException|LIBRARY
0x00619d97|CMemFile::Duplicate|?Duplicate@CMemFile@@UBEPAVCFile@@XZ|public: virtual class CFile * __thiscall CMemFile::Duplicate(void) const|nafxcw|filemem.obj|CMemFile_vtable_slot_0x2c+VC5_afx_h_unsupported_API_declaration+archive_symbol+listing_calls_AfxThrowNotSupportedException|LIBRARY
0x005e713a|CArchiveStream::QueryInterface|?QueryInterface@CArchiveStream@@UAGJABU_GUID@@PAPAX@Z|public: virtual long __stdcall CArchiveStream::QueryInterface(struct _GUID const &, void **)|nafxcw|arcstrm.obj|unique_high_library_oracle_after_repairing_three_false_interior_fragments|LIBRARY
0x00612860|CDC::SaveDC|?SaveDC@CDC@@UAEHXZ|public: virtual int __thiscall CDC::SaveDC(void)|nafxcw|wingdi.obj|unique_high_library_oracle_after_repairing_two_false_interior_fragments|LIBRARY
0x00613de1|CView::CalcWindowRect|?CalcWindowRect@CView@@UAEXPAUtagRECT@@I@Z|public: virtual void __thiscall CView::CalcWindowRect(struct tagRECT *, unsigned int)|nafxcw|viewcore.obj|unique_high_library_oracle_after_repairing_two_false_interior_fragments|LIBRARY
0x006145b1|AfxCriticalNewHandler|?AfxCriticalNewHandler@@YAHI@Z|int __cdecl AfxCriticalNewHandler(unsigned int)|nafxcw|winutil.obj|unique_high_library_oracle_after_repairing_three_false_interior_fragments|LIBRARY
0x00619f62|CNewTypeDlg::OnOK|?OnOK@CNewTypeDlg@@MAEXXZ|protected: virtual void __thiscall CNewTypeDlg::OnOK(void)|nafxcw|docmgr.obj|unique_high_library_oracle_after_repairing_one_false_interior_fragment|LIBRARY
