thunk_name|real_name
'scalar_deleting_destructor'|TEditText::'scalar_deleting_destructor'
?ConstructTArmyInfoViewBaseState@@YIPAUArmyInfoViewState@?%Z:imperialismsrcgameTArmyInfoView.cpp234212302@@PAU12@@Z|TArmyInfoView::?ConstructTArmyInfoViewBaseState@@YIPAUArmyInfoViewState@?%Z:imperialismsrcgameTArmyInfoView.cpp234212302@@PAU12@@Z
?ConstructTArmyToolbarBaseState@@YIPAUArmyToolbarState@?%Z:imperialismsrcgameTArmyToolbar.cpp126722299@@PAU12@@Z|TArmyToolbar::?ConstructTArmyToolbarBaseState@@YIPAUArmyToolbarState@?%Z:imperialismsrcgameTArmyToolbar.cpp126722299@@PAU12@@Z
?ConstructTCivReportBaseState@@YIPAUCivReportState@?%Z:imperialismsrcgameTCivReport.cpp234212302@@PAU12@@Z|TCivReport::?ConstructTCivReportBaseState@@YIPAUCivReportState@?%Z:imperialismsrcgameTCivReport.cpp234212302@@PAU12@@Z
?ConstructTCombatReportViewBaseState@@YIPAUCombatReportViewState@?%Z:imperialismincludegame/ui_widget_shared.h29086985@@PAU12@@Z|TCombatReportView::?ConstructTCombatReportViewBaseState@@YIPAUCombatReportViewState@?%Z:imperialismincludegame/ui_widget_shared.h29086985@@PAU12@@Z
?ConstructTTransportPictureBaseState@@YIPAUTransportPictureState@?%Z:imperialismsrcgameTTransportPicture.cpp234212302@@PAU12@@Z|TTransportPicture::?ConstructTTransportPictureBaseState@@YIPAUTransportPictureState@?%Z:imperialismsrcgameTTransportPicture.cpp234212302@@PAU12@@Z
?DestructTSoundPlayerBaseState@@YIXPAUSoundPlayerState@?%Z:imperialismsrcgameTSoundPlayer.cpp14012305@@@Z|TSoundPlayer::?DestructTSoundPlayerBaseState@@YIXPAUSoundPlayerState@?%Z:imperialismsrcgameTSoundPlayer.cpp14012305@@@Z
AddCityCommodityIconControl|TIconBar::AddCityCommodityIconControl
AddObjectToUiTransientRegistry|TCivAnimation2::AddObjectToUiTransientRegistry
AddRegionIdToNationOwnedRegionList|TGreatPower::AddRegionIdToNationOwnedRegionList
AllocateAndAppendTFuzzyVarRecord_004ff7d0|TFuzzyVar::AllocateAndAppendTFuzzyVarRecord_004ff7d0
AppendByteToResizableBuffer|TSimMgr::AppendByteToResizableBuffer
AppendInterNationEventSummaryTextEntry|TTEView::AppendInterNationEventSummaryTextEntry
ApplyDiplomacyRelationMaskToProvinceLinkedObjects|TCountry::ApplyDiplomacyRelationMaskToProvinceLinkedObjects
ApplyDirectionalNudgeAndRefreshDisplay|TOceanDialog::ApplyDirectionalNudgeAndRefreshDisplay
ApplyJoinEmpireMode1TargetTransition|TGreatPower::ApplyJoinEmpireMode1TargetTransition
ApplyJoinEmpireMode2FinalizeNationNameState|TLandSaleEvent::ApplyJoinEmpireMode2FinalizeNationNameState
ApplyJoinEmpireModeForTargetNation|TLandSaleEvent::ApplyJoinEmpireModeForTargetNation
ApplyMciPlaybackRangeFromAudioManager|TSimMgr::ApplyMciPlaybackRangeFromAudioManager
ApplyTileIconOverlayFromEditorSelection|TMapEditView::ApplyTileIconOverlayFromEditorSelection
ApplyTileIconProfileFromEditorSelection|TMapEditView::ApplyTileIconProfileFromEditorSelection
AssertMcAppUILine2358|TWindow::AssertMcAppUILine2358
AssignSharedStringFromField84|TStaticText::AssignSharedStringFromField84
AssignTextSharedRefIfChangedAndMaybeInvalidate|TStaticText::AssignTextSharedRefIfChangedAndMaybeInvalidate
BlitMonochromeMaskBytePatternToSurface|TDiplomacyMapView::BlitMonochromeMaskBytePatternToSurface
BuildCityInfluenceLevelMap|TDeluxeText::BuildCityInfluenceLevelMap
BuildCityViewProductionControls_Impl|TDeluxeText::BuildCityViewProductionControls_Impl
BuildDiplomacyNationOverlayGeometryAndHitMasks|TDiplomacyMapView::BuildDiplomacyNationOverlayGeometryAndHitMasks
BuildMappedSharedStringFromByteStateTable|TToolBarCluster::BuildMappedSharedStringFromByteStateTable
CRect|CRect::CRect
CThreadLocalObject|FUN_0062409a
CWnd|CWnd::~CWnd
CWnd_00607744|CWnd::~CWnd
CWnd_00607782|CWnd::~CWnd
CWnd_006077C0|CWnd::~CWnd
CanBuildPortAtTile|TDeluxeText::CanBuildPortAtTile
CanDisplayMapOrderEntryInCurrentContext|TCivToolbar::CanDisplayMapOrderEntryInCurrentContext
CanInitiateJoinEmpireProposalToTarget|TMinor::CanInitiateJoinEmpireProposalToTarget
ClearTileActivityOverlayByProvinceId|TMinor::ClearTileActivityOverlayByProvinceId
ClosePrinter|WINSPOOL.DRV::ClosePrinter
CompileGreatPowerRelationshipDeltaLinesAndDispatchMessage|TGreatPower::CompileGreatPowerRelationshipDeltaLinesAndDispatchMessage
ComputeAdvisoryMapNodeScoreFactorByCaseMetric|TGreatPower::ComputeAdvisoryMapNodeScoreFactorByCaseMetric
ComputeMapActionContextCompositeScoreForNation|TGreatPower::ComputeMapActionContextCompositeScoreForNation
ComputeMapActionContextNodeValueAverage|TGreatPower::ComputeMapActionContextNodeValueAverage
ComputeOrderNodeCompositeEconomicScore|TGreatPower::ComputeOrderNodeCompositeEconomicScore
ComputeTacticalUnitSpriteDrawRectAndApplyFacingOffset|TacticalBattleView::ComputeTacticalUnitSpriteDrawRectAndApplyFacingOffset
ComputeTacticalUnitSpriteOrientationIndexByAdjacentType1Occupancy|TCivDescription::ComputeTacticalUnitSpriteOrientationIndexByAdjacentType1Occupancy
ConfigureTacticalTargetDoneRetreatAutoControls|TTacArmyView::ConfigureTacticalTargetDoneRetreatAutoControls
ConstructAndLinkNavyPrimaryOrderNode|TShip::ConstructAndLinkNavyPrimaryOrderNode
ConstructBaseState|TRailAmtBar::ConstructBaseState
ConstructBlockadePortMissionForContext|TMission::ConstructBlockadePortMissionForContext
ConstructCityOrderCapabilityStateVtable|TTechMgr::ConstructCityOrderCapabilityStateVtable
ConstructGlobalMapState|TMapMgr::ConstructGlobalMapState
ConstructGlobalTurnEventQueueManager|TNetMgr::ConstructGlobalTurnEventQueueManager
ConstructGlobalTurnEventState|TViewMgr::ConstructGlobalTurnEventState
ConstructNationInteractionStateManager_Vtbl0066d990|TTradeMgr::ConstructNationInteractionStateManager_Vtbl0066d990
ConstructNavyManager|TNavyMgr::ConstructNavyManager
ConstructNumericEntryDialogCoreAndValueLabel|TGPCheater::ConstructNumericEntryDialogCoreAndValueLabel
ConstructObArrayWithVtable653810|TProvinceDesirabilityList::ConstructObArrayWithVtable653810
ConstructObArrayWithVtable654D38|TSortedByRelationshipList::ConstructObArrayWithVtable654D38
ConstructPictureResourceEntry_Vtbl0063f650|TBook::ConstructPictureResourceEntry_Vtbl0063f650
ConstructPictureResourceEntry_Vtbl00640258|TCouncilView::ConstructPictureResourceEntry_Vtbl00640258
ConstructPictureResourceEntry_Vtbl006404b0|TMapKey::ConstructPictureResourceEntry_Vtbl006404b0
ConstructPictureResourceEntry_Vtbl00660b48|TColorKeyPicture::ConstructPictureResourceEntry_Vtbl00660b48
ConstructStrategicMapViewSystem|TMacViewMgr::ConstructStrategicMapViewSystem
ConstructTAmbitFileBasedDocumentBaseState|TAmbitFileBasedDocument::ConstructTAmbitFileBasedDocumentBaseState
ConstructTAnimationBaseState|TAnimation::ConstructTAnimationBaseState
ConstructTArmsForeignMinister|TArmsForeignMinister::ConstructTArmsForeignMinister
ConstructTArmyBattleBaseState|TArmyBattle::ConstructTArmyBattleBaseStateImpl
ConstructTArmyBattleBaseStateImpl|TArmyBattle::ConstructTArmyBattleBaseStateImpl
ConstructTArmyCheckBoxBaseState|TArmyCheckBox::ConstructTArmyCheckBoxBaseState
ConstructTArmyMissionWithNodeKey|TMission::ConstructTArmyMissionWithNodeKey
ConstructTArmyStackBaseState|TArmyStack::ConstructTArmyStackBaseState
ConstructTArmyTacUnitBaseState|TArmyTacUnit::ConstructTArmyTacUnitBaseState
ConstructTAttackProvinceMission|TAttackProvinceMission::ConstructTAttackProvinceMission
ConstructTAutoGreatPowerBaseState|TAutoGreatPower::ConstructTAutoGreatPowerBaseState
ConstructTBattleUnitsViewBaseState|TBattleUnitsView::ConstructTBattleUnitsViewBaseState
ConstructTBehaviorBaseState|TBehavior::ConstructTBehaviorBaseState
ConstructTBillForeignMinister|TBillForeignMinister::ConstructTBillForeignMinister
ConstructTBismarckMinisterBaseState|TBismarckMinister::ConstructTBismarckMinisterBaseState
ConstructTBuildingConstructionViewBaseState|TBuildingConstructionView::ConstructTBuildingConstructionViewBaseState
ConstructTBullyMinisterBaseState|TBullyMinister::ConstructTBullyMinisterBaseState
ConstructTCheaterBaseState|TCheater::ConstructTCheaterBaseState
ConstructTCivAnimation2BaseState|TCivAnimation2::ConstructTCivAnimation2BaseState
ConstructTCivDescriptionBaseState|TCivDescription::ConstructTCivDescriptionBaseState
ConstructTCivToolbarBaseState|TCivToolbar::ConstructTCivToolbarBaseState
ConstructTCouncilTickerAnimationBaseState|TCouncilTickerAnimation::ConstructTCouncilTickerAnimationBaseState
ConstructTCountingStreamBaseState|TCountingStream::ConstructTCountingStreamBaseState
ConstructTCzechBoxBaseState|TCzechBox::ConstructTCzechBoxBaseState
ConstructTDealBookPictureBaseState|TDealBookPicture::ConstructTDealBookPictureBaseState
ConstructTDefenderMinisterBaseState|TDefenderMinister::ConstructTDefenderMinisterBaseState
ConstructTDeluxeTextBaseState|TDeluxeText::ConstructTDeluxeTextBaseState
ConstructTDialogBehaviorBaseState|TDialogBehavior::ConstructTDialogBehaviorBaseState
ConstructTDiplomacyMapViewBaseState|TDiplomacyMapView::ConstructTDiplomacyMapViewBaseState
ConstructTDiplomatForeignMinister|TDiplomatForeignMinister::ConstructTDiplomatForeignMinister
ConstructTDropShadowNumberTextBaseState|TDropShadowNumberText::ConstructTDropShadowNumberTextBaseState
ConstructTEscortMissionForPortContext|TMission::ConstructTEscortMissionForPortContext
ConstructTEvenCityMinisterBaseState|TEvenCityMinister::ConstructTEvenCityMinisterBaseState
ConstructTFileStreamBaseState|TFileStream::ConstructTFileStreamBaseState
ConstructTFuzzySetBaseState|TFuzzySet::ConstructTFuzzySetBaseState
ConstructTGWorldButtonBaseState|TGWorldButton::ConstructTGWorldButtonBaseState
ConstructTGameSetupMultiplayerPictureBaseState|TGameSetupMultiplayerPicture::ConstructTGameSetupMultiplayerPictureBaseState
ConstructTGameSetupPictureBaseState|TGameSetupPicture::ConstructTGameSetupPictureBaseState
ConstructTGarrisonViewBaseState|TGarrisonView::ConstructTGarrisonViewBaseState
ConstructTHandleStreamBaseState|THandleStream::ConstructTHandleStreamBaseState
ConstructTHelpMgrBaseState|THelpMgr::ConstructTHelpMgrBaseState
ConstructTIconBarBaseState|TIconBar::ConstructTIconBarBaseState
ConstructTIndustryViewBaseState|TIndustryView::ConstructTIndustryViewBaseState
ConstructTInvadeMissionWithOptionalBeachhead|TMission::ConstructTInvadeMissionWithOptionalBeachhead
ConstructTItemOrderBaseState|TOrItemOrder::ConstructTItemOrderBaseState
ConstructTLanguageMgrBaseState|TLanguageMgr::ConstructTLanguageMgrBaseState
ConstructTLineDataBaseState|TLineData::ConstructTLineDataBaseState
ConstructTLonelyTileViewBaseState|TLonelyTileView::ConstructTLonelyTileViewBaseState
ConstructTMapDialogBaseState|TMapDialog::ConstructTMapDialogBaseState
ConstructTMapKeyBaseState_Impl|TDeluxeText::ConstructTMapKeyBaseState_Impl
ConstructTMapMaker|TMapMaker::ConstructTMapMaker
ConstructTMapUberPictureBaseState|TMapUberPicture::ConstructTMapUberPictureBaseState
ConstructTMegaPictureBaseState|TMegaPicture::ConstructTMegaPictureBaseState
ConstructTMilitaryPageViewBaseState|TMilitaryPageView::ConstructTMilitaryPageViewBaseState
ConstructTMiniCivViewBaseState|TMiniCivView::ConstructTMiniCivViewBaseState
ConstructTMinister|TMinister::ConstructTMinister
ConstructTMission|TMission::ConstructTMission
ConstructTMovieViewBaseState|TMovieView::ConstructTMovieViewBaseState
ConstructTMyNumberTextBaseState|TMyNumberText::ConstructTMyNumberTextBaseState
ConstructTNapoleonMinisterBaseState|TNapoleonMinister::ConstructTNapoleonMinisterBaseState
ConstructTNavyMission|TNavyMission::ConstructTNavyMission
ConstructTNavyRosterBaseState|TNavyRoster::ConstructTNavyRosterBaseState
ConstructTNavyToolbarClusterBaseState|TNavyToolbarCluster::ConstructTNavyToolbarClusterBaseState
ConstructTNextTradeCommandBaseState|TNextTradeCommand::ConstructTNextTradeCommandBaseState
ConstructTNumberTextBaseState|TNumberText::ConstructTNumberTextBaseState
ConstructTNumberedItemBaseState|TNumberedItem::ConstructTNumberedItemBaseState
ConstructTOceanDialogBaseState|TOceanDialog::ConstructTOceanDialogBaseState
ConstructTOffLimitsPictureBaseState|TOffLimitsPicture::ConstructTOffLimitsPictureBaseState
ConstructTOfferDeskPictureBaseState|TOfferDeskPicture::ConstructTOfferDeskPictureBaseState
ConstructTOffersPanelViewBaseState|TOffersPanelView::ConstructTOffersPanelViewBaseState
ConstructTOneTimeAnimationBaseState|TOneTimeAnimation::ConstructTOneTimeAnimationBaseState
ConstructTPageViewBaseState|TPageView::ConstructTPageViewBaseState
ConstructTPictureNumberTextBaseState|TPictureNumberText::ConstructTPictureNumberTextBaseState
ConstructTPirateMinisterBaseState|TPirateMinister::ConstructTPirateMinisterBaseState
ConstructTPlaceCityDialogBaseState|TPlaceCityDialog::ConstructTPlaceCityDialogBaseState
ConstructTPopGrowthOrderBaseState|TPopGrowthOrder::ConstructTPopGrowthOrderBaseState
ConstructTProductionOrderBaseState|TProductionOrder::ConstructTProductionOrderBaseState
ConstructTRailCityMinisterBaseState|TRailCityMinister::ConstructTRailCityMinisterBaseState
ConstructTRightLeftViewBaseState|TRightLeftView::ConstructTRightLeftViewBaseState
ConstructTScrollBarViewBaseState|TScrollBarView::ConstructTScrollBarViewBaseState
ConstructTScrollViewBaseState|TScrollView::ConstructTScrollViewBaseState
ConstructTSetupRandomMapPictureBaseState|TSetupRandomMapPicture::ConstructTSetupRandomMapPictureBaseState
ConstructTShipBuilderCityMinisterBaseState|TShipBuilderCityMinister::ConstructTShipBuilderCityMinisterBaseState
ConstructTShipBuildingTaskBaseState|TShipBuildingTask::ConstructTShipBuildingTaskBaseState
ConstructTShipPlacardBaseState|TShipPlacard::ConstructTShipPlacardBaseState
ConstructTShipyardViewBaseState|TShipyardView::ConstructTShipyardViewBaseState
ConstructTSidewaysArrowBaseState|TSidewaysArrow::ConstructTSidewaysArrowBaseState
ConstructTSliderPictureBaseState|TSliderPicture::ConstructTSliderPictureBaseState
ConstructTSteelCityMinisterBaseState|TSteelCityMinister::ConstructTSteelCityMinisterBaseState
ConstructTSuperArmyRosterBaseState|TSuperArmyRoster::ConstructTSuperArmyRosterBaseState
ConstructTSuperCivRosterBaseState|TSuperCivRoster::ConstructTSuperCivRosterBaseState
ConstructTTEViewBaseState|TTEView::ConstructTTEViewBaseState
ConstructTTacArmyViewBaseState|TTacArmyView::ConstructTTacArmyViewBaseState
ConstructTTacticalBattleBaseState|TTacticalBattle::ConstructTTacticalBattleBaseState
ConstructTTaskBaseState|TShipBuildingTask::ConstructTTaskBaseState
ConstructTTaskForce|TTaskForce::ConstructTTaskForce
ConstructTTechHistoryViewBaseState|TTechHistoryView::ConstructTTechHistoryViewBaseState
ConstructTTechItemViewBaseState|TTechItemView::ConstructTTechItemViewBaseState
ConstructTTechStorePageBaseState|TTechStorePage::ConstructTTechStorePageBaseState
ConstructTTedForeignMinister|TTedForeignMinister::ConstructTTedForeignMinister
ConstructTTerrainHelpWindowBaseState|TTerrainHelpWindow::ConstructTTerrainHelpWindowBaseState
ConstructTTextLineBaseState|TTextLine::ConstructTTextLineBaseState
ConstructTTextileForeignMinister|TTextileForeignMinister::ConstructTTextileForeignMinister
ConstructTToggleButtonBaseState|TToggleButton::ConstructTToggleButtonBaseState
ConstructTTradeOrderPictureBaseState|TTradeOrderPicture::ConstructTTradeOrderPictureBaseState
ConstructTTradePageBuyViewBaseState|TTradePageBuyView::ConstructTTradePageBuyViewBaseState
ConstructTTradePageSellViewBaseState|TTradePageSellView::ConstructTTradePageSellViewBaseState
ConstructTTradeSchoolViewBaseState|TTradeSchoolView::ConstructTTradeSchoolViewBaseState
ConstructTTraderForeignMinister|TTraderForeignMinister::ConstructTTraderForeignMinister
ConstructTTransFocusAnimationBaseState|TTransFocusAnimation::ConstructTTransFocusAnimationBaseState
ConstructTUberClusterBaseState|TUberCluster::ConstructTUberClusterBaseState
ConstructTUnitBaseState|TUnit::ConstructTUnitBaseState
ConstructTUniversityViewBaseState|TUniversityView::ConstructTUniversityViewBaseState
ConstructTWarehouseViewBaseState|TWarehouseView::ConstructTWarehouseViewBaseState
ConstructTWorldViewBaseState|TWorldView::ConstructTWorldViewBaseState
ConstructTZoneAndLinkIntoGlobalMapActionContextList|TZone::ConstructTZoneAndLinkIntoGlobalMapActionContextList
ConstructTacticalBattleViewBaseState|TacticalBattleView::ConstructTacticalBattleViewBaseState
ConstructTaskListBaseState|TaskList::ConstructTaskListBaseState
ConstructTradeScreenPictureBaseState|TradeScreenPicture::ConstructTradeScreenPictureBaseState
ConstructTradeSellControlPanel|TTradeCluster::ConstructTradeSellControlPanel
ConstructTurnEventMainPictureEntry_1036|TGamePreferencesPicture::ConstructTurnEventMainPictureEntry_1036
ConstructTurnEventMainPictureEntry_104F|TCreditsPicture::ConstructTurnEventMainPictureEntry_104F
ConstructTurnEventMainPictureEntry_10CC|TStatusPicture::ConstructTurnEventMainPictureEntry_10CC
ConstructTurnFlowStateManagerVtable00662a58|TSimMgr::ConstructTurnFlowStateManagerVtable00662a58
ConstructUiClickablePictureResourceEntry_Vtbl643A40|TOverlayRadioButton::ConstructUiClickablePictureResourceEntry_Vtbl643A40
ConstructUiResourceEntry_Vtbl0063f878|TTreatiesView::ConstructUiResourceEntry_Vtbl0063f878
ConstructUiResourceEntry_Vtbl0063fa70|TGrantsView::ConstructUiResourceEntry_Vtbl0063fa70
ConstructUiResourceEntry_Vtbl0063fc68|TTradePanelView::ConstructUiResourceEntry_Vtbl0063fc68
ConstructUiResourceEntry_Vtbl0063fe60|TInfoPanelView::ConstructUiResourceEntry_Vtbl0063fe60
ConstructUiResourceEntry_Vtbl00640060|TCouncilPanelView::ConstructUiResourceEntry_Vtbl00640060
ConstructUiResourceEntry_Vtbl00640940|TBattleUnitsView::ConstructUiResourceEntry_Vtbl00640940
ConstructUiTextResourceEntry_Vtbl0066cbc8|TMyStaticText::ConstructUiTextResourceEntry_Vtbl0066cbc8
ConstructUiTransientObjectRegistry_Vtbl0064c4e8|TAnimator::ConstructUiTransientObjectRegistry_Vtbl0064c4e8
ConstructUiViewManager|TAssetMgr::ConstructUiViewManager
CopyUnitCurrentTileIntoOrderTargets|TMilitaryUnitOrderState::CopyUnitCurrentTileIntoOrderTargets
CreateNextTradeCommandAndFormatPrompt|TNextTradeCommand::CreateNextTradeCommandAndFormatPrompt
CreateSimObjects|TSimMgr::GetTSimMgrClassNamePointer
CreateTAnimationInstance|TAnimation::CreateTAnimationInstance
CreateTArmyBattleInstance|TArmyBattle::CreateTArmyBattleInstance
CreateTArmyMgrInstance|TArmyMgr::CreateTArmyMgrInstance
CreateTArmyPlayerInstance|TArmyPlayer::CreateTArmyPlayerInstance
CreateTArmyStackInstance|TArmyStack::CreateTArmyStackInstance
CreateTBatRepDetLineInstance|TBatRepDetLine::CreateTBatRepDetLineInstance
CreateTBehaviorInstance|TBehavior::CreateTBehaviorInstance
CreateTButtonInstance|TButton::CreateTButtonInstance
CreateTCivAnimation2Instance|TCivAnimation2::CreateTCivAnimation2Instance
CreateTCivAnimationInstance|TCivAnimation::CreateTCivAnimationInstance
CreateTCivilianButtonInstance|TCivilianButton::CreateTCivilianButtonInstance
CreateTColorFillInstance|TColorFill::CreateTColorFillInstance
CreateTCommandHandlerInstance|TCommandHandler::CreateTCommandHandlerInstance
CreateTCouncilTickerAnimationInstance|TCouncilTickerAnimation::CreateTCouncilTickerAnimationInstance
CreateTDocumentInstance|TDocument::CreateTDocumentInstance
CreateTFileBasedDocumentInstance|TFileBasedDocument::CreateTFileBasedDocumentInstance
CreateTFocusAnimationInstance|TFocusAnimation::CreateTFocusAnimationInstance
CreateTFuzzySetInstance|TFuzzySet::CreateTFuzzySetInstance
CreateTIdleMeAnimationInstance|TIdleMeAnimation::CreateTIdleMeAnimationInstance
CreateTItemOrderInstance|TUnitOrder::CreateTItemOrderInstance
CreateTLaborPoolInstance|TLaborPool::CreateTLaborPoolInstance
CreateTModalMessageCommandInstance|TModalMessageCommand::CreateTModalMessageCommandInstance
CreateTNavyAutoPlayerInstance|TNavyAutoPlayer::CreateTNavyAutoPlayerInstance
CreateTNavyBattleInstance|TNavyBattle::CreateTNavyBattleInstance
CreateTNavyHumanPlayerInstance|TNavyHumanPlayer::CreateTNavyHumanPlayerInstance
CreateTNavyPlayerInstance|TNavyPlayer::CreateTNavyPlayerInstance
CreateTNetMgrInstance|TNetMgr::CreateTNetMgrInstance
CreateTNewGameCommandInstance|TNewGameCommand::CreateTNewGameCommandInstance
CreateTOneTimeAnimationInstance|TOneTimeAnimation::CreateTOneTimeAnimationInstance
CreateTRadioInstance|TRadio::CreateTRadioInstance
CreateTScrollerInstance|TScroller::CreateTScrollerInstance
CreateTSelectoTextInstance|TStaticText::~TStaticText
CreateTSpaceCommandInstance|TSpaceCommand::CreateTSpaceCommandInstance
CreateTStreamInstance|TStream::CreateTStreamInstance
CreateTTacticalPlayerInstance|TTacticalPlayer::CreateTTacticalPlayerInstance
CreateTTacticalUnitInstance|TTacticalUnit::CreateTTacticalUnitInstance
CreateTTaskInstance|TTask::CreateTTaskInstance
CreateTTownInstance|TTown::CreateTTownInstance
CreateTTrainingOrderInstance|TTrainingOrder::CreateTTrainingOrderInstance
CreateTTransFocusAnimationInstance|TTransFocusAnimation::CreateTTransFocusAnimationInstance
CreateTTurnStartEventInstance|TTurnStartEvent::CreateTTurnStartEventInstance
CreateTViewMgrInstance|TViewMgr::CreateTViewMgrInstance
DeserializeCityOrderItemContextCore|TItemOrder::DeserializeCityOrderItemContextCore
DeserializeMilitaryUnitOrderState|TMilitaryUnit::DeserializeMilitaryUnitOrderState
DeserializeRecruitScenarioAndInstantiateOrders|TMinor::DeserializeRecruitScenarioAndInstantiateOrders
DeserializeTMinisterBaseOrderArrayHeader|TArmsForeignMinister::DeserializeTMinisterBaseOrderArrayHeader
DeserializeTPortZoneFromBinaryStream|TZone::DeserializeTPortZoneFromBinaryStream
DeserializeTaskForceFromBinaryStreamAndRefreshMarkers|TShip::DeserializeTaskForceFromBinaryStreamAndRefreshMarkers
DeserializeUnitOrderCoreState|TCivUnit::DeserializeUnitOrderCoreState
DestroyMilitaryUnitOrderObject|TMilitaryUnit::DestroyMilitaryUnitOrderObject
DestroyTMacViewMgrObject|TMacViewMgr::DestroyTMacViewMgrObject
DestructApplicationUiRootControllerState_00648CA8_AndFreeChain_At004867e0|TApplication::DestructApplicationUiRootControllerState_00648CA8_AndFreeChain_At004867e0
DestructCViewOwnedBufferChainState_00648578_AndFreeChain_At00482a20|CFrameWnd::DestructCViewOwnedBufferChainState_00648578_AndFreeChain_At00482a20
DestructCViewOwnedBufferChainState_00648578_AndFreeChain_At004847d0|CFrameWnd::DestructCViewOwnedBufferChainState_00648578_AndFreeChain_At004847d0
DestructHeapBufferOwnerState_0066FA68_AndFreeBuffer_At005e47b0|TNetMgr::DestructHeapBufferOwnerState_0066FA68_AndFreeBuffer_At005e47b0
DestructLinkedBlockChainState_0063E880_AndFreeChain_At00415e70|CObject::DestructLinkedBlockChainState_0063E880_AndFreeChain_At00415e70
DestructLinkedBlockChainState_0063E880_AndFreeChain_At00479d80|CObject::DestructLinkedBlockChainState_0063E880_AndFreeChain_At00479d80
DestructLinkedBlockChainState_0063E880_AndFreeChain_At0048add0|TView::DestructLinkedBlockChainState_0063E880_AndFreeChain_At0048add0
DestructLinkedBlockChainState_00650A50_AndFreeChain_At004bec40|TCityInteriorMinister::DestructLinkedBlockChainState_00650A50_AndFreeChain_At004bec40
DestructLinkedBlockChainState_00650A50_AndFreeChain_At004c6ad0|TInteriorMinister::DestructLinkedBlockChainState_00650A50_AndFreeChain_At004c6ad0
DestructLinkedBlockChainState_0066FA50_AndFreeChain_At005e4580|TNetMgr::DestructLinkedBlockChainState_0066FA50_AndFreeChain_At005e4580
DestructModuleLibraryCacheTableStateAAndFree|CObject::DestructModuleLibraryCacheTableStateAAndFree
DestructModuleLibraryCacheTableStateBAndFree|CObject::DestructModuleLibraryCacheTableStateBAndFree
DestructMovieViewAndCloseOwnedWindow|TMovieView::DestructMovieViewAndCloseOwnedWindow
DestructTAdmiral|TAdmiral::DestructTAdmiral
DestructTArmsForeignMinister|TArmsForeignMinister::DestructTArmsForeignMinister
DestructTArmyTacUnitAndMaybeFree|TArmyTacUnit::DestructTArmyTacUnitAndMaybeFree
DestructTBillForeignMinister|TBillForeignMinister::DestructTBillForeignMinister
DestructTCapacityOrderAndMaybeFree|TCapacityOrder::DestructTCapacityOrderAndMaybeFree
DestructTClientGreatPower|TClientGreatPower::DestructTClientGreatPower
DestructTClusterAndMaybeFree_Impl|TView::DestructTClusterAndMaybeFree_Impl
DestructTControlBaseState|TControl::DestructTControlBaseState
DestructTDiplomacyMapViewBaseState|TDiplomacyMapView::DestructTDiplomacyMapViewBaseState
DestructTDiplomatForeignMinister|TDiplomatForeignMinister::DestructTDiplomatForeignMinister
DestructTEditTextAndMaybeFree|TView::DestructTEditTextAndMaybeFree
DestructTExpansionOrderAndMaybeFree|TExpansionOrder::DestructTExpansionOrderAndMaybeFree
DestructTFoodProcessingOrderAndMaybeFree|TFoodProcessingOrder::DestructTFoodProcessingOrderAndMaybeFree
DestructTForeignMinister|TForeignMinister::DestructTForeignMinister
DestructTHostGreatPower|THostGreatPower::DestructTHostGreatPower
DestructTIncludeViewAndMaybeFree_Impl|TView::DestructTIncludeViewAndMaybeFree_Impl
DestructTIndexAndRankList|CObArray::DestructCObArray
DestructTInfoBarPictureTextAndMaybeFree|TStaticText::~TStaticText
DestructTItemBoyViewAndMaybeFree|TItemBoyView::DestructTItemBoyViewAndMaybeFree
DestructTItemOrderAndMaybeFree|TItemOrder::DestructTItemOrderAndMaybeFree
DestructTLaborPoolAndMaybeFree|TLaborPool::DestructTLaborPoolAndMaybeFree
DestructTLoadSavePictureAndMaybeFree|TLoadSavePicture::DestructTLoadSavePictureAndMaybeFree
DestructTMapMaker|TMapMaker::DestructTMapMaker
DestructTMinister|TMinister::DestructTMinister
DestructTMission|TMission::DestructTMission
DestructTNextDiplomationCommandAndMaybeFree|TNextDiplomationCommand::DestructTNextDiplomationCommandAndMaybeFree
DestructTNextTradeCommandAndMaybeFree_Impl|TNextTradeCommand::DestructTNextTradeCommandAndMaybeFree_Impl
DestructTNumberTextAndMaybeFree|TNumberText::DestructTNumberTextAndMaybeFree
DestructTObjectAndMaybeFree|TObject::DestructTObjectAndMaybeFree
DestructTOrItemOrderAndMaybeFree|TOrItemOrder::DestructTOrItemOrderAndMaybeFree
DestructTPictureLineAndMaybeFree|TPictureLine::DestructTPictureLineAndMaybeFree
DestructTPopulationMgrAndMaybeFree|TPopulationMgr::DestructTPopulationMgrAndMaybeFree
DestructTPowerPlantOrderAndMaybeFree|TPowerPlantOrder::DestructTPowerPlantOrderAndMaybeFree
DestructTProxyGreatPower|TProxyGreatPower::DestructTProxyGreatPower
DestructTRemoteGreatPower|TRemoteGreatPower::DestructTRemoteGreatPower
DestructTRemoteMinor|TRemoteMinor::DestructTRemoteMinor
DestructTSetupRandomMapPictureBaseState|TSetupRandomMapPicture::DestructTSetupRandomMapPictureBaseState
DestructTShip|TShip::DestructTShip
DestructTShipOrderAndMaybeFree|TShipOrder::DestructTShipOrderAndMaybeFree
DestructTStreamAndMaybeFree|TStream::DestructTStreamAndMaybeFree
DestructTTEViewAndMaybeFree|TTEView::DestructTTEViewAndMaybeFree
DestructTTaskAndMaybeFree|TTask::DestructTTaskAndMaybeFree
DestructTTedForeignMinister|TTedForeignMinister::DestructTTedForeignMinister
DestructTTextileForeignMinister|TTextileForeignMinister::DestructTTextileForeignMinister
DestructTTradeMgrAndMaybeFree_Impl|TTradeMgr::DestructTTradeMgrAndMaybeFree_Impl
DestructTTradePageBuyViewAndMaybeFree_Impl|TTradePageBuyView::DestructTTradePageBuyViewAndMaybeFree_Impl
DestructTTradePageSellViewAndMaybeFree_Impl|TTradePageSellView::DestructTTradePageSellViewAndMaybeFree_Impl
DestructTTradeTotalsLineAndMaybeFree_Impl|TTradeTotalsLine::DestructTTradeTotalsLineAndMaybeFree_Impl
DestructTTraderForeignMinister|TTraderForeignMinister::DestructTTraderForeignMinister
DestructTTrainingOrderAndMaybeFree|TTrainingOrder::DestructTTrainingOrderAndMaybeFree
DestructTUnitAndMaybeFree|TUnit::DestructTUnitAndMaybeFree
DestructTUnitOrderAndMaybeFree|TUnitOrder::DestructTUnitOrderAndMaybeFree
DestructTWindowAndUnlinkGlobalWindowNode|TView::DestructTWindowAndUnlinkGlobalWindowNode
DestructTWindowViewAndUnlinkGlobalLists|TView::DestructTWindowViewAndUnlinkGlobalLists
DestructTurnEventDialogFactoryRegistryState_0064B328_AndFreeChain_At004929b0|CObject::DestructTurnEventDialogFactoryRegistryState_0064B328_AndFreeChain_At004929b0
DetachUnitOrderFromOwnerAndReset|TMilitaryUnit::DetachUnitOrderFromOwnerAndReset
DirectSoundCreate|DSOUND.DLL::DirectSoundCreate
DispatchUiMouseEventToChildrenOrSelf|TSoundPlayer::UpdateControlCachedIntFromWindowText
DispatchVirtualSlotF8_WithArg|CMainFrame::DispatchVirtualSlotF8_WithArg
DocumentPropertiesA|WINSPOOL.DRV::DocumentPropertiesA
EmitTurnEventEAnd9SessionContextPackets|TSimMgr::EmitTurnEventEAnd9SessionContextPackets
EnableAndProcessFlag|TView::EnableAndProcessFlag
EnableDiplomacyQueueRoutingAndSetContextField44|TMultiplayerMgr::EnableDiplomacyQueueRoutingAndSetContextField44
EnsureBitmapResourceLoadedAndCopyRectSize|TAnimation::EnsureBitmapResourceLoadedAndCopyRectSize
EnterMapInteractionOverlayMode|TacticalBattleView::EnterMapInteractionOverlayMode
FUN_00405a3d|GetSessionActiveNationId
FinalizeModalDialogAndRestoreOwnerFocus|TControl::FinalizeModalDialogAndRestoreOwnerFocus
FindLinkedListNodeByIdFieldAt18|TCivAnimation2::FindLinkedListNodeByIdFieldAt18
FindMissionOrderNodeById|ObjectPool::FindMissionOrderNodeById
FrameRegionOnHdcAndReleaseBrushState|TDiplomacyMapView::FrameRegionOnHdcAndReleaseBrushState
Free|TObject::Free
GenerateMapFromTuningStringAndApplyScenarioOverrides|TSpaceCommand::GenerateMapFromTuningStringAndApplyScenarioOverrides
GenerateRandomMapAndRefreshSetupPreview|TSpaceCommand::GenerateRandomMapAndRefreshSetupPreview
GetCachedMapActionContextDistanceOrRecompute|TScatteredShipsMission::GetCachedMapActionContextDistanceOrRecompute
GetFileTitleA|COMDLG32.DLL::GetFileTitleA
GetNationFortLevelCap|TDeluxeText::GetNationFortLevelCap
GetNextPortZone|TZone::GetNextPortZone
GetOpenFileNameA|COMDLG32.DLL::GetOpenFileNameA
GetOrCreateMissionOrderEntryForNode|TScatteredShipsMission::GetOrCreateMissionOrderEntryForNode
GetSaveFileNameA|COMDLG32.DLL::GetSaveFileNameA
GetTCountryClassNamePointer|TMinor::GetTCountryClassNamePointer
GetTEventHandlerClassNamePointer|TSoundPlayer::GetTEventHandlerClassNamePointer
GetTMilitaryUnitClassNamePointer|TMilitaryUnit::GetTMilitaryUnitClassNamePointer
GetTProductionOrderClassNamePointer|TOrItemOrder::GetTProductionOrderClassNamePointer
GetTTaskClassNamePointer|TCityTask::GetTTaskClassNamePointer
HandleBlinkStateAndScheduleTimerTick|TMovieView::HandleBlinkStateAndScheduleTimerTick
HandleCityDialogHintClusterUpdate|TCountry::HandleCityDialogHintClusterUpdate
HandleDiplomacyTurnEventPacketByCode|TNextDiplomationCommand::HandleDiplomacyTurnEventPacketByCode
HandleKeyDown|InputState::HandleKeyDown
HandleNavyTacticalToolbarModeAndCommandTags_Impl|TacticalBattleView::HandleNavyTacticalToolbarModeAndCommandTags_Impl
HandleTurnEventCodes28_2E_2F_30_31_32|TLandSaleEvent::HandleTurnEventCodes28_2E_2F_30_31_32
HasQueuedCivWorkOrderType7|TAutoGreatPower::HasQueuedCivWorkOrderType7
ImageList_Read|COMCTL32.DLL::ImageList_Read
ImageList_Write|COMCTL32.DLL::ImageList_Write
InitDefaults|TMultiplayerMgr::ConstructMultiplayerManager
InitDialogWindowAndSyncTitleIfChanged|TToolBarCluster::InitDialogWindowAndSyncTitleIfChanged
InitializeAndRunMainRoutine|RunEnableAndProcessFlagWithScopedSharedStringCleanup
InitializeBasicCityOrderContext|TNewGameCommand::InitializeBasicCityOrderContext
InitializeBattleSetupAndMaybeDispatchTurnEventED8|TArmyPlayer::InitializeBattleSetupAndMaybeDispatchTurnEventED8
InitializeBattleSetupArmyStacksAndPopulateSelectionState_Impl_At004a7770|TArmyStack::InitializeBattleSetupArmyStacksAndPopulateSelectionState_Impl_At004a7770
InitializeCityOrderCommandVtable|TCityTask::InitializeCityOrderCommandVtable
InitializeCityOrderItemWorkingBuffers|TProductionOrder::InitializeCityOrderItemWorkingBuffers
InitializeCityProductionState_Impl|TPowerPlantOrder::InitializeCityProductionState_Impl
InitializeCityProductionState_Impl_At004b5290|TItemOrder::InitializeCityProductionState_Impl_At004b5290
InitializeCityProductionState_Impl_At004b5870|TOrItemOrder::InitializeCityProductionState_Impl_At004b5870
InitializeCityProductionState_Impl_At004b6b20|TTrainingOrder::InitializeCityProductionState_Impl_At004b6b20
InitializeCityProductionState_Impl_At004b7e80|TFoodProcessingOrder::InitializeCityProductionState_Impl_At004b7e80
InitializeCityProductionState_Impl_At004b8d50|TCapacityOrder::InitializeCityProductionState_Impl_At004b8d50
InitializeCityProductionState_Impl_At004b9010|TExpansionOrder::InitializeCityProductionState_Impl_At004b9010
InitializeCivilianMapInteractionManagerVtable|CivilianMapInteractionManager::InitializeCivilianMapInteractionManagerVtable
InitializeDiplomacyCouncilViewControlsAndTicker|TCouncilTickerAnimation::InitializeDiplomacyCouncilViewControlsAndTicker
InitializeDiplomacyMinisterActionControlsAndLabels|TToolBarCluster::InitializeDiplomacyMinisterActionControlsAndLabels
InitializeGlobalClipRegionHandleState|CBrush::InitializeGlobalClipRegionHandleState
InitializeInterNationEventQueueManager|TIndexAndRankList::InitializeInterNationEventQueueManager
InitializeMapActionContextsForNationCountUsingCostField|InputState::InitializeMapActionContextsForNationCountUsingCostField
InitializeMapTileRuntimeStateEntry|TDisplayMgr::InitializeMapTileRuntimeStateEntry
InitializeNationInteractionStateManagerDefaults|TDealList::InitializeNationInteractionStateManagerDefaults
InitializeNationMinisterSubsystemsByPolicyIds|TList::InitializeNationMinisterSubsystemsByPolicyIds
InitializeNationStateRuntimeSubsystems|TGreatPower::InitializeNationStateRuntimeSubsystems
InitializeRecruitOrderState|TMilitaryUnitOrderState::InitializeRecruitOrderState
InitializeRuntimeClassVtablePointer_0066FA68_State|TNetMgr::InitializeRuntimeClassVtablePointer_0066FA68_State
InitializeTechHistoryViewTitleAndMapKeyControls_Impl|TDeluxeText::InitializeTechHistoryViewTitleAndMapKeyControls_Impl
InitializeTurnFlowStateDefaults|TSimMgr::InitializeTurnFlowStateDefaults
InitializeUiTransientObjectRegistry|TArmyPlayer::InitializeUiTransientObjectRegistry
InvalidateMapRegionForEntryIfUiPassive|TToolBarCluster::InvalidateMapRegionForEntryIfUiPassive
InvokeDialogHooks1D8ThenE4|TWorldView::InvokeDialogHooks1D8ThenE4
LoadModuleLibrarySlotWithErrorDialog|CMainFrame::LoadModuleLibrarySlotWithErrorDialog
LoadUiStringAndDispatchViaVslot1C8|TStaticText::LoadUiStringAndDispatchViaVslot1C8
LookupCivilianTileOrderCursorTokenByActionIndex|TCivToolbar::LookupCivilianTileOrderCursorTokenByActionIndex
MCIWndCreateA|MSVFW32.DLL::MCIWndCreateA
NoOpNationSelectedRegionAndMapCellLabelHook|TCountry::NoOpNationSelectedRegionAndMapCellLabelHook
NormalizeUnitOrderStateAfterLoad|TUnit::NormalizeUnitOrderStateAfterLoad
OpenPrinterA|WINSPOOL.DRV::OpenPrinterA
Ordinal_1|DPLAYX.DLL::Ordinal_1
Ordinal_2|DPLAYX.DLL::Ordinal_2
Ordinal_4|DPLAYX.DLL::Ordinal_4
OrphanCallChain_C11_I88_004874b0|TEditText::OrphanCallChain_C11_I88_004874b0
OrphanCallChain_C1_I09_0048ff70|TEditText::OrphanCallChain_C1_I09_0048ff70
OrphanLeaf_NoCall_Ins04_005adc30|TCityTask::OrphanLeaf_NoCall_Ins04_005adc30
OrphanLeaf_NoCall_Ins07_004d8920|TCommand::OrphanLeaf_NoCall_Ins07_004d8920
OrphanRetStub_004d7f80|TGreatPower::OrphanRetStub_004d7f80
OrphanRetStub_004d7fa0|TGreatPower::OrphanRetStub_004d7fa0
OrphanRetStub_004d7fe0|TGreatPower::OrphanRetStub_004d7fe0
OrphanRetStub_00596680|TMapDialog::OrphanRetStub_00596680
OrphanRetStub_0059add0|TSoundPlayer::OrphanRetStub_0059add0
OrphanRetStub_005c2470|TCivUnit::OrphanRetStub_005c2470
OrphanRetStub_005c2610|TCivUnit::OrphanRetStub_005c2610
OrphanTiny_ReturnZero_0048a730|TDropShadowText::OrphanTiny_ReturnZero_0048a730
OrphanTiny_ReturnZero_005a5d40|TArmyTacUnit::OrphanTiny_ReturnZero_005a5d40
PopulateNavyOrderPageEntriesByMapContext|TSuperNavyRoster::PopulateNavyOrderPageEntriesByMapContext
PopulateTurnEventDialogArmyUnitLinesForTileSelection|TLineData::PopulateTurnEventDialogArmyUnitLinesForTileSelection
ProcessDiplomacyTurnStateEventStateMachine|TPoseMessageDialog::ProcessDiplomacyTurnStateEventStateMachine
PropagateMapActionContextDistanceLevelsRecursive|TScatteredShipsMission::PropagateMapActionContextDistanceLevelsRecursive
PruneInvalidTrackedEntriesAndNotifyOwner|TAutoGreatPower::PruneInvalidTrackedEntriesAndNotifyOwner
QueueCityOrderType10CommandIfReady|TCityTask::QueueCityOrderType10CommandIfReady
QueueCityRecruitmentSupportCommandsIfDeficit|TCityTask::QueueCityRecruitmentSupportCommandsIfDeficit
QueueInterNationEvent17ForState300AffectedNations|TCountry::QueueInterNationEvent17ForState300AffectedNations
QueueInterNationEventIntoNationBucket|TInterNationEventQueueManager::QueueInterNationEventIntoNationBucket
QueueInterNationEventType11|TSimMgr::QueueInterNationEventType11
QueueMapActionMissionFromCandidateAndMarkState|TGreatPower::QueueMapActionMissionFromCandidateAndMarkState
RasterizeHexNeighborTerrainPaletteMap|TLoadSavePicture::RasterizeHexNeighborTerrainPaletteMap
ReassignTileObjectOwnerAndNotifyForSelectedCells|TMinor::ReassignTileObjectOwnerAndNotifyForSelectedCells
RecenterTextFromMeasuredWidthAndMaybeInvalidate|TDeluxeText::RecenterTextFromMeasuredWidthAndMaybeInvalidate
RecreateActiveMapContextAndInitializeGlobalMapState|TOcean::RecreateActiveMapContextAndInitializeGlobalMapState
RefreshMapContextSelectionPanelAndInfoLabels|TBattleReportView::RefreshMapContextSelectionPanelAndInfoLabels
RefreshNationStatusLabelsAndCodesForSlotOrAll|TToolBarCluster::RefreshNationStatusLabelsAndCodesForSlotOrAll
RefreshTPortZoneDisplayNameFromLocalization|TPortZone::RefreshTPortZoneDisplayNameFromLocalization
ReleaseRuntimeSelectionOwnerAndDestroyObject|TEventHandler::ReleaseRuntimeSelectionOwnerAndDestroyObject
ReleaseTPortZoneOwnedResourcesAndUnlinkFromGlobalList|TZone::ReleaseTPortZoneOwnedResourcesAndUnlinkFromGlobalList
RelinkMilitaryUnitByTileIndex|TMilitaryUnit::RelinkMilitaryUnitByTileIndex
RemoveNode|ObjectPool::RemoveNode
RemoveRegionIdFromNationOwnedRegionList|TGreatPower::RemoveRegionIdFromNationOwnedRegionList
RemoveUiTransientRegistryObjectByTag|TBattleReportView::RemoveUiTransientRegistryObjectByTag
RenderBattleReportInsetWithPaletteShift|TAnimation::RenderBattleReportInsetWithPaletteShift
RenderControlStateTextBySelectionCode|TToolBarCluster::RenderControlStateTextBySelectionCode
RenderDiplomacyMatrixRowWithStatusIconsAndFill|TDiplomacyMapView::RenderDiplomacyMatrixRowWithStatusIconsAndFill
RenderDiplomacyPendingPolicyIconsAndFrames|TDiplomacyMapView::RenderDiplomacyPendingPolicyIconsAndFrames
RenderUiBitmapOnRuntimeSurfaceContext|TLineData::RenderUiBitmapOnRuntimeSurfaceContext
RequestAudioPresetChangeWithDeferredApply|TOceanDialog::RequestAudioPresetChangeWithDeferredApply
ResetCityOrderItemDerivedStateNoop|TProductionOrder::ResetCityOrderItemDerivedStateNoop
ResetTPortZoneToSentinelVtableAndReleaseResources|TZone::ResetTPortZoneToSentinelVtableAndReleaseResources
ResolveBmpResourceHandleWithDefault3B6|TMacViewMgr::ResolveBmpResourceHandleWithDefault3B6
ResolveDiplomacyActionFromClickAndUpdateTarget|TCountry::ResolveDiplomacyActionFromClickAndUpdateTarget
ResolveRegionTileSubtypeCodeForTileIndex|TMapMgr::ResolveRegionTileSubtypeCodeForTileIndex
ReturnFalseNationStateActionStub|TGreatPower::ReturnFalseNationStateActionStub
ReuseDDElParam|USER32.DLL::ReuseDDElParam
RouteAndProcessDiplomacyTurnStateEventQueue|TMultiplayerMgr::RouteAndProcessDiplomacyTurnStateEventQueue
RtlUnwind|KERNEL32.DLL::RtlUnwind
RunCommandModalLoopAndFinalizeState_Impl|TCommand::RunCommandModalLoopAndFinalizeState_Impl
RunDiplomacyWaitSheetPopupAndAwaitResponse|TToolBarCluster::RunDiplomacyWaitSheetPopupAndAwaitResponse
RunMapOrderPageSelectionDialogAndApplyResult|TSuperNavyRoster::RunMapOrderPageSelectionDialogAndApplyResult
RunNationInfoModalAndReturnNonCancel|TCivToolbar::RunNationInfoModalAndReturnNonCancel
ScoreCoastalTileForContextAndCityStateAffinity|TZone::ScoreCoastalTileForContextAndCityStateAffinity
SelectCandidateTilesWithLowGroundUnitCount|TGreatPower::SelectCandidateTilesWithLowGroundUnitCount
SelectPreferredMapOrderEntryByPriorityRules|ObjectPool::SelectPreferredMapOrderEntryByPriorityRules
SerializeCityOrderItemContextCore|TItemOrder::SerializeCityOrderItemContextCore
SerializeCityProductionQueueCommand|TShipBuildingTask::SerializeCityProductionQueueCommand
SerializeMilitaryUnitOrderState|TMilitaryUnit::SerializeMilitaryUnitOrderState
SerializeNodeMapEntries_Key32Value32_WithArchive|CAmbitDocument::SerializeNodeMapEntries_Key32Value32_WithArchive
SerializeTMinisterBaseOrderArrayHeader|TMinister::SerializeTMinisterBaseOrderArrayHeader
SerializeUnitOrderCoreState|TUnit::SerializeUnitOrderCoreState
SetArmyUnitLineActiveFlagAndNotify|TShipLine::SetArmyUnitLineActiveFlagAndNotify
SetBackingArchive|TFileStream::SetBackingArchive
SetDiplomacyNationSelectionFilterAndRefreshRows|TControl::SetDiplomacyNationSelectionFilterAndRefreshRows
SetEditSelectionAndScrollCaret|TEditText::SetEditSelectionAndScrollCaret
SetFieldC0AndInvalidateWindowIfChanged|TMovieView::SetFieldC0AndInvalidateWindowIfChanged
SetForeignMinisterReadyFlag14|TCommand::SetForeignMinisterReadyFlag14
SetLineDataRowAndBounds|TLineData::SetLineDataRowAndBounds
SetMapActionContextTargetTileAndRefreshMarkers|TZone::SetMapActionContextTargetTileAndRefreshMarkers
SetMapOrderEntryChildFlags|TScatteredShipsMission::SetMapOrderEntryChildFlags
SetMapRecordFlagA3AndPropagateToChildren|TSpaceCommand::SetMapRecordFlagA3AndPropagateToChildren
SetMapStateByteFlag970WithRuntimeGate|TAttackProvinceMission::SetMapStateByteFlag970WithRuntimeGate
SetMapTileStateByteAndNotifyObserver|InputState::SetMapTileStateByteAndNotifyObserver
SetNationRowDisplayValueByDiplomacyPredicate|TCountry::SetNationRowDisplayValueByDiplomacyPredicate
SetNationTransferTargetCodeAndNotifyEligiblePeers|TGreatPower::SetNationTransferTargetCodeAndNotifyEligiblePeers
SetOutputDevice|TSimMgr::SetOutputDevice
SortSevenEntriesAndUpdatePictureWidgets|TStatusPicture::SortSevenEntriesAndUpdatePictureWidgets
Sprite__CollectNonTransparentPixels|TTransFocusAnimation::Sprite__CollectNonTransparentPixels
TAdmiral|TAdmiral::TAdmiral
TArmyPlacard|TArmyPlacard::TArmyPlacard
TArmyTacUnit_VtblSlot06_Impl|TArmyTacUnit::TArmyTacUnit_VtblSlot06_Impl
TGreatPower|TGreatPower::TGreatPower
TMapUberPicture_VtblSlot127|TMapUberPicture::SetTradeToolSubcontrolEnabledStateByFlag
TMilitaryUnitOrderState|TMilitaryUnitOrderState::TMilitaryUnitOrderState
TMinor|TMinor::TMinor
TNumberedArrowButton|TNumberedArrowButton::TNumberedArrowButton
TPictureButton|TPictureButton::TPictureButton
TPlacard|TPlacard::TPlacard
TToggleButton_VtblSlot116|TToggleButton::HandleToggleButtonStateChangeAndRefresh
TViewMgr_VtblSlot022|TDiplomacyMapView::AddToForeignMinisterCounterAtIndex
TViewMgr_VtblSlot034|TDiplomacyMapView::OrphanRetStub_0059add0
TViewMgr_VtblSlot035|TDiplomacyMapView::GetCityDialogFlagByte4
TViewMgr_VtblSlot043|TDiplomacyMapView::InvokeStrategicMapViewMethod5C
TViewMgr_VtblSlot045|TDiplomacyMapView::SetUiResourceOwner
TViewMgr_VtblSlot055|TDiplomacyMapView::ExecuteUiFactoryModalDialogAndReturnResultTag
TViewMgr_VtblSlot068|TDiplomacyMapView::HandleTurnEventF3D_PopulateRecentTurnMessages
TryShowCivilianCompletionMilestoneNotification|TCivToolbar::TryShowCivilianCompletionMilestoneNotification
UnlinkFromNationOrTerrainOwnerListAndDestroy|TUnit::UnlinkFromNationOrTerrainOwnerListAndDestroy
UnpackDDElParam|USER32.DLL::UnpackDDElParam
UpdateControlCachedIntFromWindowText|TNumberText::UpdateControlCachedIntFromWindowText
UpdateIndustryCapabilityControlStateAndValue|TToolBarCluster::UpdateIndustryCapabilityControlStateAndValue
UpdateMapGenerationProgressSpinnerFrame|TSpaceCommand::UpdateMapGenerationProgressSpinnerFrame
UpdateSelectionRect|TControl::UpdateSelectionRect
UpdateTradeSelectionStateAndRefreshUiIfChanged|TToolBarCluster::UpdateTradeSelectionStateAndRefreshUiIfChanged
ValidateAndPrepareGameFlowNameForDispatch|TSimMgr::ValidateAndPrepareGameFlowNameForDispatch
ValidateDiplomacyProposalTargetAndShowBlockedDetails|TToolBarCluster::ValidateDiplomacyProposalTargetAndShowBlockedDetails
WrapperFor_AllocateWithFallbackHandler_At004b5c00|TLaborPool::WrapperFor_AllocateWithFallbackHandler_At004b5c00
WrapperFor_ConstructSharedStringFromCStrOrResourceId_At004ac370|TToolBarCluster::WrapperFor_ConstructSharedStringFromCStrOrResourceId_At004ac370
WrapperFor_ConstructTCzechBoxBaseState_At0043d6f0|TCzechBox::WrapperFor_ConstructTCzechBoxBaseState_At0043d6f0
WrapperFor_ConstructTOffLimitsPictureBaseState_At0045d270|TOffLimitsPicture::WrapperFor_ConstructTOffLimitsPictureBaseState_At0045d270
WrapperFor_ConstructTPageViewBaseState_At00435590|TPageView::WrapperFor_ConstructTPageViewBaseState_At00435590
WrapperFor_ConstructTPageViewBaseState_At00435610|TPageView::WrapperFor_ConstructTPageViewBaseState_At00435610
WrapperFor_ConstructTPageViewBaseState_At004600c0|TPageView::WrapperFor_ConstructTPageViewBaseState_At004600c0
WrapperFor_DestructCPtrListBaseState_At004a84f0|TArmyStackList::WrapperFor_DestructCPtrListBaseState_At004a84f0
WrapperFor_DestructCPtrListBaseState_At005aec30|TaskList::WrapperFor_DestructCPtrListBaseState_At005aec30
WrapperFor_FreeHeapBufferIfNotNull_At00492de0_Impl|TView::WrapperFor_FreeHeapBufferIfNotNull_At00492de0_Impl
WrapperFor_FreeHeapBufferIfNotNull_At004a7c20|TArmyStack::WrapperFor_FreeHeapBufferIfNotNull_At004a7c20
WrapperFor_GetProfileStringA_At00415540|TToolBarCluster::WrapperFor_GetProfileStringA_At00415540
WrapperFor_HandleCityDialogNoOpSlot14_At004d6e60|TCountry::WrapperFor_HandleCityDialogNoOpSlot14_At004d6e60
WrapperFor_InitializeLinkedListSentinelNodeWithOwnerContext_At004a8640|TSortedList::WrapperFor_InitializeLinkedListSentinelNodeWithOwnerContext_At004a8640
WrapperFor_InvokeCallbackNTimesWithSehGuard_At005df330|TAssetMgr::WrapperFor_InvokeCallbackNTimesWithSehGuard_At005df330
WrapperFor_StringShared_AssignFromPtr_At00490c70|TEditText::WrapperFor_StringShared_AssignFromPtr_At00490c70
WrapperFor_TMacViewMgr_OnMsg_MSG_030F_At00485150|TMacViewMgr::WrapperFor_TMacViewMgr_OnMsg_MSG_030F_At00485150
WrapperFor_WriteProfileInt_At00415510|CWinApp::WrapperFor_WriteProfileInt_At00415510
WrapperFor_thunk_ConstructPictureResourceEntryBase_At004356e0|TNewspaperView::WrapperFor_thunk_ConstructPictureResourceEntryBase_At004356e0
WrapperFor_thunk_ConstructPictureResourceEntryBase_At0043d770|TTerrainHelpPicture::WrapperFor_thunk_ConstructPictureResourceEntryBase_At0043d770
WrapperFor_thunk_ConstructPictureResourceEntryBase_At0043d8c0|TFlagOptionsPicture::WrapperFor_thunk_ConstructPictureResourceEntryBase_At0043d8c0
WrapperFor_thunk_ConstructPictureResourceEntryBase_At0044fa80|TMultiMessagePicture::WrapperFor_thunk_ConstructPictureResourceEntryBase_At0044fa80
WrapperFor_thunk_ConstructPictureResourceEntryBase_At0045d480|TTacticalHolaPicture::WrapperFor_thunk_ConstructPictureResourceEntryBase_At0045d480
WrapperFor_thunk_ConstructPictureResourceEntryType606E8_At0045ae60|TShipyardView::WrapperFor_thunk_ConstructPictureResourceEntryType606E8_At0045ae60
WrapperFor_thunk_ConstructPictureResourceEntryType606E8_At0045af80|TShipyardView::WrapperFor_thunk_ConstructPictureResourceEntryType606E8_At0045af80
WrapperFor_thunk_ConstructPictureResourceEntry_Vtbl00660b48_At0044a6c0|TPageCorner::WrapperFor_thunk_ConstructPictureResourceEntry_Vtbl00660b48_At0044a6c0
WrapperFor_thunk_ConstructUiCommandTagResourceEntryBase_At0043d610|TControl::WrapperFor_thunk_ConstructUiCommandTagResourceEntryBase_At0043d610
WrapperFor_thunk_ConstructUiResourceEntryBase_At0045b000|TGWorldPartView::WrapperFor_thunk_ConstructUiResourceEntryBase_At0045b000
WrapperFor_thunk_ConstructUiResourceEntryType4B0C0_At0044a6f0|TToolBarCluster::WrapperFor_thunk_ConstructUiResourceEntryType4B0C0_At0044a6f0
WrapperFor_thunk_ConstructUiTextResourceEntryBase_At0045ad20|TMapKey::WrapperFor_thunk_ConstructUiTextResourceEntryBase_At0045ad20
WrapperFor_thunk_DecrementDialogResourceRefCountByShortIdAndCleanup_At00495c00|TAnimation::WrapperFor_thunk_DecrementDialogResourceRefCountByShortIdAndCleanup_At00495c00
WrapperFor_thunk_DispatchHandleMapLookupWithReadPtrProbe_At0047e930|TIconSlider::WrapperFor_thunk_DispatchHandleMapLookupWithReadPtrProbe_At0047e930
WrapperFor_thunk_RenderDiplomacyMatrixRowWithStatusIconsAndFill_At004ade00_Impl|TDiplomacyMapView::WrapperFor_thunk_RenderDiplomacyMatrixRowWithStatusIconsAndFill_At004ade00_Impl
WrapperFor_thunk_ResolveBmpResourceHandleWithDefault3B6_At004995a0|TMacViewMgr::WrapperFor_thunk_ResolveBmpResourceHandleWithDefault3B6_At004995a0
WrapperFor_thunk_UpdateTextEntrySharedStringIfChanged_At005b6480|TDeluxeText::WrapperFor_thunk_UpdateTextEntrySharedStringIfChanged_At005b6480
WrapperFor_thunk_UpdateTextEntrySharedStringIfChanged_At005b64a0|TDeluxeText::WrapperFor_thunk_UpdateTextEntrySharedStringIfChanged_At005b64a0
thunk_ActivateCityProductionViewIfAllowed|TSoundPlayer::'scalar_deleting_destructor'
thunk_ActivatePendingEventAndRefreshView|ActivatePendingEventAndRefreshView
thunk_AddJoinableGameOptionEntry|AddJoinableGameOptionEntry
thunk_AddPendingTurnOverlayCode|TDiplomacyMapView::'scalar_deleting_destructor'
thunk_AdjustMapOrderNodeStatCapped499|AdjustMapOrderNodeStatCapped499
thunk_AdvanceCityOrderAndQueueRequirementCommands|TShipBuildingTask::OrphanLeaf_NoCall_Ins04_005adc30
thunk_AdvanceCivWorkOrderAndApplyCompletion|TCivUnit::NormalizeUnitOrderStateAfterLoad
thunk_AdvanceGlobalTurnStateMachine|TSimMgr::AdvanceGlobalTurnStateMachine
thunk_AdvanceSpiralSearchStateAndStepHexCoordinates|AdvanceSpiralSearchStateAndStepHexCoordinates
thunk_AdvanceToNextTacticalUnitTurnStep|AdvanceToNextTacticalUnitTurnStep
thunk_AllocateUiResourceNode|AllocateUiResourceNode
thunk_AppendPackedColorDwordToMaskBuffers|TDiplomacyMapView::AppendPackedColorDwordToMaskBuffers
thunk_ApplyAutoResolutionModeAndPersist|ApplyAutoResolutionModeAndPersist
thunk_ApplyCityDialogMinisterValues|TTransportView::ApplyCityDialogMinisterValues
thunk_ApplyCityEntryOrderDeltaAndCosts|TUnitOrder::OrphanCallChain_C1_I16_004b5100
thunk_ApplyCityProductionDialogChanges|TControl::ApplyCityProductionDialogChanges
thunk_ApplyCityViewBuildingOrderDialogResult|TBuildingConstructionView::ApplyCityViewBuildingOrderDialogResult
thunk_ApplyCompletedCivWorkOrderToMapState|ApplyCompletedCivWorkOrderToMapState
thunk_ApplyDiplomacyInterNationStatesForTurn|TSortedByRelationshipList::ApplyDiplomacyInterNationStatesForTurn
thunk_ApplyEngineerRailCostDeltaForConnectedTiles|TCivToolbar::ApplyEngineerRailCostDeltaForConnectedTiles
thunk_ApplyMapOrderTypeExecutionEffects|TSimMgr::ApplyMapOrderTypeExecutionEffects
thunk_ApplyNationIndexedShortUpdateFromStream|HandleTurnInstruction_Ware_ApplyNationIndexedShortAndRefresh
thunk_ApplyProductionDistributionToCitySlots|TCityTask::ApplyProductionDistributionToCitySlots
thunk_ApplyRailSectionEndpointDirectionFlags|ApplyRailSectionEndpointDirectionFlags
thunk_ApplyRecruitmentSliderDeltaAndRebalancePools|TOrItemOrder::OrphanCallChain_C1_I16_004b5100
thunk_ApplyRectClipRegionToGlobalClipState|ApplyRectClipRegionToGlobalClipState
thunk_ApplyScenarioSelectionAndPostTurnEvent5E4|TScenarioChooser::ApplyScenarioSelectionAndPostTurnEvent5E4
thunk_ApplyTacticalDamageAndDeathState|TNavyBattle::ApplyTacticalDamageAndDeathState
thunk_ApplyTacticalDoneSelectionAndRefreshUi|ApplyTacticalDoneSelectionAndRefreshUi
thunk_ApplyTurnEventPaletteColorByEventCode|TViewMgr::ApplyTurnEventPaletteColorByEventCode
thunk_ApplyUiResourceColorTripletFromContext|ApplyUiResourceColorTripletFromContext
thunk_ApplyUiResourceLayoutFromContext|ApplyUiResourceLayoutFromContext
thunk_AssertCityProductionGlobalStateInitialized|TCouncilView::OrphanRetStub_0059add0
thunk_AssignSharedStringFromIndexedA8EntryNameField|AssignSharedStringFromIndexedA8EntryNameField
thunk_AssignStringSharedRefAndReturnThis|AssignStringSharedRefAndReturnThis
thunk_BindUiResourceTextAndStyle|BindUiResourceTextAndStyle
thunk_BlitStrategicMapUnitActivityOverlayFrame|TCivDescription::BlitStrategicMapUnitActivityOverlayFrame
thunk_BuildAndShowTurnOverlayByMode|TToolBarCluster::BuildAndShowTurnOverlayByMode
thunk_BuildCityDialogMinisterControls|TNewTownView::BuildCityDialogMinisterControls
thunk_BuildCityViewProductionControls|TDeluxeText::BuildCityViewProductionControls
thunk_BuildMainStatsScoreboardAndDoneUiResourceTree|BuildMainStatsScoreboardAndDoneUiResourceTree
thunk_BuildMapOrderBattleSideSnapshot|BuildMapOrderBattleSideSnapshot
thunk_BuildMapTileActionContextMenu|TTerrainHelpPicture::BuildMapTileActionContextMenu
thunk_BuildNationRankingRowsForNation|BuildNationRankingRowsForNation
thunk_BuildPathToTargetByDistanceField|BuildPathToTargetByDistanceField
thunk_BuildSavePathStringForMode|BuildSavePathStringForMode
thunk_BuildScenarioPathForModeAndIndex|BuildScenarioPathForModeAndIndex
thunk_BuildTacticalDistanceFieldForSide|BuildTacticalDistanceFieldForSide
thunk_BuildTradeSchoolDialogControls|BuildTradeSchoolDialogControls
thunk_BuildTurnEventFactoryPacket|TDiplomacyMapView::BuildTurnEventFactoryPacket
thunk_BuildUiMessageTextFromBracketTemplate|BuildUiMessageTextFromBracketTemplate
thunk_BuildUiTextStyleDescriptor|BuildUiTextStyleDescriptor
thunk_BuildUniversityDialogShell|BuildUniversityDialogShell
thunk_BuildUniversityRecruitmentRows|BuildUniversityRecruitmentRows
thunk_CProcessLocalObject|CProcessLocalObject::~CProcessLocalObject
thunk_CalculateEngineerRailBuildCost|TCivToolbar::CalculateDeveloperTilePurchaseCost
thunk_CalculateMapOrderEntryAverageChildRatingX10|CalculateMapOrderEntryAverageChildRatingX10
thunk_CallDcCallbackIfPrimaryHdcDiffers|CallDcCallbackIfPrimaryHdcDiffers
thunk_CanAssignCivilianOrderToTile|TCivToolbar::CanAssignCivilianOrderToTile
thunk_CanHandleCityDialogActionFalse|TMapDialog::'scalar_deleting_destructor'
thunk_CanQueueMapOrderForProvinceContext|CanQueueMapOrderForProvinceContext
thunk_CanStartCityProductionActionFalse|TMapDialog::'scalar_deleting_destructor'
thunk_CancelMapOrderEntryAndRestoreActive|TToolBarCluster::CancelMapOrderEntryAndRestoreActive
thunk_CityViewProductionMethod_00401226|TMapDialog::OrphanCallChain_C11_I88_004874b0
thunk_ClampAndApplyTradeMoveValue|TAmtBar::'scalar_deleting_destructor'
thunk_ClassifyTurnStateForOverlayMode|TViewMgr::ClassifyTurnStateForOverlayMode
thunk_ClearCivilianSelectionHighlightsForNation|ClearCivilianSelectionHighlightsForNation
thunk_ClearMapOrderProcessedFlagsChain|TSimMgr::ClearMapOrderProcessedFlagsChain
thunk_ClearTurnResumeNationPendingBitAndMaybeFlushTelemetry|ClearTurnResumeNationPendingBitAndMaybeFlushTelemetry
thunk_ClearUiResourceContext|ClearUiResourceContext
thunk_CloneCityDialogExtendedStateToNewInstance|TMapDialog::GetTBehaviorClassNamePointer
thunk_CloneEngineerDialogStateToNewInstance|TView::OrphanCallChain_C11_I88_004874b0
thunk_CloseCityDialogChildrenAndReleaseSelf|TMapDialog::OrphanLeaf_NoCall_Ins07_004d8920
thunk_CommitCityDialogMinisterValues|TTransportView::GetTEventHandlerClassNamePointer
thunk_CommitCityRecruitmentOrderDelta|TUnitOrder::OrphanRetStub_004b5160
thunk_ComputeDefendProvinceMissionCrossNationSupportVectorScore|ComputeDefendProvinceMissionCrossNationSupportVectorScore
thunk_ComputeDefendProvinceMissionLocalSupportVectorScore|ComputeDefendProvinceMissionLocalSupportVectorScore
thunk_ComputeGlobalMapActionContextNodeValueAverage|ComputeGlobalMapActionContextNodeValueAverage
thunk_ComputeHexNeighborTileIndices|ComputeHexNeighborTileIndices_005A0420
thunk_ComputeMaxRecruitableDeltaForCityEntry|TUnitOrder::OrphanLeaf_NoCall_Ins02_004b50e0
thunk_ComputeNavyOrderDistributionSimilarityScoreForExactSourceNation|ComputeNavyOrderDistributionSimilarityScoreForExactSourceNation
thunk_ComputeNavyOrderDistributionSimilarityScoreWithDiplomacyFilter|ComputeNavyOrderDistributionSimilarityScoreWithDiplomacyFilter
thunk_ComputeRecruitmentCapFromPools|TOrItemOrder::OrphanLeaf_NoCall_Ins02_004b50e0
thunk_ComputeRepresentativeTileIndexForTerrainTypeWithWrapBias|ComputeRepresentativeTileIndexForTerrainTypeWithWrapBias
thunk_ComputeTurnEventDialogPlacementByCode|TViewMgr::ComputeTurnEventDialogPlacementByCode
thunk_ComputeWeightedNeighborLinkScoreForNode|ComputeWeightedNeighborLinkScoreForNode
thunk_ConfigureTurnResumeStateAndNationMask|ConfigureTurnResumeStateAndNationMask
thunk_ConstructArmoryView|TArmoryView::ConstructArmoryView
thunk_ConstructBuildingExpansionView|TBuildingExpansionView::ConstructBuildingExpansionView
thunk_ConstructDataLibraryLoadState|CMainFrame::ConstructModuleLibraryCacheDualTableState
thunk_ConstructDiplomacyTurnStateManager_Vtbl00654d90|TDiplomacyMgr::ConstructDiplomacyTurnStateManager_Vtbl00654d90
thunk_ConstructEngineerDialog|TEngineerDialog::ConstructEngineerDialog
thunk_ConstructFrogCityMarker|TTown::FUN_005b6c60
thunk_ConstructGlobalUiRootControllerState|TApplication::ConstructGlobalUiRootControllerState
thunk_ConstructMapContextActionManager|TArmyMgr::ConstructMapContextActionManager
thunk_ConstructPictureResourceEntryType57080|THelpPicture::ConstructPictureResourceEntryType57080
thunk_ConstructPictureResourceEntryType606E8|TNoHilitePicture::ConstructPictureResourceEntryType606E8
thunk_ConstructPictureScreenResourceEntry|TUpDownPictureButton::ConstructPictureScreenResourceEntry
thunk_ConstructPictureScreenVariantEntry|TLineData::ConstructPictureScreenVariantEntry
thunk_ConstructSelectableTextOptionEntry|TRadioText::ConstructSelectableTextOptionEntry
thunk_ConstructSelectableTextOptionEntryBase|TDropShadowText::ConstructSelectableTextOptionEntryBase
thunk_ConstructSfxPlaybackSystemState|TSoundPlayer::?ConstructTSoundPlayerBaseState@@YIPAUSoundPlayerState@?%Z:imperialismsrcgameTSoundPlayer.cpp14012305@@PAU12@@Z
thunk_ConstructTDefenseMinisterBaseState|TDefenseMinister::ConstructTDefenseMinisterBaseState
thunk_ConstructTForeignMinister|TForeignMinister::ConstructTForeignMinister
thunk_ConstructTViewBaseState|TView::ConstructTViewBaseState
thunk_ConstructTradeMoveScaledControlPanel|TRailCluster::TRailCluster
thunk_ConstructTradeMoveStepControlPanel|TIndustryCluster::ConstructTradeMoveStepControlPanel
thunk_ConstructTurnEventPacketBase|TCommand::ConstructTurnEventPacketBase
thunk_ConstructTurnEventUiEntryBase|TControl::ConstructTurnEventUiEntryBase
thunk_ConstructTurnEventWindowEntryStaticBackdrop|TDlgWindow::ConstructTurnEventWindowEntryStaticBackdrop
thunk_ConstructTurnOrderNavigationWindowEntryViewportAdaptive|TGreatPower::ConstructTurnOrderNavigationWindowEntryViewportAdaptive
thunk_ConstructUiBaseBackdropPictureEntry|TLoadSavePicture::ConstructUiBaseBackdropPictureEntry
thunk_ConstructUiBattleTabPictureEntry|T2PictureButton::ConstructUiBattleTabPictureEntry
thunk_ConstructUiClickablePictureResourceEntry|TRadioPictureButton::TRadioPictureButton
thunk_ConstructUiColorTextResourceEntry|TDeluxeText::ConstructUiColorTextResourceEntry
thunk_ConstructUiCommandTagResourceEntry|TClickZone::ConstructUiCommandTagResourceEntry
thunk_ConstructUiCommandTagResourceEntryBase|TControl::TControl
thunk_ConstructUiCursorTextResourceEntry|TInfoBarText::ConstructUiCursorTextResourceEntry
thunk_ConstructUiGoldLabelResourceEntry|TLineData::ConstructUiGoldLabelResourceEntry
thunk_ConstructUiNumericTextEntry|TNumberText::ConstructUiNumericTextEntry
thunk_ConstructUiNumericTextEntryBase|TEditText::ConstructUiNumericTextEntryBase
thunk_ConstructUiPlanetListResourceEntry|TMapPreviewView::ConstructUiPlanetListResourceEntry
thunk_ConstructUiResourceEntryType4B0C0|TCluster::ConstructUiResourceEntryType4B0C0
thunk_ConstructUiResourceEntryTypeB|TToolBarCluster::ConstructTToolBarClusterBaseState
thunk_ConstructUiStatusListTextEntry|TNoHiliteText::ConstructUiStatusListTextEntry
thunk_ConstructUiTabCursorPictureEntry|TPictureButton::ConstructUiTabCursorPictureEntry
thunk_ConstructUiTextResourceEntryBase|TStaticText::TStaticText
thunk_ConstructUiWindowResourceEntryBase|TControl::ConstructUiWindowResourceEntryBase
thunk_ConstructUiWindowResourceEntryType4B340|TControl::ConstructUiWindowResourceEntryType4B340
thunk_ConstructUiWindowResourceEntryType572C0|THelpWindow::ConstructUiWindowResourceEntryType572C0
thunk_ConsumeFirstPendingAbilityUnlock|ConsumeFirstPendingAbilityUnlock
thunk_ConsumeTacticalSideResourcePoolAndInvalidateIfEmpty|TTacticalBattle::ConsumeTacticalSideResourcePoolAndInvalidateIfEmpty
thunk_ContainsPointerArrayEntryMatchingByteKey|ContainsPointerArrayEntryMatchingByteKey
thunk_ConvertHexTileIndexToRowAndDoubleColumn|ConvertHexTileIndexToRowAndDoubleColumn
thunk_CopyCityDialogStateFromSource|TView::CopyCityDialogStateFromSource
thunk_CreateAndSendTurnEvent13_NationAndNineDwords|CreateAndSendTurnEvent13_NationAndNineDwords
thunk_CreateAndSendTurnEvent21_ThreeBytes|CreateAndSendTurnEvent21_ThreeBytes
thunk_CreateCityBuildingDialogBySlot|TMacViewMgr::CreateCityBuildingDialogBySlot
thunk_CreateMissionObjectByKindAndNodeContext|CreateMissionObjectByKindAndNodeContext
thunk_CreateNavyPrimaryOrderNodeAndAssignDisplayName|CreateNavyPrimaryOrderNodeAndAssignDisplayName
thunk_CreateSelectableTextOptionChildEntry|CreateSelectableTextOptionChildEntry
thunk_CreateTMacViewMgrObject|CreateTMacViewMgrObject
thunk_CycleMapInteractionSelectionAfterHandledClick|TCivToolbar::CycleMapInteractionSelectionAfterHandledClick
thunk_DecrementDialogResourceRefCountByShortIdAndCleanup|DecrementDialogResourceRefCountByShortIdAndCleanup
thunk_Default|CWnd::Default
thunk_DeleteMapOrderChildLinkAndReturnNext|TShip::DeleteMapOrderChildLinkAndReturnNext
thunk_DeleteMapOrderEntryAndUnlink|TAutoGreatPower::GetTCountryClassNamePointer
thunk_DeserializeCityProductionQueueCommand|TCityTask::DeserializeCityProductionQueueCommand
thunk_DeserializeRecruitScenarioAndInstantiateOrders_At00409089|TGreatPower::DeserializeRecruitScenarioAndInstantiateOrders
thunk_DeserializeTurnEventDispatchState|TViewMgr::DeserializeTurnEventDispatchState
thunk_DestroyCivilianMapManager|TControl::DeleteCivilianMapInteractionManager
thunk_DestroyScopedMapQuickDrawContext|DestroyScopedMapQuickDrawContext
thunk_DestroyTurnEventState|TViewMgr::DestroyTurnEventState
thunk_DestructArmoryViewAndMaybeFree|TArmoryView::'scalar_deleting_destructor'
thunk_DestructBuildingExpansionViewAndMaybeFree_At0040154b|TBuildingExpansionView::'scalar_deleting_destructor'
thunk_DestructCObArray|CObArray::DestructCObArray
thunk_DestructCityDialogSharedBaseState|TView::DestructCityDialogSharedBaseState
thunk_DestructEngineerDialogAndMaybeFree|TEngineerDialog::'scalar_deleting_destructor'
thunk_DestructEngineerDialogBaseState|TView::DestructTViewBaseState
thunk_DestructHeapBufferOwnerState_0066FA68_AndFreeBuffer_At005e47b0|TNetMgr::DestructHeapBufferOwnerState_0066FA68_AndFreeBuffer_At005e47b0
thunk_DestructLinkedBlockChainState_0063E880_AndFreeChain_At00415e70|CObject::DestructLinkedBlockChainState_0063E880_AndFreeChain_At00415e70
thunk_DestructLinkedBlockChainState_0066FA50_AndFreeChain_At005e4580|TNetMgr::DestructLinkedBlockChainState_0066FA50_AndFreeChain_At005e4580
thunk_DestructRuntimeSelectionRecordArrayStateAndRestoreBaseRuntimeClass|DestructRuntimeSelectionRecordArrayStateAndRestoreBaseRuntimeClass
thunk_DestructStaticDialogTemplateD0Object|DestructStaticDialogTemplateD0Object
thunk_DestructTViewBaseState|TView::DestructTViewBaseState
thunk_DestructTViewBaseState_005885F0|TView::DestructTViewBaseState
thunk_DestructTViewBaseState_0058AF60|TView::DestructTViewBaseState
thunk_DestructViewModalStateNodeBlockChainAndRestoreBaseRuntimeClass|DestructViewModalStateNodeBlockChainAndRestoreBaseRuntimeClass
thunk_DetachActiveCityProductionChildIfMatches|TSoundPlayer::'scalar_deleting_destructor'
thunk_DispatchCityProductionAction1A|TMapDialog::'scalar_deleting_destructor'
thunk_DispatchCityProductionAction1B|TSoundPlayer::GetTEventHandlerClassNamePointer
thunk_DispatchCityRedrawInvalidateEvent|DispatchCityRedrawInvalidateEvent
thunk_DispatchGlobalTurnEventCode|TDiplomacyMapView::GetTEventHandlerClassNamePointer
thunk_DispatchJoinEmpireModeEventPacket24_27|DispatchJoinEmpireModeEventPacket24_27
thunk_DispatchLocalizedUiMessageWithTemplate|DispatchLocalizedUiMessageWithTemplate
thunk_DispatchLocalizedUiMessageWithTemplateA13A0|DispatchLocalizedUiMessageWithTemplateA13A0
thunk_DispatchPanelControlEvent|TCluster::OrphanRetStub_0059add0
thunk_DispatchPictureResourceCommand|TCouncilView::QueueCityRecruitmentSupportCommandsIfDeficit
thunk_DispatchSelectedUnitToGlobalMapStateHandler|TCivMgr::DispatchSelectedUnitToGlobalMapStateHandler
thunk_DispatchStartupCommand100ToAppSingleton|DispatchStartupCommand100ToAppSingleton
thunk_DispatchTacticalActionByHoverStateIndex|DispatchTacticalActionByHoverStateIndex
thunk_DispatchTaggedGameStateEvent1F20|DispatchTaggedGameStateEvent1F20
thunk_DispatchTurnEvent1AWithNationActionPayload|DispatchTurnEvent1AWithNationActionPayload
thunk_DispatchTurnEvent3B8AndWaitForCompletion|TDiplomacyMapView::DispatchTurnEvent3B8AndWaitForCompletion
thunk_DispatchTurnEvent7D8AndUpdateMainViewSelection|TDiplomacyMapView::DispatchTurnEvent7D8AndUpdateMainViewSelection
thunk_DispatchTurnEvent7D8IfTurnFlowIdle|TDiplomacyMapView::OrphanTiny_ReturnZero_0048a730
thunk_DispatchTurnStateSpecialAdvisoriesAndReturnCount|DispatchTurnStateSpecialAdvisoriesAndReturnCount
thunk_DispatchUiMouseMoveToChildren|TView::SetForeignMinisterReadyFlag14
thunk_DispatchUiPacketWithTagNEXT|DispatchUiPacketWithTagNEXT
thunk_DispatchVfuncA0ToLinkedChildListSlot44|TSoundPlayer::GetTEventHandlerClassNamePointer
thunk_DispatchVirtualSlot18OnImplicitObject|DispatchVirtualSlot18OnImplicitObject
thunk_DrawCenteredGuideLineOnMapDc|DrawCenteredGuideLineOnMapDc
thunk_DrawTextWithCachedQuickDrawStyleState|THQButton::DrawTextWithCachedQuickDrawStyleState
thunk_EmitTurnEvent3Mode18WithActiveNation|EmitTurnEvent3Mode18WithActiveNation
thunk_EnqueueOrSendTurnEventPacketToNation|EnqueueOrSendTurnEventPacketToNation
thunk_EnsurePortZoneForTile|EnsurePortZoneForTile
thunk_EnsureSelectedTaskForceForOrderOwnerAndRefresh|EnsureSelectedTaskForceForOrderOwnerAndRefresh
thunk_ExecuteDeferredCityOrderCommand|TCityTask::OrphanLeaf_NoCall_Ins04_005adc30
thunk_FUN_006235d8|FUN_006235d8
thunk_FUN_0062409a|FUN_0062409a
thunk_FillRectWithQuickDrawBrushAndContextOffset|FillRectWithQuickDrawBrushAndContextOffset
thunk_FinalizeQueuedMapOrderEntry|FinalizeQueuedMapOrderEntry
thunk_FinalizeTacticalTurnStateAndQueueEvent232A|TacticalBattleView::FinalizeTacticalTurnStateAndQueueEvent232A
thunk_FindCityProductionChildByWindowHandle|TSoundPlayer::OrphanLeaf_NoCall_Ins07_004d8920
thunk_FindFirstPortZoneContextByNation|FindFirstPortZoneContextByNation
thunk_FindPortZoneByTile|FindPortZoneByTile
thunk_FindReachableRecruitSpawnTileWithVisitedReset|FindReachableRecruitSpawnTileWithVisitedReset
thunk_ForwardCityDialogParamToChildSlot44|TMapDialog::'scalar_deleting_destructor'
thunk_ForwardCityDialogParamToChildSlot48|TMapDialog::OrphanTiny_ReturnZero_0048a730
thunk_ForwardEngineerDialogCommandToChildSlot40|TView::OrphanRetStub_0059add0
thunk_ForwardStructuredExceptionDispatchThroughFrameInfo_At00627dd4|ForwardStructuredExceptionDispatchThroughFrameInfo
thunk_ForwardStructuredExceptionDispatchThroughFrameInfo_At00627e51|ForwardStructuredExceptionDispatchThroughFrameInfo
thunk_ForwardStructuredExceptionDispatchThroughFrameInfo_At00627ed1|ForwardStructuredExceptionDispatchThroughFrameInfo
thunk_ForwardStructuredExceptionDispatchThroughFrameInfo_At00627f86|ForwardStructuredExceptionDispatchThroughFrameInfo
thunk_ForwardStructuredExceptionDispatchThroughFrameInfo_At00627fcd|ForwardStructuredExceptionDispatchThroughFrameInfo
thunk_ForwardStructuredExceptionDispatchThroughFrameInfo_At00627fed|ForwardStructuredExceptionDispatchThroughFrameInfo
thunk_ForwardStructuredExceptionDispatchThroughFrameInfo_At0062800d|ForwardStructuredExceptionDispatchThroughFrameInfo
thunk_ForwardStructuredExceptionDispatchThroughFrameInfo_At0062802d|ForwardStructuredExceptionDispatchThroughFrameInfo
thunk_ForwardStructuredExceptionDispatchThroughFrameInfo_At0062806e|ForwardStructuredExceptionDispatchThroughFrameInfo
thunk_ForwardStructuredExceptionDispatchThroughFrameInfo_At0062808d|ForwardStructuredExceptionDispatchThroughFrameInfo
thunk_ForwardStructuredExceptionDispatchThroughFrameInfo_At006280b5|ForwardStructuredExceptionDispatchThroughFrameInfo
thunk_ForwardStructuredExceptionDispatchThroughFrameInfo_At006280e6|ForwardStructuredExceptionDispatchThroughFrameInfo
thunk_ForwardStructuredExceptionDispatchThroughFrameInfo_At00628115|ForwardStructuredExceptionDispatchThroughFrameInfo
thunk_ForwardStructuredExceptionDispatchThroughFrameInfo_At0062813b|ForwardStructuredExceptionDispatchThroughFrameInfo
thunk_ForwardStructuredExceptionDispatchThroughFrameInfo_At0062815d|ForwardStructuredExceptionDispatchThroughFrameInfo
thunk_ForwardStructuredExceptionDispatchThroughFrameInfo_At00628196|ForwardStructuredExceptionDispatchThroughFrameInfo
thunk_ForwardStructuredExceptionDispatchThroughFrameInfo_At006281c5|ForwardStructuredExceptionDispatchThroughFrameInfo
thunk_ForwardStructuredExceptionDispatchThroughFrameInfo_At006281fe|ForwardStructuredExceptionDispatchThroughFrameInfo
thunk_ForwardStructuredExceptionDispatchThroughFrameInfo_At0062821d|ForwardStructuredExceptionDispatchThroughFrameInfo
thunk_ForwardStructuredExceptionDispatchThroughFrameInfo_At006282ae|ForwardStructuredExceptionDispatchThroughFrameInfo
thunk_ForwardStructuredExceptionDispatchThroughFrameInfo_At0062833d|ForwardStructuredExceptionDispatchThroughFrameInfo
thunk_ForwardStructuredExceptionDispatchThroughFrameInfo_At00628380|ForwardStructuredExceptionDispatchThroughFrameInfo
thunk_ForwardStructuredExceptionDispatchThroughFrameInfo_At0062839d|ForwardStructuredExceptionDispatchThroughFrameInfo
thunk_ForwardStructuredExceptionDispatchThroughFrameInfo_At006283bd|ForwardStructuredExceptionDispatchThroughFrameInfo
thunk_ForwardStructuredExceptionDispatchThroughFrameInfo_At00628438|ForwardStructuredExceptionDispatchThroughFrameInfo
thunk_ForwardStructuredExceptionDispatchThroughFrameInfo_At00628475|ForwardStructuredExceptionDispatchThroughFrameInfo
thunk_ForwardStructuredExceptionDispatchThroughFrameInfo_At0062848d|ForwardStructuredExceptionDispatchThroughFrameInfo
thunk_ForwardStructuredExceptionDispatchThroughFrameInfo_At0062878a|ForwardStructuredExceptionDispatchThroughFrameInfo
thunk_ForwardStructuredExceptionDispatchThroughFrameInfo_At0062885d|ForwardStructuredExceptionDispatchThroughFrameInfo
thunk_ForwardStructuredExceptionDispatchThroughFrameInfo_At00629457|ForwardStructuredExceptionDispatchThroughFrameInfo
thunk_ForwardStructuredExceptionDispatchThroughFrameInfo_At0062987e|ForwardStructuredExceptionDispatchThroughFrameInfo
thunk_ForwardStructuredExceptionDispatchThroughFrameInfo_At00629de1|ForwardStructuredExceptionDispatchThroughFrameInfo
thunk_ForwardStructuredExceptionDispatchThroughFrameInfo_At00629f55|ForwardStructuredExceptionDispatchThroughFrameInfo
thunk_ForwardStructuredExceptionDispatchThroughFrameInfo_At00629f95|ForwardStructuredExceptionDispatchThroughFrameInfo
thunk_ForwardStructuredExceptionDispatchThroughFrameInfo_At0062a240|ForwardStructuredExceptionDispatchThroughFrameInfo
thunk_ForwardStructuredExceptionDispatchThroughFrameInfo_At0062a8fb|ForwardStructuredExceptionDispatchThroughFrameInfo
thunk_ForwardStructuredExceptionDispatchThroughFrameInfo_At0062b48b|ForwardStructuredExceptionDispatchThroughFrameInfo
thunk_ForwardStructuredExceptionDispatchThroughFrameInfo_At0062b751|ForwardStructuredExceptionDispatchThroughFrameInfo
thunk_ForwardStructuredExceptionDispatchThroughFrameInfo_At0062ba15|ForwardStructuredExceptionDispatchThroughFrameInfo
thunk_ForwardStructuredExceptionDispatchThroughFrameInfo_At0062bcbf|ForwardStructuredExceptionDispatchThroughFrameInfo
thunk_ForwardStructuredExceptionDispatchThroughFrameInfo_At0062c2ea|ForwardStructuredExceptionDispatchThroughFrameInfo
thunk_ForwardStructuredExceptionDispatchThroughFrameInfo_At0062c59a|ForwardStructuredExceptionDispatchThroughFrameInfo
thunk_ForwardStructuredExceptionDispatchThroughFrameInfo_At0062c65a|ForwardStructuredExceptionDispatchThroughFrameInfo
thunk_ForwardStructuredExceptionDispatchThroughFrameInfo_At0062c79e|ForwardStructuredExceptionDispatchThroughFrameInfo
thunk_ForwardStructuredExceptionDispatchThroughFrameInfo_At0062d520|ForwardStructuredExceptionDispatchThroughFrameInfo
thunk_ForwardStructuredExceptionDispatchThroughFrameInfo_At0062db4b|ForwardStructuredExceptionDispatchThroughFrameInfo
thunk_ForwardStructuredExceptionDispatchThroughFrameInfo_At0062de9a|ForwardStructuredExceptionDispatchThroughFrameInfo
thunk_ForwardStructuredExceptionDispatchThroughFrameInfo_At0062df5f|ForwardStructuredExceptionDispatchThroughFrameInfo
thunk_ForwardStructuredExceptionDispatchThroughFrameInfo_At0062df91|ForwardStructuredExceptionDispatchThroughFrameInfo
thunk_ForwardStructuredExceptionDispatchThroughFrameInfo_At0062dfad|ForwardStructuredExceptionDispatchThroughFrameInfo
thunk_ForwardStructuredExceptionDispatchThroughFrameInfo_At0062dfcd|ForwardStructuredExceptionDispatchThroughFrameInfo
thunk_ForwardStructuredExceptionDispatchThroughFrameInfo_At0062dff5|ForwardStructuredExceptionDispatchThroughFrameInfo
thunk_ForwardStructuredExceptionDispatchThroughFrameInfo_At0062e00d|ForwardStructuredExceptionDispatchThroughFrameInfo
thunk_ForwardStructuredExceptionDispatchThroughFrameInfo_At0062e037|ForwardStructuredExceptionDispatchThroughFrameInfo
thunk_ForwardStructuredExceptionDispatchThroughFrameInfo_At0062e05d|ForwardStructuredExceptionDispatchThroughFrameInfo
thunk_ForwardStructuredExceptionDispatchThroughFrameInfo_At0062e07d|ForwardStructuredExceptionDispatchThroughFrameInfo
thunk_ForwardStructuredExceptionDispatchThroughFrameInfo_At0062e09d|ForwardStructuredExceptionDispatchThroughFrameInfo
thunk_ForwardStructuredExceptionDispatchThroughFrameInfo_At0062e0bd|ForwardStructuredExceptionDispatchThroughFrameInfo
thunk_ForwardStructuredExceptionDispatchThroughFrameInfo_At0062e0dd|ForwardStructuredExceptionDispatchThroughFrameInfo
thunk_ForwardStructuredExceptionDispatchThroughFrameInfo_At0062e0fd|ForwardStructuredExceptionDispatchThroughFrameInfo
thunk_ForwardStructuredExceptionDispatchThroughFrameInfo_At0062e11d|ForwardStructuredExceptionDispatchThroughFrameInfo
thunk_ForwardStructuredExceptionDispatchThroughFrameInfo_At0062e13d|ForwardStructuredExceptionDispatchThroughFrameInfo
thunk_ForwardStructuredExceptionDispatchThroughFrameInfo_At0062e168|ForwardStructuredExceptionDispatchThroughFrameInfo
thunk_ForwardStructuredExceptionDispatchThroughFrameInfo_At0062e1a0|ForwardStructuredExceptionDispatchThroughFrameInfo
thunk_ForwardStructuredExceptionDispatchThroughFrameInfo_At0062e1bd|ForwardStructuredExceptionDispatchThroughFrameInfo
thunk_ForwardStructuredExceptionDispatchThroughFrameInfo_At0062e1e5|ForwardStructuredExceptionDispatchThroughFrameInfo
thunk_ForwardStructuredExceptionDispatchThroughFrameInfo_At0062e1fd|ForwardStructuredExceptionDispatchThroughFrameInfo
thunk_ForwardStructuredExceptionDispatchThroughFrameInfo_At0062e24d|ForwardStructuredExceptionDispatchThroughFrameInfo
thunk_ForwardStructuredExceptionDispatchThroughFrameInfo_At0062e27d|ForwardStructuredExceptionDispatchThroughFrameInfo
thunk_ForwardStructuredExceptionDispatchThroughFrameInfo_At0062e29d|ForwardStructuredExceptionDispatchThroughFrameInfo
thunk_ForwardStructuredExceptionDispatchThroughFrameInfo_At0062e2bd|ForwardStructuredExceptionDispatchThroughFrameInfo
thunk_ForwardStructuredExceptionDispatchThroughFrameInfo_At0062e2dd|ForwardStructuredExceptionDispatchThroughFrameInfo
thunk_ForwardStructuredExceptionDispatchThroughFrameInfo_At0062e2fd|ForwardStructuredExceptionDispatchThroughFrameInfo
thunk_ForwardStructuredExceptionDispatchThroughFrameInfo_At0062e325|ForwardStructuredExceptionDispatchThroughFrameInfo
thunk_ForwardStructuredExceptionDispatchThroughFrameInfo_At0062e348|ForwardStructuredExceptionDispatchThroughFrameInfo
thunk_ForwardStructuredExceptionDispatchThroughFrameInfo_At0062e36d|ForwardStructuredExceptionDispatchThroughFrameInfo
thunk_ForwardStructuredExceptionDispatchThroughFrameInfo_At0062e38d|ForwardStructuredExceptionDispatchThroughFrameInfo
thunk_ForwardStructuredExceptionDispatchThroughFrameInfo_At0062e3b5|ForwardStructuredExceptionDispatchThroughFrameInfo
thunk_ForwardStructuredExceptionDispatchThroughFrameInfo_At0062e407|ForwardStructuredExceptionDispatchThroughFrameInfo
thunk_ForwardStructuredExceptionDispatchThroughFrameInfo_At0062e42d|ForwardStructuredExceptionDispatchThroughFrameInfo
thunk_ForwardStructuredExceptionDispatchThroughFrameInfo_At0062e44d|ForwardStructuredExceptionDispatchThroughFrameInfo
thunk_ForwardStructuredExceptionDispatchThroughFrameInfo_At0062e475|ForwardStructuredExceptionDispatchThroughFrameInfo
thunk_ForwardStructuredExceptionDispatchThroughFrameInfo_At0062e490|ForwardStructuredExceptionDispatchThroughFrameInfo
thunk_ForwardStructuredExceptionDispatchThroughFrameInfo_At0062e4ad|ForwardStructuredExceptionDispatchThroughFrameInfo
thunk_ForwardStructuredExceptionDispatchThroughFrameInfo_At0062e507|ForwardStructuredExceptionDispatchThroughFrameInfo
thunk_ForwardStructuredExceptionDispatchThroughFrameInfo_At0062e535|ForwardStructuredExceptionDispatchThroughFrameInfo
thunk_ForwardStructuredExceptionDispatchThroughFrameInfo_At0062e54d|ForwardStructuredExceptionDispatchThroughFrameInfo
thunk_ForwardStructuredExceptionDispatchThroughFrameInfo_At0062e56d|ForwardStructuredExceptionDispatchThroughFrameInfo
thunk_ForwardStructuredExceptionDispatchThroughFrameInfo_At0062e58d|ForwardStructuredExceptionDispatchThroughFrameInfo
thunk_ForwardStructuredExceptionDispatchThroughFrameInfo_At0062e5c6|ForwardStructuredExceptionDispatchThroughFrameInfo
thunk_ForwardStructuredExceptionDispatchThroughFrameInfo_At0062e606|ForwardStructuredExceptionDispatchThroughFrameInfo
thunk_ForwardStructuredExceptionDispatchThroughFrameInfo_At0062e638|ForwardStructuredExceptionDispatchThroughFrameInfo
thunk_ForwardStructuredExceptionDispatchThroughFrameInfo_At0062e65d|ForwardStructuredExceptionDispatchThroughFrameInfo
thunk_ForwardStructuredExceptionDispatchThroughFrameInfo_At0062e693|ForwardStructuredExceptionDispatchThroughFrameInfo
thunk_ForwardStructuredExceptionDispatchThroughFrameInfo_At0062e6c8|ForwardStructuredExceptionDispatchThroughFrameInfo
thunk_ForwardStructuredExceptionDispatchThroughFrameInfo_At0062e703|ForwardStructuredExceptionDispatchThroughFrameInfo
thunk_ForwardStructuredExceptionDispatchThroughFrameInfo_At0062e738|ForwardStructuredExceptionDispatchThroughFrameInfo
thunk_ForwardStructuredExceptionDispatchThroughFrameInfo_At0062e768|ForwardStructuredExceptionDispatchThroughFrameInfo
thunk_ForwardStructuredExceptionDispatchThroughFrameInfo_At0062e78d|ForwardStructuredExceptionDispatchThroughFrameInfo
thunk_ForwardStructuredExceptionDispatchThroughFrameInfo_At0062e7af|ForwardStructuredExceptionDispatchThroughFrameInfo
thunk_ForwardStructuredExceptionDispatchThroughFrameInfo_At0062e7cd|ForwardStructuredExceptionDispatchThroughFrameInfo
thunk_ForwardStructuredExceptionDispatchThroughFrameInfo_At0062e800|ForwardStructuredExceptionDispatchThroughFrameInfo
thunk_ForwardStructuredExceptionDispatchThroughFrameInfo_At0062e81f|ForwardStructuredExceptionDispatchThroughFrameInfo
thunk_ForwardStructuredExceptionDispatchThroughFrameInfo_At0062e83d|ForwardStructuredExceptionDispatchThroughFrameInfo
thunk_ForwardStructuredExceptionDispatchThroughFrameInfo_At0062e87d|ForwardStructuredExceptionDispatchThroughFrameInfo
thunk_ForwardStructuredExceptionDispatchThroughFrameInfo_At0062e89f|ForwardStructuredExceptionDispatchThroughFrameInfo
thunk_ForwardStructuredExceptionDispatchThroughFrameInfo_At0062e8bd|ForwardStructuredExceptionDispatchThroughFrameInfo
thunk_ForwardStructuredExceptionDispatchThroughFrameInfo_At0062e8dd|ForwardStructuredExceptionDispatchThroughFrameInfo
thunk_ForwardStructuredExceptionDispatchThroughFrameInfo_At0062e921|ForwardStructuredExceptionDispatchThroughFrameInfo
thunk_ForwardStructuredExceptionDispatchThroughFrameInfo_At0062ea05|ForwardStructuredExceptionDispatchThroughFrameInfo
thunk_ForwardStructuredExceptionDispatchThroughFrameInfo_At0062ea1f|ForwardStructuredExceptionDispatchThroughFrameInfo
thunk_ForwardStructuredExceptionDispatchThroughFrameInfo_At0062ea3d|ForwardStructuredExceptionDispatchThroughFrameInfo
thunk_ForwardStructuredExceptionDispatchThroughFrameInfo_At0062ea65|ForwardStructuredExceptionDispatchThroughFrameInfo
thunk_ForwardStructuredExceptionDispatchThroughFrameInfo_At0062ea7f|ForwardStructuredExceptionDispatchThroughFrameInfo
thunk_ForwardStructuredExceptionDispatchThroughFrameInfo_At0062ea9f|ForwardStructuredExceptionDispatchThroughFrameInfo
thunk_ForwardStructuredExceptionDispatchThroughFrameInfo_At0062eac5|ForwardStructuredExceptionDispatchThroughFrameInfo
thunk_ForwardStructuredExceptionDispatchThroughFrameInfo_At0062eadd|ForwardStructuredExceptionDispatchThroughFrameInfo
thunk_ForwardStructuredExceptionDispatchThroughFrameInfo_At0062eb07|ForwardStructuredExceptionDispatchThroughFrameInfo
thunk_ForwardStructuredExceptionDispatchThroughFrameInfo_At0062eb37|ForwardStructuredExceptionDispatchThroughFrameInfo
thunk_ForwardStructuredExceptionDispatchThroughFrameInfo_At0062eb5f|ForwardStructuredExceptionDispatchThroughFrameInfo
thunk_ForwardStructuredExceptionDispatchThroughFrameInfo_At0062eb7f|ForwardStructuredExceptionDispatchThroughFrameInfo
thunk_ForwardStructuredExceptionDispatchThroughFrameInfo_At0062eb9d|ForwardStructuredExceptionDispatchThroughFrameInfo
thunk_ForwardStructuredExceptionDispatchThroughFrameInfo_At0062ebbd|ForwardStructuredExceptionDispatchThroughFrameInfo
thunk_ForwardStructuredExceptionDispatchThroughFrameInfo_At0062ebdf|ForwardStructuredExceptionDispatchThroughFrameInfo
thunk_ForwardStructuredExceptionDispatchThroughFrameInfo_At0062ebfd|ForwardStructuredExceptionDispatchThroughFrameInfo
thunk_ForwardStructuredExceptionDispatchThroughFrameInfo_At0062ec28|ForwardStructuredExceptionDispatchThroughFrameInfo
thunk_ForwardStructuredExceptionDispatchThroughFrameInfo_At0062ec4d|ForwardStructuredExceptionDispatchThroughFrameInfo
thunk_ForwardStructuredExceptionDispatchThroughFrameInfo_At0062ec75|ForwardStructuredExceptionDispatchThroughFrameInfo
thunk_ForwardStructuredExceptionDispatchThroughFrameInfo_At0062ec98|ForwardStructuredExceptionDispatchThroughFrameInfo
thunk_ForwardStructuredExceptionDispatchThroughFrameInfo_At0062ecbf|ForwardStructuredExceptionDispatchThroughFrameInfo
thunk_ForwardStructuredExceptionDispatchThroughFrameInfo_At0062ece8|ForwardStructuredExceptionDispatchThroughFrameInfo
thunk_ForwardStructuredExceptionDispatchThroughFrameInfo_At0062ed2a|ForwardStructuredExceptionDispatchThroughFrameInfo
thunk_ForwardStructuredExceptionDispatchThroughFrameInfo_At0062ed60|ForwardStructuredExceptionDispatchThroughFrameInfo
thunk_ForwardStructuredExceptionDispatchThroughFrameInfo_At0062ed90|ForwardStructuredExceptionDispatchThroughFrameInfo
thunk_ForwardStructuredExceptionDispatchThroughFrameInfo_At0062edc2|ForwardStructuredExceptionDispatchThroughFrameInfo
thunk_ForwardStructuredExceptionDispatchThroughFrameInfo_At0062ede8|ForwardStructuredExceptionDispatchThroughFrameInfo
thunk_ForwardStructuredExceptionDispatchThroughFrameInfo_At0062ee2b|ForwardStructuredExceptionDispatchThroughFrameInfo
thunk_ForwardStructuredExceptionDispatchThroughFrameInfo_At0062ee4f|ForwardStructuredExceptionDispatchThroughFrameInfo
thunk_ForwardStructuredExceptionDispatchThroughFrameInfo_At0062ee6f|ForwardStructuredExceptionDispatchThroughFrameInfo
thunk_ForwardStructuredExceptionDispatchThroughFrameInfo_At0062ee97|ForwardStructuredExceptionDispatchThroughFrameInfo
thunk_ForwardStructuredExceptionDispatchThroughFrameInfo_At0062eec7|ForwardStructuredExceptionDispatchThroughFrameInfo
thunk_ForwardStructuredExceptionDispatchThroughFrameInfo_At0062eef8|ForwardStructuredExceptionDispatchThroughFrameInfo
thunk_ForwardStructuredExceptionDispatchThroughFrameInfo_At0062ef27|ForwardStructuredExceptionDispatchThroughFrameInfo
thunk_ForwardStructuredExceptionDispatchThroughFrameInfo_At0062ef58|ForwardStructuredExceptionDispatchThroughFrameInfo
thunk_ForwardStructuredExceptionDispatchThroughFrameInfo_At0062ef7f|ForwardStructuredExceptionDispatchThroughFrameInfo
thunk_ForwardStructuredExceptionDispatchThroughFrameInfo_At0062ef9d|ForwardStructuredExceptionDispatchThroughFrameInfo
thunk_ForwardStructuredExceptionDispatchThroughFrameInfo_At0062efd0|ForwardStructuredExceptionDispatchThroughFrameInfo
thunk_ForwardStructuredExceptionDispatchThroughFrameInfo_At0062f002|ForwardStructuredExceptionDispatchThroughFrameInfo
thunk_ForwardStructuredExceptionDispatchThroughFrameInfo_At0062f028|ForwardStructuredExceptionDispatchThroughFrameInfo
thunk_ForwardStructuredExceptionDispatchThroughFrameInfo_At0062f058|ForwardStructuredExceptionDispatchThroughFrameInfo
thunk_ForwardStructuredExceptionDispatchThroughFrameInfo_At0062f080|ForwardStructuredExceptionDispatchThroughFrameInfo
thunk_ForwardStructuredExceptionDispatchThroughFrameInfo_At0062f0b0|ForwardStructuredExceptionDispatchThroughFrameInfo
thunk_ForwardStructuredExceptionDispatchThroughFrameInfo_At0062f0cd|ForwardStructuredExceptionDispatchThroughFrameInfo
thunk_ForwardStructuredExceptionDispatchThroughFrameInfo_At0062f0ed|ForwardStructuredExceptionDispatchThroughFrameInfo
thunk_ForwardStructuredExceptionDispatchThroughFrameInfo_At0062f10d|ForwardStructuredExceptionDispatchThroughFrameInfo
thunk_ForwardStructuredExceptionDispatchThroughFrameInfo_At0062f142|ForwardStructuredExceptionDispatchThroughFrameInfo
thunk_ForwardStructuredExceptionDispatchThroughFrameInfo_At0062f168|ForwardStructuredExceptionDispatchThroughFrameInfo
thunk_ForwardStructuredExceptionDispatchThroughFrameInfo_At0062f1a8|ForwardStructuredExceptionDispatchThroughFrameInfo
thunk_ForwardStructuredExceptionDispatchThroughFrameInfo_At0062f1cf|ForwardStructuredExceptionDispatchThroughFrameInfo
thunk_ForwardStructuredExceptionDispatchThroughFrameInfo_At0062f1fd|ForwardStructuredExceptionDispatchThroughFrameInfo
thunk_ForwardStructuredExceptionDispatchThroughFrameInfo_At0062f232|ForwardStructuredExceptionDispatchThroughFrameInfo
thunk_ForwardStructuredExceptionDispatchThroughFrameInfo_At0062f255|ForwardStructuredExceptionDispatchThroughFrameInfo
thunk_ForwardStructuredExceptionDispatchThroughFrameInfo_At0062f26d|ForwardStructuredExceptionDispatchThroughFrameInfo
thunk_ForwardStructuredExceptionDispatchThroughFrameInfo_At0062f28f|ForwardStructuredExceptionDispatchThroughFrameInfo
thunk_ForwardStructuredExceptionDispatchThroughFrameInfo_At0062f2b8|ForwardStructuredExceptionDispatchThroughFrameInfo
thunk_ForwardStructuredExceptionDispatchThroughFrameInfo_At0062f2e5|ForwardStructuredExceptionDispatchThroughFrameInfo
thunk_ForwardStructuredExceptionDispatchThroughFrameInfo_At0062f312|ForwardStructuredExceptionDispatchThroughFrameInfo
thunk_ForwardStructuredExceptionDispatchThroughFrameInfo_At0062f338|ForwardStructuredExceptionDispatchThroughFrameInfo
thunk_ForwardStructuredExceptionDispatchThroughFrameInfo_At0062f37b|ForwardStructuredExceptionDispatchThroughFrameInfo
thunk_ForwardStructuredExceptionDispatchThroughFrameInfo_At0062f39d|ForwardStructuredExceptionDispatchThroughFrameInfo
thunk_ForwardStructuredExceptionDispatchThroughFrameInfo_At0062f3bd|ForwardStructuredExceptionDispatchThroughFrameInfo
thunk_ForwardStructuredExceptionDispatchThroughFrameInfo_At0062f3e8|ForwardStructuredExceptionDispatchThroughFrameInfo
thunk_ForwardStructuredExceptionDispatchThroughFrameInfo_At0062f418|ForwardStructuredExceptionDispatchThroughFrameInfo
thunk_ForwardStructuredExceptionDispatchThroughFrameInfo_At0062f43d|ForwardStructuredExceptionDispatchThroughFrameInfo
thunk_ForwardStructuredExceptionDispatchThroughFrameInfo_At0062f45f|ForwardStructuredExceptionDispatchThroughFrameInfo
thunk_ForwardStructuredExceptionDispatchThroughFrameInfo_At0062f47d|ForwardStructuredExceptionDispatchThroughFrameInfo
thunk_ForwardStructuredExceptionDispatchThroughFrameInfo_At0062f49d|ForwardStructuredExceptionDispatchThroughFrameInfo
thunk_ForwardStructuredExceptionDispatchThroughFrameInfo_At0062f4bd|ForwardStructuredExceptionDispatchThroughFrameInfo
thunk_ForwardStructuredExceptionDispatchThroughFrameInfo_At0062f4dd|ForwardStructuredExceptionDispatchThroughFrameInfo
thunk_ForwardStructuredExceptionDispatchThroughFrameInfo_At0062f4fd|ForwardStructuredExceptionDispatchThroughFrameInfo
thunk_ForwardStructuredExceptionDispatchThroughFrameInfo_At0062f51d|ForwardStructuredExceptionDispatchThroughFrameInfo
thunk_ForwardStructuredExceptionDispatchThroughFrameInfo_At0062f53d|ForwardStructuredExceptionDispatchThroughFrameInfo
thunk_ForwardStructuredExceptionDispatchThroughFrameInfo_At0062f55d|ForwardStructuredExceptionDispatchThroughFrameInfo
thunk_ForwardStructuredExceptionDispatchThroughFrameInfo_At0062f580|ForwardStructuredExceptionDispatchThroughFrameInfo
thunk_ForwardStructuredExceptionDispatchThroughFrameInfo_At0062f5a8|ForwardStructuredExceptionDispatchThroughFrameInfo
thunk_ForwardStructuredExceptionDispatchThroughFrameInfo_At0062f5db|ForwardStructuredExceptionDispatchThroughFrameInfo
thunk_ForwardStructuredExceptionDispatchThroughFrameInfo_At0062f605|ForwardStructuredExceptionDispatchThroughFrameInfo
thunk_ForwardStructuredExceptionDispatchThroughFrameInfo_At0062f61f|ForwardStructuredExceptionDispatchThroughFrameInfo
thunk_ForwardStructuredExceptionDispatchThroughFrameInfo_At0062f640|ForwardStructuredExceptionDispatchThroughFrameInfo
thunk_ForwardStructuredExceptionDispatchThroughFrameInfo_At0062f660|ForwardStructuredExceptionDispatchThroughFrameInfo
thunk_ForwardStructuredExceptionDispatchThroughFrameInfo_At0062f67f|ForwardStructuredExceptionDispatchThroughFrameInfo
thunk_ForwardStructuredExceptionDispatchThroughFrameInfo_At0062f6a0|ForwardStructuredExceptionDispatchThroughFrameInfo
thunk_ForwardStructuredExceptionDispatchThroughFrameInfo_At0062f6bf|ForwardStructuredExceptionDispatchThroughFrameInfo
thunk_ForwardStructuredExceptionDispatchThroughFrameInfo_At0062f6dd|ForwardStructuredExceptionDispatchThroughFrameInfo
thunk_ForwardStructuredExceptionDispatchThroughFrameInfo_At0062f705|ForwardStructuredExceptionDispatchThroughFrameInfo
thunk_ForwardStructuredExceptionDispatchThroughFrameInfo_At0062f725|ForwardStructuredExceptionDispatchThroughFrameInfo
thunk_ForwardStructuredExceptionDispatchThroughFrameInfo_At0062f745|ForwardStructuredExceptionDispatchThroughFrameInfo
thunk_ForwardStructuredExceptionDispatchThroughFrameInfo_At0062f765|ForwardStructuredExceptionDispatchThroughFrameInfo
thunk_ForwardStructuredExceptionDispatchThroughFrameInfo_At0062f785|ForwardStructuredExceptionDispatchThroughFrameInfo
thunk_ForwardStructuredExceptionDispatchThroughFrameInfo_At0062f7b5|ForwardStructuredExceptionDispatchThroughFrameInfo
thunk_ForwardStructuredExceptionDispatchThroughFrameInfo_At0062f835|ForwardStructuredExceptionDispatchThroughFrameInfo
thunk_ForwardStructuredExceptionDispatchThroughFrameInfo_At0062f8b5|ForwardStructuredExceptionDispatchThroughFrameInfo
thunk_ForwardStructuredExceptionDispatchThroughFrameInfo_At0062f8d5|ForwardStructuredExceptionDispatchThroughFrameInfo
thunk_ForwardStructuredExceptionDispatchThroughFrameInfo_At0062f8ed|ForwardStructuredExceptionDispatchThroughFrameInfo
thunk_ForwardStructuredExceptionDispatchThroughFrameInfo_At0062f92b|ForwardStructuredExceptionDispatchThroughFrameInfo
thunk_ForwardStructuredExceptionDispatchThroughFrameInfo_At0062f94d|ForwardStructuredExceptionDispatchThroughFrameInfo
thunk_ForwardStructuredExceptionDispatchThroughFrameInfo_At0062f96d|ForwardStructuredExceptionDispatchThroughFrameInfo
thunk_ForwardStructuredExceptionDispatchThroughFrameInfo_At0062f98d|ForwardStructuredExceptionDispatchThroughFrameInfo
thunk_ForwardStructuredExceptionDispatchThroughFrameInfo_At0062f9af|ForwardStructuredExceptionDispatchThroughFrameInfo
thunk_ForwardStructuredExceptionDispatchThroughFrameInfo_At0062f9d7|ForwardStructuredExceptionDispatchThroughFrameInfo
thunk_ForwardStructuredExceptionDispatchThroughFrameInfo_At0062fa09|ForwardStructuredExceptionDispatchThroughFrameInfo
thunk_ForwardStructuredExceptionDispatchThroughFrameInfo_At0062fa4c|ForwardStructuredExceptionDispatchThroughFrameInfo
thunk_ForwardStructuredExceptionDispatchThroughFrameInfo_At0062fa8c|ForwardStructuredExceptionDispatchThroughFrameInfo
thunk_ForwardStructuredExceptionDispatchThroughFrameInfo_At0062fac4|ForwardStructuredExceptionDispatchThroughFrameInfo
thunk_ForwardStructuredExceptionDispatchThroughFrameInfo_At0062fb14|ForwardStructuredExceptionDispatchThroughFrameInfo
thunk_ForwardStructuredExceptionDispatchThroughFrameInfo_At0062fb5d|ForwardStructuredExceptionDispatchThroughFrameInfo
thunk_ForwardStructuredExceptionDispatchThroughFrameInfo_At0062fb7d|ForwardStructuredExceptionDispatchThroughFrameInfo
thunk_ForwardStructuredExceptionDispatchThroughFrameInfo_At0062fb9d|ForwardStructuredExceptionDispatchThroughFrameInfo
thunk_ForwardStructuredExceptionDispatchThroughFrameInfo_At0062fbbd|ForwardStructuredExceptionDispatchThroughFrameInfo
thunk_ForwardStructuredExceptionDispatchThroughFrameInfo_At0062fbe5|ForwardStructuredExceptionDispatchThroughFrameInfo
thunk_ForwardStructuredExceptionDispatchThroughFrameInfo_At0062fbfd|ForwardStructuredExceptionDispatchThroughFrameInfo
thunk_ForwardStructuredExceptionDispatchThroughFrameInfo_At0062fc25|ForwardStructuredExceptionDispatchThroughFrameInfo
thunk_ForwardStructuredExceptionDispatchThroughFrameInfo_At0062fc60|ForwardStructuredExceptionDispatchThroughFrameInfo
thunk_ForwardStructuredExceptionDispatchThroughFrameInfo_At0062fc7d|ForwardStructuredExceptionDispatchThroughFrameInfo
thunk_ForwardStructuredExceptionDispatchThroughFrameInfo_At0062fca7|ForwardStructuredExceptionDispatchThroughFrameInfo
thunk_ForwardStructuredExceptionDispatchThroughFrameInfo_At0062fcd7|ForwardStructuredExceptionDispatchThroughFrameInfo
thunk_ForwardStructuredExceptionDispatchThroughFrameInfo_At0062fcff|ForwardStructuredExceptionDispatchThroughFrameInfo
thunk_ForwardStructuredExceptionDispatchThroughFrameInfo_At0062fd1f|ForwardStructuredExceptionDispatchThroughFrameInfo
thunk_ForwardStructuredExceptionDispatchThroughFrameInfo_At0062fd85|ForwardStructuredExceptionDispatchThroughFrameInfo
thunk_ForwardStructuredExceptionDispatchThroughFrameInfo_At0062fdaf|ForwardStructuredExceptionDispatchThroughFrameInfo
thunk_ForwardStructuredExceptionDispatchThroughFrameInfo_At0062fde7|ForwardStructuredExceptionDispatchThroughFrameInfo
thunk_ForwardStructuredExceptionDispatchThroughFrameInfo_At0062fe17|ForwardStructuredExceptionDispatchThroughFrameInfo
thunk_ForwardStructuredExceptionDispatchThroughFrameInfo_At0062fe3d|ForwardStructuredExceptionDispatchThroughFrameInfo
thunk_ForwardStructuredExceptionDispatchThroughFrameInfo_At0062fe5d|ForwardStructuredExceptionDispatchThroughFrameInfo
thunk_ForwardStructuredExceptionDispatchThroughFrameInfo_At0062fe7d|ForwardStructuredExceptionDispatchThroughFrameInfo
thunk_ForwardStructuredExceptionDispatchThroughFrameInfo_At0062fe9d|ForwardStructuredExceptionDispatchThroughFrameInfo
thunk_ForwardStructuredExceptionDispatchThroughFrameInfo_At0062febf|ForwardStructuredExceptionDispatchThroughFrameInfo
thunk_ForwardStructuredExceptionDispatchThroughFrameInfo_At0062fee7|ForwardStructuredExceptionDispatchThroughFrameInfo
thunk_ForwardStructuredExceptionDispatchThroughFrameInfo_At0062ff10|ForwardStructuredExceptionDispatchThroughFrameInfo
thunk_ForwardStructuredExceptionDispatchThroughFrameInfo_At0062ff41|ForwardStructuredExceptionDispatchThroughFrameInfo
thunk_ForwardStructuredExceptionDispatchThroughFrameInfo_At0062ff60|ForwardStructuredExceptionDispatchThroughFrameInfo
thunk_ForwardStructuredExceptionDispatchThroughFrameInfo_At0062ff9d|ForwardStructuredExceptionDispatchThroughFrameInfo
thunk_ForwardStructuredExceptionDispatchThroughFrameInfo_At0062fff7|ForwardStructuredExceptionDispatchThroughFrameInfo
thunk_ForwardStructuredExceptionDispatchThroughFrameInfo_At0063001f|ForwardStructuredExceptionDispatchThroughFrameInfo
thunk_ForwardStructuredExceptionDispatchThroughFrameInfo_At00630055|ForwardStructuredExceptionDispatchThroughFrameInfo
thunk_ForwardStructuredExceptionDispatchThroughFrameInfo_At006300bd|ForwardStructuredExceptionDispatchThroughFrameInfo
thunk_ForwardStructuredExceptionDispatchThroughFrameInfo_At006300ef|ForwardStructuredExceptionDispatchThroughFrameInfo
thunk_ForwardStructuredExceptionDispatchThroughFrameInfo_At00630175|ForwardStructuredExceptionDispatchThroughFrameInfo
thunk_ForwardStructuredExceptionDispatchThroughFrameInfo_At006301dd|ForwardStructuredExceptionDispatchThroughFrameInfo
thunk_ForwardStructuredExceptionDispatchThroughFrameInfo_At00630217|ForwardStructuredExceptionDispatchThroughFrameInfo
thunk_ForwardStructuredExceptionDispatchThroughFrameInfo_At0063023d|ForwardStructuredExceptionDispatchThroughFrameInfo
thunk_ForwardStructuredExceptionDispatchThroughFrameInfo_At00630267|ForwardStructuredExceptionDispatchThroughFrameInfo
thunk_ForwardStructuredExceptionDispatchThroughFrameInfo_At0063028d|ForwardStructuredExceptionDispatchThroughFrameInfo
thunk_ForwardStructuredExceptionDispatchThroughFrameInfo_At006302ad|ForwardStructuredExceptionDispatchThroughFrameInfo
thunk_ForwardStructuredExceptionDispatchThroughFrameInfo_At006302cd|ForwardStructuredExceptionDispatchThroughFrameInfo
thunk_ForwardStructuredExceptionDispatchThroughFrameInfo_At006302ef|ForwardStructuredExceptionDispatchThroughFrameInfo
thunk_ForwardStructuredExceptionDispatchThroughFrameInfo_At0063031f|ForwardStructuredExceptionDispatchThroughFrameInfo
thunk_ForwardStructuredExceptionDispatchThroughFrameInfo_At00630345|ForwardStructuredExceptionDispatchThroughFrameInfo
thunk_ForwardStructuredExceptionDispatchThroughFrameInfo_At0063035f|ForwardStructuredExceptionDispatchThroughFrameInfo
thunk_ForwardStructuredExceptionDispatchThroughFrameInfo_At006303d5|ForwardStructuredExceptionDispatchThroughFrameInfo
thunk_ForwardStructuredExceptionDispatchThroughFrameInfo_At0063040f|ForwardStructuredExceptionDispatchThroughFrameInfo
thunk_ForwardStructuredExceptionDispatchThroughFrameInfo_At00630435|ForwardStructuredExceptionDispatchThroughFrameInfo
thunk_ForwardStructuredExceptionDispatchThroughFrameInfo_At0063044d|ForwardStructuredExceptionDispatchThroughFrameInfo
thunk_ForwardStructuredExceptionDispatchThroughFrameInfo_At00630475|ForwardStructuredExceptionDispatchThroughFrameInfo
thunk_ForwardStructuredExceptionDispatchThroughFrameInfo_At0063048f|ForwardStructuredExceptionDispatchThroughFrameInfo
thunk_ForwardStructuredExceptionDispatchThroughFrameInfo_At006304af|ForwardStructuredExceptionDispatchThroughFrameInfo
thunk_ForwardStructuredExceptionDispatchThroughFrameInfo_At006304e9|ForwardStructuredExceptionDispatchThroughFrameInfo
thunk_ForwardStructuredExceptionDispatchThroughFrameInfo_At0063050f|ForwardStructuredExceptionDispatchThroughFrameInfo
thunk_ForwardStructuredExceptionDispatchThroughFrameInfo_At00630569|ForwardStructuredExceptionDispatchThroughFrameInfo
thunk_ForwardStructuredExceptionDispatchThroughFrameInfo_At0063059f|ForwardStructuredExceptionDispatchThroughFrameInfo
thunk_ForwardStructuredExceptionDispatchThroughFrameInfo_At006305d5|ForwardStructuredExceptionDispatchThroughFrameInfo
thunk_ForwardStructuredExceptionDispatchThroughFrameInfo_At006305fd|ForwardStructuredExceptionDispatchThroughFrameInfo
thunk_ForwardStructuredExceptionDispatchThroughFrameInfo_At0063061f|ForwardStructuredExceptionDispatchThroughFrameInfo
thunk_ForwardStructuredExceptionDispatchThroughFrameInfo_At0063063f|ForwardStructuredExceptionDispatchThroughFrameInfo
thunk_ForwardStructuredExceptionDispatchThroughFrameInfo_At0063065f|ForwardStructuredExceptionDispatchThroughFrameInfo
thunk_ForwardStructuredExceptionDispatchThroughFrameInfo_At00630687|ForwardStructuredExceptionDispatchThroughFrameInfo
thunk_ForwardStructuredExceptionDispatchThroughFrameInfo_At006306ad|ForwardStructuredExceptionDispatchThroughFrameInfo
thunk_ForwardStructuredExceptionDispatchThroughFrameInfo_At006306d7|ForwardStructuredExceptionDispatchThroughFrameInfo
thunk_ForwardStructuredExceptionDispatchThroughFrameInfo_At0063075d|ForwardStructuredExceptionDispatchThroughFrameInfo
thunk_ForwardStructuredExceptionDispatchThroughFrameInfo_At006307b5|ForwardStructuredExceptionDispatchThroughFrameInfo
thunk_ForwardStructuredExceptionDispatchThroughFrameInfo_At006307f0|ForwardStructuredExceptionDispatchThroughFrameInfo
thunk_ForwardStructuredExceptionDispatchThroughFrameInfo_At0063080f|ForwardStructuredExceptionDispatchThroughFrameInfo
thunk_ForwardStructuredExceptionDispatchThroughFrameInfo_At0063082f|ForwardStructuredExceptionDispatchThroughFrameInfo
thunk_ForwardStructuredExceptionDispatchThroughFrameInfo_At0063084f|ForwardStructuredExceptionDispatchThroughFrameInfo
thunk_ForwardStructuredExceptionDispatchThroughFrameInfo_At0063086d|ForwardStructuredExceptionDispatchThroughFrameInfo
thunk_ForwardStructuredExceptionDispatchThroughFrameInfo_At00630895|ForwardStructuredExceptionDispatchThroughFrameInfo
thunk_ForwardStructuredExceptionDispatchThroughFrameInfo_At006308f5|ForwardStructuredExceptionDispatchThroughFrameInfo
thunk_ForwardStructuredExceptionDispatchThroughFrameInfo_At0063091f|ForwardStructuredExceptionDispatchThroughFrameInfo
thunk_ForwardStructuredExceptionDispatchThroughFrameInfo_At0063093f|ForwardStructuredExceptionDispatchThroughFrameInfo
thunk_ForwardStructuredExceptionDispatchThroughFrameInfo_At00630975|ForwardStructuredExceptionDispatchThroughFrameInfo
thunk_ForwardStructuredExceptionDispatchThroughFrameInfo_At0063099f|ForwardStructuredExceptionDispatchThroughFrameInfo
thunk_ForwardStructuredExceptionDispatchThroughFrameInfo_At00630a10|ForwardStructuredExceptionDispatchThroughFrameInfo
thunk_ForwardStructuredExceptionDispatchThroughFrameInfo_At00630a3f|ForwardStructuredExceptionDispatchThroughFrameInfo
thunk_ForwardStructuredExceptionDispatchThroughFrameInfo_At00630a65|ForwardStructuredExceptionDispatchThroughFrameInfo
thunk_ForwardStructuredExceptionDispatchThroughFrameInfo_At00630a7f|ForwardStructuredExceptionDispatchThroughFrameInfo
thunk_ForwardStructuredExceptionDispatchThroughFrameInfo_At00630ab5|ForwardStructuredExceptionDispatchThroughFrameInfo
thunk_ForwardStructuredExceptionDispatchThroughFrameInfo_At00630adf|ForwardStructuredExceptionDispatchThroughFrameInfo
thunk_ForwardStructuredExceptionDispatchThroughFrameInfo_At00630b1d|ForwardStructuredExceptionDispatchThroughFrameInfo
thunk_ForwardStructuredExceptionDispatchThroughFrameInfo_At00630b3f|ForwardStructuredExceptionDispatchThroughFrameInfo
thunk_ForwardStructuredExceptionDispatchThroughFrameInfo_At00630ba5|ForwardStructuredExceptionDispatchThroughFrameInfo
thunk_ForwardStructuredExceptionDispatchThroughFrameInfo_At00630bcf|ForwardStructuredExceptionDispatchThroughFrameInfo
thunk_ForwardStructuredExceptionDispatchThroughFrameInfo_At00630bff|ForwardStructuredExceptionDispatchThroughFrameInfo
thunk_ForwardStructuredExceptionDispatchThroughFrameInfo_At00630c1f|ForwardStructuredExceptionDispatchThroughFrameInfo
thunk_ForwardStructuredExceptionDispatchThroughFrameInfo_At00630c47|ForwardStructuredExceptionDispatchThroughFrameInfo
thunk_ForwardStructuredExceptionDispatchThroughFrameInfo_At00630c6d|ForwardStructuredExceptionDispatchThroughFrameInfo
thunk_ForwardStructuredExceptionDispatchThroughFrameInfo_At00630c8d|ForwardStructuredExceptionDispatchThroughFrameInfo
thunk_ForwardStructuredExceptionDispatchThroughFrameInfo_At00630cb7|ForwardStructuredExceptionDispatchThroughFrameInfo
thunk_ForwardStructuredExceptionDispatchThroughFrameInfo_At00630cdf|ForwardStructuredExceptionDispatchThroughFrameInfo
thunk_ForwardStructuredExceptionDispatchThroughFrameInfo_At00630cfd|ForwardStructuredExceptionDispatchThroughFrameInfo
thunk_ForwardStructuredExceptionDispatchThroughFrameInfo_At00630d1f|ForwardStructuredExceptionDispatchThroughFrameInfo
thunk_ForwardStructuredExceptionDispatchThroughFrameInfo_At00630d59|ForwardStructuredExceptionDispatchThroughFrameInfo
thunk_ForwardStructuredExceptionDispatchThroughFrameInfo_At00630d89|ForwardStructuredExceptionDispatchThroughFrameInfo
thunk_ForwardStructuredExceptionDispatchThroughFrameInfo_At00630daf|ForwardStructuredExceptionDispatchThroughFrameInfo
thunk_ForwardStructuredExceptionDispatchThroughFrameInfo_At00630dcf|ForwardStructuredExceptionDispatchThroughFrameInfo
thunk_ForwardStructuredExceptionDispatchThroughFrameInfo_At00630def|ForwardStructuredExceptionDispatchThroughFrameInfo
thunk_ForwardStructuredExceptionDispatchThroughFrameInfo_At00630e0d|ForwardStructuredExceptionDispatchThroughFrameInfo
thunk_ForwardStructuredExceptionDispatchThroughFrameInfo_At00630ea7|ForwardStructuredExceptionDispatchThroughFrameInfo
thunk_ForwardStructuredExceptionDispatchThroughFrameInfo_At00630ee9|ForwardStructuredExceptionDispatchThroughFrameInfo
thunk_ForwardStructuredExceptionDispatchThroughFrameInfo_At00630f0d|ForwardStructuredExceptionDispatchThroughFrameInfo
thunk_ForwardStructuredExceptionDispatchThroughFrameInfo_At00630f2f|ForwardStructuredExceptionDispatchThroughFrameInfo
thunk_ForwardStructuredExceptionDispatchThroughFrameInfo_At00630f69|ForwardStructuredExceptionDispatchThroughFrameInfo
thunk_ForwardStructuredExceptionDispatchThroughFrameInfo_At00630f8f|ForwardStructuredExceptionDispatchThroughFrameInfo
thunk_ForwardStructuredExceptionDispatchThroughFrameInfo_At00630fe5|ForwardStructuredExceptionDispatchThroughFrameInfo
thunk_ForwardStructuredExceptionDispatchThroughFrameInfo_At0063102d|ForwardStructuredExceptionDispatchThroughFrameInfo
thunk_ForwardStructuredExceptionDispatchThroughFrameInfo_At0063104d|ForwardStructuredExceptionDispatchThroughFrameInfo
thunk_ForwardStructuredExceptionDispatchThroughFrameInfo_At006310a5|ForwardStructuredExceptionDispatchThroughFrameInfo
thunk_ForwardStructuredExceptionDispatchThroughFrameInfo_At006310d7|ForwardStructuredExceptionDispatchThroughFrameInfo
thunk_ForwardStructuredExceptionDispatchThroughFrameInfo_At006310ff|ForwardStructuredExceptionDispatchThroughFrameInfo
thunk_ForwardStructuredExceptionDispatchThroughFrameInfo_At0063111d|ForwardStructuredExceptionDispatchThroughFrameInfo
thunk_ForwardStructuredExceptionDispatchThroughFrameInfo_At0063113f|ForwardStructuredExceptionDispatchThroughFrameInfo
thunk_ForwardStructuredExceptionDispatchThroughFrameInfo_At00631167|ForwardStructuredExceptionDispatchThroughFrameInfo
thunk_ForwardStructuredExceptionDispatchThroughFrameInfo_At0063118d|ForwardStructuredExceptionDispatchThroughFrameInfo
thunk_ForwardStructuredExceptionDispatchThroughFrameInfo_At006311af|ForwardStructuredExceptionDispatchThroughFrameInfo
thunk_ForwardStructuredExceptionDispatchThroughFrameInfo_At006311cf|ForwardStructuredExceptionDispatchThroughFrameInfo
thunk_ForwardStructuredExceptionDispatchThroughFrameInfo_At00631201|ForwardStructuredExceptionDispatchThroughFrameInfo
thunk_ForwardStructuredExceptionDispatchThroughFrameInfo_At0063121d|ForwardStructuredExceptionDispatchThroughFrameInfo
thunk_ForwardStructuredExceptionDispatchThroughFrameInfo_At00631271|ForwardStructuredExceptionDispatchThroughFrameInfo
thunk_ForwardStructuredExceptionDispatchThroughFrameInfo_At0063129f|ForwardStructuredExceptionDispatchThroughFrameInfo
thunk_ForwardStructuredExceptionDispatchThroughFrameInfo_At006312bf|ForwardStructuredExceptionDispatchThroughFrameInfo
thunk_ForwardStructuredExceptionDispatchThroughFrameInfo_At006312e9|ForwardStructuredExceptionDispatchThroughFrameInfo
thunk_ForwardStructuredExceptionDispatchThroughFrameInfo_At0063130f|ForwardStructuredExceptionDispatchThroughFrameInfo
thunk_ForwardStructuredExceptionDispatchThroughFrameInfo_At0063132f|ForwardStructuredExceptionDispatchThroughFrameInfo
thunk_ForwardStructuredExceptionDispatchThroughFrameInfo_At0063134f|ForwardStructuredExceptionDispatchThroughFrameInfo
thunk_ForwardStructuredExceptionDispatchThroughFrameInfo_At0063136f|ForwardStructuredExceptionDispatchThroughFrameInfo
thunk_ForwardStructuredExceptionDispatchThroughFrameInfo_At0063138f|ForwardStructuredExceptionDispatchThroughFrameInfo
thunk_ForwardStructuredExceptionDispatchThroughFrameInfo_At006313b7|ForwardStructuredExceptionDispatchThroughFrameInfo
thunk_ForwardStructuredExceptionDispatchThroughFrameInfo_At006313dd|ForwardStructuredExceptionDispatchThroughFrameInfo
thunk_ForwardStructuredExceptionDispatchThroughFrameInfo_At006313fd|ForwardStructuredExceptionDispatchThroughFrameInfo
thunk_ForwardStructuredExceptionDispatchThroughFrameInfo_At0063141f|ForwardStructuredExceptionDispatchThroughFrameInfo
thunk_ForwardStructuredExceptionDispatchThroughFrameInfo_At0063143f|ForwardStructuredExceptionDispatchThroughFrameInfo
thunk_ForwardStructuredExceptionDispatchThroughFrameInfo_At0063145f|ForwardStructuredExceptionDispatchThroughFrameInfo
thunk_ForwardStructuredExceptionDispatchThroughFrameInfo_At0063148d|ForwardStructuredExceptionDispatchThroughFrameInfo
thunk_ForwardStructuredExceptionDispatchThroughFrameInfo_At006314af|ForwardStructuredExceptionDispatchThroughFrameInfo
thunk_ForwardStructuredExceptionDispatchThroughFrameInfo_At006314cf|ForwardStructuredExceptionDispatchThroughFrameInfo
thunk_ForwardStructuredExceptionDispatchThroughFrameInfo_At006314ef|ForwardStructuredExceptionDispatchThroughFrameInfo
thunk_ForwardStructuredExceptionDispatchThroughFrameInfo_At0063150f|ForwardStructuredExceptionDispatchThroughFrameInfo
thunk_ForwardStructuredExceptionDispatchThroughFrameInfo_At0063152d|ForwardStructuredExceptionDispatchThroughFrameInfo
thunk_ForwardStructuredExceptionDispatchThroughFrameInfo_At0063154f|ForwardStructuredExceptionDispatchThroughFrameInfo
thunk_ForwardStructuredExceptionDispatchThroughFrameInfo_At0063156d|ForwardStructuredExceptionDispatchThroughFrameInfo
thunk_ForwardStructuredExceptionDispatchThroughFrameInfo_At0063158f|ForwardStructuredExceptionDispatchThroughFrameInfo
thunk_ForwardStructuredExceptionDispatchThroughFrameInfo_At006315f8|ForwardStructuredExceptionDispatchThroughFrameInfo
thunk_ForwardStructuredExceptionDispatchThroughFrameInfo_At0063162f|ForwardStructuredExceptionDispatchThroughFrameInfo
thunk_ForwardStructuredExceptionDispatchThroughFrameInfo_At0063164f|ForwardStructuredExceptionDispatchThroughFrameInfo
thunk_ForwardStructuredExceptionDispatchThroughFrameInfo_At0063166f|ForwardStructuredExceptionDispatchThroughFrameInfo
thunk_ForwardStructuredExceptionDispatchThroughFrameInfo_At0063169d|ForwardStructuredExceptionDispatchThroughFrameInfo
thunk_ForwardStructuredExceptionDispatchThroughFrameInfo_At006316c0|ForwardStructuredExceptionDispatchThroughFrameInfo
thunk_ForwardStructuredExceptionDispatchThroughFrameInfo_At006316f5|ForwardStructuredExceptionDispatchThroughFrameInfo
thunk_ForwardStructuredExceptionDispatchThroughFrameInfo_At0063171d|ForwardStructuredExceptionDispatchThroughFrameInfo
thunk_ForwardStructuredExceptionDispatchThroughFrameInfo_At0063173f|ForwardStructuredExceptionDispatchThroughFrameInfo
thunk_ForwardStructuredExceptionDispatchThroughFrameInfo_At0063177d|ForwardStructuredExceptionDispatchThroughFrameInfo
thunk_ForwardStructuredExceptionDispatchThroughFrameInfo_At0063179f|ForwardStructuredExceptionDispatchThroughFrameInfo
thunk_ForwardStructuredExceptionDispatchThroughFrameInfo_At006317bf|ForwardStructuredExceptionDispatchThroughFrameInfo
thunk_ForwardStructuredExceptionDispatchThroughFrameInfo_At006317e5|ForwardStructuredExceptionDispatchThroughFrameInfo
thunk_ForwardStructuredExceptionDispatchThroughFrameInfo_At00631805|ForwardStructuredExceptionDispatchThroughFrameInfo
thunk_ForwardStructuredExceptionDispatchThroughFrameInfo_At0063181d|ForwardStructuredExceptionDispatchThroughFrameInfo
thunk_ForwardStructuredExceptionDispatchThroughFrameInfo_At0063183f|ForwardStructuredExceptionDispatchThroughFrameInfo
thunk_ForwardStructuredExceptionDispatchThroughFrameInfo_At0063185f|ForwardStructuredExceptionDispatchThroughFrameInfo
thunk_ForwardStructuredExceptionDispatchThroughFrameInfo_At006318b5|ForwardStructuredExceptionDispatchThroughFrameInfo
thunk_ForwardStructuredExceptionDispatchThroughFrameInfo_At006318e5|ForwardStructuredExceptionDispatchThroughFrameInfo
thunk_ForwardStructuredExceptionDispatchThroughFrameInfo_At006318ff|ForwardStructuredExceptionDispatchThroughFrameInfo
thunk_ForwardStructuredExceptionDispatchThroughFrameInfo_At0063195d|ForwardStructuredExceptionDispatchThroughFrameInfo
thunk_ForwardStructuredExceptionDispatchThroughFrameInfo_At0063198f|ForwardStructuredExceptionDispatchThroughFrameInfo
thunk_ForwardStructuredExceptionDispatchThroughFrameInfo_At006319bd|ForwardStructuredExceptionDispatchThroughFrameInfo
thunk_ForwardStructuredExceptionDispatchThroughFrameInfo_At006319df|ForwardStructuredExceptionDispatchThroughFrameInfo
thunk_ForwardStructuredExceptionDispatchThroughFrameInfo_At00631a0d|ForwardStructuredExceptionDispatchThroughFrameInfo
thunk_ForwardStructuredExceptionDispatchThroughFrameInfo_At00631a5d|ForwardStructuredExceptionDispatchThroughFrameInfo
thunk_ForwardStructuredExceptionDispatchThroughFrameInfo_At00631a8f|ForwardStructuredExceptionDispatchThroughFrameInfo
thunk_ForwardStructuredExceptionDispatchThroughFrameInfo_At00631b30|ForwardStructuredExceptionDispatchThroughFrameInfo
thunk_ForwardStructuredExceptionDispatchThroughFrameInfo_At00631b6f|ForwardStructuredExceptionDispatchThroughFrameInfo
thunk_ForwardStructuredExceptionDispatchThroughFrameInfo_At00631baf|ForwardStructuredExceptionDispatchThroughFrameInfo
thunk_ForwardStructuredExceptionDispatchThroughFrameInfo_At00631bed|ForwardStructuredExceptionDispatchThroughFrameInfo
thunk_ForwardStructuredExceptionDispatchThroughFrameInfo_At00631c1d|ForwardStructuredExceptionDispatchThroughFrameInfo
thunk_ForwardStructuredExceptionDispatchThroughFrameInfo_At00631c6d|ForwardStructuredExceptionDispatchThroughFrameInfo
thunk_ForwardStructuredExceptionDispatchThroughFrameInfo_At00631cf5|ForwardStructuredExceptionDispatchThroughFrameInfo
thunk_ForwardStructuredExceptionDispatchThroughFrameInfo_At00631d2f|ForwardStructuredExceptionDispatchThroughFrameInfo
thunk_ForwardStructuredExceptionDispatchThroughFrameInfo_At00631d62|ForwardStructuredExceptionDispatchThroughFrameInfo
thunk_ForwardStructuredExceptionDispatchThroughFrameInfo_At00631d88|ForwardStructuredExceptionDispatchThroughFrameInfo
thunk_ForwardStructuredExceptionDispatchThroughFrameInfo_At00631db8|ForwardStructuredExceptionDispatchThroughFrameInfo
thunk_ForwardStructuredExceptionDispatchThroughFrameInfo_At00631dff|ForwardStructuredExceptionDispatchThroughFrameInfo
thunk_ForwardStructuredExceptionDispatchThroughFrameInfo_At00631e2f|ForwardStructuredExceptionDispatchThroughFrameInfo
thunk_ForwardStructuredExceptionDispatchThroughFrameInfo_At00631e8b|ForwardStructuredExceptionDispatchThroughFrameInfo
thunk_ForwardStructuredExceptionDispatchThroughFrameInfo_At00631ebf|ForwardStructuredExceptionDispatchThroughFrameInfo
thunk_ForwardStructuredExceptionDispatchThroughFrameInfo_At00631ee5|ForwardStructuredExceptionDispatchThroughFrameInfo
thunk_ForwardStructuredExceptionDispatchThroughFrameInfo_At00631f05|ForwardStructuredExceptionDispatchThroughFrameInfo
thunk_ForwardStructuredExceptionDispatchThroughFrameInfo_At00631f1d|ForwardStructuredExceptionDispatchThroughFrameInfo
thunk_ForwardStructuredExceptionDispatchThroughFrameInfo_At00631f8d|ForwardStructuredExceptionDispatchThroughFrameInfo
thunk_ForwardStructuredExceptionDispatchThroughFrameInfo_At00631fbf|ForwardStructuredExceptionDispatchThroughFrameInfo
thunk_ForwardStructuredExceptionDispatchThroughFrameInfo_At00631fe8|ForwardStructuredExceptionDispatchThroughFrameInfo
thunk_ForwardStructuredExceptionDispatchThroughFrameInfo_At00632018|ForwardStructuredExceptionDispatchThroughFrameInfo
thunk_ForwardStructuredExceptionDispatchThroughFrameInfo_At006320b3|ForwardStructuredExceptionDispatchThroughFrameInfo
thunk_ForwardStructuredExceptionDispatchThroughFrameInfo_At00632117|ForwardStructuredExceptionDispatchThroughFrameInfo
thunk_ForwardStructuredExceptionDispatchThroughFrameInfo_At0063213f|ForwardStructuredExceptionDispatchThroughFrameInfo
thunk_ForwardStructuredExceptionDispatchThroughFrameInfo_At00632173|ForwardStructuredExceptionDispatchThroughFrameInfo
thunk_ForwardStructuredExceptionDispatchThroughFrameInfo_At006321d7|ForwardStructuredExceptionDispatchThroughFrameInfo
thunk_ForwardStructuredExceptionDispatchThroughFrameInfo_At006321fd|ForwardStructuredExceptionDispatchThroughFrameInfo
thunk_ForwardStructuredExceptionDispatchThroughFrameInfo_At00632225|ForwardStructuredExceptionDispatchThroughFrameInfo
thunk_ForwardStructuredExceptionDispatchThroughFrameInfo_At00632245|ForwardStructuredExceptionDispatchThroughFrameInfo
thunk_ForwardStructuredExceptionDispatchThroughFrameInfo_At0063225f|ForwardStructuredExceptionDispatchThroughFrameInfo
thunk_ForwardStructuredExceptionDispatchThroughFrameInfo_At0063228d|ForwardStructuredExceptionDispatchThroughFrameInfo
thunk_ForwardStructuredExceptionDispatchThroughFrameInfo_At006322bd|ForwardStructuredExceptionDispatchThroughFrameInfo
thunk_ForwardStructuredExceptionDispatchThroughFrameInfo_At006322e5|ForwardStructuredExceptionDispatchThroughFrameInfo
thunk_ForwardStructuredExceptionDispatchThroughFrameInfo_At006322ff|ForwardStructuredExceptionDispatchThroughFrameInfo
thunk_ForwardStructuredExceptionDispatchThroughFrameInfo_At0063232f|ForwardStructuredExceptionDispatchThroughFrameInfo
thunk_ForwardStructuredExceptionDispatchThroughFrameInfo_At0063237f|ForwardStructuredExceptionDispatchThroughFrameInfo
thunk_ForwardStructuredExceptionDispatchThroughFrameInfo_At006323ad|ForwardStructuredExceptionDispatchThroughFrameInfo
thunk_ForwardStructuredExceptionDispatchThroughFrameInfo_At00632405|ForwardStructuredExceptionDispatchThroughFrameInfo
thunk_ForwardStructuredExceptionDispatchThroughFrameInfo_At00632442|ForwardStructuredExceptionDispatchThroughFrameInfo
thunk_ForwardStructuredExceptionDispatchThroughFrameInfo_At00632468|ForwardStructuredExceptionDispatchThroughFrameInfo
thunk_ForwardStructuredExceptionDispatchThroughFrameInfo_At00632498|ForwardStructuredExceptionDispatchThroughFrameInfo
thunk_ForwardStructuredExceptionDispatchThroughFrameInfo_At006324cd|ForwardStructuredExceptionDispatchThroughFrameInfo
thunk_ForwardStructuredExceptionDispatchThroughFrameInfo_At006324ef|ForwardStructuredExceptionDispatchThroughFrameInfo
thunk_ForwardStructuredExceptionDispatchThroughFrameInfo_At0063250d|ForwardStructuredExceptionDispatchThroughFrameInfo
thunk_ForwardStructuredExceptionDispatchThroughFrameInfo_At00632565|ForwardStructuredExceptionDispatchThroughFrameInfo
thunk_ForwardStructuredExceptionDispatchThroughFrameInfo_At0063258f|ForwardStructuredExceptionDispatchThroughFrameInfo
thunk_ForwardStructuredExceptionDispatchThroughFrameInfo_At006325b8|ForwardStructuredExceptionDispatchThroughFrameInfo
thunk_ForwardStructuredExceptionDispatchThroughFrameInfo_At0063267d|ForwardStructuredExceptionDispatchThroughFrameInfo
thunk_ForwardStructuredExceptionDispatchThroughFrameInfo_At006326bf|ForwardStructuredExceptionDispatchThroughFrameInfo
thunk_ForwardStructuredExceptionDispatchThroughFrameInfo_At006326f7|ForwardStructuredExceptionDispatchThroughFrameInfo
thunk_ForwardStructuredExceptionDispatchThroughFrameInfo_At0063271f|ForwardStructuredExceptionDispatchThroughFrameInfo
thunk_ForwardStructuredExceptionDispatchThroughFrameInfo_At0063276b|ForwardStructuredExceptionDispatchThroughFrameInfo
thunk_ForwardStructuredExceptionDispatchThroughFrameInfo_At0063278f|ForwardStructuredExceptionDispatchThroughFrameInfo
thunk_ForwardStructuredExceptionDispatchThroughFrameInfo_At006327b9|ForwardStructuredExceptionDispatchThroughFrameInfo
thunk_ForwardStructuredExceptionDispatchThroughFrameInfo_At006327df|ForwardStructuredExceptionDispatchThroughFrameInfo
thunk_ForwardStructuredExceptionDispatchThroughFrameInfo_At006327ff|ForwardStructuredExceptionDispatchThroughFrameInfo
thunk_ForwardStructuredExceptionDispatchThroughFrameInfo_At0063281f|ForwardStructuredExceptionDispatchThroughFrameInfo
thunk_ForwardStructuredExceptionDispatchThroughFrameInfo_At0063283f|ForwardStructuredExceptionDispatchThroughFrameInfo
thunk_ForwardStructuredExceptionDispatchThroughFrameInfo_At0063285f|ForwardStructuredExceptionDispatchThroughFrameInfo
thunk_ForwardStructuredExceptionDispatchThroughFrameInfo_At0063287f|ForwardStructuredExceptionDispatchThroughFrameInfo
thunk_ForwardStructuredExceptionDispatchThroughFrameInfo_At0063289f|ForwardStructuredExceptionDispatchThroughFrameInfo
thunk_ForwardStructuredExceptionDispatchThroughFrameInfo_At006328c9|ForwardStructuredExceptionDispatchThroughFrameInfo
thunk_ForwardStructuredExceptionDispatchThroughFrameInfo_At006328ef|ForwardStructuredExceptionDispatchThroughFrameInfo
thunk_ForwardStructuredExceptionDispatchThroughFrameInfo_At0063290d|ForwardStructuredExceptionDispatchThroughFrameInfo
thunk_ForwardStructuredExceptionDispatchThroughFrameInfo_At0063292f|ForwardStructuredExceptionDispatchThroughFrameInfo
thunk_ForwardStructuredExceptionDispatchThroughFrameInfo_At00632965|ForwardStructuredExceptionDispatchThroughFrameInfo
thunk_ForwardStructuredExceptionDispatchThroughFrameInfo_At0063298f|ForwardStructuredExceptionDispatchThroughFrameInfo
thunk_ForwardStructuredExceptionDispatchThroughFrameInfo_At006329af|ForwardStructuredExceptionDispatchThroughFrameInfo
thunk_ForwardStructuredExceptionDispatchThroughFrameInfo_At006329cf|ForwardStructuredExceptionDispatchThroughFrameInfo
thunk_ForwardStructuredExceptionDispatchThroughFrameInfo_At006329ef|ForwardStructuredExceptionDispatchThroughFrameInfo
thunk_ForwardStructuredExceptionDispatchThroughFrameInfo_At00632a0f|ForwardStructuredExceptionDispatchThroughFrameInfo
thunk_ForwardStructuredExceptionDispatchThroughFrameInfo_At00632a2f|ForwardStructuredExceptionDispatchThroughFrameInfo
thunk_ForwardStructuredExceptionDispatchThroughFrameInfo_At00632a4f|ForwardStructuredExceptionDispatchThroughFrameInfo
thunk_ForwardStructuredExceptionDispatchThroughFrameInfo_At00632a6d|ForwardStructuredExceptionDispatchThroughFrameInfo
thunk_ForwardStructuredExceptionDispatchThroughFrameInfo_At00632a8f|ForwardStructuredExceptionDispatchThroughFrameInfo
thunk_ForwardStructuredExceptionDispatchThroughFrameInfo_At00632aaf|ForwardStructuredExceptionDispatchThroughFrameInfo
thunk_ForwardStructuredExceptionDispatchThroughFrameInfo_At00632acf|ForwardStructuredExceptionDispatchThroughFrameInfo
thunk_ForwardStructuredExceptionDispatchThroughFrameInfo_At00632b05|ForwardStructuredExceptionDispatchThroughFrameInfo
thunk_ForwardStructuredExceptionDispatchThroughFrameInfo_At00632b45|ForwardStructuredExceptionDispatchThroughFrameInfo
thunk_ForwardStructuredExceptionDispatchThroughFrameInfo_At00632b70|ForwardStructuredExceptionDispatchThroughFrameInfo
thunk_ForwardStructuredExceptionDispatchThroughFrameInfo_At00632b8d|ForwardStructuredExceptionDispatchThroughFrameInfo
thunk_ForwardStructuredExceptionDispatchThroughFrameInfo_At00632bad|ForwardStructuredExceptionDispatchThroughFrameInfo
thunk_ForwardStructuredExceptionDispatchThroughFrameInfo_At00632bdd|ForwardStructuredExceptionDispatchThroughFrameInfo
thunk_ForwardStructuredExceptionDispatchThroughFrameInfo_At00632bfd|ForwardStructuredExceptionDispatchThroughFrameInfo
thunk_ForwardStructuredExceptionDispatchThroughFrameInfo_At00632c35|ForwardStructuredExceptionDispatchThroughFrameInfo
thunk_ForwardStructuredExceptionDispatchThroughFrameInfo_At00632c65|ForwardStructuredExceptionDispatchThroughFrameInfo
thunk_ForwardStructuredExceptionDispatchThroughFrameInfo_At00632ce5|ForwardStructuredExceptionDispatchThroughFrameInfo
thunk_ForwardStructuredExceptionDispatchThroughFrameInfo_At00632d1f|ForwardStructuredExceptionDispatchThroughFrameInfo
thunk_ForwardStructuredExceptionDispatchThroughFrameInfo_At00632d3f|ForwardStructuredExceptionDispatchThroughFrameInfo
thunk_ForwardStructuredExceptionDispatchThroughFrameInfo_At00632d65|ForwardStructuredExceptionDispatchThroughFrameInfo
thunk_ForwardStructuredExceptionDispatchThroughFrameInfo_At00632d85|ForwardStructuredExceptionDispatchThroughFrameInfo
thunk_ForwardStructuredExceptionDispatchThroughFrameInfo_At00632d9f|ForwardStructuredExceptionDispatchThroughFrameInfo
thunk_ForwardStructuredExceptionDispatchThroughFrameInfo_At00632dc5|ForwardStructuredExceptionDispatchThroughFrameInfo
thunk_ForwardStructuredExceptionDispatchThroughFrameInfo_At00632ded|ForwardStructuredExceptionDispatchThroughFrameInfo
thunk_ForwardStructuredExceptionDispatchThroughFrameInfo_At00632e0f|ForwardStructuredExceptionDispatchThroughFrameInfo
thunk_ForwardStructuredExceptionDispatchThroughFrameInfo_At00632e35|ForwardStructuredExceptionDispatchThroughFrameInfo
thunk_ForwardStructuredExceptionDispatchThroughFrameInfo_At00632e55|ForwardStructuredExceptionDispatchThroughFrameInfo
thunk_ForwardStructuredExceptionDispatchThroughFrameInfo_At00632e6f|ForwardStructuredExceptionDispatchThroughFrameInfo
thunk_ForwardStructuredExceptionDispatchThroughFrameInfo_At00632e95|ForwardStructuredExceptionDispatchThroughFrameInfo
thunk_ForwardStructuredExceptionDispatchThroughFrameInfo_At00632ec5|ForwardStructuredExceptionDispatchThroughFrameInfo
thunk_ForwardStructuredExceptionDispatchThroughFrameInfo_At00632f05|ForwardStructuredExceptionDispatchThroughFrameInfo
thunk_ForwardStructuredExceptionDispatchThroughFrameInfo_At00632f2f|ForwardStructuredExceptionDispatchThroughFrameInfo
thunk_ForwardStructuredExceptionDispatchThroughFrameInfo_At00632f55|ForwardStructuredExceptionDispatchThroughFrameInfo
thunk_ForwardStructuredExceptionDispatchThroughFrameInfo_At00632f85|ForwardStructuredExceptionDispatchThroughFrameInfo
thunk_ForwardStructuredExceptionDispatchThroughFrameInfo_At00632faf|ForwardStructuredExceptionDispatchThroughFrameInfo
thunk_ForwardStructuredExceptionDispatchThroughFrameInfo_At00632fdd|ForwardStructuredExceptionDispatchThroughFrameInfo
thunk_ForwardStructuredExceptionDispatchThroughFrameInfo_At00632fff|ForwardStructuredExceptionDispatchThroughFrameInfo
thunk_ForwardStructuredExceptionDispatchThroughFrameInfo_At0063301d|ForwardStructuredExceptionDispatchThroughFrameInfo
thunk_ForwardStructuredExceptionDispatchThroughFrameInfo_At0063303f|ForwardStructuredExceptionDispatchThroughFrameInfo
thunk_ForwardStructuredExceptionDispatchThroughFrameInfo_At0063306d|ForwardStructuredExceptionDispatchThroughFrameInfo
thunk_ForwardStructuredExceptionDispatchThroughFrameInfo_At00633095|ForwardStructuredExceptionDispatchThroughFrameInfo
thunk_ForwardStructuredExceptionDispatchThroughFrameInfo_At006330ad|ForwardStructuredExceptionDispatchThroughFrameInfo
thunk_ForwardStructuredExceptionDispatchThroughFrameInfo_At006330d5|ForwardStructuredExceptionDispatchThroughFrameInfo
thunk_ForwardStructuredExceptionDispatchThroughFrameInfo_At006330ef|ForwardStructuredExceptionDispatchThroughFrameInfo
thunk_ForwardStructuredExceptionDispatchThroughFrameInfo_At00633122|ForwardStructuredExceptionDispatchThroughFrameInfo
thunk_ForwardStructuredExceptionDispatchThroughFrameInfo_At0063313d|ForwardStructuredExceptionDispatchThroughFrameInfo
thunk_ForwardStructuredExceptionDispatchThroughFrameInfo_At0063316d|ForwardStructuredExceptionDispatchThroughFrameInfo
thunk_ForwardStructuredExceptionDispatchThroughFrameInfo_At0063319d|ForwardStructuredExceptionDispatchThroughFrameInfo
thunk_ForwardStructuredExceptionDispatchThroughFrameInfo_At006331cd|ForwardStructuredExceptionDispatchThroughFrameInfo
thunk_ForwardStructuredExceptionDispatchThroughFrameInfo_At006331ef|ForwardStructuredExceptionDispatchThroughFrameInfo
thunk_ForwardStructuredExceptionDispatchThroughFrameInfo_At0063320f|ForwardStructuredExceptionDispatchThroughFrameInfo
thunk_ForwardStructuredExceptionDispatchThroughFrameInfo_At0063322d|ForwardStructuredExceptionDispatchThroughFrameInfo
thunk_ForwardStructuredExceptionDispatchThroughFrameInfo_At00633267|ForwardStructuredExceptionDispatchThroughFrameInfo
thunk_ForwardStructuredExceptionDispatchThroughFrameInfo_At0063328d|ForwardStructuredExceptionDispatchThroughFrameInfo
thunk_ForwardStructuredExceptionDispatchThroughFrameInfo_At006332ad|ForwardStructuredExceptionDispatchThroughFrameInfo
thunk_ForwardStructuredExceptionDispatchThroughFrameInfo_At006332d7|ForwardStructuredExceptionDispatchThroughFrameInfo
thunk_ForwardStructuredExceptionDispatchThroughFrameInfo_At006332ff|ForwardStructuredExceptionDispatchThroughFrameInfo
thunk_ForwardStructuredExceptionDispatchThroughFrameInfo_At0063331f|ForwardStructuredExceptionDispatchThroughFrameInfo
thunk_ForwardStructuredExceptionDispatchThroughFrameInfo_At0063333f|ForwardStructuredExceptionDispatchThroughFrameInfo
thunk_ForwardStructuredExceptionDispatchThroughFrameInfo_At0063335f|ForwardStructuredExceptionDispatchThroughFrameInfo
thunk_ForwardStructuredExceptionDispatchThroughFrameInfo_At006333ed|ForwardStructuredExceptionDispatchThroughFrameInfo
thunk_ForwardStructuredExceptionDispatchThroughFrameInfo_At00633445|ForwardStructuredExceptionDispatchThroughFrameInfo
thunk_ForwardStructuredExceptionDispatchThroughFrameInfo_At006334dd|ForwardStructuredExceptionDispatchThroughFrameInfo
thunk_ForwardStructuredExceptionDispatchThroughFrameInfo_At00633565|ForwardStructuredExceptionDispatchThroughFrameInfo
thunk_ForwardStructuredExceptionDispatchThroughFrameInfo_At00633595|ForwardStructuredExceptionDispatchThroughFrameInfo
thunk_ForwardStructuredExceptionDispatchThroughFrameInfo_At006335bd|ForwardStructuredExceptionDispatchThroughFrameInfo
thunk_ForwardStructuredExceptionDispatchThroughFrameInfo_At006335df|ForwardStructuredExceptionDispatchThroughFrameInfo
thunk_ForwardStructuredExceptionDispatchThroughFrameInfo_At00633607|ForwardStructuredExceptionDispatchThroughFrameInfo
thunk_ForwardStructuredExceptionDispatchThroughFrameInfo_At0063362d|ForwardStructuredExceptionDispatchThroughFrameInfo
thunk_ForwardStructuredExceptionDispatchThroughFrameInfo_At0063364d|ForwardStructuredExceptionDispatchThroughFrameInfo
thunk_ForwardStructuredExceptionDispatchThroughFrameInfo_At0063366f|ForwardStructuredExceptionDispatchThroughFrameInfo
thunk_ForwardStructuredExceptionDispatchThroughFrameInfo_At0063368f|ForwardStructuredExceptionDispatchThroughFrameInfo
thunk_ForwardStructuredExceptionDispatchThroughFrameInfo_At006336af|ForwardStructuredExceptionDispatchThroughFrameInfo
thunk_ForwardStructuredExceptionDispatchThroughFrameInfo_At006336fd|ForwardStructuredExceptionDispatchThroughFrameInfo
thunk_ForwardStructuredExceptionDispatchThroughFrameInfo_At0063372d|ForwardStructuredExceptionDispatchThroughFrameInfo
thunk_ForwardStructuredExceptionDispatchThroughFrameInfo_At0063374f|ForwardStructuredExceptionDispatchThroughFrameInfo
thunk_ForwardStructuredExceptionDispatchThroughFrameInfo_At0063376f|ForwardStructuredExceptionDispatchThroughFrameInfo
thunk_ForwardStructuredExceptionDispatchThroughFrameInfo_At0063378f|ForwardStructuredExceptionDispatchThroughFrameInfo
thunk_ForwardStructuredExceptionDispatchThroughFrameInfo_At006337af|ForwardStructuredExceptionDispatchThroughFrameInfo
thunk_ForwardStructuredExceptionDispatchThroughFrameInfo_At006337cf|ForwardStructuredExceptionDispatchThroughFrameInfo
thunk_ForwardStructuredExceptionDispatchThroughFrameInfo_At006337ef|ForwardStructuredExceptionDispatchThroughFrameInfo
thunk_ForwardStructuredExceptionDispatchThroughFrameInfo_At0063380f|ForwardStructuredExceptionDispatchThroughFrameInfo
thunk_ForwardStructuredExceptionDispatchThroughFrameInfo_At0063382d|ForwardStructuredExceptionDispatchThroughFrameInfo
thunk_ForwardStructuredExceptionDispatchThroughFrameInfo_At0063384f|ForwardStructuredExceptionDispatchThroughFrameInfo
thunk_ForwardStructuredExceptionDispatchThroughFrameInfo_At00633893|ForwardStructuredExceptionDispatchThroughFrameInfo
thunk_ForwardStructuredExceptionDispatchThroughFrameInfo_At006338c8|ForwardStructuredExceptionDispatchThroughFrameInfo
thunk_ForwardStructuredExceptionDispatchThroughFrameInfo_At0063393d|ForwardStructuredExceptionDispatchThroughFrameInfo
thunk_ForwardStructuredExceptionDispatchThroughFrameInfo_At00633994|ForwardStructuredExceptionDispatchThroughFrameInfo
thunk_ForwardStructuredExceptionDispatchThroughFrameInfo_At006339bd|ForwardStructuredExceptionDispatchThroughFrameInfo
thunk_ForwardStructuredExceptionDispatchThroughFrameInfo_At006339ed|ForwardStructuredExceptionDispatchThroughFrameInfo
thunk_ForwardStructuredExceptionDispatchThroughFrameInfo_At00633a3c|ForwardStructuredExceptionDispatchThroughFrameInfo
thunk_ForwardStructuredExceptionDispatchThroughFrameInfo_At00633a6f|ForwardStructuredExceptionDispatchThroughFrameInfo
thunk_ForwardStructuredExceptionDispatchThroughFrameInfo_At00633abd|ForwardStructuredExceptionDispatchThroughFrameInfo
thunk_ForwardStructuredExceptionDispatchThroughFrameInfo_At00633b1d|ForwardStructuredExceptionDispatchThroughFrameInfo
thunk_ForwardStructuredExceptionDispatchThroughFrameInfo_At00633baf|ForwardStructuredExceptionDispatchThroughFrameInfo
thunk_ForwardStructuredExceptionDispatchThroughFrameInfo_At00633bf7|ForwardStructuredExceptionDispatchThroughFrameInfo
thunk_ForwardStructuredExceptionDispatchThroughFrameInfo_At00633c1d|ForwardStructuredExceptionDispatchThroughFrameInfo
thunk_ForwardStructuredExceptionDispatchThroughFrameInfo_At00633c3d|ForwardStructuredExceptionDispatchThroughFrameInfo
thunk_ForwardStructuredExceptionDispatchThroughFrameInfo_At00633c68|ForwardStructuredExceptionDispatchThroughFrameInfo
thunk_ForwardStructuredExceptionDispatchThroughFrameInfo_At00633c97|ForwardStructuredExceptionDispatchThroughFrameInfo
thunk_ForwardStructuredExceptionDispatchThroughFrameInfo_At00633cc5|ForwardStructuredExceptionDispatchThroughFrameInfo
thunk_ForwardStructuredExceptionDispatchThroughFrameInfo_At00633cdd|ForwardStructuredExceptionDispatchThroughFrameInfo
thunk_ForwardStructuredExceptionDispatchThroughFrameInfo_At00633d07|ForwardStructuredExceptionDispatchThroughFrameInfo
thunk_ForwardStructuredExceptionDispatchThroughFrameInfo_At00633d2f|ForwardStructuredExceptionDispatchThroughFrameInfo
thunk_ForwardStructuredExceptionDispatchThroughFrameInfo_At00633d55|ForwardStructuredExceptionDispatchThroughFrameInfo
thunk_ForwardStructuredExceptionDispatchThroughFrameInfo_At00633d6d|ForwardStructuredExceptionDispatchThroughFrameInfo
thunk_ForwardStructuredExceptionDispatchThroughFrameInfo_At00633d97|ForwardStructuredExceptionDispatchThroughFrameInfo
thunk_ForwardStructuredExceptionDispatchThroughFrameInfo_At00633dbd|ForwardStructuredExceptionDispatchThroughFrameInfo
thunk_ForwardStructuredExceptionDispatchThroughFrameInfo_At00633ddf|ForwardStructuredExceptionDispatchThroughFrameInfo
thunk_ForwardStructuredExceptionDispatchThroughFrameInfo_At00633ea5|ForwardStructuredExceptionDispatchThroughFrameInfo
thunk_ForwardStructuredExceptionDispatchThroughFrameInfo_At00633eef|ForwardStructuredExceptionDispatchThroughFrameInfo
thunk_ForwardStructuredExceptionDispatchThroughFrameInfo_At00633f0d|ForwardStructuredExceptionDispatchThroughFrameInfo
thunk_ForwardStructuredExceptionDispatchThroughFrameInfo_At00633f37|ForwardStructuredExceptionDispatchThroughFrameInfo
thunk_ForwardStructuredExceptionDispatchThroughFrameInfo_At00633f5d|ForwardStructuredExceptionDispatchThroughFrameInfo
thunk_ForwardStructuredExceptionDispatchThroughFrameInfo_At00633f95|ForwardStructuredExceptionDispatchThroughFrameInfo
thunk_ForwardStructuredExceptionDispatchThroughFrameInfo_At00633fc7|ForwardStructuredExceptionDispatchThroughFrameInfo
thunk_ForwardStructuredExceptionDispatchThroughFrameInfo_At00633fed|ForwardStructuredExceptionDispatchThroughFrameInfo
thunk_ForwardStructuredExceptionDispatchThroughFrameInfo_At00634010|ForwardStructuredExceptionDispatchThroughFrameInfo
thunk_ForwardStructuredExceptionDispatchThroughFrameInfo_At00634075|ForwardStructuredExceptionDispatchThroughFrameInfo
thunk_ForwardStructuredExceptionDispatchThroughFrameInfo_At0063409f|ForwardStructuredExceptionDispatchThroughFrameInfo
thunk_ForwardStructuredExceptionDispatchThroughFrameInfo_At006340bf|ForwardStructuredExceptionDispatchThroughFrameInfo
thunk_ForwardStructuredExceptionDispatchThroughFrameInfo_At006340df|ForwardStructuredExceptionDispatchThroughFrameInfo
thunk_ForwardStructuredExceptionDispatchThroughFrameInfo_At006340ff|ForwardStructuredExceptionDispatchThroughFrameInfo
thunk_ForwardStructuredExceptionDispatchThroughFrameInfo_At0063411f|ForwardStructuredExceptionDispatchThroughFrameInfo
thunk_ForwardStructuredExceptionDispatchThroughFrameInfo_At0063413f|ForwardStructuredExceptionDispatchThroughFrameInfo
thunk_ForwardStructuredExceptionDispatchThroughFrameInfo_At00634169|ForwardStructuredExceptionDispatchThroughFrameInfo
thunk_ForwardStructuredExceptionDispatchThroughFrameInfo_At0063418f|ForwardStructuredExceptionDispatchThroughFrameInfo
thunk_ForwardStructuredExceptionDispatchThroughFrameInfo_At006341af|ForwardStructuredExceptionDispatchThroughFrameInfo
thunk_ForwardStructuredExceptionDispatchThroughFrameInfo_At006341cf|ForwardStructuredExceptionDispatchThroughFrameInfo
thunk_ForwardStructuredExceptionDispatchThroughFrameInfo_At006341ef|ForwardStructuredExceptionDispatchThroughFrameInfo
thunk_ForwardStructuredExceptionDispatchThroughFrameInfo_At0063420f|ForwardStructuredExceptionDispatchThroughFrameInfo
thunk_ForwardStructuredExceptionDispatchThroughFrameInfo_At0063422f|ForwardStructuredExceptionDispatchThroughFrameInfo
thunk_ForwardStructuredExceptionDispatchThroughFrameInfo_At0063424f|ForwardStructuredExceptionDispatchThroughFrameInfo
thunk_ForwardStructuredExceptionDispatchThroughFrameInfo_At0063426f|ForwardStructuredExceptionDispatchThroughFrameInfo
thunk_ForwardStructuredExceptionDispatchThroughFrameInfo_At006342df|ForwardStructuredExceptionDispatchThroughFrameInfo
thunk_ForwardStructuredExceptionDispatchThroughFrameInfo_At0063430f|ForwardStructuredExceptionDispatchThroughFrameInfo
thunk_ForwardStructuredExceptionDispatchThroughFrameInfo_At0063432f|ForwardStructuredExceptionDispatchThroughFrameInfo
thunk_ForwardStructuredExceptionDispatchThroughFrameInfo_At0063434f|ForwardStructuredExceptionDispatchThroughFrameInfo
thunk_ForwardStructuredExceptionDispatchThroughFrameInfo_At0063436f|ForwardStructuredExceptionDispatchThroughFrameInfo
thunk_ForwardStructuredExceptionDispatchThroughFrameInfo_At0063438f|ForwardStructuredExceptionDispatchThroughFrameInfo
thunk_ForwardStructuredExceptionDispatchThroughFrameInfo_At006343af|ForwardStructuredExceptionDispatchThroughFrameInfo
thunk_ForwardStructuredExceptionDispatchThroughFrameInfo_At006343cd|ForwardStructuredExceptionDispatchThroughFrameInfo
thunk_ForwardStructuredExceptionDispatchThroughFrameInfo_At006343ef|ForwardStructuredExceptionDispatchThroughFrameInfo
thunk_ForwardStructuredExceptionDispatchThroughFrameInfo_At0063440f|ForwardStructuredExceptionDispatchThroughFrameInfo
thunk_ForwardStructuredExceptionDispatchThroughFrameInfo_At0063443f|ForwardStructuredExceptionDispatchThroughFrameInfo
thunk_ForwardStructuredExceptionDispatchThroughFrameInfo_At0063445f|ForwardStructuredExceptionDispatchThroughFrameInfo
thunk_ForwardStructuredExceptionDispatchThroughFrameInfo_At0063447f|ForwardStructuredExceptionDispatchThroughFrameInfo
thunk_ForwardStructuredExceptionDispatchThroughFrameInfo_At006344a7|ForwardStructuredExceptionDispatchThroughFrameInfo
thunk_ForwardStructuredExceptionDispatchThroughFrameInfo_At006344d7|ForwardStructuredExceptionDispatchThroughFrameInfo
thunk_ForwardStructuredExceptionDispatchThroughFrameInfo_At006344ff|ForwardStructuredExceptionDispatchThroughFrameInfo
thunk_ForwardStructuredExceptionDispatchThroughFrameInfo_At0063451f|ForwardStructuredExceptionDispatchThroughFrameInfo
thunk_ForwardStructuredExceptionDispatchThroughFrameInfo_At00634548|ForwardStructuredExceptionDispatchThroughFrameInfo
thunk_ForwardStructuredExceptionDispatchThroughFrameInfo_At0063456f|ForwardStructuredExceptionDispatchThroughFrameInfo
thunk_ForwardStructuredExceptionDispatchThroughFrameInfo_At00634598|ForwardStructuredExceptionDispatchThroughFrameInfo
thunk_ForwardStructuredExceptionDispatchThroughFrameInfo_At006345bf|ForwardStructuredExceptionDispatchThroughFrameInfo
thunk_ForwardStructuredExceptionDispatchThroughFrameInfo_At006345e8|ForwardStructuredExceptionDispatchThroughFrameInfo
thunk_ForwardStructuredExceptionDispatchThroughFrameInfo_At0063460f|ForwardStructuredExceptionDispatchThroughFrameInfo
thunk_ForwardStructuredExceptionDispatchThroughFrameInfo_At00634638|ForwardStructuredExceptionDispatchThroughFrameInfo
thunk_ForwardStructuredExceptionDispatchThroughFrameInfo_At0063465d|ForwardStructuredExceptionDispatchThroughFrameInfo
thunk_ForwardStructuredExceptionDispatchThroughFrameInfo_At0063467f|ForwardStructuredExceptionDispatchThroughFrameInfo
thunk_ForwardStructuredExceptionDispatchThroughFrameInfo_At006346a8|ForwardStructuredExceptionDispatchThroughFrameInfo
thunk_ForwardStructuredExceptionDispatchThroughFrameInfo_At006346cd|ForwardStructuredExceptionDispatchThroughFrameInfo
thunk_ForwardStructuredExceptionDispatchThroughFrameInfo_At006346ef|ForwardStructuredExceptionDispatchThroughFrameInfo
thunk_ForwardStructuredExceptionDispatchThroughFrameInfo_At0063470f|ForwardStructuredExceptionDispatchThroughFrameInfo
thunk_ForwardStructuredExceptionDispatchThroughFrameInfo_At00634798|ForwardStructuredExceptionDispatchThroughFrameInfo
thunk_ForwardStructuredExceptionDispatchThroughFrameInfo_At00634838|ForwardStructuredExceptionDispatchThroughFrameInfo
thunk_ForwardStructuredExceptionDispatchThroughFrameInfo_At0063487f|ForwardStructuredExceptionDispatchThroughFrameInfo
thunk_ForwardStructuredExceptionDispatchThroughFrameInfo_At0063489d|ForwardStructuredExceptionDispatchThroughFrameInfo
thunk_ForwardStructuredExceptionDispatchThroughFrameInfo_At006348bd|ForwardStructuredExceptionDispatchThroughFrameInfo
thunk_ForwardStructuredExceptionDispatchThroughFrameInfo_At006348dd|ForwardStructuredExceptionDispatchThroughFrameInfo
thunk_ForwardStructuredExceptionDispatchThroughFrameInfo_At00634923|ForwardStructuredExceptionDispatchThroughFrameInfo
thunk_ForwardStructuredExceptionDispatchThroughFrameInfo_At0063494f|ForwardStructuredExceptionDispatchThroughFrameInfo
thunk_ForwardStructuredExceptionDispatchThroughFrameInfo_At0063496d|ForwardStructuredExceptionDispatchThroughFrameInfo
thunk_ForwardStructuredExceptionDispatchThroughFrameInfo_At0063499d|ForwardStructuredExceptionDispatchThroughFrameInfo
thunk_ForwardStructuredExceptionDispatchThroughFrameInfo_At006349c5|ForwardStructuredExceptionDispatchThroughFrameInfo
thunk_ForwardStructuredExceptionDispatchThroughFrameInfo_At006349dd|ForwardStructuredExceptionDispatchThroughFrameInfo
thunk_ForwardStructuredExceptionDispatchThroughFrameInfo_At00634bb4|ForwardStructuredExceptionDispatchThroughFrameInfo
thunk_ForwardStructuredExceptionDispatchThroughFrameInfo_At00634c49|ForwardStructuredExceptionDispatchThroughFrameInfo
thunk_ForwardStructuredExceptionDispatchThroughFrameInfo_At00634c99|ForwardStructuredExceptionDispatchThroughFrameInfo
thunk_ForwardStructuredExceptionDispatchThroughFrameInfo_At00634cbf|ForwardStructuredExceptionDispatchThroughFrameInfo
thunk_ForwardStructuredExceptionDispatchThroughFrameInfo_At00634cdf|ForwardStructuredExceptionDispatchThroughFrameInfo
thunk_ForwardStructuredExceptionDispatchThroughFrameInfo_At00634d00|ForwardStructuredExceptionDispatchThroughFrameInfo
thunk_ForwardStructuredExceptionDispatchThroughFrameInfo_At00634d1f|ForwardStructuredExceptionDispatchThroughFrameInfo
thunk_ForwardStructuredExceptionDispatchThroughFrameInfo_At00634d3f|ForwardStructuredExceptionDispatchThroughFrameInfo
thunk_ForwardStructuredExceptionDispatchThroughFrameInfo_At00634d5d|ForwardStructuredExceptionDispatchThroughFrameInfo
thunk_ForwardStructuredExceptionDispatchThroughFrameInfo_At00634da3|ForwardStructuredExceptionDispatchThroughFrameInfo
thunk_ForwardStructuredExceptionDispatchThroughFrameInfo_At00634dcf|ForwardStructuredExceptionDispatchThroughFrameInfo
thunk_ForwardStructuredExceptionDispatchThroughFrameInfo_At00634ded|ForwardStructuredExceptionDispatchThroughFrameInfo
thunk_ForwardStructuredExceptionDispatchThroughFrameInfo_At00634e1d|ForwardStructuredExceptionDispatchThroughFrameInfo
thunk_ForwardStructuredExceptionDispatchThroughFrameInfo_At00634e3f|ForwardStructuredExceptionDispatchThroughFrameInfo
thunk_ForwardStructuredExceptionDispatchThroughFrameInfo_At00634e5d|ForwardStructuredExceptionDispatchThroughFrameInfo
thunk_ForwardStructuredExceptionDispatchThroughFrameInfo_At00634e7f|ForwardStructuredExceptionDispatchThroughFrameInfo
thunk_ForwardStructuredExceptionDispatchThroughFrameInfo_At00634eb5|ForwardStructuredExceptionDispatchThroughFrameInfo
thunk_ForwardStructuredExceptionDispatchThroughFrameInfo_At00634eed|ForwardStructuredExceptionDispatchThroughFrameInfo
thunk_ForwardStructuredExceptionDispatchThroughFrameInfo_At00634f15|ForwardStructuredExceptionDispatchThroughFrameInfo
thunk_ForwardStructuredExceptionDispatchThroughFrameInfo_At00634f2f|ForwardStructuredExceptionDispatchThroughFrameInfo
thunk_ForwardStructuredExceptionDispatchThroughFrameInfo_At00634f4d|ForwardStructuredExceptionDispatchThroughFrameInfo
thunk_ForwardStructuredExceptionDispatchThroughFrameInfo_At00634f6f|ForwardStructuredExceptionDispatchThroughFrameInfo
thunk_ForwardStructuredExceptionDispatchThroughFrameInfo_At00634f8d|ForwardStructuredExceptionDispatchThroughFrameInfo
thunk_ForwardStructuredExceptionDispatchThroughFrameInfo_At00634faf|ForwardStructuredExceptionDispatchThroughFrameInfo
thunk_ForwardStructuredExceptionDispatchThroughFrameInfo_At00634fcd|ForwardStructuredExceptionDispatchThroughFrameInfo
thunk_ForwardStructuredExceptionDispatchThroughFrameInfo_At00634ff5|ForwardStructuredExceptionDispatchThroughFrameInfo
thunk_ForwardStructuredExceptionDispatchThroughFrameInfo_At0063500f|ForwardStructuredExceptionDispatchThroughFrameInfo
thunk_ForwardStructuredExceptionDispatchThroughFrameInfo_At0063502d|ForwardStructuredExceptionDispatchThroughFrameInfo
thunk_ForwardStructuredExceptionDispatchThroughFrameInfo_At0063504d|ForwardStructuredExceptionDispatchThroughFrameInfo
thunk_ForwardStructuredExceptionDispatchThroughFrameInfo_At00635097|ForwardStructuredExceptionDispatchThroughFrameInfo
thunk_ForwardStructuredExceptionDispatchThroughFrameInfo_At006350d5|ForwardStructuredExceptionDispatchThroughFrameInfo
thunk_ForwardStructuredExceptionDispatchThroughFrameInfo_At00635112|ForwardStructuredExceptionDispatchThroughFrameInfo
thunk_ForwardStructuredExceptionDispatchThroughFrameInfo_At00635138|ForwardStructuredExceptionDispatchThroughFrameInfo
thunk_ForwardStructuredExceptionDispatchThroughFrameInfo_At0063515d|ForwardStructuredExceptionDispatchThroughFrameInfo
thunk_ForwardStructuredExceptionDispatchThroughFrameInfo_At006351d5|ForwardStructuredExceptionDispatchThroughFrameInfo
thunk_ForwardStructuredExceptionDispatchThroughFrameInfo_At00635215|ForwardStructuredExceptionDispatchThroughFrameInfo
thunk_ForwardStructuredExceptionDispatchThroughFrameInfo_At0063524d|ForwardStructuredExceptionDispatchThroughFrameInfo
thunk_ForwardStructuredExceptionDispatchThroughFrameInfo_At00635285|ForwardStructuredExceptionDispatchThroughFrameInfo
thunk_ForwardStructuredExceptionDispatchThroughFrameInfo_At006352d5|ForwardStructuredExceptionDispatchThroughFrameInfo
thunk_ForwardStructuredExceptionDispatchThroughFrameInfo_At0063531c|ForwardStructuredExceptionDispatchThroughFrameInfo
thunk_ForwardStructuredExceptionDispatchThroughFrameInfo_At00635354|ForwardStructuredExceptionDispatchThroughFrameInfo
thunk_ForwardStructuredExceptionDispatchThroughFrameInfo_At00635392|ForwardStructuredExceptionDispatchThroughFrameInfo
thunk_ForwardStructuredExceptionDispatchThroughFrameInfo_At006353b0|ForwardStructuredExceptionDispatchThroughFrameInfo
thunk_ForwardStructuredExceptionDispatchThroughFrameInfo_At00635480|ForwardStructuredExceptionDispatchThroughFrameInfo
thunk_ForwardStructuredExceptionDispatchThroughFrameInfo_At006354d0|ForwardStructuredExceptionDispatchThroughFrameInfo
thunk_ForwardStructuredExceptionDispatchThroughFrameInfo_At006354f9|ForwardStructuredExceptionDispatchThroughFrameInfo
thunk_ForwardStructuredExceptionDispatchThroughFrameInfo_At0063551f|ForwardStructuredExceptionDispatchThroughFrameInfo
thunk_ForwardStructuredExceptionDispatchThroughFrameInfo_At00635590|ForwardStructuredExceptionDispatchThroughFrameInfo
thunk_ForwardStructuredExceptionDispatchThroughFrameInfo_At006355c5|ForwardStructuredExceptionDispatchThroughFrameInfo
thunk_ForwardStructuredExceptionDispatchThroughFrameInfo_At0063560d|ForwardStructuredExceptionDispatchThroughFrameInfo
thunk_ForwardStructuredExceptionDispatchThroughFrameInfo_At00635655|ForwardStructuredExceptionDispatchThroughFrameInfo
thunk_ForwardStructuredExceptionDispatchThroughFrameInfo_At0063567d|ForwardStructuredExceptionDispatchThroughFrameInfo
thunk_ForwardStructuredExceptionDispatchThroughFrameInfo_At006356af|ForwardStructuredExceptionDispatchThroughFrameInfo
thunk_ForwardStructuredExceptionDispatchThroughFrameInfo_At006356cf|ForwardStructuredExceptionDispatchThroughFrameInfo
thunk_ForwardStructuredExceptionDispatchThroughFrameInfo_At0063570e|ForwardStructuredExceptionDispatchThroughFrameInfo
thunk_ForwardStructuredExceptionDispatchThroughFrameInfo_At00635745|ForwardStructuredExceptionDispatchThroughFrameInfo
thunk_ForwardStructuredExceptionDispatchThroughFrameInfo_At0063579d|ForwardStructuredExceptionDispatchThroughFrameInfo
thunk_ForwardStructuredExceptionDispatchThroughFrameInfo_At006357cf|ForwardStructuredExceptionDispatchThroughFrameInfo
thunk_ForwardStructuredExceptionDispatchThroughFrameInfo_At006357ef|ForwardStructuredExceptionDispatchThroughFrameInfo
thunk_ForwardStructuredExceptionDispatchThroughFrameInfo_At0063580d|ForwardStructuredExceptionDispatchThroughFrameInfo
thunk_ForwardStructuredExceptionDispatchThroughFrameInfo_At00635835|ForwardStructuredExceptionDispatchThroughFrameInfo
thunk_ForwardStructuredExceptionDispatchThroughFrameInfo_At0063585a|ForwardStructuredExceptionDispatchThroughFrameInfo
thunk_ForwardStructuredExceptionDispatchThroughFrameInfo_At0063587d|ForwardStructuredExceptionDispatchThroughFrameInfo
thunk_ForwardStructuredExceptionDispatchThroughFrameInfo_At006358a0|ForwardStructuredExceptionDispatchThroughFrameInfo
thunk_ForwardStructuredExceptionDispatchThroughFrameInfo_At006358bf|ForwardStructuredExceptionDispatchThroughFrameInfo
thunk_ForwardStructuredExceptionDispatchThroughFrameInfo_At006358df|ForwardStructuredExceptionDispatchThroughFrameInfo
thunk_ForwardStructuredExceptionDispatchThroughFrameInfo_At006358ff|ForwardStructuredExceptionDispatchThroughFrameInfo
thunk_ForwardStructuredExceptionDispatchThroughFrameInfo_At0063591f|ForwardStructuredExceptionDispatchThroughFrameInfo
thunk_ForwardStructuredExceptionDispatchThroughFrameInfo_At0063593f|ForwardStructuredExceptionDispatchThroughFrameInfo
thunk_ForwardStructuredExceptionDispatchThroughFrameInfo_At0063597b|ForwardStructuredExceptionDispatchThroughFrameInfo
thunk_ForwardStructuredExceptionDispatchThroughFrameInfo_At0063599f|ForwardStructuredExceptionDispatchThroughFrameInfo
thunk_ForwardStructuredExceptionDispatchThroughFrameInfo_At006359f0|ForwardStructuredExceptionDispatchThroughFrameInfo
thunk_ForwardStructuredExceptionDispatchThroughFrameInfo_At00635a25|ForwardStructuredExceptionDispatchThroughFrameInfo
thunk_ForwardStructuredExceptionDispatchThroughFrameInfo_At00635a3f|ForwardStructuredExceptionDispatchThroughFrameInfo
thunk_ForwardStructuredExceptionDispatchThroughFrameInfo_At00635a86|ForwardStructuredExceptionDispatchThroughFrameInfo
thunk_ForwardStructuredExceptionDispatchThroughFrameInfo_At00635aad|ForwardStructuredExceptionDispatchThroughFrameInfo
thunk_ForwardStructuredExceptionDispatchThroughFrameInfo_At00635acd|ForwardStructuredExceptionDispatchThroughFrameInfo
thunk_ForwardStructuredExceptionDispatchThroughFrameInfo_At00635afd|ForwardStructuredExceptionDispatchThroughFrameInfo
thunk_ForwardStructuredExceptionDispatchThroughFrameInfo_At00635b1f|ForwardStructuredExceptionDispatchThroughFrameInfo
thunk_ForwardStructuredExceptionDispatchThroughFrameInfo_At00635b3f|ForwardStructuredExceptionDispatchThroughFrameInfo
thunk_ForwardStructuredExceptionDispatchThroughFrameInfo_At00635b5f|ForwardStructuredExceptionDispatchThroughFrameInfo
thunk_ForwardStructuredExceptionDispatchThroughFrameInfo_At00635b7d|ForwardStructuredExceptionDispatchThroughFrameInfo
thunk_ForwardStructuredExceptionDispatchThroughFrameInfo_At00635b9f|ForwardStructuredExceptionDispatchThroughFrameInfo
thunk_ForwardStructuredExceptionDispatchThroughFrameInfo_At00635bbf|ForwardStructuredExceptionDispatchThroughFrameInfo
thunk_ForwardStructuredExceptionDispatchThroughFrameInfo_At00635bf1|ForwardStructuredExceptionDispatchThroughFrameInfo
thunk_ForwardStructuredExceptionDispatchThroughFrameInfo_At00635c0f|ForwardStructuredExceptionDispatchThroughFrameInfo
thunk_ForwardStructuredExceptionDispatchThroughFrameInfo_At00635c2f|ForwardStructuredExceptionDispatchThroughFrameInfo
thunk_ForwardStructuredExceptionDispatchThroughFrameInfo_At00635c4f|ForwardStructuredExceptionDispatchThroughFrameInfo
thunk_ForwardStructuredExceptionDispatchThroughFrameInfo_At00635c7d|ForwardStructuredExceptionDispatchThroughFrameInfo
thunk_ForwardStructuredExceptionDispatchThroughFrameInfo_At00635c9f|ForwardStructuredExceptionDispatchThroughFrameInfo
thunk_ForwardStructuredExceptionDispatchThroughFrameInfo_At00635cdf|ForwardStructuredExceptionDispatchThroughFrameInfo
thunk_ForwardStructuredExceptionDispatchThroughFrameInfo_At00635d0d|ForwardStructuredExceptionDispatchThroughFrameInfo
thunk_ForwardStructuredExceptionDispatchThroughFrameInfo_At00635d2f|ForwardStructuredExceptionDispatchThroughFrameInfo
thunk_ForwardStructuredExceptionDispatchThroughFrameInfo_At00635d55|ForwardStructuredExceptionDispatchThroughFrameInfo
thunk_ForwardStructuredExceptionDispatchThroughFrameInfo_At00635d6d|ForwardStructuredExceptionDispatchThroughFrameInfo
thunk_ForwardStructuredExceptionDispatchThroughFrameInfo_At00635d8f|ForwardStructuredExceptionDispatchThroughFrameInfo
thunk_ForwardStructuredExceptionDispatchThroughFrameInfo_At00635dad|ForwardStructuredExceptionDispatchThroughFrameInfo
thunk_ForwardStructuredExceptionDispatchThroughFrameInfo_At00635dcd|ForwardStructuredExceptionDispatchThroughFrameInfo
thunk_ForwardStructuredExceptionDispatchThroughFrameInfo_At00635def|ForwardStructuredExceptionDispatchThroughFrameInfo
thunk_ForwardStructuredExceptionDispatchThroughFrameInfo_At00635e8d|ForwardStructuredExceptionDispatchThroughFrameInfo
thunk_ForwardStructuredExceptionDispatchThroughFrameInfo_At00635f3b|ForwardStructuredExceptionDispatchThroughFrameInfo
thunk_ForwardStructuredExceptionDispatchThroughFrameInfo_At00635f77|ForwardStructuredExceptionDispatchThroughFrameInfo
thunk_ForwardStructuredExceptionDispatchThroughFrameInfo_At00635fad|ForwardStructuredExceptionDispatchThroughFrameInfo
thunk_ForwardStructuredExceptionDispatchThroughFrameInfo_At00635fe0|ForwardStructuredExceptionDispatchThroughFrameInfo
thunk_ForwardStructuredExceptionDispatchThroughFrameInfo_At0063600d|ForwardStructuredExceptionDispatchThroughFrameInfo
thunk_ForwardStructuredExceptionDispatchThroughFrameInfo_At00636045|ForwardStructuredExceptionDispatchThroughFrameInfo
thunk_ForwardStructuredExceptionDispatchThroughFrameInfo_At006360ad|ForwardStructuredExceptionDispatchThroughFrameInfo
thunk_ForwardStructuredExceptionDispatchThroughFrameInfo_At006360f5|ForwardStructuredExceptionDispatchThroughFrameInfo
thunk_ForwardStructuredExceptionDispatchThroughFrameInfo_At0063611f|ForwardStructuredExceptionDispatchThroughFrameInfo
thunk_ForwardStructuredExceptionDispatchThroughFrameInfo_At0063613d|ForwardStructuredExceptionDispatchThroughFrameInfo
thunk_ForwardStructuredExceptionDispatchThroughFrameInfo_At0063615d|ForwardStructuredExceptionDispatchThroughFrameInfo
thunk_ForwardStructuredExceptionDispatchThroughFrameInfo_At0063617d|ForwardStructuredExceptionDispatchThroughFrameInfo
thunk_ForwardStructuredExceptionDispatchThroughFrameInfo_At0063619f|ForwardStructuredExceptionDispatchThroughFrameInfo
thunk_ForwardStructuredExceptionDispatchThroughFrameInfo_At006361bd|ForwardStructuredExceptionDispatchThroughFrameInfo
thunk_ForwardStructuredExceptionDispatchThroughFrameInfo_At006361df|ForwardStructuredExceptionDispatchThroughFrameInfo
thunk_ForwardStructuredExceptionDispatchThroughFrameInfo_At006361ff|ForwardStructuredExceptionDispatchThroughFrameInfo
thunk_ForwardStructuredExceptionDispatchThroughFrameInfo_At0063621f|ForwardStructuredExceptionDispatchThroughFrameInfo
thunk_ForwardStructuredExceptionDispatchThroughFrameInfo_At0063623f|ForwardStructuredExceptionDispatchThroughFrameInfo
thunk_ForwardStructuredExceptionDispatchThroughFrameInfo_At00636279|ForwardStructuredExceptionDispatchThroughFrameInfo
thunk_ForwardStructuredExceptionDispatchThroughFrameInfo_At0063629f|ForwardStructuredExceptionDispatchThroughFrameInfo
thunk_ForwardStructuredExceptionDispatchThroughFrameInfo_At006362c7|ForwardStructuredExceptionDispatchThroughFrameInfo
thunk_ForwardStructuredExceptionDispatchThroughFrameInfo_At006362ed|ForwardStructuredExceptionDispatchThroughFrameInfo
thunk_ForwardStructuredExceptionDispatchThroughFrameInfo_At0063630d|ForwardStructuredExceptionDispatchThroughFrameInfo
thunk_ForwardStructuredExceptionDispatchThroughFrameInfo_At0063632f|ForwardStructuredExceptionDispatchThroughFrameInfo
thunk_ForwardStructuredExceptionDispatchThroughFrameInfo_At0063634f|ForwardStructuredExceptionDispatchThroughFrameInfo
thunk_ForwardStructuredExceptionDispatchThroughFrameInfo_At0063636f|ForwardStructuredExceptionDispatchThroughFrameInfo
thunk_ForwardStructuredExceptionDispatchThroughFrameInfo_At0063638f|ForwardStructuredExceptionDispatchThroughFrameInfo
thunk_ForwardStructuredExceptionDispatchThroughFrameInfo_At006363af|ForwardStructuredExceptionDispatchThroughFrameInfo
thunk_ForwardStructuredExceptionDispatchThroughFrameInfo_At006363cf|ForwardStructuredExceptionDispatchThroughFrameInfo
thunk_ForwardStructuredExceptionDispatchThroughFrameInfo_At006363ef|ForwardStructuredExceptionDispatchThroughFrameInfo
thunk_ForwardStructuredExceptionDispatchThroughFrameInfo_At0063640f|ForwardStructuredExceptionDispatchThroughFrameInfo
thunk_ForwardStructuredExceptionDispatchThroughFrameInfo_At0063642f|ForwardStructuredExceptionDispatchThroughFrameInfo
thunk_ForwardStructuredExceptionDispatchThroughFrameInfo_At0063644f|ForwardStructuredExceptionDispatchThroughFrameInfo
thunk_ForwardStructuredExceptionDispatchThroughFrameInfo_At0063646f|ForwardStructuredExceptionDispatchThroughFrameInfo
thunk_ForwardStructuredExceptionDispatchThroughFrameInfo_At0063648f|ForwardStructuredExceptionDispatchThroughFrameInfo
thunk_ForwardStructuredExceptionDispatchThroughFrameInfo_At006364af|ForwardStructuredExceptionDispatchThroughFrameInfo
thunk_ForwardStructuredExceptionDispatchThroughFrameInfo_At006364cf|ForwardStructuredExceptionDispatchThroughFrameInfo
thunk_ForwardStructuredExceptionDispatchThroughFrameInfo_At006364f7|ForwardStructuredExceptionDispatchThroughFrameInfo
thunk_ForwardStructuredExceptionDispatchThroughFrameInfo_At0063651d|ForwardStructuredExceptionDispatchThroughFrameInfo
thunk_ForwardStructuredExceptionDispatchThroughFrameInfo_At0063653d|ForwardStructuredExceptionDispatchThroughFrameInfo
thunk_ForwardStructuredExceptionDispatchThroughFrameInfo_At0063655f|ForwardStructuredExceptionDispatchThroughFrameInfo
thunk_ForwardStructuredExceptionDispatchThroughFrameInfo_At0063657f|ForwardStructuredExceptionDispatchThroughFrameInfo
thunk_ForwardStructuredExceptionDispatchThroughFrameInfo_At0063659f|ForwardStructuredExceptionDispatchThroughFrameInfo
thunk_ForwardStructuredExceptionDispatchThroughFrameInfo_At006365bf|ForwardStructuredExceptionDispatchThroughFrameInfo
thunk_ForwardStructuredExceptionDispatchThroughFrameInfo_At006365df|ForwardStructuredExceptionDispatchThroughFrameInfo
thunk_ForwardStructuredExceptionDispatchThroughFrameInfo_At006365ff|ForwardStructuredExceptionDispatchThroughFrameInfo
thunk_ForwardStructuredExceptionDispatchThroughFrameInfo_At0063661f|ForwardStructuredExceptionDispatchThroughFrameInfo
thunk_ForwardStructuredExceptionDispatchThroughFrameInfo_At0063663f|ForwardStructuredExceptionDispatchThroughFrameInfo
thunk_ForwardStructuredExceptionDispatchThroughFrameInfo_At0063665f|ForwardStructuredExceptionDispatchThroughFrameInfo
thunk_ForwardStructuredExceptionDispatchThroughFrameInfo_At0063667d|ForwardStructuredExceptionDispatchThroughFrameInfo
thunk_ForwardStructuredExceptionDispatchThroughFrameInfo_At006366ad|ForwardStructuredExceptionDispatchThroughFrameInfo
thunk_ForwardStructuredExceptionDispatchThroughFrameInfo_At006366cf|ForwardStructuredExceptionDispatchThroughFrameInfo
thunk_ForwardStructuredExceptionDispatchThroughFrameInfo_At006366f9|ForwardStructuredExceptionDispatchThroughFrameInfo
thunk_ForwardStructuredExceptionDispatchThroughFrameInfo_At0063671f|ForwardStructuredExceptionDispatchThroughFrameInfo
thunk_ForwardStructuredExceptionDispatchThroughFrameInfo_At0063673f|ForwardStructuredExceptionDispatchThroughFrameInfo
thunk_ForwardStructuredExceptionDispatchThroughFrameInfo_At0063675f|ForwardStructuredExceptionDispatchThroughFrameInfo
thunk_ForwardStructuredExceptionDispatchThroughFrameInfo_At0063677d|ForwardStructuredExceptionDispatchThroughFrameInfo
thunk_ForwardStructuredExceptionDispatchThroughFrameInfo_At006367ad|ForwardStructuredExceptionDispatchThroughFrameInfo
thunk_ForwardStructuredExceptionDispatchThroughFrameInfo_At006367cf|ForwardStructuredExceptionDispatchThroughFrameInfo
thunk_ForwardStructuredExceptionDispatchThroughFrameInfo_At00636807|ForwardStructuredExceptionDispatchThroughFrameInfo
thunk_ForwardStructuredExceptionDispatchThroughFrameInfo_At0063682f|ForwardStructuredExceptionDispatchThroughFrameInfo
thunk_ForwardStructuredExceptionDispatchThroughFrameInfo_At0063687d|ForwardStructuredExceptionDispatchThroughFrameInfo
thunk_ForwardStructuredExceptionDispatchThroughFrameInfo_At006368af|ForwardStructuredExceptionDispatchThroughFrameInfo
thunk_ForwardStructuredExceptionDispatchThroughFrameInfo_At006368cf|ForwardStructuredExceptionDispatchThroughFrameInfo
thunk_ForwardStructuredExceptionDispatchThroughFrameInfo_At006368f7|ForwardStructuredExceptionDispatchThroughFrameInfo
thunk_ForwardStructuredExceptionDispatchThroughFrameInfo_At0063691d|ForwardStructuredExceptionDispatchThroughFrameInfo
thunk_ForwardStructuredExceptionDispatchThroughFrameInfo_At0063693d|ForwardStructuredExceptionDispatchThroughFrameInfo
thunk_ForwardStructuredExceptionDispatchThroughFrameInfo_At0063697f|ForwardStructuredExceptionDispatchThroughFrameInfo
thunk_ForwardStructuredExceptionDispatchThroughFrameInfo_At006369cd|ForwardStructuredExceptionDispatchThroughFrameInfo
thunk_ForwardStructuredExceptionDispatchThroughFrameInfo_At00636a05|ForwardStructuredExceptionDispatchThroughFrameInfo
thunk_ForwardStructuredExceptionDispatchThroughFrameInfo_At00636a2f|ForwardStructuredExceptionDispatchThroughFrameInfo
thunk_ForwardStructuredExceptionDispatchThroughFrameInfo_At00636a55|ForwardStructuredExceptionDispatchThroughFrameInfo
thunk_ForwardStructuredExceptionDispatchThroughFrameInfo_At00636a6d|ForwardStructuredExceptionDispatchThroughFrameInfo
thunk_ForwardStructuredExceptionDispatchThroughFrameInfo_At00636a8f|ForwardStructuredExceptionDispatchThroughFrameInfo
thunk_ForwardStructuredExceptionDispatchThroughFrameInfo_At00636aad|ForwardStructuredExceptionDispatchThroughFrameInfo
thunk_ForwardStructuredExceptionDispatchThroughFrameInfo_At00636acf|ForwardStructuredExceptionDispatchThroughFrameInfo
thunk_ForwardStructuredExceptionDispatchThroughFrameInfo_At00636aef|ForwardStructuredExceptionDispatchThroughFrameInfo
thunk_ForwardStructuredExceptionDispatchThroughFrameInfo_At00636b17|ForwardStructuredExceptionDispatchThroughFrameInfo
thunk_ForwardStructuredExceptionDispatchThroughFrameInfo_At00636b3f|ForwardStructuredExceptionDispatchThroughFrameInfo
thunk_ForwardStructuredExceptionDispatchThroughFrameInfo_At00636b6d|ForwardStructuredExceptionDispatchThroughFrameInfo
thunk_ForwardStructuredExceptionDispatchThroughFrameInfo_At00636b9d|ForwardStructuredExceptionDispatchThroughFrameInfo
thunk_ForwardStructuredExceptionDispatchThroughFrameInfo_At00636bbd|ForwardStructuredExceptionDispatchThroughFrameInfo
thunk_ForwardStructuredExceptionDispatchThroughFrameInfo_At00636bdf|ForwardStructuredExceptionDispatchThroughFrameInfo
thunk_ForwardStructuredExceptionDispatchThroughFrameInfo_At00636bfd|ForwardStructuredExceptionDispatchThroughFrameInfo
thunk_ForwardStructuredExceptionDispatchThroughFrameInfo_At00636c1f|ForwardStructuredExceptionDispatchThroughFrameInfo
thunk_ForwardStructuredExceptionDispatchThroughFrameInfo_At00636c5d|ForwardStructuredExceptionDispatchThroughFrameInfo
thunk_ForwardStructuredExceptionDispatchThroughFrameInfo_At00636c7f|ForwardStructuredExceptionDispatchThroughFrameInfo
thunk_ForwardStructuredExceptionDispatchThroughFrameInfo_At00636c9f|ForwardStructuredExceptionDispatchThroughFrameInfo
thunk_ForwardStructuredExceptionDispatchThroughFrameInfo_At00636cdb|ForwardStructuredExceptionDispatchThroughFrameInfo
thunk_ForwardStructuredExceptionDispatchThroughFrameInfo_At00636cfd|ForwardStructuredExceptionDispatchThroughFrameInfo
thunk_ForwardStructuredExceptionDispatchThroughFrameInfo_At00636d1d|ForwardStructuredExceptionDispatchThroughFrameInfo
thunk_ForwardStructuredExceptionDispatchThroughFrameInfo_At00636d7b|ForwardStructuredExceptionDispatchThroughFrameInfo
thunk_ForwardStructuredExceptionDispatchThroughFrameInfo_At00636db7|ForwardStructuredExceptionDispatchThroughFrameInfo
thunk_ForwardStructuredExceptionDispatchThroughFrameInfo_At00636ddf|ForwardStructuredExceptionDispatchThroughFrameInfo
thunk_ForwardStructuredExceptionDispatchThroughFrameInfo_At00636dfd|ForwardStructuredExceptionDispatchThroughFrameInfo
thunk_ForwardStructuredExceptionDispatchThroughFrameInfo_At00636e91|ForwardStructuredExceptionDispatchThroughFrameInfo
thunk_ForwardStructuredExceptionDispatchThroughFrameInfo_At00636ee3|ForwardStructuredExceptionDispatchThroughFrameInfo
thunk_ForwardStructuredExceptionDispatchThroughFrameInfo_At00636f1f|ForwardStructuredExceptionDispatchThroughFrameInfo
thunk_ForwardStructuredExceptionDispatchThroughFrameInfo_At00636fa5|ForwardStructuredExceptionDispatchThroughFrameInfo
thunk_ForwardStructuredExceptionDispatchThroughFrameInfo_At00636fe5|ForwardStructuredExceptionDispatchThroughFrameInfo
thunk_ForwardStructuredExceptionDispatchThroughFrameInfo_At00637085|ForwardStructuredExceptionDispatchThroughFrameInfo
thunk_ForwardStructuredExceptionDispatchThroughFrameInfo_At006370c5|ForwardStructuredExceptionDispatchThroughFrameInfo
thunk_ForwardStructuredExceptionDispatchThroughFrameInfo_At006370f5|ForwardStructuredExceptionDispatchThroughFrameInfo
thunk_ForwardStructuredExceptionDispatchThroughFrameInfo_At00637125|ForwardStructuredExceptionDispatchThroughFrameInfo
thunk_ForwardStructuredExceptionDispatchThroughFrameInfo_At00637155|ForwardStructuredExceptionDispatchThroughFrameInfo
thunk_ForwardStructuredExceptionDispatchThroughFrameInfo_At006372da|ForwardStructuredExceptionDispatchThroughFrameInfo
thunk_ForwardStructuredExceptionDispatchThroughFrameInfo_At00637366|ForwardStructuredExceptionDispatchThroughFrameInfo
thunk_ForwardStructuredExceptionDispatchThroughFrameInfo_At0063739f|ForwardStructuredExceptionDispatchThroughFrameInfo
thunk_ForwardStructuredExceptionDispatchThroughFrameInfo_At006373d0|ForwardStructuredExceptionDispatchThroughFrameInfo
thunk_ForwardStructuredExceptionDispatchThroughFrameInfo_At0063741d|ForwardStructuredExceptionDispatchThroughFrameInfo
thunk_ForwardStructuredExceptionDispatchThroughFrameInfo_At00637455|ForwardStructuredExceptionDispatchThroughFrameInfo
thunk_ForwardStructuredExceptionDispatchThroughFrameInfo_At0063746f|ForwardStructuredExceptionDispatchThroughFrameInfo
thunk_ForwardStructuredExceptionDispatchThroughFrameInfo_At0063748f|ForwardStructuredExceptionDispatchThroughFrameInfo
thunk_ForwardStructuredExceptionDispatchThroughFrameInfo_At006374ad|ForwardStructuredExceptionDispatchThroughFrameInfo
thunk_ForwardStructuredExceptionDispatchThroughFrameInfo_At006374e5|ForwardStructuredExceptionDispatchThroughFrameInfo
thunk_ForwardStructuredExceptionDispatchThroughFrameInfo_At00637515|ForwardStructuredExceptionDispatchThroughFrameInfo
thunk_ForwardStructuredExceptionDispatchThroughFrameInfo_At0063752f|ForwardStructuredExceptionDispatchThroughFrameInfo
thunk_ForwardStructuredExceptionDispatchThroughFrameInfo_At0063754f|ForwardStructuredExceptionDispatchThroughFrameInfo
thunk_ForwardStructuredExceptionDispatchThroughFrameInfo_At0063756f|ForwardStructuredExceptionDispatchThroughFrameInfo
thunk_ForwardStructuredExceptionDispatchThroughFrameInfo_At0063758f|ForwardStructuredExceptionDispatchThroughFrameInfo
thunk_ForwardStructuredExceptionDispatchThroughFrameInfo_At006375af|ForwardStructuredExceptionDispatchThroughFrameInfo
thunk_ForwardStructuredExceptionDispatchThroughFrameInfo_At006375cf|ForwardStructuredExceptionDispatchThroughFrameInfo
thunk_ForwardStructuredExceptionDispatchThroughFrameInfo_At006375ef|ForwardStructuredExceptionDispatchThroughFrameInfo
thunk_ForwardStructuredExceptionDispatchThroughFrameInfo_At0063760f|ForwardStructuredExceptionDispatchThroughFrameInfo
thunk_ForwardStructuredExceptionDispatchThroughFrameInfo_At0063762f|ForwardStructuredExceptionDispatchThroughFrameInfo
thunk_ForwardStructuredExceptionDispatchThroughFrameInfo_At0063764f|ForwardStructuredExceptionDispatchThroughFrameInfo
thunk_ForwardStructuredExceptionDispatchThroughFrameInfo_At00637677|ForwardStructuredExceptionDispatchThroughFrameInfo
thunk_ForwardStructuredExceptionDispatchThroughFrameInfo_At0063769d|ForwardStructuredExceptionDispatchThroughFrameInfo
thunk_ForwardStructuredExceptionDispatchThroughFrameInfo_At006376bf|ForwardStructuredExceptionDispatchThroughFrameInfo
thunk_ForwardStructuredExceptionDispatchThroughFrameInfo_At006376dd|ForwardStructuredExceptionDispatchThroughFrameInfo
thunk_ForwardStructuredExceptionDispatchThroughFrameInfo_At00637725|ForwardStructuredExceptionDispatchThroughFrameInfo
thunk_ForwardStructuredExceptionDispatchThroughFrameInfo_At00637785|ForwardStructuredExceptionDispatchThroughFrameInfo
thunk_ForwardStructuredExceptionDispatchThroughFrameInfo_At006377b5|ForwardStructuredExceptionDispatchThroughFrameInfo
thunk_ForwardStructuredExceptionDispatchThroughFrameInfo_At006377cf|ForwardStructuredExceptionDispatchThroughFrameInfo
thunk_ForwardStructuredExceptionDispatchThroughFrameInfo_At006377f7|ForwardStructuredExceptionDispatchThroughFrameInfo
thunk_ForwardStructuredExceptionDispatchThroughFrameInfo_At0063781d|ForwardStructuredExceptionDispatchThroughFrameInfo
thunk_ForwardStructuredExceptionDispatchThroughFrameInfo_At00637845|ForwardStructuredExceptionDispatchThroughFrameInfo
thunk_ForwardStructuredExceptionDispatchThroughFrameInfo_At0063785f|ForwardStructuredExceptionDispatchThroughFrameInfo
thunk_ForwardStructuredExceptionDispatchThroughFrameInfo_At0063787f|ForwardStructuredExceptionDispatchThroughFrameInfo
thunk_ForwardStructuredExceptionDispatchThroughFrameInfo_At0063789f|ForwardStructuredExceptionDispatchThroughFrameInfo
thunk_ForwardStructuredExceptionDispatchThroughFrameInfo_At006378bf|ForwardStructuredExceptionDispatchThroughFrameInfo
thunk_ForwardStructuredExceptionDispatchThroughFrameInfo_At006378df|ForwardStructuredExceptionDispatchThroughFrameInfo
thunk_ForwardStructuredExceptionDispatchThroughFrameInfo_At006378ff|ForwardStructuredExceptionDispatchThroughFrameInfo
thunk_ForwardStructuredExceptionDispatchThroughFrameInfo_At0063791d|ForwardStructuredExceptionDispatchThroughFrameInfo
thunk_ForwardStructuredExceptionDispatchThroughFrameInfo_At0063793f|ForwardStructuredExceptionDispatchThroughFrameInfo
thunk_ForwardStructuredExceptionDispatchThroughFrameInfo_At0063795f|ForwardStructuredExceptionDispatchThroughFrameInfo
thunk_ForwardStructuredExceptionDispatchThroughFrameInfo_At0063797d|ForwardStructuredExceptionDispatchThroughFrameInfo
thunk_ForwardStructuredExceptionDispatchThroughFrameInfo_At0063799d|ForwardStructuredExceptionDispatchThroughFrameInfo
thunk_ForwardStructuredExceptionDispatchThroughFrameInfo_At006379bf|ForwardStructuredExceptionDispatchThroughFrameInfo
thunk_ForwardStructuredExceptionDispatchThroughFrameInfo_At006379df|ForwardStructuredExceptionDispatchThroughFrameInfo
thunk_ForwardStructuredExceptionDispatchThroughFrameInfo_At006379fd|ForwardStructuredExceptionDispatchThroughFrameInfo
thunk_ForwardStructuredExceptionDispatchThroughFrameInfo_At00637a1d|ForwardStructuredExceptionDispatchThroughFrameInfo
thunk_ForwardStructuredExceptionDispatchThroughFrameInfo_At00637a3f|ForwardStructuredExceptionDispatchThroughFrameInfo
thunk_ForwardStructuredExceptionDispatchThroughFrameInfo_At00637a5f|ForwardStructuredExceptionDispatchThroughFrameInfo
thunk_ForwardStructuredExceptionDispatchThroughFrameInfo_At00637a7d|ForwardStructuredExceptionDispatchThroughFrameInfo
thunk_ForwardStructuredExceptionDispatchThroughFrameInfo_At00637a9f|ForwardStructuredExceptionDispatchThroughFrameInfo
thunk_ForwardStructuredExceptionDispatchThroughFrameInfo_At00637ad5|ForwardStructuredExceptionDispatchThroughFrameInfo
thunk_ForwardStructuredExceptionDispatchThroughFrameInfo_At00637aff|ForwardStructuredExceptionDispatchThroughFrameInfo
thunk_ForwardStructuredExceptionDispatchThroughFrameInfo_At00637b1f|ForwardStructuredExceptionDispatchThroughFrameInfo
thunk_ForwardStructuredExceptionDispatchThroughFrameInfo_At00637b3f|ForwardStructuredExceptionDispatchThroughFrameInfo
thunk_ForwardStructuredExceptionDispatchThroughFrameInfo_At00637b5d|ForwardStructuredExceptionDispatchThroughFrameInfo
thunk_ForwardStructuredExceptionDispatchThroughFrameInfo_At00637b7f|ForwardStructuredExceptionDispatchThroughFrameInfo
thunk_ForwardStructuredExceptionDispatchThroughFrameInfo_At00637b9d|ForwardStructuredExceptionDispatchThroughFrameInfo
thunk_ForwardStructuredExceptionDispatchThroughFrameInfo_At00637bbf|ForwardStructuredExceptionDispatchThroughFrameInfo
thunk_ForwardStructuredExceptionDispatchThroughFrameInfo_At00637bdd|ForwardStructuredExceptionDispatchThroughFrameInfo
thunk_ForwardStructuredExceptionDispatchThroughFrameInfo_At00637bff|ForwardStructuredExceptionDispatchThroughFrameInfo
thunk_ForwardStructuredExceptionDispatchThroughFrameInfo_At00637c8d|ForwardStructuredExceptionDispatchThroughFrameInfo
thunk_ForwardStructuredExceptionDispatchThroughFrameInfo_At00637ced|ForwardStructuredExceptionDispatchThroughFrameInfo
thunk_ForwardStructuredExceptionDispatchThroughFrameInfo_At00637d2d|ForwardStructuredExceptionDispatchThroughFrameInfo
thunk_ForwardStructuredExceptionDispatchThroughFrameInfo_At00637d4f|ForwardStructuredExceptionDispatchThroughFrameInfo
thunk_ForwardStructuredExceptionDispatchThroughFrameInfo_At00637d6d|ForwardStructuredExceptionDispatchThroughFrameInfo
thunk_ForwardStructuredExceptionDispatchThroughFrameInfo_At00637d8f|ForwardStructuredExceptionDispatchThroughFrameInfo
thunk_ForwardStructuredExceptionDispatchThroughFrameInfo_At00637e25|ForwardStructuredExceptionDispatchThroughFrameInfo
thunk_ForwardStructuredExceptionDispatchThroughFrameInfo_At00637e5f|ForwardStructuredExceptionDispatchThroughFrameInfo
thunk_ForwardStructuredExceptionDispatchThroughFrameInfo_At00637e7f|ForwardStructuredExceptionDispatchThroughFrameInfo
thunk_ForwardStructuredExceptionDispatchThroughFrameInfo_At00637e9d|ForwardStructuredExceptionDispatchThroughFrameInfo
thunk_ForwardStructuredExceptionDispatchThroughFrameInfo_At00637ec5|ForwardStructuredExceptionDispatchThroughFrameInfo
thunk_ForwardStructuredExceptionDispatchThroughFrameInfo_At00637edd|ForwardStructuredExceptionDispatchThroughFrameInfo
thunk_ForwardStructuredExceptionDispatchThroughFrameInfo_At00637efd|ForwardStructuredExceptionDispatchThroughFrameInfo
thunk_ForwardStructuredExceptionDispatchThroughFrameInfo_At00637f1f|ForwardStructuredExceptionDispatchThroughFrameInfo
thunk_ForwardStructuredExceptionDispatchThroughFrameInfo_At00637f9d|ForwardStructuredExceptionDispatchThroughFrameInfo
thunk_ForwardStructuredExceptionDispatchThroughFrameInfo_At00637fcf|ForwardStructuredExceptionDispatchThroughFrameInfo
thunk_ForwardStructuredExceptionDispatchThroughFrameInfo_At0063804d|ForwardStructuredExceptionDispatchThroughFrameInfo
thunk_ForwardStructuredExceptionDispatchThroughFrameInfo_At0063807f|ForwardStructuredExceptionDispatchThroughFrameInfo
thunk_ForwardStructuredExceptionDispatchThroughFrameInfo_At006380cd|ForwardStructuredExceptionDispatchThroughFrameInfo
thunk_ForwardStructuredExceptionDispatchThroughFrameInfo_At006380ff|ForwardStructuredExceptionDispatchThroughFrameInfo
thunk_ForwardStructuredExceptionDispatchThroughFrameInfo_At00638145|ForwardStructuredExceptionDispatchThroughFrameInfo
thunk_ForwardStructuredExceptionDispatchThroughFrameInfo_At0063816f|ForwardStructuredExceptionDispatchThroughFrameInfo
thunk_ForwardStructuredExceptionDispatchThroughFrameInfo_At0063818f|ForwardStructuredExceptionDispatchThroughFrameInfo
thunk_ForwardStructuredExceptionDispatchThroughFrameInfo_At006381af|ForwardStructuredExceptionDispatchThroughFrameInfo
thunk_ForwardStructuredExceptionDispatchThroughFrameInfo_At006381d5|ForwardStructuredExceptionDispatchThroughFrameInfo
thunk_ForwardStructuredExceptionDispatchThroughFrameInfo_At006381ef|ForwardStructuredExceptionDispatchThroughFrameInfo
thunk_ForwardStructuredExceptionDispatchThroughFrameInfo_At0063825d|ForwardStructuredExceptionDispatchThroughFrameInfo
thunk_ForwardStructuredExceptionDispatchThroughFrameInfo_At0063828d|ForwardStructuredExceptionDispatchThroughFrameInfo
thunk_ForwardStructuredExceptionDispatchThroughFrameInfo_At006382c0|ForwardStructuredExceptionDispatchThroughFrameInfo
thunk_ForwardStructuredExceptionDispatchThroughFrameInfo_At006382dd|ForwardStructuredExceptionDispatchThroughFrameInfo
thunk_ForwardStructuredExceptionDispatchThroughFrameInfo_At006382ff|ForwardStructuredExceptionDispatchThroughFrameInfo
thunk_ForwardStructuredExceptionDispatchThroughFrameInfo_At0063831f|ForwardStructuredExceptionDispatchThroughFrameInfo
thunk_ForwardStructuredExceptionDispatchThroughFrameInfo_At00638365|ForwardStructuredExceptionDispatchThroughFrameInfo
thunk_ForwardStructuredExceptionDispatchThroughFrameInfo_At006383c5|ForwardStructuredExceptionDispatchThroughFrameInfo
thunk_ForwardStructuredExceptionDispatchThroughFrameInfo_At006383ed|ForwardStructuredExceptionDispatchThroughFrameInfo
thunk_ForwardStructuredExceptionDispatchThroughFrameInfo_At00638440|ForwardStructuredExceptionDispatchThroughFrameInfo
thunk_ForwardStructuredExceptionDispatchThroughFrameInfo_At0063846f|ForwardStructuredExceptionDispatchThroughFrameInfo
thunk_ForwardStructuredExceptionDispatchThroughFrameInfo_At0063848f|ForwardStructuredExceptionDispatchThroughFrameInfo
thunk_ForwardStructuredExceptionDispatchThroughFrameInfo_At006384cd|ForwardStructuredExceptionDispatchThroughFrameInfo
thunk_ForwardStructuredExceptionDispatchThroughFrameInfo_At006384ef|ForwardStructuredExceptionDispatchThroughFrameInfo
thunk_ForwardStructuredExceptionDispatchThroughFrameInfo_At0063850f|ForwardStructuredExceptionDispatchThroughFrameInfo
thunk_ForwardStructuredExceptionDispatchThroughFrameInfo_At00638549|ForwardStructuredExceptionDispatchThroughFrameInfo
thunk_ForwardStructuredExceptionDispatchThroughFrameInfo_At0063856d|ForwardStructuredExceptionDispatchThroughFrameInfo
thunk_ForwardStructuredExceptionDispatchThroughFrameInfo_At006385c7|ForwardStructuredExceptionDispatchThroughFrameInfo
thunk_ForwardStructuredExceptionDispatchThroughFrameInfo_At006385ef|ForwardStructuredExceptionDispatchThroughFrameInfo
thunk_ForwardStructuredExceptionDispatchThroughFrameInfo_At006386a5|ForwardStructuredExceptionDispatchThroughFrameInfo
thunk_ForwardStructuredExceptionDispatchThroughFrameInfo_At006386f9|ForwardStructuredExceptionDispatchThroughFrameInfo
thunk_ForwardStructuredExceptionDispatchThroughFrameInfo_At00638725|ForwardStructuredExceptionDispatchThroughFrameInfo
thunk_ForwardStructuredExceptionDispatchThroughFrameInfo_At0063873f|ForwardStructuredExceptionDispatchThroughFrameInfo
thunk_ForwardStructuredExceptionDispatchThroughFrameInfo_At0063875f|ForwardStructuredExceptionDispatchThroughFrameInfo
thunk_ForwardStructuredExceptionDispatchThroughFrameInfo_At00638785|ForwardStructuredExceptionDispatchThroughFrameInfo
thunk_ForwardStructuredExceptionDispatchThroughFrameInfo_At0063879f|ForwardStructuredExceptionDispatchThroughFrameInfo
thunk_ForwardStructuredExceptionDispatchThroughFrameInfo_At006387bd|ForwardStructuredExceptionDispatchThroughFrameInfo
thunk_ForwardStructuredExceptionDispatchThroughFrameInfo_At006387df|ForwardStructuredExceptionDispatchThroughFrameInfo
thunk_ForwardStructuredExceptionDispatchThroughFrameInfo_At006387fd|ForwardStructuredExceptionDispatchThroughFrameInfo
thunk_ForwardStructuredExceptionDispatchThroughFrameInfo_At0063881f|ForwardStructuredExceptionDispatchThroughFrameInfo
thunk_ForwardStructuredExceptionDispatchThroughFrameInfo_At0063883f|ForwardStructuredExceptionDispatchThroughFrameInfo
thunk_ForwardStructuredExceptionDispatchThroughFrameInfo_At0063885f|ForwardStructuredExceptionDispatchThroughFrameInfo
thunk_ForwardStructuredExceptionDispatchThroughFrameInfo_At0063887f|ForwardStructuredExceptionDispatchThroughFrameInfo
thunk_ForwardStructuredExceptionDispatchThroughFrameInfo_At006388b5|ForwardStructuredExceptionDispatchThroughFrameInfo
thunk_ForwardStructuredExceptionDispatchThroughFrameInfo_At006388e7|ForwardStructuredExceptionDispatchThroughFrameInfo
thunk_ForwardStructuredExceptionDispatchThroughFrameInfo_At0063890d|ForwardStructuredExceptionDispatchThroughFrameInfo
thunk_ForwardStructuredExceptionDispatchThroughFrameInfo_At0063892d|ForwardStructuredExceptionDispatchThroughFrameInfo
thunk_ForwardStructuredExceptionDispatchThroughFrameInfo_At0063895d|ForwardStructuredExceptionDispatchThroughFrameInfo
thunk_ForwardStructuredExceptionDispatchThroughFrameInfo_At0063897f|ForwardStructuredExceptionDispatchThroughFrameInfo
thunk_ForwardStructuredExceptionDispatchThroughFrameInfo_At0063899f|ForwardStructuredExceptionDispatchThroughFrameInfo
thunk_ForwardStructuredExceptionDispatchThroughFrameInfo_At006389bf|ForwardStructuredExceptionDispatchThroughFrameInfo
thunk_ForwardStructuredExceptionDispatchThroughFrameInfo_At006389df|ForwardStructuredExceptionDispatchThroughFrameInfo
thunk_ForwardStructuredExceptionDispatchThroughFrameInfo_At006389ff|ForwardStructuredExceptionDispatchThroughFrameInfo
thunk_ForwardStructuredExceptionDispatchThroughFrameInfo_At00638ab1|ForwardStructuredExceptionDispatchThroughFrameInfo
thunk_ForwardStructuredExceptionDispatchThroughFrameInfo_At00638b05|ForwardStructuredExceptionDispatchThroughFrameInfo
thunk_ForwardStructuredExceptionDispatchThroughFrameInfo_At00638b2f|ForwardStructuredExceptionDispatchThroughFrameInfo
thunk_ForwardStructuredExceptionDispatchThroughFrameInfo_At00638b57|ForwardStructuredExceptionDispatchThroughFrameInfo
thunk_ForwardStructuredExceptionDispatchThroughFrameInfo_At00638b87|ForwardStructuredExceptionDispatchThroughFrameInfo
thunk_ForwardStructuredExceptionDispatchThroughFrameInfo_At00638baf|ForwardStructuredExceptionDispatchThroughFrameInfo
thunk_ForwardStructuredExceptionDispatchThroughFrameInfo_At00638bd7|ForwardStructuredExceptionDispatchThroughFrameInfo
thunk_ForwardStructuredExceptionDispatchThroughFrameInfo_At00638c07|ForwardStructuredExceptionDispatchThroughFrameInfo
thunk_ForwardStructuredExceptionDispatchThroughFrameInfo_At00638c2d|ForwardStructuredExceptionDispatchThroughFrameInfo
thunk_ForwardStructuredExceptionDispatchThroughFrameInfo_At00638c57|ForwardStructuredExceptionDispatchThroughFrameInfo
thunk_ForwardStructuredExceptionDispatchThroughFrameInfo_At00638c7d|ForwardStructuredExceptionDispatchThroughFrameInfo
thunk_ForwardStructuredExceptionDispatchThroughFrameInfo_At00638ca7|ForwardStructuredExceptionDispatchThroughFrameInfo
thunk_ForwardStructuredExceptionDispatchThroughFrameInfo_At00638ccd|ForwardStructuredExceptionDispatchThroughFrameInfo
thunk_ForwardStructuredExceptionDispatchThroughFrameInfo_At00638cf7|ForwardStructuredExceptionDispatchThroughFrameInfo
thunk_ForwardStructuredExceptionDispatchThroughFrameInfo_At00638d1d|ForwardStructuredExceptionDispatchThroughFrameInfo
thunk_ForwardStructuredExceptionDispatchThroughFrameInfo_At00638d47|ForwardStructuredExceptionDispatchThroughFrameInfo
thunk_ForwardStructuredExceptionDispatchThroughFrameInfo_At00638d6f|ForwardStructuredExceptionDispatchThroughFrameInfo
thunk_ForwardStructuredExceptionDispatchThroughFrameInfo_At00638d8d|ForwardStructuredExceptionDispatchThroughFrameInfo
thunk_ForwardStructuredExceptionDispatchThroughFrameInfo_At00638db5|ForwardStructuredExceptionDispatchThroughFrameInfo
thunk_ForwardStructuredExceptionDispatchThroughFrameInfo_At00638dcf|ForwardStructuredExceptionDispatchThroughFrameInfo
thunk_ForwardStructuredExceptionDispatchThroughFrameInfo_At00638ded|ForwardStructuredExceptionDispatchThroughFrameInfo
thunk_ForwardStructuredExceptionDispatchThroughFrameInfo_At00638e0f|ForwardStructuredExceptionDispatchThroughFrameInfo
thunk_ForwardStructuredExceptionDispatchThroughFrameInfo_At00638e2f|ForwardStructuredExceptionDispatchThroughFrameInfo
thunk_ForwardStructuredExceptionDispatchThroughFrameInfo_At00638e4f|ForwardStructuredExceptionDispatchThroughFrameInfo
thunk_ForwardStructuredExceptionDispatchThroughFrameInfo_At00638e6f|ForwardStructuredExceptionDispatchThroughFrameInfo
thunk_ForwardStructuredExceptionDispatchThroughFrameInfo_At00638e9d|ForwardStructuredExceptionDispatchThroughFrameInfo
thunk_ForwardStructuredExceptionDispatchThroughFrameInfo_At00638ebf|ForwardStructuredExceptionDispatchThroughFrameInfo
thunk_ForwardStructuredExceptionDispatchThroughFrameInfo_At00638edd|ForwardStructuredExceptionDispatchThroughFrameInfo
thunk_ForwardStructuredExceptionDispatchThroughFrameInfo_At00638eff|ForwardStructuredExceptionDispatchThroughFrameInfo
thunk_ForwardStructuredExceptionDispatchThroughFrameInfo_At00638f1d|ForwardStructuredExceptionDispatchThroughFrameInfo
thunk_ForwardStructuredExceptionDispatchThroughFrameInfo_At00638f3d|ForwardStructuredExceptionDispatchThroughFrameInfo
thunk_ForwardStructuredExceptionDispatchThroughFrameInfo_At00638f5f|ForwardStructuredExceptionDispatchThroughFrameInfo
thunk_ForwardStructuredExceptionDispatchThroughFrameInfo_At00638f7d|ForwardStructuredExceptionDispatchThroughFrameInfo
thunk_ForwardStructuredExceptionDispatchThroughFrameInfo_At00638f9d|ForwardStructuredExceptionDispatchThroughFrameInfo
thunk_ForwardStructuredExceptionDispatchThroughFrameInfo_At00638fbd|ForwardStructuredExceptionDispatchThroughFrameInfo
thunk_ForwardStructuredExceptionDispatchThroughFrameInfo_At00638fdd|ForwardStructuredExceptionDispatchThroughFrameInfo
thunk_ForwardStructuredExceptionDispatchThroughFrameInfo_At00638fff|ForwardStructuredExceptionDispatchThroughFrameInfo
thunk_ForwardStructuredExceptionDispatchThroughFrameInfo_At0063901d|ForwardStructuredExceptionDispatchThroughFrameInfo
thunk_ForwardStructuredExceptionDispatchThroughFrameInfo_At0063903d|ForwardStructuredExceptionDispatchThroughFrameInfo
thunk_ForwardStructuredExceptionDispatchThroughFrameInfo_At0063905f|ForwardStructuredExceptionDispatchThroughFrameInfo
thunk_ForwardStructuredExceptionDispatchThroughFrameInfo_At0063907f|ForwardStructuredExceptionDispatchThroughFrameInfo
thunk_ForwardStructuredExceptionDispatchThroughFrameInfo_At0063909f|ForwardStructuredExceptionDispatchThroughFrameInfo
thunk_ForwardStructuredExceptionDispatchThroughFrameInfo_At006390bf|ForwardStructuredExceptionDispatchThroughFrameInfo
thunk_ForwardStructuredExceptionDispatchThroughFrameInfo_At006390df|ForwardStructuredExceptionDispatchThroughFrameInfo
thunk_ForwardStructuredExceptionDispatchThroughFrameInfo_At00639105|ForwardStructuredExceptionDispatchThroughFrameInfo
thunk_ForwardStructuredExceptionDispatchThroughFrameInfo_At0063911f|ForwardStructuredExceptionDispatchThroughFrameInfo
thunk_ForwardStructuredExceptionDispatchThroughFrameInfo_At0063914d|ForwardStructuredExceptionDispatchThroughFrameInfo
thunk_ForwardStructuredExceptionDispatchThroughFrameInfo_At006391dd|ForwardStructuredExceptionDispatchThroughFrameInfo
thunk_ForwardStructuredExceptionDispatchThroughFrameInfo_At00639255|ForwardStructuredExceptionDispatchThroughFrameInfo
thunk_ForwardStructuredExceptionDispatchThroughFrameInfo_At0063929d|ForwardStructuredExceptionDispatchThroughFrameInfo
thunk_ForwardStructuredExceptionDispatchThroughFrameInfo_At006392bf|ForwardStructuredExceptionDispatchThroughFrameInfo
thunk_ForwardStructuredExceptionDispatchThroughFrameInfo_At006392df|ForwardStructuredExceptionDispatchThroughFrameInfo
thunk_ForwardStructuredExceptionDispatchThroughFrameInfo_At00639313|ForwardStructuredExceptionDispatchThroughFrameInfo
thunk_ForwardStructuredExceptionDispatchThroughFrameInfo_At0063933f|ForwardStructuredExceptionDispatchThroughFrameInfo
thunk_ForwardStructuredExceptionDispatchThroughFrameInfo_At0063935f|ForwardStructuredExceptionDispatchThroughFrameInfo
thunk_ForwardStructuredExceptionDispatchThroughFrameInfo_At0063937f|ForwardStructuredExceptionDispatchThroughFrameInfo
thunk_ForwardStructuredExceptionDispatchThroughFrameInfo_At006393bd|ForwardStructuredExceptionDispatchThroughFrameInfo
thunk_ForwardStructuredExceptionDispatchThroughFrameInfo_At006393df|ForwardStructuredExceptionDispatchThroughFrameInfo
thunk_ForwardStructuredExceptionDispatchThroughFrameInfo_At00639409|ForwardStructuredExceptionDispatchThroughFrameInfo
thunk_ForwardStructuredExceptionDispatchThroughFrameInfo_At0063942f|ForwardStructuredExceptionDispatchThroughFrameInfo
thunk_ForwardStructuredExceptionDispatchThroughFrameInfo_At0063944f|ForwardStructuredExceptionDispatchThroughFrameInfo
thunk_ForwardStructuredExceptionDispatchThroughFrameInfo_At0063946f|ForwardStructuredExceptionDispatchThroughFrameInfo
thunk_ForwardStructuredExceptionDispatchThroughFrameInfo_At00639495|ForwardStructuredExceptionDispatchThroughFrameInfo
thunk_ForwardStructuredExceptionDispatchThroughFrameInfo_At006394af|ForwardStructuredExceptionDispatchThroughFrameInfo
thunk_ForwardStructuredExceptionDispatchThroughFrameInfo_At006394ed|ForwardStructuredExceptionDispatchThroughFrameInfo
thunk_ForwardStructuredExceptionDispatchThroughFrameInfo_At0063951d|ForwardStructuredExceptionDispatchThroughFrameInfo
thunk_ForwardStructuredExceptionDispatchThroughFrameInfo_At0063953f|ForwardStructuredExceptionDispatchThroughFrameInfo
thunk_ForwardStructuredExceptionDispatchThroughFrameInfo_At006395b5|ForwardStructuredExceptionDispatchThroughFrameInfo
thunk_ForwardStructuredExceptionDispatchThroughFrameInfo_At00639695|ForwardStructuredExceptionDispatchThroughFrameInfo
thunk_ForwardStructuredExceptionDispatchThroughFrameInfo_At006396f7|ForwardStructuredExceptionDispatchThroughFrameInfo
thunk_ForwardStructuredExceptionDispatchThroughFrameInfo_At0063971f|ForwardStructuredExceptionDispatchThroughFrameInfo
thunk_ForwardStructuredExceptionDispatchThroughFrameInfo_At0063977f|ForwardStructuredExceptionDispatchThroughFrameInfo
thunk_ForwardStructuredExceptionDispatchThroughFrameInfo_At006397af|ForwardStructuredExceptionDispatchThroughFrameInfo
thunk_ForwardStructuredExceptionDispatchThroughFrameInfo_At00639809|ForwardStructuredExceptionDispatchThroughFrameInfo
thunk_ForwardStructuredExceptionDispatchThroughFrameInfo_At0063983f|ForwardStructuredExceptionDispatchThroughFrameInfo
thunk_ForwardStructuredExceptionDispatchThroughFrameInfo_At0063985f|ForwardStructuredExceptionDispatchThroughFrameInfo
thunk_ForwardStructuredExceptionDispatchThroughFrameInfo_At0063987f|ForwardStructuredExceptionDispatchThroughFrameInfo
thunk_ForwardStructuredExceptionDispatchThroughFrameInfo_At006398ad|ForwardStructuredExceptionDispatchThroughFrameInfo
thunk_ForwardStructuredExceptionDispatchThroughFrameInfo_At006398ea|ForwardStructuredExceptionDispatchThroughFrameInfo
thunk_ForwardStructuredExceptionDispatchThroughFrameInfo_At00639920|ForwardStructuredExceptionDispatchThroughFrameInfo
thunk_ForwardStructuredExceptionDispatchThroughFrameInfo_At0063993d|ForwardStructuredExceptionDispatchThroughFrameInfo
thunk_ForwardStructuredExceptionDispatchThroughFrameInfo_At0063995d|ForwardStructuredExceptionDispatchThroughFrameInfo
thunk_ForwardStructuredExceptionDispatchThroughFrameInfo_At0063997d|ForwardStructuredExceptionDispatchThroughFrameInfo
thunk_ForwardStructuredExceptionDispatchThroughFrameInfo_At006399a5|ForwardStructuredExceptionDispatchThroughFrameInfo
thunk_ForwardStructuredExceptionDispatchThroughFrameInfo_At006399cd|ForwardStructuredExceptionDispatchThroughFrameInfo
thunk_ForwardStructuredExceptionDispatchThroughFrameInfo_At006399ed|ForwardStructuredExceptionDispatchThroughFrameInfo
thunk_ForwardStructuredExceptionDispatchThroughFrameInfo_At00639a0d|ForwardStructuredExceptionDispatchThroughFrameInfo
thunk_ForwardStructuredExceptionDispatchThroughFrameInfo_At00639a2d|ForwardStructuredExceptionDispatchThroughFrameInfo
thunk_ForwardStructuredExceptionDispatchThroughFrameInfo_At00639a4d|ForwardStructuredExceptionDispatchThroughFrameInfo
thunk_ForwardStructuredExceptionDispatchThroughFrameInfo_At00639a6d|ForwardStructuredExceptionDispatchThroughFrameInfo
thunk_ForwardStructuredExceptionDispatchThroughFrameInfo_At00639a8d|ForwardStructuredExceptionDispatchThroughFrameInfo
thunk_ForwardStructuredExceptionDispatchThroughFrameInfo_At00639aad|ForwardStructuredExceptionDispatchThroughFrameInfo
thunk_ForwardStructuredExceptionDispatchThroughFrameInfo_At00639acd|ForwardStructuredExceptionDispatchThroughFrameInfo
thunk_ForwardStructuredExceptionDispatchThroughFrameInfo_At00639af0|ForwardStructuredExceptionDispatchThroughFrameInfo
thunk_ForwardStructuredExceptionDispatchThroughFrameInfo_At00639b10|ForwardStructuredExceptionDispatchThroughFrameInfo
thunk_ForwardStructuredExceptionDispatchThroughFrameInfo_At00639b30|ForwardStructuredExceptionDispatchThroughFrameInfo
thunk_ForwardStructuredExceptionDispatchThroughFrameInfo_At00639b50|ForwardStructuredExceptionDispatchThroughFrameInfo
thunk_ForwardStructuredExceptionDispatchThroughFrameInfo_At00639b70|ForwardStructuredExceptionDispatchThroughFrameInfo
thunk_ForwardStructuredExceptionDispatchThroughFrameInfo_At00639b90|ForwardStructuredExceptionDispatchThroughFrameInfo
thunk_ForwardStructuredExceptionDispatchThroughFrameInfo_At00639bb0|ForwardStructuredExceptionDispatchThroughFrameInfo
thunk_ForwardStructuredExceptionDispatchThroughFrameInfo_At00639bd0|ForwardStructuredExceptionDispatchThroughFrameInfo
thunk_ForwardStructuredExceptionDispatchThroughFrameInfo_At00639bf0|ForwardStructuredExceptionDispatchThroughFrameInfo
thunk_ForwardStructuredExceptionDispatchThroughFrameInfo_At00639c10|ForwardStructuredExceptionDispatchThroughFrameInfo
thunk_ForwardStructuredExceptionDispatchThroughFrameInfo_At00639c30|ForwardStructuredExceptionDispatchThroughFrameInfo
thunk_ForwardStructuredExceptionDispatchThroughFrameInfo_At00639c50|ForwardStructuredExceptionDispatchThroughFrameInfo
thunk_ForwardStructuredExceptionDispatchThroughFrameInfo_At00639c70|ForwardStructuredExceptionDispatchThroughFrameInfo
thunk_ForwardStructuredExceptionDispatchThroughFrameInfo_At00639ca0|ForwardStructuredExceptionDispatchThroughFrameInfo
thunk_ForwardStructuredExceptionDispatchThroughFrameInfo_At00639cc0|ForwardStructuredExceptionDispatchThroughFrameInfo
thunk_ForwardStructuredExceptionDispatchThroughFrameInfo_At00639cf0|ForwardStructuredExceptionDispatchThroughFrameInfo
thunk_ForwardStructuredExceptionDispatchThroughFrameInfo_At00639d0d|ForwardStructuredExceptionDispatchThroughFrameInfo
thunk_ForwardStructuredExceptionDispatchThroughFrameInfo_At00639d4c|ForwardStructuredExceptionDispatchThroughFrameInfo
thunk_ForwardStructuredExceptionDispatchThroughFrameInfo_At00639d70|ForwardStructuredExceptionDispatchThroughFrameInfo
thunk_ForwardStructuredExceptionDispatchThroughFrameInfo_At00639da0|ForwardStructuredExceptionDispatchThroughFrameInfo
thunk_ForwardStructuredExceptionDispatchThroughFrameInfo_At00639dc0|ForwardStructuredExceptionDispatchThroughFrameInfo
thunk_ForwardStructuredExceptionDispatchThroughFrameInfo_At00639df0|ForwardStructuredExceptionDispatchThroughFrameInfo
thunk_ForwardStructuredExceptionDispatchThroughFrameInfo_At00639e10|ForwardStructuredExceptionDispatchThroughFrameInfo
thunk_ForwardStructuredExceptionDispatchThroughFrameInfo_At00639e40|ForwardStructuredExceptionDispatchThroughFrameInfo
thunk_ForwardStructuredExceptionDispatchThroughFrameInfo_At00639ea2|ForwardStructuredExceptionDispatchThroughFrameInfo
thunk_ForwardStructuredExceptionDispatchThroughFrameInfo_At00639ee0|ForwardStructuredExceptionDispatchThroughFrameInfo
thunk_ForwardStructuredExceptionDispatchThroughFrameInfo_At00639f05|ForwardStructuredExceptionDispatchThroughFrameInfo
thunk_ForwardStructuredExceptionDispatchThroughFrameInfo_At00639f25|ForwardStructuredExceptionDispatchThroughFrameInfo
thunk_ForwardStructuredExceptionDispatchThroughFrameInfo_At00639f55|ForwardStructuredExceptionDispatchThroughFrameInfo
thunk_ForwardStructuredExceptionDispatchThroughFrameInfo_At00639f8d|ForwardStructuredExceptionDispatchThroughFrameInfo
thunk_ForwardStructuredExceptionDispatchThroughFrameInfo_At00639fad|ForwardStructuredExceptionDispatchThroughFrameInfo
thunk_ForwardStructuredExceptionDispatchThroughFrameInfo_At00639fcd|ForwardStructuredExceptionDispatchThroughFrameInfo
thunk_ForwardStructuredExceptionDispatchThroughFrameInfo_At00639ff5|ForwardStructuredExceptionDispatchThroughFrameInfo
thunk_ForwardStructuredExceptionDispatchThroughFrameInfo_At0063a035|ForwardStructuredExceptionDispatchThroughFrameInfo
thunk_ForwardStructuredExceptionDispatchThroughFrameInfo_At0063a05f|ForwardStructuredExceptionDispatchThroughFrameInfo
thunk_ForwardStructuredExceptionDispatchThroughFrameInfo_At0063a09d|ForwardStructuredExceptionDispatchThroughFrameInfo
thunk_ForwardStructuredExceptionDispatchThroughFrameInfo_At0063a0c7|ForwardStructuredExceptionDispatchThroughFrameInfo
thunk_ForwardStructuredExceptionDispatchThroughFrameInfo_At0063a0f5|ForwardStructuredExceptionDispatchThroughFrameInfo
thunk_ForwardStructuredExceptionDispatchThroughFrameInfo_At0063a115|ForwardStructuredExceptionDispatchThroughFrameInfo
thunk_ForwardStructuredExceptionDispatchThroughFrameInfo_At0063a135|ForwardStructuredExceptionDispatchThroughFrameInfo
thunk_ForwardStructuredExceptionDispatchThroughFrameInfo_At0063a14d|ForwardStructuredExceptionDispatchThroughFrameInfo
thunk_ForwardStructuredExceptionDispatchThroughFrameInfo_At0063a175|ForwardStructuredExceptionDispatchThroughFrameInfo
thunk_ForwardStructuredExceptionDispatchThroughFrameInfo_At0063a18d|ForwardStructuredExceptionDispatchThroughFrameInfo
thunk_ForwardStructuredExceptionDispatchThroughFrameInfo_At0063a1f5|ForwardStructuredExceptionDispatchThroughFrameInfo
thunk_ForwardStructuredExceptionDispatchThroughFrameInfo_At0063a225|ForwardStructuredExceptionDispatchThroughFrameInfo
thunk_ForwardStructuredExceptionDispatchThroughFrameInfo_At0063a245|ForwardStructuredExceptionDispatchThroughFrameInfo
thunk_ForwardStructuredExceptionDispatchThroughFrameInfo_At0063a275|ForwardStructuredExceptionDispatchThroughFrameInfo
thunk_ForwardStructuredExceptionDispatchThroughFrameInfo_At0063a2bd|ForwardStructuredExceptionDispatchThroughFrameInfo
thunk_ForwardStructuredExceptionDispatchThroughFrameInfo_At0063a2e5|ForwardStructuredExceptionDispatchThroughFrameInfo
thunk_ForwardStructuredExceptionDispatchThroughFrameInfo_At0063a2fd|ForwardStructuredExceptionDispatchThroughFrameInfo
thunk_ForwardStructuredExceptionDispatchThroughFrameInfo_At0063a325|ForwardStructuredExceptionDispatchThroughFrameInfo
thunk_ForwardStructuredExceptionDispatchThroughFrameInfo_At0063a34d|ForwardStructuredExceptionDispatchThroughFrameInfo
thunk_ForwardStructuredExceptionDispatchThroughFrameInfo_At0063a3a5|ForwardStructuredExceptionDispatchThroughFrameInfo
thunk_ForwardStructuredExceptionDispatchThroughFrameInfo_At0063a3f1|ForwardStructuredExceptionDispatchThroughFrameInfo
thunk_ForwardStructuredExceptionDispatchThroughFrameInfo_At0063a427|ForwardStructuredExceptionDispatchThroughFrameInfo
thunk_ForwardStructuredExceptionDispatchThroughFrameInfo_At0063a44d|ForwardStructuredExceptionDispatchThroughFrameInfo
thunk_ForwardStructuredExceptionDispatchThroughFrameInfo_At0063a479|ForwardStructuredExceptionDispatchThroughFrameInfo
thunk_ForwardStructuredExceptionDispatchThroughFrameInfo_At0063a4a9|ForwardStructuredExceptionDispatchThroughFrameInfo
thunk_ForwardStructuredExceptionDispatchThroughFrameInfo_At0063a4d9|ForwardStructuredExceptionDispatchThroughFrameInfo
thunk_ForwardStructuredExceptionDispatchThroughFrameInfo_At0063a515|ForwardStructuredExceptionDispatchThroughFrameInfo
thunk_ForwardStructuredExceptionDispatchThroughFrameInfo_At0063a56d|ForwardStructuredExceptionDispatchThroughFrameInfo
thunk_ForwardStructuredExceptionDispatchThroughFrameInfo_At0063a597|ForwardStructuredExceptionDispatchThroughFrameInfo
thunk_ForwardStructuredExceptionDispatchThroughFrameInfo_At0063a5bd|ForwardStructuredExceptionDispatchThroughFrameInfo
thunk_ForwardStructuredExceptionDispatchThroughFrameInfo_At0063a5e7|ForwardStructuredExceptionDispatchThroughFrameInfo
thunk_ForwardStructuredExceptionDispatchThroughFrameInfo_At0063a60d|ForwardStructuredExceptionDispatchThroughFrameInfo
thunk_ForwardStructuredExceptionDispatchThroughFrameInfo_At0063a62d|ForwardStructuredExceptionDispatchThroughFrameInfo
thunk_ForwardStructuredExceptionDispatchThroughFrameInfo_At0063a681|ForwardStructuredExceptionDispatchThroughFrameInfo
thunk_ForwardStructuredExceptionDispatchThroughFrameInfo_At0063a6ad|ForwardStructuredExceptionDispatchThroughFrameInfo
thunk_ForwardStructuredExceptionDispatchThroughFrameInfo_At0063a6cd|ForwardStructuredExceptionDispatchThroughFrameInfo
thunk_ForwardStructuredExceptionDispatchThroughFrameInfo_At0063a73d|ForwardStructuredExceptionDispatchThroughFrameInfo
thunk_ForwardStructuredExceptionDispatchThroughFrameInfo_At0063a76d|ForwardStructuredExceptionDispatchThroughFrameInfo
thunk_ForwardStructuredExceptionDispatchThroughFrameInfo_At0063a78d|ForwardStructuredExceptionDispatchThroughFrameInfo
thunk_ForwardStructuredExceptionDispatchThroughFrameInfo_At0063a7bd|ForwardStructuredExceptionDispatchThroughFrameInfo
thunk_ForwardStructuredExceptionDispatchThroughFrameInfo_At0063a7e5|ForwardStructuredExceptionDispatchThroughFrameInfo
thunk_ForwardStructuredExceptionDispatchThroughFrameInfo_At0063a805|ForwardStructuredExceptionDispatchThroughFrameInfo
thunk_ForwardStructuredExceptionDispatchThroughFrameInfo_At0063a82b|ForwardStructuredExceptionDispatchThroughFrameInfo
thunk_ForwardStructuredExceptionDispatchThroughFrameInfo_At0063a864|ForwardStructuredExceptionDispatchThroughFrameInfo
thunk_ForwardStructuredExceptionDispatchThroughFrameInfo_At0063a898|ForwardStructuredExceptionDispatchThroughFrameInfo
thunk_ForwardStructuredExceptionDispatchThroughFrameInfo_At0063a8bd|ForwardStructuredExceptionDispatchThroughFrameInfo
thunk_ForwardStructuredExceptionDispatchThroughFrameInfo_At0063a8e7|ForwardStructuredExceptionDispatchThroughFrameInfo
thunk_ForwardStructuredExceptionDispatchThroughFrameInfo_At0063a90d|ForwardStructuredExceptionDispatchThroughFrameInfo
thunk_ForwardStructuredExceptionDispatchThroughFrameInfo_At0063a92d|ForwardStructuredExceptionDispatchThroughFrameInfo
thunk_ForwardStructuredExceptionDispatchThroughFrameInfo_At0063a950|ForwardStructuredExceptionDispatchThroughFrameInfo
thunk_ForwardStructuredExceptionDispatchThroughFrameInfo_At0063a97b|ForwardStructuredExceptionDispatchThroughFrameInfo
thunk_ForwardStructuredExceptionDispatchThroughFrameInfo_At0063a9a0|ForwardStructuredExceptionDispatchThroughFrameInfo
thunk_ForwardStructuredExceptionDispatchThroughFrameInfo_At0063a9c0|ForwardStructuredExceptionDispatchThroughFrameInfo
thunk_ForwardStructuredExceptionDispatchThroughFrameInfo_At0063a9dd|ForwardStructuredExceptionDispatchThroughFrameInfo
thunk_ForwardStructuredExceptionDispatchThroughFrameInfo_At0063aa05|ForwardStructuredExceptionDispatchThroughFrameInfo
thunk_ForwardStructuredExceptionDispatchThroughFrameInfo_At0063aa1d|ForwardStructuredExceptionDispatchThroughFrameInfo
thunk_ForwardStructuredExceptionDispatchThroughFrameInfo_At0063aa3d|ForwardStructuredExceptionDispatchThroughFrameInfo
thunk_ForwardStructuredExceptionDispatchThroughFrameInfo_At0063aa5d|ForwardStructuredExceptionDispatchThroughFrameInfo
thunk_ForwardStructuredExceptionDispatchThroughFrameInfo_At0063aa7d|ForwardStructuredExceptionDispatchThroughFrameInfo
thunk_ForwardStructuredExceptionDispatchThroughFrameInfo_At0063aa95|ForwardStructuredExceptionDispatchThroughFrameInfo
thunk_ForwardStructuredExceptionDispatchThroughFrameInfo_At0063aab1|ForwardStructuredExceptionDispatchThroughFrameInfo
thunk_ForwardStructuredExceptionDispatchThroughFrameInfo_At0063aabd|ForwardStructuredExceptionDispatchThroughFrameInfo
thunk_ForwardStructuredExceptionDispatchThroughFrameInfo_At0063aad1|ForwardStructuredExceptionDispatchThroughFrameInfo
thunk_ForwardStructuredExceptionDispatchThroughFrameInfo_At0063aae5|ForwardStructuredExceptionDispatchThroughFrameInfo
thunk_ForwardStructuredExceptionDispatchThroughFrameInfo_At0063ab2e|ForwardStructuredExceptionDispatchThroughFrameInfo
thunk_ForwardStructuredExceptionDispatchThroughFrameInfo_At0063ab62|ForwardStructuredExceptionDispatchThroughFrameInfo
thunk_ForwardStructuredExceptionDispatchThroughFrameInfo_At0063ab75|ForwardStructuredExceptionDispatchThroughFrameInfo
thunk_ForwardStructuredExceptionDispatchThroughFrameInfo_At0063ab8a|ForwardStructuredExceptionDispatchThroughFrameInfo
thunk_ForwardStructuredExceptionDispatchThroughFrameInfo_At0063abb0|ForwardStructuredExceptionDispatchThroughFrameInfo
thunk_ForwardStructuredExceptionDispatchThroughFrameInfo_At0063abd8|ForwardStructuredExceptionDispatchThroughFrameInfo
thunk_ForwardStructuredExceptionDispatchThroughFrameInfo_At0063ac00|ForwardStructuredExceptionDispatchThroughFrameInfo
thunk_ForwardStructuredExceptionDispatchThroughFrameInfo_At0063ac2e|ForwardStructuredExceptionDispatchThroughFrameInfo
thunk_ForwardStructuredExceptionDispatchThroughFrameInfo_At0063ac5a|ForwardStructuredExceptionDispatchThroughFrameInfo
thunk_ForwardStructuredExceptionDispatchThroughFrameInfo_At0063ac6d|ForwardStructuredExceptionDispatchThroughFrameInfo
thunk_ForwardStructuredExceptionDispatchThroughFrameInfo_At0063ac81|ForwardStructuredExceptionDispatchThroughFrameInfo
thunk_ForwardStructuredExceptionDispatchThroughFrameInfo_At0063ac95|ForwardStructuredExceptionDispatchThroughFrameInfo
thunk_ForwardStructuredExceptionDispatchThroughFrameInfo_At0063aca9|ForwardStructuredExceptionDispatchThroughFrameInfo
thunk_ForwardStructuredExceptionDispatchThroughFrameInfo_At0063acd1|ForwardStructuredExceptionDispatchThroughFrameInfo
thunk_ForwardStructuredExceptionDispatchThroughFrameInfo_At0063ad0d|ForwardStructuredExceptionDispatchThroughFrameInfo
thunk_ForwardStructuredExceptionDispatchThroughFrameInfo_At0063ad21|ForwardStructuredExceptionDispatchThroughFrameInfo
thunk_ForwardStructuredExceptionDispatchThroughFrameInfo_At0063ad36|ForwardStructuredExceptionDispatchThroughFrameInfo
thunk_ForwardStructuredExceptionDispatchThroughFrameInfo_At0063ad49|ForwardStructuredExceptionDispatchThroughFrameInfo
thunk_ForwardStructuredExceptionDispatchThroughFrameInfo_At0063ad5d|ForwardStructuredExceptionDispatchThroughFrameInfo
thunk_ForwardStructuredExceptionDispatchThroughFrameInfo_At0063ad69|ForwardStructuredExceptionDispatchThroughFrameInfo
thunk_ForwardStructuredExceptionDispatchThroughFrameInfo_At0063ad7e|ForwardStructuredExceptionDispatchThroughFrameInfo
thunk_ForwardStructuredExceptionDispatchThroughFrameInfo_At0063ada1|ForwardStructuredExceptionDispatchThroughFrameInfo
thunk_ForwardStructuredExceptionDispatchThroughFrameInfo_At0063adb5|ForwardStructuredExceptionDispatchThroughFrameInfo
thunk_ForwardStructuredExceptionDispatchThroughFrameInfo_At0063adca|ForwardStructuredExceptionDispatchThroughFrameInfo
thunk_ForwardStructuredExceptionDispatchThroughFrameInfo_At0063addd|ForwardStructuredExceptionDispatchThroughFrameInfo
thunk_ForwardStructuredExceptionDispatchThroughFrameInfo_At0063adf1|ForwardStructuredExceptionDispatchThroughFrameInfo
thunk_ForwardStructuredExceptionDispatchThroughFrameInfo_At0063ae05|ForwardStructuredExceptionDispatchThroughFrameInfo
thunk_ForwardStructuredExceptionDispatchThroughFrameInfo_At0063ae19|ForwardStructuredExceptionDispatchThroughFrameInfo
thunk_ForwardStructuredExceptionDispatchThroughFrameInfo_At0063ae25|ForwardStructuredExceptionDispatchThroughFrameInfo
thunk_ForwardStructuredExceptionDispatchThroughFrameInfo_At0063ae3b|ForwardStructuredExceptionDispatchThroughFrameInfo
thunk_ForwardStructuredExceptionDispatchThroughFrameInfo_At0063ae45|ForwardStructuredExceptionDispatchThroughFrameInfo
thunk_ForwardStructuredExceptionDispatchThroughFrameInfo_At0063ae5a|ForwardStructuredExceptionDispatchThroughFrameInfo
thunk_ForwardStructuredExceptionDispatchThroughFrameInfo_At0063ae6d|ForwardStructuredExceptionDispatchThroughFrameInfo
thunk_ForwardStructuredExceptionDispatchThroughFrameInfo_At0063ae79|ForwardStructuredExceptionDispatchThroughFrameInfo
thunk_ForwardStructuredExceptionDispatchThroughFrameInfo_At0063ae8d|ForwardStructuredExceptionDispatchThroughFrameInfo
thunk_ForwardStructuredExceptionDispatchThroughFrameInfo_At0063aeb1|ForwardStructuredExceptionDispatchThroughFrameInfo
thunk_ForwardStructuredExceptionDispatchThroughFrameInfo_At0063aec5|ForwardStructuredExceptionDispatchThroughFrameInfo
thunk_ForwardStructuredExceptionDispatchThroughFrameInfo_At0063aed1|ForwardStructuredExceptionDispatchThroughFrameInfo
thunk_ForwardStructuredExceptionDispatchThroughFrameInfo_At0063aee5|ForwardStructuredExceptionDispatchThroughFrameInfo
thunk_ForwardStructuredExceptionDispatchThroughFrameInfo_At0063aefa|ForwardStructuredExceptionDispatchThroughFrameInfo
thunk_ForwardStructuredExceptionDispatchThroughFrameInfo_At0063af0d|ForwardStructuredExceptionDispatchThroughFrameInfo
thunk_ForwardStructuredExceptionDispatchThroughFrameInfo_At0063af2f|ForwardStructuredExceptionDispatchThroughFrameInfo
thunk_ForwardStructuredExceptionDispatchThroughFrameInfo_At0063af57|ForwardStructuredExceptionDispatchThroughFrameInfo
thunk_ForwardStructuredExceptionDispatchThroughFrameInfo_At0063af8a|ForwardStructuredExceptionDispatchThroughFrameInfo
thunk_ForwardStructuredExceptionDispatchThroughFrameInfo_At0063af9e|ForwardStructuredExceptionDispatchThroughFrameInfo
thunk_ForwardStructuredExceptionDispatchThroughFrameInfo_At0063afbc|ForwardStructuredExceptionDispatchThroughFrameInfo
thunk_ForwardStructuredExceptionDispatchThroughFrameInfo_At0063afd1|ForwardStructuredExceptionDispatchThroughFrameInfo
thunk_ForwardStructuredExceptionDispatchThroughFrameInfo_At0063afe5|ForwardStructuredExceptionDispatchThroughFrameInfo
thunk_ForwardStructuredExceptionDispatchThroughFrameInfo_At0063b001|ForwardStructuredExceptionDispatchThroughFrameInfo
thunk_ForwardStructuredExceptionDispatchThroughFrameInfo_At0063b015|ForwardStructuredExceptionDispatchThroughFrameInfo
thunk_ForwardStructuredExceptionDispatchThroughFrameInfo_At0063b029|ForwardStructuredExceptionDispatchThroughFrameInfo
thunk_ForwardStructuredExceptionDispatchThroughFrameInfo_At0063b054|ForwardStructuredExceptionDispatchThroughFrameInfo
thunk_ForwardStructuredExceptionDispatchThroughFrameInfo_At0063b069|ForwardStructuredExceptionDispatchThroughFrameInfo
thunk_ForwardStructuredExceptionDispatchThroughFrameInfo_At0063b094|ForwardStructuredExceptionDispatchThroughFrameInfo
thunk_ForwardStructuredExceptionDispatchThroughFrameInfo_At0063b0bd|ForwardStructuredExceptionDispatchThroughFrameInfo
thunk_ForwardStructuredExceptionDispatchThroughFrameInfo_At0063b0e8|ForwardStructuredExceptionDispatchThroughFrameInfo
thunk_ForwardStructuredExceptionDispatchThroughFrameInfo_At0063b111|ForwardStructuredExceptionDispatchThroughFrameInfo
thunk_ForwardStructuredExceptionDispatchThroughFrameInfo_At0063b125|ForwardStructuredExceptionDispatchThroughFrameInfo
thunk_ForwardStructuredExceptionDispatchThroughFrameInfo_At0063b139|ForwardStructuredExceptionDispatchThroughFrameInfo
thunk_ForwardStructuredExceptionDispatchThroughFrameInfo_At0063b14d|ForwardStructuredExceptionDispatchThroughFrameInfo
thunk_ForwardStructuredExceptionDispatchThroughFrameInfo_At0063b161|ForwardStructuredExceptionDispatchThroughFrameInfo
thunk_ForwardStructuredExceptionDispatchThroughFrameInfo_At0063b175|ForwardStructuredExceptionDispatchThroughFrameInfo
thunk_ForwardStructuredExceptionDispatchThroughFrameInfo_At0063b189|ForwardStructuredExceptionDispatchThroughFrameInfo
thunk_ForwardStructuredExceptionDispatchThroughFrameInfo_At0063b19d|ForwardStructuredExceptionDispatchThroughFrameInfo
thunk_ForwardStructuredExceptionDispatchThroughFrameInfo_At0063b1b1|ForwardStructuredExceptionDispatchThroughFrameInfo
thunk_ForwardStructuredExceptionDispatchThroughFrameInfo_At0063b1c7|ForwardStructuredExceptionDispatchThroughFrameInfo
thunk_ForwardStructuredExceptionDispatchThroughFrameInfo_At0063b200|ForwardStructuredExceptionDispatchThroughFrameInfo
thunk_ForwardStructuredExceptionDispatchThroughFrameInfo_At0063b228|ForwardStructuredExceptionDispatchThroughFrameInfo
thunk_ForwardStructuredExceptionDispatchThroughFrameInfo_At0063b254|ForwardStructuredExceptionDispatchThroughFrameInfo
thunk_ForwardStructuredExceptionDispatchThroughFrameInfo_At0063b27c|ForwardStructuredExceptionDispatchThroughFrameInfo
thunk_ForwardStructuredExceptionDispatchThroughFrameInfo_At0063b2a4|ForwardStructuredExceptionDispatchThroughFrameInfo
thunk_ForwardStructuredExceptionDispatchThroughFrameInfo_At0063b2cd|ForwardStructuredExceptionDispatchThroughFrameInfo
thunk_ForwardStructuredExceptionDispatchThroughFrameInfo_At0063b2e1|ForwardStructuredExceptionDispatchThroughFrameInfo
thunk_ForwardStructuredExceptionDispatchThroughFrameInfo_At0063b2f5|ForwardStructuredExceptionDispatchThroughFrameInfo
thunk_ForwardStructuredExceptionDispatchThroughFrameInfo_At0063b309|ForwardStructuredExceptionDispatchThroughFrameInfo
thunk_ForwardStructuredExceptionDispatchThroughFrameInfo_At0063b31d|ForwardStructuredExceptionDispatchThroughFrameInfo
thunk_ForwardStructuredExceptionDispatchThroughFrameInfo_At0063b331|ForwardStructuredExceptionDispatchThroughFrameInfo
thunk_ForwardStructuredExceptionDispatchThroughFrameInfo_At0063b345|ForwardStructuredExceptionDispatchThroughFrameInfo
thunk_ForwardStructuredExceptionDispatchThroughFrameInfo_At0063b36f|ForwardStructuredExceptionDispatchThroughFrameInfo
thunk_ForwardStructuredExceptionDispatchThroughFrameInfo_At0063b3a2|ForwardStructuredExceptionDispatchThroughFrameInfo
thunk_ForwardStructuredExceptionDispatchThroughFrameInfo_At0063b3c5|ForwardStructuredExceptionDispatchThroughFrameInfo
thunk_ForwardStructuredExceptionDispatchThroughFrameInfo_At0063b3e1|ForwardStructuredExceptionDispatchThroughFrameInfo
thunk_ForwardStructuredExceptionDispatchThroughFrameInfo_At0063b3f5|ForwardStructuredExceptionDispatchThroughFrameInfo
thunk_ForwardStructuredExceptionDispatchThroughFrameInfo_At0063b409|ForwardStructuredExceptionDispatchThroughFrameInfo
thunk_ForwardStructuredExceptionDispatchThroughFrameInfo_At0063b41d|ForwardStructuredExceptionDispatchThroughFrameInfo
thunk_ForwardStructuredExceptionDispatchThroughFrameInfo_At0063b43a|ForwardStructuredExceptionDispatchThroughFrameInfo
thunk_ForwardStructuredExceptionDispatchThroughFrameInfo_At0063b44d|ForwardStructuredExceptionDispatchThroughFrameInfo
thunk_ForwardStructuredExceptionDispatchThroughFrameInfo_At0063b499|ForwardStructuredExceptionDispatchThroughFrameInfo
thunk_ForwardStructuredExceptionDispatchThroughFrameInfo_At0063b4e5|ForwardStructuredExceptionDispatchThroughFrameInfo
thunk_ForwardStructuredExceptionDispatchThroughFrameInfo_At0063b4fc|ForwardStructuredExceptionDispatchThroughFrameInfo
thunk_ForwardStructuredExceptionDispatchThroughFrameInfo_At0063b514|ForwardStructuredExceptionDispatchThroughFrameInfo
thunk_ForwardStructuredExceptionDispatchThroughFrameInfo_At0063b521|ForwardStructuredExceptionDispatchThroughFrameInfo
thunk_ForwardStructuredExceptionDispatchThroughFrameInfo_At0063b53f|ForwardStructuredExceptionDispatchThroughFrameInfo
thunk_ForwardStructuredExceptionDispatchThroughFrameInfo_At0063b552|ForwardStructuredExceptionDispatchThroughFrameInfo
thunk_ForwardStructuredExceptionDispatchThroughFrameInfo_At0063b567|ForwardStructuredExceptionDispatchThroughFrameInfo
thunk_ForwardStructuredExceptionDispatchThroughFrameInfo_At0063b579|ForwardStructuredExceptionDispatchThroughFrameInfo
thunk_ForwardStructuredExceptionDispatchThroughFrameInfo_At0063b58d|ForwardStructuredExceptionDispatchThroughFrameInfo
thunk_ForwardStructuredExceptionDispatchThroughFrameInfo_At0063b5a1|ForwardStructuredExceptionDispatchThroughFrameInfo
thunk_ForwardStructuredExceptionDispatchThroughFrameInfo_At0063b5b5|ForwardStructuredExceptionDispatchThroughFrameInfo
thunk_ForwardStructuredExceptionDispatchThroughFrameInfo_At0063b5c9|ForwardStructuredExceptionDispatchThroughFrameInfo
thunk_ForwardStructuredExceptionDispatchThroughFrameInfo_At0063b5dd|ForwardStructuredExceptionDispatchThroughFrameInfo
thunk_ForwardStructuredExceptionDispatchThroughFrameInfo_At0063b5f1|ForwardStructuredExceptionDispatchThroughFrameInfo
thunk_ForwardStructuredExceptionDispatchThroughFrameInfo_At0063b607|ForwardStructuredExceptionDispatchThroughFrameInfo
thunk_ForwardStructuredExceptionDispatchThroughFrameInfo_At0063b619|ForwardStructuredExceptionDispatchThroughFrameInfo
thunk_ForwardStructuredExceptionDispatchThroughFrameInfo_At0063b62d|ForwardStructuredExceptionDispatchThroughFrameInfo
thunk_ForwardStructuredExceptionDispatchThroughFrameInfo_At0063b641|ForwardStructuredExceptionDispatchThroughFrameInfo
thunk_ForwardStructuredExceptionDispatchThroughFrameInfo_At0063b655|ForwardStructuredExceptionDispatchThroughFrameInfo
thunk_ForwardStructuredExceptionDispatchThroughFrameInfo_At0063b669|ForwardStructuredExceptionDispatchThroughFrameInfo
thunk_ForwardStructuredExceptionDispatchThroughFrameInfo_At0063b691|ForwardStructuredExceptionDispatchThroughFrameInfo
thunk_ForwardStructuredExceptionDispatchThroughFrameInfo_At0063b6a5|ForwardStructuredExceptionDispatchThroughFrameInfo
thunk_ForwardStructuredExceptionDispatchThroughFrameInfo_At0063b6b9|ForwardStructuredExceptionDispatchThroughFrameInfo
thunk_ForwardStructuredExceptionDispatchThroughFrameInfo_At0063b6cd|ForwardStructuredExceptionDispatchThroughFrameInfo
thunk_ForwardStructuredExceptionDispatchThroughFrameInfo_At0063b6e1|ForwardStructuredExceptionDispatchThroughFrameInfo
thunk_ForwardStructuredExceptionDispatchThroughFrameInfo_At0063b6f5|ForwardStructuredExceptionDispatchThroughFrameInfo
thunk_ForwardStructuredExceptionDispatchThroughFrameInfo_At0063b734|ForwardStructuredExceptionDispatchThroughFrameInfo
thunk_ForwardStructuredExceptionDispatchThroughFrameInfo_At0063b754|ForwardStructuredExceptionDispatchThroughFrameInfo
thunk_ForwardStructuredExceptionDispatchThroughFrameInfo_At0063b76a|ForwardStructuredExceptionDispatchThroughFrameInfo
thunk_ForwardStructuredExceptionDispatchThroughFrameInfo_At0063b785|ForwardStructuredExceptionDispatchThroughFrameInfo
thunk_ForwardStructuredExceptionDispatchThroughFrameInfo_At0063b799|ForwardStructuredExceptionDispatchThroughFrameInfo
thunk_ForwardStructuredExceptionDispatchThroughFrameInfo_At0063b7ad|ForwardStructuredExceptionDispatchThroughFrameInfo
thunk_ForwardStructuredExceptionDispatchThroughFrameInfo_At0063b7cf|ForwardStructuredExceptionDispatchThroughFrameInfo
thunk_ForwardStructuredExceptionDispatchThroughFrameInfo_At0063b7e1|ForwardStructuredExceptionDispatchThroughFrameInfo
thunk_ForwardStructuredExceptionDispatchThroughFrameInfo_At0063b7f5|ForwardStructuredExceptionDispatchThroughFrameInfo
thunk_ForwardStructuredExceptionDispatchThroughFrameInfo_At0063b830|ForwardStructuredExceptionDispatchThroughFrameInfo
thunk_ForwardStructuredExceptionDispatchThroughFrameInfo_At0063b87c|ForwardStructuredExceptionDispatchThroughFrameInfo
thunk_ForwardStructuredExceptionDispatchThroughFrameInfo_At0063b8a8|ForwardStructuredExceptionDispatchThroughFrameInfo
thunk_ForwardStructuredExceptionDispatchThroughFrameInfo_At0063b8bd|ForwardStructuredExceptionDispatchThroughFrameInfo
thunk_ForwardStructuredExceptionDispatchThroughFrameInfo_At0063b8d1|ForwardStructuredExceptionDispatchThroughFrameInfo
thunk_ForwardStructuredExceptionDispatchThroughFrameInfo_At0063b905|ForwardStructuredExceptionDispatchThroughFrameInfo
thunk_ForwardStructuredExceptionDispatchThroughFrameInfo_At0063b961|ForwardStructuredExceptionDispatchThroughFrameInfo
thunk_ForwardStructuredExceptionDispatchThroughFrameInfo_At0063b975|ForwardStructuredExceptionDispatchThroughFrameInfo
thunk_ForwardStructuredExceptionDispatchThroughFrameInfo_At0063b989|ForwardStructuredExceptionDispatchThroughFrameInfo
thunk_ForwardStructuredExceptionDispatchThroughFrameInfo_At0063b9b0|ForwardStructuredExceptionDispatchThroughFrameInfo
thunk_ForwardStructuredExceptionDispatchThroughFrameInfo_At0063b9d8|ForwardStructuredExceptionDispatchThroughFrameInfo
thunk_ForwardStructuredExceptionDispatchThroughFrameInfo_At0063b9f5|ForwardStructuredExceptionDispatchThroughFrameInfo
thunk_ForwardStructuredExceptionDispatchThroughFrameInfo_At0063ba1d|ForwardStructuredExceptionDispatchThroughFrameInfo
thunk_ForwardStructuredExceptionDispatchThroughFrameInfo_At0063ba31|ForwardStructuredExceptionDispatchThroughFrameInfo
thunk_ForwardStructuredExceptionDispatchThroughFrameInfo_At0063ba45|ForwardStructuredExceptionDispatchThroughFrameInfo
thunk_ForwardStructuredExceptionDispatchThroughFrameInfo_At0063ba51|ForwardStructuredExceptionDispatchThroughFrameInfo
thunk_ForwardStructuredExceptionDispatchThroughFrameInfo_At0063ba88|ForwardStructuredExceptionDispatchThroughFrameInfo
thunk_ForwardStructuredExceptionDispatchThroughFrameInfo_At0063bab6|ForwardStructuredExceptionDispatchThroughFrameInfo
thunk_ForwardStructuredExceptionDispatchThroughFrameInfo_At0063bae1|ForwardStructuredExceptionDispatchThroughFrameInfo
thunk_ForwardStructuredExceptionDispatchThroughFrameInfo_At0063baf5|ForwardStructuredExceptionDispatchThroughFrameInfo
thunk_ForwardStructuredExceptionDispatchThroughFrameInfo_At0063bb0b|ForwardStructuredExceptionDispatchThroughFrameInfo
thunk_ForwardStructuredExceptionDispatchThroughFrameInfo_At0063bb1d|ForwardStructuredExceptionDispatchThroughFrameInfo
thunk_ForwardStructuredExceptionDispatchThroughFrameInfo_At0063bb31|ForwardStructuredExceptionDispatchThroughFrameInfo
thunk_ForwardStructuredExceptionDispatchThroughFrameInfo_At0063bb45|ForwardStructuredExceptionDispatchThroughFrameInfo
thunk_ForwardStructuredExceptionDispatchThroughFrameInfo_At0063bb64|ForwardStructuredExceptionDispatchThroughFrameInfo
thunk_ForwardStructuredExceptionDispatchThroughFrameInfo_At0063bb71|ForwardStructuredExceptionDispatchThroughFrameInfo
thunk_ForwardStructuredExceptionDispatchThroughFrameInfo_At0063bb85|ForwardStructuredExceptionDispatchThroughFrameInfo
thunk_ForwardStructuredExceptionDispatchThroughFrameInfo_At0063bb99|ForwardStructuredExceptionDispatchThroughFrameInfo
thunk_ForwardStructuredExceptionDispatchThroughFrameInfo_At0063bbcd|ForwardStructuredExceptionDispatchThroughFrameInfo
thunk_ForwardStructuredExceptionDispatchThroughFrameInfo_At0063bc29|ForwardStructuredExceptionDispatchThroughFrameInfo
thunk_ForwardStructuredExceptionDispatchThroughFrameInfo_At0063bc3d|ForwardStructuredExceptionDispatchThroughFrameInfo
thunk_ForwardStructuredExceptionDispatchThroughFrameInfo_At0063bc7f|ForwardStructuredExceptionDispatchThroughFrameInfo
thunk_ForwardStructuredExceptionDispatchThroughFrameInfo_At0063bc99|ForwardStructuredExceptionDispatchThroughFrameInfo
thunk_ForwardStructuredExceptionDispatchThroughFrameInfo_At0063bd25|ForwardStructuredExceptionDispatchThroughFrameInfo
thunk_ForwardStructuredExceptionDispatchThroughFrameInfo_At0063bd39|ForwardStructuredExceptionDispatchThroughFrameInfo
thunk_ForwardStructuredExceptionDispatchThroughFrameInfo_At0063bd4d|ForwardStructuredExceptionDispatchThroughFrameInfo
thunk_ForwardStructuredExceptionDispatchThroughFrameInfo_At0063bd6c|ForwardStructuredExceptionDispatchThroughFrameInfo
thunk_ForwardStructuredExceptionDispatchThroughFrameInfo_At0063bd9e|ForwardStructuredExceptionDispatchThroughFrameInfo
thunk_ForwardStructuredExceptionDispatchThroughFrameInfo_At0063bdbc|ForwardStructuredExceptionDispatchThroughFrameInfo
thunk_ForwardStructuredExceptionDispatchThroughFrameInfo_At0063bdd1|ForwardStructuredExceptionDispatchThroughFrameInfo
thunk_ForwardStructuredExceptionDispatchThroughFrameInfo_At0063bde5|ForwardStructuredExceptionDispatchThroughFrameInfo
thunk_ForwardStructuredExceptionDispatchThroughFrameInfo_At0063bdf9|ForwardStructuredExceptionDispatchThroughFrameInfo
thunk_ForwardStructuredExceptionDispatchThroughFrameInfo_At0063be0d|ForwardStructuredExceptionDispatchThroughFrameInfo
thunk_ForwardStructuredExceptionDispatchThroughFrameInfo_At0063be19|ForwardStructuredExceptionDispatchThroughFrameInfo
thunk_ForwardStructuredExceptionDispatchThroughFrameInfo_At0063be25|ForwardStructuredExceptionDispatchThroughFrameInfo
thunk_ForwardStructuredExceptionDispatchThroughFrameInfo_At0063be31|ForwardStructuredExceptionDispatchThroughFrameInfo
thunk_ForwardStructuredExceptionDispatchThroughFrameInfo_At0063be4d|ForwardStructuredExceptionDispatchThroughFrameInfo
thunk_ForwardStructuredExceptionDispatchThroughFrameInfo_At0063be75|ForwardStructuredExceptionDispatchThroughFrameInfo
thunk_ForwardStructuredExceptionDispatchThroughFrameInfo_At0063be89|ForwardStructuredExceptionDispatchThroughFrameInfo
thunk_ForwardStructuredExceptionDispatchThroughFrameInfo_At0063beb0|ForwardStructuredExceptionDispatchThroughFrameInfo
thunk_ForwardStructuredExceptionDispatchThroughFrameInfo_At0063bed8|ForwardStructuredExceptionDispatchThroughFrameInfo
thunk_ForwardStructuredExceptionDispatchThroughFrameInfo_At0063bf00|ForwardStructuredExceptionDispatchThroughFrameInfo
thunk_ForwardStructuredExceptionDispatchThroughFrameInfo_At0063bf15|ForwardStructuredExceptionDispatchThroughFrameInfo
thunk_ForwardStructuredExceptionDispatchThroughFrameInfo_At0063bf34|ForwardStructuredExceptionDispatchThroughFrameInfo
thunk_ForwardStructuredExceptionDispatchThroughFrameInfo_At0063bf49|ForwardStructuredExceptionDispatchThroughFrameInfo
thunk_ForwardStructuredExceptionDispatchThroughFrameInfo_At0063bf5e|ForwardStructuredExceptionDispatchThroughFrameInfo
thunk_ForwardStructuredExceptionDispatchThroughFrameInfo_At0063bf71|ForwardStructuredExceptionDispatchThroughFrameInfo
thunk_GenerateMappedFlavorTextByNationSlotField0C|TAdmiral::GenerateMappedFlavorTextByNationSlotField0C
thunk_GenerateMappedFlavorTextByTableSlot|GenerateMappedFlavorTextByTableSlot
thunk_GetActiveMapOrderEntry|GetActiveMapOrderEntry
thunk_GetActiveQuickDrawSurfaceContextAndFlags|GetActiveQuickDrawSurfaceContextAndFlags
thunk_GetArmoryViewClassName|TArmoryView::GetTEventHandlerClassNamePointer
thunk_GetArmyMissionClassName|TArmyMission::GetTArmyMissionClassNamePointer
thunk_GetBeachheadMissionClassName|TBeachheadMission::GetTBeachheadMissionClassNamePointer
thunk_GetBlockadePortMissionClassName|TBlockadePortMission::GetTBlockadePortMissionClassNamePointer
thunk_GetBuildingExpansionViewClassName|TBuildingExpansionView::GetTEventHandlerClassNamePointer
thunk_GetByteFlagAtOffset8|GetByteFlagAtOffset8
thunk_GetCityBuildingDisplayCapacityBySlot|TCity::GetCityBuildingDisplayCapacityBySlot
thunk_GetCityBuildingProductionValueBySlot|TCity::GetCityBuildingProductionValueBySlot
thunk_GetCityDialogFlagByte4|TMapDialog::GetTEventHandlerClassNamePointer
thunk_GetCityDialogValueDword10|TMapDialog::OrphanTiny_ReturnZero_0048a730
thunk_GetCityDialogValueDwordC|TMapDialog::UpdateControlCachedIntFromWindowText
thunk_GetCityDialogValueViaChildSlot58|TMapDialog::SetForeignMinisterReadyFlag14
thunk_GetCityDialogZeroValue|TSoundPlayer::SetForeignMinisterReadyFlag14
thunk_GetCityIndexFromCityStatePointer|TGreatPower::GetCityIndexFromCityStatePointer
thunk_GetCityInteriorMinisterTypeName|TCityInteriorMinister::GetTMinisterClassNamePointer
thunk_GetCityProductionControllerField60|TMapDialog::'scalar_deleting_destructor'
thunk_GetCityProductionViewTypeName|TCityProductionView::GetTEventHandlerClassNamePointer
thunk_GetCitySiteViewTypeName|TCitySiteView::GetTEventHandlerClassNamePointer
thunk_GetCityTypeName|TCity::GetTCityClassNamePointer
thunk_GetCivUnitOrderTypeName|TCivUnit::GetTUnitClassNamePointer
thunk_GetDefendProvinceMissionClassName|TDefendProvinceMission::GetTDefendProvinceMissionClassNamePointer
thunk_GetEngineerDialogClassName|TEngineerDialog::GetTEventHandlerClassNamePointer
thunk_GetHexDirectionBetweenTiles|GetHexDirectionBetweenTiles
thunk_GetIndustryActionCostWeightByResourceType|GetIndustryActionCostWeightByResourceType
thunk_GetInt32Field30|GetInt32Field30
thunk_GetMapActionContextByTileIndex|GetMapActionContextByTileIndex
thunk_GetMapContextActionCode|GetMapContextActionCode
thunk_GetMapContextActionLabelToken|GetMapContextActionLabelToken
thunk_GetMapContextActionLabelTokenByActionCode|GetMapContextActionLabelTokenByActionCode
thunk_GetMapImprovementTierBucketOffset|TMapMgr::GetMapImprovementTierBucketOffset
thunk_GetMapOrderEntryChildCount|GetMapOrderEntryChildCount
thunk_GetMinActionThresholdFromEntryChildren|GetMinActionThresholdFromEntryChildren
thunk_GetMissionOrderBudgetByMode|GetMissionOrderBudgetByMode
thunk_GetNavyMissionClassName|TNavyMission::GetTNavyMissionClassNamePointer
thunk_GetNavyPrimaryOrderListHead|GetNavyPrimaryOrderListHead
thunk_GetPendingTurnOverlayCode|TDiplomacyMapView::InitializeForeignMinisterStateFlags
thunk_GetRankingTableStringBaseAtOffset28|GetRankingTableStringBaseAtOffset28
thunk_GetResourceDescriptorWeightWord0ByType|GetResourceDescriptorWeightWord0ByType
thunk_GetResourceStreamSize|GetResourceStreamSize
thunk_GetResourceTypeRandomDrawBlockFlag|GetResourceTypeRandomDrawBlockFlag
thunk_GetShortAtOffset14OrInvalid|GetShortAtOffset14OrInvalid
thunk_GetSurfaceObjectAtContextOffset24|GetSurfaceObjectAtContextOffset24
thunk_GetTCivMgrClassNamePointer_At00401816|TCivMgr::GetTCivMgrClassNamePointer
thunk_GetTMacViewMgrMessageMap|GetTMacViewMgrMessageMap
thunk_GetTMinorClassNamePointer_At00406ee7|TMinor::GetTCountryClassNamePointer
thunk_GetThisField10Value|GetThisField10Value
thunk_GetTickCountDiv16|GetTickCountDiv16
thunk_GetTileNormalizedMovementClassId|GetTileNormalizedMovementClassId
thunk_GetTileUnitEntryByOwner|TCivToolbar::GetTileUnitEntryByOwner
thunk_GetTradeSellControlValue|TAmtBarCluster::QueryTradeSellControlQuantity
thunk_GetTurnFlowStateCounter2C_At004021ee|TSimMgr::GetTurnFlowStateCounter2C
thunk_GetTurnViewManagerClassNamePointer|TViewMgr::GetTViewMgrClassNamePointer
thunk_GetUnitMovementClassId|GetUnitMovementClassId
thunk_GetWrappedHexNeighborTileIndexByDirection|GetWrappedHexNeighborTileIndexByDirection
thunk_HandleArmoryViewCloseAndMaybePostCommand23F8|TArmoryView::'scalar_deleting_destructor'
thunk_HandleArmoryViewSelectionAndStepCommand|TArmoryView::OrphanRetStub_0059add0
thunk_HandleCityDialogNoOpA|TSoundPlayer::'scalar_deleting_destructor'
thunk_HandleCityDialogNoOpB|TSoundPlayer::GetTEventHandlerClassNamePointer
thunk_HandleCityDialogNoOpSlot14|TObject::WriteTo
thunk_HandleCityDialogNoOpSlot18|TObject::ReadFrom
thunk_HandleCityDialogToggleCommandOrForward|TMapDialog::ReleaseRuntimeSelectionOwnerAndDestroyObject
thunk_HandleCityProductionNoOp|TSoundPlayer::'scalar_deleting_destructor'
thunk_HandleCivilianReportDecision|TCivToolbar::HandleCivilianReportDecision
thunk_HandleCivilianTileOrderAction|TCivToolbar::HandleCivilianTileOrderAction
thunk_HandleCivilianTileSelectionOrReportClick|TCivToolbar::HandleCivilianTileSelectionOrReportClick
thunk_HandleCommand10AndPostTurnEvent5DC|THighScoresPicture::ReleaseRuntimeSelectionOwnerAndDestroyObject
thunk_HandleCrossUArmyViewsCommandTagDispatch|TArmyUnitView::OrphanRetStub_0059add0
thunk_HandleCrossUArmyViewsNameCommand|HandleCrossUArmyViewsNameCommand
thunk_HandleCursorHoverSelectionByChildHitTestAndFallback|TMapDialog::SetForeignMinisterReadyFlag14
thunk_HandleCustomMessage2420DispatchTurnEvent|HandleCustomMessage2420DispatchTurnEvent
thunk_HandleDoneCommandAndReinitializeGameFlow5E0|TGameScorePicture::ReleaseRuntimeSelectionOwnerAndDestroyObject
thunk_HandleEngineerConstructionAction|TViewMgr::HandleEngineerConstructionAction
thunk_HandleGlobalMapNationContextSelection|TDiplomacyMapView::HandleGlobalMapNationContextSelection
thunk_HandleMapClickByInteractionMode|TCivToolbar::HandleMapClickByInteractionMode
thunk_HandleNetworkPortConstructionOrder|TCountry::HandleNetworkPortConstructionOrder
thunk_HandlePendingEventActivationByCode|HandlePendingEventActivationByCode
thunk_HandlePostDispatchTurnStateEventUpdates|HandlePostDispatchTurnStateEventUpdates
thunk_HandlePostPendingEventActivationNoOp|HandlePostPendingEventActivationNoOp
thunk_HandleScenarioSelectionKeyInput|TScenarioChooser::OrphanTiny_ReturnZero_0048a730
thunk_HandleStartupCommand100|HandleStartupCommand100
thunk_HandleTacticalBattleCommandTag|TacticalBattleView::HandleTacticalBattleCommandTag
thunk_HandleTacticalCommandTag_depl|HandleTacticalCommandTag_depl
thunk_HandleTacticalCommandTag_digg|HandleTacticalCommandTag_digg
thunk_HandleTacticalCommandTag_mine|HandleTacticalCommandTag_mine
thunk_HandleTacticalCommandTag_raly|TArmyStack::HandleTacticalCommandTag_raly
thunk_HandleTacticalCommandTag_retr|HandleTacticalCommandTag_retr
thunk_HandleTacticalCommandTag_skip|HandleTacticalCommandTag_skip
thunk_HandleTacticalCommandTag_targ|TacticalBattleView::HandleTacticalCommandTag_targ
thunk_HandleTradeMoveArrowControlEvent|TShipyardCluster::OrphanRetStub_0059add0
thunk_HandleTradeMovePageStepCommand|TRailCluster::OrphanRetStub_0059add0
thunk_HandleTradeMoveStepCommand|TIndustryCluster::OrphanRetStub_0059add0
thunk_HandleTradeSellControlCommand|TTradeCluster::OrphanRetStub_0059add0
thunk_HandleTurnEvent2103_RunNationStatusReportUpdate|TDiplomacyMapView::HandleTurnEvent2103_RunNationStatusReportUpdate
thunk_HandleTurnEvent2260_RefreshMainHudTitles|TDiplomacyMapView::OrphanLeaf_NoCall_Ins07_004d8920
thunk_HandleTurnEvent5DE_RefreshMainView|TDiplomacyMapView::HandleTurnEvent5DE_RefreshMainView
thunk_HandleTurnEvent7D8_ActivateDiplomacyMapView|TDiplomacyMapView::HandleTurnEvent7D8_ActivateDiplomacyMapView
thunk_HandleTurnEvent7D9Or7DA_UpdateNationResourceAdvisor|TDiplomacyMapView::SetForeignMinisterReadyFlag14
thunk_HandleTurnEvent7DB_SelectCityAndRefreshView|TDiplomacyMapView::HandleTurnEvent7DB_SelectCityAndRefreshView
thunk_HandleTurnEvent7DD_RefreshOrderStatusPanelsAndIcons|TDiplomacyMapView::HandleTurnEvent7DD_RefreshOrderStatusPanelsAndIcons
thunk_HandleTurnEvent7DE_RefreshTradeDiplomacyCityTransportSummary|TDiplomacyMapView::HandleTurnEvent7DE_RefreshTradeDiplomacyCityTransportSummary
thunk_HandleTurnEvent8FC_RebuildPageTabsAndTitles|HandleTurnEvent8FC_RebuildPageTabsAndTitles
thunk_HandleTurnEventDialogFactorySlot70|TDiplomacyMapView::OrphanRetStub_0059add0
thunk_HandleTurnEventDialogFactorySlot74|TDiplomacyMapView::GetTBehaviorClassNamePointer
thunk_HandleTurnEventDialogFactorySlot78|TDiplomacyMapView::EvaluateControlInputGate
thunk_HandleTurnEventDialogFactorySlot7C|TDiplomacyMapView::HasRenderableParentAndContent
thunk_HandleTurnEventDialogFactorySlot80|TDiplomacyMapView::ReleaseRuntimeSelectionOwnerAndDestroyObject
thunk_HandleTurnEventDialogFactorySlotB8|TDiplomacyMapView::OrphanCallChain_C3_I32_0048c6d0
thunk_HandleTurnEventDialogFactorySlotD0|TDiplomacyMapView::InvokeVslotF4WithZeroArgs
thunk_HandleTurnEventDialogFactorySlotD8|TDiplomacyMapView::DetachActiveCityProductionChildIfMatches
thunk_HandleTurnEventDialogFactorySlotE4|TDiplomacyMapView::CtrlSlot38_SwitchActiveChildAndNotify_Impl
thunk_HandleTurnEventDialogFactorySlotE8|TDiplomacyMapView::CtrlSlot39_DispatchSlot9CToLinkedChildren_Impl
thunk_HandleTurnEventDialogFactorySlotEC|TDiplomacyMapView::GetTEventHandlerClassNamePointer
thunk_HandleTurnEventDialogFactorySlotF0|TDiplomacyMapView::DetachActiveCityProductionChildIfMatches
thunk_HandleTurnEventDialogFactorySlotF4|TDiplomacyMapView::SetUiResourceOwner
thunk_HandleTurnEventDialogFactorySlotF8|TDiplomacyMapView::CtrlSlot43_GetWordField4E_Impl
thunk_HandleTurnEventVtableSlot08ConditionalDispatch|TObject::Serialize
thunk_HandleTurnEventVtableSlot24CopyPayloadBuffer|TObject::ShallowFree
thunk_HandleTurnEventVtableSlot2CInitializeHotKeyDialog|TViewMgr::HandleTurnEventVtableSlot2CInitializeHotKeyDialog
thunk_HandleTurnEventVtableSlot40RefreshGoldDialog|TViewMgr::HandleTurnEventVtableSlot40RefreshGoldDialog
thunk_HandleTurnEventVtableSlot60ActivateMainDialog|TDiplomacyMapView::SelectCandidateTilesWithLowGroundUnitCount
thunk_HandleTurnEventVtableSlotA0SyncStatusPanel|TDiplomacyMapView::SetCityDialogValueDword10
thunk_HandleTurnResumeStateTelemetry|HandleTurnResumeStateTelemetry
thunk_HasActiveMapOrderEntryChildren|HasActiveMapOrderEntryChildren
thunk_HasNoMapOrderEntryChildrenQueued|HasNoMapOrderEntryChildrenQueued
thunk_IncrementDialogResourceRefCountByShortIdInRegistry|IncrementDialogResourceRefCountByShortIdInRegistry
thunk_IncrementTurnFlowStateCounter2C_At00402d1a|TSimMgr::IncrementTurnFlowStateCounter2C
thunk_InitializeCityBuildingLayoutData|InitializeCityBuildingLayoutData
thunk_InitializeCityInteriorMinister|InitializeCityInteriorMinister
thunk_InitializeCityModel|TCity::TCity
thunk_InitializeCityProductionDialog|TToolBarCluster::InitializeCityProductionDialog
thunk_InitializeCityProductionState|InitializeCityProductionState
thunk_InitializeCityProductionView|TCityProductionView::InitializeCityProductionView
thunk_InitializeCityRecruitmentOrderContext|TUnitOrder::InitializeCityRecruitmentOrderContext
thunk_InitializeCitySiteView|TMapDialog::InitializeCitySiteView
thunk_InitializeCityViewActionButtons|TacticalBattleView::InitializeCityViewActionButtons
thunk_InitializeCityViewProductionRows|TShipyardView::OrphanRetStub_004c6fd0
thunk_InitializeCivUnitOrderObject|TCivWorkOrderState::TCivWorkOrderState
thunk_InitializeCivWorkOrderState|InitializeCivWorkOrderState
thunk_InitializeDialogTemplate98WithSharedText|InitializeDialogTemplate98WithSharedText
thunk_InitializeDialogTemplateBaseState|InitializeDialogTemplateBaseState
thunk_InitializeDialogTemplateC2WithTextState|InitializeDialogTemplateC2WithTextState
thunk_InitializeDialogTemplateD0WithTextState|InitializeDialogTemplateD0WithTextState
thunk_InitializeDialogTemplateDBWithTextState|InitializeDialogTemplateDBWithTextState
thunk_InitializeDialogTemplateDCBaseState|InitializeDialogTemplateDCBaseState
thunk_InitializeDialogTemplateDDPictureState|InitializeDialogTemplateDDPictureState
thunk_InitializeDialogTemplateDEWithTextState|InitializeDialogTemplateDEWithTextState
thunk_InitializeDialogTemplateDFBaseState|InitializeDialogTemplateDFBaseState
thunk_InitializeDialogTemplateE0|InitializeDialogTemplateE0
thunk_InitializeDialogTemplateFBWithDualTextState|InitializeDialogTemplateFBWithDualTextState
thunk_InitializeDiplomacyTurnStateManagerDefaults|TSortedByRelationshipList::InitializeDiplomacyTurnStateManagerDefaults
thunk_InitializeDirectSoundDeviceAndChannels|InitializeDirectSoundDeviceAndChannels
thunk_InitializeDirectSoundDeviceAndChannels_004061D1|InitializeDirectSoundDeviceAndChannels
thunk_InitializeGlobalRuntimeSystemsFromConfig|InitializeGlobalRuntimeSystemsFromConfig
thunk_InitializeHotKeyDialogTemplateA1WithTripleTextState|InitializeHotKeyDialogTemplateA1WithTripleTextState
thunk_InitializeLocaleDecimalSeparatorFromRuntimeLocale|InitializeLocaleDecimalSeparatorFromRuntimeLocale
thunk_InitializeMapContextActionManager|TArmyStackList::InitializeMapContextActionManager
thunk_InitializeNationStateIdentityAndOwnedRegionList|InitializeNationStateIdentityAndOwnedRegionList
thunk_InitializeOrderStateUiResourceTreeAndControlEntries|InitializeOrderStateUiResourceTreeAndControlEntries
thunk_InitializeRuntimeClassVtablePointer_0066FEC4_VariantA|InitializeRuntimeClassVtablePointer_0066FEC4_VariantA
thunk_InitializeRuntimeClassVtablePointer_0066FEC4_VariantB|InitializeRuntimeClassVtablePointer_0066FEC4_VariantB
thunk_InitializeRuntimeClassVtablePointer_0066FEC4_VariantC|InitializeRuntimeClassVtablePointer_0066FEC4_VariantC
thunk_InitializeRuntimeClassVtablePointer_0066FEC4_VariantD|InitializeRuntimeClassVtablePointer_0066FEC4_VariantD
thunk_InitializeStrategicMapTileIconStateCache|TMapEditView::OrphanLeaf_NoCall_Ins07_004d8920
thunk_InitializeTForeignMinisterStateAndCounters|InitializeTForeignMinisterStateAndCounters
thunk_InitializeTMinisterBaseOrderArray|TIndexAndRankList::InitializeTMinisterBaseOrderArray
thunk_InitializeTMinisterBaseOrderArrayMetrics|InitializeTMinisterBaseOrderArrayMetrics
thunk_InitializeTradeMoveAndBarControls|TAmtBarCluster::OrphanLeaf_NoCall_Ins07_004d8920
thunk_InitializeTradeSellControlState|TTradeCluster::OrphanLeaf_NoCall_Ins07_004d8920
thunk_InitializeTurnOrderNavigationDialogByViewportSize|TToolBarCluster::InitializeTurnOrderNavigationDialogByViewportSize
thunk_InitializeUiResourceEntryBaseHeaderDefaults|TEventHandler::InitializeUiResourceEntryBaseHeaderDefaults
thunk_InitializeUiResourceEntryFrameAndParent|InitializeUiResourceEntryFrameAndParent
thunk_InitializeUiTextStyleDescriptor|InitializeUiTextStyleDescriptor
thunk_InitializeUiWindowTraversalState|InitializeUiWindowTraversalState
thunk_InvalidateCityDialogRectRegion|InvalidateCityDialogRectRegion
thunk_InvalidateMapRegionForOrderEntry|InvalidateMapRegionForOrderEntry
thunk_InvalidateTacticalHexTileRect|InvalidateTacticalHexTileRect
thunk_InvokeMainWidgetMethod1CCWithArgs|TDiplomacyMapView::'scalar_deleting_destructor'
thunk_InvokeObjectVtableMethod24|TObject::ShallowClone
thunk_InvokeStrategicMapViewMethod60|TDiplomacyMapView::InvokeStrategicMapViewMethod60
thunk_InvokeStrategicMapViewMethod68|TDiplomacyMapView::InvokeStrategicMapViewMethod68
thunk_InvokeStrategicMapViewMethod6C|TDiplomacyMapView::InvokeStrategicMapViewMethod6C
thunk_InvokeStrategicMapViewMethod70|TDiplomacyMapView::InvokeStrategicMapViewMethod70
thunk_InvokeStrategicMapViewMethod74|TDiplomacyMapView::InvokeStrategicMapViewMethod74
thunk_IsCivilianOrderInIdleSelectionState|IsCivilianOrderInIdleSelectionState
thunk_IsCurrentActiveCityProductionView|TSoundPlayer::GetTEventHandlerClassNamePointer
thunk_IsHexNeighborTileIndex|IsHexNeighborTileIndex
thunk_IsNationSlotEligibleForEventProcessing|IsNationSlotEligibleForEventProcessing
thunk_IsOrderEntryTransportLinkedAndEnabled|IsOrderEntryTransportLinkedAndEnabled
thunk_IsTacticalControllerOwnedByActiveNation|IsTacticalControllerOwnedByActiveNation
thunk_IsTacticalTargetTileReachableForAction|IsTacticalTargetTileReachableForAction
thunk_IsTradeSellControlAtMinimum|TTradeCluster::OrphanVtableAssignStub_005714e0
thunk_IsTurnCooldownCounterActiveOrResetFlag|IsTurnCooldownCounterActiveOrResetFlag
thunk_IsUiWindowTraversalEntryValid|IsUiWindowTraversalEntryValid
thunk_LoadAndByteSwapRankingTableResource|LoadAndByteSwapRankingTableResource
thunk_LoadBmpResourceByIdCached|LoadBmpResourceByIdCached
thunk_LoadFirstUiWindowTraversalEntry|LoadFirstUiWindowTraversalEntry
thunk_LoadLanguageResourcesFromIrgFiles|LoadLanguageResourcesFromIrgFiles
thunk_LoadNextUiWindowTraversalEntry|LoadNextUiWindowTraversalEntry
thunk_LoadTableResourceStreamByName|LoadTableResourceStreamByName
thunk_LoadTurnEventCursorTable|TViewMgr::LoadTurnEventCursorTable
thunk_LoadUiStringByCodeGroupAndOffset_At00407c1b|TSimMgr::LoadUiStringByCodeGroupAndOffset
thunk_LoadUiStringResourceByGroupAndIndex|LoadUiStringResourceByGroupAndIndex
thunk_LogUnhandledDialogMethodAndReturnFalse|TradeControl::LogUnhandledDialogMethodAndReturnFalse
thunk_LookupOrderCompatibilityMatrixValue|TControl::LookupOrderCompatibilityMatrixValue
thunk_MapUiThemeCodeToStyleFlags|MapUiThemeCodeToStyleFlags
thunk_MeasureTextExtentWithCachedQuickDrawStyle|MeasureTextExtentWithCachedQuickDrawStyle
thunk_MoveMapOrderEntryToQueueHeadIfValid|MoveMapOrderEntryToQueueHeadIfValid
thunk_MoveTacticalUnitBetweenTiles|MoveTacticalUnitBetweenTiles
thunk_MoveTacticalUnitTowardTile|MoveTacticalUnitTowardTile
thunk_NoOpCityProductionDialogMethod|TControl::NoOpUiViewSlotHandler
thunk_NoOpCityProductionDialogPictureHook|TCouncilView::OrphanRetStub_00487a00
thunk_NoOpDiplomacyPolicyStateChangedHook|NoOpDiplomacyPolicyStateChangedHook
thunk_NoOpPaddingStub_00604c3c|NoOpPaddingStub_00604c3c
thunk_NoOpPaddingStub_00604c3c_00604C32|NoOpPaddingStub_00604c3c
thunk_NoOpQuickDrawLifecycleHookB|NoOpQuickDrawLifecycleHookB
thunk_NoOpRuntimeCallback_005e717b|NoOpRuntimeCallback_005e717b
thunk_NoOpTurnEventStateVtableSlot0C|CObject::AssertValid
thunk_NoOpTurnEventStateVtableSlot10|CObject::Dump
thunk_NoOpTurnEventStateVtableSlotD4|TDiplomacyMapView::IsCurrentActiveCityProductionView
thunk_NoOpTurnEventStateVtableSlotFC|TDiplomacyMapView::GetTEventHandlerClassNamePointer
thunk_NoOpTurnOrderNavigationVtableSlotA|TGameWindow::NoOpTurnOrderNavigationVtableSlotA
thunk_NoOpTurnOrderNavigationVtableSlotB|TGameWindow::NoOpTurnOrderNavigationVtableSlotB
thunk_NoOpUiLifecycleHook|TMapDialog::OrphanLeaf_NoCall_Ins07_004d8920
thunk_NoOpVirtualStub_00613e44|NoOpVirtualStub_00613e44
thunk_NoOpVirtualStub_00618753|NoOpVirtualStub_00618753
thunk_NoOpVirtualStub_00619cca|NoOpVirtualStub_00619cca
thunk_NormalizeWrappedMapCoord108x60|NormalizeWrappedMapCoord108x60
thunk_NumericEntryMethod_00401e6f|TEditText::'scalar_deleting_destructor'
thunk_NumericEntryMethod_00402a9a|TEditText::GetTBehaviorClassNamePointer
thunk_NumericEntryMethod_0040465b|TEditText::OrphanRetStub_0059add0
thunk_NumericEntryMethod_00406d0c|TNumberText::GetTEventHandlerClassNamePointer
thunk_NumericEntryMethod_00407a7c|TNumberText::OrphanCallChain_C11_I88_004874b0
thunk_NumericEntryMethod_00407cca|TEditText::'scalar_deleting_destructor'
thunk_NumericEntryMethod_00409a39|TNumberText::'scalar_deleting_destructor'
thunk_OpenCityViewBuildingOrderDialog|TBuildingConstructionView::OpenCityViewBuildingOrderDialog
thunk_OpenCityViewProductionDialog|TControl::OpenCityViewProductionDialog
thunk_OpenMapContextActionDialogByType|OpenMapContextActionDialogByType
thunk_OpenMapEntryOrderDialog|TToolBarCluster::OpenMapEntryOrderDialog
thunk_OpenSuperArmyRosterPageAndActivateProvinceSelection|TSuperArmyRoster::OpenSuperArmyRosterPageAndActivateProvinceSelection
thunk_OrphanTail_FreeFourSavedPointersAndReturnTrue|OrphanTail_FreeFourSavedPointersAndReturnTrue
thunk_PopUiResourcePoolNode|PopUiResourcePoolNode_00479A80
thunk_PostMainWindowCommand100ForTurnFlow_At004053d5|TSimMgr::PostMainWindowCommand100ForTurnFlow
thunk_PostTurnEvent5DCOrResetLocalUiState|TSetupRandomMapPicture::PostTurnEvent5DCOrResetLocalUiState
thunk_PostTurnEvent5DCOrResetScenarioSelectionState|TScenarioChooser::PostTurnEvent5DCOrResetScenarioSelectionState
thunk_PostTurnEventCodeMessage2420|PostTurnEventCodeMessage2420
thunk_PrepareMapOrdersForExecutionPhase|TSimMgr::PrepareMapOrdersForExecutionPhase
thunk_ProcessQueuedWarTransitions|TNextDiplomationCommand::ProcessQueuedWarTransitions
thunk_ProcessTacticalUnitState1TurnStep|ProcessTacticalUnitState1TurnStep
thunk_ProcessTurnInstructionStreamAndFinalizePhase|ProcessTurnInstructionStreamAndFinalizePhase
thunk_ProjectTileIndexToWrappedScreenOffsetByScale|TMapDialog::ProjectTileIndexToWrappedScreenOffsetByScale
thunk_PromptAndQueueEngineerRailOrder|TCivToolbar::PromptAndQueueDeveloperTilePurchaseOrder
thunk_PropagateUiResourceContextRecursive|PropagateUiResourceContextRecursive
thunk_PruneDefeatedMapOrderChildrenAndReturnHead|PruneDefeatedMapOrderChildrenAndReturnHead
thunk_PumpUiMessagesAndBackgroundTasks|PumpUiMessagesAndBackgroundTasks
thunk_PushCueToDualAudioCuePools|PushCueToDualAudioCuePools
thunk_PushUiResourcePoolNode|PushUiResourcePoolNode
thunk_QueueCityOrderInputDeltaCommands|TCityTask::DeserializeCityProductionQueueCommand
thunk_QueueCityOrderType10CommandIfReady|TCityTask::QueueCityOrderType10CommandIfReady
thunk_QueueCityProductionOrderCommand|TCityTask::OrphanRetStub_0059add0
thunk_QueueCityRecruitmentSupportCommandsIfDeficit|TCityTask::QueueCityRecruitmentSupportCommandsIfDeficit
thunk_QueueCivilianWorkOrderWithCostCheck|TMapMgr::QueueCivilianWorkOrderWithCostCheck
thunk_QueueDeferredUiEventPacket|QueueDeferredUiEventPacket
thunk_QueueDepotConstructionOrder|TToolBarCluster::QueueDepotConstructionOrder
thunk_QueueImmediateCivilianCommandAndCycleSelection|TCivToolbar::QueueImmediateCivilianCommandAndCycleSelection
thunk_QueueInterNationEventRecordDeduped|TInterNationEventQueueManager::QueueInterNationEventRecordDeduped
thunk_QueueInterNationEventType0FWithBitmaskMerge|TInterNationEventQueueManager::QueueInterNationEventType0FWithBitmaskMerge
thunk_QueueMissionOrdersByPriorityForContext|TScatteredShipsMission::QueueMissionOrdersByPriorityForContext
thunk_QueueNationPairWarTransition|QueueNationPairWarTransition
thunk_QueuePortConstructionOrder|TMapMgr::QueuePortConstructionOrder
thunk_QueueTacticalEventPacket232A|TNextMoveCommand::QueueTacticalEventPacket232A
thunk_ReadResourceStreamIntoBufferAndAdvance|ReadResourceStreamIntoBufferAndAdvance
thunk_ReadScenarioIndexFromSaveHeader|ReadScenarioIndexFromSaveHeader
thunk_RebuildMapContextAndGlobalMapState|RebuildMapContextAndGlobalMapState
thunk_RebuildMapOrderEntryChildren|RebuildMapOrderEntryChildren
thunk_RebuildMinorNationDispositionLookupTables|RebuildMinorNationDispositionLookupTables
thunk_RebuildNationRankingDataAndUiCache|RebuildNationRankingDataAndUiCache
thunk_RebuildNationStateSlotsAndAvailability|RebuildNationStateSlotsAndAvailability
thunk_RecomputeMapOrderChildAggregateMetric|RecomputeMapOrderChildAggregateMetric
thunk_RefreshCityDialogSummaryValues|TCityProductionView::RefreshCityDialogSummaryValues
thunk_RefreshCityProductionViewStateFromContext|TSoundPlayer::OrphanTiny_ReturnZero_0048a730
thunk_RefreshCityViewActionAvailability|TIndustryView::OrphanRetStub_004c6fb0
thunk_RefreshCityViewStatusPanel|TShipyardView::RefreshCityViewStatusPanel
thunk_RefreshCivilianCommandPanelForSelection|TCivToolbar::RefreshCivilianCommandPanelForSelection
thunk_RefreshMainViewNationIndicatorForCurrentTurnEvent|TViewMgr::RefreshMainViewNationIndicatorForCurrentTurnEvent
thunk_RefreshMapOrderBattleSideSnapshot|RefreshMapOrderBattleSideSnapshot
thunk_RefreshMapOrderEntryPanel|TToolBarCluster::RefreshMapOrderEntryPanel
thunk_RefreshNationAdvisorLabelStrings|RefreshNationAdvisorLabelStrings
thunk_RefreshNationCivilianWorkOrdersForTurn|RefreshNationCivilianWorkOrdersForTurn
thunk_RefreshNavyOrderCycleAndClearReadyFlags|RefreshNavyOrderCycleAndClearReadyFlags
thunk_RefreshTradeMoveBarAndTurnControl|TShipyardCluster::OrphanRetStub_00586ff0
thunk_RefreshUniversityAdvancedRecruitmentDialog|TArmoryView::OrphanRetStub_004c6fd0
thunk_RefreshUniversityAdvancedStatus|TEngineerDialog::'scalar_deleting_destructor'
thunk_RefreshUniversityRecruitmentDialog|TUniversityView::OrphanRetStub_004c6fd0
thunk_RefreshUniversityRecruitmentRequirements|TUniversityView::OrphanRetStub_004c6fb0
thunk_RefreshUniversitySpecialistAvailability|TArmoryView::OrphanRetStub_004c6fb0
thunk_RegisterCommctrlDragListMessage|RegisterCommctrlDragListMessage
thunk_RegisterCommdlgColorOkMessage|RegisterCommdlgColorOkMessage
thunk_RegisterCommdlgFileNameOkMessage|RegisterCommdlgFileNameOkMessage
thunk_RegisterCommdlgHelpMessage|RegisterCommdlgHelpMessage
thunk_RegisterCommdlgLbSelChangedNotifyMessage|RegisterCommdlgLbSelChangedNotifyMessage
thunk_RegisterCommdlgSetRgbColorMessage|RegisterCommdlgSetRgbColorMessage
thunk_RegisterCommdlgShareViolationMessage|RegisterCommdlgShareViolationMessage
thunk_RegisterMouseWheelRollMessageForLegacyWindows|RegisterMouseWheelRollMessageForLegacyWindows
thunk_RegisterUiResourceEntry|RegisterUiResourceEntry
thunk_RegisterUnitOrderWithOwnerManager|TUnitOrderState::RegisterUnitOrderWithOwnerManager
thunk_ReinitializeGameFlowAndPostTurnEventCode|ReinitializeGameFlowAndPostTurnEventCode
thunk_ReinitializeGameFlowWithoutPostingTurnEvent|TNewGameCommand::OrphanRetStub_00487a00
thunk_RelaxMapTileCostFieldByNeighborTerrain|RelaxMapTileCostFieldByNeighborTerrain
thunk_ReleaseHashIndexedRecordByHandle|ReleaseHashIndexedRecordByHandle
thunk_ReleaseResourceStreamIfNotNull|ReleaseResourceStreamIfNotNull
thunk_ReleaseSharedStringRefIfNotEmpty|CString::~CString
thunk_ReleaseTurnEventDialogIfPresent|TViewMgr::ReleaseTurnEventDialogIfPresent
thunk_RelinkCivilianOrderTileAndInvalidateMapTiles|TCivMgr::RelinkCivilianOrderTileAndInvalidateMapTiles
thunk_RelinkMapOrderQueueNodeBetween|TCivToolbar::RelinkMapOrderQueueNodeBetween
thunk_RemoveDuplicateNavySecondaryOrdersByDisplayName|RemoveDuplicateNavySecondaryOrdersByDisplayName
thunk_RemoveNationSlotAndNotifyPeers|RemoveNationSlotAndNotifyPeers
thunk_RemoveOrdersByNationFromPrimarySecondaryAndTaskForceLists|RemoveOrdersByNationFromPrimarySecondaryAndTaskForceLists
thunk_RemovePortZoneByTile|RemovePortZoneByTile
thunk_RenderHintHelperWithCtrlModifierOverlay|TPicture::OrphanTiny_ReturnZero_0048a730
thunk_RenderStrategicMapTileCell|TCivDescription::RenderStrategicMapTileCell
thunk_RenderTerrainAndMinorNationLegendLabels|RenderTerrainAndMinorNationLegendLabels
thunk_RenderUniversityRecruitmentRequirementGrid|TUniversityView::OrphanTiny_ReturnZero_0048a730
thunk_RequeueMapOrderEntry|RequeueMapOrderEntry
thunk_ResetCivWorkOrderAndRefreshCounters|TCivUnit::ResetCivWorkOrderAndRefreshCounters
thunk_ResetDualAudioCuePools|ResetDualAudioCuePools
thunk_ResetLocalUiStateAndPostTurnEvent5E5|ResetLocalUiStateAndPostTurnEvent5E5
thunk_ResetMouseWheelTrackingGlobals|ResetMouseWheelTrackingGlobals
thunk_ResetPictureResourceEntry|TTwoPicSlider::ResetPictureResourceEntry
thunk_ResetUiInputCaptureState|TSoundPlayer::'scalar_deleting_destructor'
thunk_ResolveCivilianTileOrderActionCode|TCivToolbar::ResolveCivilianTileOrderActionCode
thunk_ResolveCivilianTileSelectionOrReportActionCode|ResolveCivilianTileSelectionOrReportActionCode
thunk_ResolveCivilianWorkOrderCostClass|TMapMgr::GetTileCivilianWorkOrderCostClassNibble
thunk_ResolveMapOrderChainsForTurnPhase|TSimMgr::ResolveMapOrderChainsForTurnPhase
thunk_ResolveMapOrderCommandFromActionContext|ResolveMapOrderCommandFromActionContext
thunk_ResolveMapOrderPairConflictStep|ResolveMapOrderPairConflictStep
thunk_ResolveOrderCommandFromProvinceContext|ResolveMapOrderCommandFromProvinceContext
thunk_ResolveTacticalReactionChecksForTile|ResolveTacticalReactionChecksForTile
thunk_ReturnConstantTrueQuickDrawFlag|ReturnConstantTrueQuickDrawFlag
thunk_ReturnOneStub_006145f5|ReturnOneStub_006145f5
thunk_ReturnTrueStub|ReturnTrueStub
thunk_RevalidateAndRequeueMapOrdersForTurn|RevalidateAndRequeueMapOrdersForTurn
thunk_RunControlStringProviderAndDispatchLocalizedMessage|TViewMgr::RunControlStringProviderAndDispatchLocalizedMessage
thunk_SaveGameWithModeAndOptionalLabel|SaveGameWithModeAndOptionalLabel
thunk_SelectAndScheduleRandomAudioCue|SelectAndScheduleRandomAudioCue
thunk_SelectBestSeedTileForNationFromCostField|SelectBestSeedTileForNationFromCostField
thunk_SelectFirstAvailableCivilianForNation|TCivToolbar::SelectFirstAvailableCivilianForNation
thunk_SelectNextTacticalUnitForDoneCommand|SelectNextTacticalUnitForDoneCommand
thunk_SelectUniversityAdvancedEntry|TControl::RefreshCityViewProductionDetails
thunk_SelectUniversityRecruitmentEntry|TToolBarCluster::SelectUniversityRecruitmentEntry
thunk_SendMciCommand804IfDeviceOpenAndClearHandle|SendMciCommand804IfDeviceOpenAndClearHandle
thunk_SerializeCityProductionQueueCommand|TCityTask::SerializeCityProductionQueueCommand
thunk_SerializeTurnEventDispatchState|TViewMgr::SerializeTurnEventDispatchState
thunk_SetActiveCivilianSelection|TCivToolbar::SetActiveCivilianSelection
thunk_SetActiveMapOrderEntry|TToolBarCluster::SetActiveMapOrderEntry
thunk_SetActiveQuickDrawSurfaceContext|SetActiveQuickDrawSurfaceContext
thunk_SetCityDialogFlagByte4|TMapDialog::ReleaseRuntimeSelectionOwnerAndDestroyObject
thunk_SetCityDialogValueDword10|TMapDialog::'scalar_deleting_destructor'
thunk_SetCityProductionDialogPictureRectAndMaybeRefresh|TControl::SetCityProductionDialogPictureRectAndMaybeRefresh
thunk_SetCivWorkOrderTypeTargetTileAndDuration|TCivUnit::SetUnitOrderTypeAndOwnerIndex
thunk_SetControlPictureEntryAndMaybeRefresh|TControl::SetControlPictureEntryAndMaybeRefresh
thunk_SetControlStateFlagAndMaybeRefresh|TControl::SetControlStateFlagAndMaybeRefresh
thunk_SetCurrentTacticalUnitSelection|SetCurrentTacticalUnitSelection
thunk_SetCursorRangeAndRefreshMainPanel|TDiplomacyMapView::'scalar_deleting_destructor'
thunk_SetEventPayloadNationIdFromSlotIndex|SetEventPayloadNationIdFromSlotIndex
thunk_SetGlobalBlitTransparentColorRaw|SetGlobalBlitTransparentColorRaw
thunk_SetGlobalDword6A2018|SetGlobalDword6A2018
thunk_SetGlobalQuickDrawOrigin|SetGlobalQuickDrawOrigin
thunk_SetGlobalRegionDevelopmentStageByte|TGlobalMapState::SetRegionDevelopmentStageByte
thunk_SetGlobalUiInvalidationFlagAndReturnPrevious|SetGlobalUiInvalidationFlagAndReturnPrevious
thunk_SetMapInteractionMode|TToolBarCluster::SetMapInteractionMode
thunk_SetMapOrderActiveChildEntry|TScatteredShipsMission::SetMapOrderActiveChildEntry
thunk_SetMapOrderType3Or4AndQueue|SetMapOrderType3Or4AndQueue
thunk_SetMapOrderType5AndQueue|SetMapOrderType5AndQueue
thunk_SetMapOrderType6AndQueue|TControlSeaZoneMission::SetMapOrderType6AndQueue
thunk_SetMapOrderType9AndQueue|SetMapOrderType9AndQueue
thunk_SetMapTileIconVariantTriplet|TDisplayMgr::SetMapTileIconVariantTriplet
thunk_SetNumericEntryCheckedState|TEditText::OrphanRetStub_0059ad90
thunk_SetPictureResourceIdAndRefresh|TPicture::SetPictureResourceIdAndRefresh
thunk_SetPictureResourceIdWithHandleReset|TColorKeyPicture::SetPictureResourceIdAndRefresh
thunk_SetQuickDrawStylePair_1D08_1D0C_AndMarkDirty|SetQuickDrawStylePair_1D08_1D0C_AndMarkDirty
thunk_SetQuickDrawTextOriginWithContextOffset|SetQuickDrawTextOriginWithContextOffset
thunk_SetSelectedTextOptionByTag|SetSelectedTextOptionByTag
thunk_SetTaskForcePrimaryOrderLinkAndRefreshChildBacklinks|SetTaskForcePrimaryOrderLinkAndRefreshChildBacklinks
thunk_SetTileTransportFlags|TCountry::SetTileTransportFlags
thunk_SetTimeEmitPacketGameFlowTurnId|SetTimeEmitPacketGameFlowTurnId
thunk_SetUiColorDescriptorGoldTriplet|SetUiColorDescriptorGoldTriplet
thunk_SetUiResourceContextFlagsAndMetrics|SetUiResourceContextFlagsAndMetrics
thunk_SetUiResourceContextStringCode|SetUiResourceContextStringCode
thunk_SetUiResourceContextTagWord|SetUiResourceContextTagWord
thunk_SetUiResourceLayoutValues|SetUiResourceLayoutValues
thunk_SetUiResourceStateFlags|SetUiResourceStateFlags
thunk_SetUiRuntimeContextAndActivateMain|SetUiRuntimeContextAndActivateMain
thunk_SetUnitOrderTypeAndOwnerIndex|TUnit::SetUnitOrderTypeAndOwnerIndex
thunk_SetUniversityDialogLocalizedTextAndRefresh|TBuildingView::SetUniversityDialogLocalizedTextAndRefresh
thunk_SetUniversityDialogTextAndRefresh|TToolBarCluster::SetUniversityDialogTextAndRefresh
thunk_ShouldAttemptMapOrderPairResolution|ShouldAttemptMapOrderPairResolution
thunk_ShowCivilianLedgerDialogAndSelectUnit|TSuperCivRoster::ShowCivilianLedgerDialogAndSelectUnit
thunk_ShowCivilianReportDialogAndReturnConfirm|TCivToolbar::ShowCivilianReportDialogAndReturnConfirm
thunk_ShowDialogTemplateE0ModalAndReleaseCapture|ShowDialogTemplateE0ModalAndReleaseCapture
thunk_ShowDisbandCivilianConfirmationDialog|TCivToolbar::ShowDisbandCivilianConfirmationDialog
thunk_ShowLocalizedUiPromptByGroupAndIndex|ShowLocalizedUiPromptByGroupAndIndex
thunk_ShowPeriodicCapabilityReminderIfNeeded|ShowPeriodicCapabilityReminderIfNeeded
thunk_ShowPeriodicNationComparisonAdvisoryIfNeeded|ShowPeriodicNationComparisonAdvisoryIfNeeded
thunk_ShowSavedStatusDialogAndReturnAccepted|ShowSavedStatusDialogAndReturnAccepted
thunk_ShowTurnAlertsForActiveNation|ShowTurnAlertsForActiveNation
thunk_SpawnTacticalUiMarkerAtUnitTile|TAnimation::SpawnTacticalUiMarkerAtUnitTile
thunk_SplitTileIndexToRowAndColumn|TMapDialog::SplitTileIndexToRowAndColumn
thunk_StepHexRowColByDirectionWithWrapRules|StepHexRowColByDirectionWithWrapRules
thunk_StepHexTileIndexByDirectionWithWrapRules|StepHexTileIndexByDirectionWithWrapRules
thunk_SumNavyOrderPriorityForNation|TGreatPower::SumNavyOrderPriorityForNation
thunk_SumNavyOrderPriorityForNationAndNodeType|TGreatPower::SumNavyOrderPriorityForNationAndNodeType
thunk_SumWeightedNeighborLinkScoreForLinkedNodes|TCountry::SumWeightedNeighborLinkScoreForLinkedNodes
thunk_SyncCityEntryOrderStateWithArchive|TUnitOrder::SyncCityEntryOrderStateWithArchive
thunk_SyncNationField790FromLocalizationStateId|SyncNationField790FromLocalizationStateId
thunk_TemporarilyClearAndRestoreUiInvalidationFlag|TemporarilyClearAndRestoreUiInvalidationFlag
thunk_TileHasMovementClassId|TileHasMovementClassId
thunk_ToggleCityPowerPlantUpgradeOrder|TCity::ToggleCityPowerPlantUpgradeOrder
thunk_TriggerTacticalUiUpdate2711|TriggerTacticalUiUpdate2711
thunk_TryGetFileMetadataForPath|TryGetFileMetadataForPath
thunk_TryHandleMapContextAction|TToolBarCluster::TryHandleMapContextAction
thunk_TryMarkLosingMapOrderEntryFromForceBalance|TryMarkLosingMapOrderEntryFromForceBalance
thunk_TryQueueMapOrderFromTileAction|TCivToolbar::TryQueueMapOrderFromTileAction
thunk_TryResolveMapOrderEntryPairExecution|TryResolveMapOrderEntryPairExecution
thunk_TrySaveGameAndMaybeShowFailureDialog|TrySaveGameAndMaybeShowFailureDialog
thunk_UniversityDialogMethod_00405623|TNumberedItem::UniversityDialogMethod_00405623
thunk_UpdateCityViewValueControl|TPurchaseCluster::SetCityViewValueControlAmount
thunk_UpdateCivilianOrderTargetTileCountsForOwnerNation|TCivDescription::UpdateCivilianOrderTargetTileCountsForOwnerNation
thunk_UpdatePaletteIndexFromTurnEventCode|TViewMgr::UpdatePaletteIndexFromTurnEventCode
thunk_UpdatePersistentTopTenNationScores|UpdatePersistentTopTenNationScores
thunk_UpdateTacticalActionControlBitmapForCurrentUnit|UpdateTacticalActionControlBitmapForCurrentUnit
thunk_UpdateTradeMoveControlsFromDrag|TAmtBar::UpdateTradeMoveControlsFromDrag
thunk_UpdateTradeMoveControlsFromScaledDrag|TIndustryAmtBar::UpdateTradeMoveControlsFromScaledDrag
thunk_UpdateTurnEventPaletteByCode|UpdateTurnEventPaletteByCode
thunk_UpdateUiResourceContextMetricWord27|UpdateUiResourceContextMetricWord27
thunk_UpdateUniversityDialogSelectionState|TLineData::ApplyCityViewSelectionPayloadAndRefreshControls
thunk_WrapperFor_AfxDeleteObject_At00626c02|WrapperFor_AfxDeleteObject_At00626c02
thunk_WrapperFor_AfxTermLocalData_At005fa80b_At005fa83a|WrapperFor_AfxTermLocalData_At005fa80b
thunk_WrapperFor_AppendPointerToGlobalVectorAsStatus_At005fa829|WrapperFor_AppendPointerToGlobalVectorAsStatus_At005fa829
thunk_WrapperFor_AppendPointerToGlobalVectorAsStatus_At006076e5|WrapperFor_AppendPointerToGlobalVectorAsStatus_At006076e5
thunk_WrapperFor_AppendPointerToGlobalVectorAsStatus_At00607723|WrapperFor_AppendPointerToGlobalVectorAsStatus_At00607723
thunk_WrapperFor_AppendPointerToGlobalVectorAsStatus_At00607761|WrapperFor_AppendPointerToGlobalVectorAsStatus_At00607761
thunk_WrapperFor_AppendPointerToGlobalVectorAsStatus_At0060779f|WrapperFor_AppendPointerToGlobalVectorAsStatus_At0060779f
thunk_WrapperFor_AppendPointerToGlobalVectorAsStatus_At0061ec03|WrapperFor_AppendPointerToGlobalVectorAsStatus_At0061ec03
thunk_WrapperFor_AppendPointerToGlobalVectorAsStatus_At00622a96|WrapperFor_AppendPointerToGlobalVectorAsStatus_At00622a96
thunk_WrapperFor_AppendPointerToGlobalVectorAsStatus_At006239ca|WrapperFor_AppendPointerToGlobalVectorAsStatus_At006239ca
thunk_WrapperFor_AppendPointerToGlobalVectorAsStatus_At00623a02|WrapperFor_AppendPointerToGlobalVectorAsStatus_At00623a02
thunk_WrapperFor_AppendPointerToGlobalVectorAsStatus_At00623ace|WrapperFor_AppendPointerToGlobalVectorAsStatus_At00623ace
thunk_WrapperFor_AppendPointerToGlobalVectorAsStatus_At00623b06|WrapperFor_AppendPointerToGlobalVectorAsStatus_At00623b06
thunk_WrapperFor_AppendPointerToGlobalVectorAsStatus_At006241bb|WrapperFor_AppendPointerToGlobalVectorAsStatus_At006241bb
thunk_WrapperFor_AppendPointerToGlobalVectorAsStatus_At00624492|WrapperFor_AppendPointerToGlobalVectorAsStatus_At00624492
thunk_WrapperFor_AppendPointerToGlobalVectorAsStatus_At006244b8|WrapperFor_AppendPointerToGlobalVectorAsStatus_At006244b8
thunk_WrapperFor_InvalidateCityDialogRectRegion_At004f6d90|WrapperFor_InvalidateCityDialogRectRegion_At004f6d90
thunk_WrapperFor_thunk_ConstructTMinister_At004be840|TMinister::WrapperFor_thunk_ConstructTMinister_At004be840
thunk_WrapperFor_thunk_InvalidateCityDialogRectRegion_At0048b6d0|TSoundPlayer::'scalar_deleting_destructor'
thunk_ZeroUiResourceContextStyleBytes|ZeroUiResourceContextStyleBytes
thunk_thunk_DispatchVfuncA0ToLinkedChildListSlot44|TSoundPlayer::GetTEventHandlerClassNamePointer
thunk_thunk_PruneInvalidTrackedEntriesAndNotifyOwner|TAutoGreatPower::PruneInvalidTrackedEntriesAndNotifyOwner
thunk_~CProcessLocalObject|CProcessLocalObject::~CProcessLocalObject
~CDialog|CDialog::~CDialog
~CGdiObject|CGdiObject::~CGdiObject
~CString|CString::~CString
~TAutoGreatPower|TAutoGreatPower::~TAutoGreatPower
~TCity|TCity::~TCity
~TCountingStream|TCountingStream::~TCountingStream
~TGreatPower|TGreatPower::~TGreatPower
~THandleStream|THandleStream::~THandleStream
~TSortByPriceList|CObArray::DestructCObArray
~TStaticText|TStaticText::~TStaticText
